/home/x_ryabo/Isca-Ryan/exp/my_socrates_aquaplanet_cloud_presentday_Sun_noO3/socrates_aquaplanet_cloud.py:65: DeprecationWarning: Calling np.sum(generator) is deprecated, and in the future will give a different result. Use np.sum(np.fromiter(generator)) or the python sum builtin instead.
  molar_mass_air = sum((fraction * molecular_weights[gas]) for gas, fraction in atmosphere.items())
2025-03-11 18:39:10,342 - isca - INFO - RRTM compilation disabled.
2025-03-11 18:39:10,426 - isca - INFO - Socrates source code already in correct place. Continuing.
2025-03-11 18:39:10,429 - isca - DEBUG - Making directory '/home/x_ryabo/Isca-Ryan_tmp/experiment/planetb_presentdayEarth_rot0_Sun_noO3'
2025-03-11 18:39:10,514 - isca - WARNING - Tried to remove run directory but it doesnt exist
2025-03-11 18:39:10,637 - isca - INFO - Emptied run directory '/home/x_ryabo/Isca-Ryan_tmp/experiment/planetb_presentdayEarth_rot0_Sun_noO3/run'
2025-03-11 18:39:10,652 - isca - INFO - Writing path_names to '/home/x_ryabo/Isca-Ryan_tmp/codebase/_home_x_ryabo_Isca-Ryan/build/soc_isca/path_names'
2025-03-11 18:39:10,773 - isca - INFO - Running compiler
2025-03-11 18:39:10,783 - isca - INFO - loadmodules for Isca on NSC cluster Tetralith
2025-03-11 18:39:10,784 - isca - INFO - mpiifort
2025-03-11 18:39:11,563 - isca - INFO - The following modules were not unloaded:
2025-03-11 18:39:11,563 - isca - INFO - (Use "module --force purge" to unload all):
2025-03-11 18:39:11,563 - isca - INFO - 1) hpc/.1.10.1
2025-03-11 18:39:11,686 - isca - INFO - ***************************************************
2025-03-11 18:39:11,686 - isca - INFO - You have loaded a buildenv module
2025-03-11 18:39:11,686 - isca - INFO - ***************************************************
2025-03-11 18:39:11,686 - isca - INFO - The buldenv-intel module makes available:
2025-03-11 18:39:11,686 - isca - INFO - - Compilers: icc, ifort, etc.
2025-03-11 18:39:11,686 - isca - INFO - - Mpi library with mpi-wrapped compilers: intel mpi with mpicc, mpifort, etc.
2025-03-11 18:39:11,686 - isca - INFO - - Numerical libraries: intel MKL
2025-03-11 18:39:11,686 - isca - INFO - It also makes a set of dependency library modules available via
2025-03-11 18:39:11,686 - isca - INFO - the regular module command. Just do:
2025-03-11 18:39:11,686 - isca - INFO - module avail
2025-03-11 18:39:11,686 - isca - INFO - to see what is available.
2025-03-11 18:39:11,686 - isca - INFO - NOTE: You shoud never load build environments inside submitted jobs.
2025-03-11 18:39:11,686 - isca - INFO - (with the single exception of when using supercomputer time to compile code.)
2025-03-11 18:39:12,120 - isca - INFO - /home/x_ryabo/Isca-Ryan_tmp/codebase/_home_x_ryabo_Isca-Ryan/build/soc_isca/path_names
2025-03-11 18:39:18,080 - isca - INFO - .................................................................................................................................................................................................................................................................................................................................................................................................................................................... Makefile is ready.
2025-03-11 18:39:18,381 - isca - INFO - make: Nothing to be done for 'all'.
2025-03-11 18:39:18,533 - isca - INFO - make: 'soc_isca.x' is up to date.
2025-03-11 18:39:18,535 - isca - INFO - Compilation complete.
2025-03-11 18:39:18,610 - isca - INFO - Emptied run directory '/home/x_ryabo/Isca-Ryan_tmp/experiment/planetb_presentdayEarth_rot0_Sun_noO3/run'
2025-03-11 18:39:19,144 - isca - INFO - Writing namelist to '/home/x_ryabo/Isca-Ryan_tmp/experiment/planetb_presentdayEarth_rot0_Sun_noO3/run/input.nml'
2025-03-11 18:39:19,176 - isca - INFO - Writing field_table to '/home/x_ryabo/Isca-Ryan_tmp/experiment/planetb_presentdayEarth_rot0_Sun_noO3/run/field_table'
2025-03-11 18:39:19,187 - isca - INFO - Writing diag_table to '/home/x_ryabo/Isca-Ryan_tmp/experiment/planetb_presentdayEarth_rot0_Sun_noO3/run/diag_table'
2025-03-11 18:39:19,267 - isca - INFO - Running without restart file
2025-03-11 18:39:19,319 - isca - INFO - Beginning run 0
2025-03-11 18:39:19,330 - isca - INFO - process running as 3701376
2025-03-11 18:39:19,330 - isca - DEBUG - loadmodules for Isca on NSC cluster Tetralith
2025-03-11 18:39:19,331 - isca - DEBUG - mpiifort
2025-03-11 18:39:19,483 - isca - DEBUG - The following modules were not unloaded:
2025-03-11 18:39:19,483 - isca - DEBUG - (Use "module --force purge" to unload all):
2025-03-11 18:39:19,483 - isca - DEBUG - 
2025-03-11 18:39:19,483 - isca - DEBUG - 1) hpc/.1.10.1
2025-03-11 18:39:19,595 - isca - DEBUG - ***************************************************
2025-03-11 18:39:19,595 - isca - DEBUG - You have loaded a buildenv module
2025-03-11 18:39:19,595 - isca - DEBUG - ***************************************************
2025-03-11 18:39:19,595 - isca - DEBUG - The buldenv-intel module makes available:
2025-03-11 18:39:19,595 - isca - DEBUG - - Compilers: icc, ifort, etc.
2025-03-11 18:39:19,595 - isca - DEBUG - - Mpi library with mpi-wrapped compilers: intel mpi with mpicc, mpifort, etc.
2025-03-11 18:39:19,595 - isca - DEBUG - - Numerical libraries: intel MKL
2025-03-11 18:39:19,595 - isca - DEBUG - 
2025-03-11 18:39:19,595 - isca - DEBUG - It also makes a set of dependency library modules available via
2025-03-11 18:39:19,595 - isca - DEBUG - the regular module command. Just do:
2025-03-11 18:39:19,595 - isca - DEBUG - module avail
2025-03-11 18:39:19,595 - isca - DEBUG - to see what is available.
2025-03-11 18:39:19,595 - isca - DEBUG - 
2025-03-11 18:39:19,595 - isca - DEBUG - NOTE: You shoud never load build environments inside submitted jobs.
2025-03-11 18:39:19,595 - isca - DEBUG - (with the single exception of when using supercomputer time to compile code.)
2025-03-11 18:39:19,595 - isca - DEBUG - 
2025-03-11 18:39:22,348 - isca - DEBUG - NOTE from PE    0: MPP_DOMAINS_SET_STACK_SIZE: stack size set to    32768.
2025-03-11 18:39:22,348 - isca - DEBUG - &MPP_IO_NML
2025-03-11 18:39:22,348 - isca - DEBUG - HEADER_BUFFER_VAL       =       16384,
2025-03-11 18:39:22,348 - isca - DEBUG - GLOBAL_FIELD_ON_ROOT_PE = T,
2025-03-11 18:39:22,349 - isca - DEBUG - IO_CLOCKS_ON    = F,
2025-03-11 18:39:22,349 - isca - DEBUG - SHUFFLE =           0,
2025-03-11 18:39:22,349 - isca - DEBUG - DEFLATE_LEVEL   =          -1
2025-03-11 18:39:22,349 - isca - DEBUG - /
2025-03-11 18:39:22,350 - isca - DEBUG - NOTE from PE    0: MPP_IO_SET_STACK_SIZE: stack size set to     131072.
2025-03-11 18:39:22,351 - isca - DEBUG - NOTE from PE    0: MPP_DOMAINS_SET_STACK_SIZE: stack size set to   600000.
2025-03-11 18:39:22,361 - isca - DEBUG - starting            1  OpenMP threads per MPI-task
2025-03-11 18:39:22,363 - isca - DEBUG - ATMOS MODEL DOMAIN DECOMPOSITION
2025-03-11 18:39:22,363 - isca - DEBUG - X-AXIS =  128
2025-03-11 18:39:22,363 - isca - DEBUG - Y-AXIS =    4   4   4   4   4   4   4   4   4   4   4   4   4   4   4   4
2025-03-11 18:39:22,377 - isca - DEBUG - mean surface pressure=1000.0000 mb
2025-03-11 18:39:22,387 - isca - DEBUG - NOTE from PE    0: cloud_simple: Using SimCloud cloud scheme
2025-03-11 18:39:22,389 - isca - DEBUG - NOTE from PE    0: ls_cloud: Using linear cloud fraction diagnostic formula.
2025-03-11 18:39:22,389 - isca - DEBUG - NOTE from PE    0: cloud_cover: The cloud overlap assumption is MAXIMUM-RANDOM
2025-03-11 18:39:22,389 - isca - DEBUG - NOTE from PE    0: idealized_moist_phys: Using Frierson Quasi-Equilibrium convection scheme.
2025-03-11 18:39:22,392 - isca - DEBUG - 
2025-03-11 18:39:22,392 - isca - WARNING - WARNING from PE    8: socrates_init: dt_rad does not fit into one day an integer number of times
2025-03-11 18:39:22,392 - isca - DEBUG - 
2025-03-11 18:39:22,392 - isca - DEBUG - 
2025-03-11 18:39:22,392 - isca - DEBUG - 
2025-03-11 18:39:22,392 - isca - WARNING - WARNING from PE    7: socrates_init: dt_rad does not fit into one day an integer number of times
2025-03-11 18:39:22,392 - isca - DEBUG - 
2025-03-11 18:39:22,392 - isca - DEBUG - 
2025-03-11 18:39:22,392 - isca - WARNING - WARNING from PE   12: socrates_init: dt_rad does not fit into one day an integer number of times
2025-03-11 18:39:22,392 - isca - DEBUG - 
2025-03-11 18:39:22,392 - isca - DEBUG - 
2025-03-11 18:39:22,392 - isca - WARNING - WARNING from PE   14: socrates_init: dt_rad does not fit into one day an integer number of times
2025-03-11 18:39:22,392 - isca - DEBUG - 
2025-03-11 18:39:22,392 - isca - DEBUG - 
2025-03-11 18:39:22,392 - isca - WARNING - WARNING from PE    6: socrates_init: dt_rad does not fit into one day an integer number of times
2025-03-11 18:39:22,392 - isca - DEBUG - 
2025-03-11 18:39:22,392 - isca - WARNING - WARNING from PE   13: socrates_init: dt_rad does not fit into one day an integer number of times
2025-03-11 18:39:22,393 - isca - DEBUG - 
2025-03-11 18:39:22,393 - isca - DEBUG - 
2025-03-11 18:39:22,393 - isca - WARNING - WARNING from PE   10: socrates_init: dt_rad does not fit into one day an integer number of times
2025-03-11 18:39:22,393 - isca - DEBUG - 
2025-03-11 18:39:22,393 - isca - DEBUG - 
2025-03-11 18:39:22,393 - isca - WARNING - WARNING from PE    2: socrates_init: dt_rad does not fit into one day an integer number of times
2025-03-11 18:39:22,393 - isca - DEBUG - 
2025-03-11 18:39:22,393 - isca - DEBUG - 
2025-03-11 18:39:22,393 - isca - WARNING - WARNING from PE    3: socrates_init: dt_rad does not fit into one day an integer number of times
2025-03-11 18:39:22,393 - isca - DEBUG - 
2025-03-11 18:39:22,393 - isca - DEBUG - 
2025-03-11 18:39:22,393 - isca - WARNING - WARNING from PE   11: socrates_init: dt_rad does not fit into one day an integer number of times
2025-03-11 18:39:22,393 - isca - DEBUG - 
2025-03-11 18:39:22,393 - isca - DEBUG - 
2025-03-11 18:39:22,393 - isca - WARNING - WARNING from PE    4: socrates_init: dt_rad does not fit into one day an integer number of times
2025-03-11 18:39:22,393 - isca - DEBUG - 
2025-03-11 18:39:22,393 - isca - DEBUG - 
2025-03-11 18:39:22,393 - isca - WARNING - WARNING from PE    5: socrates_init: dt_rad does not fit into one day an integer number of times
2025-03-11 18:39:22,393 - isca - DEBUG - 
2025-03-11 18:39:22,393 - isca - DEBUG - 
2025-03-11 18:39:22,393 - isca - WARNING - WARNING from PE   15: socrates_init: dt_rad does not fit into one day an integer number of times
2025-03-11 18:39:22,393 - isca - DEBUG - 
2025-03-11 18:39:22,393 - isca - DEBUG - 
2025-03-11 18:39:22,393 - isca - WARNING - WARNING from PE    9: socrates_init: dt_rad does not fit into one day an integer number of times
2025-03-11 18:39:22,393 - isca - DEBUG - 
2025-03-11 18:39:22,393 - isca - DEBUG - 
2025-03-11 18:39:22,393 - isca - WARNING - WARNING from PE    1: socrates_init: dt_rad does not fit into one day an integer number of times
2025-03-11 18:39:22,393 - isca - DEBUG - 
2025-03-11 18:39:22,399 - isca - DEBUG - 
2025-03-11 18:39:22,399 - isca - WARNING - WARNING from PE    0: socrates_init: dt_rad does not fit into one day an integer number of times
2025-03-11 18:39:22,399 - isca - DEBUG - 
2025-03-11 18:39:22,399 - isca - DEBUG - 
2025-03-11 18:39:22,399 - isca - WARNING - WARNING from PE    0: socrates_init: lw_hires_spectral_filename is unset, making equal to lw_spectral_filename
2025-03-11 18:39:22,399 - isca - DEBUG - 
2025-03-11 18:39:22,399 - isca - DEBUG - 
2025-03-11 18:39:22,399 - isca - WARNING - WARNING from PE    0: socrates_init: dt_rad does not fit into one day an integer number of times
2025-03-11 18:39:22,399 - isca - DEBUG - 
2025-03-11 18:39:22,399 - isca - DEBUG - 
2025-03-11 18:39:22,399 - isca - WARNING - WARNING from PE    0: socrates_init: lw_hires_spectral_filename is unset, making equal to lw_spectral_filename
2025-03-11 18:39:22,399 - isca - DEBUG - 
2025-03-11 18:39:22,399 - isca - DEBUG - 
2025-03-11 18:39:22,399 - isca - WARNING - WARNING from PE    0: socrates_init: sw_hires_spectral_filename is unset, making equal to sw_spectral_filename
2025-03-11 18:39:22,399 - isca - DEBUG - 
2025-03-11 18:39:22,399 - isca - DEBUG - 
2025-03-11 18:39:22,400 - isca - WARNING - WARNING from PE    0: socrates_init: sw_hires_spectral_filename is unset, making equal to sw_spectral_filename
2025-03-11 18:39:22,400 - isca - DEBUG - 
2025-03-11 18:39:23,712 - isca - DEBUG - NOTE from PE    0: Interpolator: Using input file with no time dimension - ozone_1990_notime_zero.nc
2025-03-11 18:39:23,713 - isca - DEBUG - Initializing src field : ozone_1990
2025-03-11 18:39:23,714 - isca - DEBUG - 
2025-03-11 18:39:23,714 - isca - DEBUG - -----------------------------------
2025-03-11 18:39:23,714 - isca - DEBUG - ____                       _
2025-03-11 18:39:23,715 - isca - DEBUG - / ___|  ___   ___ _ __ __ _| |_ ___  ___
2025-03-11 18:39:23,715 - isca - DEBUG - \___ \ / _ \ / __|  __/ _` | __/ _ \/ __|
2025-03-11 18:39:23,715 - isca - DEBUG - ___) | (_) | (__| | | (_| | ||  __/\__ \
2025-03-11 18:39:23,715 - isca - DEBUG - |____/ \___/ \___|_|  \__,_|\__\___||___/
2025-03-11 18:39:23,715 - isca - DEBUG - 
2025-03-11 18:39:23,715 - isca - DEBUG - Initialised Socrates v17.03
2025-03-11 18:39:23,715 - isca - DEBUG - Stellar constant =    1400.00000000000
2025-03-11 18:39:23,715 - isca - DEBUG - Longwave spectral file =
2025-03-11 18:39:23,715 - isca - DEBUG - /proj/bolinc/users/x_ryabo/socrates_edited_for_isca/spectral_files_for_GCMs/Sun
2025-03-11 18:39:23,715 - isca - DEBUG - /miniSuran_lw.sf WITH           16  bands
2025-03-11 18:39:23,715 - isca - DEBUG - Longwave hires spectral file =
2025-03-11 18:39:23,715 - isca - DEBUG - /proj/bolinc/users/x_ryabo/socrates_edited_for_isca/spectral_files_for_GCMs/Sun
2025-03-11 18:39:23,715 - isca - DEBUG - /miniSuran_lw.sf WITH           16  bands
2025-03-11 18:39:23,715 - isca - DEBUG - Shortwave spectral file =
2025-03-11 18:39:23,715 - isca - DEBUG - /proj/bolinc/users/x_ryabo/socrates_edited_for_isca/spectral_files_for_GCMs/Sun
2025-03-11 18:39:23,715 - isca - DEBUG - /miniSuran_sw.sf WITH           16  bands
2025-03-11 18:39:23,715 - isca - DEBUG - Shortwave hires spectral file =
2025-03-11 18:39:23,715 - isca - DEBUG - /proj/bolinc/users/x_ryabo/socrates_edited_for_isca/spectral_files_for_GCMs/Sun
2025-03-11 18:39:23,715 - isca - DEBUG - /miniSuran_sw.sf WITH           16  bands
2025-03-11 18:39:23,715 - isca - DEBUG - 
2025-03-11 18:39:23,715 - isca - DEBUG - -----------------------------------
2025-03-11 18:39:23,715 - isca - DEBUG - 
2025-03-11 18:39:55,489 - isca - DEBUG - Integration completed through     1 days     0 seconds
2025-03-11 18:40:27,626 - isca - DEBUG - Integration completed through     2 days     0 seconds
2025-03-11 18:40:59,537 - isca - DEBUG - Integration completed through     3 days     0 seconds
2025-03-11 18:41:30,628 - isca - DEBUG - Integration completed through     4 days     0 seconds
2025-03-11 18:42:01,181 - isca - DEBUG - Integration completed through     5 days     0 seconds
2025-03-11 18:42:31,902 - isca - DEBUG - Integration completed through     6 days     0 seconds
2025-03-11 18:43:02,318 - isca - DEBUG - Integration completed through     7 days     0 seconds
2025-03-11 18:43:32,949 - isca - DEBUG - Integration completed through     8 days     0 seconds
2025-03-11 18:44:02,818 - isca - DEBUG - Integration completed through     9 days     0 seconds
2025-03-11 18:44:32,175 - isca - DEBUG - Integration completed through    10 days     0 seconds
2025-03-11 18:45:01,488 - isca - DEBUG - Integration completed through    11 days     0 seconds
2025-03-11 18:45:30,871 - isca - DEBUG - Integration completed through    12 days     0 seconds
2025-03-11 18:46:00,282 - isca - DEBUG - Integration completed through    13 days     0 seconds
2025-03-11 18:46:29,813 - isca - DEBUG - Integration completed through    14 days     0 seconds
2025-03-11 18:46:59,624 - isca - DEBUG - Integration completed through    15 days     0 seconds
2025-03-11 18:47:29,813 - isca - DEBUG - Integration completed through    16 days     0 seconds
2025-03-11 18:48:00,109 - isca - DEBUG - Integration completed through    17 days     0 seconds
2025-03-11 18:48:33,301 - isca - DEBUG - Integration completed through    18 days     0 seconds
2025-03-11 18:49:06,909 - isca - DEBUG - Integration completed through    19 days     0 seconds
2025-03-11 18:49:40,799 - isca - DEBUG - Integration completed through    20 days     0 seconds
2025-03-11 18:50:14,669 - isca - DEBUG - Integration completed through    21 days     0 seconds
2025-03-11 18:50:48,852 - isca - DEBUG - Integration completed through    22 days     0 seconds
2025-03-11 18:51:22,626 - isca - DEBUG - Integration completed through    23 days     0 seconds
2025-03-11 18:51:56,227 - isca - DEBUG - Integration completed through    24 days     0 seconds
2025-03-11 18:52:30,029 - isca - DEBUG - Integration completed through    25 days     0 seconds
2025-03-11 18:53:03,810 - isca - DEBUG - Integration completed through    26 days     0 seconds
2025-03-11 18:53:37,516 - isca - DEBUG - Integration completed through    27 days     0 seconds
2025-03-11 18:54:11,229 - isca - DEBUG - Integration completed through    28 days     0 seconds
2025-03-11 18:54:45,078 - isca - DEBUG - Integration completed through    29 days     0 seconds
2025-03-11 18:55:18,824 - isca - DEBUG - Integration completed through    30 days     0 seconds
2025-03-11 18:55:18,836 - isca - DEBUG - 
2025-03-11 18:55:18,836 - isca - WARNING - WARNING from PE    0: diag_util_mod::opening_file: module/field_name (socrates/soc_toa_sw_down_clr) NOT registered
2025-03-11 18:55:18,836 - isca - DEBUG - 
2025-03-11 18:55:18,836 - isca - DEBUG - 
2025-03-11 18:55:18,837 - isca - WARNING - WARNING from PE    0: diag_util_mod::opening_file: module/field_name (cloud_simple/rh_min) NOT registered
2025-03-11 18:55:18,837 - isca - DEBUG - 
2025-03-11 18:55:18,837 - isca - DEBUG - 
2025-03-11 18:55:18,837 - isca - WARNING - WARNING from PE    0: diag_util_mod::opening_file: module/field_name (socrates/soc_toa_sw_down_clr) NOT registered
2025-03-11 18:55:18,837 - isca - DEBUG - 
2025-03-11 18:55:18,837 - isca - DEBUG - 
2025-03-11 18:55:18,837 - isca - WARNING - WARNING from PE    0: diag_util_mod::opening_file: module/field_name (cloud_simple/rh_min) NOT registered
2025-03-11 18:55:18,837 - isca - DEBUG - 
2025-03-11 18:55:18,846 - isca - DEBUG - NOTE from PE    0: MPP_IO_SET_STACK_SIZE: stack size set to     327680.
2025-03-11 18:55:18,950 - isca - DEBUG - MPP_DOMAINS_STACK high water mark=       40960
2025-03-11 18:55:18,950 - isca - DEBUG - 
2025-03-11 18:55:18,950 - isca - DEBUG - Tabulating mpp_clock statistics across     16 PEs...
2025-03-11 18:55:18,950 - isca - DEBUG - 
2025-03-11 18:55:18,950 - isca - DEBUG - tmin          tmax          tavg          tstd  tfrac grain pemin pemax
2025-03-11 18:55:18,951 - isca - DEBUG - Total runtime                       956.600186    956.605428    956.602654      0.001544  1.000     0     0    15
2025-03-11 18:55:18,951 - isca - DEBUG - MPP_STACK high water mark=           0
2025-03-11 18:55:19,151 - isca - INFO - Run 0 complete
2025-03-11 18:55:20,952 - isca - DEBUG - atmos_monthly.nc combined and copied to data directory
2025-03-11 18:55:25,904 - isca - INFO - Restart archive created at /proj/bolinc/users/x_ryabo/Isca-Ryan_outputs/planetb_presentdayEarth_rot0_Sun_noO3/restarts/res0000.tar.gz
2025-03-11 18:55:25,918 - isca - INFO - Writing namelist to '/proj/bolinc/users/x_ryabo/Isca-Ryan_outputs/planetb_presentdayEarth_rot0_Sun_noO3/run0000/input.nml'
2025-03-11 18:55:25,920 - isca - INFO - Writing field_table to '/proj/bolinc/users/x_ryabo/Isca-Ryan_outputs/planetb_presentdayEarth_rot0_Sun_noO3/run0000/field_table'
2025-03-11 18:55:25,932 - isca - INFO - Writing diag_table to '/proj/bolinc/users/x_ryabo/Isca-Ryan_outputs/planetb_presentdayEarth_rot0_Sun_noO3/run0000/diag_table'
2025-03-11 18:55:26,262 - isca - INFO - Emptied run directory '/home/x_ryabo/Isca-Ryan_tmp/experiment/planetb_presentdayEarth_rot0_Sun_noO3/run'
2025-03-11 18:55:26,281 - isca - INFO - Emptied run directory '/home/x_ryabo/Isca-Ryan_tmp/experiment/planetb_presentdayEarth_rot0_Sun_noO3/run'
2025-03-11 18:55:26,356 - isca - INFO - Writing namelist to '/home/x_ryabo/Isca-Ryan_tmp/experiment/planetb_presentdayEarth_rot0_Sun_noO3/run/input.nml'
2025-03-11 18:55:26,359 - isca - INFO - Writing field_table to '/home/x_ryabo/Isca-Ryan_tmp/experiment/planetb_presentdayEarth_rot0_Sun_noO3/run/field_table'
2025-03-11 18:55:26,369 - isca - INFO - Writing diag_table to '/home/x_ryabo/Isca-Ryan_tmp/experiment/planetb_presentdayEarth_rot0_Sun_noO3/run/diag_table'
2025-03-11 18:55:26,381 - isca - WARNING - use_restart=True, but restart_file not specified.  As this is run 1, assuming spin-up from namelist stated initial conditions so continuing.
2025-03-11 18:55:26,381 - isca - INFO - Running without restart file
2025-03-11 18:55:26,382 - isca - INFO - Beginning run 1
2025-03-11 18:55:26,391 - isca - INFO - process running as 3727050
2025-03-11 18:55:26,392 - isca - DEBUG - loadmodules for Isca on NSC cluster Tetralith
2025-03-11 18:55:26,392 - isca - DEBUG - mpiifort
2025-03-11 18:55:26,500 - isca - DEBUG - The following modules were not unloaded:
2025-03-11 18:55:26,500 - isca - DEBUG - (Use "module --force purge" to unload all):
2025-03-11 18:55:26,500 - isca - DEBUG - 
2025-03-11 18:55:26,500 - isca - DEBUG - 1) hpc/.1.10.1
2025-03-11 18:55:26,606 - isca - DEBUG - ***************************************************
2025-03-11 18:55:26,606 - isca - DEBUG - You have loaded a buildenv module
2025-03-11 18:55:26,606 - isca - DEBUG - ***************************************************
2025-03-11 18:55:26,606 - isca - DEBUG - The buldenv-intel module makes available:
2025-03-11 18:55:26,606 - isca - DEBUG - - Compilers: icc, ifort, etc.
2025-03-11 18:55:26,606 - isca - DEBUG - - Mpi library with mpi-wrapped compilers: intel mpi with mpicc, mpifort, etc.
2025-03-11 18:55:26,606 - isca - DEBUG - - Numerical libraries: intel MKL
2025-03-11 18:55:26,606 - isca - DEBUG - 
2025-03-11 18:55:26,606 - isca - DEBUG - It also makes a set of dependency library modules available via
2025-03-11 18:55:26,606 - isca - DEBUG - the regular module command. Just do:
2025-03-11 18:55:26,606 - isca - DEBUG - module avail
2025-03-11 18:55:26,606 - isca - DEBUG - to see what is available.
2025-03-11 18:55:26,606 - isca - DEBUG - 
2025-03-11 18:55:26,606 - isca - DEBUG - NOTE: You shoud never load build environments inside submitted jobs.
2025-03-11 18:55:26,606 - isca - DEBUG - (with the single exception of when using supercomputer time to compile code.)
2025-03-11 18:55:26,606 - isca - DEBUG - 
2025-03-11 18:55:28,479 - isca - DEBUG - NOTE from PE    0: MPP_DOMAINS_SET_STACK_SIZE: stack size set to    32768.
2025-03-11 18:55:28,479 - isca - DEBUG - &MPP_IO_NML
2025-03-11 18:55:28,479 - isca - DEBUG - HEADER_BUFFER_VAL       =       16384,
2025-03-11 18:55:28,479 - isca - DEBUG - GLOBAL_FIELD_ON_ROOT_PE = T,
2025-03-11 18:55:28,479 - isca - DEBUG - IO_CLOCKS_ON    = F,
2025-03-11 18:55:28,479 - isca - DEBUG - SHUFFLE =           0,
2025-03-11 18:55:28,479 - isca - DEBUG - DEFLATE_LEVEL   =          -1
2025-03-11 18:55:28,480 - isca - DEBUG - /
2025-03-11 18:55:28,481 - isca - DEBUG - NOTE from PE    0: MPP_IO_SET_STACK_SIZE: stack size set to     131072.
2025-03-11 18:55:28,482 - isca - DEBUG - NOTE from PE    0: MPP_DOMAINS_SET_STACK_SIZE: stack size set to   600000.
2025-03-11 18:55:28,490 - isca - DEBUG - starting            1  OpenMP threads per MPI-task
2025-03-11 18:55:28,492 - isca - DEBUG - ATMOS MODEL DOMAIN DECOMPOSITION
2025-03-11 18:55:28,492 - isca - DEBUG - X-AXIS =  128
2025-03-11 18:55:28,492 - isca - DEBUG - Y-AXIS =    4   4   4   4   4   4   4   4   4   4   4   4   4   4   4   4
2025-03-11 18:55:28,504 - isca - DEBUG - mean surface pressure=1000.0000 mb
2025-03-11 18:55:28,513 - isca - DEBUG - NOTE from PE    0: cloud_simple: Using SimCloud cloud scheme
2025-03-11 18:55:28,514 - isca - DEBUG - NOTE from PE    0: ls_cloud: Using linear cloud fraction diagnostic formula.
2025-03-11 18:55:28,514 - isca - DEBUG - NOTE from PE    0: cloud_cover: The cloud overlap assumption is MAXIMUM-RANDOM
2025-03-11 18:55:28,514 - isca - DEBUG - NOTE from PE    0: idealized_moist_phys: Using Frierson Quasi-Equilibrium convection scheme.
2025-03-11 18:55:28,518 - isca - DEBUG - 
2025-03-11 18:55:28,518 - isca - WARNING - WARNING from PE    9: socrates_init: dt_rad does not fit into one day an integer number of times
2025-03-11 18:55:28,518 - isca - DEBUG - 
2025-03-11 18:55:28,518 - isca - DEBUG - 
2025-03-11 18:55:28,518 - isca - WARNING - WARNING from PE   10: socrates_init: dt_rad does not fit into one day an integer number of times
2025-03-11 18:55:28,518 - isca - DEBUG - 
2025-03-11 18:55:28,518 - isca - DEBUG - 
2025-03-11 18:55:28,518 - isca - WARNING - WARNING from PE   11: socrates_init: dt_rad does not fit into one day an integer number of times
2025-03-11 18:55:28,518 - isca - DEBUG - 
2025-03-11 18:55:28,518 - isca - DEBUG - 
2025-03-11 18:55:28,518 - isca - DEBUG - 
2025-03-11 18:55:28,518 - isca - WARNING - WARNING from PE    2: socrates_init: dt_rad does not fit into one day an integer number of times
2025-03-11 18:55:28,519 - isca - DEBUG - 
2025-03-11 18:55:28,519 - isca - DEBUG - 
2025-03-11 18:55:28,519 - isca - WARNING - WARNING from PE    6: socrates_init: dt_rad does not fit into one day an integer number of times
2025-03-11 18:55:28,519 - isca - DEBUG - 
2025-03-11 18:55:28,519 - isca - DEBUG - 
2025-03-11 18:55:28,519 - isca - WARNING - WARNING from PE   14: socrates_init: dt_rad does not fit into one day an integer number of times
2025-03-11 18:55:28,519 - isca - DEBUG - 
2025-03-11 18:55:28,519 - isca - DEBUG - 
2025-03-11 18:55:28,519 - isca - WARNING - WARNING from PE   15: socrates_init: dt_rad does not fit into one day an integer number of times
2025-03-11 18:55:28,519 - isca - DEBUG - 
2025-03-11 18:55:28,519 - isca - WARNING - WARNING from PE   13: socrates_init: dt_rad does not fit into one day an integer number of times
2025-03-11 18:55:28,519 - isca - DEBUG - 
2025-03-11 18:55:28,519 - isca - WARNING - WARNING from PE    3: socrates_init: dt_rad does not fit into one day an integer number of times
2025-03-11 18:55:28,519 - isca - DEBUG - 
2025-03-11 18:55:28,519 - isca - DEBUG - 
2025-03-11 18:55:28,519 - isca - WARNING - WARNING from PE    8: socrates_init: dt_rad does not fit into one day an integer number of times
2025-03-11 18:55:28,519 - isca - DEBUG - 
2025-03-11 18:55:28,519 - isca - DEBUG - 
2025-03-11 18:55:28,519 - isca - WARNING - WARNING from PE    4: socrates_init: dt_rad does not fit into one day an integer number of times
2025-03-11 18:55:28,519 - isca - DEBUG - 
2025-03-11 18:55:28,519 - isca - DEBUG - 
2025-03-11 18:55:28,519 - isca - DEBUG - 
2025-03-11 18:55:28,519 - isca - WARNING - WARNING from PE    7: socrates_init: dt_rad does not fit into one day an integer number of times
2025-03-11 18:55:28,519 - isca - DEBUG - 
2025-03-11 18:55:28,519 - isca - DEBUG - 
2025-03-11 18:55:28,519 - isca - WARNING - WARNING from PE    5: socrates_init: dt_rad does not fit into one day an integer number of times
2025-03-11 18:55:28,519 - isca - DEBUG - 
2025-03-11 18:55:28,519 - isca - DEBUG - 
2025-03-11 18:55:28,519 - isca - WARNING - WARNING from PE   12: socrates_init: dt_rad does not fit into one day an integer number of times
2025-03-11 18:55:28,519 - isca - DEBUG - 
2025-03-11 18:55:28,520 - isca - DEBUG - 
2025-03-11 18:55:28,520 - isca - WARNING - WARNING from PE    1: socrates_init: dt_rad does not fit into one day an integer number of times
2025-03-11 18:55:28,520 - isca - DEBUG - 
2025-03-11 18:55:28,523 - isca - DEBUG - 
2025-03-11 18:55:28,523 - isca - WARNING - WARNING from PE    0: socrates_init: dt_rad does not fit into one day an integer number of times
2025-03-11 18:55:28,523 - isca - DEBUG - 
2025-03-11 18:55:28,523 - isca - DEBUG - 
2025-03-11 18:55:28,523 - isca - WARNING - WARNING from PE    0: socrates_init: dt_rad does not fit into one day an integer number of times
2025-03-11 18:55:28,523 - isca - DEBUG - 
2025-03-11 18:55:28,523 - isca - DEBUG - 
2025-03-11 18:55:28,523 - isca - WARNING - WARNING from PE    0: socrates_init: lw_hires_spectral_filename is unset, making equal to lw_spectral_filename
2025-03-11 18:55:28,523 - isca - DEBUG - 
2025-03-11 18:55:28,523 - isca - DEBUG - 
2025-03-11 18:55:28,523 - isca - WARNING - WARNING from PE    0: socrates_init: sw_hires_spectral_filename is unset, making equal to sw_spectral_filename
2025-03-11 18:55:28,523 - isca - DEBUG - 
2025-03-11 18:55:28,523 - isca - DEBUG - 
2025-03-11 18:55:28,523 - isca - WARNING - WARNING from PE    0: socrates_init: lw_hires_spectral_filename is unset, making equal to lw_spectral_filename
2025-03-11 18:55:28,523 - isca - DEBUG - 
2025-03-11 18:55:28,523 - isca - DEBUG - 
2025-03-11 18:55:28,523 - isca - WARNING - WARNING from PE    0: socrates_init: sw_hires_spectral_filename is unset, making equal to sw_spectral_filename
2025-03-11 18:55:28,523 - isca - DEBUG - 
2025-03-11 18:55:29,837 - isca - DEBUG - NOTE from PE    0: Interpolator: Using input file with no time dimension - ozone_1990_notime_zero.nc
2025-03-11 18:55:29,837 - isca - DEBUG - Initializing src field : ozone_1990
2025-03-11 18:55:29,839 - isca - DEBUG - 
2025-03-11 18:55:29,839 - isca - DEBUG - -----------------------------------
2025-03-11 18:55:29,839 - isca - DEBUG - ____                       _
2025-03-11 18:55:29,839 - isca - DEBUG - / ___|  ___   ___ _ __ __ _| |_ ___  ___
2025-03-11 18:55:29,839 - isca - DEBUG - \___ \ / _ \ / __|  __/ _` | __/ _ \/ __|
2025-03-11 18:55:29,839 - isca - DEBUG - ___) | (_) | (__| | | (_| | ||  __/\__ \
2025-03-11 18:55:29,839 - isca - DEBUG - |____/ \___/ \___|_|  \__,_|\__\___||___/
2025-03-11 18:55:29,839 - isca - DEBUG - 
2025-03-11 18:55:29,839 - isca - DEBUG - Initialised Socrates v17.03
2025-03-11 18:55:29,839 - isca - DEBUG - Stellar constant =    1400.00000000000
2025-03-11 18:55:29,839 - isca - DEBUG - Longwave spectral file =
2025-03-11 18:55:29,839 - isca - DEBUG - /proj/bolinc/users/x_ryabo/socrates_edited_for_isca/spectral_files_for_GCMs/Sun
2025-03-11 18:55:29,839 - isca - DEBUG - /miniSuran_lw.sf WITH           16  bands
2025-03-11 18:55:29,839 - isca - DEBUG - Longwave hires spectral file =
2025-03-11 18:55:29,839 - isca - DEBUG - /proj/bolinc/users/x_ryabo/socrates_edited_for_isca/spectral_files_for_GCMs/Sun
2025-03-11 18:55:29,839 - isca - DEBUG - /miniSuran_lw.sf WITH           16  bands
2025-03-11 18:55:29,839 - isca - DEBUG - Shortwave spectral file =
2025-03-11 18:55:29,839 - isca - DEBUG - /proj/bolinc/users/x_ryabo/socrates_edited_for_isca/spectral_files_for_GCMs/Sun
2025-03-11 18:55:29,839 - isca - DEBUG - /miniSuran_sw.sf WITH           16  bands
2025-03-11 18:55:29,839 - isca - DEBUG - Shortwave hires spectral file =
2025-03-11 18:55:29,839 - isca - DEBUG - /proj/bolinc/users/x_ryabo/socrates_edited_for_isca/spectral_files_for_GCMs/Sun
2025-03-11 18:55:29,839 - isca - DEBUG - /miniSuran_sw.sf WITH           16  bands
2025-03-11 18:55:29,839 - isca - DEBUG - 
2025-03-11 18:55:29,839 - isca - DEBUG - -----------------------------------
2025-03-11 18:55:29,840 - isca - DEBUG - 
2025-03-11 18:56:00,642 - isca - DEBUG - Integration completed through     1 days     0 seconds
2025-03-11 18:56:31,819 - isca - DEBUG - Integration completed through     2 days     0 seconds
2025-03-11 18:57:03,008 - isca - DEBUG - Integration completed through     3 days     0 seconds
2025-03-11 18:57:34,136 - isca - DEBUG - Integration completed through     4 days     0 seconds
2025-03-11 18:58:05,193 - isca - DEBUG - Integration completed through     5 days     0 seconds
2025-03-11 18:58:36,333 - isca - DEBUG - Integration completed through     6 days     0 seconds
2025-03-11 18:59:07,592 - isca - DEBUG - Integration completed through     7 days     0 seconds
2025-03-11 18:59:38,993 - isca - DEBUG - Integration completed through     8 days     0 seconds
2025-03-11 19:00:10,385 - isca - DEBUG - Integration completed through     9 days     0 seconds
2025-03-11 19:00:41,937 - isca - DEBUG - Integration completed through    10 days     0 seconds
2025-03-11 19:01:13,371 - isca - DEBUG - Integration completed through    11 days     0 seconds
2025-03-11 19:01:44,960 - isca - DEBUG - Integration completed through    12 days     0 seconds
2025-03-11 19:02:16,558 - isca - DEBUG - Integration completed through    13 days     0 seconds
2025-03-11 19:02:48,441 - isca - DEBUG - Integration completed through    14 days     0 seconds
2025-03-11 19:03:20,571 - isca - DEBUG - Integration completed through    15 days     0 seconds
2025-03-11 19:03:53,114 - isca - DEBUG - Integration completed through    16 days     0 seconds
2025-03-11 19:04:25,758 - isca - DEBUG - Integration completed through    17 days     0 seconds
2025-03-11 19:04:58,793 - isca - DEBUG - Integration completed through    18 days     0 seconds
2025-03-11 19:05:31,856 - isca - DEBUG - Integration completed through    19 days     0 seconds
2025-03-11 19:06:04,974 - isca - DEBUG - Integration completed through    20 days     0 seconds
2025-03-11 19:06:38,273 - isca - DEBUG - Integration completed through    21 days     0 seconds
2025-03-11 19:07:11,587 - isca - DEBUG - Integration completed through    22 days     0 seconds
2025-03-11 19:07:45,031 - isca - DEBUG - Integration completed through    23 days     0 seconds
2025-03-11 19:08:18,524 - isca - DEBUG - Integration completed through    24 days     0 seconds
2025-03-11 19:08:52,192 - isca - DEBUG - Integration completed through    25 days     0 seconds
2025-03-11 19:09:25,849 - isca - DEBUG - Integration completed through    26 days     0 seconds
2025-03-11 19:09:59,511 - isca - DEBUG - Integration completed through    27 days     0 seconds
2025-03-11 19:10:33,313 - isca - DEBUG - Integration completed through    28 days     0 seconds
2025-03-11 19:11:07,140 - isca - DEBUG - Integration completed through    29 days     0 seconds
2025-03-11 19:11:40,957 - isca - DEBUG - Integration completed through    30 days     0 seconds
2025-03-11 19:11:40,964 - isca - DEBUG - 
2025-03-11 19:11:40,964 - isca - WARNING - WARNING from PE    0: diag_util_mod::opening_file: module/field_name (socrates/soc_toa_sw_down_clr) NOT registered
2025-03-11 19:11:40,964 - isca - DEBUG - 
2025-03-11 19:11:40,964 - isca - DEBUG - 
2025-03-11 19:11:40,964 - isca - WARNING - WARNING from PE    0: diag_util_mod::opening_file: module/field_name (cloud_simple/rh_min) NOT registered
2025-03-11 19:11:40,964 - isca - DEBUG - 
2025-03-11 19:11:40,964 - isca - DEBUG - 
2025-03-11 19:11:40,964 - isca - WARNING - WARNING from PE    0: diag_util_mod::opening_file: module/field_name (socrates/soc_toa_sw_down_clr) NOT registered
2025-03-11 19:11:40,964 - isca - DEBUG - 
2025-03-11 19:11:40,964 - isca - DEBUG - 
2025-03-11 19:11:40,964 - isca - WARNING - WARNING from PE    0: diag_util_mod::opening_file: module/field_name (cloud_simple/rh_min) NOT registered
2025-03-11 19:11:40,964 - isca - DEBUG - 
2025-03-11 19:11:40,974 - isca - DEBUG - NOTE from PE    0: MPP_IO_SET_STACK_SIZE: stack size set to     327680.
2025-03-11 19:11:41,095 - isca - DEBUG - MPP_DOMAINS_STACK high water mark=       40960
2025-03-11 19:11:41,095 - isca - DEBUG - 
2025-03-11 19:11:41,095 - isca - DEBUG - Tabulating mpp_clock statistics across     16 PEs...
2025-03-11 19:11:41,095 - isca - DEBUG - 
2025-03-11 19:11:41,095 - isca - DEBUG - tmin          tmax          tavg          tstd  tfrac grain pemin pemax
2025-03-11 19:11:41,095 - isca - DEBUG - Total runtime                       972.614747    972.619340    972.616762      0.001326  1.000     0     0    15
2025-03-11 19:11:41,096 - isca - DEBUG - MPP_STACK high water mark=           0
2025-03-11 19:11:41,270 - isca - INFO - Run 1 complete
2025-03-11 19:11:42,883 - isca - DEBUG - atmos_monthly.nc combined and copied to data directory
2025-03-11 19:11:47,807 - isca - INFO - Restart archive created at /proj/bolinc/users/x_ryabo/Isca-Ryan_outputs/planetb_presentdayEarth_rot0_Sun_noO3/restarts/res0001.tar.gz
2025-03-11 19:11:47,820 - isca - INFO - Writing namelist to '/proj/bolinc/users/x_ryabo/Isca-Ryan_outputs/planetb_presentdayEarth_rot0_Sun_noO3/run0001/input.nml'
2025-03-11 19:11:47,823 - isca - INFO - Writing field_table to '/proj/bolinc/users/x_ryabo/Isca-Ryan_outputs/planetb_presentdayEarth_rot0_Sun_noO3/run0001/field_table'
2025-03-11 19:11:47,833 - isca - INFO - Writing diag_table to '/proj/bolinc/users/x_ryabo/Isca-Ryan_outputs/planetb_presentdayEarth_rot0_Sun_noO3/run0001/diag_table'
2025-03-11 19:11:47,933 - isca - INFO - Emptied run directory '/home/x_ryabo/Isca-Ryan_tmp/experiment/planetb_presentdayEarth_rot0_Sun_noO3/run'
2025-03-11 19:11:47,953 - isca - INFO - Emptied run directory '/home/x_ryabo/Isca-Ryan_tmp/experiment/planetb_presentdayEarth_rot0_Sun_noO3/run'
2025-03-11 19:11:48,033 - isca - INFO - Writing namelist to '/home/x_ryabo/Isca-Ryan_tmp/experiment/planetb_presentdayEarth_rot0_Sun_noO3/run/input.nml'
2025-03-11 19:11:48,034 - isca - INFO - Writing field_table to '/home/x_ryabo/Isca-Ryan_tmp/experiment/planetb_presentdayEarth_rot0_Sun_noO3/run/field_table'
2025-03-11 19:11:48,045 - isca - INFO - Writing diag_table to '/home/x_ryabo/Isca-Ryan_tmp/experiment/planetb_presentdayEarth_rot0_Sun_noO3/run/diag_table'
2025-03-11 19:11:48,058 - isca - INFO - Using restart file '/proj/bolinc/users/x_ryabo/Isca-Ryan_outputs/planetb_presentdayEarth_rot0_Sun_noO3/restarts/res0001.tar.gz'
2025-03-11 19:11:48,446 - isca - INFO - Restart /proj/bolinc/users/x_ryabo/Isca-Ryan_outputs/planetb_presentdayEarth_rot0_Sun_noO3/restarts/res0001.tar.gz extracted to /home/x_ryabo/Isca-Ryan_tmp/experiment/planetb_presentdayEarth_rot0_Sun_noO3/run/INPUT
2025-03-11 19:11:48,447 - isca - INFO - Beginning run 2
2025-03-11 19:11:48,458 - isca - INFO - process running as 3768935
2025-03-11 19:11:48,459 - isca - DEBUG - loadmodules for Isca on NSC cluster Tetralith
2025-03-11 19:11:48,459 - isca - DEBUG - mpiifort
2025-03-11 19:11:48,571 - isca - DEBUG - The following modules were not unloaded:
2025-03-11 19:11:48,571 - isca - DEBUG - (Use "module --force purge" to unload all):
2025-03-11 19:11:48,571 - isca - DEBUG - 
2025-03-11 19:11:48,571 - isca - DEBUG - 1) hpc/.1.10.1
2025-03-11 19:11:48,679 - isca - DEBUG - ***************************************************
2025-03-11 19:11:48,679 - isca - DEBUG - You have loaded a buildenv module
2025-03-11 19:11:48,679 - isca - DEBUG - ***************************************************
2025-03-11 19:11:48,679 - isca - DEBUG - The buldenv-intel module makes available:
2025-03-11 19:11:48,679 - isca - DEBUG - - Compilers: icc, ifort, etc.
2025-03-11 19:11:48,679 - isca - DEBUG - - Mpi library with mpi-wrapped compilers: intel mpi with mpicc, mpifort, etc.
2025-03-11 19:11:48,679 - isca - DEBUG - - Numerical libraries: intel MKL
2025-03-11 19:11:48,679 - isca - DEBUG - 
2025-03-11 19:11:48,679 - isca - DEBUG - It also makes a set of dependency library modules available via
2025-03-11 19:11:48,679 - isca - DEBUG - the regular module command. Just do:
2025-03-11 19:11:48,679 - isca - DEBUG - module avail
2025-03-11 19:11:48,679 - isca - DEBUG - to see what is available.
2025-03-11 19:11:48,679 - isca - DEBUG - 
2025-03-11 19:11:48,679 - isca - DEBUG - NOTE: You shoud never load build environments inside submitted jobs.
2025-03-11 19:11:48,680 - isca - DEBUG - (with the single exception of when using supercomputer time to compile code.)
2025-03-11 19:11:48,680 - isca - DEBUG - 
2025-03-11 19:11:52,159 - isca - DEBUG - NOTE from PE    0: MPP_DOMAINS_SET_STACK_SIZE: stack size set to    32768.
2025-03-11 19:11:52,159 - isca - DEBUG - &MPP_IO_NML
2025-03-11 19:11:52,159 - isca - DEBUG - HEADER_BUFFER_VAL       =       16384,
2025-03-11 19:11:52,159 - isca - DEBUG - GLOBAL_FIELD_ON_ROOT_PE = T,
2025-03-11 19:11:52,159 - isca - DEBUG - IO_CLOCKS_ON    = F,
2025-03-11 19:11:52,159 - isca - DEBUG - SHUFFLE =           0,
2025-03-11 19:11:52,159 - isca - DEBUG - DEFLATE_LEVEL   =          -1
2025-03-11 19:11:52,159 - isca - DEBUG - /
2025-03-11 19:11:52,160 - isca - DEBUG - NOTE from PE    0: MPP_IO_SET_STACK_SIZE: stack size set to     131072.
2025-03-11 19:11:52,162 - isca - DEBUG - NOTE from PE    0: MPP_DOMAINS_SET_STACK_SIZE: stack size set to   600000.
2025-03-11 19:11:52,170 - isca - DEBUG - starting            1  OpenMP threads per MPI-task
2025-03-11 19:11:52,172 - isca - DEBUG - ATMOS MODEL DOMAIN DECOMPOSITION
2025-03-11 19:11:52,172 - isca - DEBUG - X-AXIS =  128
2025-03-11 19:11:52,172 - isca - DEBUG - Y-AXIS =    4   4   4   4   4   4   4   4   4   4   4   4   4   4   4   4
2025-03-11 19:11:52,216 - isca - DEBUG - NOTE from PE    0: cloud_simple: Using SimCloud cloud scheme
2025-03-11 19:11:52,217 - isca - DEBUG - NOTE from PE    0: ls_cloud: Using linear cloud fraction diagnostic formula.
2025-03-11 19:11:52,218 - isca - DEBUG - NOTE from PE    0: cloud_cover: The cloud overlap assumption is MAXIMUM-RANDOM
2025-03-11 19:11:52,218 - isca - DEBUG - NOTE from PE    0: idealized_moist_phys: Using Frierson Quasi-Equilibrium convection scheme.
2025-03-11 19:11:52,221 - isca - DEBUG - 
2025-03-11 19:11:52,222 - isca - WARNING - WARNING from PE    1: socrates_init: dt_rad does not fit into one day an integer number of times
2025-03-11 19:11:52,222 - isca - DEBUG - 
2025-03-11 19:11:52,222 - isca - DEBUG - 
2025-03-11 19:11:52,222 - isca - WARNING - WARNING from PE    6: socrates_init: dt_rad does not fit into one day an integer number of times
2025-03-11 19:11:52,222 - isca - DEBUG - 
2025-03-11 19:11:52,222 - isca - DEBUG - 
2025-03-11 19:11:52,222 - isca - WARNING - WARNING from PE    4: socrates_init: dt_rad does not fit into one day an integer number of times
2025-03-11 19:11:52,222 - isca - DEBUG - 
2025-03-11 19:11:52,222 - isca - DEBUG - 
2025-03-11 19:11:52,222 - isca - WARNING - WARNING from PE    2: socrates_init: dt_rad does not fit into one day an integer number of times
2025-03-11 19:11:52,222 - isca - DEBUG - 
2025-03-11 19:11:52,222 - isca - DEBUG - 
2025-03-11 19:11:52,222 - isca - WARNING - WARNING from PE    3: socrates_init: dt_rad does not fit into one day an integer number of times
2025-03-11 19:11:52,222 - isca - DEBUG - 
2025-03-11 19:11:52,222 - isca - DEBUG - 
2025-03-11 19:11:52,222 - isca - WARNING - WARNING from PE    5: socrates_init: dt_rad does not fit into one day an integer number of times
2025-03-11 19:11:52,222 - isca - DEBUG - 
2025-03-11 19:11:52,227 - isca - DEBUG - 
2025-03-11 19:11:52,227 - isca - WARNING - WARNING from PE    0: socrates_init: dt_rad does not fit into one day an integer number of times
2025-03-11 19:11:52,227 - isca - DEBUG - 
2025-03-11 19:11:52,227 - isca - DEBUG - 
2025-03-11 19:11:52,227 - isca - WARNING - WARNING from PE    0: socrates_init: dt_rad does not fit into one day an integer number of times
2025-03-11 19:11:52,227 - isca - DEBUG - 
2025-03-11 19:11:52,227 - isca - DEBUG - 
2025-03-11 19:11:52,227 - isca - DEBUG - 
2025-03-11 19:11:52,227 - isca - WARNING - WARNING from PE   12: socrates_init: dt_rad does not fit into one day an integer number of times
2025-03-11 19:11:52,227 - isca - DEBUG - 
2025-03-11 19:11:52,227 - isca - WARNING - WARNING from PE    0: socrates_init: lw_hires_spectral_filename is unset, making equal to lw_spectral_filename
2025-03-11 19:11:52,227 - isca - DEBUG - 
2025-03-11 19:11:52,227 - isca - DEBUG - 
2025-03-11 19:11:52,227 - isca - WARNING - WARNING from PE    0: socrates_init: lw_hires_spectral_filename is unset, making equal to lw_spectral_filename
2025-03-11 19:11:52,227 - isca - DEBUG - 
2025-03-11 19:11:52,227 - isca - WARNING - WARNING from PE   15: socrates_init: dt_rad does not fit into one day an integer number of times
2025-03-11 19:11:52,227 - isca - DEBUG - 
2025-03-11 19:11:52,227 - isca - DEBUG - 
2025-03-11 19:11:52,227 - isca - DEBUG - 
2025-03-11 19:11:52,228 - isca - WARNING - WARNING from PE    0: socrates_init: sw_hires_spectral_filename is unset, making equal to sw_spectral_filename
2025-03-11 19:11:52,228 - isca - DEBUG - 
2025-03-11 19:11:52,228 - isca - DEBUG - 
2025-03-11 19:11:52,228 - isca - WARNING - WARNING from PE    0: socrates_init: sw_hires_spectral_filename is unset, making equal to sw_spectral_filename
2025-03-11 19:11:52,228 - isca - DEBUG - 
2025-03-11 19:11:52,228 - isca - WARNING - WARNING from PE   11: socrates_init: dt_rad does not fit into one day an integer number of times
2025-03-11 19:11:52,228 - isca - DEBUG - 
2025-03-11 19:11:52,228 - isca - DEBUG - 
2025-03-11 19:11:52,228 - isca - DEBUG - 
2025-03-11 19:11:52,228 - isca - DEBUG - 
2025-03-11 19:11:52,228 - isca - WARNING - WARNING from PE    8: socrates_init: dt_rad does not fit into one day an integer number of times
2025-03-11 19:11:52,228 - isca - DEBUG - 
2025-03-11 19:11:52,228 - isca - DEBUG - 
2025-03-11 19:11:52,228 - isca - WARNING - WARNING from PE    9: socrates_init: dt_rad does not fit into one day an integer number of times
2025-03-11 19:11:52,228 - isca - DEBUG - 
2025-03-11 19:11:52,228 - isca - WARNING - WARNING from PE   14: socrates_init: dt_rad does not fit into one day an integer number of times
2025-03-11 19:11:52,228 - isca - DEBUG - 
2025-03-11 19:11:52,228 - isca - DEBUG - 
2025-03-11 19:11:52,228 - isca - DEBUG - 
2025-03-11 19:11:52,228 - isca - WARNING - WARNING from PE   10: socrates_init: dt_rad does not fit into one day an integer number of times
2025-03-11 19:11:52,228 - isca - DEBUG - 
2025-03-11 19:11:52,228 - isca - WARNING - WARNING from PE    7: socrates_init: dt_rad does not fit into one day an integer number of times
2025-03-11 19:11:52,228 - isca - DEBUG - 
2025-03-11 19:11:52,228 - isca - WARNING - WARNING from PE   13: socrates_init: dt_rad does not fit into one day an integer number of times
2025-03-11 19:11:52,228 - isca - DEBUG - 
2025-03-11 19:11:52,228 - isca - DEBUG - 
2025-03-11 19:11:53,423 - isca - DEBUG - NOTE from PE    0: Interpolator: Using input file with no time dimension - ozone_1990_notime_zero.nc
2025-03-11 19:11:53,423 - isca - DEBUG - Initializing src field : ozone_1990
2025-03-11 19:11:53,425 - isca - DEBUG - 
2025-03-11 19:11:53,425 - isca - DEBUG - -----------------------------------
2025-03-11 19:11:53,425 - isca - DEBUG - ____                       _
2025-03-11 19:11:53,425 - isca - DEBUG - / ___|  ___   ___ _ __ __ _| |_ ___  ___
2025-03-11 19:11:53,425 - isca - DEBUG - \___ \ / _ \ / __|  __/ _` | __/ _ \/ __|
2025-03-11 19:11:53,425 - isca - DEBUG - ___) | (_) | (__| | | (_| | ||  __/\__ \
2025-03-11 19:11:53,425 - isca - DEBUG - |____/ \___/ \___|_|  \__,_|\__\___||___/
2025-03-11 19:11:53,425 - isca - DEBUG - 
2025-03-11 19:11:53,425 - isca - DEBUG - Initialised Socrates v17.03
2025-03-11 19:11:53,425 - isca - DEBUG - Stellar constant =    1400.00000000000
2025-03-11 19:11:53,425 - isca - DEBUG - Longwave spectral file =
2025-03-11 19:11:53,426 - isca - DEBUG - /proj/bolinc/users/x_ryabo/socrates_edited_for_isca/spectral_files_for_GCMs/Sun
2025-03-11 19:11:53,426 - isca - DEBUG - /miniSuran_lw.sf WITH           16  bands
2025-03-11 19:11:53,426 - isca - DEBUG - Longwave hires spectral file =
2025-03-11 19:11:53,426 - isca - DEBUG - /proj/bolinc/users/x_ryabo/socrates_edited_for_isca/spectral_files_for_GCMs/Sun
2025-03-11 19:11:53,426 - isca - DEBUG - /miniSuran_lw.sf WITH           16  bands
2025-03-11 19:11:53,426 - isca - DEBUG - Shortwave spectral file =
2025-03-11 19:11:53,426 - isca - DEBUG - /proj/bolinc/users/x_ryabo/socrates_edited_for_isca/spectral_files_for_GCMs/Sun
2025-03-11 19:11:53,426 - isca - DEBUG - /miniSuran_sw.sf WITH           16  bands
2025-03-11 19:11:53,426 - isca - DEBUG - Shortwave hires spectral file =
2025-03-11 19:11:53,426 - isca - DEBUG - /proj/bolinc/users/x_ryabo/socrates_edited_for_isca/spectral_files_for_GCMs/Sun
2025-03-11 19:11:53,426 - isca - DEBUG - /miniSuran_sw.sf WITH           16  bands
2025-03-11 19:11:53,426 - isca - DEBUG - 
2025-03-11 19:11:53,426 - isca - DEBUG - -----------------------------------
2025-03-11 19:11:53,426 - isca - DEBUG - 
2025-03-11 19:12:27,414 - isca - DEBUG - Integration completed through    31 days     0 seconds
2025-03-11 19:13:01,419 - isca - DEBUG - Integration completed through    32 days     0 seconds
2025-03-11 19:13:35,400 - isca - DEBUG - Integration completed through    33 days     0 seconds
2025-03-11 19:14:09,222 - isca - DEBUG - Integration completed through    34 days     0 seconds
2025-03-11 19:14:43,034 - isca - DEBUG - Integration completed through    35 days     0 seconds
2025-03-11 19:15:16,928 - isca - DEBUG - Integration completed through    36 days     0 seconds
2025-03-11 19:15:50,737 - isca - DEBUG - Integration completed through    37 days     0 seconds
2025-03-11 19:16:24,622 - isca - DEBUG - Integration completed through    38 days     0 seconds
2025-03-11 19:16:58,452 - isca - DEBUG - Integration completed through    39 days     0 seconds
2025-03-11 19:17:32,144 - isca - DEBUG - Integration completed through    40 days     0 seconds
2025-03-11 19:18:05,736 - isca - DEBUG - Integration completed through    41 days     0 seconds
2025-03-11 19:18:39,223 - isca - DEBUG - Integration completed through    42 days     0 seconds
2025-03-11 19:19:12,750 - isca - DEBUG - Integration completed through    43 days     0 seconds
2025-03-11 19:19:46,252 - isca - DEBUG - Integration completed through    44 days     0 seconds
2025-03-11 19:20:20,026 - isca - DEBUG - Integration completed through    45 days     0 seconds
2025-03-11 19:20:53,826 - isca - DEBUG - Integration completed through    46 days     0 seconds
2025-03-11 19:21:27,743 - isca - DEBUG - Integration completed through    47 days     0 seconds
2025-03-11 19:22:01,793 - isca - DEBUG - Integration completed through    48 days     0 seconds
2025-03-11 19:22:35,874 - isca - DEBUG - Integration completed through    49 days     0 seconds
2025-03-11 19:23:09,976 - isca - DEBUG - Integration completed through    50 days     0 seconds
2025-03-11 19:23:44,266 - isca - DEBUG - Integration completed through    51 days     0 seconds
2025-03-11 19:24:18,634 - isca - DEBUG - Integration completed through    52 days     0 seconds
2025-03-11 19:24:52,940 - isca - DEBUG - Integration completed through    53 days     0 seconds
2025-03-11 19:25:27,514 - isca - DEBUG - Integration completed through    54 days     0 seconds
2025-03-11 19:26:02,036 - isca - DEBUG - Integration completed through    55 days     0 seconds
2025-03-11 19:26:36,367 - isca - DEBUG - Integration completed through    56 days     0 seconds
2025-03-11 19:27:10,268 - isca - DEBUG - Integration completed through    57 days     0 seconds
2025-03-11 19:27:43,922 - isca - DEBUG - Integration completed through    58 days     0 seconds
2025-03-11 19:28:17,658 - isca - DEBUG - Integration completed through    59 days     0 seconds
2025-03-11 19:28:51,461 - isca - DEBUG - Integration completed through    60 days     0 seconds
2025-03-11 19:28:51,469 - isca - DEBUG - 
2025-03-11 19:28:51,469 - isca - WARNING - WARNING from PE    0: diag_util_mod::opening_file: module/field_name (socrates/soc_toa_sw_down_clr) NOT registered
2025-03-11 19:28:51,469 - isca - DEBUG - 
2025-03-11 19:28:51,469 - isca - DEBUG - 
2025-03-11 19:28:51,469 - isca - WARNING - WARNING from PE    0: diag_util_mod::opening_file: module/field_name (cloud_simple/rh_min) NOT registered
2025-03-11 19:28:51,469 - isca - DEBUG - 
2025-03-11 19:28:51,469 - isca - DEBUG - 
2025-03-11 19:28:51,469 - isca - WARNING - WARNING from PE    0: diag_util_mod::opening_file: module/field_name (socrates/soc_toa_sw_down_clr) NOT registered
2025-03-11 19:28:51,469 - isca - DEBUG - 
2025-03-11 19:28:51,469 - isca - DEBUG - 
2025-03-11 19:28:51,469 - isca - WARNING - WARNING from PE    0: diag_util_mod::opening_file: module/field_name (cloud_simple/rh_min) NOT registered
2025-03-11 19:28:51,469 - isca - DEBUG - 
2025-03-11 19:28:51,500 - isca - DEBUG - NOTE from PE    0: MPP_IO_SET_STACK_SIZE: stack size set to     327680.
2025-03-11 19:28:51,586 - isca - DEBUG - MPP_DOMAINS_STACK high water mark=       40960
2025-03-11 19:28:51,586 - isca - DEBUG - 
2025-03-11 19:28:51,586 - isca - DEBUG - Tabulating mpp_clock statistics across     16 PEs...
2025-03-11 19:28:51,586 - isca - DEBUG - 
2025-03-11 19:28:51,586 - isca - DEBUG - tmin          tmax          tavg          tstd  tfrac grain pemin pemax
2025-03-11 19:28:51,587 - isca - DEBUG - Total runtime                      1019.424740   1019.431508   1019.428035      0.001749  1.000     0     0    15
2025-03-11 19:28:51,587 - isca - DEBUG - MPP_STACK high water mark=           0
2025-03-11 19:28:51,760 - isca - INFO - Run 2 complete
2025-03-11 19:28:52,754 - isca - DEBUG - atmos_monthly.nc combined and copied to data directory
2025-03-11 19:28:56,405 - isca - INFO - Restart archive created at /proj/bolinc/users/x_ryabo/Isca-Ryan_outputs/planetb_presentdayEarth_rot0_Sun_noO3/restarts/res0002.tar.gz
2025-03-11 19:28:56,417 - isca - INFO - Writing namelist to '/proj/bolinc/users/x_ryabo/Isca-Ryan_outputs/planetb_presentdayEarth_rot0_Sun_noO3/run0002/input.nml'
2025-03-11 19:28:56,419 - isca - INFO - Writing field_table to '/proj/bolinc/users/x_ryabo/Isca-Ryan_outputs/planetb_presentdayEarth_rot0_Sun_noO3/run0002/field_table'
2025-03-11 19:28:56,430 - isca - INFO - Writing diag_table to '/proj/bolinc/users/x_ryabo/Isca-Ryan_outputs/planetb_presentdayEarth_rot0_Sun_noO3/run0002/diag_table'
2025-03-11 19:28:56,531 - isca - INFO - Emptied run directory '/home/x_ryabo/Isca-Ryan_tmp/experiment/planetb_presentdayEarth_rot0_Sun_noO3/run'
2025-03-11 19:28:56,550 - isca - INFO - Emptied run directory '/home/x_ryabo/Isca-Ryan_tmp/experiment/planetb_presentdayEarth_rot0_Sun_noO3/run'
2025-03-11 19:28:56,626 - isca - INFO - Writing namelist to '/home/x_ryabo/Isca-Ryan_tmp/experiment/planetb_presentdayEarth_rot0_Sun_noO3/run/input.nml'
2025-03-11 19:28:56,628 - isca - INFO - Writing field_table to '/home/x_ryabo/Isca-Ryan_tmp/experiment/planetb_presentdayEarth_rot0_Sun_noO3/run/field_table'
2025-03-11 19:28:56,638 - isca - INFO - Writing diag_table to '/home/x_ryabo/Isca-Ryan_tmp/experiment/planetb_presentdayEarth_rot0_Sun_noO3/run/diag_table'
2025-03-11 19:28:56,652 - isca - INFO - Using restart file '/proj/bolinc/users/x_ryabo/Isca-Ryan_outputs/planetb_presentdayEarth_rot0_Sun_noO3/restarts/res0002.tar.gz'
2025-03-11 19:28:57,038 - isca - INFO - Restart /proj/bolinc/users/x_ryabo/Isca-Ryan_outputs/planetb_presentdayEarth_rot0_Sun_noO3/restarts/res0002.tar.gz extracted to /home/x_ryabo/Isca-Ryan_tmp/experiment/planetb_presentdayEarth_rot0_Sun_noO3/run/INPUT
2025-03-11 19:28:57,039 - isca - INFO - Beginning run 3
2025-03-11 19:28:57,051 - isca - INFO - process running as 3824563
2025-03-11 19:28:57,051 - isca - DEBUG - loadmodules for Isca on NSC cluster Tetralith
2025-03-11 19:28:57,051 - isca - DEBUG - mpiifort
2025-03-11 19:28:57,157 - isca - DEBUG - The following modules were not unloaded:
2025-03-11 19:28:57,158 - isca - DEBUG - (Use "module --force purge" to unload all):
2025-03-11 19:28:57,158 - isca - DEBUG - 
2025-03-11 19:28:57,158 - isca - DEBUG - 1) hpc/.1.10.1
2025-03-11 19:28:57,262 - isca - DEBUG - ***************************************************
2025-03-11 19:28:57,262 - isca - DEBUG - You have loaded a buildenv module
2025-03-11 19:28:57,262 - isca - DEBUG - ***************************************************
2025-03-11 19:28:57,262 - isca - DEBUG - The buldenv-intel module makes available:
2025-03-11 19:28:57,262 - isca - DEBUG - - Compilers: icc, ifort, etc.
2025-03-11 19:28:57,262 - isca - DEBUG - - Mpi library with mpi-wrapped compilers: intel mpi with mpicc, mpifort, etc.
2025-03-11 19:28:57,262 - isca - DEBUG - - Numerical libraries: intel MKL
2025-03-11 19:28:57,262 - isca - DEBUG - 
2025-03-11 19:28:57,262 - isca - DEBUG - It also makes a set of dependency library modules available via
2025-03-11 19:28:57,262 - isca - DEBUG - the regular module command. Just do:
2025-03-11 19:28:57,262 - isca - DEBUG - module avail
2025-03-11 19:28:57,263 - isca - DEBUG - to see what is available.
2025-03-11 19:28:57,263 - isca - DEBUG - 
2025-03-11 19:28:57,263 - isca - DEBUG - NOTE: You shoud never load build environments inside submitted jobs.
2025-03-11 19:28:57,263 - isca - DEBUG - (with the single exception of when using supercomputer time to compile code.)
2025-03-11 19:28:57,263 - isca - DEBUG - 
2025-03-11 19:28:58,702 - isca - DEBUG - NOTE from PE    0: MPP_DOMAINS_SET_STACK_SIZE: stack size set to    32768.
2025-03-11 19:28:58,702 - isca - DEBUG - &MPP_IO_NML
2025-03-11 19:28:58,702 - isca - DEBUG - HEADER_BUFFER_VAL       =       16384,
2025-03-11 19:28:58,703 - isca - DEBUG - GLOBAL_FIELD_ON_ROOT_PE = T,
2025-03-11 19:28:58,703 - isca - DEBUG - IO_CLOCKS_ON    = F,
2025-03-11 19:28:58,703 - isca - DEBUG - SHUFFLE =           0,
2025-03-11 19:28:58,703 - isca - DEBUG - DEFLATE_LEVEL   =          -1
2025-03-11 19:28:58,703 - isca - DEBUG - /
2025-03-11 19:28:58,704 - isca - DEBUG - NOTE from PE    0: MPP_IO_SET_STACK_SIZE: stack size set to     131072.
2025-03-11 19:28:58,705 - isca - DEBUG - NOTE from PE    0: MPP_DOMAINS_SET_STACK_SIZE: stack size set to   600000.
2025-03-11 19:28:58,713 - isca - DEBUG - starting            1  OpenMP threads per MPI-task
2025-03-11 19:28:58,715 - isca - DEBUG - ATMOS MODEL DOMAIN DECOMPOSITION
2025-03-11 19:28:58,715 - isca - DEBUG - X-AXIS =  128
2025-03-11 19:28:58,715 - isca - DEBUG - Y-AXIS =    4   4   4   4   4   4   4   4   4   4   4   4   4   4   4   4
2025-03-11 19:28:58,761 - isca - DEBUG - NOTE from PE    0: cloud_simple: Using SimCloud cloud scheme
2025-03-11 19:28:58,762 - isca - DEBUG - NOTE from PE    0: ls_cloud: Using linear cloud fraction diagnostic formula.
2025-03-11 19:28:58,762 - isca - DEBUG - NOTE from PE    0: cloud_cover: The cloud overlap assumption is MAXIMUM-RANDOM
2025-03-11 19:28:58,762 - isca - DEBUG - NOTE from PE    0: idealized_moist_phys: Using Frierson Quasi-Equilibrium convection scheme.
2025-03-11 19:28:58,766 - isca - DEBUG - 
2025-03-11 19:28:58,767 - isca - DEBUG - 
2025-03-11 19:28:58,767 - isca - WARNING - WARNING from PE    5: socrates_init: dt_rad does not fit into one day an integer number of times
2025-03-11 19:28:58,767 - isca - DEBUG - 
2025-03-11 19:28:58,767 - isca - DEBUG - 
2025-03-11 19:28:58,767 - isca - WARNING - WARNING from PE    6: socrates_init: dt_rad does not fit into one day an integer number of times
2025-03-11 19:28:58,767 - isca - DEBUG - 
2025-03-11 19:28:58,767 - isca - WARNING - WARNING from PE    2: socrates_init: dt_rad does not fit into one day an integer number of times
2025-03-11 19:28:58,767 - isca - DEBUG - 
2025-03-11 19:28:58,767 - isca - WARNING - WARNING from PE    1: socrates_init: dt_rad does not fit into one day an integer number of times
2025-03-11 19:28:58,767 - isca - DEBUG - 
2025-03-11 19:28:58,767 - isca - DEBUG - 
2025-03-11 19:28:58,767 - isca - DEBUG - 
2025-03-11 19:28:58,767 - isca - WARNING - WARNING from PE    4: socrates_init: dt_rad does not fit into one day an integer number of times
2025-03-11 19:28:58,767 - isca - DEBUG - 
2025-03-11 19:28:58,771 - isca - DEBUG - 
2025-03-11 19:28:58,772 - isca - WARNING - WARNING from PE   13: socrates_init: dt_rad does not fit into one day an integer number of times
2025-03-11 19:28:58,772 - isca - DEBUG - 
2025-03-11 19:28:58,772 - isca - DEBUG - 
2025-03-11 19:28:58,772 - isca - WARNING - WARNING from PE    0: socrates_init: dt_rad does not fit into one day an integer number of times
2025-03-11 19:28:58,772 - isca - DEBUG - 
2025-03-11 19:28:58,772 - isca - DEBUG - 
2025-03-11 19:28:58,772 - isca - WARNING - WARNING from PE    0: socrates_init: dt_rad does not fit into one day an integer number of times
2025-03-11 19:28:58,772 - isca - DEBUG - 
2025-03-11 19:28:58,772 - isca - DEBUG - 
2025-03-11 19:28:58,772 - isca - WARNING - WARNING from PE    0: socrates_init: lw_hires_spectral_filename is unset, making equal to lw_spectral_filename
2025-03-11 19:28:58,772 - isca - DEBUG - 
2025-03-11 19:28:58,772 - isca - DEBUG - 
2025-03-11 19:28:58,772 - isca - WARNING - WARNING from PE    0: socrates_init: lw_hires_spectral_filename is unset, making equal to lw_spectral_filename
2025-03-11 19:28:58,772 - isca - DEBUG - 
2025-03-11 19:28:58,772 - isca - DEBUG - 
2025-03-11 19:28:58,772 - isca - WARNING - WARNING from PE    0: socrates_init: sw_hires_spectral_filename is unset, making equal to sw_spectral_filename
2025-03-11 19:28:58,772 - isca - DEBUG - 
2025-03-11 19:28:58,772 - isca - DEBUG - 
2025-03-11 19:28:58,772 - isca - WARNING - WARNING from PE    0: socrates_init: sw_hires_spectral_filename is unset, making equal to sw_spectral_filename
2025-03-11 19:28:58,772 - isca - DEBUG - 
2025-03-11 19:28:58,773 - isca - DEBUG - 
2025-03-11 19:28:58,773 - isca - WARNING - WARNING from PE   11: socrates_init: dt_rad does not fit into one day an integer number of times
2025-03-11 19:28:58,773 - isca - DEBUG - 
2025-03-11 19:28:58,773 - isca - WARNING - WARNING from PE   10: socrates_init: dt_rad does not fit into one day an integer number of times
2025-03-11 19:28:58,773 - isca - DEBUG - 
2025-03-11 19:28:58,774 - isca - DEBUG - 
2025-03-11 19:28:58,774 - isca - DEBUG - 
2025-03-11 19:28:58,774 - isca - WARNING - WARNING from PE   15: socrates_init: dt_rad does not fit into one day an integer number of times
2025-03-11 19:28:58,774 - isca - DEBUG - 
2025-03-11 19:28:58,774 - isca - DEBUG - 
2025-03-11 19:28:58,774 - isca - DEBUG - 
2025-03-11 19:28:58,774 - isca - WARNING - WARNING from PE    8: socrates_init: dt_rad does not fit into one day an integer number of times
2025-03-11 19:28:58,774 - isca - DEBUG - 
2025-03-11 19:28:58,774 - isca - WARNING - WARNING from PE    7: socrates_init: dt_rad does not fit into one day an integer number of times
2025-03-11 19:28:58,774 - isca - DEBUG - 
2025-03-11 19:28:58,774 - isca - DEBUG - 
2025-03-11 19:28:58,774 - isca - WARNING - WARNING from PE    9: socrates_init: dt_rad does not fit into one day an integer number of times
2025-03-11 19:28:58,774 - isca - DEBUG - 
2025-03-11 19:28:58,774 - isca - DEBUG - 
2025-03-11 19:28:58,774 - isca - DEBUG - 
2025-03-11 19:28:58,774 - isca - WARNING - WARNING from PE   12: socrates_init: dt_rad does not fit into one day an integer number of times
2025-03-11 19:28:58,774 - isca - DEBUG - 
2025-03-11 19:28:58,775 - isca - WARNING - WARNING from PE   14: socrates_init: dt_rad does not fit into one day an integer number of times
2025-03-11 19:28:58,775 - isca - DEBUG - 
2025-03-11 19:28:58,778 - isca - DEBUG - 
2025-03-11 19:28:58,778 - isca - WARNING - WARNING from PE    3: socrates_init: dt_rad does not fit into one day an integer number of times
2025-03-11 19:28:58,778 - isca - DEBUG - 
2025-03-11 19:28:59,970 - isca - DEBUG - NOTE from PE    0: Interpolator: Using input file with no time dimension - ozone_1990_notime_zero.nc
2025-03-11 19:28:59,970 - isca - DEBUG - Initializing src field : ozone_1990
2025-03-11 19:28:59,971 - isca - DEBUG - 
2025-03-11 19:28:59,971 - isca - DEBUG - -----------------------------------
2025-03-11 19:28:59,971 - isca - DEBUG - ____                       _
2025-03-11 19:28:59,971 - isca - DEBUG - / ___|  ___   ___ _ __ __ _| |_ ___  ___
2025-03-11 19:28:59,972 - isca - DEBUG - \___ \ / _ \ / __|  __/ _` | __/ _ \/ __|
2025-03-11 19:28:59,972 - isca - DEBUG - ___) | (_) | (__| | | (_| | ||  __/\__ \
2025-03-11 19:28:59,972 - isca - DEBUG - |____/ \___/ \___|_|  \__,_|\__\___||___/
2025-03-11 19:28:59,972 - isca - DEBUG - 
2025-03-11 19:28:59,972 - isca - DEBUG - Initialised Socrates v17.03
2025-03-11 19:28:59,972 - isca - DEBUG - Stellar constant =    1400.00000000000
2025-03-11 19:28:59,972 - isca - DEBUG - Longwave spectral file =
2025-03-11 19:28:59,972 - isca - DEBUG - /proj/bolinc/users/x_ryabo/socrates_edited_for_isca/spectral_files_for_GCMs/Sun
2025-03-11 19:28:59,972 - isca - DEBUG - /miniSuran_lw.sf WITH           16  bands
2025-03-11 19:28:59,972 - isca - DEBUG - Longwave hires spectral file =
2025-03-11 19:28:59,972 - isca - DEBUG - /proj/bolinc/users/x_ryabo/socrates_edited_for_isca/spectral_files_for_GCMs/Sun
2025-03-11 19:28:59,972 - isca - DEBUG - /miniSuran_lw.sf WITH           16  bands
2025-03-11 19:28:59,972 - isca - DEBUG - Shortwave spectral file =
2025-03-11 19:28:59,972 - isca - DEBUG - /proj/bolinc/users/x_ryabo/socrates_edited_for_isca/spectral_files_for_GCMs/Sun
2025-03-11 19:28:59,972 - isca - DEBUG - /miniSuran_sw.sf WITH           16  bands
2025-03-11 19:28:59,972 - isca - DEBUG - Shortwave hires spectral file =
2025-03-11 19:28:59,972 - isca - DEBUG - /proj/bolinc/users/x_ryabo/socrates_edited_for_isca/spectral_files_for_GCMs/Sun
2025-03-11 19:28:59,972 - isca - DEBUG - /miniSuran_sw.sf WITH           16  bands
2025-03-11 19:28:59,972 - isca - DEBUG - 
2025-03-11 19:28:59,972 - isca - DEBUG - -----------------------------------
2025-03-11 19:28:59,972 - isca - DEBUG - 
2025-03-11 19:29:33,795 - isca - DEBUG - Integration completed through    61 days     0 seconds
2025-03-11 19:30:07,746 - isca - DEBUG - Integration completed through    62 days     0 seconds
2025-03-11 19:30:41,537 - isca - DEBUG - Integration completed through    63 days     0 seconds
2025-03-11 19:31:17,037 - isca - DEBUG - Integration completed through    64 days     0 seconds
2025-03-11 19:31:51,616 - isca - DEBUG - Integration completed through    65 days     0 seconds
2025-03-11 19:32:25,451 - isca - DEBUG - Integration completed through    66 days     0 seconds
2025-03-11 19:32:59,391 - isca - DEBUG - Integration completed through    67 days     0 seconds
2025-03-11 19:33:33,244 - isca - DEBUG - Integration completed through    68 days     0 seconds
2025-03-11 19:34:07,826 - isca - DEBUG - Integration completed through    69 days     0 seconds
2025-03-11 19:34:42,272 - isca - DEBUG - Integration completed through    70 days     0 seconds
2025-03-11 19:35:16,690 - isca - DEBUG - Integration completed through    71 days     0 seconds
2025-03-11 19:35:51,106 - isca - DEBUG - Integration completed through    72 days     0 seconds
2025-03-11 19:36:25,593 - isca - DEBUG - Integration completed through    73 days     0 seconds
2025-03-11 19:36:59,114 - isca - DEBUG - Integration completed through    74 days     0 seconds
2025-03-11 19:37:32,608 - isca - DEBUG - Integration completed through    75 days     0 seconds
2025-03-11 19:38:06,434 - isca - DEBUG - Integration completed through    76 days     0 seconds
2025-03-11 19:38:40,890 - isca - DEBUG - Integration completed through    77 days     0 seconds
2025-03-11 19:39:15,518 - isca - DEBUG - Integration completed through    78 days     0 seconds
2025-03-11 19:39:49,727 - isca - DEBUG - Integration completed through    79 days     0 seconds
2025-03-11 19:40:23,861 - isca - DEBUG - Integration completed through    80 days     0 seconds
2025-03-11 19:40:57,756 - isca - DEBUG - Integration completed through    81 days     0 seconds
2025-03-11 19:41:32,335 - isca - DEBUG - Integration completed through    82 days     0 seconds
2025-03-11 19:42:07,134 - isca - DEBUG - Integration completed through    83 days     0 seconds
2025-03-11 19:42:41,619 - isca - DEBUG - Integration completed through    84 days     0 seconds
2025-03-11 19:43:15,510 - isca - DEBUG - Integration completed through    85 days     0 seconds
2025-03-11 19:43:49,221 - isca - DEBUG - Integration completed through    86 days     0 seconds
2025-03-11 19:44:23,000 - isca - DEBUG - Integration completed through    87 days     0 seconds
2025-03-11 19:44:56,699 - isca - DEBUG - Integration completed through    88 days     0 seconds
2025-03-11 19:45:30,646 - isca - DEBUG - Integration completed through    89 days     0 seconds
2025-03-11 19:46:05,234 - isca - DEBUG - Integration completed through    90 days     0 seconds
2025-03-11 19:46:05,241 - isca - DEBUG - 
2025-03-11 19:46:05,241 - isca - WARNING - WARNING from PE    0: diag_util_mod::opening_file: module/field_name (socrates/soc_toa_sw_down_clr) NOT registered
2025-03-11 19:46:05,241 - isca - DEBUG - 
2025-03-11 19:46:05,241 - isca - WARNING - WARNING from PE    0: diag_util_mod::opening_file: module/field_name (socrates/soc_toa_sw_down_clr) NOT registered
2025-03-11 19:46:05,241 - isca - DEBUG - 
2025-03-11 19:46:05,241 - isca - DEBUG - 
2025-03-11 19:46:05,241 - isca - WARNING - WARNING from PE    0: diag_util_mod::opening_file: module/field_name (cloud_simple/rh_min) NOT registered
2025-03-11 19:46:05,241 - isca - DEBUG - 
2025-03-11 19:46:05,241 - isca - DEBUG - 
2025-03-11 19:46:05,242 - isca - WARNING - WARNING from PE    0: diag_util_mod::opening_file: module/field_name (cloud_simple/rh_min) NOT registered
2025-03-11 19:46:05,242 - isca - DEBUG - 
2025-03-11 19:46:05,242 - isca - DEBUG - 
2025-03-11 19:46:05,250 - isca - DEBUG - NOTE from PE    0: MPP_IO_SET_STACK_SIZE: stack size set to     327680.
2025-03-11 19:46:05,402 - isca - DEBUG - MPP_DOMAINS_STACK high water mark=       40960
2025-03-11 19:46:05,402 - isca - DEBUG - 
2025-03-11 19:46:05,402 - isca - DEBUG - Tabulating mpp_clock statistics across     16 PEs...
2025-03-11 19:46:05,403 - isca - DEBUG - 
2025-03-11 19:46:05,403 - isca - DEBUG - tmin          tmax          tavg          tstd  tfrac grain pemin pemax
2025-03-11 19:46:05,403 - isca - DEBUG - Total runtime                      1026.699372   1026.704080   1026.701995      0.001375  1.000     0     0    15
2025-03-11 19:46:05,403 - isca - DEBUG - MPP_STACK high water mark=           0
2025-03-11 19:46:05,538 - isca - INFO - Run 3 complete
2025-03-11 19:46:06,460 - isca - DEBUG - atmos_monthly.nc combined and copied to data directory
2025-03-11 19:46:09,594 - isca - INFO - Restart archive created at /proj/bolinc/users/x_ryabo/Isca-Ryan_outputs/planetb_presentdayEarth_rot0_Sun_noO3/restarts/res0003.tar.gz
2025-03-11 19:46:09,607 - isca - INFO - Writing namelist to '/proj/bolinc/users/x_ryabo/Isca-Ryan_outputs/planetb_presentdayEarth_rot0_Sun_noO3/run0003/input.nml'
2025-03-11 19:46:09,609 - isca - INFO - Writing field_table to '/proj/bolinc/users/x_ryabo/Isca-Ryan_outputs/planetb_presentdayEarth_rot0_Sun_noO3/run0003/field_table'
2025-03-11 19:46:09,619 - isca - INFO - Writing diag_table to '/proj/bolinc/users/x_ryabo/Isca-Ryan_outputs/planetb_presentdayEarth_rot0_Sun_noO3/run0003/diag_table'
2025-03-11 19:46:09,717 - isca - INFO - Emptied run directory '/home/x_ryabo/Isca-Ryan_tmp/experiment/planetb_presentdayEarth_rot0_Sun_noO3/run'
2025-03-11 19:46:09,736 - isca - INFO - Emptied run directory '/home/x_ryabo/Isca-Ryan_tmp/experiment/planetb_presentdayEarth_rot0_Sun_noO3/run'
2025-03-11 19:46:09,812 - isca - INFO - Writing namelist to '/home/x_ryabo/Isca-Ryan_tmp/experiment/planetb_presentdayEarth_rot0_Sun_noO3/run/input.nml'
2025-03-11 19:46:09,814 - isca - INFO - Writing field_table to '/home/x_ryabo/Isca-Ryan_tmp/experiment/planetb_presentdayEarth_rot0_Sun_noO3/run/field_table'
2025-03-11 19:46:09,824 - isca - INFO - Writing diag_table to '/home/x_ryabo/Isca-Ryan_tmp/experiment/planetb_presentdayEarth_rot0_Sun_noO3/run/diag_table'
2025-03-11 19:46:09,838 - isca - INFO - Using restart file '/proj/bolinc/users/x_ryabo/Isca-Ryan_outputs/planetb_presentdayEarth_rot0_Sun_noO3/restarts/res0003.tar.gz'
2025-03-11 19:46:10,226 - isca - INFO - Restart /proj/bolinc/users/x_ryabo/Isca-Ryan_outputs/planetb_presentdayEarth_rot0_Sun_noO3/restarts/res0003.tar.gz extracted to /home/x_ryabo/Isca-Ryan_tmp/experiment/planetb_presentdayEarth_rot0_Sun_noO3/run/INPUT
2025-03-11 19:46:10,227 - isca - INFO - Beginning run 4
2025-03-11 19:46:10,238 - isca - INFO - process running as 3840701
2025-03-11 19:46:10,238 - isca - DEBUG - loadmodules for Isca on NSC cluster Tetralith
2025-03-11 19:46:10,238 - isca - DEBUG - mpiifort
2025-03-11 19:46:10,347 - isca - DEBUG - The following modules were not unloaded:
2025-03-11 19:46:10,348 - isca - DEBUG - (Use "module --force purge" to unload all):
2025-03-11 19:46:10,348 - isca - DEBUG - 
2025-03-11 19:46:10,348 - isca - DEBUG - 1) hpc/.1.10.1
2025-03-11 19:46:10,454 - isca - DEBUG - ***************************************************
2025-03-11 19:46:10,454 - isca - DEBUG - You have loaded a buildenv module
2025-03-11 19:46:10,454 - isca - DEBUG - ***************************************************
2025-03-11 19:46:10,454 - isca - DEBUG - The buldenv-intel module makes available:
2025-03-11 19:46:10,454 - isca - DEBUG - - Compilers: icc, ifort, etc.
2025-03-11 19:46:10,454 - isca - DEBUG - - Mpi library with mpi-wrapped compilers: intel mpi with mpicc, mpifort, etc.
2025-03-11 19:46:10,454 - isca - DEBUG - - Numerical libraries: intel MKL
2025-03-11 19:46:10,454 - isca - DEBUG - 
2025-03-11 19:46:10,454 - isca - DEBUG - It also makes a set of dependency library modules available via
2025-03-11 19:46:10,454 - isca - DEBUG - the regular module command. Just do:
2025-03-11 19:46:10,454 - isca - DEBUG - module avail
2025-03-11 19:46:10,454 - isca - DEBUG - to see what is available.
2025-03-11 19:46:10,454 - isca - DEBUG - 
2025-03-11 19:46:10,454 - isca - DEBUG - NOTE: You shoud never load build environments inside submitted jobs.
2025-03-11 19:46:10,454 - isca - DEBUG - (with the single exception of when using supercomputer time to compile code.)
2025-03-11 19:46:10,454 - isca - DEBUG - 
2025-03-11 19:46:11,705 - isca - DEBUG - NOTE from PE    0: MPP_DOMAINS_SET_STACK_SIZE: stack size set to    32768.
2025-03-11 19:46:11,705 - isca - DEBUG - &MPP_IO_NML
2025-03-11 19:46:11,705 - isca - DEBUG - HEADER_BUFFER_VAL       =       16384,
2025-03-11 19:46:11,705 - isca - DEBUG - GLOBAL_FIELD_ON_ROOT_PE = T,
2025-03-11 19:46:11,705 - isca - DEBUG - IO_CLOCKS_ON    = F,
2025-03-11 19:46:11,705 - isca - DEBUG - SHUFFLE =           0,
2025-03-11 19:46:11,705 - isca - DEBUG - DEFLATE_LEVEL   =          -1
2025-03-11 19:46:11,705 - isca - DEBUG - /
2025-03-11 19:46:11,706 - isca - DEBUG - NOTE from PE    0: MPP_IO_SET_STACK_SIZE: stack size set to     131072.
2025-03-11 19:46:11,707 - isca - DEBUG - NOTE from PE    0: MPP_DOMAINS_SET_STACK_SIZE: stack size set to   600000.
2025-03-11 19:46:11,715 - isca - DEBUG - starting            1  OpenMP threads per MPI-task
2025-03-11 19:46:11,717 - isca - DEBUG - ATMOS MODEL DOMAIN DECOMPOSITION
2025-03-11 19:46:11,717 - isca - DEBUG - X-AXIS =  128
2025-03-11 19:46:11,717 - isca - DEBUG - Y-AXIS =    4   4   4   4   4   4   4   4   4   4   4   4   4   4   4   4
2025-03-11 19:46:11,766 - isca - DEBUG - 
2025-03-11 19:46:11,767 - isca - WARNING - WARNING from PE    6: socrates_init: dt_rad does not fit into one day an integer number of times
2025-03-11 19:46:11,767 - isca - DEBUG - 
2025-03-11 19:46:11,767 - isca - DEBUG - 
2025-03-11 19:46:11,767 - isca - WARNING - WARNING from PE    3: socrates_init: dt_rad does not fit into one day an integer number of times
2025-03-11 19:46:11,767 - isca - DEBUG - 
2025-03-11 19:46:11,767 - isca - DEBUG - 
2025-03-11 19:46:11,767 - isca - WARNING - WARNING from PE    4: socrates_init: dt_rad does not fit into one day an integer number of times
2025-03-11 19:46:11,767 - isca - DEBUG - 
2025-03-11 19:46:11,769 - isca - DEBUG - 
2025-03-11 19:46:11,770 - isca - WARNING - WARNING from PE    1: socrates_init: dt_rad does not fit into one day an integer number of times
2025-03-11 19:46:11,770 - isca - DEBUG - 
2025-03-11 19:46:11,770 - isca - DEBUG - 
2025-03-11 19:46:11,770 - isca - WARNING - WARNING from PE    5: socrates_init: dt_rad does not fit into one day an integer number of times
2025-03-11 19:46:11,770 - isca - DEBUG - 
2025-03-11 19:46:11,771 - isca - DEBUG - NOTE from PE    0: cloud_simple: Using SimCloud cloud scheme
2025-03-11 19:46:11,772 - isca - DEBUG - 
2025-03-11 19:46:11,772 - isca - DEBUG - NOTE from PE    0: ls_cloud: Using linear cloud fraction diagnostic formula.
2025-03-11 19:46:11,772 - isca - WARNING - WARNING from PE    2: socrates_init: dt_rad does not fit into one day an integer number of times
2025-03-11 19:46:11,772 - isca - DEBUG - 
2025-03-11 19:46:11,772 - isca - DEBUG - NOTE from PE    0: cloud_cover: The cloud overlap assumption is MAXIMUM-RANDOM
2025-03-11 19:46:11,772 - isca - DEBUG - NOTE from PE    0: idealized_moist_phys: Using Frierson Quasi-Equilibrium convection scheme.
2025-03-11 19:46:11,774 - isca - DEBUG - 
2025-03-11 19:46:11,774 - isca - WARNING - WARNING from PE   10: socrates_init: dt_rad does not fit into one day an integer number of times
2025-03-11 19:46:11,774 - isca - DEBUG - 
2025-03-11 19:46:11,775 - isca - DEBUG - 
2025-03-11 19:46:11,775 - isca - WARNING - WARNING from PE    9: socrates_init: dt_rad does not fit into one day an integer number of times
2025-03-11 19:46:11,775 - isca - DEBUG - 
2025-03-11 19:46:11,775 - isca - DEBUG - 
2025-03-11 19:46:11,775 - isca - WARNING - WARNING from PE   14: socrates_init: dt_rad does not fit into one day an integer number of times
2025-03-11 19:46:11,775 - isca - DEBUG - 
2025-03-11 19:46:11,776 - isca - DEBUG - 
2025-03-11 19:46:11,776 - isca - WARNING - WARNING from PE   15: socrates_init: dt_rad does not fit into one day an integer number of times
2025-03-11 19:46:11,776 - isca - DEBUG - 
2025-03-11 19:46:11,776 - isca - DEBUG - 
2025-03-11 19:46:11,776 - isca - WARNING - WARNING from PE   11: socrates_init: dt_rad does not fit into one day an integer number of times
2025-03-11 19:46:11,776 - isca - DEBUG - 
2025-03-11 19:46:11,776 - isca - DEBUG - 
2025-03-11 19:46:11,776 - isca - WARNING - WARNING from PE    7: socrates_init: dt_rad does not fit into one day an integer number of times
2025-03-11 19:46:11,776 - isca - DEBUG - 
2025-03-11 19:46:11,776 - isca - DEBUG - 
2025-03-11 19:46:11,776 - isca - WARNING - WARNING from PE    8: socrates_init: dt_rad does not fit into one day an integer number of times
2025-03-11 19:46:11,776 - isca - DEBUG - 
2025-03-11 19:46:11,776 - isca - DEBUG - 
2025-03-11 19:46:11,776 - isca - WARNING - WARNING from PE   12: socrates_init: dt_rad does not fit into one day an integer number of times
2025-03-11 19:46:11,776 - isca - DEBUG - 
2025-03-11 19:46:11,776 - isca - DEBUG - 
2025-03-11 19:46:11,776 - isca - WARNING - WARNING from PE   13: socrates_init: dt_rad does not fit into one day an integer number of times
2025-03-11 19:46:11,776 - isca - DEBUG - 
2025-03-11 19:46:11,782 - isca - DEBUG - 
2025-03-11 19:46:11,782 - isca - WARNING - WARNING from PE    0: socrates_init: dt_rad does not fit into one day an integer number of times
2025-03-11 19:46:11,782 - isca - DEBUG - 
2025-03-11 19:46:11,782 - isca - DEBUG - 
2025-03-11 19:46:11,782 - isca - WARNING - WARNING from PE    0: socrates_init: dt_rad does not fit into one day an integer number of times
2025-03-11 19:46:11,782 - isca - DEBUG - 
2025-03-11 19:46:11,782 - isca - DEBUG - 
2025-03-11 19:46:11,782 - isca - WARNING - WARNING from PE    0: socrates_init: lw_hires_spectral_filename is unset, making equal to lw_spectral_filename
2025-03-11 19:46:11,782 - isca - DEBUG - 
2025-03-11 19:46:11,782 - isca - DEBUG - 
2025-03-11 19:46:11,782 - isca - WARNING - WARNING from PE    0: socrates_init: lw_hires_spectral_filename is unset, making equal to lw_spectral_filename
2025-03-11 19:46:11,782 - isca - DEBUG - 
2025-03-11 19:46:11,782 - isca - DEBUG - 
2025-03-11 19:46:11,782 - isca - WARNING - WARNING from PE    0: socrates_init: sw_hires_spectral_filename is unset, making equal to sw_spectral_filename
2025-03-11 19:46:11,782 - isca - DEBUG - 
2025-03-11 19:46:11,782 - isca - DEBUG - 
2025-03-11 19:46:11,782 - isca - WARNING - WARNING from PE    0: socrates_init: sw_hires_spectral_filename is unset, making equal to sw_spectral_filename
2025-03-11 19:46:11,782 - isca - DEBUG - 
2025-03-11 19:46:12,966 - isca - DEBUG - NOTE from PE    0: Interpolator: Using input file with no time dimension - ozone_1990_notime_zero.nc
2025-03-11 19:46:12,966 - isca - DEBUG - Initializing src field : ozone_1990
2025-03-11 19:46:12,969 - isca - DEBUG - 
2025-03-11 19:46:12,969 - isca - DEBUG - -----------------------------------
2025-03-11 19:46:12,969 - isca - DEBUG - ____                       _
2025-03-11 19:46:12,969 - isca - DEBUG - / ___|  ___   ___ _ __ __ _| |_ ___  ___
2025-03-11 19:46:12,969 - isca - DEBUG - \___ \ / _ \ / __|  __/ _` | __/ _ \/ __|
2025-03-11 19:46:12,969 - isca - DEBUG - ___) | (_) | (__| | | (_| | ||  __/\__ \
2025-03-11 19:46:12,969 - isca - DEBUG - |____/ \___/ \___|_|  \__,_|\__\___||___/
2025-03-11 19:46:12,969 - isca - DEBUG - 
2025-03-11 19:46:12,969 - isca - DEBUG - Initialised Socrates v17.03
2025-03-11 19:46:12,969 - isca - DEBUG - Stellar constant =    1400.00000000000
2025-03-11 19:46:12,969 - isca - DEBUG - Longwave spectral file =
2025-03-11 19:46:12,969 - isca - DEBUG - /proj/bolinc/users/x_ryabo/socrates_edited_for_isca/spectral_files_for_GCMs/Sun
2025-03-11 19:46:12,969 - isca - DEBUG - /miniSuran_lw.sf WITH           16  bands
2025-03-11 19:46:12,969 - isca - DEBUG - Longwave hires spectral file =
2025-03-11 19:46:12,969 - isca - DEBUG - /proj/bolinc/users/x_ryabo/socrates_edited_for_isca/spectral_files_for_GCMs/Sun
2025-03-11 19:46:12,969 - isca - DEBUG - /miniSuran_lw.sf WITH           16  bands
2025-03-11 19:46:12,969 - isca - DEBUG - Shortwave spectral file =
2025-03-11 19:46:12,969 - isca - DEBUG - /proj/bolinc/users/x_ryabo/socrates_edited_for_isca/spectral_files_for_GCMs/Sun
2025-03-11 19:46:12,969 - isca - DEBUG - /miniSuran_sw.sf WITH           16  bands
2025-03-11 19:46:12,969 - isca - DEBUG - Shortwave hires spectral file =
2025-03-11 19:46:12,969 - isca - DEBUG - /proj/bolinc/users/x_ryabo/socrates_edited_for_isca/spectral_files_for_GCMs/Sun
2025-03-11 19:46:12,969 - isca - DEBUG - /miniSuran_sw.sf WITH           16  bands
2025-03-11 19:46:12,969 - isca - DEBUG - 
2025-03-11 19:46:12,969 - isca - DEBUG - -----------------------------------
2025-03-11 19:46:12,969 - isca - DEBUG - 
2025-03-11 19:46:47,655 - isca - DEBUG - Integration completed through    91 days     0 seconds
2025-03-11 19:47:21,950 - isca - DEBUG - Integration completed through    92 days     0 seconds
2025-03-11 19:47:56,073 - isca - DEBUG - Integration completed through    93 days     0 seconds
2025-03-11 19:48:29,935 - isca - DEBUG - Integration completed through    94 days     0 seconds
2025-03-11 19:49:03,788 - isca - DEBUG - Integration completed through    95 days     0 seconds
2025-03-11 19:49:37,776 - isca - DEBUG - Integration completed through    96 days     0 seconds
2025-03-11 19:50:11,848 - isca - DEBUG - Integration completed through    97 days     0 seconds
2025-03-11 19:50:46,062 - isca - DEBUG - Integration completed through    98 days     0 seconds
2025-03-11 19:51:20,113 - isca - DEBUG - Integration completed through    99 days     0 seconds
2025-03-11 19:51:54,112 - isca - DEBUG - Integration completed through   100 days     0 seconds
2025-03-11 19:52:28,037 - isca - DEBUG - Integration completed through   101 days     0 seconds
2025-03-11 19:53:01,798 - isca - DEBUG - Integration completed through   102 days     0 seconds
2025-03-11 19:53:35,524 - isca - DEBUG - Integration completed through   103 days     0 seconds
2025-03-11 19:54:09,108 - isca - DEBUG - Integration completed through   104 days     0 seconds
2025-03-11 19:54:42,590 - isca - DEBUG - Integration completed through   105 days     0 seconds
2025-03-11 19:55:16,791 - isca - DEBUG - Integration completed through   106 days     0 seconds
2025-03-11 19:55:51,643 - isca - DEBUG - Integration completed through   107 days     0 seconds
2025-03-11 19:56:26,482 - isca - DEBUG - Integration completed through   108 days     0 seconds
2025-03-11 19:57:01,123 - isca - DEBUG - Integration completed through   109 days     0 seconds
2025-03-11 19:57:35,114 - isca - DEBUG - Integration completed through   110 days     0 seconds
2025-03-11 19:58:08,842 - isca - DEBUG - Integration completed through   111 days     0 seconds
2025-03-11 19:58:42,590 - isca - DEBUG - Integration completed through   112 days     0 seconds
2025-03-11 19:59:16,679 - isca - DEBUG - Integration completed through   113 days     0 seconds
2025-03-11 19:59:51,263 - isca - DEBUG - Integration completed through   114 days     0 seconds
2025-03-11 20:00:25,555 - isca - DEBUG - Integration completed through   115 days     0 seconds
2025-03-11 20:00:59,798 - isca - DEBUG - Integration completed through   116 days     0 seconds
2025-03-11 20:01:34,356 - isca - DEBUG - Integration completed through   117 days     0 seconds
2025-03-11 20:02:08,203 - isca - DEBUG - Integration completed through   118 days     0 seconds
2025-03-11 20:02:41,962 - isca - DEBUG - Integration completed through   119 days     0 seconds
2025-03-11 20:03:15,761 - isca - DEBUG - Integration completed through   120 days     0 seconds
2025-03-11 20:03:15,785 - isca - DEBUG - 
2025-03-11 20:03:15,785 - isca - WARNING - WARNING from PE    0: diag_util_mod::opening_file: module/field_name (socrates/soc_toa_sw_down_clr) NOT registered
2025-03-11 20:03:15,785 - isca - DEBUG - 
2025-03-11 20:03:15,785 - isca - DEBUG - 
2025-03-11 20:03:15,785 - isca - WARNING - WARNING from PE    0: diag_util_mod::opening_file: module/field_name (cloud_simple/rh_min) NOT registered
2025-03-11 20:03:15,785 - isca - DEBUG - 
2025-03-11 20:03:15,785 - isca - DEBUG - 
2025-03-11 20:03:15,786 - isca - WARNING - WARNING from PE    0: diag_util_mod::opening_file: module/field_name (socrates/soc_toa_sw_down_clr) NOT registered
2025-03-11 20:03:15,786 - isca - DEBUG - 
2025-03-11 20:03:15,786 - isca - DEBUG - 
2025-03-11 20:03:15,786 - isca - WARNING - WARNING from PE    0: diag_util_mod::opening_file: module/field_name (cloud_simple/rh_min) NOT registered
2025-03-11 20:03:15,786 - isca - DEBUG - 
2025-03-11 20:03:15,794 - isca - DEBUG - NOTE from PE    0: MPP_IO_SET_STACK_SIZE: stack size set to     327680.
2025-03-11 20:03:15,880 - isca - DEBUG - MPP_DOMAINS_STACK high water mark=       40960
2025-03-11 20:03:15,880 - isca - DEBUG - 
2025-03-11 20:03:15,881 - isca - DEBUG - Tabulating mpp_clock statistics across     16 PEs...
2025-03-11 20:03:15,881 - isca - DEBUG - 
2025-03-11 20:03:15,881 - isca - DEBUG - tmin          tmax          tavg          tstd  tfrac grain pemin pemax
2025-03-11 20:03:15,881 - isca - DEBUG - Total runtime                      1024.173335   1024.179902   1024.177157      0.001840  1.000     0     0    15
2025-03-11 20:03:15,882 - isca - DEBUG - MPP_STACK high water mark=           0
2025-03-11 20:03:16,019 - isca - INFO - Run 4 complete
2025-03-11 20:03:16,966 - isca - DEBUG - atmos_monthly.nc combined and copied to data directory
2025-03-11 20:03:20,037 - isca - INFO - Restart archive created at /proj/bolinc/users/x_ryabo/Isca-Ryan_outputs/planetb_presentdayEarth_rot0_Sun_noO3/restarts/res0004.tar.gz
2025-03-11 20:03:20,071 - isca - INFO - Writing namelist to '/proj/bolinc/users/x_ryabo/Isca-Ryan_outputs/planetb_presentdayEarth_rot0_Sun_noO3/run0004/input.nml'
2025-03-11 20:03:20,073 - isca - INFO - Writing field_table to '/proj/bolinc/users/x_ryabo/Isca-Ryan_outputs/planetb_presentdayEarth_rot0_Sun_noO3/run0004/field_table'
2025-03-11 20:03:20,084 - isca - INFO - Writing diag_table to '/proj/bolinc/users/x_ryabo/Isca-Ryan_outputs/planetb_presentdayEarth_rot0_Sun_noO3/run0004/diag_table'
2025-03-11 20:03:20,184 - isca - INFO - Emptied run directory '/home/x_ryabo/Isca-Ryan_tmp/experiment/planetb_presentdayEarth_rot0_Sun_noO3/run'
2025-03-11 20:03:20,202 - isca - INFO - Emptied run directory '/home/x_ryabo/Isca-Ryan_tmp/experiment/planetb_presentdayEarth_rot0_Sun_noO3/run'
2025-03-11 20:03:20,280 - isca - INFO - Writing namelist to '/home/x_ryabo/Isca-Ryan_tmp/experiment/planetb_presentdayEarth_rot0_Sun_noO3/run/input.nml'
2025-03-11 20:03:20,281 - isca - INFO - Writing field_table to '/home/x_ryabo/Isca-Ryan_tmp/experiment/planetb_presentdayEarth_rot0_Sun_noO3/run/field_table'
2025-03-11 20:03:20,292 - isca - INFO - Writing diag_table to '/home/x_ryabo/Isca-Ryan_tmp/experiment/planetb_presentdayEarth_rot0_Sun_noO3/run/diag_table'
2025-03-11 20:03:20,303 - isca - INFO - Using restart file '/proj/bolinc/users/x_ryabo/Isca-Ryan_outputs/planetb_presentdayEarth_rot0_Sun_noO3/restarts/res0004.tar.gz'
2025-03-11 20:03:20,698 - isca - INFO - Restart /proj/bolinc/users/x_ryabo/Isca-Ryan_outputs/planetb_presentdayEarth_rot0_Sun_noO3/restarts/res0004.tar.gz extracted to /home/x_ryabo/Isca-Ryan_tmp/experiment/planetb_presentdayEarth_rot0_Sun_noO3/run/INPUT
2025-03-11 20:03:20,698 - isca - INFO - Beginning run 5
2025-03-11 20:03:20,710 - isca - INFO - process running as 3856175
2025-03-11 20:03:20,711 - isca - DEBUG - loadmodules for Isca on NSC cluster Tetralith
2025-03-11 20:03:20,711 - isca - DEBUG - mpiifort
2025-03-11 20:03:20,822 - isca - DEBUG - The following modules were not unloaded:
2025-03-11 20:03:20,822 - isca - DEBUG - (Use "module --force purge" to unload all):
2025-03-11 20:03:20,822 - isca - DEBUG - 
2025-03-11 20:03:20,822 - isca - DEBUG - 1) hpc/.1.10.1
2025-03-11 20:03:20,930 - isca - DEBUG - ***************************************************
2025-03-11 20:03:20,930 - isca - DEBUG - You have loaded a buildenv module
2025-03-11 20:03:20,930 - isca - DEBUG - ***************************************************
2025-03-11 20:03:20,930 - isca - DEBUG - The buldenv-intel module makes available:
2025-03-11 20:03:20,930 - isca - DEBUG - - Compilers: icc, ifort, etc.
2025-03-11 20:03:20,930 - isca - DEBUG - - Mpi library with mpi-wrapped compilers: intel mpi with mpicc, mpifort, etc.
2025-03-11 20:03:20,930 - isca - DEBUG - - Numerical libraries: intel MKL
2025-03-11 20:03:20,930 - isca - DEBUG - 
2025-03-11 20:03:20,930 - isca - DEBUG - It also makes a set of dependency library modules available via
2025-03-11 20:03:20,930 - isca - DEBUG - the regular module command. Just do:
2025-03-11 20:03:20,930 - isca - DEBUG - module avail
2025-03-11 20:03:20,930 - isca - DEBUG - to see what is available.
2025-03-11 20:03:20,930 - isca - DEBUG - 
2025-03-11 20:03:20,930 - isca - DEBUG - NOTE: You shoud never load build environments inside submitted jobs.
2025-03-11 20:03:20,931 - isca - DEBUG - (with the single exception of when using supercomputer time to compile code.)
2025-03-11 20:03:20,931 - isca - DEBUG - 
2025-03-11 20:03:22,174 - isca - DEBUG - NOTE from PE    0: MPP_DOMAINS_SET_STACK_SIZE: stack size set to    32768.
2025-03-11 20:03:22,174 - isca - DEBUG - &MPP_IO_NML
2025-03-11 20:03:22,174 - isca - DEBUG - HEADER_BUFFER_VAL       =       16384,
2025-03-11 20:03:22,174 - isca - DEBUG - GLOBAL_FIELD_ON_ROOT_PE = T,
2025-03-11 20:03:22,174 - isca - DEBUG - IO_CLOCKS_ON    = F,
2025-03-11 20:03:22,174 - isca - DEBUG - SHUFFLE =           0,
2025-03-11 20:03:22,174 - isca - DEBUG - DEFLATE_LEVEL   =          -1
2025-03-11 20:03:22,175 - isca - DEBUG - /
2025-03-11 20:03:22,176 - isca - DEBUG - NOTE from PE    0: MPP_IO_SET_STACK_SIZE: stack size set to     131072.
2025-03-11 20:03:22,177 - isca - DEBUG - NOTE from PE    0: MPP_DOMAINS_SET_STACK_SIZE: stack size set to   600000.
2025-03-11 20:03:22,184 - isca - DEBUG - starting            1  OpenMP threads per MPI-task
2025-03-11 20:03:22,186 - isca - DEBUG - ATMOS MODEL DOMAIN DECOMPOSITION
2025-03-11 20:03:22,186 - isca - DEBUG - X-AXIS =  128
2025-03-11 20:03:22,186 - isca - DEBUG - Y-AXIS =    4   4   4   4   4   4   4   4   4   4   4   4   4   4   4   4
2025-03-11 20:03:22,235 - isca - DEBUG - 
2025-03-11 20:03:22,235 - isca - WARNING - WARNING from PE    2: socrates_init: dt_rad does not fit into one day an integer number of times
2025-03-11 20:03:22,235 - isca - DEBUG - 
2025-03-11 20:03:22,235 - isca - DEBUG - 
2025-03-11 20:03:22,235 - isca - DEBUG - 
2025-03-11 20:03:22,235 - isca - WARNING - WARNING from PE    5: socrates_init: dt_rad does not fit into one day an integer number of times
2025-03-11 20:03:22,235 - isca - DEBUG - 
2025-03-11 20:03:22,235 - isca - WARNING - WARNING from PE    3: socrates_init: dt_rad does not fit into one day an integer number of times
2025-03-11 20:03:22,235 - isca - DEBUG - 
2025-03-11 20:03:22,235 - isca - DEBUG - 
2025-03-11 20:03:22,235 - isca - WARNING - WARNING from PE    1: socrates_init: dt_rad does not fit into one day an integer number of times
2025-03-11 20:03:22,236 - isca - DEBUG - 
2025-03-11 20:03:22,236 - isca - DEBUG - 
2025-03-11 20:03:22,236 - isca - WARNING - WARNING from PE    6: socrates_init: dt_rad does not fit into one day an integer number of times
2025-03-11 20:03:22,236 - isca - DEBUG - 
2025-03-11 20:03:22,237 - isca - DEBUG - NOTE from PE    0: cloud_simple: Using SimCloud cloud scheme
2025-03-11 20:03:22,237 - isca - DEBUG - 
2025-03-11 20:03:22,237 - isca - WARNING - WARNING from PE    4: socrates_init: dt_rad does not fit into one day an integer number of times
2025-03-11 20:03:22,237 - isca - DEBUG - 
2025-03-11 20:03:22,238 - isca - DEBUG - NOTE from PE    0: ls_cloud: Using linear cloud fraction diagnostic formula.
2025-03-11 20:03:22,238 - isca - DEBUG - NOTE from PE    0: cloud_cover: The cloud overlap assumption is MAXIMUM-RANDOM
2025-03-11 20:03:22,238 - isca - DEBUG - NOTE from PE    0: idealized_moist_phys: Using Frierson Quasi-Equilibrium convection scheme.
2025-03-11 20:03:22,242 - isca - DEBUG - 
2025-03-11 20:03:22,242 - isca - WARNING - WARNING from PE   15: socrates_init: dt_rad does not fit into one day an integer number of times
2025-03-11 20:03:22,242 - isca - DEBUG - 
2025-03-11 20:03:22,242 - isca - DEBUG - 
2025-03-11 20:03:22,242 - isca - WARNING - WARNING from PE   14: socrates_init: dt_rad does not fit into one day an integer number of times
2025-03-11 20:03:22,242 - isca - DEBUG - 
2025-03-11 20:03:22,242 - isca - DEBUG - 
2025-03-11 20:03:22,242 - isca - WARNING - WARNING from PE    7: socrates_init: dt_rad does not fit into one day an integer number of times
2025-03-11 20:03:22,242 - isca - DEBUG - 
2025-03-11 20:03:22,242 - isca - DEBUG - 
2025-03-11 20:03:22,242 - isca - DEBUG - 
2025-03-11 20:03:22,242 - isca - WARNING - WARNING from PE   10: socrates_init: dt_rad does not fit into one day an integer number of times
2025-03-11 20:03:22,242 - isca - DEBUG - 
2025-03-11 20:03:22,242 - isca - WARNING - WARNING from PE   13: socrates_init: dt_rad does not fit into one day an integer number of times
2025-03-11 20:03:22,242 - isca - DEBUG - 
2025-03-11 20:03:22,242 - isca - DEBUG - 
2025-03-11 20:03:22,242 - isca - WARNING - WARNING from PE    9: socrates_init: dt_rad does not fit into one day an integer number of times
2025-03-11 20:03:22,243 - isca - DEBUG - 
2025-03-11 20:03:22,243 - isca - WARNING - WARNING from PE    8: socrates_init: dt_rad does not fit into one day an integer number of times
2025-03-11 20:03:22,243 - isca - DEBUG - 
2025-03-11 20:03:22,243 - isca - DEBUG - 
2025-03-11 20:03:22,243 - isca - DEBUG - 
2025-03-11 20:03:22,243 - isca - WARNING - WARNING from PE   12: socrates_init: dt_rad does not fit into one day an integer number of times
2025-03-11 20:03:22,243 - isca - DEBUG - 
2025-03-11 20:03:22,243 - isca - DEBUG - 
2025-03-11 20:03:22,243 - isca - WARNING - WARNING from PE   11: socrates_init: dt_rad does not fit into one day an integer number of times
2025-03-11 20:03:22,243 - isca - DEBUG - 
2025-03-11 20:03:22,248 - isca - DEBUG - 
2025-03-11 20:03:22,248 - isca - WARNING - WARNING from PE    0: socrates_init: dt_rad does not fit into one day an integer number of times
2025-03-11 20:03:22,248 - isca - DEBUG - 
2025-03-11 20:03:22,248 - isca - DEBUG - 
2025-03-11 20:03:22,248 - isca - WARNING - WARNING from PE    0: socrates_init: dt_rad does not fit into one day an integer number of times
2025-03-11 20:03:22,248 - isca - DEBUG - 
2025-03-11 20:03:22,248 - isca - DEBUG - 
2025-03-11 20:03:22,248 - isca - WARNING - WARNING from PE    0: socrates_init: lw_hires_spectral_filename is unset, making equal to lw_spectral_filename
2025-03-11 20:03:22,248 - isca - DEBUG - 
2025-03-11 20:03:22,248 - isca - DEBUG - 
2025-03-11 20:03:22,248 - isca - WARNING - WARNING from PE    0: socrates_init: lw_hires_spectral_filename is unset, making equal to lw_spectral_filename
2025-03-11 20:03:22,248 - isca - DEBUG - 
2025-03-11 20:03:22,248 - isca - DEBUG - 
2025-03-11 20:03:22,248 - isca - WARNING - WARNING from PE    0: socrates_init: sw_hires_spectral_filename is unset, making equal to sw_spectral_filename
2025-03-11 20:03:22,248 - isca - DEBUG - 
2025-03-11 20:03:22,249 - isca - DEBUG - 
2025-03-11 20:03:22,249 - isca - WARNING - WARNING from PE    0: socrates_init: sw_hires_spectral_filename is unset, making equal to sw_spectral_filename
2025-03-11 20:03:22,249 - isca - DEBUG - 
2025-03-11 20:03:23,439 - isca - DEBUG - NOTE from PE    0: Interpolator: Using input file with no time dimension - ozone_1990_notime_zero.nc
2025-03-11 20:03:23,439 - isca - DEBUG - Initializing src field : ozone_1990
2025-03-11 20:03:23,441 - isca - DEBUG - 
2025-03-11 20:03:23,441 - isca - DEBUG - -----------------------------------
2025-03-11 20:03:23,441 - isca - DEBUG - ____                       _
2025-03-11 20:03:23,441 - isca - DEBUG - / ___|  ___   ___ _ __ __ _| |_ ___  ___
2025-03-11 20:03:23,441 - isca - DEBUG - \___ \ / _ \ / __|  __/ _` | __/ _ \/ __|
2025-03-11 20:03:23,441 - isca - DEBUG - ___) | (_) | (__| | | (_| | ||  __/\__ \
2025-03-11 20:03:23,441 - isca - DEBUG - |____/ \___/ \___|_|  \__,_|\__\___||___/
2025-03-11 20:03:23,441 - isca - DEBUG - 
2025-03-11 20:03:23,441 - isca - DEBUG - Initialised Socrates v17.03
2025-03-11 20:03:23,441 - isca - DEBUG - Stellar constant =    1400.00000000000
2025-03-11 20:03:23,441 - isca - DEBUG - Longwave spectral file =
2025-03-11 20:03:23,441 - isca - DEBUG - /proj/bolinc/users/x_ryabo/socrates_edited_for_isca/spectral_files_for_GCMs/Sun
2025-03-11 20:03:23,441 - isca - DEBUG - /miniSuran_lw.sf WITH           16  bands
2025-03-11 20:03:23,442 - isca - DEBUG - Longwave hires spectral file =
2025-03-11 20:03:23,442 - isca - DEBUG - /proj/bolinc/users/x_ryabo/socrates_edited_for_isca/spectral_files_for_GCMs/Sun
2025-03-11 20:03:23,442 - isca - DEBUG - /miniSuran_lw.sf WITH           16  bands
2025-03-11 20:03:23,442 - isca - DEBUG - Shortwave spectral file =
2025-03-11 20:03:23,442 - isca - DEBUG - /proj/bolinc/users/x_ryabo/socrates_edited_for_isca/spectral_files_for_GCMs/Sun
2025-03-11 20:03:23,442 - isca - DEBUG - /miniSuran_sw.sf WITH           16  bands
2025-03-11 20:03:23,442 - isca - DEBUG - Shortwave hires spectral file =
2025-03-11 20:03:23,442 - isca - DEBUG - /proj/bolinc/users/x_ryabo/socrates_edited_for_isca/spectral_files_for_GCMs/Sun
2025-03-11 20:03:23,442 - isca - DEBUG - /miniSuran_sw.sf WITH           16  bands
2025-03-11 20:03:23,442 - isca - DEBUG - 
2025-03-11 20:03:23,442 - isca - DEBUG - -----------------------------------
2025-03-11 20:03:23,442 - isca - DEBUG - 
2025-03-11 20:03:57,485 - isca - DEBUG - Integration completed through   121 days     0 seconds
2025-03-11 20:04:31,476 - isca - DEBUG - Integration completed through   122 days     0 seconds
2025-03-11 20:05:05,396 - isca - DEBUG - Integration completed through   123 days     0 seconds
2025-03-11 20:05:39,364 - isca - DEBUG - Integration completed through   124 days     0 seconds
2025-03-11 20:06:13,689 - isca - DEBUG - Integration completed through   125 days     0 seconds
2025-03-11 20:06:47,960 - isca - DEBUG - Integration completed through   126 days     0 seconds
2025-03-11 20:07:22,076 - isca - DEBUG - Integration completed through   127 days     0 seconds
2025-03-11 20:07:55,995 - isca - DEBUG - Integration completed through   128 days     0 seconds
2025-03-11 20:08:29,690 - isca - DEBUG - Integration completed through   129 days     0 seconds
2025-03-11 20:09:03,449 - isca - DEBUG - Integration completed through   130 days     0 seconds
2025-03-11 20:09:37,184 - isca - DEBUG - Integration completed through   131 days     0 seconds
2025-03-11 20:10:10,570 - isca - DEBUG - Integration completed through   132 days     0 seconds
2025-03-11 20:10:44,068 - isca - DEBUG - Integration completed through   133 days     0 seconds
2025-03-11 20:11:17,520 - isca - DEBUG - Integration completed through   134 days     0 seconds
2025-03-11 20:11:51,010 - isca - DEBUG - Integration completed through   135 days     0 seconds
2025-03-11 20:12:24,447 - isca - DEBUG - Integration completed through   136 days     0 seconds
2025-03-11 20:12:57,756 - isca - DEBUG - Integration completed through   137 days     0 seconds
2025-03-11 20:13:31,321 - isca - DEBUG - Integration completed through   138 days     0 seconds
2025-03-11 20:14:04,710 - isca - DEBUG - Integration completed through   139 days     0 seconds
2025-03-11 20:14:38,133 - isca - DEBUG - Integration completed through   140 days     0 seconds
2025-03-11 20:15:11,370 - isca - DEBUG - Integration completed through   141 days     0 seconds
2025-03-11 20:15:44,726 - isca - DEBUG - Integration completed through   142 days     0 seconds
2025-03-11 20:16:18,255 - isca - DEBUG - Integration completed through   143 days     0 seconds
2025-03-11 20:16:52,067 - isca - DEBUG - Integration completed through   144 days     0 seconds
2025-03-11 20:17:25,809 - isca - DEBUG - Integration completed through   145 days     0 seconds
2025-03-11 20:17:59,406 - isca - DEBUG - Integration completed through   146 days     0 seconds
2025-03-11 20:18:33,075 - isca - DEBUG - Integration completed through   147 days     0 seconds
2025-03-11 20:19:06,564 - isca - DEBUG - Integration completed through   148 days     0 seconds
2025-03-11 20:19:40,218 - isca - DEBUG - Integration completed through   149 days     0 seconds
2025-03-11 20:20:13,926 - isca - DEBUG - Integration completed through   150 days     0 seconds
2025-03-11 20:20:13,934 - isca - DEBUG - 
2025-03-11 20:20:13,934 - isca - WARNING - WARNING from PE    0: diag_util_mod::opening_file: module/field_name (socrates/soc_toa_sw_down_clr) NOT registered
2025-03-11 20:20:13,934 - isca - DEBUG - 
2025-03-11 20:20:13,934 - isca - DEBUG - 
2025-03-11 20:20:13,934 - isca - WARNING - WARNING from PE    0: diag_util_mod::opening_file: module/field_name (cloud_simple/rh_min) NOT registered
2025-03-11 20:20:13,934 - isca - DEBUG - 
2025-03-11 20:20:13,934 - isca - DEBUG - 
2025-03-11 20:20:13,934 - isca - WARNING - WARNING from PE    0: diag_util_mod::opening_file: module/field_name (socrates/soc_toa_sw_down_clr) NOT registered
2025-03-11 20:20:13,934 - isca - DEBUG - 
2025-03-11 20:20:13,934 - isca - DEBUG - 
2025-03-11 20:20:13,934 - isca - WARNING - WARNING from PE    0: diag_util_mod::opening_file: module/field_name (cloud_simple/rh_min) NOT registered
2025-03-11 20:20:13,934 - isca - DEBUG - 
2025-03-11 20:20:13,943 - isca - DEBUG - NOTE from PE    0: MPP_IO_SET_STACK_SIZE: stack size set to     327680.
2025-03-11 20:20:14,086 - isca - DEBUG - MPP_DOMAINS_STACK high water mark=       40960
2025-03-11 20:20:14,086 - isca - DEBUG - 
2025-03-11 20:20:14,086 - isca - DEBUG - Tabulating mpp_clock statistics across     16 PEs...
2025-03-11 20:20:14,086 - isca - DEBUG - 
2025-03-11 20:20:14,087 - isca - DEBUG - tmin          tmax          tavg          tstd  tfrac grain pemin pemax
2025-03-11 20:20:14,087 - isca - DEBUG - Total runtime                      1011.907977   1011.912775   1011.910048      0.001548  1.000     0     0    15
2025-03-11 20:20:14,087 - isca - DEBUG - MPP_STACK high water mark=           0
2025-03-11 20:20:14,257 - isca - INFO - Run 5 complete
2025-03-11 20:20:15,165 - isca - DEBUG - atmos_monthly.nc combined and copied to data directory
2025-03-11 20:20:18,179 - isca - INFO - Restart archive created at /proj/bolinc/users/x_ryabo/Isca-Ryan_outputs/planetb_presentdayEarth_rot0_Sun_noO3/restarts/res0005.tar.gz
2025-03-11 20:20:18,192 - isca - INFO - Writing namelist to '/proj/bolinc/users/x_ryabo/Isca-Ryan_outputs/planetb_presentdayEarth_rot0_Sun_noO3/run0005/input.nml'
2025-03-11 20:20:18,194 - isca - INFO - Writing field_table to '/proj/bolinc/users/x_ryabo/Isca-Ryan_outputs/planetb_presentdayEarth_rot0_Sun_noO3/run0005/field_table'
2025-03-11 20:20:18,206 - isca - INFO - Writing diag_table to '/proj/bolinc/users/x_ryabo/Isca-Ryan_outputs/planetb_presentdayEarth_rot0_Sun_noO3/run0005/diag_table'
2025-03-11 20:20:18,312 - isca - INFO - Emptied run directory '/home/x_ryabo/Isca-Ryan_tmp/experiment/planetb_presentdayEarth_rot0_Sun_noO3/run'
2025-03-11 20:20:18,336 - isca - INFO - Emptied run directory '/home/x_ryabo/Isca-Ryan_tmp/experiment/planetb_presentdayEarth_rot0_Sun_noO3/run'
2025-03-11 20:20:18,426 - isca - INFO - Writing namelist to '/home/x_ryabo/Isca-Ryan_tmp/experiment/planetb_presentdayEarth_rot0_Sun_noO3/run/input.nml'
2025-03-11 20:20:18,428 - isca - INFO - Writing field_table to '/home/x_ryabo/Isca-Ryan_tmp/experiment/planetb_presentdayEarth_rot0_Sun_noO3/run/field_table'
2025-03-11 20:20:18,440 - isca - INFO - Writing diag_table to '/home/x_ryabo/Isca-Ryan_tmp/experiment/planetb_presentdayEarth_rot0_Sun_noO3/run/diag_table'
2025-03-11 20:20:18,454 - isca - INFO - Using restart file '/proj/bolinc/users/x_ryabo/Isca-Ryan_outputs/planetb_presentdayEarth_rot0_Sun_noO3/restarts/res0005.tar.gz'
2025-03-11 20:20:18,844 - isca - INFO - Restart /proj/bolinc/users/x_ryabo/Isca-Ryan_outputs/planetb_presentdayEarth_rot0_Sun_noO3/restarts/res0005.tar.gz extracted to /home/x_ryabo/Isca-Ryan_tmp/experiment/planetb_presentdayEarth_rot0_Sun_noO3/run/INPUT
2025-03-11 20:20:18,845 - isca - INFO - Beginning run 6
2025-03-11 20:20:18,858 - isca - INFO - process running as 3874278
2025-03-11 20:20:18,858 - isca - DEBUG - loadmodules for Isca on NSC cluster Tetralith
2025-03-11 20:20:18,858 - isca - DEBUG - mpiifort
2025-03-11 20:20:18,966 - isca - DEBUG - The following modules were not unloaded:
2025-03-11 20:20:18,966 - isca - DEBUG - (Use "module --force purge" to unload all):
2025-03-11 20:20:18,966 - isca - DEBUG - 
2025-03-11 20:20:18,966 - isca - DEBUG - 1) hpc/.1.10.1
2025-03-11 20:20:19,074 - isca - DEBUG - ***************************************************
2025-03-11 20:20:19,074 - isca - DEBUG - You have loaded a buildenv module
2025-03-11 20:20:19,074 - isca - DEBUG - ***************************************************
2025-03-11 20:20:19,074 - isca - DEBUG - The buldenv-intel module makes available:
2025-03-11 20:20:19,074 - isca - DEBUG - - Compilers: icc, ifort, etc.
2025-03-11 20:20:19,074 - isca - DEBUG - - Mpi library with mpi-wrapped compilers: intel mpi with mpicc, mpifort, etc.
2025-03-11 20:20:19,074 - isca - DEBUG - - Numerical libraries: intel MKL
2025-03-11 20:20:19,074 - isca - DEBUG - 
2025-03-11 20:20:19,074 - isca - DEBUG - It also makes a set of dependency library modules available via
2025-03-11 20:20:19,074 - isca - DEBUG - the regular module command. Just do:
2025-03-11 20:20:19,074 - isca - DEBUG - module avail
2025-03-11 20:20:19,074 - isca - DEBUG - to see what is available.
2025-03-11 20:20:19,074 - isca - DEBUG - 
2025-03-11 20:20:19,074 - isca - DEBUG - NOTE: You shoud never load build environments inside submitted jobs.
2025-03-11 20:20:19,074 - isca - DEBUG - (with the single exception of when using supercomputer time to compile code.)
2025-03-11 20:20:19,074 - isca - DEBUG - 
2025-03-11 20:20:20,320 - isca - DEBUG - NOTE from PE    0: MPP_DOMAINS_SET_STACK_SIZE: stack size set to    32768.
2025-03-11 20:20:20,321 - isca - DEBUG - &MPP_IO_NML
2025-03-11 20:20:20,321 - isca - DEBUG - HEADER_BUFFER_VAL       =       16384,
2025-03-11 20:20:20,321 - isca - DEBUG - GLOBAL_FIELD_ON_ROOT_PE = T,
2025-03-11 20:20:20,321 - isca - DEBUG - IO_CLOCKS_ON    = F,
2025-03-11 20:20:20,321 - isca - DEBUG - SHUFFLE =           0,
2025-03-11 20:20:20,321 - isca - DEBUG - DEFLATE_LEVEL   =          -1
2025-03-11 20:20:20,321 - isca - DEBUG - /
2025-03-11 20:20:20,322 - isca - DEBUG - NOTE from PE    0: MPP_IO_SET_STACK_SIZE: stack size set to     131072.
2025-03-11 20:20:20,323 - isca - DEBUG - NOTE from PE    0: MPP_DOMAINS_SET_STACK_SIZE: stack size set to   600000.
2025-03-11 20:20:20,331 - isca - DEBUG - starting            1  OpenMP threads per MPI-task
2025-03-11 20:20:20,332 - isca - DEBUG - ATMOS MODEL DOMAIN DECOMPOSITION
2025-03-11 20:20:20,333 - isca - DEBUG - X-AXIS =  128
2025-03-11 20:20:20,333 - isca - DEBUG - Y-AXIS =    4   4   4   4   4   4   4   4   4   4   4   4   4   4   4   4
2025-03-11 20:20:20,380 - isca - DEBUG - NOTE from PE    0: cloud_simple: Using SimCloud cloud scheme
2025-03-11 20:20:20,381 - isca - DEBUG - NOTE from PE    0: ls_cloud: Using linear cloud fraction diagnostic formula.
2025-03-11 20:20:20,382 - isca - DEBUG - NOTE from PE    0: cloud_cover: The cloud overlap assumption is MAXIMUM-RANDOM
2025-03-11 20:20:20,382 - isca - DEBUG - NOTE from PE    0: idealized_moist_phys: Using Frierson Quasi-Equilibrium convection scheme.
2025-03-11 20:20:20,384 - isca - DEBUG - 
2025-03-11 20:20:20,384 - isca - WARNING - WARNING from PE    1: socrates_init: dt_rad does not fit into one day an integer number of times
2025-03-11 20:20:20,384 - isca - DEBUG - 
2025-03-11 20:20:20,384 - isca - DEBUG - 
2025-03-11 20:20:20,384 - isca - WARNING - WARNING from PE    6: socrates_init: dt_rad does not fit into one day an integer number of times
2025-03-11 20:20:20,384 - isca - DEBUG - 
2025-03-11 20:20:20,384 - isca - DEBUG - 
2025-03-11 20:20:20,384 - isca - WARNING - WARNING from PE    4: socrates_init: dt_rad does not fit into one day an integer number of times
2025-03-11 20:20:20,384 - isca - DEBUG - 
2025-03-11 20:20:20,384 - isca - DEBUG - 
2025-03-11 20:20:20,385 - isca - WARNING - WARNING from PE    2: socrates_init: dt_rad does not fit into one day an integer number of times
2025-03-11 20:20:20,385 - isca - DEBUG - 
2025-03-11 20:20:20,385 - isca - DEBUG - 
2025-03-11 20:20:20,385 - isca - WARNING - WARNING from PE    5: socrates_init: dt_rad does not fit into one day an integer number of times
2025-03-11 20:20:20,385 - isca - DEBUG - 
2025-03-11 20:20:20,386 - isca - DEBUG - 
2025-03-11 20:20:20,386 - isca - WARNING - WARNING from PE    3: socrates_init: dt_rad does not fit into one day an integer number of times
2025-03-11 20:20:20,386 - isca - DEBUG - 
2025-03-11 20:20:20,388 - isca - DEBUG - 
2025-03-11 20:20:20,388 - isca - WARNING - WARNING from PE   13: socrates_init: dt_rad does not fit into one day an integer number of times
2025-03-11 20:20:20,388 - isca - DEBUG - 
2025-03-11 20:20:20,388 - isca - DEBUG - 
2025-03-11 20:20:20,388 - isca - WARNING - WARNING from PE    7: socrates_init: dt_rad does not fit into one day an integer number of times
2025-03-11 20:20:20,388 - isca - DEBUG - 
2025-03-11 20:20:20,388 - isca - DEBUG - 
2025-03-11 20:20:20,389 - isca - DEBUG - 
2025-03-11 20:20:20,389 - isca - WARNING - WARNING from PE   15: socrates_init: dt_rad does not fit into one day an integer number of times
2025-03-11 20:20:20,389 - isca - DEBUG - 
2025-03-11 20:20:20,389 - isca - DEBUG - 
2025-03-11 20:20:20,389 - isca - WARNING - WARNING from PE    9: socrates_init: dt_rad does not fit into one day an integer number of times
2025-03-11 20:20:20,389 - isca - DEBUG - 
2025-03-11 20:20:20,389 - isca - DEBUG - 
2025-03-11 20:20:20,389 - isca - WARNING - WARNING from PE    8: socrates_init: dt_rad does not fit into one day an integer number of times
2025-03-11 20:20:20,389 - isca - DEBUG - 
2025-03-11 20:20:20,389 - isca - DEBUG - 
2025-03-11 20:20:20,389 - isca - WARNING - WARNING from PE   12: socrates_init: dt_rad does not fit into one day an integer number of times
2025-03-11 20:20:20,389 - isca - DEBUG - 
2025-03-11 20:20:20,389 - isca - DEBUG - 
2025-03-11 20:20:20,389 - isca - WARNING - WARNING from PE   11: socrates_init: dt_rad does not fit into one day an integer number of times
2025-03-11 20:20:20,389 - isca - DEBUG - 
2025-03-11 20:20:20,389 - isca - WARNING - WARNING from PE   14: socrates_init: dt_rad does not fit into one day an integer number of times
2025-03-11 20:20:20,389 - isca - DEBUG - 
2025-03-11 20:20:20,389 - isca - WARNING - WARNING from PE   10: socrates_init: dt_rad does not fit into one day an integer number of times
2025-03-11 20:20:20,389 - isca - DEBUG - 
2025-03-11 20:20:20,389 - isca - DEBUG - 
2025-03-11 20:20:20,391 - isca - DEBUG - 
2025-03-11 20:20:20,391 - isca - WARNING - WARNING from PE    0: socrates_init: dt_rad does not fit into one day an integer number of times
2025-03-11 20:20:20,391 - isca - DEBUG - 
2025-03-11 20:20:20,391 - isca - DEBUG - 
2025-03-11 20:20:20,391 - isca - WARNING - WARNING from PE    0: socrates_init: dt_rad does not fit into one day an integer number of times
2025-03-11 20:20:20,391 - isca - DEBUG - 
2025-03-11 20:20:20,391 - isca - DEBUG - 
2025-03-11 20:20:20,391 - isca - WARNING - WARNING from PE    0: socrates_init: lw_hires_spectral_filename is unset, making equal to lw_spectral_filename
2025-03-11 20:20:20,391 - isca - DEBUG - 
2025-03-11 20:20:20,391 - isca - DEBUG - 
2025-03-11 20:20:20,391 - isca - WARNING - WARNING from PE    0: socrates_init: lw_hires_spectral_filename is unset, making equal to lw_spectral_filename
2025-03-11 20:20:20,392 - isca - DEBUG - 
2025-03-11 20:20:20,392 - isca - DEBUG - 
2025-03-11 20:20:20,392 - isca - WARNING - WARNING from PE    0: socrates_init: sw_hires_spectral_filename is unset, making equal to sw_spectral_filename
2025-03-11 20:20:20,392 - isca - DEBUG - 
2025-03-11 20:20:20,392 - isca - DEBUG - 
2025-03-11 20:20:20,392 - isca - WARNING - WARNING from PE    0: socrates_init: sw_hires_spectral_filename is unset, making equal to sw_spectral_filename
2025-03-11 20:20:20,392 - isca - DEBUG - 
2025-03-11 20:20:21,585 - isca - DEBUG - NOTE from PE    0: Interpolator: Using input file with no time dimension - ozone_1990_notime_zero.nc
2025-03-11 20:20:21,585 - isca - DEBUG - Initializing src field : ozone_1990
2025-03-11 20:20:21,588 - isca - DEBUG - 
2025-03-11 20:20:21,588 - isca - DEBUG - -----------------------------------
2025-03-11 20:20:21,588 - isca - DEBUG - ____                       _
2025-03-11 20:20:21,588 - isca - DEBUG - / ___|  ___   ___ _ __ __ _| |_ ___  ___
2025-03-11 20:20:21,588 - isca - DEBUG - \___ \ / _ \ / __|  __/ _` | __/ _ \/ __|
2025-03-11 20:20:21,588 - isca - DEBUG - ___) | (_) | (__| | | (_| | ||  __/\__ \
2025-03-11 20:20:21,588 - isca - DEBUG - |____/ \___/ \___|_|  \__,_|\__\___||___/
2025-03-11 20:20:21,588 - isca - DEBUG - 
2025-03-11 20:20:21,588 - isca - DEBUG - Initialised Socrates v17.03
2025-03-11 20:20:21,588 - isca - DEBUG - Stellar constant =    1400.00000000000
2025-03-11 20:20:21,588 - isca - DEBUG - Longwave spectral file =
2025-03-11 20:20:21,588 - isca - DEBUG - /proj/bolinc/users/x_ryabo/socrates_edited_for_isca/spectral_files_for_GCMs/Sun
2025-03-11 20:20:21,588 - isca - DEBUG - /miniSuran_lw.sf WITH           16  bands
2025-03-11 20:20:21,588 - isca - DEBUG - Longwave hires spectral file =
2025-03-11 20:20:21,588 - isca - DEBUG - /proj/bolinc/users/x_ryabo/socrates_edited_for_isca/spectral_files_for_GCMs/Sun
2025-03-11 20:20:21,588 - isca - DEBUG - /miniSuran_lw.sf WITH           16  bands
2025-03-11 20:20:21,588 - isca - DEBUG - Shortwave spectral file =
2025-03-11 20:20:21,588 - isca - DEBUG - /proj/bolinc/users/x_ryabo/socrates_edited_for_isca/spectral_files_for_GCMs/Sun
2025-03-11 20:20:21,588 - isca - DEBUG - /miniSuran_sw.sf WITH           16  bands
2025-03-11 20:20:21,588 - isca - DEBUG - Shortwave hires spectral file =
2025-03-11 20:20:21,588 - isca - DEBUG - /proj/bolinc/users/x_ryabo/socrates_edited_for_isca/spectral_files_for_GCMs/Sun
2025-03-11 20:20:21,588 - isca - DEBUG - /miniSuran_sw.sf WITH           16  bands
2025-03-11 20:20:21,588 - isca - DEBUG - 
2025-03-11 20:20:21,588 - isca - DEBUG - -----------------------------------
2025-03-11 20:20:21,588 - isca - DEBUG - 
2025-03-11 20:20:55,427 - isca - DEBUG - Integration completed through   151 days     0 seconds
2025-03-11 20:21:29,361 - isca - DEBUG - Integration completed through   152 days     0 seconds
2025-03-11 20:22:03,787 - isca - DEBUG - Integration completed through   153 days     0 seconds
2025-03-11 20:22:38,039 - isca - DEBUG - Integration completed through   154 days     0 seconds
2025-03-11 20:23:11,922 - isca - DEBUG - Integration completed through   155 days     0 seconds
2025-03-11 20:23:45,695 - isca - DEBUG - Integration completed through   156 days     0 seconds
2025-03-11 20:24:19,290 - isca - DEBUG - Integration completed through   157 days     0 seconds
2025-03-11 20:24:52,772 - isca - DEBUG - Integration completed through   158 days     0 seconds
2025-03-11 20:25:26,164 - isca - DEBUG - Integration completed through   159 days     0 seconds
2025-03-11 20:25:59,366 - isca - DEBUG - Integration completed through   160 days     0 seconds
2025-03-11 20:26:32,587 - isca - DEBUG - Integration completed through   161 days     0 seconds
2025-03-11 20:27:05,915 - isca - DEBUG - Integration completed through   162 days     0 seconds
2025-03-11 20:27:39,363 - isca - DEBUG - Integration completed through   163 days     0 seconds
2025-03-11 20:28:12,862 - isca - DEBUG - Integration completed through   164 days     0 seconds
2025-03-11 20:28:46,750 - isca - DEBUG - Integration completed through   165 days     0 seconds
2025-03-11 20:29:21,115 - isca - DEBUG - Integration completed through   166 days     0 seconds
2025-03-11 20:29:55,304 - isca - DEBUG - Integration completed through   167 days     0 seconds
2025-03-11 20:30:29,200 - isca - DEBUG - Integration completed through   168 days     0 seconds
2025-03-11 20:31:02,802 - isca - DEBUG - Integration completed through   169 days     0 seconds
2025-03-11 20:31:36,254 - isca - DEBUG - Integration completed through   170 days     0 seconds
2025-03-11 20:32:09,677 - isca - DEBUG - Integration completed through   171 days     0 seconds
2025-03-11 20:32:43,474 - isca - DEBUG - Integration completed through   172 days     0 seconds
2025-03-11 20:33:17,402 - isca - DEBUG - Integration completed through   173 days     0 seconds
2025-03-11 20:33:51,048 - isca - DEBUG - Integration completed through   174 days     0 seconds
2025-03-11 20:34:24,548 - isca - DEBUG - Integration completed through   175 days     0 seconds
2025-03-11 20:34:57,808 - isca - DEBUG - Integration completed through   176 days     0 seconds
2025-03-11 20:35:31,627 - isca - DEBUG - Integration completed through   177 days     0 seconds
2025-03-11 20:36:06,122 - isca - DEBUG - Integration completed through   178 days     0 seconds
2025-03-11 20:36:40,765 - isca - DEBUG - Integration completed through   179 days     0 seconds
2025-03-11 20:37:15,424 - isca - DEBUG - Integration completed through   180 days     0 seconds
2025-03-11 20:37:15,431 - isca - DEBUG - 
2025-03-11 20:37:15,432 - isca - WARNING - WARNING from PE    0: diag_util_mod::opening_file: module/field_name (socrates/soc_toa_sw_down_clr) NOT registered
2025-03-11 20:37:15,432 - isca - DEBUG - 
2025-03-11 20:37:15,432 - isca - DEBUG - 
2025-03-11 20:37:15,432 - isca - WARNING - WARNING from PE    0: diag_util_mod::opening_file: module/field_name (socrates/soc_toa_sw_down_clr) NOT registered
2025-03-11 20:37:15,432 - isca - DEBUG - 
2025-03-11 20:37:15,432 - isca - DEBUG - 
2025-03-11 20:37:15,432 - isca - WARNING - WARNING from PE    0: diag_util_mod::opening_file: module/field_name (cloud_simple/rh_min) NOT registered
2025-03-11 20:37:15,432 - isca - DEBUG - 
2025-03-11 20:37:15,432 - isca - DEBUG - 
2025-03-11 20:37:15,432 - isca - WARNING - WARNING from PE    0: diag_util_mod::opening_file: module/field_name (cloud_simple/rh_min) NOT registered
2025-03-11 20:37:15,432 - isca - DEBUG - 
2025-03-11 20:37:15,442 - isca - DEBUG - NOTE from PE    0: MPP_IO_SET_STACK_SIZE: stack size set to     327680.
2025-03-11 20:37:15,572 - isca - DEBUG - MPP_DOMAINS_STACK high water mark=       40960
2025-03-11 20:37:15,572 - isca - DEBUG - 
2025-03-11 20:37:15,572 - isca - DEBUG - Tabulating mpp_clock statistics across     16 PEs...
2025-03-11 20:37:15,572 - isca - DEBUG - 
2025-03-11 20:37:15,572 - isca - DEBUG - tmin          tmax          tavg          tstd  tfrac grain pemin pemax
2025-03-11 20:37:15,573 - isca - DEBUG - Total runtime                      1015.249336   1015.254009   1015.251015      0.001594  1.000     0     0    15
2025-03-11 20:37:15,573 - isca - DEBUG - MPP_STACK high water mark=           0
2025-03-11 20:37:15,699 - isca - INFO - Run 6 complete
2025-03-11 20:37:16,684 - isca - DEBUG - atmos_monthly.nc combined and copied to data directory
2025-03-11 20:37:19,664 - isca - INFO - Restart archive created at /proj/bolinc/users/x_ryabo/Isca-Ryan_outputs/planetb_presentdayEarth_rot0_Sun_noO3/restarts/res0006.tar.gz
2025-03-11 20:37:19,677 - isca - INFO - Writing namelist to '/proj/bolinc/users/x_ryabo/Isca-Ryan_outputs/planetb_presentdayEarth_rot0_Sun_noO3/run0006/input.nml'
2025-03-11 20:37:19,678 - isca - INFO - Writing field_table to '/proj/bolinc/users/x_ryabo/Isca-Ryan_outputs/planetb_presentdayEarth_rot0_Sun_noO3/run0006/field_table'
2025-03-11 20:37:19,690 - isca - INFO - Writing diag_table to '/proj/bolinc/users/x_ryabo/Isca-Ryan_outputs/planetb_presentdayEarth_rot0_Sun_noO3/run0006/diag_table'
2025-03-11 20:37:19,859 - isca - INFO - Emptied run directory '/home/x_ryabo/Isca-Ryan_tmp/experiment/planetb_presentdayEarth_rot0_Sun_noO3/run'
2025-03-11 20:37:19,883 - isca - INFO - Emptied run directory '/home/x_ryabo/Isca-Ryan_tmp/experiment/planetb_presentdayEarth_rot0_Sun_noO3/run'
2025-03-11 20:37:19,974 - isca - INFO - Writing namelist to '/home/x_ryabo/Isca-Ryan_tmp/experiment/planetb_presentdayEarth_rot0_Sun_noO3/run/input.nml'
2025-03-11 20:37:19,976 - isca - INFO - Writing field_table to '/home/x_ryabo/Isca-Ryan_tmp/experiment/planetb_presentdayEarth_rot0_Sun_noO3/run/field_table'
2025-03-11 20:37:19,988 - isca - INFO - Writing diag_table to '/home/x_ryabo/Isca-Ryan_tmp/experiment/planetb_presentdayEarth_rot0_Sun_noO3/run/diag_table'
2025-03-11 20:37:20,003 - isca - INFO - Using restart file '/proj/bolinc/users/x_ryabo/Isca-Ryan_outputs/planetb_presentdayEarth_rot0_Sun_noO3/restarts/res0006.tar.gz'
2025-03-11 20:37:20,393 - isca - INFO - Restart /proj/bolinc/users/x_ryabo/Isca-Ryan_outputs/planetb_presentdayEarth_rot0_Sun_noO3/restarts/res0006.tar.gz extracted to /home/x_ryabo/Isca-Ryan_tmp/experiment/planetb_presentdayEarth_rot0_Sun_noO3/run/INPUT
2025-03-11 20:37:20,393 - isca - INFO - Beginning run 7
2025-03-11 20:37:20,405 - isca - INFO - process running as 3875106
2025-03-11 20:37:20,406 - isca - DEBUG - loadmodules for Isca on NSC cluster Tetralith
2025-03-11 20:37:20,406 - isca - DEBUG - mpiifort
2025-03-11 20:37:20,514 - isca - DEBUG - The following modules were not unloaded:
2025-03-11 20:37:20,514 - isca - DEBUG - (Use "module --force purge" to unload all):
2025-03-11 20:37:20,514 - isca - DEBUG - 
2025-03-11 20:37:20,514 - isca - DEBUG - 1) hpc/.1.10.1
2025-03-11 20:37:20,619 - isca - DEBUG - ***************************************************
2025-03-11 20:37:20,619 - isca - DEBUG - You have loaded a buildenv module
2025-03-11 20:37:20,619 - isca - DEBUG - ***************************************************
2025-03-11 20:37:20,619 - isca - DEBUG - The buldenv-intel module makes available:
2025-03-11 20:37:20,619 - isca - DEBUG - - Compilers: icc, ifort, etc.
2025-03-11 20:37:20,619 - isca - DEBUG - - Mpi library with mpi-wrapped compilers: intel mpi with mpicc, mpifort, etc.
2025-03-11 20:37:20,619 - isca - DEBUG - - Numerical libraries: intel MKL
2025-03-11 20:37:20,619 - isca - DEBUG - 
2025-03-11 20:37:20,619 - isca - DEBUG - It also makes a set of dependency library modules available via
2025-03-11 20:37:20,619 - isca - DEBUG - the regular module command. Just do:
2025-03-11 20:37:20,619 - isca - DEBUG - module avail
2025-03-11 20:37:20,619 - isca - DEBUG - to see what is available.
2025-03-11 20:37:20,619 - isca - DEBUG - 
2025-03-11 20:37:20,619 - isca - DEBUG - NOTE: You shoud never load build environments inside submitted jobs.
2025-03-11 20:37:20,619 - isca - DEBUG - (with the single exception of when using supercomputer time to compile code.)
2025-03-11 20:37:20,619 - isca - DEBUG - 
2025-03-11 20:37:23,901 - isca - DEBUG - NOTE from PE    0: MPP_DOMAINS_SET_STACK_SIZE: stack size set to    32768.
2025-03-11 20:37:23,902 - isca - DEBUG - &MPP_IO_NML
2025-03-11 20:37:23,902 - isca - DEBUG - HEADER_BUFFER_VAL       =       16384,
2025-03-11 20:37:23,902 - isca - DEBUG - GLOBAL_FIELD_ON_ROOT_PE = T,
2025-03-11 20:37:23,902 - isca - DEBUG - IO_CLOCKS_ON    = F,
2025-03-11 20:37:23,902 - isca - DEBUG - SHUFFLE =           0,
2025-03-11 20:37:23,902 - isca - DEBUG - DEFLATE_LEVEL   =          -1
2025-03-11 20:37:23,902 - isca - DEBUG - /
2025-03-11 20:37:23,904 - isca - DEBUG - NOTE from PE    0: MPP_IO_SET_STACK_SIZE: stack size set to     131072.
2025-03-11 20:37:23,905 - isca - DEBUG - NOTE from PE    0: MPP_DOMAINS_SET_STACK_SIZE: stack size set to   600000.
2025-03-11 20:37:23,913 - isca - DEBUG - starting            1  OpenMP threads per MPI-task
2025-03-11 20:37:23,915 - isca - DEBUG - ATMOS MODEL DOMAIN DECOMPOSITION
2025-03-11 20:37:23,915 - isca - DEBUG - X-AXIS =  128
2025-03-11 20:37:23,915 - isca - DEBUG - Y-AXIS =    4   4   4   4   4   4   4   4   4   4   4   4   4   4   4   4
2025-03-11 20:37:23,966 - isca - DEBUG - 
2025-03-11 20:37:23,966 - isca - DEBUG - 
2025-03-11 20:37:23,966 - isca - WARNING - WARNING from PE    2: socrates_init: dt_rad does not fit into one day an integer number of times
2025-03-11 20:37:23,966 - isca - DEBUG - 
2025-03-11 20:37:23,966 - isca - WARNING - WARNING from PE    3: socrates_init: dt_rad does not fit into one day an integer number of times
2025-03-11 20:37:23,966 - isca - DEBUG - 
2025-03-11 20:37:23,966 - isca - DEBUG - 
2025-03-11 20:37:23,966 - isca - DEBUG - 
2025-03-11 20:37:23,966 - isca - WARNING - WARNING from PE    6: socrates_init: dt_rad does not fit into one day an integer number of times
2025-03-11 20:37:23,966 - isca - DEBUG - 
2025-03-11 20:37:23,966 - isca - WARNING - WARNING from PE    4: socrates_init: dt_rad does not fit into one day an integer number of times
2025-03-11 20:37:23,966 - isca - DEBUG - 
2025-03-11 20:37:23,966 - isca - DEBUG - 
2025-03-11 20:37:23,966 - isca - WARNING - WARNING from PE    5: socrates_init: dt_rad does not fit into one day an integer number of times
2025-03-11 20:37:23,966 - isca - DEBUG - 
2025-03-11 20:37:23,967 - isca - DEBUG - 
2025-03-11 20:37:23,967 - isca - WARNING - WARNING from PE    1: socrates_init: dt_rad does not fit into one day an integer number of times
2025-03-11 20:37:23,967 - isca - DEBUG - NOTE from PE    0: cloud_simple: Using SimCloud cloud scheme
2025-03-11 20:37:23,967 - isca - DEBUG - 
2025-03-11 20:37:23,968 - isca - DEBUG - NOTE from PE    0: ls_cloud: Using linear cloud fraction diagnostic formula.
2025-03-11 20:37:23,969 - isca - DEBUG - NOTE from PE    0: cloud_cover: The cloud overlap assumption is MAXIMUM-RANDOM
2025-03-11 20:37:23,969 - isca - DEBUG - NOTE from PE    0: idealized_moist_phys: Using Frierson Quasi-Equilibrium convection scheme.
2025-03-11 20:37:23,971 - isca - DEBUG - 
2025-03-11 20:37:23,972 - isca - WARNING - WARNING from PE   15: socrates_init: dt_rad does not fit into one day an integer number of times
2025-03-11 20:37:23,972 - isca - DEBUG - 
2025-03-11 20:37:23,972 - isca - WARNING - WARNING from PE   11: socrates_init: dt_rad does not fit into one day an integer number of times
2025-03-11 20:37:23,972 - isca - DEBUG - 
2025-03-11 20:37:23,972 - isca - DEBUG - 
2025-03-11 20:37:23,972 - isca - DEBUG - 
2025-03-11 20:37:23,972 - isca - WARNING - WARNING from PE   13: socrates_init: dt_rad does not fit into one day an integer number of times
2025-03-11 20:37:23,972 - isca - DEBUG - 
2025-03-11 20:37:23,972 - isca - DEBUG - 
2025-03-11 20:37:23,972 - isca - DEBUG - 
2025-03-11 20:37:23,972 - isca - WARNING - WARNING from PE    7: socrates_init: dt_rad does not fit into one day an integer number of times
2025-03-11 20:37:23,972 - isca - DEBUG - 
2025-03-11 20:37:23,972 - isca - DEBUG - 
2025-03-11 20:37:23,972 - isca - WARNING - WARNING from PE    9: socrates_init: dt_rad does not fit into one day an integer number of times
2025-03-11 20:37:23,972 - isca - DEBUG - 
2025-03-11 20:37:23,972 - isca - DEBUG - 
2025-03-11 20:37:23,972 - isca - WARNING - WARNING from PE   14: socrates_init: dt_rad does not fit into one day an integer number of times
2025-03-11 20:37:23,972 - isca - DEBUG - 
2025-03-11 20:37:23,972 - isca - WARNING - WARNING from PE    8: socrates_init: dt_rad does not fit into one day an integer number of times
2025-03-11 20:37:23,972 - isca - DEBUG - 
2025-03-11 20:37:23,972 - isca - DEBUG - 
2025-03-11 20:37:23,972 - isca - WARNING - WARNING from PE   12: socrates_init: dt_rad does not fit into one day an integer number of times
2025-03-11 20:37:23,972 - isca - DEBUG - 
2025-03-11 20:37:23,972 - isca - DEBUG - 
2025-03-11 20:37:23,973 - isca - WARNING - WARNING from PE   10: socrates_init: dt_rad does not fit into one day an integer number of times
2025-03-11 20:37:23,973 - isca - DEBUG - 
2025-03-11 20:37:23,979 - isca - DEBUG - 
2025-03-11 20:37:23,979 - isca - WARNING - WARNING from PE    0: socrates_init: dt_rad does not fit into one day an integer number of times
2025-03-11 20:37:23,979 - isca - DEBUG - 
2025-03-11 20:37:23,979 - isca - DEBUG - 
2025-03-11 20:37:23,979 - isca - WARNING - WARNING from PE    0: socrates_init: dt_rad does not fit into one day an integer number of times
2025-03-11 20:37:23,979 - isca - DEBUG - 
2025-03-11 20:37:23,979 - isca - DEBUG - 
2025-03-11 20:37:23,979 - isca - WARNING - WARNING from PE    0: socrates_init: lw_hires_spectral_filename is unset, making equal to lw_spectral_filename
2025-03-11 20:37:23,979 - isca - DEBUG - 
2025-03-11 20:37:23,980 - isca - DEBUG - 
2025-03-11 20:37:23,980 - isca - WARNING - WARNING from PE    0: socrates_init: lw_hires_spectral_filename is unset, making equal to lw_spectral_filename
2025-03-11 20:37:23,980 - isca - DEBUG - 
2025-03-11 20:37:23,980 - isca - DEBUG - 
2025-03-11 20:37:23,980 - isca - WARNING - WARNING from PE    0: socrates_init: sw_hires_spectral_filename is unset, making equal to sw_spectral_filename
2025-03-11 20:37:23,980 - isca - DEBUG - 
2025-03-11 20:37:23,980 - isca - DEBUG - 
2025-03-11 20:37:23,980 - isca - WARNING - WARNING from PE    0: socrates_init: sw_hires_spectral_filename is unset, making equal to sw_spectral_filename
2025-03-11 20:37:23,980 - isca - DEBUG - 
2025-03-11 20:37:25,321 - isca - DEBUG - NOTE from PE    0: Interpolator: Using input file with no time dimension - ozone_1990_notime_zero.nc
2025-03-11 20:37:25,321 - isca - DEBUG - Initializing src field : ozone_1990
2025-03-11 20:37:25,324 - isca - DEBUG - 
2025-03-11 20:37:25,324 - isca - DEBUG - -----------------------------------
2025-03-11 20:37:25,324 - isca - DEBUG - ____                       _
2025-03-11 20:37:25,324 - isca - DEBUG - / ___|  ___   ___ _ __ __ _| |_ ___  ___
2025-03-11 20:37:25,324 - isca - DEBUG - \___ \ / _ \ / __|  __/ _` | __/ _ \/ __|
2025-03-11 20:37:25,324 - isca - DEBUG - ___) | (_) | (__| | | (_| | ||  __/\__ \
2025-03-11 20:37:25,324 - isca - DEBUG - |____/ \___/ \___|_|  \__,_|\__\___||___/
2025-03-11 20:37:25,324 - isca - DEBUG - 
2025-03-11 20:37:25,324 - isca - DEBUG - Initialised Socrates v17.03
2025-03-11 20:37:25,324 - isca - DEBUG - Stellar constant =    1400.00000000000
2025-03-11 20:37:25,324 - isca - DEBUG - Longwave spectral file =
2025-03-11 20:37:25,324 - isca - DEBUG - /proj/bolinc/users/x_ryabo/socrates_edited_for_isca/spectral_files_for_GCMs/Sun
2025-03-11 20:37:25,324 - isca - DEBUG - /miniSuran_lw.sf WITH           16  bands
2025-03-11 20:37:25,324 - isca - DEBUG - Longwave hires spectral file =
2025-03-11 20:37:25,324 - isca - DEBUG - /proj/bolinc/users/x_ryabo/socrates_edited_for_isca/spectral_files_for_GCMs/Sun
2025-03-11 20:37:25,324 - isca - DEBUG - /miniSuran_lw.sf WITH           16  bands
2025-03-11 20:37:25,324 - isca - DEBUG - Shortwave spectral file =
2025-03-11 20:37:25,324 - isca - DEBUG - /proj/bolinc/users/x_ryabo/socrates_edited_for_isca/spectral_files_for_GCMs/Sun
2025-03-11 20:37:25,324 - isca - DEBUG - /miniSuran_sw.sf WITH           16  bands
2025-03-11 20:37:25,324 - isca - DEBUG - Shortwave hires spectral file =
2025-03-11 20:37:25,324 - isca - DEBUG - /proj/bolinc/users/x_ryabo/socrates_edited_for_isca/spectral_files_for_GCMs/Sun
2025-03-11 20:37:25,325 - isca - DEBUG - /miniSuran_sw.sf WITH           16  bands
2025-03-11 20:37:25,325 - isca - DEBUG - 
2025-03-11 20:37:25,325 - isca - DEBUG - -----------------------------------
2025-03-11 20:37:25,325 - isca - DEBUG - 
2025-03-11 20:38:00,002 - isca - DEBUG - Integration completed through   181 days     0 seconds
2025-03-11 20:38:34,034 - isca - DEBUG - Integration completed through   182 days     0 seconds
2025-03-11 20:39:08,071 - isca - DEBUG - Integration completed through   183 days     0 seconds
2025-03-11 20:39:42,195 - isca - DEBUG - Integration completed through   184 days     0 seconds
2025-03-11 20:40:16,350 - isca - DEBUG - Integration completed through   185 days     0 seconds
2025-03-11 20:40:50,297 - isca - DEBUG - Integration completed through   186 days     0 seconds
2025-03-11 20:41:23,630 - isca - DEBUG - Integration completed through   187 days     0 seconds
2025-03-11 20:41:56,938 - isca - DEBUG - Integration completed through   188 days     0 seconds
2025-03-11 20:42:30,768 - isca - DEBUG - Integration completed through   189 days     0 seconds
2025-03-11 20:43:04,828 - isca - DEBUG - Integration completed through   190 days     0 seconds
2025-03-11 20:43:38,445 - isca - DEBUG - Integration completed through   191 days     0 seconds
2025-03-11 20:44:11,733 - isca - DEBUG - Integration completed through   192 days     0 seconds
2025-03-11 20:44:45,273 - isca - DEBUG - Integration completed through   193 days     0 seconds
2025-03-11 20:45:18,895 - isca - DEBUG - Integration completed through   194 days     0 seconds
2025-03-11 20:45:52,729 - isca - DEBUG - Integration completed through   195 days     0 seconds
2025-03-11 20:46:26,570 - isca - DEBUG - Integration completed through   196 days     0 seconds
2025-03-11 20:47:00,416 - isca - DEBUG - Integration completed through   197 days     0 seconds
2025-03-11 20:47:34,318 - isca - DEBUG - Integration completed through   198 days     0 seconds
2025-03-11 20:48:08,219 - isca - DEBUG - Integration completed through   199 days     0 seconds
2025-03-11 20:48:42,137 - isca - DEBUG - Integration completed through   200 days     0 seconds
2025-03-11 20:49:15,964 - isca - DEBUG - Integration completed through   201 days     0 seconds
2025-03-11 20:49:49,660 - isca - DEBUG - Integration completed through   202 days     0 seconds
2025-03-11 20:50:23,455 - isca - DEBUG - Integration completed through   203 days     0 seconds
2025-03-11 20:50:57,351 - isca - DEBUG - Integration completed through   204 days     0 seconds
2025-03-11 20:51:31,340 - isca - DEBUG - Integration completed through   205 days     0 seconds
2025-03-11 20:52:05,033 - isca - DEBUG - Integration completed through   206 days     0 seconds
2025-03-11 20:52:38,866 - isca - DEBUG - Integration completed through   207 days     0 seconds
2025-03-11 20:53:12,725 - isca - DEBUG - Integration completed through   208 days     0 seconds
2025-03-11 20:53:46,559 - isca - DEBUG - Integration completed through   209 days     0 seconds
2025-03-11 20:54:20,205 - isca - DEBUG - Integration completed through   210 days     0 seconds
2025-03-11 20:54:20,212 - isca - DEBUG - 
2025-03-11 20:54:20,213 - isca - WARNING - WARNING from PE    0: diag_util_mod::opening_file: module/field_name (socrates/soc_toa_sw_down_clr) NOT registered
2025-03-11 20:54:20,213 - isca - DEBUG - 
2025-03-11 20:54:20,213 - isca - DEBUG - 
2025-03-11 20:54:20,213 - isca - WARNING - WARNING from PE    0: diag_util_mod::opening_file: module/field_name (cloud_simple/rh_min) NOT registered
2025-03-11 20:54:20,213 - isca - DEBUG - 
2025-03-11 20:54:20,213 - isca - DEBUG - 
2025-03-11 20:54:20,213 - isca - WARNING - WARNING from PE    0: diag_util_mod::opening_file: module/field_name (socrates/soc_toa_sw_down_clr) NOT registered
2025-03-11 20:54:20,213 - isca - DEBUG - 
2025-03-11 20:54:20,213 - isca - DEBUG - 
2025-03-11 20:54:20,213 - isca - WARNING - WARNING from PE    0: diag_util_mod::opening_file: module/field_name (cloud_simple/rh_min) NOT registered
2025-03-11 20:54:20,213 - isca - DEBUG - 
2025-03-11 20:54:20,223 - isca - DEBUG - NOTE from PE    0: MPP_IO_SET_STACK_SIZE: stack size set to     327680.
2025-03-11 20:54:20,307 - isca - DEBUG - MPP_DOMAINS_STACK high water mark=       40960
2025-03-11 20:54:20,308 - isca - DEBUG - 
2025-03-11 20:54:20,308 - isca - DEBUG - Tabulating mpp_clock statistics across     16 PEs...
2025-03-11 20:54:20,308 - isca - DEBUG - 
2025-03-11 20:54:20,308 - isca - DEBUG - tmin          tmax          tavg          tstd  tfrac grain pemin pemax
2025-03-11 20:54:20,308 - isca - DEBUG - Total runtime                      1016.404907   1016.409814   1016.408211      0.001117  1.000     0     0    15
2025-03-11 20:54:20,308 - isca - DEBUG - MPP_STACK high water mark=           0
2025-03-11 20:54:20,468 - isca - INFO - Run 7 complete
2025-03-11 20:54:21,405 - isca - DEBUG - atmos_monthly.nc combined and copied to data directory
2025-03-11 20:54:24,402 - isca - INFO - Restart archive created at /proj/bolinc/users/x_ryabo/Isca-Ryan_outputs/planetb_presentdayEarth_rot0_Sun_noO3/restarts/res0007.tar.gz
2025-03-11 20:54:24,415 - isca - INFO - Writing namelist to '/proj/bolinc/users/x_ryabo/Isca-Ryan_outputs/planetb_presentdayEarth_rot0_Sun_noO3/run0007/input.nml'
2025-03-11 20:54:24,417 - isca - INFO - Writing field_table to '/proj/bolinc/users/x_ryabo/Isca-Ryan_outputs/planetb_presentdayEarth_rot0_Sun_noO3/run0007/field_table'
2025-03-11 20:54:24,429 - isca - INFO - Writing diag_table to '/proj/bolinc/users/x_ryabo/Isca-Ryan_outputs/planetb_presentdayEarth_rot0_Sun_noO3/run0007/diag_table'
2025-03-11 20:54:24,539 - isca - INFO - Emptied run directory '/home/x_ryabo/Isca-Ryan_tmp/experiment/planetb_presentdayEarth_rot0_Sun_noO3/run'
2025-03-11 20:54:24,563 - isca - INFO - Emptied run directory '/home/x_ryabo/Isca-Ryan_tmp/experiment/planetb_presentdayEarth_rot0_Sun_noO3/run'
2025-03-11 20:54:24,654 - isca - INFO - Writing namelist to '/home/x_ryabo/Isca-Ryan_tmp/experiment/planetb_presentdayEarth_rot0_Sun_noO3/run/input.nml'
2025-03-11 20:54:24,656 - isca - INFO - Writing field_table to '/home/x_ryabo/Isca-Ryan_tmp/experiment/planetb_presentdayEarth_rot0_Sun_noO3/run/field_table'
2025-03-11 20:54:24,668 - isca - INFO - Writing diag_table to '/home/x_ryabo/Isca-Ryan_tmp/experiment/planetb_presentdayEarth_rot0_Sun_noO3/run/diag_table'
2025-03-11 20:54:24,683 - isca - INFO - Using restart file '/proj/bolinc/users/x_ryabo/Isca-Ryan_outputs/planetb_presentdayEarth_rot0_Sun_noO3/restarts/res0007.tar.gz'
2025-03-11 20:54:25,079 - isca - INFO - Restart /proj/bolinc/users/x_ryabo/Isca-Ryan_outputs/planetb_presentdayEarth_rot0_Sun_noO3/restarts/res0007.tar.gz extracted to /home/x_ryabo/Isca-Ryan_tmp/experiment/planetb_presentdayEarth_rot0_Sun_noO3/run/INPUT
2025-03-11 20:54:25,080 - isca - INFO - Beginning run 8
2025-03-11 20:54:25,092 - isca - INFO - process running as 3876011
2025-03-11 20:54:25,092 - isca - DEBUG - loadmodules for Isca on NSC cluster Tetralith
2025-03-11 20:54:25,092 - isca - DEBUG - mpiifort
2025-03-11 20:54:25,197 - isca - DEBUG - The following modules were not unloaded:
2025-03-11 20:54:25,197 - isca - DEBUG - (Use "module --force purge" to unload all):
2025-03-11 20:54:25,197 - isca - DEBUG - 
2025-03-11 20:54:25,197 - isca - DEBUG - 1) hpc/.1.10.1
2025-03-11 20:54:25,303 - isca - DEBUG - ***************************************************
2025-03-11 20:54:25,303 - isca - DEBUG - You have loaded a buildenv module
2025-03-11 20:54:25,303 - isca - DEBUG - ***************************************************
2025-03-11 20:54:25,303 - isca - DEBUG - The buldenv-intel module makes available:
2025-03-11 20:54:25,303 - isca - DEBUG - - Compilers: icc, ifort, etc.
2025-03-11 20:54:25,303 - isca - DEBUG - - Mpi library with mpi-wrapped compilers: intel mpi with mpicc, mpifort, etc.
2025-03-11 20:54:25,303 - isca - DEBUG - - Numerical libraries: intel MKL
2025-03-11 20:54:25,303 - isca - DEBUG - 
2025-03-11 20:54:25,303 - isca - DEBUG - It also makes a set of dependency library modules available via
2025-03-11 20:54:25,303 - isca - DEBUG - the regular module command. Just do:
2025-03-11 20:54:25,303 - isca - DEBUG - module avail
2025-03-11 20:54:25,303 - isca - DEBUG - to see what is available.
2025-03-11 20:54:25,303 - isca - DEBUG - 
2025-03-11 20:54:25,304 - isca - DEBUG - NOTE: You shoud never load build environments inside submitted jobs.
2025-03-11 20:54:25,304 - isca - DEBUG - (with the single exception of when using supercomputer time to compile code.)
2025-03-11 20:54:25,304 - isca - DEBUG - 
2025-03-11 20:54:26,552 - isca - DEBUG - NOTE from PE    0: MPP_DOMAINS_SET_STACK_SIZE: stack size set to    32768.
2025-03-11 20:54:26,552 - isca - DEBUG - &MPP_IO_NML
2025-03-11 20:54:26,552 - isca - DEBUG - HEADER_BUFFER_VAL       =       16384,
2025-03-11 20:54:26,552 - isca - DEBUG - GLOBAL_FIELD_ON_ROOT_PE = T,
2025-03-11 20:54:26,552 - isca - DEBUG - IO_CLOCKS_ON    = F,
2025-03-11 20:54:26,552 - isca - DEBUG - SHUFFLE =           0,
2025-03-11 20:54:26,552 - isca - DEBUG - DEFLATE_LEVEL   =          -1
2025-03-11 20:54:26,552 - isca - DEBUG - /
2025-03-11 20:54:26,554 - isca - DEBUG - NOTE from PE    0: MPP_IO_SET_STACK_SIZE: stack size set to     131072.
2025-03-11 20:54:26,555 - isca - DEBUG - NOTE from PE    0: MPP_DOMAINS_SET_STACK_SIZE: stack size set to   600000.
2025-03-11 20:54:26,563 - isca - DEBUG - starting            1  OpenMP threads per MPI-task
2025-03-11 20:54:26,565 - isca - DEBUG - ATMOS MODEL DOMAIN DECOMPOSITION
2025-03-11 20:54:26,565 - isca - DEBUG - X-AXIS =  128
2025-03-11 20:54:26,565 - isca - DEBUG - Y-AXIS =    4   4   4   4   4   4   4   4   4   4   4   4   4   4   4   4
2025-03-11 20:54:26,614 - isca - DEBUG - 
2025-03-11 20:54:26,614 - isca - WARNING - WARNING from PE    4: socrates_init: dt_rad does not fit into one day an integer number of times
2025-03-11 20:54:26,614 - isca - DEBUG - 
2025-03-11 20:54:26,614 - isca - DEBUG - 
2025-03-11 20:54:26,614 - isca - WARNING - WARNING from PE    5: socrates_init: dt_rad does not fit into one day an integer number of times
2025-03-11 20:54:26,614 - isca - DEBUG - 
2025-03-11 20:54:26,614 - isca - DEBUG - 
2025-03-11 20:54:26,615 - isca - WARNING - WARNING from PE    6: socrates_init: dt_rad does not fit into one day an integer number of times
2025-03-11 20:54:26,615 - isca - DEBUG - 
2025-03-11 20:54:26,615 - isca - DEBUG - 
2025-03-11 20:54:26,615 - isca - WARNING - WARNING from PE    2: socrates_init: dt_rad does not fit into one day an integer number of times
2025-03-11 20:54:26,615 - isca - DEBUG - 
2025-03-11 20:54:26,615 - isca - DEBUG - 
2025-03-11 20:54:26,615 - isca - WARNING - WARNING from PE    3: socrates_init: dt_rad does not fit into one day an integer number of times
2025-03-11 20:54:26,615 - isca - DEBUG - 
2025-03-11 20:54:26,615 - isca - WARNING - WARNING from PE    1: socrates_init: dt_rad does not fit into one day an integer number of times
2025-03-11 20:54:26,615 - isca - DEBUG - 
2025-03-11 20:54:26,615 - isca - DEBUG - 
2025-03-11 20:54:26,618 - isca - DEBUG - NOTE from PE    0: cloud_simple: Using SimCloud cloud scheme
2025-03-11 20:54:26,619 - isca - DEBUG - NOTE from PE    0: ls_cloud: Using linear cloud fraction diagnostic formula.
2025-03-11 20:54:26,619 - isca - DEBUG - NOTE from PE    0: cloud_cover: The cloud overlap assumption is MAXIMUM-RANDOM
2025-03-11 20:54:26,619 - isca - DEBUG - NOTE from PE    0: idealized_moist_phys: Using Frierson Quasi-Equilibrium convection scheme.
2025-03-11 20:54:26,622 - isca - DEBUG - 
2025-03-11 20:54:26,623 - isca - DEBUG - 
2025-03-11 20:54:26,623 - isca - WARNING - WARNING from PE    8: socrates_init: dt_rad does not fit into one day an integer number of times
2025-03-11 20:54:26,623 - isca - DEBUG - 
2025-03-11 20:54:26,623 - isca - WARNING - WARNING from PE   10: socrates_init: dt_rad does not fit into one day an integer number of times
2025-03-11 20:54:26,623 - isca - DEBUG - 
2025-03-11 20:54:26,623 - isca - DEBUG - 
2025-03-11 20:54:26,623 - isca - WARNING - WARNING from PE   13: socrates_init: dt_rad does not fit into one day an integer number of times
2025-03-11 20:54:26,623 - isca - DEBUG - 
2025-03-11 20:54:26,623 - isca - WARNING - WARNING from PE   15: socrates_init: dt_rad does not fit into one day an integer number of times
2025-03-11 20:54:26,623 - isca - DEBUG - 
2025-03-11 20:54:26,623 - isca - DEBUG - 
2025-03-11 20:54:26,623 - isca - DEBUG - 
2025-03-11 20:54:26,623 - isca - DEBUG - 
2025-03-11 20:54:26,623 - isca - WARNING - WARNING from PE    9: socrates_init: dt_rad does not fit into one day an integer number of times
2025-03-11 20:54:26,623 - isca - DEBUG - 
2025-03-11 20:54:26,623 - isca - DEBUG - 
2025-03-11 20:54:26,623 - isca - WARNING - WARNING from PE   14: socrates_init: dt_rad does not fit into one day an integer number of times
2025-03-11 20:54:26,623 - isca - DEBUG - 
2025-03-11 20:54:26,623 - isca - WARNING - WARNING from PE   11: socrates_init: dt_rad does not fit into one day an integer number of times
2025-03-11 20:54:26,623 - isca - DEBUG - 
2025-03-11 20:54:26,623 - isca - DEBUG - 
2025-03-11 20:54:26,623 - isca - WARNING - WARNING from PE    7: socrates_init: dt_rad does not fit into one day an integer number of times
2025-03-11 20:54:26,623 - isca - DEBUG - 
2025-03-11 20:54:26,623 - isca - DEBUG - 
2025-03-11 20:54:26,623 - isca - WARNING - WARNING from PE   12: socrates_init: dt_rad does not fit into one day an integer number of times
2025-03-11 20:54:26,623 - isca - DEBUG - 
2025-03-11 20:54:26,631 - isca - DEBUG - 
2025-03-11 20:54:26,631 - isca - WARNING - WARNING from PE    0: socrates_init: dt_rad does not fit into one day an integer number of times
2025-03-11 20:54:26,631 - isca - DEBUG - 
2025-03-11 20:54:26,631 - isca - DEBUG - 
2025-03-11 20:54:26,631 - isca - WARNING - WARNING from PE    0: socrates_init: dt_rad does not fit into one day an integer number of times
2025-03-11 20:54:26,631 - isca - DEBUG - 
2025-03-11 20:54:26,631 - isca - DEBUG - 
2025-03-11 20:54:26,631 - isca - WARNING - WARNING from PE    0: socrates_init: lw_hires_spectral_filename is unset, making equal to lw_spectral_filename
2025-03-11 20:54:26,631 - isca - DEBUG - 
2025-03-11 20:54:26,631 - isca - DEBUG - 
2025-03-11 20:54:26,631 - isca - WARNING - WARNING from PE    0: socrates_init: lw_hires_spectral_filename is unset, making equal to lw_spectral_filename
2025-03-11 20:54:26,631 - isca - DEBUG - 
2025-03-11 20:54:26,631 - isca - DEBUG - 
2025-03-11 20:54:26,631 - isca - WARNING - WARNING from PE    0: socrates_init: sw_hires_spectral_filename is unset, making equal to sw_spectral_filename
2025-03-11 20:54:26,631 - isca - DEBUG - 
2025-03-11 20:54:26,631 - isca - DEBUG - 
2025-03-11 20:54:26,631 - isca - WARNING - WARNING from PE    0: socrates_init: sw_hires_spectral_filename is unset, making equal to sw_spectral_filename
2025-03-11 20:54:26,631 - isca - DEBUG - 
2025-03-11 20:54:27,973 - isca - DEBUG - NOTE from PE    0: Interpolator: Using input file with no time dimension - ozone_1990_notime_zero.nc
2025-03-11 20:54:27,974 - isca - DEBUG - Initializing src field : ozone_1990
2025-03-11 20:54:27,976 - isca - DEBUG - 
2025-03-11 20:54:27,976 - isca - DEBUG - -----------------------------------
2025-03-11 20:54:27,976 - isca - DEBUG - ____                       _
2025-03-11 20:54:27,976 - isca - DEBUG - / ___|  ___   ___ _ __ __ _| |_ ___  ___
2025-03-11 20:54:27,976 - isca - DEBUG - \___ \ / _ \ / __|  __/ _` | __/ _ \/ __|
2025-03-11 20:54:27,976 - isca - DEBUG - ___) | (_) | (__| | | (_| | ||  __/\__ \
2025-03-11 20:54:27,976 - isca - DEBUG - |____/ \___/ \___|_|  \__,_|\__\___||___/
2025-03-11 20:54:27,976 - isca - DEBUG - 
2025-03-11 20:54:27,976 - isca - DEBUG - Initialised Socrates v17.03
2025-03-11 20:54:27,976 - isca - DEBUG - Stellar constant =    1400.00000000000
2025-03-11 20:54:27,976 - isca - DEBUG - Longwave spectral file =
2025-03-11 20:54:27,976 - isca - DEBUG - /proj/bolinc/users/x_ryabo/socrates_edited_for_isca/spectral_files_for_GCMs/Sun
2025-03-11 20:54:27,976 - isca - DEBUG - /miniSuran_lw.sf WITH           16  bands
2025-03-11 20:54:27,976 - isca - DEBUG - Longwave hires spectral file =
2025-03-11 20:54:27,976 - isca - DEBUG - /proj/bolinc/users/x_ryabo/socrates_edited_for_isca/spectral_files_for_GCMs/Sun
2025-03-11 20:54:27,977 - isca - DEBUG - /miniSuran_lw.sf WITH           16  bands
2025-03-11 20:54:27,977 - isca - DEBUG - Shortwave spectral file =
2025-03-11 20:54:27,977 - isca - DEBUG - /proj/bolinc/users/x_ryabo/socrates_edited_for_isca/spectral_files_for_GCMs/Sun
2025-03-11 20:54:27,977 - isca - DEBUG - /miniSuran_sw.sf WITH           16  bands
2025-03-11 20:54:27,977 - isca - DEBUG - Shortwave hires spectral file =
2025-03-11 20:54:27,977 - isca - DEBUG - /proj/bolinc/users/x_ryabo/socrates_edited_for_isca/spectral_files_for_GCMs/Sun
2025-03-11 20:54:27,977 - isca - DEBUG - /miniSuran_sw.sf WITH           16  bands
2025-03-11 20:54:27,977 - isca - DEBUG - 
2025-03-11 20:54:27,977 - isca - DEBUG - -----------------------------------
2025-03-11 20:54:27,977 - isca - DEBUG - 
2025-03-11 20:55:01,808 - isca - DEBUG - Integration completed through   211 days     0 seconds
2025-03-11 20:55:35,664 - isca - DEBUG - Integration completed through   212 days     0 seconds
2025-03-11 20:56:09,449 - isca - DEBUG - Integration completed through   213 days     0 seconds
2025-03-11 20:56:43,100 - isca - DEBUG - Integration completed through   214 days     0 seconds
2025-03-11 20:57:16,972 - isca - DEBUG - Integration completed through   215 days     0 seconds
2025-03-11 20:57:51,040 - isca - DEBUG - Integration completed through   216 days     0 seconds
2025-03-11 20:58:24,950 - isca - DEBUG - Integration completed through   217 days     0 seconds
2025-03-11 20:58:58,692 - isca - DEBUG - Integration completed through   218 days     0 seconds
2025-03-11 20:59:32,606 - isca - DEBUG - Integration completed through   219 days     0 seconds
2025-03-11 21:00:06,497 - isca - DEBUG - Integration completed through   220 days     0 seconds
2025-03-11 21:00:40,408 - isca - DEBUG - Integration completed through   221 days     0 seconds
2025-03-11 21:01:14,135 - isca - DEBUG - Integration completed through   222 days     0 seconds
2025-03-11 21:01:47,931 - isca - DEBUG - Integration completed through   223 days     0 seconds
2025-03-11 21:02:21,730 - isca - DEBUG - Integration completed through   224 days     0 seconds
2025-03-11 21:02:55,598 - isca - DEBUG - Integration completed through   225 days     0 seconds
2025-03-11 21:03:29,242 - isca - DEBUG - Integration completed through   226 days     0 seconds
2025-03-11 21:04:02,808 - isca - DEBUG - Integration completed through   227 days     0 seconds
2025-03-11 21:04:36,363 - isca - DEBUG - Integration completed through   228 days     0 seconds
2025-03-11 21:05:09,894 - isca - DEBUG - Integration completed through   229 days     0 seconds
2025-03-11 21:05:43,359 - isca - DEBUG - Integration completed through   230 days     0 seconds
2025-03-11 21:06:16,985 - isca - DEBUG - Integration completed through   231 days     0 seconds
2025-03-11 21:06:51,071 - isca - DEBUG - Integration completed through   232 days     0 seconds
2025-03-11 21:07:25,347 - isca - DEBUG - Integration completed through   233 days     0 seconds
2025-03-11 21:07:59,319 - isca - DEBUG - Integration completed through   234 days     0 seconds
2025-03-11 21:08:33,015 - isca - DEBUG - Integration completed through   235 days     0 seconds
2025-03-11 21:09:06,577 - isca - DEBUG - Integration completed through   236 days     0 seconds
2025-03-11 21:09:40,213 - isca - DEBUG - Integration completed through   237 days     0 seconds
2025-03-11 21:10:13,845 - isca - DEBUG - Integration completed through   238 days     0 seconds
2025-03-11 21:10:47,578 - isca - DEBUG - Integration completed through   239 days     0 seconds
2025-03-11 21:11:21,332 - isca - DEBUG - Integration completed through   240 days     0 seconds
2025-03-11 21:11:21,340 - isca - DEBUG - 
2025-03-11 21:11:21,341 - isca - WARNING - WARNING from PE    0: diag_util_mod::opening_file: module/field_name (socrates/soc_toa_sw_down_clr) NOT registered
2025-03-11 21:11:21,341 - isca - DEBUG - 
2025-03-11 21:11:21,341 - isca - DEBUG - 
2025-03-11 21:11:21,341 - isca - WARNING - WARNING from PE    0: diag_util_mod::opening_file: module/field_name (cloud_simple/rh_min) NOT registered
2025-03-11 21:11:21,341 - isca - DEBUG - 
2025-03-11 21:11:21,341 - isca - DEBUG - 
2025-03-11 21:11:21,341 - isca - WARNING - WARNING from PE    0: diag_util_mod::opening_file: module/field_name (socrates/soc_toa_sw_down_clr) NOT registered
2025-03-11 21:11:21,341 - isca - DEBUG - 
2025-03-11 21:11:21,341 - isca - DEBUG - 
2025-03-11 21:11:21,341 - isca - WARNING - WARNING from PE    0: diag_util_mod::opening_file: module/field_name (cloud_simple/rh_min) NOT registered
2025-03-11 21:11:21,341 - isca - DEBUG - 
2025-03-11 21:11:21,350 - isca - DEBUG - NOTE from PE    0: MPP_IO_SET_STACK_SIZE: stack size set to     327680.
2025-03-11 21:11:21,436 - isca - DEBUG - MPP_DOMAINS_STACK high water mark=       40960
2025-03-11 21:11:21,436 - isca - DEBUG - 
2025-03-11 21:11:21,437 - isca - DEBUG - Tabulating mpp_clock statistics across     16 PEs...
2025-03-11 21:11:21,437 - isca - DEBUG - 
2025-03-11 21:11:21,437 - isca - DEBUG - tmin          tmax          tavg          tstd  tfrac grain pemin pemax
2025-03-11 21:11:21,437 - isca - DEBUG - Total runtime                      1014.884553   1014.888457   1014.886447      0.001258  1.000     0     0    15
2025-03-11 21:11:21,437 - isca - DEBUG - MPP_STACK high water mark=           0
2025-03-11 21:11:21,536 - isca - INFO - Run 8 complete
2025-03-11 21:11:22,483 - isca - DEBUG - atmos_monthly.nc combined and copied to data directory
2025-03-11 21:11:25,490 - isca - INFO - Restart archive created at /proj/bolinc/users/x_ryabo/Isca-Ryan_outputs/planetb_presentdayEarth_rot0_Sun_noO3/restarts/res0008.tar.gz
2025-03-11 21:11:25,503 - isca - INFO - Writing namelist to '/proj/bolinc/users/x_ryabo/Isca-Ryan_outputs/planetb_presentdayEarth_rot0_Sun_noO3/run0008/input.nml'
2025-03-11 21:11:25,505 - isca - INFO - Writing field_table to '/proj/bolinc/users/x_ryabo/Isca-Ryan_outputs/planetb_presentdayEarth_rot0_Sun_noO3/run0008/field_table'
2025-03-11 21:11:25,518 - isca - INFO - Writing diag_table to '/proj/bolinc/users/x_ryabo/Isca-Ryan_outputs/planetb_presentdayEarth_rot0_Sun_noO3/run0008/diag_table'
2025-03-11 21:11:25,631 - isca - INFO - Emptied run directory '/home/x_ryabo/Isca-Ryan_tmp/experiment/planetb_presentdayEarth_rot0_Sun_noO3/run'
2025-03-11 21:11:25,655 - isca - INFO - Emptied run directory '/home/x_ryabo/Isca-Ryan_tmp/experiment/planetb_presentdayEarth_rot0_Sun_noO3/run'
2025-03-11 21:11:25,744 - isca - INFO - Writing namelist to '/home/x_ryabo/Isca-Ryan_tmp/experiment/planetb_presentdayEarth_rot0_Sun_noO3/run/input.nml'
2025-03-11 21:11:25,746 - isca - INFO - Writing field_table to '/home/x_ryabo/Isca-Ryan_tmp/experiment/planetb_presentdayEarth_rot0_Sun_noO3/run/field_table'
2025-03-11 21:11:25,758 - isca - INFO - Writing diag_table to '/home/x_ryabo/Isca-Ryan_tmp/experiment/planetb_presentdayEarth_rot0_Sun_noO3/run/diag_table'
2025-03-11 21:11:25,773 - isca - INFO - Using restart file '/proj/bolinc/users/x_ryabo/Isca-Ryan_outputs/planetb_presentdayEarth_rot0_Sun_noO3/restarts/res0008.tar.gz'
2025-03-11 21:11:26,160 - isca - INFO - Restart /proj/bolinc/users/x_ryabo/Isca-Ryan_outputs/planetb_presentdayEarth_rot0_Sun_noO3/restarts/res0008.tar.gz extracted to /home/x_ryabo/Isca-Ryan_tmp/experiment/planetb_presentdayEarth_rot0_Sun_noO3/run/INPUT
2025-03-11 21:11:26,161 - isca - INFO - Beginning run 9
2025-03-11 21:11:26,173 - isca - INFO - process running as 3877623
2025-03-11 21:11:26,173 - isca - DEBUG - loadmodules for Isca on NSC cluster Tetralith
2025-03-11 21:11:26,173 - isca - DEBUG - mpiifort
2025-03-11 21:11:26,280 - isca - DEBUG - The following modules were not unloaded:
2025-03-11 21:11:26,280 - isca - DEBUG - (Use "module --force purge" to unload all):
2025-03-11 21:11:26,281 - isca - DEBUG - 
2025-03-11 21:11:26,281 - isca - DEBUG - 1) hpc/.1.10.1
2025-03-11 21:11:26,386 - isca - DEBUG - ***************************************************
2025-03-11 21:11:26,386 - isca - DEBUG - You have loaded a buildenv module
2025-03-11 21:11:26,386 - isca - DEBUG - ***************************************************
2025-03-11 21:11:26,386 - isca - DEBUG - The buldenv-intel module makes available:
2025-03-11 21:11:26,386 - isca - DEBUG - - Compilers: icc, ifort, etc.
2025-03-11 21:11:26,386 - isca - DEBUG - - Mpi library with mpi-wrapped compilers: intel mpi with mpicc, mpifort, etc.
2025-03-11 21:11:26,386 - isca - DEBUG - - Numerical libraries: intel MKL
2025-03-11 21:11:26,386 - isca - DEBUG - 
2025-03-11 21:11:26,386 - isca - DEBUG - It also makes a set of dependency library modules available via
2025-03-11 21:11:26,386 - isca - DEBUG - the regular module command. Just do:
2025-03-11 21:11:26,386 - isca - DEBUG - module avail
2025-03-11 21:11:26,386 - isca - DEBUG - to see what is available.
2025-03-11 21:11:26,386 - isca - DEBUG - 
2025-03-11 21:11:26,386 - isca - DEBUG - NOTE: You shoud never load build environments inside submitted jobs.
2025-03-11 21:11:26,386 - isca - DEBUG - (with the single exception of when using supercomputer time to compile code.)
2025-03-11 21:11:26,386 - isca - DEBUG - 
2025-03-11 21:11:27,621 - isca - DEBUG - NOTE from PE    0: MPP_DOMAINS_SET_STACK_SIZE: stack size set to    32768.
2025-03-11 21:11:27,622 - isca - DEBUG - &MPP_IO_NML
2025-03-11 21:11:27,622 - isca - DEBUG - HEADER_BUFFER_VAL       =       16384,
2025-03-11 21:11:27,622 - isca - DEBUG - GLOBAL_FIELD_ON_ROOT_PE = T,
2025-03-11 21:11:27,622 - isca - DEBUG - IO_CLOCKS_ON    = F,
2025-03-11 21:11:27,622 - isca - DEBUG - SHUFFLE =           0,
2025-03-11 21:11:27,622 - isca - DEBUG - DEFLATE_LEVEL   =          -1
2025-03-11 21:11:27,622 - isca - DEBUG - /
2025-03-11 21:11:27,623 - isca - DEBUG - NOTE from PE    0: MPP_IO_SET_STACK_SIZE: stack size set to     131072.
2025-03-11 21:11:27,624 - isca - DEBUG - NOTE from PE    0: MPP_DOMAINS_SET_STACK_SIZE: stack size set to   600000.
2025-03-11 21:11:27,631 - isca - DEBUG - starting            1  OpenMP threads per MPI-task
2025-03-11 21:11:27,633 - isca - DEBUG - ATMOS MODEL DOMAIN DECOMPOSITION
2025-03-11 21:11:27,633 - isca - DEBUG - X-AXIS =  128
2025-03-11 21:11:27,634 - isca - DEBUG - Y-AXIS =    4   4   4   4   4   4   4   4   4   4   4   4   4   4   4   4
2025-03-11 21:11:27,683 - isca - DEBUG - NOTE from PE    0: cloud_simple: Using SimCloud cloud scheme
2025-03-11 21:11:27,684 - isca - DEBUG - NOTE from PE    0: ls_cloud: Using linear cloud fraction diagnostic formula.
2025-03-11 21:11:27,685 - isca - DEBUG - NOTE from PE    0: cloud_cover: The cloud overlap assumption is MAXIMUM-RANDOM
2025-03-11 21:11:27,685 - isca - DEBUG - NOTE from PE    0: idealized_moist_phys: Using Frierson Quasi-Equilibrium convection scheme.
2025-03-11 21:11:27,688 - isca - DEBUG - 
2025-03-11 21:11:27,689 - isca - WARNING - WARNING from PE    4: socrates_init: dt_rad does not fit into one day an integer number of times
2025-03-11 21:11:27,689 - isca - DEBUG - 
2025-03-11 21:11:27,689 - isca - DEBUG - 
2025-03-11 21:11:27,689 - isca - WARNING - WARNING from PE    6: socrates_init: dt_rad does not fit into one day an integer number of times
2025-03-11 21:11:27,689 - isca - DEBUG - 
2025-03-11 21:11:27,689 - isca - DEBUG - 
2025-03-11 21:11:27,689 - isca - DEBUG - 
2025-03-11 21:11:27,689 - isca - WARNING - WARNING from PE    5: socrates_init: dt_rad does not fit into one day an integer number of times
2025-03-11 21:11:27,689 - isca - DEBUG - 
2025-03-11 21:11:27,689 - isca - WARNING - WARNING from PE    2: socrates_init: dt_rad does not fit into one day an integer number of times
2025-03-11 21:11:27,689 - isca - DEBUG - 
2025-03-11 21:11:27,689 - isca - DEBUG - 
2025-03-11 21:11:27,689 - isca - WARNING - WARNING from PE    3: socrates_init: dt_rad does not fit into one day an integer number of times
2025-03-11 21:11:27,689 - isca - DEBUG - 
2025-03-11 21:11:27,690 - isca - DEBUG - 
2025-03-11 21:11:27,690 - isca - WARNING - WARNING from PE    1: socrates_init: dt_rad does not fit into one day an integer number of times
2025-03-11 21:11:27,690 - isca - DEBUG - 
2025-03-11 21:11:27,694 - isca - DEBUG - 
2025-03-11 21:11:27,694 - isca - WARNING - WARNING from PE    0: socrates_init: dt_rad does not fit into one day an integer number of times
2025-03-11 21:11:27,694 - isca - DEBUG - 
2025-03-11 21:11:27,694 - isca - DEBUG - 
2025-03-11 21:11:27,694 - isca - WARNING - WARNING from PE    0: socrates_init: dt_rad does not fit into one day an integer number of times
2025-03-11 21:11:27,694 - isca - DEBUG - 
2025-03-11 21:11:27,695 - isca - DEBUG - 
2025-03-11 21:11:27,695 - isca - WARNING - WARNING from PE    0: socrates_init: lw_hires_spectral_filename is unset, making equal to lw_spectral_filename
2025-03-11 21:11:27,695 - isca - DEBUG - 
2025-03-11 21:11:27,695 - isca - DEBUG - 
2025-03-11 21:11:27,695 - isca - WARNING - WARNING from PE    0: socrates_init: lw_hires_spectral_filename is unset, making equal to lw_spectral_filename
2025-03-11 21:11:27,695 - isca - DEBUG - 
2025-03-11 21:11:27,695 - isca - DEBUG - 
2025-03-11 21:11:27,695 - isca - WARNING - WARNING from PE    0: socrates_init: sw_hires_spectral_filename is unset, making equal to sw_spectral_filename
2025-03-11 21:11:27,695 - isca - DEBUG - 
2025-03-11 21:11:27,695 - isca - DEBUG - 
2025-03-11 21:11:27,695 - isca - DEBUG - 
2025-03-11 21:11:27,695 - isca - WARNING - WARNING from PE   13: socrates_init: dt_rad does not fit into one day an integer number of times
2025-03-11 21:11:27,695 - isca - DEBUG - 
2025-03-11 21:11:27,695 - isca - WARNING - WARNING from PE    0: socrates_init: sw_hires_spectral_filename is unset, making equal to sw_spectral_filename
2025-03-11 21:11:27,695 - isca - DEBUG - 
2025-03-11 21:11:27,695 - isca - DEBUG - 
2025-03-11 21:11:27,695 - isca - WARNING - WARNING from PE   15: socrates_init: dt_rad does not fit into one day an integer number of times
2025-03-11 21:11:27,695 - isca - DEBUG - 
2025-03-11 21:11:27,695 - isca - DEBUG - 
2025-03-11 21:11:27,695 - isca - DEBUG - 
2025-03-11 21:11:27,695 - isca - WARNING - WARNING from PE   12: socrates_init: dt_rad does not fit into one day an integer number of times
2025-03-11 21:11:27,695 - isca - DEBUG - 
2025-03-11 21:11:27,695 - isca - WARNING - WARNING from PE    7: socrates_init: dt_rad does not fit into one day an integer number of times
2025-03-11 21:11:27,695 - isca - DEBUG - 
2025-03-11 21:11:27,695 - isca - DEBUG - 
2025-03-11 21:11:27,695 - isca - WARNING - WARNING from PE   14: socrates_init: dt_rad does not fit into one day an integer number of times
2025-03-11 21:11:27,695 - isca - DEBUG - 
2025-03-11 21:11:27,696 - isca - DEBUG - 
2025-03-11 21:11:27,696 - isca - DEBUG - 
2025-03-11 21:11:27,696 - isca - WARNING - WARNING from PE    9: socrates_init: dt_rad does not fit into one day an integer number of times
2025-03-11 21:11:27,696 - isca - DEBUG - 
2025-03-11 21:11:27,696 - isca - WARNING - WARNING from PE    8: socrates_init: dt_rad does not fit into one day an integer number of times
2025-03-11 21:11:27,696 - isca - DEBUG - 
2025-03-11 21:11:27,696 - isca - DEBUG - 
2025-03-11 21:11:27,696 - isca - DEBUG - 
2025-03-11 21:11:27,696 - isca - WARNING - WARNING from PE   11: socrates_init: dt_rad does not fit into one day an integer number of times
2025-03-11 21:11:27,696 - isca - DEBUG - 
2025-03-11 21:11:27,696 - isca - WARNING - WARNING from PE   10: socrates_init: dt_rad does not fit into one day an integer number of times
2025-03-11 21:11:27,696 - isca - DEBUG - 
2025-03-11 21:11:28,886 - isca - DEBUG - NOTE from PE    0: Interpolator: Using input file with no time dimension - ozone_1990_notime_zero.nc
2025-03-11 21:11:28,886 - isca - DEBUG - Initializing src field : ozone_1990
2025-03-11 21:11:28,888 - isca - DEBUG - 
2025-03-11 21:11:28,888 - isca - DEBUG - -----------------------------------
2025-03-11 21:11:28,888 - isca - DEBUG - ____                       _
2025-03-11 21:11:28,888 - isca - DEBUG - / ___|  ___   ___ _ __ __ _| |_ ___  ___
2025-03-11 21:11:28,888 - isca - DEBUG - \___ \ / _ \ / __|  __/ _` | __/ _ \/ __|
2025-03-11 21:11:28,888 - isca - DEBUG - ___) | (_) | (__| | | (_| | ||  __/\__ \
2025-03-11 21:11:28,888 - isca - DEBUG - |____/ \___/ \___|_|  \__,_|\__\___||___/
2025-03-11 21:11:28,888 - isca - DEBUG - 
2025-03-11 21:11:28,888 - isca - DEBUG - Initialised Socrates v17.03
2025-03-11 21:11:28,888 - isca - DEBUG - Stellar constant =    1400.00000000000
2025-03-11 21:11:28,888 - isca - DEBUG - Longwave spectral file =
2025-03-11 21:11:28,888 - isca - DEBUG - /proj/bolinc/users/x_ryabo/socrates_edited_for_isca/spectral_files_for_GCMs/Sun
2025-03-11 21:11:28,888 - isca - DEBUG - /miniSuran_lw.sf WITH           16  bands
2025-03-11 21:11:28,888 - isca - DEBUG - Longwave hires spectral file =
2025-03-11 21:11:28,889 - isca - DEBUG - /proj/bolinc/users/x_ryabo/socrates_edited_for_isca/spectral_files_for_GCMs/Sun
2025-03-11 21:11:28,889 - isca - DEBUG - /miniSuran_lw.sf WITH           16  bands
2025-03-11 21:11:28,889 - isca - DEBUG - Shortwave spectral file =
2025-03-11 21:11:28,889 - isca - DEBUG - /proj/bolinc/users/x_ryabo/socrates_edited_for_isca/spectral_files_for_GCMs/Sun
2025-03-11 21:11:28,889 - isca - DEBUG - /miniSuran_sw.sf WITH           16  bands
2025-03-11 21:11:28,889 - isca - DEBUG - Shortwave hires spectral file =
2025-03-11 21:11:28,889 - isca - DEBUG - /proj/bolinc/users/x_ryabo/socrates_edited_for_isca/spectral_files_for_GCMs/Sun
2025-03-11 21:11:28,889 - isca - DEBUG - /miniSuran_sw.sf WITH           16  bands
2025-03-11 21:11:28,889 - isca - DEBUG - 
2025-03-11 21:11:28,889 - isca - DEBUG - -----------------------------------
2025-03-11 21:11:28,889 - isca - DEBUG - 
2025-03-11 21:12:03,182 - isca - DEBUG - Integration completed through   241 days     0 seconds
2025-03-11 21:12:37,530 - isca - DEBUG - Integration completed through   242 days     0 seconds
2025-03-11 21:13:11,722 - isca - DEBUG - Integration completed through   243 days     0 seconds
2025-03-11 21:13:45,426 - isca - DEBUG - Integration completed through   244 days     0 seconds
2025-03-11 21:14:19,054 - isca - DEBUG - Integration completed through   245 days     0 seconds
2025-03-11 21:14:52,738 - isca - DEBUG - Integration completed through   246 days     0 seconds
2025-03-11 21:15:26,439 - isca - DEBUG - Integration completed through   247 days     0 seconds
2025-03-11 21:16:00,273 - isca - DEBUG - Integration completed through   248 days     0 seconds
2025-03-11 21:16:34,407 - isca - DEBUG - Integration completed through   249 days     0 seconds
2025-03-11 21:17:08,329 - isca - DEBUG - Integration completed through   250 days     0 seconds
2025-03-11 21:17:42,088 - isca - DEBUG - Integration completed through   251 days     0 seconds
2025-03-11 21:18:15,698 - isca - DEBUG - Integration completed through   252 days     0 seconds
2025-03-11 21:18:49,217 - isca - DEBUG - Integration completed through   253 days     0 seconds
2025-03-11 21:19:22,734 - isca - DEBUG - Integration completed through   254 days     0 seconds
2025-03-11 21:19:56,148 - isca - DEBUG - Integration completed through   255 days     0 seconds
2025-03-11 21:20:29,419 - isca - DEBUG - Integration completed through   256 days     0 seconds
2025-03-11 21:21:02,781 - isca - DEBUG - Integration completed through   257 days     0 seconds
2025-03-11 21:21:37,008 - isca - DEBUG - Integration completed through   258 days     0 seconds
2025-03-11 21:22:10,790 - isca - DEBUG - Integration completed through   259 days     0 seconds
2025-03-11 21:22:44,524 - isca - DEBUG - Integration completed through   260 days     0 seconds
2025-03-11 21:23:18,232 - isca - DEBUG - Integration completed through   261 days     0 seconds
2025-03-11 21:23:51,948 - isca - DEBUG - Integration completed through   262 days     0 seconds
2025-03-11 21:24:26,327 - isca - DEBUG - Integration completed through   263 days     0 seconds
2025-03-11 21:25:00,448 - isca - DEBUG - Integration completed through   264 days     0 seconds
2025-03-11 21:25:34,680 - isca - DEBUG - Integration completed through   265 days     0 seconds
2025-03-11 21:26:08,843 - isca - DEBUG - Integration completed through   266 days     0 seconds
2025-03-11 21:26:42,846 - isca - DEBUG - Integration completed through   267 days     0 seconds
2025-03-11 21:27:16,698 - isca - DEBUG - Integration completed through   268 days     0 seconds
2025-03-11 21:27:51,003 - isca - DEBUG - Integration completed through   269 days     0 seconds
2025-03-11 21:28:24,876 - isca - DEBUG - Integration completed through   270 days     0 seconds
2025-03-11 21:28:24,883 - isca - DEBUG - 
2025-03-11 21:28:24,883 - isca - WARNING - WARNING from PE    0: diag_util_mod::opening_file: module/field_name (socrates/soc_toa_sw_down_clr) NOT registered
2025-03-11 21:28:24,883 - isca - DEBUG - 
2025-03-11 21:28:24,883 - isca - DEBUG - 
2025-03-11 21:28:24,883 - isca - WARNING - WARNING from PE    0: diag_util_mod::opening_file: module/field_name (cloud_simple/rh_min) NOT registered
2025-03-11 21:28:24,883 - isca - DEBUG - 
2025-03-11 21:28:24,883 - isca - DEBUG - 
2025-03-11 21:28:24,883 - isca - WARNING - WARNING from PE    0: diag_util_mod::opening_file: module/field_name (socrates/soc_toa_sw_down_clr) NOT registered
2025-03-11 21:28:24,883 - isca - DEBUG - 
2025-03-11 21:28:24,883 - isca - DEBUG - 
2025-03-11 21:28:24,883 - isca - WARNING - WARNING from PE    0: diag_util_mod::opening_file: module/field_name (cloud_simple/rh_min) NOT registered
2025-03-11 21:28:24,883 - isca - DEBUG - 
2025-03-11 21:28:24,892 - isca - DEBUG - NOTE from PE    0: MPP_IO_SET_STACK_SIZE: stack size set to     327680.
2025-03-11 21:28:24,980 - isca - DEBUG - MPP_DOMAINS_STACK high water mark=       40960
2025-03-11 21:28:24,980 - isca - DEBUG - 
2025-03-11 21:28:24,980 - isca - DEBUG - Tabulating mpp_clock statistics across     16 PEs...
2025-03-11 21:28:24,980 - isca - DEBUG - 
2025-03-11 21:28:24,980 - isca - DEBUG - tmin          tmax          tavg          tstd  tfrac grain pemin pemax
2025-03-11 21:28:24,980 - isca - DEBUG - Total runtime                      1017.358467   1017.362804   1017.360404      0.001294  1.000     0     0    15
2025-03-11 21:28:24,980 - isca - DEBUG - MPP_STACK high water mark=           0
2025-03-11 21:28:25,128 - isca - INFO - Run 9 complete
2025-03-11 21:28:26,036 - isca - DEBUG - atmos_monthly.nc combined and copied to data directory
2025-03-11 21:28:29,063 - isca - INFO - Restart archive created at /proj/bolinc/users/x_ryabo/Isca-Ryan_outputs/planetb_presentdayEarth_rot0_Sun_noO3/restarts/res0009.tar.gz
2025-03-11 21:28:29,076 - isca - INFO - Writing namelist to '/proj/bolinc/users/x_ryabo/Isca-Ryan_outputs/planetb_presentdayEarth_rot0_Sun_noO3/run0009/input.nml'
2025-03-11 21:28:29,111 - isca - INFO - Writing field_table to '/proj/bolinc/users/x_ryabo/Isca-Ryan_outputs/planetb_presentdayEarth_rot0_Sun_noO3/run0009/field_table'
2025-03-11 21:28:29,124 - isca - INFO - Writing diag_table to '/proj/bolinc/users/x_ryabo/Isca-Ryan_outputs/planetb_presentdayEarth_rot0_Sun_noO3/run0009/diag_table'
2025-03-11 21:28:29,234 - isca - INFO - Emptied run directory '/home/x_ryabo/Isca-Ryan_tmp/experiment/planetb_presentdayEarth_rot0_Sun_noO3/run'
2025-03-11 21:28:29,258 - isca - INFO - Emptied run directory '/home/x_ryabo/Isca-Ryan_tmp/experiment/planetb_presentdayEarth_rot0_Sun_noO3/run'
2025-03-11 21:28:29,349 - isca - INFO - Writing namelist to '/home/x_ryabo/Isca-Ryan_tmp/experiment/planetb_presentdayEarth_rot0_Sun_noO3/run/input.nml'
2025-03-11 21:28:29,350 - isca - INFO - Writing field_table to '/home/x_ryabo/Isca-Ryan_tmp/experiment/planetb_presentdayEarth_rot0_Sun_noO3/run/field_table'
2025-03-11 21:28:29,363 - isca - INFO - Writing diag_table to '/home/x_ryabo/Isca-Ryan_tmp/experiment/planetb_presentdayEarth_rot0_Sun_noO3/run/diag_table'
2025-03-11 21:28:29,377 - isca - INFO - Using restart file '/proj/bolinc/users/x_ryabo/Isca-Ryan_outputs/planetb_presentdayEarth_rot0_Sun_noO3/restarts/res0009.tar.gz'
2025-03-11 21:28:29,769 - isca - INFO - Restart /proj/bolinc/users/x_ryabo/Isca-Ryan_outputs/planetb_presentdayEarth_rot0_Sun_noO3/restarts/res0009.tar.gz extracted to /home/x_ryabo/Isca-Ryan_tmp/experiment/planetb_presentdayEarth_rot0_Sun_noO3/run/INPUT
2025-03-11 21:28:29,769 - isca - INFO - Beginning run 10
2025-03-11 21:28:29,782 - isca - INFO - process running as 3879658
2025-03-11 21:28:29,783 - isca - DEBUG - loadmodules for Isca on NSC cluster Tetralith
2025-03-11 21:28:29,783 - isca - DEBUG - mpiifort
2025-03-11 21:28:29,890 - isca - DEBUG - The following modules were not unloaded:
2025-03-11 21:28:29,890 - isca - DEBUG - (Use "module --force purge" to unload all):
2025-03-11 21:28:29,890 - isca - DEBUG - 
2025-03-11 21:28:29,890 - isca - DEBUG - 1) hpc/.1.10.1
2025-03-11 21:28:29,998 - isca - DEBUG - ***************************************************
2025-03-11 21:28:29,998 - isca - DEBUG - You have loaded a buildenv module
2025-03-11 21:28:29,998 - isca - DEBUG - ***************************************************
2025-03-11 21:28:29,998 - isca - DEBUG - The buldenv-intel module makes available:
2025-03-11 21:28:29,998 - isca - DEBUG - - Compilers: icc, ifort, etc.
2025-03-11 21:28:29,998 - isca - DEBUG - - Mpi library with mpi-wrapped compilers: intel mpi with mpicc, mpifort, etc.
2025-03-11 21:28:29,998 - isca - DEBUG - - Numerical libraries: intel MKL
2025-03-11 21:28:29,998 - isca - DEBUG - 
2025-03-11 21:28:29,998 - isca - DEBUG - It also makes a set of dependency library modules available via
2025-03-11 21:28:29,998 - isca - DEBUG - the regular module command. Just do:
2025-03-11 21:28:29,998 - isca - DEBUG - module avail
2025-03-11 21:28:29,998 - isca - DEBUG - to see what is available.
2025-03-11 21:28:29,998 - isca - DEBUG - 
2025-03-11 21:28:29,998 - isca - DEBUG - NOTE: You shoud never load build environments inside submitted jobs.
2025-03-11 21:28:29,998 - isca - DEBUG - (with the single exception of when using supercomputer time to compile code.)
2025-03-11 21:28:29,998 - isca - DEBUG - 
2025-03-11 21:28:31,252 - isca - DEBUG - NOTE from PE    0: MPP_DOMAINS_SET_STACK_SIZE: stack size set to    32768.
2025-03-11 21:28:31,253 - isca - DEBUG - &MPP_IO_NML
2025-03-11 21:28:31,253 - isca - DEBUG - HEADER_BUFFER_VAL       =       16384,
2025-03-11 21:28:31,253 - isca - DEBUG - GLOBAL_FIELD_ON_ROOT_PE = T,
2025-03-11 21:28:31,253 - isca - DEBUG - IO_CLOCKS_ON    = F,
2025-03-11 21:28:31,253 - isca - DEBUG - SHUFFLE =           0,
2025-03-11 21:28:31,253 - isca - DEBUG - DEFLATE_LEVEL   =          -1
2025-03-11 21:28:31,253 - isca - DEBUG - /
2025-03-11 21:28:31,254 - isca - DEBUG - NOTE from PE    0: MPP_IO_SET_STACK_SIZE: stack size set to     131072.
2025-03-11 21:28:31,255 - isca - DEBUG - NOTE from PE    0: MPP_DOMAINS_SET_STACK_SIZE: stack size set to   600000.
2025-03-11 21:28:31,262 - isca - DEBUG - starting            1  OpenMP threads per MPI-task
2025-03-11 21:28:31,264 - isca - DEBUG - ATMOS MODEL DOMAIN DECOMPOSITION
2025-03-11 21:28:31,265 - isca - DEBUG - X-AXIS =  128
2025-03-11 21:28:31,265 - isca - DEBUG - Y-AXIS =    4   4   4   4   4   4   4   4   4   4   4   4   4   4   4   4
2025-03-11 21:28:31,316 - isca - DEBUG - NOTE from PE    0: cloud_simple: Using SimCloud cloud scheme
2025-03-11 21:28:31,316 - isca - DEBUG - 
2025-03-11 21:28:31,316 - isca - WARNING - WARNING from PE    6: socrates_init: dt_rad does not fit into one day an integer number of times
2025-03-11 21:28:31,316 - isca - DEBUG - 
2025-03-11 21:28:31,317 - isca - DEBUG - 
2025-03-11 21:28:31,317 - isca - WARNING - WARNING from PE    2: socrates_init: dt_rad does not fit into one day an integer number of times
2025-03-11 21:28:31,317 - isca - DEBUG - 
2025-03-11 21:28:31,317 - isca - DEBUG - NOTE from PE    0: ls_cloud: Using linear cloud fraction diagnostic formula.
2025-03-11 21:28:31,317 - isca - DEBUG - 
2025-03-11 21:28:31,317 - isca - WARNING - WARNING from PE    5: socrates_init: dt_rad does not fit into one day an integer number of times
2025-03-11 21:28:31,317 - isca - DEBUG - 
2025-03-11 21:28:31,317 - isca - DEBUG - NOTE from PE    0: cloud_cover: The cloud overlap assumption is MAXIMUM-RANDOM
2025-03-11 21:28:31,317 - isca - DEBUG - NOTE from PE    0: idealized_moist_phys: Using Frierson Quasi-Equilibrium convection scheme.
2025-03-11 21:28:31,321 - isca - DEBUG - 
2025-03-11 21:28:31,321 - isca - WARNING - WARNING from PE   15: socrates_init: dt_rad does not fit into one day an integer number of times
2025-03-11 21:28:31,321 - isca - DEBUG - 
2025-03-11 21:28:31,322 - isca - DEBUG - 
2025-03-11 21:28:31,322 - isca - WARNING - WARNING from PE    4: socrates_init: dt_rad does not fit into one day an integer number of times
2025-03-11 21:28:31,322 - isca - DEBUG - 
2025-03-11 21:28:31,324 - isca - DEBUG - 
2025-03-11 21:28:31,324 - isca - DEBUG - 
2025-03-11 21:28:31,324 - isca - WARNING - WARNING from PE   14: socrates_init: dt_rad does not fit into one day an integer number of times
2025-03-11 21:28:31,324 - isca - DEBUG - 
2025-03-11 21:28:31,324 - isca - WARNING - WARNING from PE   12: socrates_init: dt_rad does not fit into one day an integer number of times
2025-03-11 21:28:31,324 - isca - DEBUG - 
2025-03-11 21:28:31,324 - isca - WARNING - WARNING from PE   11: socrates_init: dt_rad does not fit into one day an integer number of times
2025-03-11 21:28:31,324 - isca - DEBUG - 
2025-03-11 21:28:31,325 - isca - DEBUG - 
2025-03-11 21:28:31,325 - isca - DEBUG - 
2025-03-11 21:28:31,325 - isca - WARNING - WARNING from PE    1: socrates_init: dt_rad does not fit into one day an integer number of times
2025-03-11 21:28:31,325 - isca - DEBUG - 
2025-03-11 21:28:31,325 - isca - DEBUG - 
2025-03-11 21:28:31,325 - isca - WARNING - WARNING from PE    9: socrates_init: dt_rad does not fit into one day an integer number of times
2025-03-11 21:28:31,325 - isca - DEBUG - 
2025-03-11 21:28:31,325 - isca - DEBUG - 
2025-03-11 21:28:31,325 - isca - WARNING - WARNING from PE   13: socrates_init: dt_rad does not fit into one day an integer number of times
2025-03-11 21:28:31,325 - isca - DEBUG - 
2025-03-11 21:28:31,325 - isca - DEBUG - 
2025-03-11 21:28:31,325 - isca - DEBUG - 
2025-03-11 21:28:31,325 - isca - WARNING - WARNING from PE    7: socrates_init: dt_rad does not fit into one day an integer number of times
2025-03-11 21:28:31,325 - isca - DEBUG - 
2025-03-11 21:28:31,325 - isca - WARNING - WARNING from PE    8: socrates_init: dt_rad does not fit into one day an integer number of times
2025-03-11 21:28:31,325 - isca - DEBUG - 
2025-03-11 21:28:31,325 - isca - DEBUG - 
2025-03-11 21:28:31,325 - isca - WARNING - WARNING from PE   10: socrates_init: dt_rad does not fit into one day an integer number of times
2025-03-11 21:28:31,325 - isca - DEBUG - 
2025-03-11 21:28:31,327 - isca - DEBUG - 
2025-03-11 21:28:31,327 - isca - WARNING - WARNING from PE    0: socrates_init: dt_rad does not fit into one day an integer number of times
2025-03-11 21:28:31,327 - isca - DEBUG - 
2025-03-11 21:28:31,327 - isca - DEBUG - 
2025-03-11 21:28:31,327 - isca - WARNING - WARNING from PE    0: socrates_init: dt_rad does not fit into one day an integer number of times
2025-03-11 21:28:31,327 - isca - DEBUG - 
2025-03-11 21:28:31,327 - isca - DEBUG - 
2025-03-11 21:28:31,327 - isca - WARNING - WARNING from PE    0: socrates_init: lw_hires_spectral_filename is unset, making equal to lw_spectral_filename
2025-03-11 21:28:31,327 - isca - DEBUG - 
2025-03-11 21:28:31,327 - isca - DEBUG - 
2025-03-11 21:28:31,327 - isca - WARNING - WARNING from PE    0: socrates_init: lw_hires_spectral_filename is unset, making equal to lw_spectral_filename
2025-03-11 21:28:31,327 - isca - DEBUG - 
2025-03-11 21:28:31,327 - isca - DEBUG - 
2025-03-11 21:28:31,327 - isca - WARNING - WARNING from PE    0: socrates_init: sw_hires_spectral_filename is unset, making equal to sw_spectral_filename
2025-03-11 21:28:31,327 - isca - DEBUG - 
2025-03-11 21:28:31,327 - isca - DEBUG - 
2025-03-11 21:28:31,327 - isca - WARNING - WARNING from PE    0: socrates_init: sw_hires_spectral_filename is unset, making equal to sw_spectral_filename
2025-03-11 21:28:31,327 - isca - DEBUG - 
2025-03-11 21:28:31,328 - isca - DEBUG - 
2025-03-11 21:28:31,328 - isca - WARNING - WARNING from PE    3: socrates_init: dt_rad does not fit into one day an integer number of times
2025-03-11 21:28:31,328 - isca - DEBUG - 
2025-03-11 21:28:32,525 - isca - DEBUG - NOTE from PE    0: Interpolator: Using input file with no time dimension - ozone_1990_notime_zero.nc
2025-03-11 21:28:32,526 - isca - DEBUG - Initializing src field : ozone_1990
2025-03-11 21:28:32,528 - isca - DEBUG - 
2025-03-11 21:28:32,528 - isca - DEBUG - -----------------------------------
2025-03-11 21:28:32,528 - isca - DEBUG - ____                       _
2025-03-11 21:28:32,528 - isca - DEBUG - / ___|  ___   ___ _ __ __ _| |_ ___  ___
2025-03-11 21:28:32,528 - isca - DEBUG - \___ \ / _ \ / __|  __/ _` | __/ _ \/ __|
2025-03-11 21:28:32,528 - isca - DEBUG - ___) | (_) | (__| | | (_| | ||  __/\__ \
2025-03-11 21:28:32,528 - isca - DEBUG - |____/ \___/ \___|_|  \__,_|\__\___||___/
2025-03-11 21:28:32,528 - isca - DEBUG - 
2025-03-11 21:28:32,528 - isca - DEBUG - Initialised Socrates v17.03
2025-03-11 21:28:32,528 - isca - DEBUG - Stellar constant =    1400.00000000000
2025-03-11 21:28:32,528 - isca - DEBUG - Longwave spectral file =
2025-03-11 21:28:32,528 - isca - DEBUG - /proj/bolinc/users/x_ryabo/socrates_edited_for_isca/spectral_files_for_GCMs/Sun
2025-03-11 21:28:32,528 - isca - DEBUG - /miniSuran_lw.sf WITH           16  bands
2025-03-11 21:28:32,528 - isca - DEBUG - Longwave hires spectral file =
2025-03-11 21:28:32,528 - isca - DEBUG - /proj/bolinc/users/x_ryabo/socrates_edited_for_isca/spectral_files_for_GCMs/Sun
2025-03-11 21:28:32,528 - isca - DEBUG - /miniSuran_lw.sf WITH           16  bands
2025-03-11 21:28:32,528 - isca - DEBUG - Shortwave spectral file =
2025-03-11 21:28:32,528 - isca - DEBUG - /proj/bolinc/users/x_ryabo/socrates_edited_for_isca/spectral_files_for_GCMs/Sun
2025-03-11 21:28:32,528 - isca - DEBUG - /miniSuran_sw.sf WITH           16  bands
2025-03-11 21:28:32,528 - isca - DEBUG - Shortwave hires spectral file =
2025-03-11 21:28:32,528 - isca - DEBUG - /proj/bolinc/users/x_ryabo/socrates_edited_for_isca/spectral_files_for_GCMs/Sun
2025-03-11 21:28:32,528 - isca - DEBUG - /miniSuran_sw.sf WITH           16  bands
2025-03-11 21:28:32,528 - isca - DEBUG - 
2025-03-11 21:28:32,529 - isca - DEBUG - -----------------------------------
2025-03-11 21:28:32,529 - isca - DEBUG - 
2025-03-11 21:29:06,434 - isca - DEBUG - Integration completed through   271 days     0 seconds
2025-03-11 21:29:40,676 - isca - DEBUG - Integration completed through   272 days     0 seconds
2025-03-11 21:30:15,442 - isca - DEBUG - Integration completed through   273 days     0 seconds
2025-03-11 21:30:50,031 - isca - DEBUG - Integration completed through   274 days     0 seconds
2025-03-11 21:31:24,470 - isca - DEBUG - Integration completed through   275 days     0 seconds
2025-03-11 21:31:58,680 - isca - DEBUG - Integration completed through   276 days     0 seconds
2025-03-11 21:32:32,731 - isca - DEBUG - Integration completed through   277 days     0 seconds
2025-03-11 21:33:07,016 - isca - DEBUG - Integration completed through   278 days     0 seconds
2025-03-11 21:33:41,847 - isca - DEBUG - Integration completed through   279 days     0 seconds
2025-03-11 21:34:16,283 - isca - DEBUG - Integration completed through   280 days     0 seconds
2025-03-11 21:34:50,256 - isca - DEBUG - Integration completed through   281 days     0 seconds
2025-03-11 21:35:24,571 - isca - DEBUG - Integration completed through   282 days     0 seconds
2025-03-11 21:35:58,477 - isca - DEBUG - Integration completed through   283 days     0 seconds
2025-03-11 21:36:32,340 - isca - DEBUG - Integration completed through   284 days     0 seconds
2025-03-11 21:37:05,971 - isca - DEBUG - Integration completed through   285 days     0 seconds
2025-03-11 21:37:39,668 - isca - DEBUG - Integration completed through   286 days     0 seconds
2025-03-11 21:38:13,301 - isca - DEBUG - Integration completed through   287 days     0 seconds
2025-03-11 21:38:47,004 - isca - DEBUG - Integration completed through   288 days     0 seconds
2025-03-11 21:39:20,643 - isca - DEBUG - Integration completed through   289 days     0 seconds
2025-03-11 21:39:54,284 - isca - DEBUG - Integration completed through   290 days     0 seconds
2025-03-11 21:40:28,350 - isca - DEBUG - Integration completed through   291 days     0 seconds
2025-03-11 21:41:02,236 - isca - DEBUG - Integration completed through   292 days     0 seconds
2025-03-11 21:41:36,417 - isca - DEBUG - Integration completed through   293 days     0 seconds
2025-03-11 21:42:10,624 - isca - DEBUG - Integration completed through   294 days     0 seconds
2025-03-11 21:42:45,240 - isca - DEBUG - Integration completed through   295 days     0 seconds
2025-03-11 21:43:19,513 - isca - DEBUG - Integration completed through   296 days     0 seconds
2025-03-11 21:43:53,270 - isca - DEBUG - Integration completed through   297 days     0 seconds
2025-03-11 21:44:26,858 - isca - DEBUG - Integration completed through   298 days     0 seconds
2025-03-11 21:45:00,338 - isca - DEBUG - Integration completed through   299 days     0 seconds
2025-03-11 21:45:35,371 - isca - DEBUG - Integration completed through   300 days     0 seconds
2025-03-11 21:45:35,379 - isca - DEBUG - 
2025-03-11 21:45:35,379 - isca - WARNING - WARNING from PE    0: diag_util_mod::opening_file: module/field_name (socrates/soc_toa_sw_down_clr) NOT registered
2025-03-11 21:45:35,379 - isca - DEBUG - 
2025-03-11 21:45:35,379 - isca - DEBUG - 
2025-03-11 21:45:35,379 - isca - WARNING - WARNING from PE    0: diag_util_mod::opening_file: module/field_name (socrates/soc_toa_sw_down_clr) NOT registered
2025-03-11 21:45:35,379 - isca - DEBUG - 
2025-03-11 21:45:35,379 - isca - DEBUG - 
2025-03-11 21:45:35,379 - isca - WARNING - WARNING from PE    0: diag_util_mod::opening_file: module/field_name (cloud_simple/rh_min) NOT registered
2025-03-11 21:45:35,379 - isca - DEBUG - 
2025-03-11 21:45:35,379 - isca - DEBUG - 
2025-03-11 21:45:35,379 - isca - WARNING - WARNING from PE    0: diag_util_mod::opening_file: module/field_name (cloud_simple/rh_min) NOT registered
2025-03-11 21:45:35,379 - isca - DEBUG - 
2025-03-11 21:45:35,389 - isca - DEBUG - NOTE from PE    0: MPP_IO_SET_STACK_SIZE: stack size set to     327680.
2025-03-11 21:45:35,495 - isca - DEBUG - MPP_DOMAINS_STACK high water mark=       40960
2025-03-11 21:45:35,496 - isca - DEBUG - 
2025-03-11 21:45:35,496 - isca - DEBUG - Tabulating mpp_clock statistics across     16 PEs...
2025-03-11 21:45:35,496 - isca - DEBUG - 
2025-03-11 21:45:35,496 - isca - DEBUG - tmin          tmax          tavg          tstd  tfrac grain pemin pemax
2025-03-11 21:45:35,496 - isca - DEBUG - Total runtime                      1024.241841   1024.246279   1024.244265      0.001561  1.000     0     0    15
2025-03-11 21:45:35,496 - isca - DEBUG - MPP_STACK high water mark=           0
2025-03-11 21:45:35,657 - isca - INFO - Run 10 complete
2025-03-11 21:45:36,624 - isca - DEBUG - atmos_monthly.nc combined and copied to data directory
2025-03-11 21:45:39,932 - isca - INFO - Restart archive created at /proj/bolinc/users/x_ryabo/Isca-Ryan_outputs/planetb_presentdayEarth_rot0_Sun_noO3/restarts/res0010.tar.gz
2025-03-11 21:45:39,947 - isca - INFO - Writing namelist to '/proj/bolinc/users/x_ryabo/Isca-Ryan_outputs/planetb_presentdayEarth_rot0_Sun_noO3/run0010/input.nml'
2025-03-11 21:45:39,948 - isca - INFO - Writing field_table to '/proj/bolinc/users/x_ryabo/Isca-Ryan_outputs/planetb_presentdayEarth_rot0_Sun_noO3/run0010/field_table'
2025-03-11 21:45:39,962 - isca - INFO - Writing diag_table to '/proj/bolinc/users/x_ryabo/Isca-Ryan_outputs/planetb_presentdayEarth_rot0_Sun_noO3/run0010/diag_table'
2025-03-11 21:45:40,100 - isca - INFO - Emptied run directory '/home/x_ryabo/Isca-Ryan_tmp/experiment/planetb_presentdayEarth_rot0_Sun_noO3/run'
2025-03-11 21:45:40,126 - isca - INFO - Emptied run directory '/home/x_ryabo/Isca-Ryan_tmp/experiment/planetb_presentdayEarth_rot0_Sun_noO3/run'
2025-03-11 21:45:40,224 - isca - INFO - Writing namelist to '/home/x_ryabo/Isca-Ryan_tmp/experiment/planetb_presentdayEarth_rot0_Sun_noO3/run/input.nml'
2025-03-11 21:45:40,226 - isca - INFO - Writing field_table to '/home/x_ryabo/Isca-Ryan_tmp/experiment/planetb_presentdayEarth_rot0_Sun_noO3/run/field_table'
2025-03-11 21:45:40,239 - isca - INFO - Writing diag_table to '/home/x_ryabo/Isca-Ryan_tmp/experiment/planetb_presentdayEarth_rot0_Sun_noO3/run/diag_table'
2025-03-11 21:45:40,255 - isca - INFO - Using restart file '/proj/bolinc/users/x_ryabo/Isca-Ryan_outputs/planetb_presentdayEarth_rot0_Sun_noO3/restarts/res0010.tar.gz'
2025-03-11 21:45:40,677 - isca - INFO - Restart /proj/bolinc/users/x_ryabo/Isca-Ryan_outputs/planetb_presentdayEarth_rot0_Sun_noO3/restarts/res0010.tar.gz extracted to /home/x_ryabo/Isca-Ryan_tmp/experiment/planetb_presentdayEarth_rot0_Sun_noO3/run/INPUT
2025-03-11 21:45:40,678 - isca - INFO - Beginning run 11
2025-03-11 21:45:40,690 - isca - INFO - process running as 3885832
2025-03-11 21:45:40,691 - isca - DEBUG - loadmodules for Isca on NSC cluster Tetralith
2025-03-11 21:45:40,691 - isca - DEBUG - mpiifort
2025-03-11 21:45:40,807 - isca - DEBUG - The following modules were not unloaded:
2025-03-11 21:45:40,807 - isca - DEBUG - (Use "module --force purge" to unload all):
2025-03-11 21:45:40,807 - isca - DEBUG - 
2025-03-11 21:45:40,807 - isca - DEBUG - 1) hpc/.1.10.1
2025-03-11 21:45:40,920 - isca - DEBUG - ***************************************************
2025-03-11 21:45:40,920 - isca - DEBUG - You have loaded a buildenv module
2025-03-11 21:45:40,920 - isca - DEBUG - ***************************************************
2025-03-11 21:45:40,920 - isca - DEBUG - The buldenv-intel module makes available:
2025-03-11 21:45:40,920 - isca - DEBUG - - Compilers: icc, ifort, etc.
2025-03-11 21:45:40,920 - isca - DEBUG - - Mpi library with mpi-wrapped compilers: intel mpi with mpicc, mpifort, etc.
2025-03-11 21:45:40,920 - isca - DEBUG - - Numerical libraries: intel MKL
2025-03-11 21:45:40,920 - isca - DEBUG - 
2025-03-11 21:45:40,920 - isca - DEBUG - It also makes a set of dependency library modules available via
2025-03-11 21:45:40,920 - isca - DEBUG - the regular module command. Just do:
2025-03-11 21:45:40,920 - isca - DEBUG - module avail
2025-03-11 21:45:40,920 - isca - DEBUG - to see what is available.
2025-03-11 21:45:40,920 - isca - DEBUG - 
2025-03-11 21:45:40,920 - isca - DEBUG - NOTE: You shoud never load build environments inside submitted jobs.
2025-03-11 21:45:40,920 - isca - DEBUG - (with the single exception of when using supercomputer time to compile code.)
2025-03-11 21:45:40,920 - isca - DEBUG - 
2025-03-11 21:45:42,202 - isca - DEBUG - NOTE from PE    0: MPP_DOMAINS_SET_STACK_SIZE: stack size set to    32768.
2025-03-11 21:45:42,203 - isca - DEBUG - &MPP_IO_NML
2025-03-11 21:45:42,203 - isca - DEBUG - HEADER_BUFFER_VAL       =       16384,
2025-03-11 21:45:42,203 - isca - DEBUG - GLOBAL_FIELD_ON_ROOT_PE = T,
2025-03-11 21:45:42,203 - isca - DEBUG - IO_CLOCKS_ON    = F,
2025-03-11 21:45:42,203 - isca - DEBUG - SHUFFLE =           0,
2025-03-11 21:45:42,203 - isca - DEBUG - DEFLATE_LEVEL   =          -1
2025-03-11 21:45:42,203 - isca - DEBUG - /
2025-03-11 21:45:42,204 - isca - DEBUG - NOTE from PE    0: MPP_IO_SET_STACK_SIZE: stack size set to     131072.
2025-03-11 21:45:42,205 - isca - DEBUG - NOTE from PE    0: MPP_DOMAINS_SET_STACK_SIZE: stack size set to   600000.
2025-03-11 21:45:42,214 - isca - DEBUG - starting            1  OpenMP threads per MPI-task
2025-03-11 21:45:42,216 - isca - DEBUG - ATMOS MODEL DOMAIN DECOMPOSITION
2025-03-11 21:45:42,216 - isca - DEBUG - X-AXIS =  128
2025-03-11 21:45:42,216 - isca - DEBUG - Y-AXIS =    4   4   4   4   4   4   4   4   4   4   4   4   4   4   4   4
2025-03-11 21:45:42,269 - isca - DEBUG - NOTE from PE    0: cloud_simple: Using SimCloud cloud scheme
2025-03-11 21:45:42,270 - isca - DEBUG - 
2025-03-11 21:45:42,270 - isca - WARNING - WARNING from PE    7: socrates_init: dt_rad does not fit into one day an integer number of times
2025-03-11 21:45:42,270 - isca - DEBUG - 
2025-03-11 21:45:42,270 - isca - DEBUG - NOTE from PE    0: ls_cloud: Using linear cloud fraction diagnostic formula.
2025-03-11 21:45:42,270 - isca - DEBUG - 
2025-03-11 21:45:42,270 - isca - WARNING - WARNING from PE   13: socrates_init: dt_rad does not fit into one day an integer number of times
2025-03-11 21:45:42,270 - isca - DEBUG - 
2025-03-11 21:45:42,270 - isca - DEBUG - NOTE from PE    0: cloud_cover: The cloud overlap assumption is MAXIMUM-RANDOM
2025-03-11 21:45:42,271 - isca - DEBUG - NOTE from PE    0: idealized_moist_phys: Using Frierson Quasi-Equilibrium convection scheme.
2025-03-11 21:45:42,271 - isca - DEBUG - 
2025-03-11 21:45:42,271 - isca - WARNING - WARNING from PE   10: socrates_init: dt_rad does not fit into one day an integer number of times
2025-03-11 21:45:42,271 - isca - DEBUG - 
2025-03-11 21:45:42,272 - isca - DEBUG - 
2025-03-11 21:45:42,272 - isca - WARNING - WARNING from PE   11: socrates_init: dt_rad does not fit into one day an integer number of times
2025-03-11 21:45:42,272 - isca - DEBUG - 
2025-03-11 21:45:42,273 - isca - DEBUG - 
2025-03-11 21:45:42,273 - isca - DEBUG - 
2025-03-11 21:45:42,273 - isca - WARNING - WARNING from PE    9: socrates_init: dt_rad does not fit into one day an integer number of times
2025-03-11 21:45:42,273 - isca - DEBUG - 
2025-03-11 21:45:42,273 - isca - WARNING - WARNING from PE    8: socrates_init: dt_rad does not fit into one day an integer number of times
2025-03-11 21:45:42,273 - isca - DEBUG - 
2025-03-11 21:45:42,273 - isca - DEBUG - 
2025-03-11 21:45:42,273 - isca - WARNING - WARNING from PE   12: socrates_init: dt_rad does not fit into one day an integer number of times
2025-03-11 21:45:42,273 - isca - DEBUG - 
2025-03-11 21:45:42,273 - isca - DEBUG - 
2025-03-11 21:45:42,273 - isca - WARNING - WARNING from PE   14: socrates_init: dt_rad does not fit into one day an integer number of times
2025-03-11 21:45:42,273 - isca - DEBUG - 
2025-03-11 21:45:42,273 - isca - WARNING - WARNING from PE    3: socrates_init: dt_rad does not fit into one day an integer number of times
2025-03-11 21:45:42,273 - isca - DEBUG - 
2025-03-11 21:45:42,273 - isca - DEBUG - 
2025-03-11 21:45:42,273 - isca - DEBUG - 
2025-03-11 21:45:42,273 - isca - WARNING - WARNING from PE   15: socrates_init: dt_rad does not fit into one day an integer number of times
2025-03-11 21:45:42,273 - isca - DEBUG - 
2025-03-11 21:45:42,274 - isca - DEBUG - 
2025-03-11 21:45:42,274 - isca - WARNING - WARNING from PE    5: socrates_init: dt_rad does not fit into one day an integer number of times
2025-03-11 21:45:42,274 - isca - DEBUG - 
2025-03-11 21:45:42,274 - isca - DEBUG - 
2025-03-11 21:45:42,274 - isca - WARNING - WARNING from PE    6: socrates_init: dt_rad does not fit into one day an integer number of times
2025-03-11 21:45:42,275 - isca - DEBUG - 
2025-03-11 21:45:42,275 - isca - DEBUG - 
2025-03-11 21:45:42,275 - isca - WARNING - WARNING from PE    4: socrates_init: dt_rad does not fit into one day an integer number of times
2025-03-11 21:45:42,275 - isca - DEBUG - 
2025-03-11 21:45:42,275 - isca - DEBUG - 
2025-03-11 21:45:42,275 - isca - WARNING - WARNING from PE    1: socrates_init: dt_rad does not fit into one day an integer number of times
2025-03-11 21:45:42,275 - isca - DEBUG - 
2025-03-11 21:45:42,276 - isca - DEBUG - 
2025-03-11 21:45:42,276 - isca - WARNING - WARNING from PE    2: socrates_init: dt_rad does not fit into one day an integer number of times
2025-03-11 21:45:42,276 - isca - DEBUG - 
2025-03-11 21:45:42,280 - isca - DEBUG - 
2025-03-11 21:45:42,280 - isca - WARNING - WARNING from PE    0: socrates_init: dt_rad does not fit into one day an integer number of times
2025-03-11 21:45:42,280 - isca - DEBUG - 
2025-03-11 21:45:42,280 - isca - DEBUG - 
2025-03-11 21:45:42,280 - isca - WARNING - WARNING from PE    0: socrates_init: dt_rad does not fit into one day an integer number of times
2025-03-11 21:45:42,280 - isca - DEBUG - 
2025-03-11 21:45:42,280 - isca - DEBUG - 
2025-03-11 21:45:42,281 - isca - WARNING - WARNING from PE    0: socrates_init: lw_hires_spectral_filename is unset, making equal to lw_spectral_filename
2025-03-11 21:45:42,281 - isca - DEBUG - 
2025-03-11 21:45:42,281 - isca - DEBUG - 
2025-03-11 21:45:42,281 - isca - WARNING - WARNING from PE    0: socrates_init: lw_hires_spectral_filename is unset, making equal to lw_spectral_filename
2025-03-11 21:45:42,281 - isca - DEBUG - 
2025-03-11 21:45:42,281 - isca - DEBUG - 
2025-03-11 21:45:42,281 - isca - WARNING - WARNING from PE    0: socrates_init: sw_hires_spectral_filename is unset, making equal to sw_spectral_filename
2025-03-11 21:45:42,281 - isca - DEBUG - 
2025-03-11 21:45:42,281 - isca - DEBUG - 
2025-03-11 21:45:42,281 - isca - WARNING - WARNING from PE    0: socrates_init: sw_hires_spectral_filename is unset, making equal to sw_spectral_filename
2025-03-11 21:45:42,281 - isca - DEBUG - 
2025-03-11 21:45:43,502 - isca - DEBUG - NOTE from PE    0: Interpolator: Using input file with no time dimension - ozone_1990_notime_zero.nc
2025-03-11 21:45:43,502 - isca - DEBUG - Initializing src field : ozone_1990
2025-03-11 21:45:43,504 - isca - DEBUG - 
2025-03-11 21:45:43,504 - isca - DEBUG - -----------------------------------
2025-03-11 21:45:43,504 - isca - DEBUG - ____                       _
2025-03-11 21:45:43,504 - isca - DEBUG - / ___|  ___   ___ _ __ __ _| |_ ___  ___
2025-03-11 21:45:43,504 - isca - DEBUG - \___ \ / _ \ / __|  __/ _` | __/ _ \/ __|
2025-03-11 21:45:43,504 - isca - DEBUG - ___) | (_) | (__| | | (_| | ||  __/\__ \
2025-03-11 21:45:43,504 - isca - DEBUG - |____/ \___/ \___|_|  \__,_|\__\___||___/
2025-03-11 21:45:43,504 - isca - DEBUG - 
2025-03-11 21:45:43,504 - isca - DEBUG - Initialised Socrates v17.03
2025-03-11 21:45:43,504 - isca - DEBUG - Stellar constant =    1400.00000000000
2025-03-11 21:45:43,505 - isca - DEBUG - Longwave spectral file =
2025-03-11 21:45:43,505 - isca - DEBUG - /proj/bolinc/users/x_ryabo/socrates_edited_for_isca/spectral_files_for_GCMs/Sun
2025-03-11 21:45:43,505 - isca - DEBUG - /miniSuran_lw.sf WITH           16  bands
2025-03-11 21:45:43,505 - isca - DEBUG - Longwave hires spectral file =
2025-03-11 21:45:43,505 - isca - DEBUG - /proj/bolinc/users/x_ryabo/socrates_edited_for_isca/spectral_files_for_GCMs/Sun
2025-03-11 21:45:43,505 - isca - DEBUG - /miniSuran_lw.sf WITH           16  bands
2025-03-11 21:45:43,505 - isca - DEBUG - Shortwave spectral file =
2025-03-11 21:45:43,505 - isca - DEBUG - /proj/bolinc/users/x_ryabo/socrates_edited_for_isca/spectral_files_for_GCMs/Sun
2025-03-11 21:45:43,505 - isca - DEBUG - /miniSuran_sw.sf WITH           16  bands
2025-03-11 21:45:43,505 - isca - DEBUG - Shortwave hires spectral file =
2025-03-11 21:45:43,505 - isca - DEBUG - /proj/bolinc/users/x_ryabo/socrates_edited_for_isca/spectral_files_for_GCMs/Sun
2025-03-11 21:45:43,505 - isca - DEBUG - /miniSuran_sw.sf WITH           16  bands
2025-03-11 21:45:43,505 - isca - DEBUG - 
2025-03-11 21:45:43,505 - isca - DEBUG - -----------------------------------
2025-03-11 21:45:43,505 - isca - DEBUG - 
2025-03-11 21:46:19,037 - isca - DEBUG - Integration completed through   301 days     0 seconds
2025-03-11 21:46:54,868 - isca - DEBUG - Integration completed through   302 days     0 seconds
2025-03-11 21:47:31,092 - isca - DEBUG - Integration completed through   303 days     0 seconds
2025-03-11 21:48:07,097 - isca - DEBUG - Integration completed through   304 days     0 seconds
2025-03-11 21:48:42,995 - isca - DEBUG - Integration completed through   305 days     0 seconds
2025-03-11 21:49:18,654 - isca - DEBUG - Integration completed through   306 days     0 seconds
2025-03-11 21:49:54,045 - isca - DEBUG - Integration completed through   307 days     0 seconds
2025-03-11 21:50:29,689 - isca - DEBUG - Integration completed through   308 days     0 seconds
2025-03-11 21:51:06,042 - isca - DEBUG - Integration completed through   309 days     0 seconds
2025-03-11 21:51:41,964 - isca - DEBUG - Integration completed through   310 days     0 seconds
2025-03-11 21:52:17,382 - isca - DEBUG - Integration completed through   311 days     0 seconds
2025-03-11 21:52:52,951 - isca - DEBUG - Integration completed through   312 days     0 seconds
2025-03-11 21:53:28,592 - isca - DEBUG - Integration completed through   313 days     0 seconds
2025-03-11 21:54:04,802 - isca - DEBUG - Integration completed through   314 days     0 seconds
2025-03-11 21:54:40,557 - isca - DEBUG - Integration completed through   315 days     0 seconds
2025-03-11 21:55:16,092 - isca - DEBUG - Integration completed through   316 days     0 seconds
2025-03-11 21:55:51,420 - isca - DEBUG - Integration completed through   317 days     0 seconds
2025-03-11 21:56:26,661 - isca - DEBUG - Integration completed through   318 days     0 seconds
2025-03-11 21:57:02,117 - isca - DEBUG - Integration completed through   319 days     0 seconds
2025-03-11 21:57:37,793 - isca - DEBUG - Integration completed through   320 days     0 seconds
2025-03-11 21:58:13,547 - isca - DEBUG - Integration completed through   321 days     0 seconds
2025-03-11 21:58:49,101 - isca - DEBUG - Integration completed through   322 days     0 seconds
2025-03-11 21:59:24,712 - isca - DEBUG - Integration completed through   323 days     0 seconds
2025-03-11 22:00:00,333 - isca - DEBUG - Integration completed through   324 days     0 seconds
2025-03-11 22:00:35,750 - isca - DEBUG - Integration completed through   325 days     0 seconds
2025-03-11 22:01:11,202 - isca - DEBUG - Integration completed through   326 days     0 seconds
2025-03-11 22:01:46,598 - isca - DEBUG - Integration completed through   327 days     0 seconds
2025-03-11 22:02:22,045 - isca - DEBUG - Integration completed through   328 days     0 seconds
2025-03-11 22:02:57,532 - isca - DEBUG - Integration completed through   329 days     0 seconds
2025-03-11 22:03:36,772 - isca - DEBUG - Integration completed through   330 days     0 seconds
2025-03-11 22:03:36,781 - isca - DEBUG - 
2025-03-11 22:03:36,781 - isca - WARNING - WARNING from PE    0: diag_util_mod::opening_file: module/field_name (socrates/soc_toa_sw_down_clr) NOT registered
2025-03-11 22:03:36,781 - isca - DEBUG - 
2025-03-11 22:03:36,781 - isca - DEBUG - 
2025-03-11 22:03:36,781 - isca - WARNING - WARNING from PE    0: diag_util_mod::opening_file: module/field_name (socrates/soc_toa_sw_down_clr) NOT registered
2025-03-11 22:03:36,781 - isca - DEBUG - 
2025-03-11 22:03:36,781 - isca - DEBUG - 
2025-03-11 22:03:36,781 - isca - WARNING - WARNING from PE    0: diag_util_mod::opening_file: module/field_name (cloud_simple/rh_min) NOT registered
2025-03-11 22:03:36,781 - isca - DEBUG - 
2025-03-11 22:03:36,781 - isca - DEBUG - 
2025-03-11 22:03:36,781 - isca - WARNING - WARNING from PE    0: diag_util_mod::opening_file: module/field_name (cloud_simple/rh_min) NOT registered
2025-03-11 22:03:36,781 - isca - DEBUG - 
2025-03-11 22:03:36,791 - isca - DEBUG - NOTE from PE    0: MPP_IO_SET_STACK_SIZE: stack size set to     327680.
2025-03-11 22:03:36,943 - isca - DEBUG - MPP_DOMAINS_STACK high water mark=       40960
2025-03-11 22:03:36,943 - isca - DEBUG - 
2025-03-11 22:03:36,943 - isca - DEBUG - Tabulating mpp_clock statistics across     16 PEs...
2025-03-11 22:03:36,944 - isca - DEBUG - 
2025-03-11 22:03:36,944 - isca - DEBUG - tmin          tmax          tavg          tstd  tfrac grain pemin pemax
2025-03-11 22:03:36,944 - isca - DEBUG - Total runtime                      1074.738869   1074.745161   1074.741769      0.001526  1.000     0     0    15
2025-03-11 22:03:36,944 - isca - DEBUG - MPP_STACK high water mark=           0
2025-03-11 22:03:37,137 - isca - INFO - Run 11 complete
2025-03-11 22:03:38,118 - isca - DEBUG - atmos_monthly.nc combined and copied to data directory
2025-03-11 22:03:41,239 - isca - INFO - Restart archive created at /proj/bolinc/users/x_ryabo/Isca-Ryan_outputs/planetb_presentdayEarth_rot0_Sun_noO3/restarts/res0011.tar.gz
2025-03-11 22:03:41,251 - isca - INFO - Writing namelist to '/proj/bolinc/users/x_ryabo/Isca-Ryan_outputs/planetb_presentdayEarth_rot0_Sun_noO3/run0011/input.nml'
2025-03-11 22:03:41,253 - isca - INFO - Writing field_table to '/proj/bolinc/users/x_ryabo/Isca-Ryan_outputs/planetb_presentdayEarth_rot0_Sun_noO3/run0011/field_table'
2025-03-11 22:03:41,264 - isca - INFO - Writing diag_table to '/proj/bolinc/users/x_ryabo/Isca-Ryan_outputs/planetb_presentdayEarth_rot0_Sun_noO3/run0011/diag_table'
2025-03-11 22:03:41,368 - isca - INFO - Emptied run directory '/home/x_ryabo/Isca-Ryan_tmp/experiment/planetb_presentdayEarth_rot0_Sun_noO3/run'
2025-03-11 22:03:41,389 - isca - INFO - Emptied run directory '/home/x_ryabo/Isca-Ryan_tmp/experiment/planetb_presentdayEarth_rot0_Sun_noO3/run'
2025-03-11 22:03:41,476 - isca - INFO - Writing namelist to '/home/x_ryabo/Isca-Ryan_tmp/experiment/planetb_presentdayEarth_rot0_Sun_noO3/run/input.nml'
2025-03-11 22:03:41,477 - isca - INFO - Writing field_table to '/home/x_ryabo/Isca-Ryan_tmp/experiment/planetb_presentdayEarth_rot0_Sun_noO3/run/field_table'
2025-03-11 22:03:41,489 - isca - INFO - Writing diag_table to '/home/x_ryabo/Isca-Ryan_tmp/experiment/planetb_presentdayEarth_rot0_Sun_noO3/run/diag_table'
2025-03-11 22:03:41,503 - isca - INFO - Using restart file '/proj/bolinc/users/x_ryabo/Isca-Ryan_outputs/planetb_presentdayEarth_rot0_Sun_noO3/restarts/res0011.tar.gz'
2025-03-11 22:03:41,898 - isca - INFO - Restart /proj/bolinc/users/x_ryabo/Isca-Ryan_outputs/planetb_presentdayEarth_rot0_Sun_noO3/restarts/res0011.tar.gz extracted to /home/x_ryabo/Isca-Ryan_tmp/experiment/planetb_presentdayEarth_rot0_Sun_noO3/run/INPUT
2025-03-11 22:03:41,899 - isca - INFO - Beginning run 12
2025-03-11 22:03:41,911 - isca - INFO - process running as 3886779
2025-03-11 22:03:41,911 - isca - DEBUG - loadmodules for Isca on NSC cluster Tetralith
2025-03-11 22:03:41,912 - isca - DEBUG - mpiifort
2025-03-11 22:03:42,026 - isca - DEBUG - The following modules were not unloaded:
2025-03-11 22:03:42,026 - isca - DEBUG - (Use "module --force purge" to unload all):
2025-03-11 22:03:42,026 - isca - DEBUG - 
2025-03-11 22:03:42,026 - isca - DEBUG - 1) hpc/.1.10.1
2025-03-11 22:03:42,136 - isca - DEBUG - ***************************************************
2025-03-11 22:03:42,136 - isca - DEBUG - You have loaded a buildenv module
2025-03-11 22:03:42,136 - isca - DEBUG - ***************************************************
2025-03-11 22:03:42,137 - isca - DEBUG - The buldenv-intel module makes available:
2025-03-11 22:03:42,137 - isca - DEBUG - - Compilers: icc, ifort, etc.
2025-03-11 22:03:42,137 - isca - DEBUG - - Mpi library with mpi-wrapped compilers: intel mpi with mpicc, mpifort, etc.
2025-03-11 22:03:42,137 - isca - DEBUG - - Numerical libraries: intel MKL
2025-03-11 22:03:42,137 - isca - DEBUG - 
2025-03-11 22:03:42,137 - isca - DEBUG - It also makes a set of dependency library modules available via
2025-03-11 22:03:42,137 - isca - DEBUG - the regular module command. Just do:
2025-03-11 22:03:42,137 - isca - DEBUG - module avail
2025-03-11 22:03:42,137 - isca - DEBUG - to see what is available.
2025-03-11 22:03:42,137 - isca - DEBUG - 
2025-03-11 22:03:42,137 - isca - DEBUG - NOTE: You shoud never load build environments inside submitted jobs.
2025-03-11 22:03:42,137 - isca - DEBUG - (with the single exception of when using supercomputer time to compile code.)
2025-03-11 22:03:42,137 - isca - DEBUG - 
2025-03-11 22:03:48,455 - isca - DEBUG - NOTE from PE    0: MPP_DOMAINS_SET_STACK_SIZE: stack size set to    32768.
2025-03-11 22:03:48,456 - isca - DEBUG - &MPP_IO_NML
2025-03-11 22:03:48,456 - isca - DEBUG - HEADER_BUFFER_VAL       =       16384,
2025-03-11 22:03:48,456 - isca - DEBUG - GLOBAL_FIELD_ON_ROOT_PE = T,
2025-03-11 22:03:48,456 - isca - DEBUG - IO_CLOCKS_ON    = F,
2025-03-11 22:03:48,456 - isca - DEBUG - SHUFFLE =           0,
2025-03-11 22:03:48,456 - isca - DEBUG - DEFLATE_LEVEL   =          -1
2025-03-11 22:03:48,456 - isca - DEBUG - /
2025-03-11 22:03:48,457 - isca - DEBUG - NOTE from PE    0: MPP_IO_SET_STACK_SIZE: stack size set to     131072.
2025-03-11 22:03:48,458 - isca - DEBUG - NOTE from PE    0: MPP_DOMAINS_SET_STACK_SIZE: stack size set to   600000.
2025-03-11 22:03:48,466 - isca - DEBUG - starting            1  OpenMP threads per MPI-task
2025-03-11 22:03:48,468 - isca - DEBUG - ATMOS MODEL DOMAIN DECOMPOSITION
2025-03-11 22:03:48,468 - isca - DEBUG - X-AXIS =  128
2025-03-11 22:03:48,468 - isca - DEBUG - Y-AXIS =    4   4   4   4   4   4   4   4   4   4   4   4   4   4   4   4
2025-03-11 22:03:48,521 - isca - DEBUG - 
2025-03-11 22:03:48,521 - isca - DEBUG - 
2025-03-11 22:03:48,521 - isca - WARNING - WARNING from PE    5: socrates_init: dt_rad does not fit into one day an integer number of times
2025-03-11 22:03:48,522 - isca - DEBUG - 
2025-03-11 22:03:48,522 - isca - DEBUG - 
2025-03-11 22:03:48,522 - isca - WARNING - WARNING from PE    1: socrates_init: dt_rad does not fit into one day an integer number of times
2025-03-11 22:03:48,522 - isca - DEBUG - 
2025-03-11 22:03:48,522 - isca - WARNING - WARNING from PE    4: socrates_init: dt_rad does not fit into one day an integer number of times
2025-03-11 22:03:48,522 - isca - DEBUG - 
2025-03-11 22:03:48,522 - isca - DEBUG - 
2025-03-11 22:03:48,522 - isca - WARNING - WARNING from PE    3: socrates_init: dt_rad does not fit into one day an integer number of times
2025-03-11 22:03:48,522 - isca - DEBUG - 
2025-03-11 22:03:48,522 - isca - DEBUG - 
2025-03-11 22:03:48,522 - isca - WARNING - WARNING from PE    6: socrates_init: dt_rad does not fit into one day an integer number of times
2025-03-11 22:03:48,522 - isca - DEBUG - 
2025-03-11 22:03:48,528 - isca - DEBUG - NOTE from PE    0: cloud_simple: Using SimCloud cloud scheme
2025-03-11 22:03:48,529 - isca - DEBUG - NOTE from PE    0: ls_cloud: Using linear cloud fraction diagnostic formula.
2025-03-11 22:03:48,529 - isca - DEBUG - NOTE from PE    0: cloud_cover: The cloud overlap assumption is MAXIMUM-RANDOM
2025-03-11 22:03:48,530 - isca - DEBUG - NOTE from PE    0: idealized_moist_phys: Using Frierson Quasi-Equilibrium convection scheme.
2025-03-11 22:03:48,533 - isca - DEBUG - 
2025-03-11 22:03:48,533 - isca - DEBUG - 
2025-03-11 22:03:48,533 - isca - WARNING - WARNING from PE   15: socrates_init: dt_rad does not fit into one day an integer number of times
2025-03-11 22:03:48,533 - isca - DEBUG - 
2025-03-11 22:03:48,533 - isca - WARNING - WARNING from PE    8: socrates_init: dt_rad does not fit into one day an integer number of times
2025-03-11 22:03:48,533 - isca - DEBUG - 
2025-03-11 22:03:48,533 - isca - DEBUG - 
2025-03-11 22:03:48,533 - isca - DEBUG - 
2025-03-11 22:03:48,533 - isca - WARNING - WARNING from PE   14: socrates_init: dt_rad does not fit into one day an integer number of times
2025-03-11 22:03:48,533 - isca - DEBUG - 
2025-03-11 22:03:48,533 - isca - WARNING - WARNING from PE    2: socrates_init: dt_rad does not fit into one day an integer number of times
2025-03-11 22:03:48,534 - isca - DEBUG - 
2025-03-11 22:03:48,534 - isca - WARNING - WARNING from PE   10: socrates_init: dt_rad does not fit into one day an integer number of times
2025-03-11 22:03:48,534 - isca - DEBUG - 
2025-03-11 22:03:48,534 - isca - DEBUG - 
2025-03-11 22:03:48,534 - isca - WARNING - WARNING from PE    7: socrates_init: dt_rad does not fit into one day an integer number of times
2025-03-11 22:03:48,534 - isca - DEBUG - 
2025-03-11 22:03:48,534 - isca - DEBUG - 
2025-03-11 22:03:48,534 - isca - WARNING - WARNING from PE   13: socrates_init: dt_rad does not fit into one day an integer number of times
2025-03-11 22:03:48,534 - isca - DEBUG - 
2025-03-11 22:03:48,534 - isca - DEBUG - 
2025-03-11 22:03:48,534 - isca - DEBUG - 
2025-03-11 22:03:48,534 - isca - DEBUG - 
2025-03-11 22:03:48,534 - isca - WARNING - WARNING from PE    9: socrates_init: dt_rad does not fit into one day an integer number of times
2025-03-11 22:03:48,534 - isca - DEBUG - 
2025-03-11 22:03:48,534 - isca - WARNING - WARNING from PE   12: socrates_init: dt_rad does not fit into one day an integer number of times
2025-03-11 22:03:48,534 - isca - DEBUG - 
2025-03-11 22:03:48,535 - isca - DEBUG - 
2025-03-11 22:03:48,535 - isca - WARNING - WARNING from PE   11: socrates_init: dt_rad does not fit into one day an integer number of times
2025-03-11 22:03:48,535 - isca - DEBUG - 
2025-03-11 22:03:48,538 - isca - DEBUG - 
2025-03-11 22:03:48,539 - isca - WARNING - WARNING from PE    0: socrates_init: dt_rad does not fit into one day an integer number of times
2025-03-11 22:03:48,539 - isca - DEBUG - 
2025-03-11 22:03:48,539 - isca - DEBUG - 
2025-03-11 22:03:48,539 - isca - WARNING - WARNING from PE    0: socrates_init: dt_rad does not fit into one day an integer number of times
2025-03-11 22:03:48,539 - isca - DEBUG - 
2025-03-11 22:03:48,539 - isca - DEBUG - 
2025-03-11 22:03:48,539 - isca - WARNING - WARNING from PE    0: socrates_init: lw_hires_spectral_filename is unset, making equal to lw_spectral_filename
2025-03-11 22:03:48,539 - isca - DEBUG - 
2025-03-11 22:03:48,539 - isca - DEBUG - 
2025-03-11 22:03:48,539 - isca - WARNING - WARNING from PE    0: socrates_init: lw_hires_spectral_filename is unset, making equal to lw_spectral_filename
2025-03-11 22:03:48,539 - isca - DEBUG - 
2025-03-11 22:03:48,539 - isca - DEBUG - 
2025-03-11 22:03:48,539 - isca - WARNING - WARNING from PE    0: socrates_init: sw_hires_spectral_filename is unset, making equal to sw_spectral_filename
2025-03-11 22:03:48,539 - isca - DEBUG - 
2025-03-11 22:03:48,539 - isca - DEBUG - 
2025-03-11 22:03:48,539 - isca - WARNING - WARNING from PE    0: socrates_init: sw_hires_spectral_filename is unset, making equal to sw_spectral_filename
2025-03-11 22:03:48,539 - isca - DEBUG - 
2025-03-11 22:03:49,763 - isca - DEBUG - NOTE from PE    0: Interpolator: Using input file with no time dimension - ozone_1990_notime_zero.nc
2025-03-11 22:03:49,763 - isca - DEBUG - Initializing src field : ozone_1990
2025-03-11 22:03:49,766 - isca - DEBUG - 
2025-03-11 22:03:49,766 - isca - DEBUG - -----------------------------------
2025-03-11 22:03:49,766 - isca - DEBUG - ____                       _
2025-03-11 22:03:49,766 - isca - DEBUG - / ___|  ___   ___ _ __ __ _| |_ ___  ___
2025-03-11 22:03:49,766 - isca - DEBUG - \___ \ / _ \ / __|  __/ _` | __/ _ \/ __|
2025-03-11 22:03:49,766 - isca - DEBUG - ___) | (_) | (__| | | (_| | ||  __/\__ \
2025-03-11 22:03:49,766 - isca - DEBUG - |____/ \___/ \___|_|  \__,_|\__\___||___/
2025-03-11 22:03:49,766 - isca - DEBUG - 
2025-03-11 22:03:49,766 - isca - DEBUG - Initialised Socrates v17.03
2025-03-11 22:03:49,766 - isca - DEBUG - Stellar constant =    1400.00000000000
2025-03-11 22:03:49,766 - isca - DEBUG - Longwave spectral file =
2025-03-11 22:03:49,766 - isca - DEBUG - /proj/bolinc/users/x_ryabo/socrates_edited_for_isca/spectral_files_for_GCMs/Sun
2025-03-11 22:03:49,766 - isca - DEBUG - /miniSuran_lw.sf WITH           16  bands
2025-03-11 22:03:49,766 - isca - DEBUG - Longwave hires spectral file =
2025-03-11 22:03:49,766 - isca - DEBUG - /proj/bolinc/users/x_ryabo/socrates_edited_for_isca/spectral_files_for_GCMs/Sun
2025-03-11 22:03:49,766 - isca - DEBUG - /miniSuran_lw.sf WITH           16  bands
2025-03-11 22:03:49,766 - isca - DEBUG - Shortwave spectral file =
2025-03-11 22:03:49,766 - isca - DEBUG - /proj/bolinc/users/x_ryabo/socrates_edited_for_isca/spectral_files_for_GCMs/Sun
2025-03-11 22:03:49,766 - isca - DEBUG - /miniSuran_sw.sf WITH           16  bands
2025-03-11 22:03:49,766 - isca - DEBUG - Shortwave hires spectral file =
2025-03-11 22:03:49,766 - isca - DEBUG - /proj/bolinc/users/x_ryabo/socrates_edited_for_isca/spectral_files_for_GCMs/Sun
2025-03-11 22:03:49,767 - isca - DEBUG - /miniSuran_sw.sf WITH           16  bands
2025-03-11 22:03:49,767 - isca - DEBUG - 
2025-03-11 22:03:49,767 - isca - DEBUG - -----------------------------------
2025-03-11 22:03:49,767 - isca - DEBUG - 
2025-03-11 22:04:25,141 - isca - DEBUG - Integration completed through   331 days     0 seconds
2025-03-11 22:05:00,659 - isca - DEBUG - Integration completed through   332 days     0 seconds
2025-03-11 22:05:35,828 - isca - DEBUG - Integration completed through   333 days     0 seconds
2025-03-11 22:06:11,289 - isca - DEBUG - Integration completed through   334 days     0 seconds
2025-03-11 22:06:47,451 - isca - DEBUG - Integration completed through   335 days     0 seconds
2025-03-11 22:07:23,178 - isca - DEBUG - Integration completed through   336 days     0 seconds
2025-03-11 22:07:58,538 - isca - DEBUG - Integration completed through   337 days     0 seconds
2025-03-11 22:08:33,584 - isca - DEBUG - Integration completed through   338 days     0 seconds
2025-03-11 22:09:08,777 - isca - DEBUG - Integration completed through   339 days     0 seconds
2025-03-11 22:09:43,746 - isca - DEBUG - Integration completed through   340 days     0 seconds
2025-03-11 22:10:18,611 - isca - DEBUG - Integration completed through   341 days     0 seconds
2025-03-11 22:10:54,347 - isca - DEBUG - Integration completed through   342 days     0 seconds
2025-03-11 22:11:29,647 - isca - DEBUG - Integration completed through   343 days     0 seconds
2025-03-11 22:12:05,154 - isca - DEBUG - Integration completed through   344 days     0 seconds
2025-03-11 22:12:40,550 - isca - DEBUG - Integration completed through   345 days     0 seconds
2025-03-11 22:13:16,065 - isca - DEBUG - Integration completed through   346 days     0 seconds
2025-03-11 22:13:51,336 - isca - DEBUG - Integration completed through   347 days     0 seconds
2025-03-11 22:14:26,457 - isca - DEBUG - Integration completed through   348 days     0 seconds
2025-03-11 22:15:01,289 - isca - DEBUG - Integration completed through   349 days     0 seconds
2025-03-11 22:15:36,284 - isca - DEBUG - Integration completed through   350 days     0 seconds
2025-03-11 22:16:11,934 - isca - DEBUG - Integration completed through   351 days     0 seconds
2025-03-11 22:16:47,659 - isca - DEBUG - Integration completed through   352 days     0 seconds
2025-03-11 22:17:21,988 - isca - DEBUG - Integration completed through   353 days     0 seconds
2025-03-11 22:17:55,895 - isca - DEBUG - Integration completed through   354 days     0 seconds
2025-03-11 22:18:29,968 - isca - DEBUG - Integration completed through   355 days     0 seconds
2025-03-11 22:19:04,313 - isca - DEBUG - Integration completed through   356 days     0 seconds
2025-03-11 22:19:38,689 - isca - DEBUG - Integration completed through   357 days     0 seconds
2025-03-11 22:20:13,327 - isca - DEBUG - Integration completed through   358 days     0 seconds
2025-03-11 22:20:47,648 - isca - DEBUG - Integration completed through   359 days     0 seconds
2025-03-11 22:21:21,369 - isca - DEBUG - Integration completed through   360 days     0 seconds
2025-03-11 22:21:21,376 - isca - DEBUG - 
2025-03-11 22:21:21,376 - isca - WARNING - WARNING from PE    0: diag_util_mod::opening_file: module/field_name (socrates/soc_toa_sw_down_clr) NOT registered
2025-03-11 22:21:21,376 - isca - DEBUG - 
2025-03-11 22:21:21,376 - isca - DEBUG - 
2025-03-11 22:21:21,376 - isca - WARNING - WARNING from PE    0: diag_util_mod::opening_file: module/field_name (socrates/soc_toa_sw_down_clr) NOT registered
2025-03-11 22:21:21,376 - isca - DEBUG - 
2025-03-11 22:21:21,376 - isca - DEBUG - 
2025-03-11 22:21:21,376 - isca - WARNING - WARNING from PE    0: diag_util_mod::opening_file: module/field_name (cloud_simple/rh_min) NOT registered
2025-03-11 22:21:21,376 - isca - DEBUG - 
2025-03-11 22:21:21,376 - isca - DEBUG - 
2025-03-11 22:21:21,376 - isca - WARNING - WARNING from PE    0: diag_util_mod::opening_file: module/field_name (cloud_simple/rh_min) NOT registered
2025-03-11 22:21:21,377 - isca - DEBUG - 
2025-03-11 22:21:21,387 - isca - DEBUG - NOTE from PE    0: MPP_IO_SET_STACK_SIZE: stack size set to     327680.
2025-03-11 22:21:21,475 - isca - DEBUG - MPP_DOMAINS_STACK high water mark=       40960
2025-03-11 22:21:21,476 - isca - DEBUG - 
2025-03-11 22:21:21,476 - isca - DEBUG - Tabulating mpp_clock statistics across     16 PEs...
2025-03-11 22:21:21,476 - isca - DEBUG - 
2025-03-11 22:21:21,476 - isca - DEBUG - tmin          tmax          tavg          tstd  tfrac grain pemin pemax
2025-03-11 22:21:21,476 - isca - DEBUG - Total runtime                      1053.017100   1053.023819   1053.021207      0.001980  1.000     0     0    15
2025-03-11 22:21:21,476 - isca - DEBUG - MPP_STACK high water mark=           0
2025-03-11 22:21:21,628 - isca - INFO - Run 12 complete
2025-03-11 22:21:22,801 - isca - DEBUG - atmos_monthly.nc combined and copied to data directory
2025-03-11 22:21:25,794 - isca - INFO - Restart archive created at /proj/bolinc/users/x_ryabo/Isca-Ryan_outputs/planetb_presentdayEarth_rot0_Sun_noO3/restarts/res0012.tar.gz
2025-03-11 22:21:25,806 - isca - INFO - Writing namelist to '/proj/bolinc/users/x_ryabo/Isca-Ryan_outputs/planetb_presentdayEarth_rot0_Sun_noO3/run0012/input.nml'
2025-03-11 22:21:25,808 - isca - INFO - Writing field_table to '/proj/bolinc/users/x_ryabo/Isca-Ryan_outputs/planetb_presentdayEarth_rot0_Sun_noO3/run0012/field_table'
2025-03-11 22:21:25,820 - isca - INFO - Writing diag_table to '/proj/bolinc/users/x_ryabo/Isca-Ryan_outputs/planetb_presentdayEarth_rot0_Sun_noO3/run0012/diag_table'
2025-03-11 22:21:25,931 - isca - INFO - Emptied run directory '/home/x_ryabo/Isca-Ryan_tmp/experiment/planetb_presentdayEarth_rot0_Sun_noO3/run'
2025-03-11 22:21:25,956 - isca - INFO - Emptied run directory '/home/x_ryabo/Isca-Ryan_tmp/experiment/planetb_presentdayEarth_rot0_Sun_noO3/run'
2025-03-11 22:21:26,046 - isca - INFO - Writing namelist to '/home/x_ryabo/Isca-Ryan_tmp/experiment/planetb_presentdayEarth_rot0_Sun_noO3/run/input.nml'
2025-03-11 22:21:26,047 - isca - INFO - Writing field_table to '/home/x_ryabo/Isca-Ryan_tmp/experiment/planetb_presentdayEarth_rot0_Sun_noO3/run/field_table'
2025-03-11 22:21:26,060 - isca - INFO - Writing diag_table to '/home/x_ryabo/Isca-Ryan_tmp/experiment/planetb_presentdayEarth_rot0_Sun_noO3/run/diag_table'
2025-03-11 22:21:26,074 - isca - INFO - Using restart file '/proj/bolinc/users/x_ryabo/Isca-Ryan_outputs/planetb_presentdayEarth_rot0_Sun_noO3/restarts/res0012.tar.gz'
2025-03-11 22:21:26,460 - isca - INFO - Restart /proj/bolinc/users/x_ryabo/Isca-Ryan_outputs/planetb_presentdayEarth_rot0_Sun_noO3/restarts/res0012.tar.gz extracted to /home/x_ryabo/Isca-Ryan_tmp/experiment/planetb_presentdayEarth_rot0_Sun_noO3/run/INPUT
2025-03-11 22:21:26,461 - isca - INFO - Beginning run 13
2025-03-11 22:21:26,473 - isca - INFO - process running as 3888651
2025-03-11 22:21:26,473 - isca - DEBUG - loadmodules for Isca on NSC cluster Tetralith
2025-03-11 22:21:26,474 - isca - DEBUG - mpiifort
2025-03-11 22:21:26,578 - isca - DEBUG - The following modules were not unloaded:
2025-03-11 22:21:26,579 - isca - DEBUG - (Use "module --force purge" to unload all):
2025-03-11 22:21:26,579 - isca - DEBUG - 
2025-03-11 22:21:26,579 - isca - DEBUG - 1) hpc/.1.10.1
2025-03-11 22:21:26,686 - isca - DEBUG - ***************************************************
2025-03-11 22:21:26,686 - isca - DEBUG - You have loaded a buildenv module
2025-03-11 22:21:26,686 - isca - DEBUG - ***************************************************
2025-03-11 22:21:26,686 - isca - DEBUG - The buldenv-intel module makes available:
2025-03-11 22:21:26,686 - isca - DEBUG - - Compilers: icc, ifort, etc.
2025-03-11 22:21:26,686 - isca - DEBUG - - Mpi library with mpi-wrapped compilers: intel mpi with mpicc, mpifort, etc.
2025-03-11 22:21:26,686 - isca - DEBUG - - Numerical libraries: intel MKL
2025-03-11 22:21:26,686 - isca - DEBUG - 
2025-03-11 22:21:26,686 - isca - DEBUG - It also makes a set of dependency library modules available via
2025-03-11 22:21:26,686 - isca - DEBUG - the regular module command. Just do:
2025-03-11 22:21:26,686 - isca - DEBUG - module avail
2025-03-11 22:21:26,686 - isca - DEBUG - to see what is available.
2025-03-11 22:21:26,686 - isca - DEBUG - 
2025-03-11 22:21:26,686 - isca - DEBUG - NOTE: You shoud never load build environments inside submitted jobs.
2025-03-11 22:21:26,686 - isca - DEBUG - (with the single exception of when using supercomputer time to compile code.)
2025-03-11 22:21:26,686 - isca - DEBUG - 
2025-03-11 22:21:27,917 - isca - DEBUG - NOTE from PE    0: MPP_DOMAINS_SET_STACK_SIZE: stack size set to    32768.
2025-03-11 22:21:27,917 - isca - DEBUG - &MPP_IO_NML
2025-03-11 22:21:27,917 - isca - DEBUG - HEADER_BUFFER_VAL       =       16384,
2025-03-11 22:21:27,917 - isca - DEBUG - GLOBAL_FIELD_ON_ROOT_PE = T,
2025-03-11 22:21:27,917 - isca - DEBUG - IO_CLOCKS_ON    = F,
2025-03-11 22:21:27,917 - isca - DEBUG - SHUFFLE =           0,
2025-03-11 22:21:27,917 - isca - DEBUG - DEFLATE_LEVEL   =          -1
2025-03-11 22:21:27,917 - isca - DEBUG - /
2025-03-11 22:21:27,918 - isca - DEBUG - NOTE from PE    0: MPP_IO_SET_STACK_SIZE: stack size set to     131072.
2025-03-11 22:21:27,919 - isca - DEBUG - NOTE from PE    0: MPP_DOMAINS_SET_STACK_SIZE: stack size set to   600000.
2025-03-11 22:21:27,927 - isca - DEBUG - starting            1  OpenMP threads per MPI-task
2025-03-11 22:21:27,928 - isca - DEBUG - ATMOS MODEL DOMAIN DECOMPOSITION
2025-03-11 22:21:27,929 - isca - DEBUG - X-AXIS =  128
2025-03-11 22:21:27,929 - isca - DEBUG - Y-AXIS =    4   4   4   4   4   4   4   4   4   4   4   4   4   4   4   4
2025-03-11 22:21:27,978 - isca - DEBUG - 
2025-03-11 22:21:27,978 - isca - WARNING - WARNING from PE    1: socrates_init: dt_rad does not fit into one day an integer number of times
2025-03-11 22:21:27,978 - isca - DEBUG - 
2025-03-11 22:21:27,979 - isca - DEBUG - 
2025-03-11 22:21:27,979 - isca - WARNING - WARNING from PE    6: socrates_init: dt_rad does not fit into one day an integer number of times
2025-03-11 22:21:27,979 - isca - DEBUG - 
2025-03-11 22:21:27,983 - isca - DEBUG - NOTE from PE    0: cloud_simple: Using SimCloud cloud scheme
2025-03-11 22:21:27,985 - isca - DEBUG - NOTE from PE    0: ls_cloud: Using linear cloud fraction diagnostic formula.
2025-03-11 22:21:27,985 - isca - DEBUG - NOTE from PE    0: cloud_cover: The cloud overlap assumption is MAXIMUM-RANDOM
2025-03-11 22:21:27,985 - isca - DEBUG - NOTE from PE    0: idealized_moist_phys: Using Frierson Quasi-Equilibrium convection scheme.
2025-03-11 22:21:27,987 - isca - DEBUG - 
2025-03-11 22:21:27,987 - isca - WARNING - WARNING from PE   12: socrates_init: dt_rad does not fit into one day an integer number of times
2025-03-11 22:21:27,987 - isca - DEBUG - 
2025-03-11 22:21:27,987 - isca - WARNING - WARNING from PE   14: socrates_init: dt_rad does not fit into one day an integer number of times
2025-03-11 22:21:27,987 - isca - DEBUG - 
2025-03-11 22:21:27,987 - isca - DEBUG - 
2025-03-11 22:21:27,987 - isca - DEBUG - 
2025-03-11 22:21:27,987 - isca - DEBUG - 
2025-03-11 22:21:27,987 - isca - WARNING - WARNING from PE    8: socrates_init: dt_rad does not fit into one day an integer number of times
2025-03-11 22:21:27,987 - isca - DEBUG - 
2025-03-11 22:21:27,987 - isca - WARNING - WARNING from PE   10: socrates_init: dt_rad does not fit into one day an integer number of times
2025-03-11 22:21:27,987 - isca - DEBUG - 
2025-03-11 22:21:27,987 - isca - DEBUG - 
2025-03-11 22:21:27,987 - isca - WARNING - WARNING from PE    9: socrates_init: dt_rad does not fit into one day an integer number of times
2025-03-11 22:21:27,987 - isca - DEBUG - 
2025-03-11 22:21:27,987 - isca - DEBUG - 
2025-03-11 22:21:27,988 - isca - WARNING - WARNING from PE   11: socrates_init: dt_rad does not fit into one day an integer number of times
2025-03-11 22:21:27,988 - isca - DEBUG - 
2025-03-11 22:21:27,988 - isca - DEBUG - 
2025-03-11 22:21:27,988 - isca - DEBUG - 
2025-03-11 22:21:27,988 - isca - WARNING - WARNING from PE    7: socrates_init: dt_rad does not fit into one day an integer number of times
2025-03-11 22:21:27,988 - isca - DEBUG - 
2025-03-11 22:21:27,988 - isca - WARNING - WARNING from PE   13: socrates_init: dt_rad does not fit into one day an integer number of times
2025-03-11 22:21:27,988 - isca - DEBUG - 
2025-03-11 22:21:27,988 - isca - DEBUG - 
2025-03-11 22:21:27,988 - isca - WARNING - WARNING from PE   15: socrates_init: dt_rad does not fit into one day an integer number of times
2025-03-11 22:21:27,988 - isca - DEBUG - 
2025-03-11 22:21:27,988 - isca - DEBUG - 
2025-03-11 22:21:27,988 - isca - WARNING - WARNING from PE    2: socrates_init: dt_rad does not fit into one day an integer number of times
2025-03-11 22:21:27,989 - isca - DEBUG - 
2025-03-11 22:21:27,989 - isca - DEBUG - 
2025-03-11 22:21:27,989 - isca - WARNING - WARNING from PE    3: socrates_init: dt_rad does not fit into one day an integer number of times
2025-03-11 22:21:27,989 - isca - DEBUG - 
2025-03-11 22:21:27,989 - isca - DEBUG - 
2025-03-11 22:21:27,989 - isca - WARNING - WARNING from PE    4: socrates_init: dt_rad does not fit into one day an integer number of times
2025-03-11 22:21:27,989 - isca - DEBUG - 
2025-03-11 22:21:27,989 - isca - DEBUG - 
2025-03-11 22:21:27,989 - isca - WARNING - WARNING from PE    5: socrates_init: dt_rad does not fit into one day an integer number of times
2025-03-11 22:21:27,989 - isca - DEBUG - 
2025-03-11 22:21:27,997 - isca - DEBUG - 
2025-03-11 22:21:27,997 - isca - WARNING - WARNING from PE    0: socrates_init: dt_rad does not fit into one day an integer number of times
2025-03-11 22:21:27,997 - isca - DEBUG - 
2025-03-11 22:21:27,997 - isca - DEBUG - 
2025-03-11 22:21:27,997 - isca - WARNING - WARNING from PE    0: socrates_init: dt_rad does not fit into one day an integer number of times
2025-03-11 22:21:27,997 - isca - DEBUG - 
2025-03-11 22:21:27,997 - isca - DEBUG - 
2025-03-11 22:21:27,998 - isca - WARNING - WARNING from PE    0: socrates_init: lw_hires_spectral_filename is unset, making equal to lw_spectral_filename
2025-03-11 22:21:27,998 - isca - DEBUG - 
2025-03-11 22:21:27,998 - isca - DEBUG - 
2025-03-11 22:21:27,998 - isca - WARNING - WARNING from PE    0: socrates_init: lw_hires_spectral_filename is unset, making equal to lw_spectral_filename
2025-03-11 22:21:27,998 - isca - DEBUG - 
2025-03-11 22:21:27,998 - isca - DEBUG - 
2025-03-11 22:21:27,998 - isca - WARNING - WARNING from PE    0: socrates_init: sw_hires_spectral_filename is unset, making equal to sw_spectral_filename
2025-03-11 22:21:27,998 - isca - DEBUG - 
2025-03-11 22:21:27,998 - isca - DEBUG - 
2025-03-11 22:21:27,999 - isca - WARNING - WARNING from PE    0: socrates_init: sw_hires_spectral_filename is unset, making equal to sw_spectral_filename
2025-03-11 22:21:27,999 - isca - DEBUG - 
2025-03-11 22:21:29,179 - isca - DEBUG - NOTE from PE    0: Interpolator: Using input file with no time dimension - ozone_1990_notime_zero.nc
2025-03-11 22:21:29,179 - isca - DEBUG - Initializing src field : ozone_1990
2025-03-11 22:21:29,181 - isca - DEBUG - 
2025-03-11 22:21:29,181 - isca - DEBUG - -----------------------------------
2025-03-11 22:21:29,181 - isca - DEBUG - ____                       _
2025-03-11 22:21:29,181 - isca - DEBUG - / ___|  ___   ___ _ __ __ _| |_ ___  ___
2025-03-11 22:21:29,181 - isca - DEBUG - \___ \ / _ \ / __|  __/ _` | __/ _ \/ __|
2025-03-11 22:21:29,181 - isca - DEBUG - ___) | (_) | (__| | | (_| | ||  __/\__ \
2025-03-11 22:21:29,181 - isca - DEBUG - |____/ \___/ \___|_|  \__,_|\__\___||___/
2025-03-11 22:21:29,182 - isca - DEBUG - 
2025-03-11 22:21:29,182 - isca - DEBUG - Initialised Socrates v17.03
2025-03-11 22:21:29,182 - isca - DEBUG - Stellar constant =    1400.00000000000
2025-03-11 22:21:29,182 - isca - DEBUG - Longwave spectral file =
2025-03-11 22:21:29,182 - isca - DEBUG - /proj/bolinc/users/x_ryabo/socrates_edited_for_isca/spectral_files_for_GCMs/Sun
2025-03-11 22:21:29,182 - isca - DEBUG - /miniSuran_lw.sf WITH           16  bands
2025-03-11 22:21:29,182 - isca - DEBUG - Longwave hires spectral file =
2025-03-11 22:21:29,182 - isca - DEBUG - /proj/bolinc/users/x_ryabo/socrates_edited_for_isca/spectral_files_for_GCMs/Sun
2025-03-11 22:21:29,182 - isca - DEBUG - /miniSuran_lw.sf WITH           16  bands
2025-03-11 22:21:29,182 - isca - DEBUG - Shortwave spectral file =
2025-03-11 22:21:29,182 - isca - DEBUG - /proj/bolinc/users/x_ryabo/socrates_edited_for_isca/spectral_files_for_GCMs/Sun
2025-03-11 22:21:29,182 - isca - DEBUG - /miniSuran_sw.sf WITH           16  bands
2025-03-11 22:21:29,182 - isca - DEBUG - Shortwave hires spectral file =
2025-03-11 22:21:29,182 - isca - DEBUG - /proj/bolinc/users/x_ryabo/socrates_edited_for_isca/spectral_files_for_GCMs/Sun
2025-03-11 22:21:29,182 - isca - DEBUG - /miniSuran_sw.sf WITH           16  bands
2025-03-11 22:21:29,182 - isca - DEBUG - 
2025-03-11 22:21:29,182 - isca - DEBUG - -----------------------------------
2025-03-11 22:21:29,182 - isca - DEBUG - 
2025-03-11 22:22:03,127 - isca - DEBUG - Integration completed through   361 days     0 seconds
2025-03-11 22:22:37,526 - isca - DEBUG - Integration completed through   362 days     0 seconds
2025-03-11 22:23:11,510 - isca - DEBUG - Integration completed through   363 days     0 seconds
2025-03-11 22:23:45,496 - isca - DEBUG - Integration completed through   364 days     0 seconds
2025-03-11 22:24:19,524 - isca - DEBUG - Integration completed through   365 days     0 seconds
2025-03-11 22:24:53,824 - isca - DEBUG - Integration completed through   366 days     0 seconds
2025-03-11 22:25:27,773 - isca - DEBUG - Integration completed through   367 days     0 seconds
2025-03-11 22:26:01,520 - isca - DEBUG - Integration completed through   368 days     0 seconds
2025-03-11 22:26:35,256 - isca - DEBUG - Integration completed through   369 days     0 seconds
2025-03-11 22:27:08,688 - isca - DEBUG - Integration completed through   370 days     0 seconds
2025-03-11 22:27:42,231 - isca - DEBUG - Integration completed through   371 days     0 seconds
2025-03-11 22:28:16,085 - isca - DEBUG - Integration completed through   372 days     0 seconds
2025-03-11 22:28:50,302 - isca - DEBUG - Integration completed through   373 days     0 seconds
2025-03-11 22:29:24,056 - isca - DEBUG - Integration completed through   374 days     0 seconds
2025-03-11 22:29:57,886 - isca - DEBUG - Integration completed through   375 days     0 seconds
2025-03-11 22:30:31,453 - isca - DEBUG - Integration completed through   376 days     0 seconds
2025-03-11 22:31:04,764 - isca - DEBUG - Integration completed through   377 days     0 seconds
2025-03-11 22:31:38,034 - isca - DEBUG - Integration completed through   378 days     0 seconds
2025-03-11 22:32:11,475 - isca - DEBUG - Integration completed through   379 days     0 seconds
2025-03-11 22:32:45,112 - isca - DEBUG - Integration completed through   380 days     0 seconds
2025-03-11 22:33:18,292 - isca - DEBUG - Integration completed through   381 days     0 seconds
2025-03-11 22:33:51,520 - isca - DEBUG - Integration completed through   382 days     0 seconds
2025-03-11 22:34:24,711 - isca - DEBUG - Integration completed through   383 days     0 seconds
2025-03-11 22:34:57,954 - isca - DEBUG - Integration completed through   384 days     0 seconds
2025-03-11 22:35:31,376 - isca - DEBUG - Integration completed through   385 days     0 seconds
2025-03-11 22:36:04,775 - isca - DEBUG - Integration completed through   386 days     0 seconds
2025-03-11 22:36:38,404 - isca - DEBUG - Integration completed through   387 days     0 seconds
2025-03-11 22:37:11,895 - isca - DEBUG - Integration completed through   388 days     0 seconds
2025-03-11 22:37:45,494 - isca - DEBUG - Integration completed through   389 days     0 seconds
2025-03-11 22:38:19,010 - isca - DEBUG - Integration completed through   390 days     0 seconds
2025-03-11 22:38:19,019 - isca - DEBUG - 
2025-03-11 22:38:19,019 - isca - WARNING - WARNING from PE    0: diag_util_mod::opening_file: module/field_name (socrates/soc_toa_sw_down_clr) NOT registered
2025-03-11 22:38:19,019 - isca - DEBUG - 
2025-03-11 22:38:19,019 - isca - DEBUG - 
2025-03-11 22:38:19,019 - isca - WARNING - WARNING from PE    0: diag_util_mod::opening_file: module/field_name (socrates/soc_toa_sw_down_clr) NOT registered
2025-03-11 22:38:19,019 - isca - DEBUG - 
2025-03-11 22:38:19,019 - isca - DEBUG - 
2025-03-11 22:38:19,019 - isca - WARNING - WARNING from PE    0: diag_util_mod::opening_file: module/field_name (cloud_simple/rh_min) NOT registered
2025-03-11 22:38:19,019 - isca - DEBUG - 
2025-03-11 22:38:19,019 - isca - DEBUG - 
2025-03-11 22:38:19,019 - isca - WARNING - WARNING from PE    0: diag_util_mod::opening_file: module/field_name (cloud_simple/rh_min) NOT registered
2025-03-11 22:38:19,019 - isca - DEBUG - 
2025-03-11 22:38:19,028 - isca - DEBUG - NOTE from PE    0: MPP_IO_SET_STACK_SIZE: stack size set to     327680.
2025-03-11 22:38:19,136 - isca - DEBUG - MPP_DOMAINS_STACK high water mark=       40960
2025-03-11 22:38:19,137 - isca - DEBUG - 
2025-03-11 22:38:19,137 - isca - DEBUG - Tabulating mpp_clock statistics across     16 PEs...
2025-03-11 22:38:19,137 - isca - DEBUG - 
2025-03-11 22:38:19,137 - isca - DEBUG - tmin          tmax          tavg          tstd  tfrac grain pemin pemax
2025-03-11 22:38:19,138 - isca - DEBUG - Total runtime                      1011.218349   1011.224231   1011.221003      0.001690  1.000     0     0    15
2025-03-11 22:38:19,138 - isca - DEBUG - MPP_STACK high water mark=           0
2025-03-11 22:38:19,326 - isca - INFO - Run 13 complete
2025-03-11 22:38:20,309 - isca - DEBUG - atmos_monthly.nc combined and copied to data directory
2025-03-11 22:38:23,298 - isca - INFO - Restart archive created at /proj/bolinc/users/x_ryabo/Isca-Ryan_outputs/planetb_presentdayEarth_rot0_Sun_noO3/restarts/res0013.tar.gz
2025-03-11 22:38:23,311 - isca - INFO - Writing namelist to '/proj/bolinc/users/x_ryabo/Isca-Ryan_outputs/planetb_presentdayEarth_rot0_Sun_noO3/run0013/input.nml'
2025-03-11 22:38:23,313 - isca - INFO - Writing field_table to '/proj/bolinc/users/x_ryabo/Isca-Ryan_outputs/planetb_presentdayEarth_rot0_Sun_noO3/run0013/field_table'
2025-03-11 22:38:23,325 - isca - INFO - Writing diag_table to '/proj/bolinc/users/x_ryabo/Isca-Ryan_outputs/planetb_presentdayEarth_rot0_Sun_noO3/run0013/diag_table'
2025-03-11 22:38:23,446 - isca - INFO - Emptied run directory '/home/x_ryabo/Isca-Ryan_tmp/experiment/planetb_presentdayEarth_rot0_Sun_noO3/run'
2025-03-11 22:38:23,471 - isca - INFO - Emptied run directory '/home/x_ryabo/Isca-Ryan_tmp/experiment/planetb_presentdayEarth_rot0_Sun_noO3/run'
2025-03-11 22:38:23,563 - isca - INFO - Writing namelist to '/home/x_ryabo/Isca-Ryan_tmp/experiment/planetb_presentdayEarth_rot0_Sun_noO3/run/input.nml'
2025-03-11 22:38:23,564 - isca - INFO - Writing field_table to '/home/x_ryabo/Isca-Ryan_tmp/experiment/planetb_presentdayEarth_rot0_Sun_noO3/run/field_table'
2025-03-11 22:38:23,577 - isca - INFO - Writing diag_table to '/home/x_ryabo/Isca-Ryan_tmp/experiment/planetb_presentdayEarth_rot0_Sun_noO3/run/diag_table'
2025-03-11 22:38:23,592 - isca - INFO - Using restart file '/proj/bolinc/users/x_ryabo/Isca-Ryan_outputs/planetb_presentdayEarth_rot0_Sun_noO3/restarts/res0013.tar.gz'
2025-03-11 22:38:23,979 - isca - INFO - Restart /proj/bolinc/users/x_ryabo/Isca-Ryan_outputs/planetb_presentdayEarth_rot0_Sun_noO3/restarts/res0013.tar.gz extracted to /home/x_ryabo/Isca-Ryan_tmp/experiment/planetb_presentdayEarth_rot0_Sun_noO3/run/INPUT
2025-03-11 22:38:23,980 - isca - INFO - Beginning run 14
2025-03-11 22:38:23,992 - isca - INFO - process running as 3889476
2025-03-11 22:38:23,992 - isca - DEBUG - loadmodules for Isca on NSC cluster Tetralith
2025-03-11 22:38:23,992 - isca - DEBUG - mpiifort
2025-03-11 22:38:24,100 - isca - DEBUG - The following modules were not unloaded:
2025-03-11 22:38:24,100 - isca - DEBUG - (Use "module --force purge" to unload all):
2025-03-11 22:38:24,100 - isca - DEBUG - 
2025-03-11 22:38:24,100 - isca - DEBUG - 1) hpc/.1.10.1
2025-03-11 22:38:24,207 - isca - DEBUG - ***************************************************
2025-03-11 22:38:24,207 - isca - DEBUG - You have loaded a buildenv module
2025-03-11 22:38:24,207 - isca - DEBUG - ***************************************************
2025-03-11 22:38:24,207 - isca - DEBUG - The buldenv-intel module makes available:
2025-03-11 22:38:24,207 - isca - DEBUG - - Compilers: icc, ifort, etc.
2025-03-11 22:38:24,207 - isca - DEBUG - - Mpi library with mpi-wrapped compilers: intel mpi with mpicc, mpifort, etc.
2025-03-11 22:38:24,207 - isca - DEBUG - - Numerical libraries: intel MKL
2025-03-11 22:38:24,207 - isca - DEBUG - 
2025-03-11 22:38:24,207 - isca - DEBUG - It also makes a set of dependency library modules available via
2025-03-11 22:38:24,207 - isca - DEBUG - the regular module command. Just do:
2025-03-11 22:38:24,207 - isca - DEBUG - module avail
2025-03-11 22:38:24,207 - isca - DEBUG - to see what is available.
2025-03-11 22:38:24,207 - isca - DEBUG - 
2025-03-11 22:38:24,207 - isca - DEBUG - NOTE: You shoud never load build environments inside submitted jobs.
2025-03-11 22:38:24,207 - isca - DEBUG - (with the single exception of when using supercomputer time to compile code.)
2025-03-11 22:38:24,207 - isca - DEBUG - 
2025-03-11 22:38:25,439 - isca - DEBUG - NOTE from PE    0: MPP_DOMAINS_SET_STACK_SIZE: stack size set to    32768.
2025-03-11 22:38:25,439 - isca - DEBUG - &MPP_IO_NML
2025-03-11 22:38:25,439 - isca - DEBUG - HEADER_BUFFER_VAL       =       16384,
2025-03-11 22:38:25,439 - isca - DEBUG - GLOBAL_FIELD_ON_ROOT_PE = T,
2025-03-11 22:38:25,439 - isca - DEBUG - IO_CLOCKS_ON    = F,
2025-03-11 22:38:25,439 - isca - DEBUG - SHUFFLE =           0,
2025-03-11 22:38:25,439 - isca - DEBUG - DEFLATE_LEVEL   =          -1
2025-03-11 22:38:25,439 - isca - DEBUG - /
2025-03-11 22:38:25,440 - isca - DEBUG - NOTE from PE    0: MPP_IO_SET_STACK_SIZE: stack size set to     131072.
2025-03-11 22:38:25,441 - isca - DEBUG - NOTE from PE    0: MPP_DOMAINS_SET_STACK_SIZE: stack size set to   600000.
2025-03-11 22:38:25,450 - isca - DEBUG - starting            1  OpenMP threads per MPI-task
2025-03-11 22:38:25,451 - isca - DEBUG - ATMOS MODEL DOMAIN DECOMPOSITION
2025-03-11 22:38:25,451 - isca - DEBUG - X-AXIS =  128
2025-03-11 22:38:25,452 - isca - DEBUG - Y-AXIS =    4   4   4   4   4   4   4   4   4   4   4   4   4   4   4   4
2025-03-11 22:38:25,495 - isca - DEBUG - NOTE from PE    0: cloud_simple: Using SimCloud cloud scheme
2025-03-11 22:38:25,496 - isca - DEBUG - NOTE from PE    0: ls_cloud: Using linear cloud fraction diagnostic formula.
2025-03-11 22:38:25,497 - isca - DEBUG - NOTE from PE    0: cloud_cover: The cloud overlap assumption is MAXIMUM-RANDOM
2025-03-11 22:38:25,497 - isca - DEBUG - NOTE from PE    0: idealized_moist_phys: Using Frierson Quasi-Equilibrium convection scheme.
2025-03-11 22:38:25,498 - isca - DEBUG - 
2025-03-11 22:38:25,498 - isca - WARNING - WARNING from PE    4: socrates_init: dt_rad does not fit into one day an integer number of times
2025-03-11 22:38:25,499 - isca - DEBUG - 
2025-03-11 22:38:25,500 - isca - DEBUG - 
2025-03-11 22:38:25,500 - isca - WARNING - WARNING from PE    3: socrates_init: dt_rad does not fit into one day an integer number of times
2025-03-11 22:38:25,500 - isca - DEBUG - 
2025-03-11 22:38:25,500 - isca - DEBUG - 
2025-03-11 22:38:25,500 - isca - WARNING - WARNING from PE    5: socrates_init: dt_rad does not fit into one day an integer number of times
2025-03-11 22:38:25,500 - isca - DEBUG - 
2025-03-11 22:38:25,500 - isca - DEBUG - 
2025-03-11 22:38:25,500 - isca - WARNING - WARNING from PE    1: socrates_init: dt_rad does not fit into one day an integer number of times
2025-03-11 22:38:25,500 - isca - DEBUG - 
2025-03-11 22:38:25,500 - isca - DEBUG - 
2025-03-11 22:38:25,500 - isca - WARNING - WARNING from PE    6: socrates_init: dt_rad does not fit into one day an integer number of times
2025-03-11 22:38:25,500 - isca - DEBUG - 
2025-03-11 22:38:25,501 - isca - DEBUG - 
2025-03-11 22:38:25,501 - isca - WARNING - WARNING from PE    2: socrates_init: dt_rad does not fit into one day an integer number of times
2025-03-11 22:38:25,501 - isca - DEBUG - 
2025-03-11 22:38:25,505 - isca - DEBUG - 
2025-03-11 22:38:25,505 - isca - WARNING - WARNING from PE    0: socrates_init: dt_rad does not fit into one day an integer number of times
2025-03-11 22:38:25,505 - isca - DEBUG - 
2025-03-11 22:38:25,505 - isca - DEBUG - 
2025-03-11 22:38:25,505 - isca - WARNING - WARNING from PE    0: socrates_init: dt_rad does not fit into one day an integer number of times
2025-03-11 22:38:25,505 - isca - DEBUG - 
2025-03-11 22:38:25,505 - isca - DEBUG - 
2025-03-11 22:38:25,505 - isca - WARNING - WARNING from PE    0: socrates_init: lw_hires_spectral_filename is unset, making equal to lw_spectral_filename
2025-03-11 22:38:25,505 - isca - DEBUG - 
2025-03-11 22:38:25,505 - isca - DEBUG - 
2025-03-11 22:38:25,505 - isca - WARNING - WARNING from PE    0: socrates_init: lw_hires_spectral_filename is unset, making equal to lw_spectral_filename
2025-03-11 22:38:25,505 - isca - DEBUG - 
2025-03-11 22:38:25,505 - isca - DEBUG - 
2025-03-11 22:38:25,506 - isca - WARNING - WARNING from PE    0: socrates_init: sw_hires_spectral_filename is unset, making equal to sw_spectral_filename
2025-03-11 22:38:25,506 - isca - DEBUG - 
2025-03-11 22:38:25,506 - isca - DEBUG - 
2025-03-11 22:38:25,506 - isca - WARNING - WARNING from PE    0: socrates_init: sw_hires_spectral_filename is unset, making equal to sw_spectral_filename
2025-03-11 22:38:25,506 - isca - DEBUG - 
2025-03-11 22:38:25,506 - isca - DEBUG - 
2025-03-11 22:38:25,506 - isca - DEBUG - 
2025-03-11 22:38:25,506 - isca - WARNING - WARNING from PE    9: socrates_init: dt_rad does not fit into one day an integer number of times
2025-03-11 22:38:25,506 - isca - DEBUG - 
2025-03-11 22:38:25,506 - isca - WARNING - WARNING from PE   14: socrates_init: dt_rad does not fit into one day an integer number of times
2025-03-11 22:38:25,506 - isca - DEBUG - 
2025-03-11 22:38:25,506 - isca - DEBUG - 
2025-03-11 22:38:25,506 - isca - DEBUG - 
2025-03-11 22:38:25,506 - isca - WARNING - WARNING from PE   15: socrates_init: dt_rad does not fit into one day an integer number of times
2025-03-11 22:38:25,506 - isca - DEBUG - 
2025-03-11 22:38:25,506 - isca - WARNING - WARNING from PE   10: socrates_init: dt_rad does not fit into one day an integer number of times
2025-03-11 22:38:25,506 - isca - DEBUG - 
2025-03-11 22:38:25,507 - isca - DEBUG - 
2025-03-11 22:38:25,507 - isca - WARNING - WARNING from PE    7: socrates_init: dt_rad does not fit into one day an integer number of times
2025-03-11 22:38:25,507 - isca - DEBUG - 
2025-03-11 22:38:25,507 - isca - DEBUG - 
2025-03-11 22:38:25,507 - isca - WARNING - WARNING from PE    8: socrates_init: dt_rad does not fit into one day an integer number of times
2025-03-11 22:38:25,507 - isca - DEBUG - 
2025-03-11 22:38:25,507 - isca - DEBUG - 
2025-03-11 22:38:25,507 - isca - DEBUG - 
2025-03-11 22:38:25,507 - isca - WARNING - WARNING from PE   12: socrates_init: dt_rad does not fit into one day an integer number of times
2025-03-11 22:38:25,507 - isca - DEBUG - 
2025-03-11 22:38:25,507 - isca - WARNING - WARNING from PE   11: socrates_init: dt_rad does not fit into one day an integer number of times
2025-03-11 22:38:25,507 - isca - DEBUG - 
2025-03-11 22:38:25,507 - isca - DEBUG - 
2025-03-11 22:38:25,507 - isca - WARNING - WARNING from PE   13: socrates_init: dt_rad does not fit into one day an integer number of times
2025-03-11 22:38:25,507 - isca - DEBUG - 
2025-03-11 22:38:26,696 - isca - DEBUG - NOTE from PE    0: Interpolator: Using input file with no time dimension - ozone_1990_notime_zero.nc
2025-03-11 22:38:26,696 - isca - DEBUG - Initializing src field : ozone_1990
2025-03-11 22:38:26,698 - isca - DEBUG - 
2025-03-11 22:38:26,698 - isca - DEBUG - -----------------------------------
2025-03-11 22:38:26,698 - isca - DEBUG - ____                       _
2025-03-11 22:38:26,698 - isca - DEBUG - / ___|  ___   ___ _ __ __ _| |_ ___  ___
2025-03-11 22:38:26,698 - isca - DEBUG - \___ \ / _ \ / __|  __/ _` | __/ _ \/ __|
2025-03-11 22:38:26,698 - isca - DEBUG - ___) | (_) | (__| | | (_| | ||  __/\__ \
2025-03-11 22:38:26,698 - isca - DEBUG - |____/ \___/ \___|_|  \__,_|\__\___||___/
2025-03-11 22:38:26,698 - isca - DEBUG - 
2025-03-11 22:38:26,698 - isca - DEBUG - Initialised Socrates v17.03
2025-03-11 22:38:26,698 - isca - DEBUG - Stellar constant =    1400.00000000000
2025-03-11 22:38:26,698 - isca - DEBUG - Longwave spectral file =
2025-03-11 22:38:26,698 - isca - DEBUG - /proj/bolinc/users/x_ryabo/socrates_edited_for_isca/spectral_files_for_GCMs/Sun
2025-03-11 22:38:26,698 - isca - DEBUG - /miniSuran_lw.sf WITH           16  bands
2025-03-11 22:38:26,698 - isca - DEBUG - Longwave hires spectral file =
2025-03-11 22:38:26,698 - isca - DEBUG - /proj/bolinc/users/x_ryabo/socrates_edited_for_isca/spectral_files_for_GCMs/Sun
2025-03-11 22:38:26,698 - isca - DEBUG - /miniSuran_lw.sf WITH           16  bands
2025-03-11 22:38:26,698 - isca - DEBUG - Shortwave spectral file =
2025-03-11 22:38:26,699 - isca - DEBUG - /proj/bolinc/users/x_ryabo/socrates_edited_for_isca/spectral_files_for_GCMs/Sun
2025-03-11 22:38:26,699 - isca - DEBUG - /miniSuran_sw.sf WITH           16  bands
2025-03-11 22:38:26,699 - isca - DEBUG - Shortwave hires spectral file =
2025-03-11 22:38:26,699 - isca - DEBUG - /proj/bolinc/users/x_ryabo/socrates_edited_for_isca/spectral_files_for_GCMs/Sun
2025-03-11 22:38:26,699 - isca - DEBUG - /miniSuran_sw.sf WITH           16  bands
2025-03-11 22:38:26,699 - isca - DEBUG - 
2025-03-11 22:38:26,699 - isca - DEBUG - -----------------------------------
2025-03-11 22:38:26,699 - isca - DEBUG - 
2025-03-11 22:39:00,445 - isca - DEBUG - Integration completed through   391 days     0 seconds
2025-03-11 22:39:34,425 - isca - DEBUG - Integration completed through   392 days     0 seconds
2025-03-11 22:40:08,309 - isca - DEBUG - Integration completed through   393 days     0 seconds
2025-03-11 22:40:42,276 - isca - DEBUG - Integration completed through   394 days     0 seconds
2025-03-11 22:41:16,342 - isca - DEBUG - Integration completed through   395 days     0 seconds
2025-03-11 22:41:50,414 - isca - DEBUG - Integration completed through   396 days     0 seconds
2025-03-11 22:42:24,368 - isca - DEBUG - Integration completed through   397 days     0 seconds
2025-03-11 22:42:58,564 - isca - DEBUG - Integration completed through   398 days     0 seconds
2025-03-11 22:43:32,826 - isca - DEBUG - Integration completed through   399 days     0 seconds
2025-03-11 22:44:06,629 - isca - DEBUG - Integration completed through   400 days     0 seconds
2025-03-11 22:44:40,464 - isca - DEBUG - Integration completed through   401 days     0 seconds
2025-03-11 22:45:14,172 - isca - DEBUG - Integration completed through   402 days     0 seconds
2025-03-11 22:45:47,929 - isca - DEBUG - Integration completed through   403 days     0 seconds
2025-03-11 22:46:21,571 - isca - DEBUG - Integration completed through   404 days     0 seconds
2025-03-11 22:46:55,221 - isca - DEBUG - Integration completed through   405 days     0 seconds
2025-03-11 22:47:29,158 - isca - DEBUG - Integration completed through   406 days     0 seconds
2025-03-11 22:48:03,559 - isca - DEBUG - Integration completed through   407 days     0 seconds
2025-03-11 22:48:37,983 - isca - DEBUG - Integration completed through   408 days     0 seconds
2025-03-11 22:49:11,928 - isca - DEBUG - Integration completed through   409 days     0 seconds
2025-03-11 22:49:45,699 - isca - DEBUG - Integration completed through   410 days     0 seconds
2025-03-11 22:50:19,367 - isca - DEBUG - Integration completed through   411 days     0 seconds
2025-03-11 22:50:53,053 - isca - DEBUG - Integration completed through   412 days     0 seconds
2025-03-11 22:51:26,833 - isca - DEBUG - Integration completed through   413 days     0 seconds
2025-03-11 22:52:00,319 - isca - DEBUG - Integration completed through   414 days     0 seconds
2025-03-11 22:52:33,731 - isca - DEBUG - Integration completed through   415 days     0 seconds
2025-03-11 22:53:06,945 - isca - DEBUG - Integration completed through   416 days     0 seconds
2025-03-11 22:53:40,441 - isca - DEBUG - Integration completed through   417 days     0 seconds
2025-03-11 22:54:14,685 - isca - DEBUG - Integration completed through   418 days     0 seconds
2025-03-11 22:54:49,221 - isca - DEBUG - Integration completed through   419 days     0 seconds
2025-03-11 22:55:23,583 - isca - DEBUG - Integration completed through   420 days     0 seconds
2025-03-11 22:55:23,593 - isca - DEBUG - 
2025-03-11 22:55:23,593 - isca - WARNING - WARNING from PE    0: diag_util_mod::opening_file: module/field_name (socrates/soc_toa_sw_down_clr) NOT registered
2025-03-11 22:55:23,593 - isca - DEBUG - 
2025-03-11 22:55:23,593 - isca - DEBUG - 
2025-03-11 22:55:23,593 - isca - WARNING - WARNING from PE    0: diag_util_mod::opening_file: module/field_name (socrates/soc_toa_sw_down_clr) NOT registered
2025-03-11 22:55:23,593 - isca - DEBUG - 
2025-03-11 22:55:23,594 - isca - DEBUG - 
2025-03-11 22:55:23,594 - isca - WARNING - WARNING from PE    0: diag_util_mod::opening_file: module/field_name (cloud_simple/rh_min) NOT registered
2025-03-11 22:55:23,594 - isca - DEBUG - 
2025-03-11 22:55:23,594 - isca - DEBUG - 
2025-03-11 22:55:23,594 - isca - WARNING - WARNING from PE    0: diag_util_mod::opening_file: module/field_name (cloud_simple/rh_min) NOT registered
2025-03-11 22:55:23,594 - isca - DEBUG - 
2025-03-11 22:55:23,603 - isca - DEBUG - NOTE from PE    0: MPP_IO_SET_STACK_SIZE: stack size set to     327680.
2025-03-11 22:55:23,792 - isca - DEBUG - MPP_DOMAINS_STACK high water mark=       40960
2025-03-11 22:55:23,793 - isca - DEBUG - 
2025-03-11 22:55:23,793 - isca - DEBUG - Tabulating mpp_clock statistics across     16 PEs...
2025-03-11 22:55:23,793 - isca - DEBUG - 
2025-03-11 22:55:23,793 - isca - DEBUG - tmin          tmax          tavg          tstd  tfrac grain pemin pemax
2025-03-11 22:55:23,794 - isca - DEBUG - Total runtime                      1018.351969   1018.358699   1018.355241      0.001505  1.000     0     0    15
2025-03-11 22:55:23,794 - isca - DEBUG - MPP_STACK high water mark=           0
2025-03-11 22:55:23,933 - isca - INFO - Run 14 complete
2025-03-11 22:55:25,096 - isca - DEBUG - atmos_monthly.nc combined and copied to data directory
2025-03-11 22:55:27,989 - isca - INFO - Restart archive created at /proj/bolinc/users/x_ryabo/Isca-Ryan_outputs/planetb_presentdayEarth_rot0_Sun_noO3/restarts/res0014.tar.gz
2025-03-11 22:55:28,001 - isca - INFO - Writing namelist to '/proj/bolinc/users/x_ryabo/Isca-Ryan_outputs/planetb_presentdayEarth_rot0_Sun_noO3/run0014/input.nml'
2025-03-11 22:55:28,003 - isca - INFO - Writing field_table to '/proj/bolinc/users/x_ryabo/Isca-Ryan_outputs/planetb_presentdayEarth_rot0_Sun_noO3/run0014/field_table'
2025-03-11 22:55:28,013 - isca - INFO - Writing diag_table to '/proj/bolinc/users/x_ryabo/Isca-Ryan_outputs/planetb_presentdayEarth_rot0_Sun_noO3/run0014/diag_table'
2025-03-11 22:55:28,102 - isca - INFO - Emptied run directory '/home/x_ryabo/Isca-Ryan_tmp/experiment/planetb_presentdayEarth_rot0_Sun_noO3/run'
2025-03-11 22:55:28,119 - isca - INFO - Emptied run directory '/home/x_ryabo/Isca-Ryan_tmp/experiment/planetb_presentdayEarth_rot0_Sun_noO3/run'
2025-03-11 22:55:28,191 - isca - INFO - Writing namelist to '/home/x_ryabo/Isca-Ryan_tmp/experiment/planetb_presentdayEarth_rot0_Sun_noO3/run/input.nml'
2025-03-11 22:55:28,192 - isca - INFO - Writing field_table to '/home/x_ryabo/Isca-Ryan_tmp/experiment/planetb_presentdayEarth_rot0_Sun_noO3/run/field_table'
2025-03-11 22:55:28,201 - isca - INFO - Writing diag_table to '/home/x_ryabo/Isca-Ryan_tmp/experiment/planetb_presentdayEarth_rot0_Sun_noO3/run/diag_table'
2025-03-11 22:55:28,212 - isca - INFO - Using restart file '/proj/bolinc/users/x_ryabo/Isca-Ryan_outputs/planetb_presentdayEarth_rot0_Sun_noO3/restarts/res0014.tar.gz'
2025-03-11 22:55:28,586 - isca - INFO - Restart /proj/bolinc/users/x_ryabo/Isca-Ryan_outputs/planetb_presentdayEarth_rot0_Sun_noO3/restarts/res0014.tar.gz extracted to /home/x_ryabo/Isca-Ryan_tmp/experiment/planetb_presentdayEarth_rot0_Sun_noO3/run/INPUT
2025-03-11 22:55:28,587 - isca - INFO - Beginning run 15
2025-03-11 22:55:28,598 - isca - INFO - process running as 3890818
2025-03-11 22:55:28,598 - isca - DEBUG - loadmodules for Isca on NSC cluster Tetralith
2025-03-11 22:55:28,598 - isca - DEBUG - mpiifort
2025-03-11 22:55:28,701 - isca - DEBUG - The following modules were not unloaded:
2025-03-11 22:55:28,701 - isca - DEBUG - (Use "module --force purge" to unload all):
2025-03-11 22:55:28,701 - isca - DEBUG - 
2025-03-11 22:55:28,701 - isca - DEBUG - 1) hpc/.1.10.1
2025-03-11 22:55:28,801 - isca - DEBUG - ***************************************************
2025-03-11 22:55:28,801 - isca - DEBUG - You have loaded a buildenv module
2025-03-11 22:55:28,801 - isca - DEBUG - ***************************************************
2025-03-11 22:55:28,801 - isca - DEBUG - The buldenv-intel module makes available:
2025-03-11 22:55:28,801 - isca - DEBUG - - Compilers: icc, ifort, etc.
2025-03-11 22:55:28,801 - isca - DEBUG - - Mpi library with mpi-wrapped compilers: intel mpi with mpicc, mpifort, etc.
2025-03-11 22:55:28,801 - isca - DEBUG - - Numerical libraries: intel MKL
2025-03-11 22:55:28,801 - isca - DEBUG - 
2025-03-11 22:55:28,801 - isca - DEBUG - It also makes a set of dependency library modules available via
2025-03-11 22:55:28,801 - isca - DEBUG - the regular module command. Just do:
2025-03-11 22:55:28,801 - isca - DEBUG - module avail
2025-03-11 22:55:28,801 - isca - DEBUG - to see what is available.
2025-03-11 22:55:28,801 - isca - DEBUG - 
2025-03-11 22:55:28,801 - isca - DEBUG - NOTE: You shoud never load build environments inside submitted jobs.
2025-03-11 22:55:28,801 - isca - DEBUG - (with the single exception of when using supercomputer time to compile code.)
2025-03-11 22:55:28,801 - isca - DEBUG - 
2025-03-11 22:55:30,036 - isca - DEBUG - NOTE from PE    0: MPP_DOMAINS_SET_STACK_SIZE: stack size set to    32768.
2025-03-11 22:55:30,036 - isca - DEBUG - &MPP_IO_NML
2025-03-11 22:55:30,036 - isca - DEBUG - HEADER_BUFFER_VAL       =       16384,
2025-03-11 22:55:30,036 - isca - DEBUG - GLOBAL_FIELD_ON_ROOT_PE = T,
2025-03-11 22:55:30,036 - isca - DEBUG - IO_CLOCKS_ON    = F,
2025-03-11 22:55:30,036 - isca - DEBUG - SHUFFLE =           0,
2025-03-11 22:55:30,036 - isca - DEBUG - DEFLATE_LEVEL   =          -1
2025-03-11 22:55:30,036 - isca - DEBUG - /
2025-03-11 22:55:30,037 - isca - DEBUG - NOTE from PE    0: MPP_IO_SET_STACK_SIZE: stack size set to     131072.
2025-03-11 22:55:30,038 - isca - DEBUG - NOTE from PE    0: MPP_DOMAINS_SET_STACK_SIZE: stack size set to   600000.
2025-03-11 22:55:30,048 - isca - DEBUG - starting            1  OpenMP threads per MPI-task
2025-03-11 22:55:30,049 - isca - DEBUG - ATMOS MODEL DOMAIN DECOMPOSITION
2025-03-11 22:55:30,050 - isca - DEBUG - X-AXIS =  128
2025-03-11 22:55:30,050 - isca - DEBUG - Y-AXIS =    4   4   4   4   4   4   4   4   4   4   4   4   4   4   4   4
2025-03-11 22:55:30,094 - isca - DEBUG - NOTE from PE    0: cloud_simple: Using SimCloud cloud scheme
2025-03-11 22:55:30,094 - isca - DEBUG - 
2025-03-11 22:55:30,094 - isca - WARNING - WARNING from PE    1: socrates_init: dt_rad does not fit into one day an integer number of times
2025-03-11 22:55:30,094 - isca - DEBUG - 
2025-03-11 22:55:30,094 - isca - DEBUG - 
2025-03-11 22:55:30,094 - isca - WARNING - WARNING from PE    3: socrates_init: dt_rad does not fit into one day an integer number of times
2025-03-11 22:55:30,094 - isca - DEBUG - 
2025-03-11 22:55:30,094 - isca - DEBUG - 
2025-03-11 22:55:30,094 - isca - WARNING - WARNING from PE    5: socrates_init: dt_rad does not fit into one day an integer number of times
2025-03-11 22:55:30,094 - isca - DEBUG - 
2025-03-11 22:55:30,094 - isca - DEBUG - 
2025-03-11 22:55:30,094 - isca - DEBUG - 
2025-03-11 22:55:30,094 - isca - WARNING - WARNING from PE    6: socrates_init: dt_rad does not fit into one day an integer number of times
2025-03-11 22:55:30,094 - isca - DEBUG - 
2025-03-11 22:55:30,094 - isca - WARNING - WARNING from PE    4: socrates_init: dt_rad does not fit into one day an integer number of times
2025-03-11 22:55:30,094 - isca - DEBUG - 
2025-03-11 22:55:30,094 - isca - DEBUG - 
2025-03-11 22:55:30,094 - isca - WARNING - WARNING from PE    2: socrates_init: dt_rad does not fit into one day an integer number of times
2025-03-11 22:55:30,095 - isca - DEBUG - 
2025-03-11 22:55:30,095 - isca - DEBUG - NOTE from PE    0: ls_cloud: Using linear cloud fraction diagnostic formula.
2025-03-11 22:55:30,095 - isca - DEBUG - NOTE from PE    0: cloud_cover: The cloud overlap assumption is MAXIMUM-RANDOM
2025-03-11 22:55:30,095 - isca - DEBUG - NOTE from PE    0: idealized_moist_phys: Using Frierson Quasi-Equilibrium convection scheme.
2025-03-11 22:55:30,102 - isca - DEBUG - 
2025-03-11 22:55:30,102 - isca - WARNING - WARNING from PE   13: socrates_init: dt_rad does not fit into one day an integer number of times
2025-03-11 22:55:30,102 - isca - DEBUG - 
2025-03-11 22:55:30,102 - isca - DEBUG - 
2025-03-11 22:55:30,102 - isca - DEBUG - 
2025-03-11 22:55:30,102 - isca - WARNING - WARNING from PE    7: socrates_init: dt_rad does not fit into one day an integer number of times
2025-03-11 22:55:30,102 - isca - DEBUG - 
2025-03-11 22:55:30,102 - isca - WARNING - WARNING from PE   14: socrates_init: dt_rad does not fit into one day an integer number of times
2025-03-11 22:55:30,102 - isca - DEBUG - 
2025-03-11 22:55:30,102 - isca - WARNING - WARNING from PE   10: socrates_init: dt_rad does not fit into one day an integer number of times
2025-03-11 22:55:30,102 - isca - DEBUG - 
2025-03-11 22:55:30,102 - isca - DEBUG - 
2025-03-11 22:55:30,102 - isca - DEBUG - 
2025-03-11 22:55:30,102 - isca - WARNING - WARNING from PE    9: socrates_init: dt_rad does not fit into one day an integer number of times
2025-03-11 22:55:30,102 - isca - DEBUG - 
2025-03-11 22:55:30,102 - isca - DEBUG - 
2025-03-11 22:55:30,102 - isca - WARNING - WARNING from PE   12: socrates_init: dt_rad does not fit into one day an integer number of times
2025-03-11 22:55:30,102 - isca - DEBUG - 
2025-03-11 22:55:30,102 - isca - DEBUG - 
2025-03-11 22:55:30,102 - isca - WARNING - WARNING from PE   11: socrates_init: dt_rad does not fit into one day an integer number of times
2025-03-11 22:55:30,102 - isca - DEBUG - 
2025-03-11 22:55:30,102 - isca - DEBUG - 
2025-03-11 22:55:30,102 - isca - WARNING - WARNING from PE    8: socrates_init: dt_rad does not fit into one day an integer number of times
2025-03-11 22:55:30,103 - isca - DEBUG - 
2025-03-11 22:55:30,103 - isca - DEBUG - 
2025-03-11 22:55:30,103 - isca - WARNING - WARNING from PE   15: socrates_init: dt_rad does not fit into one day an integer number of times
2025-03-11 22:55:30,103 - isca - DEBUG - 
2025-03-11 22:55:30,104 - isca - DEBUG - 
2025-03-11 22:55:30,104 - isca - WARNING - WARNING from PE    0: socrates_init: dt_rad does not fit into one day an integer number of times
2025-03-11 22:55:30,104 - isca - DEBUG - 
2025-03-11 22:55:30,104 - isca - DEBUG - 
2025-03-11 22:55:30,104 - isca - WARNING - WARNING from PE    0: socrates_init: dt_rad does not fit into one day an integer number of times
2025-03-11 22:55:30,104 - isca - DEBUG - 
2025-03-11 22:55:30,104 - isca - DEBUG - 
2025-03-11 22:55:30,104 - isca - WARNING - WARNING from PE    0: socrates_init: lw_hires_spectral_filename is unset, making equal to lw_spectral_filename
2025-03-11 22:55:30,104 - isca - DEBUG - 
2025-03-11 22:55:30,104 - isca - DEBUG - 
2025-03-11 22:55:30,104 - isca - WARNING - WARNING from PE    0: socrates_init: lw_hires_spectral_filename is unset, making equal to lw_spectral_filename
2025-03-11 22:55:30,104 - isca - DEBUG - 
2025-03-11 22:55:30,104 - isca - DEBUG - 
2025-03-11 22:55:30,104 - isca - WARNING - WARNING from PE    0: socrates_init: sw_hires_spectral_filename is unset, making equal to sw_spectral_filename
2025-03-11 22:55:30,104 - isca - DEBUG - 
2025-03-11 22:55:30,104 - isca - DEBUG - 
2025-03-11 22:55:30,104 - isca - WARNING - WARNING from PE    0: socrates_init: sw_hires_spectral_filename is unset, making equal to sw_spectral_filename
2025-03-11 22:55:30,104 - isca - DEBUG - 
2025-03-11 22:55:31,287 - isca - DEBUG - NOTE from PE    0: Interpolator: Using input file with no time dimension - ozone_1990_notime_zero.nc
2025-03-11 22:55:31,287 - isca - DEBUG - Initializing src field : ozone_1990
2025-03-11 22:55:31,288 - isca - DEBUG - 
2025-03-11 22:55:31,289 - isca - DEBUG - -----------------------------------
2025-03-11 22:55:31,289 - isca - DEBUG - ____                       _
2025-03-11 22:55:31,289 - isca - DEBUG - / ___|  ___   ___ _ __ __ _| |_ ___  ___
2025-03-11 22:55:31,289 - isca - DEBUG - \___ \ / _ \ / __|  __/ _` | __/ _ \/ __|
2025-03-11 22:55:31,289 - isca - DEBUG - ___) | (_) | (__| | | (_| | ||  __/\__ \
2025-03-11 22:55:31,289 - isca - DEBUG - |____/ \___/ \___|_|  \__,_|\__\___||___/
2025-03-11 22:55:31,289 - isca - DEBUG - 
2025-03-11 22:55:31,289 - isca - DEBUG - Initialised Socrates v17.03
2025-03-11 22:55:31,289 - isca - DEBUG - Stellar constant =    1400.00000000000
2025-03-11 22:55:31,289 - isca - DEBUG - Longwave spectral file =
2025-03-11 22:55:31,289 - isca - DEBUG - /proj/bolinc/users/x_ryabo/socrates_edited_for_isca/spectral_files_for_GCMs/Sun
2025-03-11 22:55:31,289 - isca - DEBUG - /miniSuran_lw.sf WITH           16  bands
2025-03-11 22:55:31,289 - isca - DEBUG - Longwave hires spectral file =
2025-03-11 22:55:31,289 - isca - DEBUG - /proj/bolinc/users/x_ryabo/socrates_edited_for_isca/spectral_files_for_GCMs/Sun
2025-03-11 22:55:31,289 - isca - DEBUG - /miniSuran_lw.sf WITH           16  bands
2025-03-11 22:55:31,289 - isca - DEBUG - Shortwave spectral file =
2025-03-11 22:55:31,289 - isca - DEBUG - /proj/bolinc/users/x_ryabo/socrates_edited_for_isca/spectral_files_for_GCMs/Sun
2025-03-11 22:55:31,289 - isca - DEBUG - /miniSuran_sw.sf WITH           16  bands
2025-03-11 22:55:31,289 - isca - DEBUG - Shortwave hires spectral file =
2025-03-11 22:55:31,289 - isca - DEBUG - /proj/bolinc/users/x_ryabo/socrates_edited_for_isca/spectral_files_for_GCMs/Sun
2025-03-11 22:55:31,289 - isca - DEBUG - /miniSuran_sw.sf WITH           16  bands
2025-03-11 22:55:31,289 - isca - DEBUG - 
2025-03-11 22:55:31,289 - isca - DEBUG - -----------------------------------
2025-03-11 22:55:31,289 - isca - DEBUG - 
2025-03-11 22:56:05,524 - isca - DEBUG - Integration completed through   421 days     0 seconds
2025-03-11 22:56:39,778 - isca - DEBUG - Integration completed through   422 days     0 seconds
2025-03-11 22:57:13,712 - isca - DEBUG - Integration completed through   423 days     0 seconds
2025-03-11 22:57:47,161 - isca - DEBUG - Integration completed through   424 days     0 seconds
2025-03-11 22:58:20,401 - isca - DEBUG - Integration completed through   425 days     0 seconds
2025-03-11 22:58:53,706 - isca - DEBUG - Integration completed through   426 days     0 seconds
2025-03-11 22:59:26,346 - isca - DEBUG - Integration completed through   427 days     0 seconds
2025-03-11 22:59:57,715 - isca - DEBUG - Integration completed through   428 days     0 seconds
2025-03-11 23:00:29,178 - isca - DEBUG - Integration completed through   429 days     0 seconds
2025-03-11 23:01:00,641 - isca - DEBUG - Integration completed through   430 days     0 seconds
2025-03-11 23:01:32,419 - isca - DEBUG - Integration completed through   431 days     0 seconds
2025-03-11 23:02:04,269 - isca - DEBUG - Integration completed through   432 days     0 seconds
2025-03-11 23:02:36,414 - isca - DEBUG - Integration completed through   433 days     0 seconds
2025-03-11 23:03:08,139 - isca - DEBUG - Integration completed through   434 days     0 seconds
2025-03-11 23:03:39,576 - isca - DEBUG - Integration completed through   435 days     0 seconds
2025-03-11 23:04:10,894 - isca - DEBUG - Integration completed through   436 days     0 seconds
2025-03-11 23:04:42,311 - isca - DEBUG - Integration completed through   437 days     0 seconds
2025-03-11 23:05:13,427 - isca - DEBUG - Integration completed through   438 days     0 seconds
2025-03-11 23:05:44,513 - isca - DEBUG - Integration completed through   439 days     0 seconds
2025-03-11 23:06:15,694 - isca - DEBUG - Integration completed through   440 days     0 seconds
2025-03-11 23:06:47,041 - isca - DEBUG - Integration completed through   441 days     0 seconds
2025-03-11 23:07:18,200 - isca - DEBUG - Integration completed through   442 days     0 seconds
2025-03-11 23:07:49,373 - isca - DEBUG - Integration completed through   443 days     0 seconds
2025-03-11 23:08:20,394 - isca - DEBUG - Integration completed through   444 days     0 seconds
2025-03-11 23:08:51,630 - isca - DEBUG - Integration completed through   445 days     0 seconds
2025-03-11 23:09:23,083 - isca - DEBUG - Integration completed through   446 days     0 seconds
2025-03-11 23:09:54,626 - isca - DEBUG - Integration completed through   447 days     0 seconds
2025-03-11 23:10:26,129 - isca - DEBUG - Integration completed through   448 days     0 seconds
2025-03-11 23:10:57,684 - isca - DEBUG - Integration completed through   449 days     0 seconds
2025-03-11 23:11:29,292 - isca - DEBUG - Integration completed through   450 days     0 seconds
2025-03-11 23:11:29,301 - isca - DEBUG - 
2025-03-11 23:11:29,301 - isca - WARNING - WARNING from PE    0: diag_util_mod::opening_file: module/field_name (socrates/soc_toa_sw_down_clr) NOT registered
2025-03-11 23:11:29,302 - isca - DEBUG - 
2025-03-11 23:11:29,302 - isca - DEBUG - 
2025-03-11 23:11:29,302 - isca - WARNING - WARNING from PE    0: diag_util_mod::opening_file: module/field_name (cloud_simple/rh_min) NOT registered
2025-03-11 23:11:29,302 - isca - DEBUG - 
2025-03-11 23:11:29,302 - isca - DEBUG - 
2025-03-11 23:11:29,302 - isca - WARNING - WARNING from PE    0: diag_util_mod::opening_file: module/field_name (socrates/soc_toa_sw_down_clr) NOT registered
2025-03-11 23:11:29,302 - isca - DEBUG - 
2025-03-11 23:11:29,302 - isca - DEBUG - 
2025-03-11 23:11:29,302 - isca - WARNING - WARNING from PE    0: diag_util_mod::opening_file: module/field_name (cloud_simple/rh_min) NOT registered
2025-03-11 23:11:29,302 - isca - DEBUG - 
2025-03-11 23:11:29,310 - isca - DEBUG - NOTE from PE    0: MPP_IO_SET_STACK_SIZE: stack size set to     327680.
2025-03-11 23:11:29,399 - isca - DEBUG - MPP_DOMAINS_STACK high water mark=       40960
2025-03-11 23:11:29,400 - isca - DEBUG - 
2025-03-11 23:11:29,400 - isca - DEBUG - Tabulating mpp_clock statistics across     16 PEs...
2025-03-11 23:11:29,400 - isca - DEBUG - 
2025-03-11 23:11:29,400 - isca - DEBUG - tmin          tmax          tavg          tstd  tfrac grain pemin pemax
2025-03-11 23:11:29,401 - isca - DEBUG - Total runtime                       959.361592    959.367595    959.365068      0.001629  1.000     0     0    15
2025-03-11 23:11:29,401 - isca - DEBUG - MPP_STACK high water mark=           0
2025-03-11 23:11:29,546 - isca - INFO - Run 15 complete
2025-03-11 23:11:30,367 - isca - DEBUG - atmos_monthly.nc combined and copied to data directory
2025-03-11 23:11:33,090 - isca - INFO - Restart archive created at /proj/bolinc/users/x_ryabo/Isca-Ryan_outputs/planetb_presentdayEarth_rot0_Sun_noO3/restarts/res0015.tar.gz
2025-03-11 23:11:33,103 - isca - INFO - Writing namelist to '/proj/bolinc/users/x_ryabo/Isca-Ryan_outputs/planetb_presentdayEarth_rot0_Sun_noO3/run0015/input.nml'
2025-03-11 23:11:33,104 - isca - INFO - Writing field_table to '/proj/bolinc/users/x_ryabo/Isca-Ryan_outputs/planetb_presentdayEarth_rot0_Sun_noO3/run0015/field_table'
2025-03-11 23:11:33,114 - isca - INFO - Writing diag_table to '/proj/bolinc/users/x_ryabo/Isca-Ryan_outputs/planetb_presentdayEarth_rot0_Sun_noO3/run0015/diag_table'
2025-03-11 23:11:33,211 - isca - INFO - Emptied run directory '/home/x_ryabo/Isca-Ryan_tmp/experiment/planetb_presentdayEarth_rot0_Sun_noO3/run'
2025-03-11 23:11:33,227 - isca - INFO - Emptied run directory '/home/x_ryabo/Isca-Ryan_tmp/experiment/planetb_presentdayEarth_rot0_Sun_noO3/run'
2025-03-11 23:11:33,295 - isca - INFO - Writing namelist to '/home/x_ryabo/Isca-Ryan_tmp/experiment/planetb_presentdayEarth_rot0_Sun_noO3/run/input.nml'
2025-03-11 23:11:33,297 - isca - INFO - Writing field_table to '/home/x_ryabo/Isca-Ryan_tmp/experiment/planetb_presentdayEarth_rot0_Sun_noO3/run/field_table'
2025-03-11 23:11:33,305 - isca - INFO - Writing diag_table to '/home/x_ryabo/Isca-Ryan_tmp/experiment/planetb_presentdayEarth_rot0_Sun_noO3/run/diag_table'
2025-03-11 23:11:33,316 - isca - INFO - Using restart file '/proj/bolinc/users/x_ryabo/Isca-Ryan_outputs/planetb_presentdayEarth_rot0_Sun_noO3/restarts/res0015.tar.gz'
2025-03-11 23:11:33,673 - isca - INFO - Restart /proj/bolinc/users/x_ryabo/Isca-Ryan_outputs/planetb_presentdayEarth_rot0_Sun_noO3/restarts/res0015.tar.gz extracted to /home/x_ryabo/Isca-Ryan_tmp/experiment/planetb_presentdayEarth_rot0_Sun_noO3/run/INPUT
2025-03-11 23:11:33,673 - isca - INFO - Beginning run 16
2025-03-11 23:11:33,684 - isca - INFO - process running as 3892816
2025-03-11 23:11:33,685 - isca - DEBUG - loadmodules for Isca on NSC cluster Tetralith
2025-03-11 23:11:33,685 - isca - DEBUG - mpiifort
2025-03-11 23:11:33,784 - isca - DEBUG - The following modules were not unloaded:
2025-03-11 23:11:33,784 - isca - DEBUG - (Use "module --force purge" to unload all):
2025-03-11 23:11:33,785 - isca - DEBUG - 
2025-03-11 23:11:33,785 - isca - DEBUG - 1) hpc/.1.10.1
2025-03-11 23:11:33,880 - isca - DEBUG - ***************************************************
2025-03-11 23:11:33,880 - isca - DEBUG - You have loaded a buildenv module
2025-03-11 23:11:33,880 - isca - DEBUG - ***************************************************
2025-03-11 23:11:33,880 - isca - DEBUG - The buldenv-intel module makes available:
2025-03-11 23:11:33,880 - isca - DEBUG - - Compilers: icc, ifort, etc.
2025-03-11 23:11:33,880 - isca - DEBUG - - Mpi library with mpi-wrapped compilers: intel mpi with mpicc, mpifort, etc.
2025-03-11 23:11:33,880 - isca - DEBUG - - Numerical libraries: intel MKL
2025-03-11 23:11:33,880 - isca - DEBUG - 
2025-03-11 23:11:33,880 - isca - DEBUG - It also makes a set of dependency library modules available via
2025-03-11 23:11:33,880 - isca - DEBUG - the regular module command. Just do:
2025-03-11 23:11:33,880 - isca - DEBUG - module avail
2025-03-11 23:11:33,880 - isca - DEBUG - to see what is available.
2025-03-11 23:11:33,880 - isca - DEBUG - 
2025-03-11 23:11:33,880 - isca - DEBUG - NOTE: You shoud never load build environments inside submitted jobs.
2025-03-11 23:11:33,880 - isca - DEBUG - (with the single exception of when using supercomputer time to compile code.)
2025-03-11 23:11:33,880 - isca - DEBUG - 
2025-03-11 23:11:35,301 - isca - DEBUG - NOTE from PE    0: MPP_DOMAINS_SET_STACK_SIZE: stack size set to    32768.
2025-03-11 23:11:35,302 - isca - DEBUG - &MPP_IO_NML
2025-03-11 23:11:35,302 - isca - DEBUG - HEADER_BUFFER_VAL       =       16384,
2025-03-11 23:11:35,302 - isca - DEBUG - GLOBAL_FIELD_ON_ROOT_PE = T,
2025-03-11 23:11:35,302 - isca - DEBUG - IO_CLOCKS_ON    = F,
2025-03-11 23:11:35,302 - isca - DEBUG - SHUFFLE =           0,
2025-03-11 23:11:35,302 - isca - DEBUG - DEFLATE_LEVEL   =          -1
2025-03-11 23:11:35,302 - isca - DEBUG - /
2025-03-11 23:11:35,303 - isca - DEBUG - NOTE from PE    0: MPP_IO_SET_STACK_SIZE: stack size set to     131072.
2025-03-11 23:11:35,304 - isca - DEBUG - NOTE from PE    0: MPP_DOMAINS_SET_STACK_SIZE: stack size set to   600000.
2025-03-11 23:11:35,311 - isca - DEBUG - starting            1  OpenMP threads per MPI-task
2025-03-11 23:11:35,313 - isca - DEBUG - ATMOS MODEL DOMAIN DECOMPOSITION
2025-03-11 23:11:35,313 - isca - DEBUG - X-AXIS =  128
2025-03-11 23:11:35,313 - isca - DEBUG - Y-AXIS =    4   4   4   4   4   4   4   4   4   4   4   4   4   4   4   4
2025-03-11 23:11:35,356 - isca - DEBUG - NOTE from PE    0: cloud_simple: Using SimCloud cloud scheme
2025-03-11 23:11:35,356 - isca - DEBUG - NOTE from PE    0: ls_cloud: Using linear cloud fraction diagnostic formula.
2025-03-11 23:11:35,357 - isca - DEBUG - NOTE from PE    0: cloud_cover: The cloud overlap assumption is MAXIMUM-RANDOM
2025-03-11 23:11:35,357 - isca - DEBUG - NOTE from PE    0: idealized_moist_phys: Using Frierson Quasi-Equilibrium convection scheme.
2025-03-11 23:11:35,361 - isca - DEBUG - 
2025-03-11 23:11:35,361 - isca - DEBUG - 
2025-03-11 23:11:35,361 - isca - WARNING - WARNING from PE    3: socrates_init: dt_rad does not fit into one day an integer number of times
2025-03-11 23:11:35,361 - isca - DEBUG - 
2025-03-11 23:11:35,361 - isca - DEBUG - 
2025-03-11 23:11:35,361 - isca - WARNING - WARNING from PE    6: socrates_init: dt_rad does not fit into one day an integer number of times
2025-03-11 23:11:35,361 - isca - DEBUG - 
2025-03-11 23:11:35,361 - isca - WARNING - WARNING from PE    1: socrates_init: dt_rad does not fit into one day an integer number of times
2025-03-11 23:11:35,361 - isca - DEBUG - 
2025-03-11 23:11:35,361 - isca - WARNING - WARNING from PE    5: socrates_init: dt_rad does not fit into one day an integer number of times
2025-03-11 23:11:35,361 - isca - DEBUG - 
2025-03-11 23:11:35,361 - isca - DEBUG - 
2025-03-11 23:11:35,361 - isca - DEBUG - 
2025-03-11 23:11:35,361 - isca - WARNING - WARNING from PE    2: socrates_init: dt_rad does not fit into one day an integer number of times
2025-03-11 23:11:35,361 - isca - DEBUG - 
2025-03-11 23:11:35,365 - isca - DEBUG - 
2025-03-11 23:11:35,365 - isca - WARNING - WARNING from PE    0: socrates_init: dt_rad does not fit into one day an integer number of times
2025-03-11 23:11:35,365 - isca - DEBUG - 
2025-03-11 23:11:35,365 - isca - DEBUG - 
2025-03-11 23:11:35,366 - isca - WARNING - WARNING from PE    0: socrates_init: dt_rad does not fit into one day an integer number of times
2025-03-11 23:11:35,366 - isca - DEBUG - 
2025-03-11 23:11:35,366 - isca - DEBUG - 
2025-03-11 23:11:35,366 - isca - WARNING - WARNING from PE    0: socrates_init: lw_hires_spectral_filename is unset, making equal to lw_spectral_filename
2025-03-11 23:11:35,366 - isca - DEBUG - 
2025-03-11 23:11:35,366 - isca - DEBUG - 
2025-03-11 23:11:35,366 - isca - WARNING - WARNING from PE    0: socrates_init: lw_hires_spectral_filename is unset, making equal to lw_spectral_filename
2025-03-11 23:11:35,366 - isca - DEBUG - 
2025-03-11 23:11:35,366 - isca - DEBUG - 
2025-03-11 23:11:35,366 - isca - WARNING - WARNING from PE    0: socrates_init: sw_hires_spectral_filename is unset, making equal to sw_spectral_filename
2025-03-11 23:11:35,366 - isca - DEBUG - 
2025-03-11 23:11:35,366 - isca - DEBUG - 
2025-03-11 23:11:35,366 - isca - WARNING - WARNING from PE    0: socrates_init: sw_hires_spectral_filename is unset, making equal to sw_spectral_filename
2025-03-11 23:11:35,366 - isca - DEBUG - 
2025-03-11 23:11:35,368 - isca - DEBUG - 
2025-03-11 23:11:35,368 - isca - WARNING - WARNING from PE   14: socrates_init: dt_rad does not fit into one day an integer number of times
2025-03-11 23:11:35,368 - isca - DEBUG - 
2025-03-11 23:11:35,369 - isca - DEBUG - 
2025-03-11 23:11:35,369 - isca - WARNING - WARNING from PE    8: socrates_init: dt_rad does not fit into one day an integer number of times
2025-03-11 23:11:35,369 - isca - DEBUG - 
2025-03-11 23:11:35,369 - isca - DEBUG - 
2025-03-11 23:11:35,369 - isca - DEBUG - 
2025-03-11 23:11:35,369 - isca - WARNING - WARNING from PE    7: socrates_init: dt_rad does not fit into one day an integer number of times
2025-03-11 23:11:35,369 - isca - DEBUG - 
2025-03-11 23:11:35,369 - isca - WARNING - WARNING from PE   13: socrates_init: dt_rad does not fit into one day an integer number of times
2025-03-11 23:11:35,369 - isca - DEBUG - 
2025-03-11 23:11:35,369 - isca - WARNING - WARNING from PE    9: socrates_init: dt_rad does not fit into one day an integer number of times
2025-03-11 23:11:35,369 - isca - DEBUG - 
2025-03-11 23:11:35,369 - isca - DEBUG - 
2025-03-11 23:11:35,369 - isca - WARNING - WARNING from PE   11: socrates_init: dt_rad does not fit into one day an integer number of times
2025-03-11 23:11:35,369 - isca - DEBUG - 
2025-03-11 23:11:35,369 - isca - DEBUG - 
2025-03-11 23:11:35,369 - isca - WARNING - WARNING from PE   15: socrates_init: dt_rad does not fit into one day an integer number of times
2025-03-11 23:11:35,369 - isca - DEBUG - 
2025-03-11 23:11:35,369 - isca - DEBUG - 
2025-03-11 23:11:35,369 - isca - DEBUG - 
2025-03-11 23:11:35,369 - isca - DEBUG - 
2025-03-11 23:11:35,370 - isca - WARNING - WARNING from PE   10: socrates_init: dt_rad does not fit into one day an integer number of times
2025-03-11 23:11:35,370 - isca - DEBUG - 
2025-03-11 23:11:35,370 - isca - WARNING - WARNING from PE   12: socrates_init: dt_rad does not fit into one day an integer number of times
2025-03-11 23:11:35,370 - isca - DEBUG - 
2025-03-11 23:11:35,372 - isca - DEBUG - 
2025-03-11 23:11:35,372 - isca - WARNING - WARNING from PE    4: socrates_init: dt_rad does not fit into one day an integer number of times
2025-03-11 23:11:35,372 - isca - DEBUG - 
2025-03-11 23:11:36,453 - isca - DEBUG - NOTE from PE    0: Interpolator: Using input file with no time dimension - ozone_1990_notime_zero.nc
2025-03-11 23:11:36,453 - isca - DEBUG - Initializing src field : ozone_1990
2025-03-11 23:11:36,455 - isca - DEBUG - 
2025-03-11 23:11:36,455 - isca - DEBUG - -----------------------------------
2025-03-11 23:11:36,455 - isca - DEBUG - ____                       _
2025-03-11 23:11:36,455 - isca - DEBUG - / ___|  ___   ___ _ __ __ _| |_ ___  ___
2025-03-11 23:11:36,455 - isca - DEBUG - \___ \ / _ \ / __|  __/ _` | __/ _ \/ __|
2025-03-11 23:11:36,455 - isca - DEBUG - ___) | (_) | (__| | | (_| | ||  __/\__ \
2025-03-11 23:11:36,455 - isca - DEBUG - |____/ \___/ \___|_|  \__,_|\__\___||___/
2025-03-11 23:11:36,455 - isca - DEBUG - 
2025-03-11 23:11:36,455 - isca - DEBUG - Initialised Socrates v17.03
2025-03-11 23:11:36,455 - isca - DEBUG - Stellar constant =    1400.00000000000
2025-03-11 23:11:36,455 - isca - DEBUG - Longwave spectral file =
2025-03-11 23:11:36,455 - isca - DEBUG - /proj/bolinc/users/x_ryabo/socrates_edited_for_isca/spectral_files_for_GCMs/Sun
2025-03-11 23:11:36,455 - isca - DEBUG - /miniSuran_lw.sf WITH           16  bands
2025-03-11 23:11:36,455 - isca - DEBUG - Longwave hires spectral file =
2025-03-11 23:11:36,456 - isca - DEBUG - /proj/bolinc/users/x_ryabo/socrates_edited_for_isca/spectral_files_for_GCMs/Sun
2025-03-11 23:11:36,456 - isca - DEBUG - /miniSuran_lw.sf WITH           16  bands
2025-03-11 23:11:36,456 - isca - DEBUG - Shortwave spectral file =
2025-03-11 23:11:36,456 - isca - DEBUG - /proj/bolinc/users/x_ryabo/socrates_edited_for_isca/spectral_files_for_GCMs/Sun
2025-03-11 23:11:36,456 - isca - DEBUG - /miniSuran_sw.sf WITH           16  bands
2025-03-11 23:11:36,456 - isca - DEBUG - Shortwave hires spectral file =
2025-03-11 23:11:36,456 - isca - DEBUG - /proj/bolinc/users/x_ryabo/socrates_edited_for_isca/spectral_files_for_GCMs/Sun
2025-03-11 23:11:36,456 - isca - DEBUG - /miniSuran_sw.sf WITH           16  bands
2025-03-11 23:11:36,456 - isca - DEBUG - 
2025-03-11 23:11:36,456 - isca - DEBUG - -----------------------------------
2025-03-11 23:11:36,456 - isca - DEBUG - 
2025-03-11 23:12:08,155 - isca - DEBUG - Integration completed through   451 days     0 seconds
2025-03-11 23:12:39,901 - isca - DEBUG - Integration completed through   452 days     0 seconds
2025-03-11 23:13:11,541 - isca - DEBUG - Integration completed through   453 days     0 seconds
2025-03-11 23:13:42,985 - isca - DEBUG - Integration completed through   454 days     0 seconds
2025-03-11 23:14:14,383 - isca - DEBUG - Integration completed through   455 days     0 seconds
2025-03-11 23:14:45,765 - isca - DEBUG - Integration completed through   456 days     0 seconds
2025-03-11 23:15:17,042 - isca - DEBUG - Integration completed through   457 days     0 seconds
2025-03-11 23:15:48,369 - isca - DEBUG - Integration completed through   458 days     0 seconds
2025-03-11 23:16:19,570 - isca - DEBUG - Integration completed through   459 days     0 seconds
2025-03-11 23:16:50,854 - isca - DEBUG - Integration completed through   460 days     0 seconds
2025-03-11 23:17:22,217 - isca - DEBUG - Integration completed through   461 days     0 seconds
2025-03-11 23:17:53,817 - isca - DEBUG - Integration completed through   462 days     0 seconds
2025-03-11 23:18:25,577 - isca - DEBUG - Integration completed through   463 days     0 seconds
2025-03-11 23:18:57,231 - isca - DEBUG - Integration completed through   464 days     0 seconds
2025-03-11 23:19:28,649 - isca - DEBUG - Integration completed through   465 days     0 seconds
2025-03-11 23:19:59,990 - isca - DEBUG - Integration completed through   466 days     0 seconds
2025-03-11 23:20:31,159 - isca - DEBUG - Integration completed through   467 days     0 seconds
2025-03-11 23:21:02,507 - isca - DEBUG - Integration completed through   468 days     0 seconds
2025-03-11 23:21:33,899 - isca - DEBUG - Integration completed through   469 days     0 seconds
2025-03-11 23:22:05,445 - isca - DEBUG - Integration completed through   470 days     0 seconds
2025-03-11 23:22:36,957 - isca - DEBUG - Integration completed through   471 days     0 seconds
2025-03-11 23:23:08,234 - isca - DEBUG - Integration completed through   472 days     0 seconds
2025-03-11 23:23:39,548 - isca - DEBUG - Integration completed through   473 days     0 seconds
2025-03-11 23:24:11,065 - isca - DEBUG - Integration completed through   474 days     0 seconds
2025-03-11 23:24:42,911 - isca - DEBUG - Integration completed through   475 days     0 seconds
2025-03-11 23:25:14,731 - isca - DEBUG - Integration completed through   476 days     0 seconds
2025-03-11 23:25:46,315 - isca - DEBUG - Integration completed through   477 days     0 seconds
2025-03-11 23:26:17,695 - isca - DEBUG - Integration completed through   478 days     0 seconds
2025-03-11 23:26:49,061 - isca - DEBUG - Integration completed through   479 days     0 seconds
2025-03-11 23:27:20,098 - isca - DEBUG - Integration completed through   480 days     0 seconds
2025-03-11 23:27:20,105 - isca - DEBUG - 
2025-03-11 23:27:20,105 - isca - WARNING - WARNING from PE    0: diag_util_mod::opening_file: module/field_name (socrates/soc_toa_sw_down_clr) NOT registered
2025-03-11 23:27:20,105 - isca - DEBUG - 
2025-03-11 23:27:20,105 - isca - DEBUG - 
2025-03-11 23:27:20,106 - isca - WARNING - WARNING from PE    0: diag_util_mod::opening_file: module/field_name (cloud_simple/rh_min) NOT registered
2025-03-11 23:27:20,106 - isca - DEBUG - 
2025-03-11 23:27:20,106 - isca - DEBUG - 
2025-03-11 23:27:20,106 - isca - WARNING - WARNING from PE    0: diag_util_mod::opening_file: module/field_name (socrates/soc_toa_sw_down_clr) NOT registered
2025-03-11 23:27:20,106 - isca - DEBUG - 
2025-03-11 23:27:20,106 - isca - DEBUG - 
2025-03-11 23:27:20,106 - isca - WARNING - WARNING from PE    0: diag_util_mod::opening_file: module/field_name (cloud_simple/rh_min) NOT registered
2025-03-11 23:27:20,106 - isca - DEBUG - 
2025-03-11 23:27:20,114 - isca - DEBUG - NOTE from PE    0: MPP_IO_SET_STACK_SIZE: stack size set to     327680.
2025-03-11 23:27:20,232 - isca - DEBUG - MPP_DOMAINS_STACK high water mark=       40960
2025-03-11 23:27:20,232 - isca - DEBUG - 
2025-03-11 23:27:20,232 - isca - DEBUG - Tabulating mpp_clock statistics across     16 PEs...
2025-03-11 23:27:20,232 - isca - DEBUG - 
2025-03-11 23:27:20,232 - isca - DEBUG - tmin          tmax          tavg          tstd  tfrac grain pemin pemax
2025-03-11 23:27:20,233 - isca - DEBUG - Total runtime                       944.929488    944.933616    944.931404      0.001362  1.000     0     0    15
2025-03-11 23:27:20,233 - isca - DEBUG - MPP_STACK high water mark=           0
2025-03-11 23:27:20,389 - isca - INFO - Run 16 complete
2025-03-11 23:27:21,366 - isca - DEBUG - atmos_monthly.nc combined and copied to data directory
2025-03-11 23:27:24,076 - isca - INFO - Restart archive created at /proj/bolinc/users/x_ryabo/Isca-Ryan_outputs/planetb_presentdayEarth_rot0_Sun_noO3/restarts/res0016.tar.gz
2025-03-11 23:27:24,087 - isca - INFO - Writing namelist to '/proj/bolinc/users/x_ryabo/Isca-Ryan_outputs/planetb_presentdayEarth_rot0_Sun_noO3/run0016/input.nml'
2025-03-11 23:27:24,089 - isca - INFO - Writing field_table to '/proj/bolinc/users/x_ryabo/Isca-Ryan_outputs/planetb_presentdayEarth_rot0_Sun_noO3/run0016/field_table'
2025-03-11 23:27:24,098 - isca - INFO - Writing diag_table to '/proj/bolinc/users/x_ryabo/Isca-Ryan_outputs/planetb_presentdayEarth_rot0_Sun_noO3/run0016/diag_table'
2025-03-11 23:27:24,230 - isca - INFO - Emptied run directory '/home/x_ryabo/Isca-Ryan_tmp/experiment/planetb_presentdayEarth_rot0_Sun_noO3/run'
2025-03-11 23:27:24,247 - isca - INFO - Emptied run directory '/home/x_ryabo/Isca-Ryan_tmp/experiment/planetb_presentdayEarth_rot0_Sun_noO3/run'
2025-03-11 23:27:24,313 - isca - INFO - Writing namelist to '/home/x_ryabo/Isca-Ryan_tmp/experiment/planetb_presentdayEarth_rot0_Sun_noO3/run/input.nml'
2025-03-11 23:27:24,315 - isca - INFO - Writing field_table to '/home/x_ryabo/Isca-Ryan_tmp/experiment/planetb_presentdayEarth_rot0_Sun_noO3/run/field_table'
2025-03-11 23:27:24,323 - isca - INFO - Writing diag_table to '/home/x_ryabo/Isca-Ryan_tmp/experiment/planetb_presentdayEarth_rot0_Sun_noO3/run/diag_table'
2025-03-11 23:27:24,334 - isca - INFO - Using restart file '/proj/bolinc/users/x_ryabo/Isca-Ryan_outputs/planetb_presentdayEarth_rot0_Sun_noO3/restarts/res0016.tar.gz'
2025-03-11 23:27:24,689 - isca - INFO - Restart /proj/bolinc/users/x_ryabo/Isca-Ryan_outputs/planetb_presentdayEarth_rot0_Sun_noO3/restarts/res0016.tar.gz extracted to /home/x_ryabo/Isca-Ryan_tmp/experiment/planetb_presentdayEarth_rot0_Sun_noO3/run/INPUT
2025-03-11 23:27:24,690 - isca - INFO - Beginning run 17
2025-03-11 23:27:24,702 - isca - INFO - process running as 3893612
2025-03-11 23:27:24,702 - isca - DEBUG - loadmodules for Isca on NSC cluster Tetralith
2025-03-11 23:27:24,703 - isca - DEBUG - mpiifort
2025-03-11 23:27:24,802 - isca - DEBUG - The following modules were not unloaded:
2025-03-11 23:27:24,802 - isca - DEBUG - (Use "module --force purge" to unload all):
2025-03-11 23:27:24,802 - isca - DEBUG - 
2025-03-11 23:27:24,802 - isca - DEBUG - 1) hpc/.1.10.1
2025-03-11 23:27:24,899 - isca - DEBUG - ***************************************************
2025-03-11 23:27:24,899 - isca - DEBUG - You have loaded a buildenv module
2025-03-11 23:27:24,899 - isca - DEBUG - ***************************************************
2025-03-11 23:27:24,899 - isca - DEBUG - The buldenv-intel module makes available:
2025-03-11 23:27:24,899 - isca - DEBUG - - Compilers: icc, ifort, etc.
2025-03-11 23:27:24,899 - isca - DEBUG - - Mpi library with mpi-wrapped compilers: intel mpi with mpicc, mpifort, etc.
2025-03-11 23:27:24,899 - isca - DEBUG - - Numerical libraries: intel MKL
2025-03-11 23:27:24,899 - isca - DEBUG - 
2025-03-11 23:27:24,899 - isca - DEBUG - It also makes a set of dependency library modules available via
2025-03-11 23:27:24,899 - isca - DEBUG - the regular module command. Just do:
2025-03-11 23:27:24,899 - isca - DEBUG - module avail
2025-03-11 23:27:24,899 - isca - DEBUG - to see what is available.
2025-03-11 23:27:24,899 - isca - DEBUG - 
2025-03-11 23:27:24,899 - isca - DEBUG - NOTE: You shoud never load build environments inside submitted jobs.
2025-03-11 23:27:24,899 - isca - DEBUG - (with the single exception of when using supercomputer time to compile code.)
2025-03-11 23:27:24,899 - isca - DEBUG - 
2025-03-11 23:27:26,097 - isca - DEBUG - NOTE from PE    0: MPP_DOMAINS_SET_STACK_SIZE: stack size set to    32768.
2025-03-11 23:27:26,098 - isca - DEBUG - &MPP_IO_NML
2025-03-11 23:27:26,098 - isca - DEBUG - HEADER_BUFFER_VAL       =       16384,
2025-03-11 23:27:26,098 - isca - DEBUG - GLOBAL_FIELD_ON_ROOT_PE = T,
2025-03-11 23:27:26,098 - isca - DEBUG - IO_CLOCKS_ON    = F,
2025-03-11 23:27:26,098 - isca - DEBUG - SHUFFLE =           0,
2025-03-11 23:27:26,098 - isca - DEBUG - DEFLATE_LEVEL   =          -1
2025-03-11 23:27:26,098 - isca - DEBUG - /
2025-03-11 23:27:26,099 - isca - DEBUG - NOTE from PE    0: MPP_IO_SET_STACK_SIZE: stack size set to     131072.
2025-03-11 23:27:26,100 - isca - DEBUG - NOTE from PE    0: MPP_DOMAINS_SET_STACK_SIZE: stack size set to   600000.
2025-03-11 23:27:26,107 - isca - DEBUG - starting            1  OpenMP threads per MPI-task
2025-03-11 23:27:26,109 - isca - DEBUG - ATMOS MODEL DOMAIN DECOMPOSITION
2025-03-11 23:27:26,109 - isca - DEBUG - X-AXIS =  128
2025-03-11 23:27:26,109 - isca - DEBUG - Y-AXIS =    4   4   4   4   4   4   4   4   4   4   4   4   4   4   4   4
2025-03-11 23:27:26,149 - isca - DEBUG - NOTE from PE    0: cloud_simple: Using SimCloud cloud scheme
2025-03-11 23:27:26,150 - isca - DEBUG - NOTE from PE    0: ls_cloud: Using linear cloud fraction diagnostic formula.
2025-03-11 23:27:26,150 - isca - DEBUG - NOTE from PE    0: cloud_cover: The cloud overlap assumption is MAXIMUM-RANDOM
2025-03-11 23:27:26,150 - isca - DEBUG - NOTE from PE    0: idealized_moist_phys: Using Frierson Quasi-Equilibrium convection scheme.
2025-03-11 23:27:26,152 - isca - DEBUG - 
2025-03-11 23:27:26,152 - isca - WARNING - WARNING from PE    1: socrates_init: dt_rad does not fit into one day an integer number of times
2025-03-11 23:27:26,153 - isca - DEBUG - 
2025-03-11 23:27:26,153 - isca - DEBUG - 
2025-03-11 23:27:26,153 - isca - WARNING - WARNING from PE    6: socrates_init: dt_rad does not fit into one day an integer number of times
2025-03-11 23:27:26,153 - isca - DEBUG - 
2025-03-11 23:27:26,153 - isca - DEBUG - 
2025-03-11 23:27:26,153 - isca - WARNING - WARNING from PE    5: socrates_init: dt_rad does not fit into one day an integer number of times
2025-03-11 23:27:26,153 - isca - DEBUG - 
2025-03-11 23:27:26,153 - isca - DEBUG - 
2025-03-11 23:27:26,153 - isca - WARNING - WARNING from PE    2: socrates_init: dt_rad does not fit into one day an integer number of times
2025-03-11 23:27:26,153 - isca - DEBUG - 
2025-03-11 23:27:26,154 - isca - DEBUG - 
2025-03-11 23:27:26,154 - isca - WARNING - WARNING from PE    3: socrates_init: dt_rad does not fit into one day an integer number of times
2025-03-11 23:27:26,154 - isca - DEBUG - 
2025-03-11 23:27:26,154 - isca - DEBUG - 
2025-03-11 23:27:26,154 - isca - WARNING - WARNING from PE    4: socrates_init: dt_rad does not fit into one day an integer number of times
2025-03-11 23:27:26,154 - isca - DEBUG - 
2025-03-11 23:27:26,157 - isca - DEBUG - 
2025-03-11 23:27:26,157 - isca - WARNING - WARNING from PE   14: socrates_init: dt_rad does not fit into one day an integer number of times
2025-03-11 23:27:26,158 - isca - DEBUG - 
2025-03-11 23:27:26,158 - isca - DEBUG - 
2025-03-11 23:27:26,158 - isca - DEBUG - 
2025-03-11 23:27:26,158 - isca - WARNING - WARNING from PE   10: socrates_init: dt_rad does not fit into one day an integer number of times
2025-03-11 23:27:26,158 - isca - DEBUG - 
2025-03-11 23:27:26,158 - isca - DEBUG - 
2025-03-11 23:27:26,158 - isca - WARNING - WARNING from PE    8: socrates_init: dt_rad does not fit into one day an integer number of times
2025-03-11 23:27:26,158 - isca - DEBUG - 
2025-03-11 23:27:26,158 - isca - WARNING - WARNING from PE    9: socrates_init: dt_rad does not fit into one day an integer number of times
2025-03-11 23:27:26,158 - isca - DEBUG - 
2025-03-11 23:27:26,158 - isca - DEBUG - 
2025-03-11 23:27:26,158 - isca - DEBUG - 
2025-03-11 23:27:26,158 - isca - WARNING - WARNING from PE   13: socrates_init: dt_rad does not fit into one day an integer number of times
2025-03-11 23:27:26,158 - isca - DEBUG - 
2025-03-11 23:27:26,158 - isca - WARNING - WARNING from PE   12: socrates_init: dt_rad does not fit into one day an integer number of times
2025-03-11 23:27:26,158 - isca - DEBUG - 
2025-03-11 23:27:26,158 - isca - DEBUG - 
2025-03-11 23:27:26,158 - isca - WARNING - WARNING from PE   15: socrates_init: dt_rad does not fit into one day an integer number of times
2025-03-11 23:27:26,158 - isca - DEBUG - 
2025-03-11 23:27:26,159 - isca - DEBUG - 
2025-03-11 23:27:26,159 - isca - DEBUG - 
2025-03-11 23:27:26,159 - isca - WARNING - WARNING from PE   11: socrates_init: dt_rad does not fit into one day an integer number of times
2025-03-11 23:27:26,159 - isca - DEBUG - 
2025-03-11 23:27:26,159 - isca - WARNING - WARNING from PE    0: socrates_init: dt_rad does not fit into one day an integer number of times
2025-03-11 23:27:26,159 - isca - DEBUG - 
2025-03-11 23:27:26,159 - isca - DEBUG - 
2025-03-11 23:27:26,159 - isca - WARNING - WARNING from PE    0: socrates_init: dt_rad does not fit into one day an integer number of times
2025-03-11 23:27:26,159 - isca - DEBUG - 
2025-03-11 23:27:26,159 - isca - DEBUG - 
2025-03-11 23:27:26,159 - isca - WARNING - WARNING from PE    7: socrates_init: dt_rad does not fit into one day an integer number of times
2025-03-11 23:27:26,159 - isca - DEBUG - 
2025-03-11 23:27:26,159 - isca - DEBUG - 
2025-03-11 23:27:26,159 - isca - WARNING - WARNING from PE    0: socrates_init: lw_hires_spectral_filename is unset, making equal to lw_spectral_filename
2025-03-11 23:27:26,159 - isca - DEBUG - 
2025-03-11 23:27:26,159 - isca - DEBUG - 
2025-03-11 23:27:26,159 - isca - WARNING - WARNING from PE    0: socrates_init: lw_hires_spectral_filename is unset, making equal to lw_spectral_filename
2025-03-11 23:27:26,159 - isca - DEBUG - 
2025-03-11 23:27:26,159 - isca - DEBUG - 
2025-03-11 23:27:26,159 - isca - WARNING - WARNING from PE    0: socrates_init: sw_hires_spectral_filename is unset, making equal to sw_spectral_filename
2025-03-11 23:27:26,159 - isca - DEBUG - 
2025-03-11 23:27:26,159 - isca - DEBUG - 
2025-03-11 23:27:26,159 - isca - WARNING - WARNING from PE    0: socrates_init: sw_hires_spectral_filename is unset, making equal to sw_spectral_filename
2025-03-11 23:27:26,159 - isca - DEBUG - 
2025-03-11 23:27:27,238 - isca - DEBUG - NOTE from PE    0: Interpolator: Using input file with no time dimension - ozone_1990_notime_zero.nc
2025-03-11 23:27:27,238 - isca - DEBUG - Initializing src field : ozone_1990
2025-03-11 23:27:27,240 - isca - DEBUG - 
2025-03-11 23:27:27,240 - isca - DEBUG - -----------------------------------
2025-03-11 23:27:27,240 - isca - DEBUG - ____                       _
2025-03-11 23:27:27,240 - isca - DEBUG - / ___|  ___   ___ _ __ __ _| |_ ___  ___
2025-03-11 23:27:27,240 - isca - DEBUG - \___ \ / _ \ / __|  __/ _` | __/ _ \/ __|
2025-03-11 23:27:27,240 - isca - DEBUG - ___) | (_) | (__| | | (_| | ||  __/\__ \
2025-03-11 23:27:27,240 - isca - DEBUG - |____/ \___/ \___|_|  \__,_|\__\___||___/
2025-03-11 23:27:27,240 - isca - DEBUG - 
2025-03-11 23:27:27,240 - isca - DEBUG - Initialised Socrates v17.03
2025-03-11 23:27:27,240 - isca - DEBUG - Stellar constant =    1400.00000000000
2025-03-11 23:27:27,240 - isca - DEBUG - Longwave spectral file =
2025-03-11 23:27:27,240 - isca - DEBUG - /proj/bolinc/users/x_ryabo/socrates_edited_for_isca/spectral_files_for_GCMs/Sun
2025-03-11 23:27:27,240 - isca - DEBUG - /miniSuran_lw.sf WITH           16  bands
2025-03-11 23:27:27,240 - isca - DEBUG - Longwave hires spectral file =
2025-03-11 23:27:27,240 - isca - DEBUG - /proj/bolinc/users/x_ryabo/socrates_edited_for_isca/spectral_files_for_GCMs/Sun
2025-03-11 23:27:27,240 - isca - DEBUG - /miniSuran_lw.sf WITH           16  bands
2025-03-11 23:27:27,240 - isca - DEBUG - Shortwave spectral file =
2025-03-11 23:27:27,240 - isca - DEBUG - /proj/bolinc/users/x_ryabo/socrates_edited_for_isca/spectral_files_for_GCMs/Sun
2025-03-11 23:27:27,241 - isca - DEBUG - /miniSuran_sw.sf WITH           16  bands
2025-03-11 23:27:27,241 - isca - DEBUG - Shortwave hires spectral file =
2025-03-11 23:27:27,241 - isca - DEBUG - /proj/bolinc/users/x_ryabo/socrates_edited_for_isca/spectral_files_for_GCMs/Sun
2025-03-11 23:27:27,241 - isca - DEBUG - /miniSuran_sw.sf WITH           16  bands
2025-03-11 23:27:27,241 - isca - DEBUG - 
2025-03-11 23:27:27,241 - isca - DEBUG - -----------------------------------
2025-03-11 23:27:27,241 - isca - DEBUG - 
2025-03-11 23:27:58,336 - isca - DEBUG - Integration completed through   481 days     0 seconds
2025-03-11 23:28:29,417 - isca - DEBUG - Integration completed through   482 days     0 seconds
2025-03-11 23:29:00,353 - isca - DEBUG - Integration completed through   483 days     0 seconds
2025-03-11 23:29:31,256 - isca - DEBUG - Integration completed through   484 days     0 seconds
2025-03-11 23:30:02,215 - isca - DEBUG - Integration completed through   485 days     0 seconds
2025-03-11 23:30:33,407 - isca - DEBUG - Integration completed through   486 days     0 seconds
2025-03-11 23:31:04,551 - isca - DEBUG - Integration completed through   487 days     0 seconds
2025-03-11 23:31:35,749 - isca - DEBUG - Integration completed through   488 days     0 seconds
2025-03-11 23:32:07,478 - isca - DEBUG - Integration completed through   489 days     0 seconds
2025-03-11 23:32:39,225 - isca - DEBUG - Integration completed through   490 days     0 seconds
2025-03-11 23:33:10,719 - isca - DEBUG - Integration completed through   491 days     0 seconds
2025-03-11 23:33:42,147 - isca - DEBUG - Integration completed through   492 days     0 seconds
2025-03-11 23:34:13,563 - isca - DEBUG - Integration completed through   493 days     0 seconds
2025-03-11 23:34:44,982 - isca - DEBUG - Integration completed through   494 days     0 seconds
2025-03-11 23:35:16,333 - isca - DEBUG - Integration completed through   495 days     0 seconds
2025-03-11 23:35:47,933 - isca - DEBUG - Integration completed through   496 days     0 seconds
2025-03-11 23:36:19,418 - isca - DEBUG - Integration completed through   497 days     0 seconds
2025-03-11 23:36:50,790 - isca - DEBUG - Integration completed through   498 days     0 seconds
2025-03-11 23:37:22,044 - isca - DEBUG - Integration completed through   499 days     0 seconds
2025-03-11 23:37:53,403 - isca - DEBUG - Integration completed through   500 days     0 seconds
2025-03-11 23:38:25,328 - isca - DEBUG - Integration completed through   501 days     0 seconds
2025-03-11 23:38:57,594 - isca - DEBUG - Integration completed through   502 days     0 seconds
2025-03-11 23:39:29,572 - isca - DEBUG - Integration completed through   503 days     0 seconds
2025-03-11 23:40:01,113 - isca - DEBUG - Integration completed through   504 days     0 seconds
2025-03-11 23:40:32,460 - isca - DEBUG - Integration completed through   505 days     0 seconds
2025-03-11 23:41:03,906 - isca - DEBUG - Integration completed through   506 days     0 seconds
2025-03-11 23:41:35,206 - isca - DEBUG - Integration completed through   507 days     0 seconds
2025-03-11 23:42:06,501 - isca - DEBUG - Integration completed through   508 days     0 seconds
2025-03-11 23:42:37,948 - isca - DEBUG - Integration completed through   509 days     0 seconds
2025-03-11 23:43:09,346 - isca - DEBUG - Integration completed through   510 days     0 seconds
2025-03-11 23:43:09,354 - isca - DEBUG - 
2025-03-11 23:43:09,354 - isca - WARNING - WARNING from PE    0: diag_util_mod::opening_file: module/field_name (socrates/soc_toa_sw_down_clr) NOT registered
2025-03-11 23:43:09,354 - isca - DEBUG - 
2025-03-11 23:43:09,354 - isca - DEBUG - 
2025-03-11 23:43:09,354 - isca - WARNING - WARNING from PE    0: diag_util_mod::opening_file: module/field_name (cloud_simple/rh_min) NOT registered
2025-03-11 23:43:09,354 - isca - DEBUG - 
2025-03-11 23:43:09,354 - isca - DEBUG - 
2025-03-11 23:43:09,354 - isca - WARNING - WARNING from PE    0: diag_util_mod::opening_file: module/field_name (socrates/soc_toa_sw_down_clr) NOT registered
2025-03-11 23:43:09,354 - isca - DEBUG - 
2025-03-11 23:43:09,354 - isca - DEBUG - 
2025-03-11 23:43:09,354 - isca - WARNING - WARNING from PE    0: diag_util_mod::opening_file: module/field_name (cloud_simple/rh_min) NOT registered
2025-03-11 23:43:09,354 - isca - DEBUG - 
2025-03-11 23:43:09,363 - isca - DEBUG - NOTE from PE    0: MPP_IO_SET_STACK_SIZE: stack size set to     327680.
2025-03-11 23:43:09,473 - isca - DEBUG - MPP_DOMAINS_STACK high water mark=       40960
2025-03-11 23:43:09,473 - isca - DEBUG - 
2025-03-11 23:43:09,473 - isca - DEBUG - Tabulating mpp_clock statistics across     16 PEs...
2025-03-11 23:43:09,473 - isca - DEBUG - 
2025-03-11 23:43:09,473 - isca - DEBUG - tmin          tmax          tavg          tstd  tfrac grain pemin pemax
2025-03-11 23:43:09,474 - isca - DEBUG - Total runtime                       943.372512    943.379278    943.375533      0.001529  1.000     0     0    15
2025-03-11 23:43:09,474 - isca - DEBUG - MPP_STACK high water mark=           0
2025-03-11 23:43:09,672 - isca - INFO - Run 17 complete
2025-03-11 23:43:10,627 - isca - DEBUG - atmos_monthly.nc combined and copied to data directory
2025-03-11 23:43:13,378 - isca - INFO - Restart archive created at /proj/bolinc/users/x_ryabo/Isca-Ryan_outputs/planetb_presentdayEarth_rot0_Sun_noO3/restarts/res0017.tar.gz
2025-03-11 23:43:13,390 - isca - INFO - Writing namelist to '/proj/bolinc/users/x_ryabo/Isca-Ryan_outputs/planetb_presentdayEarth_rot0_Sun_noO3/run0017/input.nml'
2025-03-11 23:43:13,391 - isca - INFO - Writing field_table to '/proj/bolinc/users/x_ryabo/Isca-Ryan_outputs/planetb_presentdayEarth_rot0_Sun_noO3/run0017/field_table'
2025-03-11 23:43:13,401 - isca - INFO - Writing diag_table to '/proj/bolinc/users/x_ryabo/Isca-Ryan_outputs/planetb_presentdayEarth_rot0_Sun_noO3/run0017/diag_table'
2025-03-11 23:43:13,486 - isca - INFO - Emptied run directory '/home/x_ryabo/Isca-Ryan_tmp/experiment/planetb_presentdayEarth_rot0_Sun_noO3/run'
2025-03-11 23:43:13,502 - isca - INFO - Emptied run directory '/home/x_ryabo/Isca-Ryan_tmp/experiment/planetb_presentdayEarth_rot0_Sun_noO3/run'
2025-03-11 23:43:13,568 - isca - INFO - Writing namelist to '/home/x_ryabo/Isca-Ryan_tmp/experiment/planetb_presentdayEarth_rot0_Sun_noO3/run/input.nml'
2025-03-11 23:43:13,569 - isca - INFO - Writing field_table to '/home/x_ryabo/Isca-Ryan_tmp/experiment/planetb_presentdayEarth_rot0_Sun_noO3/run/field_table'
2025-03-11 23:43:13,577 - isca - INFO - Writing diag_table to '/home/x_ryabo/Isca-Ryan_tmp/experiment/planetb_presentdayEarth_rot0_Sun_noO3/run/diag_table'
2025-03-11 23:43:13,587 - isca - INFO - Using restart file '/proj/bolinc/users/x_ryabo/Isca-Ryan_outputs/planetb_presentdayEarth_rot0_Sun_noO3/restarts/res0017.tar.gz'
2025-03-11 23:43:13,942 - isca - INFO - Restart /proj/bolinc/users/x_ryabo/Isca-Ryan_outputs/planetb_presentdayEarth_rot0_Sun_noO3/restarts/res0017.tar.gz extracted to /home/x_ryabo/Isca-Ryan_tmp/experiment/planetb_presentdayEarth_rot0_Sun_noO3/run/INPUT
2025-03-11 23:43:13,942 - isca - INFO - Beginning run 18
2025-03-11 23:43:13,954 - isca - INFO - process running as 3894404
2025-03-11 23:43:13,954 - isca - DEBUG - loadmodules for Isca on NSC cluster Tetralith
2025-03-11 23:43:13,954 - isca - DEBUG - mpiifort
2025-03-11 23:43:14,052 - isca - DEBUG - The following modules were not unloaded:
2025-03-11 23:43:14,053 - isca - DEBUG - (Use "module --force purge" to unload all):
2025-03-11 23:43:14,053 - isca - DEBUG - 
2025-03-11 23:43:14,053 - isca - DEBUG - 1) hpc/.1.10.1
2025-03-11 23:43:14,147 - isca - DEBUG - ***************************************************
2025-03-11 23:43:14,148 - isca - DEBUG - You have loaded a buildenv module
2025-03-11 23:43:14,148 - isca - DEBUG - ***************************************************
2025-03-11 23:43:14,148 - isca - DEBUG - The buldenv-intel module makes available:
2025-03-11 23:43:14,148 - isca - DEBUG - - Compilers: icc, ifort, etc.
2025-03-11 23:43:14,148 - isca - DEBUG - - Mpi library with mpi-wrapped compilers: intel mpi with mpicc, mpifort, etc.
2025-03-11 23:43:14,148 - isca - DEBUG - - Numerical libraries: intel MKL
2025-03-11 23:43:14,148 - isca - DEBUG - 
2025-03-11 23:43:14,148 - isca - DEBUG - It also makes a set of dependency library modules available via
2025-03-11 23:43:14,148 - isca - DEBUG - the regular module command. Just do:
2025-03-11 23:43:14,148 - isca - DEBUG - module avail
2025-03-11 23:43:14,148 - isca - DEBUG - to see what is available.
2025-03-11 23:43:14,148 - isca - DEBUG - 
2025-03-11 23:43:14,148 - isca - DEBUG - NOTE: You shoud never load build environments inside submitted jobs.
2025-03-11 23:43:14,148 - isca - DEBUG - (with the single exception of when using supercomputer time to compile code.)
2025-03-11 23:43:14,148 - isca - DEBUG - 
2025-03-11 23:43:20,408 - isca - DEBUG - NOTE from PE    0: MPP_DOMAINS_SET_STACK_SIZE: stack size set to    32768.
2025-03-11 23:43:20,408 - isca - DEBUG - &MPP_IO_NML
2025-03-11 23:43:20,408 - isca - DEBUG - HEADER_BUFFER_VAL       =       16384,
2025-03-11 23:43:20,408 - isca - DEBUG - GLOBAL_FIELD_ON_ROOT_PE = T,
2025-03-11 23:43:20,408 - isca - DEBUG - IO_CLOCKS_ON    = F,
2025-03-11 23:43:20,408 - isca - DEBUG - SHUFFLE =           0,
2025-03-11 23:43:20,408 - isca - DEBUG - DEFLATE_LEVEL   =          -1
2025-03-11 23:43:20,408 - isca - DEBUG - /
2025-03-11 23:43:20,410 - isca - DEBUG - NOTE from PE    0: MPP_IO_SET_STACK_SIZE: stack size set to     131072.
2025-03-11 23:43:20,410 - isca - DEBUG - NOTE from PE    0: MPP_DOMAINS_SET_STACK_SIZE: stack size set to   600000.
2025-03-11 23:43:20,417 - isca - DEBUG - starting            1  OpenMP threads per MPI-task
2025-03-11 23:43:20,419 - isca - DEBUG - ATMOS MODEL DOMAIN DECOMPOSITION
2025-03-11 23:43:20,419 - isca - DEBUG - X-AXIS =  128
2025-03-11 23:43:20,419 - isca - DEBUG - Y-AXIS =    4   4   4   4   4   4   4   4   4   4   4   4   4   4   4   4
2025-03-11 23:43:20,469 - isca - DEBUG - 
2025-03-11 23:43:20,469 - isca - DEBUG - 
2025-03-11 23:43:20,469 - isca - WARNING - WARNING from PE    3: socrates_init: dt_rad does not fit into one day an integer number of times
2025-03-11 23:43:20,469 - isca - DEBUG - 
2025-03-11 23:43:20,469 - isca - WARNING - WARNING from PE    2: socrates_init: dt_rad does not fit into one day an integer number of times
2025-03-11 23:43:20,469 - isca - DEBUG - 
2025-03-11 23:43:20,469 - isca - DEBUG - 
2025-03-11 23:43:20,469 - isca - WARNING - WARNING from PE    5: socrates_init: dt_rad does not fit into one day an integer number of times
2025-03-11 23:43:20,470 - isca - DEBUG - 
2025-03-11 23:43:20,474 - isca - DEBUG - 
2025-03-11 23:43:20,474 - isca - WARNING - WARNING from PE    6: socrates_init: dt_rad does not fit into one day an integer number of times
2025-03-11 23:43:20,474 - isca - DEBUG - 
2025-03-11 23:43:20,475 - isca - DEBUG - NOTE from PE    0: cloud_simple: Using SimCloud cloud scheme
2025-03-11 23:43:20,477 - isca - DEBUG - NOTE from PE    0: ls_cloud: Using linear cloud fraction diagnostic formula.
2025-03-11 23:43:20,477 - isca - DEBUG - NOTE from PE    0: cloud_cover: The cloud overlap assumption is MAXIMUM-RANDOM
2025-03-11 23:43:20,478 - isca - DEBUG - NOTE from PE    0: idealized_moist_phys: Using Frierson Quasi-Equilibrium convection scheme.
2025-03-11 23:43:20,478 - isca - DEBUG - 
2025-03-11 23:43:20,478 - isca - WARNING - WARNING from PE   11: socrates_init: dt_rad does not fit into one day an integer number of times
2025-03-11 23:43:20,478 - isca - DEBUG - 
2025-03-11 23:43:20,478 - isca - DEBUG - 
2025-03-11 23:43:20,478 - isca - WARNING - WARNING from PE   12: socrates_init: dt_rad does not fit into one day an integer number of times
2025-03-11 23:43:20,478 - isca - DEBUG - 
2025-03-11 23:43:20,480 - isca - DEBUG - 
2025-03-11 23:43:20,480 - isca - WARNING - WARNING from PE    1: socrates_init: dt_rad does not fit into one day an integer number of times
2025-03-11 23:43:20,480 - isca - DEBUG - 
2025-03-11 23:43:20,480 - isca - DEBUG - 
2025-03-11 23:43:20,480 - isca - DEBUG - 
2025-03-11 23:43:20,480 - isca - WARNING - WARNING from PE   14: socrates_init: dt_rad does not fit into one day an integer number of times
2025-03-11 23:43:20,480 - isca - DEBUG - 
2025-03-11 23:43:20,480 - isca - DEBUG - 
2025-03-11 23:43:20,480 - isca - WARNING - WARNING from PE   15: socrates_init: dt_rad does not fit into one day an integer number of times
2025-03-11 23:43:20,481 - isca - DEBUG - 
2025-03-11 23:43:20,481 - isca - DEBUG - 
2025-03-11 23:43:20,481 - isca - WARNING - WARNING from PE    9: socrates_init: dt_rad does not fit into one day an integer number of times
2025-03-11 23:43:20,481 - isca - DEBUG - 
2025-03-11 23:43:20,481 - isca - WARNING - WARNING from PE   13: socrates_init: dt_rad does not fit into one day an integer number of times
2025-03-11 23:43:20,481 - isca - DEBUG - 
2025-03-11 23:43:20,481 - isca - DEBUG - 
2025-03-11 23:43:20,481 - isca - DEBUG - 
2025-03-11 23:43:20,481 - isca - WARNING - WARNING from PE    7: socrates_init: dt_rad does not fit into one day an integer number of times
2025-03-11 23:43:20,481 - isca - DEBUG - 
2025-03-11 23:43:20,481 - isca - DEBUG - 
2025-03-11 23:43:20,481 - isca - WARNING - WARNING from PE   10: socrates_init: dt_rad does not fit into one day an integer number of times
2025-03-11 23:43:20,481 - isca - DEBUG - 
2025-03-11 23:43:20,481 - isca - WARNING - WARNING from PE    4: socrates_init: dt_rad does not fit into one day an integer number of times
2025-03-11 23:43:20,481 - isca - DEBUG - 
2025-03-11 23:43:20,481 - isca - WARNING - WARNING from PE    8: socrates_init: dt_rad does not fit into one day an integer number of times
2025-03-11 23:43:20,481 - isca - DEBUG - 
2025-03-11 23:43:20,481 - isca - DEBUG - 
2025-03-11 23:43:20,488 - isca - DEBUG - 
2025-03-11 23:43:20,488 - isca - WARNING - WARNING from PE    0: socrates_init: dt_rad does not fit into one day an integer number of times
2025-03-11 23:43:20,488 - isca - DEBUG - 
2025-03-11 23:43:20,488 - isca - DEBUG - 
2025-03-11 23:43:20,488 - isca - WARNING - WARNING from PE    0: socrates_init: dt_rad does not fit into one day an integer number of times
2025-03-11 23:43:20,488 - isca - DEBUG - 
2025-03-11 23:43:20,488 - isca - DEBUG - 
2025-03-11 23:43:20,488 - isca - WARNING - WARNING from PE    0: socrates_init: lw_hires_spectral_filename is unset, making equal to lw_spectral_filename
2025-03-11 23:43:20,488 - isca - DEBUG - 
2025-03-11 23:43:20,488 - isca - DEBUG - 
2025-03-11 23:43:20,489 - isca - WARNING - WARNING from PE    0: socrates_init: lw_hires_spectral_filename is unset, making equal to lw_spectral_filename
2025-03-11 23:43:20,489 - isca - DEBUG - 
2025-03-11 23:43:20,489 - isca - DEBUG - 
2025-03-11 23:43:20,489 - isca - WARNING - WARNING from PE    0: socrates_init: sw_hires_spectral_filename is unset, making equal to sw_spectral_filename
2025-03-11 23:43:20,489 - isca - DEBUG - 
2025-03-11 23:43:20,489 - isca - DEBUG - 
2025-03-11 23:43:20,489 - isca - WARNING - WARNING from PE    0: socrates_init: sw_hires_spectral_filename is unset, making equal to sw_spectral_filename
2025-03-11 23:43:20,489 - isca - DEBUG - 
2025-03-11 23:43:21,559 - isca - DEBUG - NOTE from PE    0: Interpolator: Using input file with no time dimension - ozone_1990_notime_zero.nc
2025-03-11 23:43:21,559 - isca - DEBUG - Initializing src field : ozone_1990
2025-03-11 23:43:21,561 - isca - DEBUG - 
2025-03-11 23:43:21,561 - isca - DEBUG - -----------------------------------
2025-03-11 23:43:21,561 - isca - DEBUG - ____                       _
2025-03-11 23:43:21,562 - isca - DEBUG - / ___|  ___   ___ _ __ __ _| |_ ___  ___
2025-03-11 23:43:21,562 - isca - DEBUG - \___ \ / _ \ / __|  __/ _` | __/ _ \/ __|
2025-03-11 23:43:21,562 - isca - DEBUG - ___) | (_) | (__| | | (_| | ||  __/\__ \
2025-03-11 23:43:21,562 - isca - DEBUG - |____/ \___/ \___|_|  \__,_|\__\___||___/
2025-03-11 23:43:21,562 - isca - DEBUG - 
2025-03-11 23:43:21,562 - isca - DEBUG - Initialised Socrates v17.03
2025-03-11 23:43:21,562 - isca - DEBUG - Stellar constant =    1400.00000000000
2025-03-11 23:43:21,562 - isca - DEBUG - Longwave spectral file =
2025-03-11 23:43:21,562 - isca - DEBUG - /proj/bolinc/users/x_ryabo/socrates_edited_for_isca/spectral_files_for_GCMs/Sun
2025-03-11 23:43:21,563 - isca - DEBUG - /miniSuran_lw.sf WITH           16  bands
2025-03-11 23:43:21,563 - isca - DEBUG - Longwave hires spectral file =
2025-03-11 23:43:21,563 - isca - DEBUG - /proj/bolinc/users/x_ryabo/socrates_edited_for_isca/spectral_files_for_GCMs/Sun
2025-03-11 23:43:21,563 - isca - DEBUG - /miniSuran_lw.sf WITH           16  bands
2025-03-11 23:43:21,563 - isca - DEBUG - Shortwave spectral file =
2025-03-11 23:43:21,563 - isca - DEBUG - /proj/bolinc/users/x_ryabo/socrates_edited_for_isca/spectral_files_for_GCMs/Sun
2025-03-11 23:43:21,563 - isca - DEBUG - /miniSuran_sw.sf WITH           16  bands
2025-03-11 23:43:21,563 - isca - DEBUG - Shortwave hires spectral file =
2025-03-11 23:43:21,563 - isca - DEBUG - /proj/bolinc/users/x_ryabo/socrates_edited_for_isca/spectral_files_for_GCMs/Sun
2025-03-11 23:43:21,563 - isca - DEBUG - /miniSuran_sw.sf WITH           16  bands
2025-03-11 23:43:21,564 - isca - DEBUG - 
2025-03-11 23:43:21,564 - isca - DEBUG - -----------------------------------
2025-03-11 23:43:21,564 - isca - DEBUG - 
2025-03-11 23:43:52,918 - isca - DEBUG - Integration completed through   511 days     0 seconds
2025-03-11 23:44:25,088 - isca - DEBUG - Integration completed through   512 days     0 seconds
2025-03-11 23:44:57,418 - isca - DEBUG - Integration completed through   513 days     0 seconds
2025-03-11 23:45:29,505 - isca - DEBUG - Integration completed through   514 days     0 seconds
2025-03-11 23:46:01,353 - isca - DEBUG - Integration completed through   515 days     0 seconds
2025-03-11 23:46:32,899 - isca - DEBUG - Integration completed through   516 days     0 seconds
2025-03-11 23:47:04,154 - isca - DEBUG - Integration completed through   517 days     0 seconds
2025-03-11 23:47:35,393 - isca - DEBUG - Integration completed through   518 days     0 seconds
2025-03-11 23:48:06,563 - isca - DEBUG - Integration completed through   519 days     0 seconds
2025-03-11 23:48:37,911 - isca - DEBUG - Integration completed through   520 days     0 seconds
2025-03-11 23:49:09,311 - isca - DEBUG - Integration completed through   521 days     0 seconds
2025-03-11 23:49:40,781 - isca - DEBUG - Integration completed through   522 days     0 seconds
2025-03-11 23:50:12,241 - isca - DEBUG - Integration completed through   523 days     0 seconds
2025-03-11 23:50:43,913 - isca - DEBUG - Integration completed through   524 days     0 seconds
2025-03-11 23:51:15,951 - isca - DEBUG - Integration completed through   525 days     0 seconds
2025-03-11 23:51:47,786 - isca - DEBUG - Integration completed through   526 days     0 seconds
2025-03-11 23:52:19,386 - isca - DEBUG - Integration completed through   527 days     0 seconds
2025-03-11 23:52:50,843 - isca - DEBUG - Integration completed through   528 days     0 seconds
2025-03-11 23:53:22,328 - isca - DEBUG - Integration completed through   529 days     0 seconds
2025-03-11 23:53:53,588 - isca - DEBUG - Integration completed through   530 days     0 seconds
2025-03-11 23:54:24,696 - isca - DEBUG - Integration completed through   531 days     0 seconds
2025-03-11 23:54:55,862 - isca - DEBUG - Integration completed through   532 days     0 seconds
2025-03-11 23:55:26,989 - isca - DEBUG - Integration completed through   533 days     0 seconds
2025-03-11 23:55:57,989 - isca - DEBUG - Integration completed through   534 days     0 seconds
2025-03-11 23:56:29,024 - isca - DEBUG - Integration completed through   535 days     0 seconds
2025-03-11 23:57:00,159 - isca - DEBUG - Integration completed through   536 days     0 seconds
2025-03-11 23:57:31,569 - isca - DEBUG - Integration completed through   537 days     0 seconds
2025-03-11 23:58:03,109 - isca - DEBUG - Integration completed through   538 days     0 seconds
2025-03-11 23:58:34,879 - isca - DEBUG - Integration completed through   539 days     0 seconds
2025-03-11 23:59:06,659 - isca - DEBUG - Integration completed through   540 days     0 seconds
2025-03-11 23:59:06,666 - isca - DEBUG - 
2025-03-11 23:59:06,666 - isca - WARNING - WARNING from PE    0: diag_util_mod::opening_file: module/field_name (socrates/soc_toa_sw_down_clr) NOT registered
2025-03-11 23:59:06,666 - isca - DEBUG - 
2025-03-11 23:59:06,666 - isca - DEBUG - 
2025-03-11 23:59:06,666 - isca - WARNING - WARNING from PE    0: diag_util_mod::opening_file: module/field_name (cloud_simple/rh_min) NOT registered
2025-03-11 23:59:06,666 - isca - DEBUG - 
2025-03-11 23:59:06,666 - isca - DEBUG - 
2025-03-11 23:59:06,666 - isca - WARNING - WARNING from PE    0: diag_util_mod::opening_file: module/field_name (socrates/soc_toa_sw_down_clr) NOT registered
2025-03-11 23:59:06,666 - isca - DEBUG - 
2025-03-11 23:59:06,666 - isca - DEBUG - 
2025-03-11 23:59:06,666 - isca - WARNING - WARNING from PE    0: diag_util_mod::opening_file: module/field_name (cloud_simple/rh_min) NOT registered
2025-03-11 23:59:06,666 - isca - DEBUG - 
2025-03-11 23:59:06,675 - isca - DEBUG - NOTE from PE    0: MPP_IO_SET_STACK_SIZE: stack size set to     327680.
2025-03-11 23:59:07,011 - isca - DEBUG - MPP_DOMAINS_STACK high water mark=       40960
2025-03-11 23:59:07,011 - isca - DEBUG - 
2025-03-11 23:59:07,011 - isca - DEBUG - Tabulating mpp_clock statistics across     16 PEs...
2025-03-11 23:59:07,012 - isca - DEBUG - 
2025-03-11 23:59:07,012 - isca - DEBUG - tmin          tmax          tavg          tstd  tfrac grain pemin pemax
2025-03-11 23:59:07,012 - isca - DEBUG - Total runtime                       946.601662    946.606806    946.604424      0.001524  1.000     0     0    15
2025-03-11 23:59:07,012 - isca - DEBUG - MPP_STACK high water mark=           0
2025-03-11 23:59:07,164 - isca - INFO - Run 18 complete
2025-03-11 23:59:08,058 - isca - DEBUG - atmos_monthly.nc combined and copied to data directory
2025-03-11 23:59:10,796 - isca - INFO - Restart archive created at /proj/bolinc/users/x_ryabo/Isca-Ryan_outputs/planetb_presentdayEarth_rot0_Sun_noO3/restarts/res0018.tar.gz
2025-03-11 23:59:10,808 - isca - INFO - Writing namelist to '/proj/bolinc/users/x_ryabo/Isca-Ryan_outputs/planetb_presentdayEarth_rot0_Sun_noO3/run0018/input.nml'
2025-03-11 23:59:10,810 - isca - INFO - Writing field_table to '/proj/bolinc/users/x_ryabo/Isca-Ryan_outputs/planetb_presentdayEarth_rot0_Sun_noO3/run0018/field_table'
2025-03-11 23:59:10,819 - isca - INFO - Writing diag_table to '/proj/bolinc/users/x_ryabo/Isca-Ryan_outputs/planetb_presentdayEarth_rot0_Sun_noO3/run0018/diag_table'
2025-03-11 23:59:10,910 - isca - INFO - Emptied run directory '/home/x_ryabo/Isca-Ryan_tmp/experiment/planetb_presentdayEarth_rot0_Sun_noO3/run'
2025-03-11 23:59:10,926 - isca - INFO - Emptied run directory '/home/x_ryabo/Isca-Ryan_tmp/experiment/planetb_presentdayEarth_rot0_Sun_noO3/run'
2025-03-11 23:59:10,992 - isca - INFO - Writing namelist to '/home/x_ryabo/Isca-Ryan_tmp/experiment/planetb_presentdayEarth_rot0_Sun_noO3/run/input.nml'
2025-03-11 23:59:10,994 - isca - INFO - Writing field_table to '/home/x_ryabo/Isca-Ryan_tmp/experiment/planetb_presentdayEarth_rot0_Sun_noO3/run/field_table'
2025-03-11 23:59:11,002 - isca - INFO - Writing diag_table to '/home/x_ryabo/Isca-Ryan_tmp/experiment/planetb_presentdayEarth_rot0_Sun_noO3/run/diag_table'
2025-03-11 23:59:11,013 - isca - INFO - Using restart file '/proj/bolinc/users/x_ryabo/Isca-Ryan_outputs/planetb_presentdayEarth_rot0_Sun_noO3/restarts/res0018.tar.gz'
2025-03-11 23:59:11,374 - isca - INFO - Restart /proj/bolinc/users/x_ryabo/Isca-Ryan_outputs/planetb_presentdayEarth_rot0_Sun_noO3/restarts/res0018.tar.gz extracted to /home/x_ryabo/Isca-Ryan_tmp/experiment/planetb_presentdayEarth_rot0_Sun_noO3/run/INPUT
2025-03-11 23:59:11,374 - isca - INFO - Beginning run 19
2025-03-11 23:59:11,385 - isca - INFO - process running as 3895201
2025-03-11 23:59:11,386 - isca - DEBUG - loadmodules for Isca on NSC cluster Tetralith
2025-03-11 23:59:11,386 - isca - DEBUG - mpiifort
2025-03-11 23:59:11,486 - isca - DEBUG - The following modules were not unloaded:
2025-03-11 23:59:11,486 - isca - DEBUG - (Use "module --force purge" to unload all):
2025-03-11 23:59:11,486 - isca - DEBUG - 
2025-03-11 23:59:11,486 - isca - DEBUG - 1) hpc/.1.10.1
2025-03-11 23:59:11,580 - isca - DEBUG - ***************************************************
2025-03-11 23:59:11,580 - isca - DEBUG - You have loaded a buildenv module
2025-03-11 23:59:11,580 - isca - DEBUG - ***************************************************
2025-03-11 23:59:11,580 - isca - DEBUG - The buldenv-intel module makes available:
2025-03-11 23:59:11,580 - isca - DEBUG - - Compilers: icc, ifort, etc.
2025-03-11 23:59:11,580 - isca - DEBUG - - Mpi library with mpi-wrapped compilers: intel mpi with mpicc, mpifort, etc.
2025-03-11 23:59:11,580 - isca - DEBUG - - Numerical libraries: intel MKL
2025-03-11 23:59:11,580 - isca - DEBUG - 
2025-03-11 23:59:11,580 - isca - DEBUG - It also makes a set of dependency library modules available via
2025-03-11 23:59:11,581 - isca - DEBUG - the regular module command. Just do:
2025-03-11 23:59:11,581 - isca - DEBUG - module avail
2025-03-11 23:59:11,581 - isca - DEBUG - to see what is available.
2025-03-11 23:59:11,581 - isca - DEBUG - 
2025-03-11 23:59:11,581 - isca - DEBUG - NOTE: You shoud never load build environments inside submitted jobs.
2025-03-11 23:59:11,581 - isca - DEBUG - (with the single exception of when using supercomputer time to compile code.)
2025-03-11 23:59:11,581 - isca - DEBUG - 
2025-03-11 23:59:12,764 - isca - DEBUG - NOTE from PE    0: MPP_DOMAINS_SET_STACK_SIZE: stack size set to    32768.
2025-03-11 23:59:12,764 - isca - DEBUG - &MPP_IO_NML
2025-03-11 23:59:12,764 - isca - DEBUG - HEADER_BUFFER_VAL       =       16384,
2025-03-11 23:59:12,764 - isca - DEBUG - GLOBAL_FIELD_ON_ROOT_PE = T,
2025-03-11 23:59:12,764 - isca - DEBUG - IO_CLOCKS_ON    = F,
2025-03-11 23:59:12,765 - isca - DEBUG - SHUFFLE =           0,
2025-03-11 23:59:12,765 - isca - DEBUG - DEFLATE_LEVEL   =          -1
2025-03-11 23:59:12,765 - isca - DEBUG - /
2025-03-11 23:59:12,766 - isca - DEBUG - NOTE from PE    0: MPP_IO_SET_STACK_SIZE: stack size set to     131072.
2025-03-11 23:59:12,766 - isca - DEBUG - NOTE from PE    0: MPP_DOMAINS_SET_STACK_SIZE: stack size set to   600000.
2025-03-11 23:59:12,773 - isca - DEBUG - starting            1  OpenMP threads per MPI-task
2025-03-11 23:59:12,775 - isca - DEBUG - ATMOS MODEL DOMAIN DECOMPOSITION
2025-03-11 23:59:12,775 - isca - DEBUG - X-AXIS =  128
2025-03-11 23:59:12,775 - isca - DEBUG - Y-AXIS =    4   4   4   4   4   4   4   4   4   4   4   4   4   4   4   4
2025-03-11 23:59:12,814 - isca - DEBUG - NOTE from PE    0: cloud_simple: Using SimCloud cloud scheme
2025-03-11 23:59:12,815 - isca - DEBUG - NOTE from PE    0: ls_cloud: Using linear cloud fraction diagnostic formula.
2025-03-11 23:59:12,815 - isca - DEBUG - NOTE from PE    0: cloud_cover: The cloud overlap assumption is MAXIMUM-RANDOM
2025-03-11 23:59:12,816 - isca - DEBUG - NOTE from PE    0: idealized_moist_phys: Using Frierson Quasi-Equilibrium convection scheme.
2025-03-11 23:59:12,819 - isca - DEBUG - 
2025-03-11 23:59:12,819 - isca - WARNING - WARNING from PE    2: socrates_init: dt_rad does not fit into one day an integer number of times
2025-03-11 23:59:12,819 - isca - DEBUG - 
2025-03-11 23:59:12,819 - isca - DEBUG - 
2025-03-11 23:59:12,819 - isca - WARNING - WARNING from PE    6: socrates_init: dt_rad does not fit into one day an integer number of times
2025-03-11 23:59:12,819 - isca - DEBUG - 
2025-03-11 23:59:12,819 - isca - DEBUG - 
2025-03-11 23:59:12,819 - isca - WARNING - WARNING from PE    1: socrates_init: dt_rad does not fit into one day an integer number of times
2025-03-11 23:59:12,819 - isca - DEBUG - 
2025-03-11 23:59:12,819 - isca - DEBUG - 
2025-03-11 23:59:12,819 - isca - WARNING - WARNING from PE    3: socrates_init: dt_rad does not fit into one day an integer number of times
2025-03-11 23:59:12,819 - isca - DEBUG - 
2025-03-11 23:59:12,820 - isca - DEBUG - 
2025-03-11 23:59:12,820 - isca - WARNING - WARNING from PE    5: socrates_init: dt_rad does not fit into one day an integer number of times
2025-03-11 23:59:12,820 - isca - DEBUG - 
2025-03-11 23:59:12,821 - isca - DEBUG - 
2025-03-11 23:59:12,821 - isca - WARNING - WARNING from PE    4: socrates_init: dt_rad does not fit into one day an integer number of times
2025-03-11 23:59:12,821 - isca - DEBUG - 
2025-03-11 23:59:12,824 - isca - DEBUG - 
2025-03-11 23:59:12,824 - isca - WARNING - WARNING from PE    0: socrates_init: dt_rad does not fit into one day an integer number of times
2025-03-11 23:59:12,824 - isca - DEBUG - 
2025-03-11 23:59:12,824 - isca - DEBUG - 
2025-03-11 23:59:12,824 - isca - DEBUG - 
2025-03-11 23:59:12,824 - isca - WARNING - WARNING from PE   10: socrates_init: dt_rad does not fit into one day an integer number of times
2025-03-11 23:59:12,824 - isca - DEBUG - 
2025-03-11 23:59:12,824 - isca - WARNING - WARNING from PE    0: socrates_init: dt_rad does not fit into one day an integer number of times
2025-03-11 23:59:12,824 - isca - DEBUG - 
2025-03-11 23:59:12,824 - isca - DEBUG - 
2025-03-11 23:59:12,824 - isca - DEBUG - 
2025-03-11 23:59:12,824 - isca - WARNING - WARNING from PE   12: socrates_init: dt_rad does not fit into one day an integer number of times
2025-03-11 23:59:12,824 - isca - DEBUG - 
2025-03-11 23:59:12,824 - isca - WARNING - WARNING from PE    0: socrates_init: lw_hires_spectral_filename is unset, making equal to lw_spectral_filename
2025-03-11 23:59:12,824 - isca - DEBUG - 
2025-03-11 23:59:12,824 - isca - DEBUG - 
2025-03-11 23:59:12,824 - isca - WARNING - WARNING from PE    0: socrates_init: lw_hires_spectral_filename is unset, making equal to lw_spectral_filename
2025-03-11 23:59:12,824 - isca - DEBUG - 
2025-03-11 23:59:12,824 - isca - WARNING - WARNING from PE   14: socrates_init: dt_rad does not fit into one day an integer number of times
2025-03-11 23:59:12,824 - isca - DEBUG - 
2025-03-11 23:59:12,824 - isca - DEBUG - 
2025-03-11 23:59:12,824 - isca - WARNING - WARNING from PE   15: socrates_init: dt_rad does not fit into one day an integer number of times
2025-03-11 23:59:12,824 - isca - DEBUG - 
2025-03-11 23:59:12,825 - isca - DEBUG - 
2025-03-11 23:59:12,825 - isca - DEBUG - 
2025-03-11 23:59:12,825 - isca - WARNING - WARNING from PE   11: socrates_init: dt_rad does not fit into one day an integer number of times
2025-03-11 23:59:12,825 - isca - DEBUG - 
2025-03-11 23:59:12,825 - isca - DEBUG - 
2025-03-11 23:59:12,825 - isca - WARNING - WARNING from PE    0: socrates_init: sw_hires_spectral_filename is unset, making equal to sw_spectral_filename
2025-03-11 23:59:12,825 - isca - DEBUG - 
2025-03-11 23:59:12,825 - isca - DEBUG - 
2025-03-11 23:59:12,825 - isca - WARNING - WARNING from PE    9: socrates_init: dt_rad does not fit into one day an integer number of times
2025-03-11 23:59:12,825 - isca - DEBUG - 
2025-03-11 23:59:12,825 - isca - DEBUG - 
2025-03-11 23:59:12,825 - isca - WARNING - WARNING from PE    8: socrates_init: dt_rad does not fit into one day an integer number of times
2025-03-11 23:59:12,825 - isca - DEBUG - 
2025-03-11 23:59:12,825 - isca - DEBUG - 
2025-03-11 23:59:12,825 - isca - WARNING - WARNING from PE    0: socrates_init: sw_hires_spectral_filename is unset, making equal to sw_spectral_filename
2025-03-11 23:59:12,825 - isca - DEBUG - 
2025-03-11 23:59:12,825 - isca - DEBUG - 
2025-03-11 23:59:12,825 - isca - DEBUG - 
2025-03-11 23:59:12,825 - isca - WARNING - WARNING from PE    7: socrates_init: dt_rad does not fit into one day an integer number of times
2025-03-11 23:59:12,825 - isca - DEBUG - 
2025-03-11 23:59:12,825 - isca - WARNING - WARNING from PE   13: socrates_init: dt_rad does not fit into one day an integer number of times
2025-03-11 23:59:12,825 - isca - DEBUG - 
2025-03-11 23:59:13,901 - isca - DEBUG - NOTE from PE    0: Interpolator: Using input file with no time dimension - ozone_1990_notime_zero.nc
2025-03-11 23:59:13,901 - isca - DEBUG - Initializing src field : ozone_1990
2025-03-11 23:59:13,903 - isca - DEBUG - 
2025-03-11 23:59:13,903 - isca - DEBUG - -----------------------------------
2025-03-11 23:59:13,903 - isca - DEBUG - ____                       _
2025-03-11 23:59:13,903 - isca - DEBUG - / ___|  ___   ___ _ __ __ _| |_ ___  ___
2025-03-11 23:59:13,903 - isca - DEBUG - \___ \ / _ \ / __|  __/ _` | __/ _ \/ __|
2025-03-11 23:59:13,903 - isca - DEBUG - ___) | (_) | (__| | | (_| | ||  __/\__ \
2025-03-11 23:59:13,903 - isca - DEBUG - |____/ \___/ \___|_|  \__,_|\__\___||___/
2025-03-11 23:59:13,903 - isca - DEBUG - 
2025-03-11 23:59:13,904 - isca - DEBUG - Initialised Socrates v17.03
2025-03-11 23:59:13,904 - isca - DEBUG - Stellar constant =    1400.00000000000
2025-03-11 23:59:13,904 - isca - DEBUG - Longwave spectral file =
2025-03-11 23:59:13,904 - isca - DEBUG - /proj/bolinc/users/x_ryabo/socrates_edited_for_isca/spectral_files_for_GCMs/Sun
2025-03-11 23:59:13,904 - isca - DEBUG - /miniSuran_lw.sf WITH           16  bands
2025-03-11 23:59:13,904 - isca - DEBUG - Longwave hires spectral file =
2025-03-11 23:59:13,904 - isca - DEBUG - /proj/bolinc/users/x_ryabo/socrates_edited_for_isca/spectral_files_for_GCMs/Sun
2025-03-11 23:59:13,904 - isca - DEBUG - /miniSuran_lw.sf WITH           16  bands
2025-03-11 23:59:13,904 - isca - DEBUG - Shortwave spectral file =
2025-03-11 23:59:13,904 - isca - DEBUG - /proj/bolinc/users/x_ryabo/socrates_edited_for_isca/spectral_files_for_GCMs/Sun
2025-03-11 23:59:13,904 - isca - DEBUG - /miniSuran_sw.sf WITH           16  bands
2025-03-11 23:59:13,904 - isca - DEBUG - Shortwave hires spectral file =
2025-03-11 23:59:13,904 - isca - DEBUG - /proj/bolinc/users/x_ryabo/socrates_edited_for_isca/spectral_files_for_GCMs/Sun
2025-03-11 23:59:13,904 - isca - DEBUG - /miniSuran_sw.sf WITH           16  bands
2025-03-11 23:59:13,904 - isca - DEBUG - 
2025-03-11 23:59:13,904 - isca - DEBUG - -----------------------------------
2025-03-11 23:59:13,904 - isca - DEBUG - 
2025-03-11 23:59:45,556 - isca - DEBUG - Integration completed through   541 days     0 seconds
2025-03-12 00:00:17,111 - isca - DEBUG - Integration completed through   542 days     0 seconds
2025-03-12 00:00:48,505 - isca - DEBUG - Integration completed through   543 days     0 seconds
2025-03-12 00:01:19,958 - isca - DEBUG - Integration completed through   544 days     0 seconds
2025-03-12 00:01:51,378 - isca - DEBUG - Integration completed through   545 days     0 seconds
2025-03-12 00:02:22,865 - isca - DEBUG - Integration completed through   546 days     0 seconds
2025-03-12 00:02:53,971 - isca - DEBUG - Integration completed through   547 days     0 seconds
2025-03-12 00:03:25,204 - isca - DEBUG - Integration completed through   548 days     0 seconds
2025-03-12 00:03:56,187 - isca - DEBUG - Integration completed through   549 days     0 seconds
2025-03-12 00:04:27,367 - isca - DEBUG - Integration completed through   550 days     0 seconds
2025-03-12 00:04:58,803 - isca - DEBUG - Integration completed through   551 days     0 seconds
2025-03-12 00:05:30,732 - isca - DEBUG - Integration completed through   552 days     0 seconds
2025-03-12 00:06:02,817 - isca - DEBUG - Integration completed through   553 days     0 seconds
2025-03-12 00:06:34,521 - isca - DEBUG - Integration completed through   554 days     0 seconds
2025-03-12 00:07:06,172 - isca - DEBUG - Integration completed through   555 days     0 seconds
2025-03-12 00:07:37,961 - isca - DEBUG - Integration completed through   556 days     0 seconds
2025-03-12 00:08:10,244 - isca - DEBUG - Integration completed through   557 days     0 seconds
2025-03-12 00:08:42,581 - isca - DEBUG - Integration completed through   558 days     0 seconds
2025-03-12 00:09:14,656 - isca - DEBUG - Integration completed through   559 days     0 seconds
2025-03-12 00:09:46,491 - isca - DEBUG - Integration completed through   560 days     0 seconds
2025-03-12 00:10:18,098 - isca - DEBUG - Integration completed through   561 days     0 seconds
2025-03-12 00:10:50,021 - isca - DEBUG - Integration completed through   562 days     0 seconds
2025-03-12 00:11:22,201 - isca - DEBUG - Integration completed through   563 days     0 seconds
2025-03-12 00:11:54,093 - isca - DEBUG - Integration completed through   564 days     0 seconds
2025-03-12 00:12:25,446 - isca - DEBUG - Integration completed through   565 days     0 seconds
2025-03-12 00:12:56,655 - isca - DEBUG - Integration completed through   566 days     0 seconds
2025-03-12 00:13:27,845 - isca - DEBUG - Integration completed through   567 days     0 seconds
2025-03-12 00:13:59,233 - isca - DEBUG - Integration completed through   568 days     0 seconds
2025-03-12 00:14:30,748 - isca - DEBUG - Integration completed through   569 days     0 seconds
2025-03-12 00:15:02,183 - isca - DEBUG - Integration completed through   570 days     0 seconds
2025-03-12 00:15:02,190 - isca - DEBUG - 
2025-03-12 00:15:02,190 - isca - WARNING - WARNING from PE    0: diag_util_mod::opening_file: module/field_name (socrates/soc_toa_sw_down_clr) NOT registered
2025-03-12 00:15:02,190 - isca - DEBUG - 
2025-03-12 00:15:02,190 - isca - DEBUG - 
2025-03-12 00:15:02,190 - isca - WARNING - WARNING from PE    0: diag_util_mod::opening_file: module/field_name (cloud_simple/rh_min) NOT registered
2025-03-12 00:15:02,190 - isca - DEBUG - 
2025-03-12 00:15:02,190 - isca - DEBUG - 
2025-03-12 00:15:02,190 - isca - WARNING - WARNING from PE    0: diag_util_mod::opening_file: module/field_name (socrates/soc_toa_sw_down_clr) NOT registered
2025-03-12 00:15:02,190 - isca - DEBUG - 
2025-03-12 00:15:02,191 - isca - DEBUG - 
2025-03-12 00:15:02,191 - isca - WARNING - WARNING from PE    0: diag_util_mod::opening_file: module/field_name (cloud_simple/rh_min) NOT registered
2025-03-12 00:15:02,191 - isca - DEBUG - 
2025-03-12 00:15:02,199 - isca - DEBUG - NOTE from PE    0: MPP_IO_SET_STACK_SIZE: stack size set to     327680.
2025-03-12 00:15:02,284 - isca - DEBUG - MPP_DOMAINS_STACK high water mark=       40960
2025-03-12 00:15:02,285 - isca - DEBUG - 
2025-03-12 00:15:02,285 - isca - DEBUG - Tabulating mpp_clock statistics across     16 PEs...
2025-03-12 00:15:02,285 - isca - DEBUG - 
2025-03-12 00:15:02,285 - isca - DEBUG - tmin          tmax          tavg          tstd  tfrac grain pemin pemax
2025-03-12 00:15:02,285 - isca - DEBUG - Total runtime                       949.518110    949.523025    949.521052      0.001300  1.000     0     0    15
2025-03-12 00:15:02,286 - isca - DEBUG - MPP_STACK high water mark=           0
2025-03-12 00:15:02,462 - isca - INFO - Run 19 complete
2025-03-12 00:15:03,317 - isca - DEBUG - atmos_monthly.nc combined and copied to data directory
2025-03-12 00:15:06,123 - isca - INFO - Restart archive created at /proj/bolinc/users/x_ryabo/Isca-Ryan_outputs/planetb_presentdayEarth_rot0_Sun_noO3/restarts/res0019.tar.gz
2025-03-12 00:15:06,135 - isca - INFO - Writing namelist to '/proj/bolinc/users/x_ryabo/Isca-Ryan_outputs/planetb_presentdayEarth_rot0_Sun_noO3/run0019/input.nml'
2025-03-12 00:15:06,136 - isca - INFO - Writing field_table to '/proj/bolinc/users/x_ryabo/Isca-Ryan_outputs/planetb_presentdayEarth_rot0_Sun_noO3/run0019/field_table'
2025-03-12 00:15:06,146 - isca - INFO - Writing diag_table to '/proj/bolinc/users/x_ryabo/Isca-Ryan_outputs/planetb_presentdayEarth_rot0_Sun_noO3/run0019/diag_table'
2025-03-12 00:15:06,250 - isca - INFO - Emptied run directory '/home/x_ryabo/Isca-Ryan_tmp/experiment/planetb_presentdayEarth_rot0_Sun_noO3/run'
2025-03-12 00:15:06,265 - isca - INFO - Emptied run directory '/home/x_ryabo/Isca-Ryan_tmp/experiment/planetb_presentdayEarth_rot0_Sun_noO3/run'
2025-03-12 00:15:06,332 - isca - INFO - Writing namelist to '/home/x_ryabo/Isca-Ryan_tmp/experiment/planetb_presentdayEarth_rot0_Sun_noO3/run/input.nml'
2025-03-12 00:15:06,333 - isca - INFO - Writing field_table to '/home/x_ryabo/Isca-Ryan_tmp/experiment/planetb_presentdayEarth_rot0_Sun_noO3/run/field_table'
2025-03-12 00:15:06,341 - isca - INFO - Writing diag_table to '/home/x_ryabo/Isca-Ryan_tmp/experiment/planetb_presentdayEarth_rot0_Sun_noO3/run/diag_table'
2025-03-12 00:15:06,352 - isca - INFO - Using restart file '/proj/bolinc/users/x_ryabo/Isca-Ryan_outputs/planetb_presentdayEarth_rot0_Sun_noO3/restarts/res0019.tar.gz'
2025-03-12 00:15:06,709 - isca - INFO - Restart /proj/bolinc/users/x_ryabo/Isca-Ryan_outputs/planetb_presentdayEarth_rot0_Sun_noO3/restarts/res0019.tar.gz extracted to /home/x_ryabo/Isca-Ryan_tmp/experiment/planetb_presentdayEarth_rot0_Sun_noO3/run/INPUT
2025-03-12 00:15:06,709 - isca - INFO - Beginning run 20
2025-03-12 00:15:06,721 - isca - INFO - process running as 3896131
2025-03-12 00:15:06,721 - isca - DEBUG - loadmodules for Isca on NSC cluster Tetralith
2025-03-12 00:15:06,721 - isca - DEBUG - mpiifort
2025-03-12 00:15:06,820 - isca - DEBUG - The following modules were not unloaded:
2025-03-12 00:15:06,820 - isca - DEBUG - (Use "module --force purge" to unload all):
2025-03-12 00:15:06,820 - isca - DEBUG - 
2025-03-12 00:15:06,820 - isca - DEBUG - 1) hpc/.1.10.1
2025-03-12 00:15:06,914 - isca - DEBUG - ***************************************************
2025-03-12 00:15:06,914 - isca - DEBUG - You have loaded a buildenv module
2025-03-12 00:15:06,914 - isca - DEBUG - ***************************************************
2025-03-12 00:15:06,914 - isca - DEBUG - The buldenv-intel module makes available:
2025-03-12 00:15:06,914 - isca - DEBUG - - Compilers: icc, ifort, etc.
2025-03-12 00:15:06,914 - isca - DEBUG - - Mpi library with mpi-wrapped compilers: intel mpi with mpicc, mpifort, etc.
2025-03-12 00:15:06,914 - isca - DEBUG - - Numerical libraries: intel MKL
2025-03-12 00:15:06,914 - isca - DEBUG - 
2025-03-12 00:15:06,914 - isca - DEBUG - It also makes a set of dependency library modules available via
2025-03-12 00:15:06,914 - isca - DEBUG - the regular module command. Just do:
2025-03-12 00:15:06,914 - isca - DEBUG - module avail
2025-03-12 00:15:06,914 - isca - DEBUG - to see what is available.
2025-03-12 00:15:06,914 - isca - DEBUG - 
2025-03-12 00:15:06,914 - isca - DEBUG - NOTE: You shoud never load build environments inside submitted jobs.
2025-03-12 00:15:06,914 - isca - DEBUG - (with the single exception of when using supercomputer time to compile code.)
2025-03-12 00:15:06,914 - isca - DEBUG - 
2025-03-12 00:15:08,210 - isca - DEBUG - NOTE from PE    0: MPP_DOMAINS_SET_STACK_SIZE: stack size set to    32768.
2025-03-12 00:15:08,210 - isca - DEBUG - &MPP_IO_NML
2025-03-12 00:15:08,210 - isca - DEBUG - HEADER_BUFFER_VAL       =       16384,
2025-03-12 00:15:08,210 - isca - DEBUG - GLOBAL_FIELD_ON_ROOT_PE = T,
2025-03-12 00:15:08,210 - isca - DEBUG - IO_CLOCKS_ON    = F,
2025-03-12 00:15:08,210 - isca - DEBUG - SHUFFLE =           0,
2025-03-12 00:15:08,210 - isca - DEBUG - DEFLATE_LEVEL   =          -1
2025-03-12 00:15:08,210 - isca - DEBUG - /
2025-03-12 00:15:08,212 - isca - DEBUG - NOTE from PE    0: MPP_IO_SET_STACK_SIZE: stack size set to     131072.
2025-03-12 00:15:08,213 - isca - DEBUG - NOTE from PE    0: MPP_DOMAINS_SET_STACK_SIZE: stack size set to   600000.
2025-03-12 00:15:08,219 - isca - DEBUG - starting            1  OpenMP threads per MPI-task
2025-03-12 00:15:08,221 - isca - DEBUG - ATMOS MODEL DOMAIN DECOMPOSITION
2025-03-12 00:15:08,221 - isca - DEBUG - X-AXIS =  128
2025-03-12 00:15:08,221 - isca - DEBUG - Y-AXIS =    4   4   4   4   4   4   4   4   4   4   4   4   4   4   4   4
2025-03-12 00:15:08,263 - isca - DEBUG - NOTE from PE    0: cloud_simple: Using SimCloud cloud scheme
2025-03-12 00:15:08,264 - isca - DEBUG - NOTE from PE    0: ls_cloud: Using linear cloud fraction diagnostic formula.
2025-03-12 00:15:08,264 - isca - DEBUG - NOTE from PE    0: cloud_cover: The cloud overlap assumption is MAXIMUM-RANDOM
2025-03-12 00:15:08,264 - isca - DEBUG - NOTE from PE    0: idealized_moist_phys: Using Frierson Quasi-Equilibrium convection scheme.
2025-03-12 00:15:08,268 - isca - DEBUG - 
2025-03-12 00:15:08,268 - isca - WARNING - WARNING from PE    2: socrates_init: dt_rad does not fit into one day an integer number of times
2025-03-12 00:15:08,268 - isca - DEBUG - 
2025-03-12 00:15:08,268 - isca - DEBUG - 
2025-03-12 00:15:08,268 - isca - WARNING - WARNING from PE    4: socrates_init: dt_rad does not fit into one day an integer number of times
2025-03-12 00:15:08,268 - isca - DEBUG - 
2025-03-12 00:15:08,268 - isca - DEBUG - 
2025-03-12 00:15:08,268 - isca - WARNING - WARNING from PE    3: socrates_init: dt_rad does not fit into one day an integer number of times
2025-03-12 00:15:08,268 - isca - DEBUG - 
2025-03-12 00:15:08,269 - isca - DEBUG - 
2025-03-12 00:15:08,269 - isca - WARNING - WARNING from PE    6: socrates_init: dt_rad does not fit into one day an integer number of times
2025-03-12 00:15:08,269 - isca - DEBUG - 
2025-03-12 00:15:08,269 - isca - DEBUG - 
2025-03-12 00:15:08,269 - isca - WARNING - WARNING from PE    1: socrates_init: dt_rad does not fit into one day an integer number of times
2025-03-12 00:15:08,269 - isca - DEBUG - 
2025-03-12 00:15:08,269 - isca - DEBUG - 
2025-03-12 00:15:08,270 - isca - WARNING - WARNING from PE    5: socrates_init: dt_rad does not fit into one day an integer number of times
2025-03-12 00:15:08,270 - isca - DEBUG - 
2025-03-12 00:15:08,272 - isca - DEBUG - 
2025-03-12 00:15:08,273 - isca - WARNING - WARNING from PE    0: socrates_init: dt_rad does not fit into one day an integer number of times
2025-03-12 00:15:08,273 - isca - DEBUG - 
2025-03-12 00:15:08,273 - isca - DEBUG - 
2025-03-12 00:15:08,273 - isca - WARNING - WARNING from PE    0: socrates_init: dt_rad does not fit into one day an integer number of times
2025-03-12 00:15:08,273 - isca - DEBUG - 
2025-03-12 00:15:08,273 - isca - DEBUG - 
2025-03-12 00:15:08,273 - isca - WARNING - WARNING from PE    0: socrates_init: lw_hires_spectral_filename is unset, making equal to lw_spectral_filename
2025-03-12 00:15:08,273 - isca - DEBUG - 
2025-03-12 00:15:08,273 - isca - DEBUG - 
2025-03-12 00:15:08,273 - isca - WARNING - WARNING from PE    0: socrates_init: lw_hires_spectral_filename is unset, making equal to lw_spectral_filename
2025-03-12 00:15:08,273 - isca - DEBUG - 
2025-03-12 00:15:08,273 - isca - DEBUG - 
2025-03-12 00:15:08,273 - isca - WARNING - WARNING from PE    0: socrates_init: sw_hires_spectral_filename is unset, making equal to sw_spectral_filename
2025-03-12 00:15:08,273 - isca - DEBUG - 
2025-03-12 00:15:08,273 - isca - DEBUG - 
2025-03-12 00:15:08,273 - isca - WARNING - WARNING from PE    0: socrates_init: sw_hires_spectral_filename is unset, making equal to sw_spectral_filename
2025-03-12 00:15:08,273 - isca - DEBUG - 
2025-03-12 00:15:08,274 - isca - DEBUG - 
2025-03-12 00:15:08,274 - isca - DEBUG - 
2025-03-12 00:15:08,274 - isca - WARNING - WARNING from PE   15: socrates_init: dt_rad does not fit into one day an integer number of times
2025-03-12 00:15:08,274 - isca - DEBUG - 
2025-03-12 00:15:08,274 - isca - WARNING - WARNING from PE    7: socrates_init: dt_rad does not fit into one day an integer number of times
2025-03-12 00:15:08,274 - isca - DEBUG - 
2025-03-12 00:15:08,274 - isca - DEBUG - 
2025-03-12 00:15:08,274 - isca - WARNING - WARNING from PE   12: socrates_init: dt_rad does not fit into one day an integer number of times
2025-03-12 00:15:08,274 - isca - DEBUG - 
2025-03-12 00:15:08,275 - isca - DEBUG - 
2025-03-12 00:15:08,275 - isca - DEBUG - 
2025-03-12 00:15:08,275 - isca - WARNING - WARNING from PE   11: socrates_init: dt_rad does not fit into one day an integer number of times
2025-03-12 00:15:08,275 - isca - DEBUG - 
2025-03-12 00:15:08,275 - isca - DEBUG - 
2025-03-12 00:15:08,275 - isca - WARNING - WARNING from PE    8: socrates_init: dt_rad does not fit into one day an integer number of times
2025-03-12 00:15:08,275 - isca - DEBUG - 
2025-03-12 00:15:08,275 - isca - WARNING - WARNING from PE    9: socrates_init: dt_rad does not fit into one day an integer number of times
2025-03-12 00:15:08,275 - isca - DEBUG - 
2025-03-12 00:15:08,275 - isca - WARNING - WARNING from PE   14: socrates_init: dt_rad does not fit into one day an integer number of times
2025-03-12 00:15:08,275 - isca - DEBUG - 
2025-03-12 00:15:08,275 - isca - DEBUG - 
2025-03-12 00:15:08,275 - isca - DEBUG - 
2025-03-12 00:15:08,275 - isca - DEBUG - 
2025-03-12 00:15:08,275 - isca - WARNING - WARNING from PE   13: socrates_init: dt_rad does not fit into one day an integer number of times
2025-03-12 00:15:08,275 - isca - DEBUG - 
2025-03-12 00:15:08,275 - isca - WARNING - WARNING from PE   10: socrates_init: dt_rad does not fit into one day an integer number of times
2025-03-12 00:15:08,275 - isca - DEBUG - 
2025-03-12 00:15:09,355 - isca - DEBUG - NOTE from PE    0: Interpolator: Using input file with no time dimension - ozone_1990_notime_zero.nc
2025-03-12 00:15:09,355 - isca - DEBUG - Initializing src field : ozone_1990
2025-03-12 00:15:09,357 - isca - DEBUG - 
2025-03-12 00:15:09,357 - isca - DEBUG - -----------------------------------
2025-03-12 00:15:09,357 - isca - DEBUG - ____                       _
2025-03-12 00:15:09,357 - isca - DEBUG - / ___|  ___   ___ _ __ __ _| |_ ___  ___
2025-03-12 00:15:09,357 - isca - DEBUG - \___ \ / _ \ / __|  __/ _` | __/ _ \/ __|
2025-03-12 00:15:09,357 - isca - DEBUG - ___) | (_) | (__| | | (_| | ||  __/\__ \
2025-03-12 00:15:09,357 - isca - DEBUG - |____/ \___/ \___|_|  \__,_|\__\___||___/
2025-03-12 00:15:09,357 - isca - DEBUG - 
2025-03-12 00:15:09,357 - isca - DEBUG - Initialised Socrates v17.03
2025-03-12 00:15:09,357 - isca - DEBUG - Stellar constant =    1400.00000000000
2025-03-12 00:15:09,357 - isca - DEBUG - Longwave spectral file =
2025-03-12 00:15:09,357 - isca - DEBUG - /proj/bolinc/users/x_ryabo/socrates_edited_for_isca/spectral_files_for_GCMs/Sun
2025-03-12 00:15:09,357 - isca - DEBUG - /miniSuran_lw.sf WITH           16  bands
2025-03-12 00:15:09,357 - isca - DEBUG - Longwave hires spectral file =
2025-03-12 00:15:09,357 - isca - DEBUG - /proj/bolinc/users/x_ryabo/socrates_edited_for_isca/spectral_files_for_GCMs/Sun
2025-03-12 00:15:09,357 - isca - DEBUG - /miniSuran_lw.sf WITH           16  bands
2025-03-12 00:15:09,357 - isca - DEBUG - Shortwave spectral file =
2025-03-12 00:15:09,357 - isca - DEBUG - /proj/bolinc/users/x_ryabo/socrates_edited_for_isca/spectral_files_for_GCMs/Sun
2025-03-12 00:15:09,358 - isca - DEBUG - /miniSuran_sw.sf WITH           16  bands
2025-03-12 00:15:09,358 - isca - DEBUG - Shortwave hires spectral file =
2025-03-12 00:15:09,358 - isca - DEBUG - /proj/bolinc/users/x_ryabo/socrates_edited_for_isca/spectral_files_for_GCMs/Sun
2025-03-12 00:15:09,358 - isca - DEBUG - /miniSuran_sw.sf WITH           16  bands
2025-03-12 00:15:09,358 - isca - DEBUG - 
2025-03-12 00:15:09,358 - isca - DEBUG - -----------------------------------
2025-03-12 00:15:09,358 - isca - DEBUG - 
2025-03-12 00:15:40,870 - isca - DEBUG - Integration completed through   571 days     0 seconds
2025-03-12 00:16:12,200 - isca - DEBUG - Integration completed through   572 days     0 seconds
2025-03-12 00:16:43,560 - isca - DEBUG - Integration completed through   573 days     0 seconds
2025-03-12 00:17:14,940 - isca - DEBUG - Integration completed through   574 days     0 seconds
2025-03-12 00:17:46,313 - isca - DEBUG - Integration completed through   575 days     0 seconds
2025-03-12 00:18:17,728 - isca - DEBUG - Integration completed through   576 days     0 seconds
2025-03-12 00:18:48,936 - isca - DEBUG - Integration completed through   577 days     0 seconds
2025-03-12 00:19:20,142 - isca - DEBUG - Integration completed through   578 days     0 seconds
2025-03-12 00:19:51,201 - isca - DEBUG - Integration completed through   579 days     0 seconds
2025-03-12 00:20:22,283 - isca - DEBUG - Integration completed through   580 days     0 seconds
2025-03-12 00:20:53,408 - isca - DEBUG - Integration completed through   581 days     0 seconds
2025-03-12 00:21:24,482 - isca - DEBUG - Integration completed through   582 days     0 seconds
2025-03-12 00:21:55,396 - isca - DEBUG - Integration completed through   583 days     0 seconds
2025-03-12 00:22:26,367 - isca - DEBUG - Integration completed through   584 days     0 seconds
2025-03-12 00:22:57,398 - isca - DEBUG - Integration completed through   585 days     0 seconds
2025-03-12 00:23:28,362 - isca - DEBUG - Integration completed through   586 days     0 seconds
2025-03-12 00:23:59,223 - isca - DEBUG - Integration completed through   587 days     0 seconds
2025-03-12 00:24:30,066 - isca - DEBUG - Integration completed through   588 days     0 seconds
2025-03-12 00:25:00,966 - isca - DEBUG - Integration completed through   589 days     0 seconds
2025-03-12 00:25:32,076 - isca - DEBUG - Integration completed through   590 days     0 seconds
2025-03-12 00:26:03,002 - isca - DEBUG - Integration completed through   591 days     0 seconds
2025-03-12 00:26:34,769 - isca - DEBUG - Integration completed through   592 days     0 seconds
2025-03-12 00:27:06,737 - isca - DEBUG - Integration completed through   593 days     0 seconds
2025-03-12 00:27:38,678 - isca - DEBUG - Integration completed through   594 days     0 seconds
2025-03-12 00:28:10,578 - isca - DEBUG - Integration completed through   595 days     0 seconds
2025-03-12 00:28:42,118 - isca - DEBUG - Integration completed through   596 days     0 seconds
2025-03-12 00:29:13,428 - isca - DEBUG - Integration completed through   597 days     0 seconds
2025-03-12 00:29:44,750 - isca - DEBUG - Integration completed through   598 days     0 seconds
2025-03-12 00:30:15,694 - isca - DEBUG - Integration completed through   599 days     0 seconds
2025-03-12 00:30:46,418 - isca - DEBUG - Integration completed through   600 days     0 seconds
2025-03-12 00:30:46,423 - isca - DEBUG - 
2025-03-12 00:30:46,423 - isca - WARNING - WARNING from PE    0: diag_util_mod::opening_file: module/field_name (socrates/soc_toa_sw_down_clr) NOT registered
2025-03-12 00:30:46,423 - isca - DEBUG - 
2025-03-12 00:30:46,424 - isca - DEBUG - 
2025-03-12 00:30:46,424 - isca - WARNING - WARNING from PE    0: diag_util_mod::opening_file: module/field_name (cloud_simple/rh_min) NOT registered
2025-03-12 00:30:46,424 - isca - DEBUG - 
2025-03-12 00:30:46,424 - isca - DEBUG - 
2025-03-12 00:30:46,424 - isca - WARNING - WARNING from PE    0: diag_util_mod::opening_file: module/field_name (socrates/soc_toa_sw_down_clr) NOT registered
2025-03-12 00:30:46,424 - isca - DEBUG - 
2025-03-12 00:30:46,424 - isca - DEBUG - 
2025-03-12 00:30:46,424 - isca - WARNING - WARNING from PE    0: diag_util_mod::opening_file: module/field_name (cloud_simple/rh_min) NOT registered
2025-03-12 00:30:46,424 - isca - DEBUG - 
2025-03-12 00:30:46,433 - isca - DEBUG - NOTE from PE    0: MPP_IO_SET_STACK_SIZE: stack size set to     327680.
2025-03-12 00:30:46,533 - isca - DEBUG - MPP_DOMAINS_STACK high water mark=       40960
2025-03-12 00:30:46,534 - isca - DEBUG - 
2025-03-12 00:30:46,534 - isca - DEBUG - Tabulating mpp_clock statistics across     16 PEs...
2025-03-12 00:30:46,534 - isca - DEBUG - 
2025-03-12 00:30:46,534 - isca - DEBUG - tmin          tmax          tavg          tstd  tfrac grain pemin pemax
2025-03-12 00:30:46,535 - isca - DEBUG - Total runtime                       938.322261    938.327566    938.324468      0.001555  1.000     0     0    15
2025-03-12 00:30:46,535 - isca - DEBUG - MPP_STACK high water mark=           0
2025-03-12 00:30:46,682 - isca - INFO - Run 20 complete
2025-03-12 00:30:47,490 - isca - DEBUG - atmos_monthly.nc combined and copied to data directory
2025-03-12 00:30:50,274 - isca - INFO - Restart archive created at /proj/bolinc/users/x_ryabo/Isca-Ryan_outputs/planetb_presentdayEarth_rot0_Sun_noO3/restarts/res0020.tar.gz
2025-03-12 00:30:50,286 - isca - INFO - Writing namelist to '/proj/bolinc/users/x_ryabo/Isca-Ryan_outputs/planetb_presentdayEarth_rot0_Sun_noO3/run0020/input.nml'
2025-03-12 00:30:50,288 - isca - INFO - Writing field_table to '/proj/bolinc/users/x_ryabo/Isca-Ryan_outputs/planetb_presentdayEarth_rot0_Sun_noO3/run0020/field_table'
2025-03-12 00:30:50,298 - isca - INFO - Writing diag_table to '/proj/bolinc/users/x_ryabo/Isca-Ryan_outputs/planetb_presentdayEarth_rot0_Sun_noO3/run0020/diag_table'
2025-03-12 00:30:50,390 - isca - INFO - Emptied run directory '/home/x_ryabo/Isca-Ryan_tmp/experiment/planetb_presentdayEarth_rot0_Sun_noO3/run'
2025-03-12 00:30:50,405 - isca - INFO - Emptied run directory '/home/x_ryabo/Isca-Ryan_tmp/experiment/planetb_presentdayEarth_rot0_Sun_noO3/run'
2025-03-12 00:30:50,472 - isca - INFO - Writing namelist to '/home/x_ryabo/Isca-Ryan_tmp/experiment/planetb_presentdayEarth_rot0_Sun_noO3/run/input.nml'
2025-03-12 00:30:50,474 - isca - INFO - Writing field_table to '/home/x_ryabo/Isca-Ryan_tmp/experiment/planetb_presentdayEarth_rot0_Sun_noO3/run/field_table'
2025-03-12 00:30:50,482 - isca - INFO - Writing diag_table to '/home/x_ryabo/Isca-Ryan_tmp/experiment/planetb_presentdayEarth_rot0_Sun_noO3/run/diag_table'
2025-03-12 00:30:50,493 - isca - INFO - Using restart file '/proj/bolinc/users/x_ryabo/Isca-Ryan_outputs/planetb_presentdayEarth_rot0_Sun_noO3/restarts/res0020.tar.gz'
2025-03-12 00:30:50,847 - isca - INFO - Restart /proj/bolinc/users/x_ryabo/Isca-Ryan_outputs/planetb_presentdayEarth_rot0_Sun_noO3/restarts/res0020.tar.gz extracted to /home/x_ryabo/Isca-Ryan_tmp/experiment/planetb_presentdayEarth_rot0_Sun_noO3/run/INPUT
2025-03-12 00:30:50,848 - isca - INFO - Beginning run 21
2025-03-12 00:30:50,859 - isca - INFO - process running as 3896928
2025-03-12 00:30:50,859 - isca - DEBUG - loadmodules for Isca on NSC cluster Tetralith
2025-03-12 00:30:50,859 - isca - DEBUG - mpiifort
2025-03-12 00:30:50,958 - isca - DEBUG - The following modules were not unloaded:
2025-03-12 00:30:50,958 - isca - DEBUG - (Use "module --force purge" to unload all):
2025-03-12 00:30:50,958 - isca - DEBUG - 
2025-03-12 00:30:50,958 - isca - DEBUG - 1) hpc/.1.10.1
2025-03-12 00:30:51,052 - isca - DEBUG - ***************************************************
2025-03-12 00:30:51,052 - isca - DEBUG - You have loaded a buildenv module
2025-03-12 00:30:51,052 - isca - DEBUG - ***************************************************
2025-03-12 00:30:51,053 - isca - DEBUG - The buldenv-intel module makes available:
2025-03-12 00:30:51,053 - isca - DEBUG - - Compilers: icc, ifort, etc.
2025-03-12 00:30:51,053 - isca - DEBUG - - Mpi library with mpi-wrapped compilers: intel mpi with mpicc, mpifort, etc.
2025-03-12 00:30:51,053 - isca - DEBUG - - Numerical libraries: intel MKL
2025-03-12 00:30:51,053 - isca - DEBUG - 
2025-03-12 00:30:51,053 - isca - DEBUG - It also makes a set of dependency library modules available via
2025-03-12 00:30:51,053 - isca - DEBUG - the regular module command. Just do:
2025-03-12 00:30:51,053 - isca - DEBUG - module avail
2025-03-12 00:30:51,053 - isca - DEBUG - to see what is available.
2025-03-12 00:30:51,053 - isca - DEBUG - 
2025-03-12 00:30:51,053 - isca - DEBUG - NOTE: You shoud never load build environments inside submitted jobs.
2025-03-12 00:30:51,053 - isca - DEBUG - (with the single exception of when using supercomputer time to compile code.)
2025-03-12 00:30:51,053 - isca - DEBUG - 
2025-03-12 00:30:52,246 - isca - DEBUG - NOTE from PE    0: MPP_DOMAINS_SET_STACK_SIZE: stack size set to    32768.
2025-03-12 00:30:52,246 - isca - DEBUG - &MPP_IO_NML
2025-03-12 00:30:52,246 - isca - DEBUG - HEADER_BUFFER_VAL       =       16384,
2025-03-12 00:30:52,246 - isca - DEBUG - GLOBAL_FIELD_ON_ROOT_PE = T,
2025-03-12 00:30:52,246 - isca - DEBUG - IO_CLOCKS_ON    = F,
2025-03-12 00:30:52,246 - isca - DEBUG - SHUFFLE =           0,
2025-03-12 00:30:52,246 - isca - DEBUG - DEFLATE_LEVEL   =          -1
2025-03-12 00:30:52,246 - isca - DEBUG - /
2025-03-12 00:30:52,248 - isca - DEBUG - NOTE from PE    0: MPP_IO_SET_STACK_SIZE: stack size set to     131072.
2025-03-12 00:30:52,249 - isca - DEBUG - NOTE from PE    0: MPP_DOMAINS_SET_STACK_SIZE: stack size set to   600000.
2025-03-12 00:30:52,256 - isca - DEBUG - starting            1  OpenMP threads per MPI-task
2025-03-12 00:30:52,258 - isca - DEBUG - ATMOS MODEL DOMAIN DECOMPOSITION
2025-03-12 00:30:52,258 - isca - DEBUG - X-AXIS =  128
2025-03-12 00:30:52,258 - isca - DEBUG - Y-AXIS =    4   4   4   4   4   4   4   4   4   4   4   4   4   4   4   4
2025-03-12 00:30:52,302 - isca - DEBUG - 
2025-03-12 00:30:52,303 - isca - WARNING - WARNING from PE    4: socrates_init: dt_rad does not fit into one day an integer number of times
2025-03-12 00:30:52,303 - isca - DEBUG - 
2025-03-12 00:30:52,303 - isca - DEBUG - 
2025-03-12 00:30:52,303 - isca - WARNING - WARNING from PE    2: socrates_init: dt_rad does not fit into one day an integer number of times
2025-03-12 00:30:52,303 - isca - DEBUG - 
2025-03-12 00:30:52,304 - isca - DEBUG - 
2025-03-12 00:30:52,304 - isca - WARNING - WARNING from PE    1: socrates_init: dt_rad does not fit into one day an integer number of times
2025-03-12 00:30:52,304 - isca - DEBUG - 
2025-03-12 00:30:52,304 - isca - DEBUG - 
2025-03-12 00:30:52,304 - isca - WARNING - WARNING from PE    3: socrates_init: dt_rad does not fit into one day an integer number of times
2025-03-12 00:30:52,304 - isca - DEBUG - 
2025-03-12 00:30:52,304 - isca - DEBUG - 
2025-03-12 00:30:52,304 - isca - WARNING - WARNING from PE    6: socrates_init: dt_rad does not fit into one day an integer number of times
2025-03-12 00:30:52,304 - isca - DEBUG - 
2025-03-12 00:30:52,305 - isca - DEBUG - 
2025-03-12 00:30:52,305 - isca - WARNING - WARNING from PE    5: socrates_init: dt_rad does not fit into one day an integer number of times
2025-03-12 00:30:52,305 - isca - DEBUG - 
2025-03-12 00:30:52,305 - isca - DEBUG - NOTE from PE    0: cloud_simple: Using SimCloud cloud scheme
2025-03-12 00:30:52,307 - isca - DEBUG - NOTE from PE    0: ls_cloud: Using linear cloud fraction diagnostic formula.
2025-03-12 00:30:52,307 - isca - DEBUG - NOTE from PE    0: cloud_cover: The cloud overlap assumption is MAXIMUM-RANDOM
2025-03-12 00:30:52,307 - isca - DEBUG - NOTE from PE    0: idealized_moist_phys: Using Frierson Quasi-Equilibrium convection scheme.
2025-03-12 00:30:52,308 - isca - DEBUG - 
2025-03-12 00:30:52,308 - isca - WARNING - WARNING from PE   10: socrates_init: dt_rad does not fit into one day an integer number of times
2025-03-12 00:30:52,308 - isca - DEBUG - 
2025-03-12 00:30:52,309 - isca - WARNING - WARNING from PE    9: socrates_init: dt_rad does not fit into one day an integer number of times
2025-03-12 00:30:52,309 - isca - DEBUG - 
2025-03-12 00:30:52,309 - isca - DEBUG - 
2025-03-12 00:30:52,309 - isca - WARNING - WARNING from PE   15: socrates_init: dt_rad does not fit into one day an integer number of times
2025-03-12 00:30:52,309 - isca - DEBUG - 
2025-03-12 00:30:52,309 - isca - DEBUG - 
2025-03-12 00:30:52,309 - isca - DEBUG - 
2025-03-12 00:30:52,309 - isca - WARNING - WARNING from PE   13: socrates_init: dt_rad does not fit into one day an integer number of times
2025-03-12 00:30:52,309 - isca - DEBUG - 
2025-03-12 00:30:52,309 - isca - DEBUG - 
2025-03-12 00:30:52,309 - isca - WARNING - WARNING from PE   12: socrates_init: dt_rad does not fit into one day an integer number of times
2025-03-12 00:30:52,309 - isca - DEBUG - 
2025-03-12 00:30:52,309 - isca - DEBUG - 
2025-03-12 00:30:52,309 - isca - DEBUG - 
2025-03-12 00:30:52,309 - isca - WARNING - WARNING from PE   11: socrates_init: dt_rad does not fit into one day an integer number of times
2025-03-12 00:30:52,309 - isca - DEBUG - 
2025-03-12 00:30:52,309 - isca - WARNING - WARNING from PE   14: socrates_init: dt_rad does not fit into one day an integer number of times
2025-03-12 00:30:52,309 - isca - DEBUG - 
2025-03-12 00:30:52,309 - isca - DEBUG - 
2025-03-12 00:30:52,309 - isca - WARNING - WARNING from PE    8: socrates_init: dt_rad does not fit into one day an integer number of times
2025-03-12 00:30:52,309 - isca - DEBUG - 
2025-03-12 00:30:52,309 - isca - DEBUG - 
2025-03-12 00:30:52,309 - isca - WARNING - WARNING from PE    7: socrates_init: dt_rad does not fit into one day an integer number of times
2025-03-12 00:30:52,309 - isca - DEBUG - 
2025-03-12 00:30:52,316 - isca - DEBUG - 
2025-03-12 00:30:52,316 - isca - WARNING - WARNING from PE    0: socrates_init: dt_rad does not fit into one day an integer number of times
2025-03-12 00:30:52,316 - isca - DEBUG - 
2025-03-12 00:30:52,316 - isca - DEBUG - 
2025-03-12 00:30:52,316 - isca - WARNING - WARNING from PE    0: socrates_init: dt_rad does not fit into one day an integer number of times
2025-03-12 00:30:52,317 - isca - DEBUG - 
2025-03-12 00:30:52,317 - isca - DEBUG - 
2025-03-12 00:30:52,317 - isca - WARNING - WARNING from PE    0: socrates_init: lw_hires_spectral_filename is unset, making equal to lw_spectral_filename
2025-03-12 00:30:52,317 - isca - DEBUG - 
2025-03-12 00:30:52,317 - isca - DEBUG - 
2025-03-12 00:30:52,317 - isca - WARNING - WARNING from PE    0: socrates_init: lw_hires_spectral_filename is unset, making equal to lw_spectral_filename
2025-03-12 00:30:52,317 - isca - DEBUG - 
2025-03-12 00:30:52,317 - isca - DEBUG - 
2025-03-12 00:30:52,317 - isca - WARNING - WARNING from PE    0: socrates_init: sw_hires_spectral_filename is unset, making equal to sw_spectral_filename
2025-03-12 00:30:52,317 - isca - DEBUG - 
2025-03-12 00:30:52,317 - isca - DEBUG - 
2025-03-12 00:30:52,317 - isca - WARNING - WARNING from PE    0: socrates_init: sw_hires_spectral_filename is unset, making equal to sw_spectral_filename
2025-03-12 00:30:52,317 - isca - DEBUG - 
2025-03-12 00:30:53,419 - isca - DEBUG - NOTE from PE    0: Interpolator: Using input file with no time dimension - ozone_1990_notime_zero.nc
2025-03-12 00:30:53,419 - isca - DEBUG - Initializing src field : ozone_1990
2025-03-12 00:30:53,421 - isca - DEBUG - 
2025-03-12 00:30:53,421 - isca - DEBUG - -----------------------------------
2025-03-12 00:30:53,421 - isca - DEBUG - ____                       _
2025-03-12 00:30:53,421 - isca - DEBUG - / ___|  ___   ___ _ __ __ _| |_ ___  ___
2025-03-12 00:30:53,421 - isca - DEBUG - \___ \ / _ \ / __|  __/ _` | __/ _ \/ __|
2025-03-12 00:30:53,421 - isca - DEBUG - ___) | (_) | (__| | | (_| | ||  __/\__ \
2025-03-12 00:30:53,421 - isca - DEBUG - |____/ \___/ \___|_|  \__,_|\__\___||___/
2025-03-12 00:30:53,421 - isca - DEBUG - 
2025-03-12 00:30:53,421 - isca - DEBUG - Initialised Socrates v17.03
2025-03-12 00:30:53,421 - isca - DEBUG - Stellar constant =    1400.00000000000
2025-03-12 00:30:53,421 - isca - DEBUG - Longwave spectral file =
2025-03-12 00:30:53,421 - isca - DEBUG - /proj/bolinc/users/x_ryabo/socrates_edited_for_isca/spectral_files_for_GCMs/Sun
2025-03-12 00:30:53,421 - isca - DEBUG - /miniSuran_lw.sf WITH           16  bands
2025-03-12 00:30:53,421 - isca - DEBUG - Longwave hires spectral file =
2025-03-12 00:30:53,421 - isca - DEBUG - /proj/bolinc/users/x_ryabo/socrates_edited_for_isca/spectral_files_for_GCMs/Sun
2025-03-12 00:30:53,421 - isca - DEBUG - /miniSuran_lw.sf WITH           16  bands
2025-03-12 00:30:53,421 - isca - DEBUG - Shortwave spectral file =
2025-03-12 00:30:53,421 - isca - DEBUG - /proj/bolinc/users/x_ryabo/socrates_edited_for_isca/spectral_files_for_GCMs/Sun
2025-03-12 00:30:53,421 - isca - DEBUG - /miniSuran_sw.sf WITH           16  bands
2025-03-12 00:30:53,421 - isca - DEBUG - Shortwave hires spectral file =
2025-03-12 00:30:53,421 - isca - DEBUG - /proj/bolinc/users/x_ryabo/socrates_edited_for_isca/spectral_files_for_GCMs/Sun
2025-03-12 00:30:53,421 - isca - DEBUG - /miniSuran_sw.sf WITH           16  bands
2025-03-12 00:30:53,421 - isca - DEBUG - 
2025-03-12 00:30:53,421 - isca - DEBUG - -----------------------------------
2025-03-12 00:30:53,421 - isca - DEBUG - 
2025-03-12 00:31:24,339 - isca - DEBUG - Integration completed through   601 days     0 seconds
2025-03-12 00:31:55,353 - isca - DEBUG - Integration completed through   602 days     0 seconds
2025-03-12 00:32:26,258 - isca - DEBUG - Integration completed through   603 days     0 seconds
2025-03-12 00:32:57,102 - isca - DEBUG - Integration completed through   604 days     0 seconds
2025-03-12 00:33:27,915 - isca - DEBUG - Integration completed through   605 days     0 seconds
2025-03-12 00:33:58,885 - isca - DEBUG - Integration completed through   606 days     0 seconds
2025-03-12 00:34:29,877 - isca - DEBUG - Integration completed through   607 days     0 seconds
2025-03-12 00:35:01,129 - isca - DEBUG - Integration completed through   608 days     0 seconds
2025-03-12 00:35:32,175 - isca - DEBUG - Integration completed through   609 days     0 seconds
2025-03-12 00:36:03,015 - isca - DEBUG - Integration completed through   610 days     0 seconds
2025-03-12 00:36:33,963 - isca - DEBUG - Integration completed through   611 days     0 seconds
2025-03-12 00:37:05,199 - isca - DEBUG - Integration completed through   612 days     0 seconds
2025-03-12 00:37:35,959 - isca - DEBUG - Integration completed through   613 days     0 seconds
2025-03-12 00:38:06,940 - isca - DEBUG - Integration completed through   614 days     0 seconds
2025-03-12 00:38:37,917 - isca - DEBUG - Integration completed through   615 days     0 seconds
2025-03-12 00:39:08,885 - isca - DEBUG - Integration completed through   616 days     0 seconds
2025-03-12 00:39:39,876 - isca - DEBUG - Integration completed through   617 days     0 seconds
2025-03-12 00:40:10,981 - isca - DEBUG - Integration completed through   618 days     0 seconds
2025-03-12 00:40:42,021 - isca - DEBUG - Integration completed through   619 days     0 seconds
2025-03-12 00:41:13,012 - isca - DEBUG - Integration completed through   620 days     0 seconds
2025-03-12 00:41:43,942 - isca - DEBUG - Integration completed through   621 days     0 seconds
2025-03-12 00:42:14,957 - isca - DEBUG - Integration completed through   622 days     0 seconds
2025-03-12 00:42:45,834 - isca - DEBUG - Integration completed through   623 days     0 seconds
2025-03-12 00:43:16,960 - isca - DEBUG - Integration completed through   624 days     0 seconds
2025-03-12 00:43:48,236 - isca - DEBUG - Integration completed through   625 days     0 seconds
2025-03-12 00:44:19,560 - isca - DEBUG - Integration completed through   626 days     0 seconds
2025-03-12 00:44:50,956 - isca - DEBUG - Integration completed through   627 days     0 seconds
2025-03-12 00:45:22,340 - isca - DEBUG - Integration completed through   628 days     0 seconds
2025-03-12 00:45:53,500 - isca - DEBUG - Integration completed through   629 days     0 seconds
2025-03-12 00:46:24,576 - isca - DEBUG - Integration completed through   630 days     0 seconds
2025-03-12 00:46:24,585 - isca - DEBUG - 
2025-03-12 00:46:24,585 - isca - WARNING - WARNING from PE    0: diag_util_mod::opening_file: module/field_name (socrates/soc_toa_sw_down_clr) NOT registered
2025-03-12 00:46:24,585 - isca - DEBUG - 
2025-03-12 00:46:24,585 - isca - DEBUG - 
2025-03-12 00:46:24,585 - isca - WARNING - WARNING from PE    0: diag_util_mod::opening_file: module/field_name (cloud_simple/rh_min) NOT registered
2025-03-12 00:46:24,585 - isca - DEBUG - 
2025-03-12 00:46:24,585 - isca - DEBUG - 
2025-03-12 00:46:24,585 - isca - WARNING - WARNING from PE    0: diag_util_mod::opening_file: module/field_name (socrates/soc_toa_sw_down_clr) NOT registered
2025-03-12 00:46:24,585 - isca - DEBUG - 
2025-03-12 00:46:24,585 - isca - DEBUG - 
2025-03-12 00:46:24,585 - isca - WARNING - WARNING from PE    0: diag_util_mod::opening_file: module/field_name (cloud_simple/rh_min) NOT registered
2025-03-12 00:46:24,585 - isca - DEBUG - 
2025-03-12 00:46:24,593 - isca - DEBUG - NOTE from PE    0: MPP_IO_SET_STACK_SIZE: stack size set to     327680.
2025-03-12 00:46:24,680 - isca - DEBUG - MPP_DOMAINS_STACK high water mark=       40960
2025-03-12 00:46:24,680 - isca - DEBUG - 
2025-03-12 00:46:24,680 - isca - DEBUG - Tabulating mpp_clock statistics across     16 PEs...
2025-03-12 00:46:24,680 - isca - DEBUG - 
2025-03-12 00:46:24,680 - isca - DEBUG - tmin          tmax          tavg          tstd  tfrac grain pemin pemax
2025-03-12 00:46:24,681 - isca - DEBUG - Total runtime                       932.432995    932.437800    932.435205      0.001238  1.000     0     0    15
2025-03-12 00:46:24,681 - isca - DEBUG - MPP_STACK high water mark=           0
2025-03-12 00:46:24,816 - isca - INFO - Run 21 complete
2025-03-12 00:46:25,644 - isca - DEBUG - atmos_monthly.nc combined and copied to data directory
2025-03-12 00:46:28,375 - isca - INFO - Restart archive created at /proj/bolinc/users/x_ryabo/Isca-Ryan_outputs/planetb_presentdayEarth_rot0_Sun_noO3/restarts/res0021.tar.gz
2025-03-12 00:46:28,387 - isca - INFO - Writing namelist to '/proj/bolinc/users/x_ryabo/Isca-Ryan_outputs/planetb_presentdayEarth_rot0_Sun_noO3/run0021/input.nml'
2025-03-12 00:46:28,389 - isca - INFO - Writing field_table to '/proj/bolinc/users/x_ryabo/Isca-Ryan_outputs/planetb_presentdayEarth_rot0_Sun_noO3/run0021/field_table'
2025-03-12 00:46:28,399 - isca - INFO - Writing diag_table to '/proj/bolinc/users/x_ryabo/Isca-Ryan_outputs/planetb_presentdayEarth_rot0_Sun_noO3/run0021/diag_table'
2025-03-12 00:46:28,487 - isca - INFO - Emptied run directory '/home/x_ryabo/Isca-Ryan_tmp/experiment/planetb_presentdayEarth_rot0_Sun_noO3/run'
2025-03-12 00:46:28,503 - isca - INFO - Emptied run directory '/home/x_ryabo/Isca-Ryan_tmp/experiment/planetb_presentdayEarth_rot0_Sun_noO3/run'
2025-03-12 00:46:28,569 - isca - INFO - Writing namelist to '/home/x_ryabo/Isca-Ryan_tmp/experiment/planetb_presentdayEarth_rot0_Sun_noO3/run/input.nml'
2025-03-12 00:46:28,570 - isca - INFO - Writing field_table to '/home/x_ryabo/Isca-Ryan_tmp/experiment/planetb_presentdayEarth_rot0_Sun_noO3/run/field_table'
2025-03-12 00:46:28,579 - isca - INFO - Writing diag_table to '/home/x_ryabo/Isca-Ryan_tmp/experiment/planetb_presentdayEarth_rot0_Sun_noO3/run/diag_table'
2025-03-12 00:46:28,589 - isca - INFO - Using restart file '/proj/bolinc/users/x_ryabo/Isca-Ryan_outputs/planetb_presentdayEarth_rot0_Sun_noO3/restarts/res0021.tar.gz'
2025-03-12 00:46:28,946 - isca - INFO - Restart /proj/bolinc/users/x_ryabo/Isca-Ryan_outputs/planetb_presentdayEarth_rot0_Sun_noO3/restarts/res0021.tar.gz extracted to /home/x_ryabo/Isca-Ryan_tmp/experiment/planetb_presentdayEarth_rot0_Sun_noO3/run/INPUT
2025-03-12 00:46:28,947 - isca - INFO - Beginning run 22
2025-03-12 00:46:28,959 - isca - INFO - process running as 3897773
2025-03-12 00:46:28,959 - isca - DEBUG - loadmodules for Isca on NSC cluster Tetralith
2025-03-12 00:46:28,959 - isca - DEBUG - mpiifort
2025-03-12 00:46:29,056 - isca - DEBUG - The following modules were not unloaded:
2025-03-12 00:46:29,056 - isca - DEBUG - (Use "module --force purge" to unload all):
2025-03-12 00:46:29,056 - isca - DEBUG - 
2025-03-12 00:46:29,056 - isca - DEBUG - 1) hpc/.1.10.1
2025-03-12 00:46:29,151 - isca - DEBUG - ***************************************************
2025-03-12 00:46:29,151 - isca - DEBUG - You have loaded a buildenv module
2025-03-12 00:46:29,151 - isca - DEBUG - ***************************************************
2025-03-12 00:46:29,151 - isca - DEBUG - The buldenv-intel module makes available:
2025-03-12 00:46:29,151 - isca - DEBUG - - Compilers: icc, ifort, etc.
2025-03-12 00:46:29,152 - isca - DEBUG - - Mpi library with mpi-wrapped compilers: intel mpi with mpicc, mpifort, etc.
2025-03-12 00:46:29,152 - isca - DEBUG - - Numerical libraries: intel MKL
2025-03-12 00:46:29,152 - isca - DEBUG - 
2025-03-12 00:46:29,152 - isca - DEBUG - It also makes a set of dependency library modules available via
2025-03-12 00:46:29,152 - isca - DEBUG - the regular module command. Just do:
2025-03-12 00:46:29,152 - isca - DEBUG - module avail
2025-03-12 00:46:29,152 - isca - DEBUG - to see what is available.
2025-03-12 00:46:29,152 - isca - DEBUG - 
2025-03-12 00:46:29,152 - isca - DEBUG - NOTE: You shoud never load build environments inside submitted jobs.
2025-03-12 00:46:29,152 - isca - DEBUG - (with the single exception of when using supercomputer time to compile code.)
2025-03-12 00:46:29,152 - isca - DEBUG - 
2025-03-12 00:46:30,352 - isca - DEBUG - NOTE from PE    0: MPP_DOMAINS_SET_STACK_SIZE: stack size set to    32768.
2025-03-12 00:46:30,352 - isca - DEBUG - &MPP_IO_NML
2025-03-12 00:46:30,352 - isca - DEBUG - HEADER_BUFFER_VAL       =       16384,
2025-03-12 00:46:30,352 - isca - DEBUG - GLOBAL_FIELD_ON_ROOT_PE = T,
2025-03-12 00:46:30,352 - isca - DEBUG - IO_CLOCKS_ON    = F,
2025-03-12 00:46:30,352 - isca - DEBUG - SHUFFLE =           0,
2025-03-12 00:46:30,352 - isca - DEBUG - DEFLATE_LEVEL   =          -1
2025-03-12 00:46:30,352 - isca - DEBUG - /
2025-03-12 00:46:30,353 - isca - DEBUG - NOTE from PE    0: MPP_IO_SET_STACK_SIZE: stack size set to     131072.
2025-03-12 00:46:30,354 - isca - DEBUG - NOTE from PE    0: MPP_DOMAINS_SET_STACK_SIZE: stack size set to   600000.
2025-03-12 00:46:30,360 - isca - DEBUG - starting            1  OpenMP threads per MPI-task
2025-03-12 00:46:30,362 - isca - DEBUG - ATMOS MODEL DOMAIN DECOMPOSITION
2025-03-12 00:46:30,362 - isca - DEBUG - X-AXIS =  128
2025-03-12 00:46:30,362 - isca - DEBUG - Y-AXIS =    4   4   4   4   4   4   4   4   4   4   4   4   4   4   4   4
2025-03-12 00:46:30,404 - isca - DEBUG - NOTE from PE    0: cloud_simple: Using SimCloud cloud scheme
2025-03-12 00:46:30,404 - isca - DEBUG - NOTE from PE    0: ls_cloud: Using linear cloud fraction diagnostic formula.
2025-03-12 00:46:30,405 - isca - DEBUG - NOTE from PE    0: cloud_cover: The cloud overlap assumption is MAXIMUM-RANDOM
2025-03-12 00:46:30,405 - isca - DEBUG - NOTE from PE    0: idealized_moist_phys: Using Frierson Quasi-Equilibrium convection scheme.
2025-03-12 00:46:30,408 - isca - DEBUG - 
2025-03-12 00:46:30,408 - isca - WARNING - WARNING from PE    3: socrates_init: dt_rad does not fit into one day an integer number of times
2025-03-12 00:46:30,408 - isca - DEBUG - 
2025-03-12 00:46:30,408 - isca - DEBUG - 
2025-03-12 00:46:30,408 - isca - WARNING - WARNING from PE    1: socrates_init: dt_rad does not fit into one day an integer number of times
2025-03-12 00:46:30,408 - isca - DEBUG - 
2025-03-12 00:46:30,409 - isca - DEBUG - 
2025-03-12 00:46:30,409 - isca - DEBUG - 
2025-03-12 00:46:30,409 - isca - WARNING - WARNING from PE    2: socrates_init: dt_rad does not fit into one day an integer number of times
2025-03-12 00:46:30,409 - isca - DEBUG - 
2025-03-12 00:46:30,409 - isca - WARNING - WARNING from PE    5: socrates_init: dt_rad does not fit into one day an integer number of times
2025-03-12 00:46:30,409 - isca - DEBUG - 
2025-03-12 00:46:30,409 - isca - DEBUG - 
2025-03-12 00:46:30,409 - isca - WARNING - WARNING from PE    4: socrates_init: dt_rad does not fit into one day an integer number of times
2025-03-12 00:46:30,409 - isca - DEBUG - 
2025-03-12 00:46:30,409 - isca - DEBUG - 
2025-03-12 00:46:30,409 - isca - WARNING - WARNING from PE    6: socrates_init: dt_rad does not fit into one day an integer number of times
2025-03-12 00:46:30,410 - isca - DEBUG - 
2025-03-12 00:46:30,413 - isca - DEBUG - 
2025-03-12 00:46:30,413 - isca - WARNING - WARNING from PE    0: socrates_init: dt_rad does not fit into one day an integer number of times
2025-03-12 00:46:30,413 - isca - DEBUG - 
2025-03-12 00:46:30,413 - isca - DEBUG - 
2025-03-12 00:46:30,413 - isca - WARNING - WARNING from PE    0: socrates_init: dt_rad does not fit into one day an integer number of times
2025-03-12 00:46:30,413 - isca - DEBUG - 
2025-03-12 00:46:30,413 - isca - DEBUG - 
2025-03-12 00:46:30,413 - isca - WARNING - WARNING from PE    0: socrates_init: lw_hires_spectral_filename is unset, making equal to lw_spectral_filename
2025-03-12 00:46:30,413 - isca - DEBUG - 
2025-03-12 00:46:30,413 - isca - DEBUG - 
2025-03-12 00:46:30,413 - isca - WARNING - WARNING from PE    0: socrates_init: lw_hires_spectral_filename is unset, making equal to lw_spectral_filename
2025-03-12 00:46:30,413 - isca - DEBUG - 
2025-03-12 00:46:30,413 - isca - DEBUG - 
2025-03-12 00:46:30,413 - isca - WARNING - WARNING from PE    0: socrates_init: sw_hires_spectral_filename is unset, making equal to sw_spectral_filename
2025-03-12 00:46:30,413 - isca - DEBUG - 
2025-03-12 00:46:30,413 - isca - DEBUG - 
2025-03-12 00:46:30,413 - isca - WARNING - WARNING from PE    0: socrates_init: sw_hires_spectral_filename is unset, making equal to sw_spectral_filename
2025-03-12 00:46:30,413 - isca - DEBUG - 
2025-03-12 00:46:30,415 - isca - DEBUG - 
2025-03-12 00:46:30,415 - isca - WARNING - WARNING from PE   10: socrates_init: dt_rad does not fit into one day an integer number of times
2025-03-12 00:46:30,415 - isca - DEBUG - 
2025-03-12 00:46:30,415 - isca - DEBUG - 
2025-03-12 00:46:30,415 - isca - WARNING - WARNING from PE    8: socrates_init: dt_rad does not fit into one day an integer number of times
2025-03-12 00:46:30,415 - isca - DEBUG - 
2025-03-12 00:46:30,415 - isca - DEBUG - 
2025-03-12 00:46:30,415 - isca - DEBUG - 
2025-03-12 00:46:30,415 - isca - WARNING - WARNING from PE   13: socrates_init: dt_rad does not fit into one day an integer number of times
2025-03-12 00:46:30,415 - isca - DEBUG - 
2025-03-12 00:46:30,415 - isca - DEBUG - 
2025-03-12 00:46:30,415 - isca - WARNING - WARNING from PE   15: socrates_init: dt_rad does not fit into one day an integer number of times
2025-03-12 00:46:30,415 - isca - DEBUG - 
2025-03-12 00:46:30,415 - isca - WARNING - WARNING from PE    9: socrates_init: dt_rad does not fit into one day an integer number of times
2025-03-12 00:46:30,415 - isca - DEBUG - 
2025-03-12 00:46:30,415 - isca - DEBUG - 
2025-03-12 00:46:30,415 - isca - WARNING - WARNING from PE    7: socrates_init: dt_rad does not fit into one day an integer number of times
2025-03-12 00:46:30,415 - isca - DEBUG - 
2025-03-12 00:46:30,415 - isca - WARNING - WARNING from PE   14: socrates_init: dt_rad does not fit into one day an integer number of times
2025-03-12 00:46:30,415 - isca - DEBUG - 
2025-03-12 00:46:30,415 - isca - DEBUG - 
2025-03-12 00:46:30,415 - isca - DEBUG - 
2025-03-12 00:46:30,415 - isca - WARNING - WARNING from PE   11: socrates_init: dt_rad does not fit into one day an integer number of times
2025-03-12 00:46:30,415 - isca - DEBUG - 
2025-03-12 00:46:30,416 - isca - DEBUG - 
2025-03-12 00:46:30,416 - isca - WARNING - WARNING from PE   12: socrates_init: dt_rad does not fit into one day an integer number of times
2025-03-12 00:46:30,416 - isca - DEBUG - 
2025-03-12 00:46:31,493 - isca - DEBUG - NOTE from PE    0: Interpolator: Using input file with no time dimension - ozone_1990_notime_zero.nc
2025-03-12 00:46:31,493 - isca - DEBUG - Initializing src field : ozone_1990
2025-03-12 00:46:31,495 - isca - DEBUG - 
2025-03-12 00:46:31,495 - isca - DEBUG - -----------------------------------
2025-03-12 00:46:31,495 - isca - DEBUG - ____                       _
2025-03-12 00:46:31,495 - isca - DEBUG - / ___|  ___   ___ _ __ __ _| |_ ___  ___
2025-03-12 00:46:31,495 - isca - DEBUG - \___ \ / _ \ / __|  __/ _` | __/ _ \/ __|
2025-03-12 00:46:31,495 - isca - DEBUG - ___) | (_) | (__| | | (_| | ||  __/\__ \
2025-03-12 00:46:31,495 - isca - DEBUG - |____/ \___/ \___|_|  \__,_|\__\___||___/
2025-03-12 00:46:31,495 - isca - DEBUG - 
2025-03-12 00:46:31,495 - isca - DEBUG - Initialised Socrates v17.03
2025-03-12 00:46:31,496 - isca - DEBUG - Stellar constant =    1400.00000000000
2025-03-12 00:46:31,496 - isca - DEBUG - Longwave spectral file =
2025-03-12 00:46:31,496 - isca - DEBUG - /proj/bolinc/users/x_ryabo/socrates_edited_for_isca/spectral_files_for_GCMs/Sun
2025-03-12 00:46:31,496 - isca - DEBUG - /miniSuran_lw.sf WITH           16  bands
2025-03-12 00:46:31,496 - isca - DEBUG - Longwave hires spectral file =
2025-03-12 00:46:31,496 - isca - DEBUG - /proj/bolinc/users/x_ryabo/socrates_edited_for_isca/spectral_files_for_GCMs/Sun
2025-03-12 00:46:31,496 - isca - DEBUG - /miniSuran_lw.sf WITH           16  bands
2025-03-12 00:46:31,496 - isca - DEBUG - Shortwave spectral file =
2025-03-12 00:46:31,496 - isca - DEBUG - /proj/bolinc/users/x_ryabo/socrates_edited_for_isca/spectral_files_for_GCMs/Sun
2025-03-12 00:46:31,496 - isca - DEBUG - /miniSuran_sw.sf WITH           16  bands
2025-03-12 00:46:31,496 - isca - DEBUG - Shortwave hires spectral file =
2025-03-12 00:46:31,496 - isca - DEBUG - /proj/bolinc/users/x_ryabo/socrates_edited_for_isca/spectral_files_for_GCMs/Sun
2025-03-12 00:46:31,496 - isca - DEBUG - /miniSuran_sw.sf WITH           16  bands
2025-03-12 00:46:31,496 - isca - DEBUG - 
2025-03-12 00:46:31,496 - isca - DEBUG - -----------------------------------
2025-03-12 00:46:31,496 - isca - DEBUG - 
2025-03-12 00:47:02,603 - isca - DEBUG - Integration completed through   631 days     0 seconds
2025-03-12 00:47:33,653 - isca - DEBUG - Integration completed through   632 days     0 seconds
2025-03-12 00:48:04,852 - isca - DEBUG - Integration completed through   633 days     0 seconds
2025-03-12 00:48:36,026 - isca - DEBUG - Integration completed through   634 days     0 seconds
2025-03-12 00:49:07,160 - isca - DEBUG - Integration completed through   635 days     0 seconds
2025-03-12 00:49:38,423 - isca - DEBUG - Integration completed through   636 days     0 seconds
2025-03-12 00:50:09,681 - isca - DEBUG - Integration completed through   637 days     0 seconds
2025-03-12 00:50:40,977 - isca - DEBUG - Integration completed through   638 days     0 seconds
2025-03-12 00:51:12,247 - isca - DEBUG - Integration completed through   639 days     0 seconds
2025-03-12 00:51:43,585 - isca - DEBUG - Integration completed through   640 days     0 seconds
2025-03-12 00:52:14,821 - isca - DEBUG - Integration completed through   641 days     0 seconds
2025-03-12 00:52:46,570 - isca - DEBUG - Integration completed through   642 days     0 seconds
2025-03-12 00:53:18,399 - isca - DEBUG - Integration completed through   643 days     0 seconds
2025-03-12 00:53:50,112 - isca - DEBUG - Integration completed through   644 days     0 seconds
2025-03-12 00:54:21,596 - isca - DEBUG - Integration completed through   645 days     0 seconds
2025-03-12 00:54:52,876 - isca - DEBUG - Integration completed through   646 days     0 seconds
2025-03-12 00:55:24,181 - isca - DEBUG - Integration completed through   647 days     0 seconds
2025-03-12 00:55:55,644 - isca - DEBUG - Integration completed through   648 days     0 seconds
2025-03-12 00:56:27,173 - isca - DEBUG - Integration completed through   649 days     0 seconds
2025-03-12 00:56:58,475 - isca - DEBUG - Integration completed through   650 days     0 seconds
2025-03-12 00:57:29,728 - isca - DEBUG - Integration completed through   651 days     0 seconds
2025-03-12 00:58:01,049 - isca - DEBUG - Integration completed through   652 days     0 seconds
2025-03-12 00:58:32,665 - isca - DEBUG - Integration completed through   653 days     0 seconds
2025-03-12 00:59:04,422 - isca - DEBUG - Integration completed through   654 days     0 seconds
2025-03-12 00:59:36,294 - isca - DEBUG - Integration completed through   655 days     0 seconds
2025-03-12 01:00:07,948 - isca - DEBUG - Integration completed through   656 days     0 seconds
2025-03-12 01:00:39,461 - isca - DEBUG - Integration completed through   657 days     0 seconds
2025-03-12 01:01:10,762 - isca - DEBUG - Integration completed through   658 days     0 seconds
2025-03-12 01:01:41,987 - isca - DEBUG - Integration completed through   659 days     0 seconds
2025-03-12 01:02:13,055 - isca - DEBUG - Integration completed through   660 days     0 seconds
2025-03-12 01:02:13,062 - isca - DEBUG - 
2025-03-12 01:02:13,062 - isca - WARNING - WARNING from PE    0: diag_util_mod::opening_file: module/field_name (socrates/soc_toa_sw_down_clr) NOT registered
2025-03-12 01:02:13,062 - isca - DEBUG - 
2025-03-12 01:02:13,062 - isca - DEBUG - 
2025-03-12 01:02:13,062 - isca - WARNING - WARNING from PE    0: diag_util_mod::opening_file: module/field_name (socrates/soc_toa_sw_down_clr) NOT registered
2025-03-12 01:02:13,062 - isca - DEBUG - 
2025-03-12 01:02:13,062 - isca - DEBUG - 
2025-03-12 01:02:13,062 - isca - WARNING - WARNING from PE    0: diag_util_mod::opening_file: module/field_name (cloud_simple/rh_min) NOT registered
2025-03-12 01:02:13,062 - isca - DEBUG - 
2025-03-12 01:02:13,062 - isca - DEBUG - 
2025-03-12 01:02:13,062 - isca - WARNING - WARNING from PE    0: diag_util_mod::opening_file: module/field_name (cloud_simple/rh_min) NOT registered
2025-03-12 01:02:13,063 - isca - DEBUG - 
2025-03-12 01:02:13,072 - isca - DEBUG - NOTE from PE    0: MPP_IO_SET_STACK_SIZE: stack size set to     327680.
2025-03-12 01:02:13,169 - isca - DEBUG - MPP_DOMAINS_STACK high water mark=       40960
2025-03-12 01:02:13,169 - isca - DEBUG - 
2025-03-12 01:02:13,169 - isca - DEBUG - Tabulating mpp_clock statistics across     16 PEs...
2025-03-12 01:02:13,169 - isca - DEBUG - 
2025-03-12 01:02:13,170 - isca - DEBUG - tmin          tmax          tavg          tstd  tfrac grain pemin pemax
2025-03-12 01:02:13,170 - isca - DEBUG - Total runtime                       942.813967    942.819805    942.817130      0.001541  1.000     0     0    15
2025-03-12 01:02:13,170 - isca - DEBUG - MPP_STACK high water mark=           0
2025-03-12 01:02:13,338 - isca - INFO - Run 22 complete
2025-03-12 01:02:14,177 - isca - DEBUG - atmos_monthly.nc combined and copied to data directory
2025-03-12 01:02:16,937 - isca - INFO - Restart archive created at /proj/bolinc/users/x_ryabo/Isca-Ryan_outputs/planetb_presentdayEarth_rot0_Sun_noO3/restarts/res0022.tar.gz
2025-03-12 01:02:16,949 - isca - INFO - Writing namelist to '/proj/bolinc/users/x_ryabo/Isca-Ryan_outputs/planetb_presentdayEarth_rot0_Sun_noO3/run0022/input.nml'
2025-03-12 01:02:16,950 - isca - INFO - Writing field_table to '/proj/bolinc/users/x_ryabo/Isca-Ryan_outputs/planetb_presentdayEarth_rot0_Sun_noO3/run0022/field_table'
2025-03-12 01:02:16,960 - isca - INFO - Writing diag_table to '/proj/bolinc/users/x_ryabo/Isca-Ryan_outputs/planetb_presentdayEarth_rot0_Sun_noO3/run0022/diag_table'
2025-03-12 01:02:17,043 - isca - INFO - Emptied run directory '/home/x_ryabo/Isca-Ryan_tmp/experiment/planetb_presentdayEarth_rot0_Sun_noO3/run'
2025-03-12 01:02:17,059 - isca - INFO - Emptied run directory '/home/x_ryabo/Isca-Ryan_tmp/experiment/planetb_presentdayEarth_rot0_Sun_noO3/run'
2025-03-12 01:02:17,125 - isca - INFO - Writing namelist to '/home/x_ryabo/Isca-Ryan_tmp/experiment/planetb_presentdayEarth_rot0_Sun_noO3/run/input.nml'
2025-03-12 01:02:17,126 - isca - INFO - Writing field_table to '/home/x_ryabo/Isca-Ryan_tmp/experiment/planetb_presentdayEarth_rot0_Sun_noO3/run/field_table'
2025-03-12 01:02:17,134 - isca - INFO - Writing diag_table to '/home/x_ryabo/Isca-Ryan_tmp/experiment/planetb_presentdayEarth_rot0_Sun_noO3/run/diag_table'
2025-03-12 01:02:17,145 - isca - INFO - Using restart file '/proj/bolinc/users/x_ryabo/Isca-Ryan_outputs/planetb_presentdayEarth_rot0_Sun_noO3/restarts/res0022.tar.gz'
2025-03-12 01:02:17,504 - isca - INFO - Restart /proj/bolinc/users/x_ryabo/Isca-Ryan_outputs/planetb_presentdayEarth_rot0_Sun_noO3/restarts/res0022.tar.gz extracted to /home/x_ryabo/Isca-Ryan_tmp/experiment/planetb_presentdayEarth_rot0_Sun_noO3/run/INPUT
2025-03-12 01:02:17,505 - isca - INFO - Beginning run 23
2025-03-12 01:02:17,516 - isca - INFO - process running as 3898569
2025-03-12 01:02:17,517 - isca - DEBUG - loadmodules for Isca on NSC cluster Tetralith
2025-03-12 01:02:17,517 - isca - DEBUG - mpiifort
2025-03-12 01:02:17,615 - isca - DEBUG - The following modules were not unloaded:
2025-03-12 01:02:17,615 - isca - DEBUG - (Use "module --force purge" to unload all):
2025-03-12 01:02:17,615 - isca - DEBUG - 
2025-03-12 01:02:17,615 - isca - DEBUG - 1) hpc/.1.10.1
2025-03-12 01:02:17,709 - isca - DEBUG - ***************************************************
2025-03-12 01:02:17,710 - isca - DEBUG - You have loaded a buildenv module
2025-03-12 01:02:17,710 - isca - DEBUG - ***************************************************
2025-03-12 01:02:17,710 - isca - DEBUG - The buldenv-intel module makes available:
2025-03-12 01:02:17,710 - isca - DEBUG - - Compilers: icc, ifort, etc.
2025-03-12 01:02:17,710 - isca - DEBUG - - Mpi library with mpi-wrapped compilers: intel mpi with mpicc, mpifort, etc.
2025-03-12 01:02:17,710 - isca - DEBUG - - Numerical libraries: intel MKL
2025-03-12 01:02:17,710 - isca - DEBUG - 
2025-03-12 01:02:17,710 - isca - DEBUG - It also makes a set of dependency library modules available via
2025-03-12 01:02:17,710 - isca - DEBUG - the regular module command. Just do:
2025-03-12 01:02:17,710 - isca - DEBUG - module avail
2025-03-12 01:02:17,710 - isca - DEBUG - to see what is available.
2025-03-12 01:02:17,710 - isca - DEBUG - 
2025-03-12 01:02:17,710 - isca - DEBUG - NOTE: You shoud never load build environments inside submitted jobs.
2025-03-12 01:02:17,710 - isca - DEBUG - (with the single exception of when using supercomputer time to compile code.)
2025-03-12 01:02:17,710 - isca - DEBUG - 
2025-03-12 01:02:18,912 - isca - DEBUG - NOTE from PE    0: MPP_DOMAINS_SET_STACK_SIZE: stack size set to    32768.
2025-03-12 01:02:18,912 - isca - DEBUG - &MPP_IO_NML
2025-03-12 01:02:18,912 - isca - DEBUG - HEADER_BUFFER_VAL       =       16384,
2025-03-12 01:02:18,912 - isca - DEBUG - GLOBAL_FIELD_ON_ROOT_PE = T,
2025-03-12 01:02:18,912 - isca - DEBUG - IO_CLOCKS_ON    = F,
2025-03-12 01:02:18,912 - isca - DEBUG - SHUFFLE =           0,
2025-03-12 01:02:18,912 - isca - DEBUG - DEFLATE_LEVEL   =          -1
2025-03-12 01:02:18,912 - isca - DEBUG - /
2025-03-12 01:02:18,914 - isca - DEBUG - NOTE from PE    0: MPP_IO_SET_STACK_SIZE: stack size set to     131072.
2025-03-12 01:02:18,915 - isca - DEBUG - NOTE from PE    0: MPP_DOMAINS_SET_STACK_SIZE: stack size set to   600000.
2025-03-12 01:02:18,921 - isca - DEBUG - starting            1  OpenMP threads per MPI-task
2025-03-12 01:02:18,923 - isca - DEBUG - ATMOS MODEL DOMAIN DECOMPOSITION
2025-03-12 01:02:18,923 - isca - DEBUG - X-AXIS =  128
2025-03-12 01:02:18,923 - isca - DEBUG - Y-AXIS =    4   4   4   4   4   4   4   4   4   4   4   4   4   4   4   4
2025-03-12 01:02:18,966 - isca - DEBUG - NOTE from PE    0: cloud_simple: Using SimCloud cloud scheme
2025-03-12 01:02:18,967 - isca - DEBUG - NOTE from PE    0: ls_cloud: Using linear cloud fraction diagnostic formula.
2025-03-12 01:02:18,968 - isca - DEBUG - NOTE from PE    0: cloud_cover: The cloud overlap assumption is MAXIMUM-RANDOM
2025-03-12 01:02:18,968 - isca - DEBUG - NOTE from PE    0: idealized_moist_phys: Using Frierson Quasi-Equilibrium convection scheme.
2025-03-12 01:02:18,971 - isca - DEBUG - 
2025-03-12 01:02:18,971 - isca - DEBUG - 
2025-03-12 01:02:18,971 - isca - WARNING - WARNING from PE    1: socrates_init: dt_rad does not fit into one day an integer number of times
2025-03-12 01:02:18,971 - isca - DEBUG - 
2025-03-12 01:02:18,971 - isca - WARNING - WARNING from PE    3: socrates_init: dt_rad does not fit into one day an integer number of times
2025-03-12 01:02:18,971 - isca - DEBUG - 
2025-03-12 01:02:18,972 - isca - DEBUG - 
2025-03-12 01:02:18,972 - isca - WARNING - WARNING from PE    6: socrates_init: dt_rad does not fit into one day an integer number of times
2025-03-12 01:02:18,972 - isca - DEBUG - 
2025-03-12 01:02:18,972 - isca - DEBUG - 
2025-03-12 01:02:18,972 - isca - WARNING - WARNING from PE    2: socrates_init: dt_rad does not fit into one day an integer number of times
2025-03-12 01:02:18,972 - isca - DEBUG - 
2025-03-12 01:02:18,972 - isca - DEBUG - 
2025-03-12 01:02:18,972 - isca - WARNING - WARNING from PE    5: socrates_init: dt_rad does not fit into one day an integer number of times
2025-03-12 01:02:18,972 - isca - DEBUG - 
2025-03-12 01:02:18,974 - isca - DEBUG - 
2025-03-12 01:02:18,974 - isca - WARNING - WARNING from PE    4: socrates_init: dt_rad does not fit into one day an integer number of times
2025-03-12 01:02:18,974 - isca - DEBUG - 
2025-03-12 01:02:18,977 - isca - DEBUG - 
2025-03-12 01:02:18,977 - isca - WARNING - WARNING from PE    0: socrates_init: dt_rad does not fit into one day an integer number of times
2025-03-12 01:02:18,977 - isca - DEBUG - 
2025-03-12 01:02:18,977 - isca - DEBUG - 
2025-03-12 01:02:18,977 - isca - WARNING - WARNING from PE    0: socrates_init: dt_rad does not fit into one day an integer number of times
2025-03-12 01:02:18,977 - isca - DEBUG - 
2025-03-12 01:02:18,977 - isca - DEBUG - 
2025-03-12 01:02:18,977 - isca - WARNING - WARNING from PE    0: socrates_init: lw_hires_spectral_filename is unset, making equal to lw_spectral_filename
2025-03-12 01:02:18,977 - isca - DEBUG - 
2025-03-12 01:02:18,977 - isca - DEBUG - 
2025-03-12 01:02:18,977 - isca - WARNING - WARNING from PE    0: socrates_init: lw_hires_spectral_filename is unset, making equal to lw_spectral_filename
2025-03-12 01:02:18,977 - isca - DEBUG - 
2025-03-12 01:02:18,977 - isca - DEBUG - 
2025-03-12 01:02:18,977 - isca - WARNING - WARNING from PE   14: socrates_init: dt_rad does not fit into one day an integer number of times
2025-03-12 01:02:18,977 - isca - DEBUG - 
2025-03-12 01:02:18,977 - isca - DEBUG - 
2025-03-12 01:02:18,977 - isca - WARNING - WARNING from PE    8: socrates_init: dt_rad does not fit into one day an integer number of times
2025-03-12 01:02:18,977 - isca - DEBUG - 
2025-03-12 01:02:18,977 - isca - DEBUG - 
2025-03-12 01:02:18,978 - isca - WARNING - WARNING from PE   10: socrates_init: dt_rad does not fit into one day an integer number of times
2025-03-12 01:02:18,978 - isca - DEBUG - 
2025-03-12 01:02:18,978 - isca - DEBUG - 
2025-03-12 01:02:18,978 - isca - WARNING - WARNING from PE    0: socrates_init: sw_hires_spectral_filename is unset, making equal to sw_spectral_filename
2025-03-12 01:02:18,978 - isca - DEBUG - 
2025-03-12 01:02:18,978 - isca - DEBUG - 
2025-03-12 01:02:18,978 - isca - DEBUG - 
2025-03-12 01:02:18,978 - isca - WARNING - WARNING from PE    9: socrates_init: dt_rad does not fit into one day an integer number of times
2025-03-12 01:02:18,978 - isca - DEBUG - 
2025-03-12 01:02:18,978 - isca - WARNING - WARNING from PE    0: socrates_init: sw_hires_spectral_filename is unset, making equal to sw_spectral_filename
2025-03-12 01:02:18,978 - isca - DEBUG - 
2025-03-12 01:02:18,978 - isca - DEBUG - 
2025-03-12 01:02:18,978 - isca - WARNING - WARNING from PE   12: socrates_init: dt_rad does not fit into one day an integer number of times
2025-03-12 01:02:18,978 - isca - DEBUG - 
2025-03-12 01:02:18,978 - isca - WARNING - WARNING from PE   15: socrates_init: dt_rad does not fit into one day an integer number of times
2025-03-12 01:02:18,978 - isca - DEBUG - 
2025-03-12 01:02:18,978 - isca - DEBUG - 
2025-03-12 01:02:18,978 - isca - DEBUG - 
2025-03-12 01:02:18,978 - isca - WARNING - WARNING from PE   13: socrates_init: dt_rad does not fit into one day an integer number of times
2025-03-12 01:02:18,978 - isca - DEBUG - 
2025-03-12 01:02:18,978 - isca - WARNING - WARNING from PE   11: socrates_init: dt_rad does not fit into one day an integer number of times
2025-03-12 01:02:18,978 - isca - DEBUG - 
2025-03-12 01:02:18,978 - isca - DEBUG - 
2025-03-12 01:02:18,978 - isca - DEBUG - 
2025-03-12 01:02:18,978 - isca - WARNING - WARNING from PE    7: socrates_init: dt_rad does not fit into one day an integer number of times
2025-03-12 01:02:18,978 - isca - DEBUG - 
2025-03-12 01:02:20,095 - isca - DEBUG - NOTE from PE    0: Interpolator: Using input file with no time dimension - ozone_1990_notime_zero.nc
2025-03-12 01:02:20,095 - isca - DEBUG - Initializing src field : ozone_1990
2025-03-12 01:02:20,097 - isca - DEBUG - 
2025-03-12 01:02:20,097 - isca - DEBUG - -----------------------------------
2025-03-12 01:02:20,097 - isca - DEBUG - ____                       _
2025-03-12 01:02:20,097 - isca - DEBUG - / ___|  ___   ___ _ __ __ _| |_ ___  ___
2025-03-12 01:02:20,097 - isca - DEBUG - \___ \ / _ \ / __|  __/ _` | __/ _ \/ __|
2025-03-12 01:02:20,097 - isca - DEBUG - ___) | (_) | (__| | | (_| | ||  __/\__ \
2025-03-12 01:02:20,097 - isca - DEBUG - |____/ \___/ \___|_|  \__,_|\__\___||___/
2025-03-12 01:02:20,097 - isca - DEBUG - 
2025-03-12 01:02:20,097 - isca - DEBUG - Initialised Socrates v17.03
2025-03-12 01:02:20,098 - isca - DEBUG - Stellar constant =    1400.00000000000
2025-03-12 01:02:20,098 - isca - DEBUG - Longwave spectral file =
2025-03-12 01:02:20,098 - isca - DEBUG - /proj/bolinc/users/x_ryabo/socrates_edited_for_isca/spectral_files_for_GCMs/Sun
2025-03-12 01:02:20,098 - isca - DEBUG - /miniSuran_lw.sf WITH           16  bands
2025-03-12 01:02:20,098 - isca - DEBUG - Longwave hires spectral file =
2025-03-12 01:02:20,098 - isca - DEBUG - /proj/bolinc/users/x_ryabo/socrates_edited_for_isca/spectral_files_for_GCMs/Sun
2025-03-12 01:02:20,098 - isca - DEBUG - /miniSuran_lw.sf WITH           16  bands
2025-03-12 01:02:20,098 - isca - DEBUG - Shortwave spectral file =
2025-03-12 01:02:20,098 - isca - DEBUG - /proj/bolinc/users/x_ryabo/socrates_edited_for_isca/spectral_files_for_GCMs/Sun
2025-03-12 01:02:20,098 - isca - DEBUG - /miniSuran_sw.sf WITH           16  bands
2025-03-12 01:02:20,098 - isca - DEBUG - Shortwave hires spectral file =
2025-03-12 01:02:20,098 - isca - DEBUG - /proj/bolinc/users/x_ryabo/socrates_edited_for_isca/spectral_files_for_GCMs/Sun
2025-03-12 01:02:20,098 - isca - DEBUG - /miniSuran_sw.sf WITH           16  bands
2025-03-12 01:02:20,098 - isca - DEBUG - 
2025-03-12 01:02:20,098 - isca - DEBUG - -----------------------------------
2025-03-12 01:02:20,098 - isca - DEBUG - 
2025-03-12 01:02:51,213 - isca - DEBUG - Integration completed through   661 days     0 seconds
2025-03-12 01:03:22,246 - isca - DEBUG - Integration completed through   662 days     0 seconds
2025-03-12 01:03:53,334 - isca - DEBUG - Integration completed through   663 days     0 seconds
2025-03-12 01:04:24,524 - isca - DEBUG - Integration completed through   664 days     0 seconds
2025-03-12 01:04:55,736 - isca - DEBUG - Integration completed through   665 days     0 seconds
2025-03-12 01:05:27,016 - isca - DEBUG - Integration completed through   666 days     0 seconds
2025-03-12 01:05:58,185 - isca - DEBUG - Integration completed through   667 days     0 seconds
2025-03-12 01:06:29,366 - isca - DEBUG - Integration completed through   668 days     0 seconds
2025-03-12 01:07:00,440 - isca - DEBUG - Integration completed through   669 days     0 seconds
2025-03-12 01:07:31,529 - isca - DEBUG - Integration completed through   670 days     0 seconds
2025-03-12 01:08:02,747 - isca - DEBUG - Integration completed through   671 days     0 seconds
2025-03-12 01:08:33,890 - isca - DEBUG - Integration completed through   672 days     0 seconds
2025-03-12 01:09:04,877 - isca - DEBUG - Integration completed through   673 days     0 seconds
2025-03-12 01:09:36,110 - isca - DEBUG - Integration completed through   674 days     0 seconds
2025-03-12 01:10:07,270 - isca - DEBUG - Integration completed through   675 days     0 seconds
2025-03-12 01:10:38,615 - isca - DEBUG - Integration completed through   676 days     0 seconds
2025-03-12 01:11:10,216 - isca - DEBUG - Integration completed through   677 days     0 seconds
2025-03-12 01:11:41,851 - isca - DEBUG - Integration completed through   678 days     0 seconds
2025-03-12 01:12:13,443 - isca - DEBUG - Integration completed through   679 days     0 seconds
2025-03-12 01:12:45,371 - isca - DEBUG - Integration completed through   680 days     0 seconds
2025-03-12 01:13:17,120 - isca - DEBUG - Integration completed through   681 days     0 seconds
2025-03-12 01:13:48,703 - isca - DEBUG - Integration completed through   682 days     0 seconds
2025-03-12 01:14:20,155 - isca - DEBUG - Integration completed through   683 days     0 seconds
2025-03-12 01:14:51,440 - isca - DEBUG - Integration completed through   684 days     0 seconds
2025-03-12 01:15:22,570 - isca - DEBUG - Integration completed through   685 days     0 seconds
2025-03-12 01:15:53,611 - isca - DEBUG - Integration completed through   686 days     0 seconds
2025-03-12 01:16:24,707 - isca - DEBUG - Integration completed through   687 days     0 seconds
2025-03-12 01:16:55,603 - isca - DEBUG - Integration completed through   688 days     0 seconds
2025-03-12 01:17:26,578 - isca - DEBUG - Integration completed through   689 days     0 seconds
2025-03-12 01:17:57,606 - isca - DEBUG - Integration completed through   690 days     0 seconds
2025-03-12 01:17:57,613 - isca - DEBUG - 
2025-03-12 01:17:57,613 - isca - WARNING - WARNING from PE    0: diag_util_mod::opening_file: module/field_name (socrates/soc_toa_sw_down_clr) NOT registered
2025-03-12 01:17:57,613 - isca - DEBUG - 
2025-03-12 01:17:57,613 - isca - DEBUG - 
2025-03-12 01:17:57,613 - isca - WARNING - WARNING from PE    0: diag_util_mod::opening_file: module/field_name (cloud_simple/rh_min) NOT registered
2025-03-12 01:17:57,613 - isca - DEBUG - 
2025-03-12 01:17:57,613 - isca - DEBUG - 
2025-03-12 01:17:57,613 - isca - WARNING - WARNING from PE    0: diag_util_mod::opening_file: module/field_name (socrates/soc_toa_sw_down_clr) NOT registered
2025-03-12 01:17:57,614 - isca - DEBUG - 
2025-03-12 01:17:57,614 - isca - DEBUG - 
2025-03-12 01:17:57,614 - isca - WARNING - WARNING from PE    0: diag_util_mod::opening_file: module/field_name (cloud_simple/rh_min) NOT registered
2025-03-12 01:17:57,614 - isca - DEBUG - 
2025-03-12 01:17:57,622 - isca - DEBUG - NOTE from PE    0: MPP_IO_SET_STACK_SIZE: stack size set to     327680.
2025-03-12 01:17:57,706 - isca - DEBUG - MPP_DOMAINS_STACK high water mark=       40960
2025-03-12 01:17:57,707 - isca - DEBUG - 
2025-03-12 01:17:57,707 - isca - DEBUG - Tabulating mpp_clock statistics across     16 PEs...
2025-03-12 01:17:57,707 - isca - DEBUG - 
2025-03-12 01:17:57,707 - isca - DEBUG - tmin          tmax          tavg          tstd  tfrac grain pemin pemax
2025-03-12 01:17:57,708 - isca - DEBUG - Total runtime                       938.792566    938.797299    938.795084      0.001607  1.000     0     0    15
2025-03-12 01:17:57,708 - isca - DEBUG - MPP_STACK high water mark=           0
2025-03-12 01:17:57,846 - isca - INFO - Run 23 complete
2025-03-12 01:17:58,700 - isca - DEBUG - atmos_monthly.nc combined and copied to data directory
2025-03-12 01:18:01,443 - isca - INFO - Restart archive created at /proj/bolinc/users/x_ryabo/Isca-Ryan_outputs/planetb_presentdayEarth_rot0_Sun_noO3/restarts/res0023.tar.gz
2025-03-12 01:18:01,456 - isca - INFO - Writing namelist to '/proj/bolinc/users/x_ryabo/Isca-Ryan_outputs/planetb_presentdayEarth_rot0_Sun_noO3/run0023/input.nml'
2025-03-12 01:18:01,458 - isca - INFO - Writing field_table to '/proj/bolinc/users/x_ryabo/Isca-Ryan_outputs/planetb_presentdayEarth_rot0_Sun_noO3/run0023/field_table'
2025-03-12 01:18:01,467 - isca - INFO - Writing diag_table to '/proj/bolinc/users/x_ryabo/Isca-Ryan_outputs/planetb_presentdayEarth_rot0_Sun_noO3/run0023/diag_table'
2025-03-12 01:18:01,555 - isca - INFO - Emptied run directory '/home/x_ryabo/Isca-Ryan_tmp/experiment/planetb_presentdayEarth_rot0_Sun_noO3/run'
2025-03-12 01:18:01,571 - isca - INFO - Emptied run directory '/home/x_ryabo/Isca-Ryan_tmp/experiment/planetb_presentdayEarth_rot0_Sun_noO3/run'
2025-03-12 01:18:01,638 - isca - INFO - Writing namelist to '/home/x_ryabo/Isca-Ryan_tmp/experiment/planetb_presentdayEarth_rot0_Sun_noO3/run/input.nml'
2025-03-12 01:18:01,639 - isca - INFO - Writing field_table to '/home/x_ryabo/Isca-Ryan_tmp/experiment/planetb_presentdayEarth_rot0_Sun_noO3/run/field_table'
2025-03-12 01:18:01,647 - isca - INFO - Writing diag_table to '/home/x_ryabo/Isca-Ryan_tmp/experiment/planetb_presentdayEarth_rot0_Sun_noO3/run/diag_table'
2025-03-12 01:18:01,658 - isca - INFO - Using restart file '/proj/bolinc/users/x_ryabo/Isca-Ryan_outputs/planetb_presentdayEarth_rot0_Sun_noO3/restarts/res0023.tar.gz'
2025-03-12 01:18:02,014 - isca - INFO - Restart /proj/bolinc/users/x_ryabo/Isca-Ryan_outputs/planetb_presentdayEarth_rot0_Sun_noO3/restarts/res0023.tar.gz extracted to /home/x_ryabo/Isca-Ryan_tmp/experiment/planetb_presentdayEarth_rot0_Sun_noO3/run/INPUT
2025-03-12 01:18:02,015 - isca - INFO - Beginning run 24
2025-03-12 01:18:02,026 - isca - INFO - process running as 3899353
2025-03-12 01:18:02,026 - isca - DEBUG - loadmodules for Isca on NSC cluster Tetralith
2025-03-12 01:18:02,026 - isca - DEBUG - mpiifort
2025-03-12 01:18:02,124 - isca - DEBUG - The following modules were not unloaded:
2025-03-12 01:18:02,124 - isca - DEBUG - (Use "module --force purge" to unload all):
2025-03-12 01:18:02,124 - isca - DEBUG - 
2025-03-12 01:18:02,124 - isca - DEBUG - 1) hpc/.1.10.1
2025-03-12 01:18:02,218 - isca - DEBUG - ***************************************************
2025-03-12 01:18:02,218 - isca - DEBUG - You have loaded a buildenv module
2025-03-12 01:18:02,219 - isca - DEBUG - ***************************************************
2025-03-12 01:18:02,219 - isca - DEBUG - The buldenv-intel module makes available:
2025-03-12 01:18:02,219 - isca - DEBUG - - Compilers: icc, ifort, etc.
2025-03-12 01:18:02,219 - isca - DEBUG - - Mpi library with mpi-wrapped compilers: intel mpi with mpicc, mpifort, etc.
2025-03-12 01:18:02,219 - isca - DEBUG - - Numerical libraries: intel MKL
2025-03-12 01:18:02,219 - isca - DEBUG - 
2025-03-12 01:18:02,219 - isca - DEBUG - It also makes a set of dependency library modules available via
2025-03-12 01:18:02,219 - isca - DEBUG - the regular module command. Just do:
2025-03-12 01:18:02,219 - isca - DEBUG - module avail
2025-03-12 01:18:02,219 - isca - DEBUG - to see what is available.
2025-03-12 01:18:02,219 - isca - DEBUG - 
2025-03-12 01:18:02,219 - isca - DEBUG - NOTE: You shoud never load build environments inside submitted jobs.
2025-03-12 01:18:02,219 - isca - DEBUG - (with the single exception of when using supercomputer time to compile code.)
2025-03-12 01:18:02,219 - isca - DEBUG - 
2025-03-12 01:18:03,418 - isca - DEBUG - NOTE from PE    0: MPP_DOMAINS_SET_STACK_SIZE: stack size set to    32768.
2025-03-12 01:18:03,418 - isca - DEBUG - &MPP_IO_NML
2025-03-12 01:18:03,418 - isca - DEBUG - HEADER_BUFFER_VAL       =       16384,
2025-03-12 01:18:03,418 - isca - DEBUG - GLOBAL_FIELD_ON_ROOT_PE = T,
2025-03-12 01:18:03,418 - isca - DEBUG - IO_CLOCKS_ON    = F,
2025-03-12 01:18:03,418 - isca - DEBUG - SHUFFLE =           0,
2025-03-12 01:18:03,418 - isca - DEBUG - DEFLATE_LEVEL   =          -1
2025-03-12 01:18:03,418 - isca - DEBUG - /
2025-03-12 01:18:03,419 - isca - DEBUG - NOTE from PE    0: MPP_IO_SET_STACK_SIZE: stack size set to     131072.
2025-03-12 01:18:03,420 - isca - DEBUG - NOTE from PE    0: MPP_DOMAINS_SET_STACK_SIZE: stack size set to   600000.
2025-03-12 01:18:03,427 - isca - DEBUG - starting            1  OpenMP threads per MPI-task
2025-03-12 01:18:03,429 - isca - DEBUG - ATMOS MODEL DOMAIN DECOMPOSITION
2025-03-12 01:18:03,429 - isca - DEBUG - X-AXIS =  128
2025-03-12 01:18:03,429 - isca - DEBUG - Y-AXIS =    4   4   4   4   4   4   4   4   4   4   4   4   4   4   4   4
2025-03-12 01:18:03,471 - isca - DEBUG - NOTE from PE    0: cloud_simple: Using SimCloud cloud scheme
2025-03-12 01:18:03,472 - isca - DEBUG - NOTE from PE    0: ls_cloud: Using linear cloud fraction diagnostic formula.
2025-03-12 01:18:03,472 - isca - DEBUG - NOTE from PE    0: cloud_cover: The cloud overlap assumption is MAXIMUM-RANDOM
2025-03-12 01:18:03,473 - isca - DEBUG - NOTE from PE    0: idealized_moist_phys: Using Frierson Quasi-Equilibrium convection scheme.
2025-03-12 01:18:03,473 - isca - DEBUG - 
2025-03-12 01:18:03,473 - isca - WARNING - WARNING from PE    3: socrates_init: dt_rad does not fit into one day an integer number of times
2025-03-12 01:18:03,473 - isca - DEBUG - 
2025-03-12 01:18:03,475 - isca - DEBUG - 
2025-03-12 01:18:03,476 - isca - WARNING - WARNING from PE    5: socrates_init: dt_rad does not fit into one day an integer number of times
2025-03-12 01:18:03,476 - isca - DEBUG - 
2025-03-12 01:18:03,476 - isca - DEBUG - 
2025-03-12 01:18:03,476 - isca - WARNING - WARNING from PE    2: socrates_init: dt_rad does not fit into one day an integer number of times
2025-03-12 01:18:03,476 - isca - DEBUG - 
2025-03-12 01:18:03,476 - isca - DEBUG - 
2025-03-12 01:18:03,476 - isca - WARNING - WARNING from PE    4: socrates_init: dt_rad does not fit into one day an integer number of times
2025-03-12 01:18:03,476 - isca - DEBUG - 
2025-03-12 01:18:03,476 - isca - DEBUG - 
2025-03-12 01:18:03,476 - isca - WARNING - WARNING from PE    1: socrates_init: dt_rad does not fit into one day an integer number of times
2025-03-12 01:18:03,476 - isca - DEBUG - 
2025-03-12 01:18:03,476 - isca - DEBUG - 
2025-03-12 01:18:03,476 - isca - WARNING - WARNING from PE    6: socrates_init: dt_rad does not fit into one day an integer number of times
2025-03-12 01:18:03,476 - isca - DEBUG - 
2025-03-12 01:18:03,481 - isca - DEBUG - 
2025-03-12 01:18:03,481 - isca - DEBUG - 
2025-03-12 01:18:03,481 - isca - WARNING - WARNING from PE   13: socrates_init: dt_rad does not fit into one day an integer number of times
2025-03-12 01:18:03,482 - isca - DEBUG - 
2025-03-12 01:18:03,482 - isca - DEBUG - 
2025-03-12 01:18:03,482 - isca - WARNING - WARNING from PE   14: socrates_init: dt_rad does not fit into one day an integer number of times
2025-03-12 01:18:03,482 - isca - DEBUG - 
2025-03-12 01:18:03,482 - isca - WARNING - WARNING from PE   11: socrates_init: dt_rad does not fit into one day an integer number of times
2025-03-12 01:18:03,482 - isca - DEBUG - 
2025-03-12 01:18:03,482 - isca - WARNING - WARNING from PE    7: socrates_init: dt_rad does not fit into one day an integer number of times
2025-03-12 01:18:03,482 - isca - DEBUG - 
2025-03-12 01:18:03,482 - isca - DEBUG - 
2025-03-12 01:18:03,482 - isca - DEBUG - 
2025-03-12 01:18:03,482 - isca - WARNING - WARNING from PE    9: socrates_init: dt_rad does not fit into one day an integer number of times
2025-03-12 01:18:03,482 - isca - DEBUG - 
2025-03-12 01:18:03,482 - isca - DEBUG - 
2025-03-12 01:18:03,482 - isca - WARNING - WARNING from PE   10: socrates_init: dt_rad does not fit into one day an integer number of times
2025-03-12 01:18:03,482 - isca - DEBUG - 
2025-03-12 01:18:03,482 - isca - DEBUG - 
2025-03-12 01:18:03,482 - isca - WARNING - WARNING from PE   12: socrates_init: dt_rad does not fit into one day an integer number of times
2025-03-12 01:18:03,482 - isca - DEBUG - 
2025-03-12 01:18:03,482 - isca - DEBUG - 
2025-03-12 01:18:03,482 - isca - WARNING - WARNING from PE    8: socrates_init: dt_rad does not fit into one day an integer number of times
2025-03-12 01:18:03,482 - isca - DEBUG - 
2025-03-12 01:18:03,482 - isca - WARNING - WARNING from PE   15: socrates_init: dt_rad does not fit into one day an integer number of times
2025-03-12 01:18:03,482 - isca - DEBUG - 
2025-03-12 01:18:03,482 - isca - DEBUG - 
2025-03-12 01:18:03,483 - isca - DEBUG - 
2025-03-12 01:18:03,483 - isca - WARNING - WARNING from PE    0: socrates_init: dt_rad does not fit into one day an integer number of times
2025-03-12 01:18:03,483 - isca - DEBUG - 
2025-03-12 01:18:03,483 - isca - DEBUG - 
2025-03-12 01:18:03,483 - isca - WARNING - WARNING from PE    0: socrates_init: dt_rad does not fit into one day an integer number of times
2025-03-12 01:18:03,483 - isca - DEBUG - 
2025-03-12 01:18:03,483 - isca - DEBUG - 
2025-03-12 01:18:03,483 - isca - WARNING - WARNING from PE    0: socrates_init: lw_hires_spectral_filename is unset, making equal to lw_spectral_filename
2025-03-12 01:18:03,484 - isca - DEBUG - 
2025-03-12 01:18:03,484 - isca - DEBUG - 
2025-03-12 01:18:03,484 - isca - WARNING - WARNING from PE    0: socrates_init: lw_hires_spectral_filename is unset, making equal to lw_spectral_filename
2025-03-12 01:18:03,484 - isca - DEBUG - 
2025-03-12 01:18:03,484 - isca - DEBUG - 
2025-03-12 01:18:03,484 - isca - WARNING - WARNING from PE    0: socrates_init: sw_hires_spectral_filename is unset, making equal to sw_spectral_filename
2025-03-12 01:18:03,484 - isca - DEBUG - 
2025-03-12 01:18:03,484 - isca - DEBUG - 
2025-03-12 01:18:03,484 - isca - WARNING - WARNING from PE    0: socrates_init: sw_hires_spectral_filename is unset, making equal to sw_spectral_filename
2025-03-12 01:18:03,485 - isca - DEBUG - 
2025-03-12 01:18:04,563 - isca - DEBUG - NOTE from PE    0: Interpolator: Using input file with no time dimension - ozone_1990_notime_zero.nc
2025-03-12 01:18:04,563 - isca - DEBUG - Initializing src field : ozone_1990
2025-03-12 01:18:04,565 - isca - DEBUG - 
2025-03-12 01:18:04,565 - isca - DEBUG - -----------------------------------
2025-03-12 01:18:04,565 - isca - DEBUG - ____                       _
2025-03-12 01:18:04,565 - isca - DEBUG - / ___|  ___   ___ _ __ __ _| |_ ___  ___
2025-03-12 01:18:04,565 - isca - DEBUG - \___ \ / _ \ / __|  __/ _` | __/ _ \/ __|
2025-03-12 01:18:04,565 - isca - DEBUG - ___) | (_) | (__| | | (_| | ||  __/\__ \
2025-03-12 01:18:04,565 - isca - DEBUG - |____/ \___/ \___|_|  \__,_|\__\___||___/
2025-03-12 01:18:04,565 - isca - DEBUG - 
2025-03-12 01:18:04,565 - isca - DEBUG - Initialised Socrates v17.03
2025-03-12 01:18:04,566 - isca - DEBUG - Stellar constant =    1400.00000000000
2025-03-12 01:18:04,566 - isca - DEBUG - Longwave spectral file =
2025-03-12 01:18:04,566 - isca - DEBUG - /proj/bolinc/users/x_ryabo/socrates_edited_for_isca/spectral_files_for_GCMs/Sun
2025-03-12 01:18:04,566 - isca - DEBUG - /miniSuran_lw.sf WITH           16  bands
2025-03-12 01:18:04,566 - isca - DEBUG - Longwave hires spectral file =
2025-03-12 01:18:04,566 - isca - DEBUG - /proj/bolinc/users/x_ryabo/socrates_edited_for_isca/spectral_files_for_GCMs/Sun
2025-03-12 01:18:04,566 - isca - DEBUG - /miniSuran_lw.sf WITH           16  bands
2025-03-12 01:18:04,566 - isca - DEBUG - Shortwave spectral file =
2025-03-12 01:18:04,566 - isca - DEBUG - /proj/bolinc/users/x_ryabo/socrates_edited_for_isca/spectral_files_for_GCMs/Sun
2025-03-12 01:18:04,566 - isca - DEBUG - /miniSuran_sw.sf WITH           16  bands
2025-03-12 01:18:04,567 - isca - DEBUG - Shortwave hires spectral file =
2025-03-12 01:18:04,567 - isca - DEBUG - /proj/bolinc/users/x_ryabo/socrates_edited_for_isca/spectral_files_for_GCMs/Sun
2025-03-12 01:18:04,567 - isca - DEBUG - /miniSuran_sw.sf WITH           16  bands
2025-03-12 01:18:04,567 - isca - DEBUG - 
2025-03-12 01:18:04,567 - isca - DEBUG - -----------------------------------
2025-03-12 01:18:04,567 - isca - DEBUG - 
2025-03-12 01:18:36,355 - isca - DEBUG - Integration completed through   691 days     0 seconds
2025-03-12 01:19:07,775 - isca - DEBUG - Integration completed through   692 days     0 seconds
2025-03-12 01:19:39,339 - isca - DEBUG - Integration completed through   693 days     0 seconds
2025-03-12 01:20:11,359 - isca - DEBUG - Integration completed through   694 days     0 seconds
2025-03-12 01:20:43,335 - isca - DEBUG - Integration completed through   695 days     0 seconds
2025-03-12 01:21:14,742 - isca - DEBUG - Integration completed through   696 days     0 seconds
2025-03-12 01:21:46,004 - isca - DEBUG - Integration completed through   697 days     0 seconds
2025-03-12 01:22:17,309 - isca - DEBUG - Integration completed through   698 days     0 seconds
2025-03-12 01:22:48,521 - isca - DEBUG - Integration completed through   699 days     0 seconds
2025-03-12 01:23:19,698 - isca - DEBUG - Integration completed through   700 days     0 seconds
2025-03-12 01:23:50,851 - isca - DEBUG - Integration completed through   701 days     0 seconds
2025-03-12 01:24:21,965 - isca - DEBUG - Integration completed through   702 days     0 seconds
2025-03-12 01:24:53,528 - isca - DEBUG - Integration completed through   703 days     0 seconds
2025-03-12 01:25:28,120 - isca - DEBUG - Integration completed through   704 days     0 seconds
2025-03-12 01:26:02,912 - isca - DEBUG - Integration completed through   705 days     0 seconds
2025-03-12 01:26:37,842 - isca - DEBUG - Integration completed through   706 days     0 seconds
2025-03-12 01:27:12,519 - isca - DEBUG - Integration completed through   707 days     0 seconds
2025-03-12 01:27:46,992 - isca - DEBUG - Integration completed through   708 days     0 seconds
2025-03-12 01:28:21,275 - isca - DEBUG - Integration completed through   709 days     0 seconds
2025-03-12 01:28:55,442 - isca - DEBUG - Integration completed through   710 days     0 seconds
2025-03-12 01:29:29,473 - isca - DEBUG - Integration completed through   711 days     0 seconds
2025-03-12 01:30:03,544 - isca - DEBUG - Integration completed through   712 days     0 seconds
2025-03-12 01:30:37,540 - isca - DEBUG - Integration completed through   713 days     0 seconds
2025-03-12 01:31:11,783 - isca - DEBUG - Integration completed through   714 days     0 seconds
2025-03-12 01:31:45,992 - isca - DEBUG - Integration completed through   715 days     0 seconds
2025-03-12 01:32:20,063 - isca - DEBUG - Integration completed through   716 days     0 seconds
2025-03-12 01:32:54,288 - isca - DEBUG - Integration completed through   717 days     0 seconds
2025-03-12 01:33:28,703 - isca - DEBUG - Integration completed through   718 days     0 seconds
2025-03-12 01:34:03,196 - isca - DEBUG - Integration completed through   719 days     0 seconds
2025-03-12 01:34:37,501 - isca - DEBUG - Integration completed through   720 days     0 seconds
2025-03-12 01:34:37,508 - isca - DEBUG - 
2025-03-12 01:34:37,508 - isca - WARNING - WARNING from PE    0: diag_util_mod::opening_file: module/field_name (socrates/soc_toa_sw_down_clr) NOT registered
2025-03-12 01:34:37,509 - isca - DEBUG - 
2025-03-12 01:34:37,509 - isca - DEBUG - 
2025-03-12 01:34:37,509 - isca - WARNING - WARNING from PE    0: diag_util_mod::opening_file: module/field_name (socrates/soc_toa_sw_down_clr) NOT registered
2025-03-12 01:34:37,509 - isca - DEBUG - 
2025-03-12 01:34:37,509 - isca - DEBUG - 
2025-03-12 01:34:37,509 - isca - WARNING - WARNING from PE    0: diag_util_mod::opening_file: module/field_name (cloud_simple/rh_min) NOT registered
2025-03-12 01:34:37,509 - isca - DEBUG - 
2025-03-12 01:34:37,509 - isca - DEBUG - 
2025-03-12 01:34:37,509 - isca - WARNING - WARNING from PE    0: diag_util_mod::opening_file: module/field_name (cloud_simple/rh_min) NOT registered
2025-03-12 01:34:37,509 - isca - DEBUG - 
2025-03-12 01:34:37,518 - isca - DEBUG - NOTE from PE    0: MPP_IO_SET_STACK_SIZE: stack size set to     327680.
2025-03-12 01:34:37,608 - isca - DEBUG - MPP_DOMAINS_STACK high water mark=       40960
2025-03-12 01:34:37,608 - isca - DEBUG - 
2025-03-12 01:34:37,608 - isca - DEBUG - Tabulating mpp_clock statistics across     16 PEs...
2025-03-12 01:34:37,608 - isca - DEBUG - 
2025-03-12 01:34:37,608 - isca - DEBUG - tmin          tmax          tavg          tstd  tfrac grain pemin pemax
2025-03-12 01:34:37,609 - isca - DEBUG - Total runtime                       994.188810    994.194607    994.191346      0.001568  1.000     0     0    15
2025-03-12 01:34:37,609 - isca - DEBUG - MPP_STACK high water mark=           0
2025-03-12 01:34:37,758 - isca - INFO - Run 24 complete
2025-03-12 01:34:38,739 - isca - DEBUG - atmos_monthly.nc combined and copied to data directory
2025-03-12 01:34:42,008 - isca - INFO - Restart archive created at /proj/bolinc/users/x_ryabo/Isca-Ryan_outputs/planetb_presentdayEarth_rot0_Sun_noO3/restarts/res0024.tar.gz
2025-03-12 01:34:42,022 - isca - INFO - Writing namelist to '/proj/bolinc/users/x_ryabo/Isca-Ryan_outputs/planetb_presentdayEarth_rot0_Sun_noO3/run0024/input.nml'
2025-03-12 01:34:42,023 - isca - INFO - Writing field_table to '/proj/bolinc/users/x_ryabo/Isca-Ryan_outputs/planetb_presentdayEarth_rot0_Sun_noO3/run0024/field_table'
2025-03-12 01:34:42,038 - isca - INFO - Writing diag_table to '/proj/bolinc/users/x_ryabo/Isca-Ryan_outputs/planetb_presentdayEarth_rot0_Sun_noO3/run0024/diag_table'
2025-03-12 01:34:42,174 - isca - INFO - Emptied run directory '/home/x_ryabo/Isca-Ryan_tmp/experiment/planetb_presentdayEarth_rot0_Sun_noO3/run'
2025-03-12 01:34:42,200 - isca - INFO - Emptied run directory '/home/x_ryabo/Isca-Ryan_tmp/experiment/planetb_presentdayEarth_rot0_Sun_noO3/run'
2025-03-12 01:34:42,300 - isca - INFO - Writing namelist to '/home/x_ryabo/Isca-Ryan_tmp/experiment/planetb_presentdayEarth_rot0_Sun_noO3/run/input.nml'
2025-03-12 01:34:42,301 - isca - INFO - Writing field_table to '/home/x_ryabo/Isca-Ryan_tmp/experiment/planetb_presentdayEarth_rot0_Sun_noO3/run/field_table'
2025-03-12 01:34:42,315 - isca - INFO - Writing diag_table to '/home/x_ryabo/Isca-Ryan_tmp/experiment/planetb_presentdayEarth_rot0_Sun_noO3/run/diag_table'
2025-03-12 01:34:42,335 - isca - INFO - Using restart file '/proj/bolinc/users/x_ryabo/Isca-Ryan_outputs/planetb_presentdayEarth_rot0_Sun_noO3/restarts/res0024.tar.gz'
2025-03-12 01:34:42,756 - isca - INFO - Restart /proj/bolinc/users/x_ryabo/Isca-Ryan_outputs/planetb_presentdayEarth_rot0_Sun_noO3/restarts/res0024.tar.gz extracted to /home/x_ryabo/Isca-Ryan_tmp/experiment/planetb_presentdayEarth_rot0_Sun_noO3/run/INPUT
2025-03-12 01:34:42,757 - isca - INFO - Beginning run 25
2025-03-12 01:34:42,771 - isca - INFO - process running as 3906191
2025-03-12 01:34:42,771 - isca - DEBUG - loadmodules for Isca on NSC cluster Tetralith
2025-03-12 01:34:42,771 - isca - DEBUG - mpiifort
2025-03-12 01:34:42,885 - isca - DEBUG - The following modules were not unloaded:
2025-03-12 01:34:42,885 - isca - DEBUG - (Use "module --force purge" to unload all):
2025-03-12 01:34:42,885 - isca - DEBUG - 
2025-03-12 01:34:42,885 - isca - DEBUG - 1) hpc/.1.10.1
2025-03-12 01:34:42,997 - isca - DEBUG - ***************************************************
2025-03-12 01:34:42,997 - isca - DEBUG - You have loaded a buildenv module
2025-03-12 01:34:42,997 - isca - DEBUG - ***************************************************
2025-03-12 01:34:42,997 - isca - DEBUG - The buldenv-intel module makes available:
2025-03-12 01:34:42,997 - isca - DEBUG - - Compilers: icc, ifort, etc.
2025-03-12 01:34:42,997 - isca - DEBUG - - Mpi library with mpi-wrapped compilers: intel mpi with mpicc, mpifort, etc.
2025-03-12 01:34:42,997 - isca - DEBUG - - Numerical libraries: intel MKL
2025-03-12 01:34:42,997 - isca - DEBUG - 
2025-03-12 01:34:42,997 - isca - DEBUG - It also makes a set of dependency library modules available via
2025-03-12 01:34:42,997 - isca - DEBUG - the regular module command. Just do:
2025-03-12 01:34:42,998 - isca - DEBUG - module avail
2025-03-12 01:34:42,998 - isca - DEBUG - to see what is available.
2025-03-12 01:34:42,998 - isca - DEBUG - 
2025-03-12 01:34:42,998 - isca - DEBUG - NOTE: You shoud never load build environments inside submitted jobs.
2025-03-12 01:34:42,998 - isca - DEBUG - (with the single exception of when using supercomputer time to compile code.)
2025-03-12 01:34:42,998 - isca - DEBUG - 
2025-03-12 01:34:44,290 - isca - DEBUG - NOTE from PE    0: MPP_DOMAINS_SET_STACK_SIZE: stack size set to    32768.
2025-03-12 01:34:44,291 - isca - DEBUG - &MPP_IO_NML
2025-03-12 01:34:44,291 - isca - DEBUG - HEADER_BUFFER_VAL       =       16384,
2025-03-12 01:34:44,291 - isca - DEBUG - GLOBAL_FIELD_ON_ROOT_PE = T,
2025-03-12 01:34:44,291 - isca - DEBUG - IO_CLOCKS_ON    = F,
2025-03-12 01:34:44,291 - isca - DEBUG - SHUFFLE =           0,
2025-03-12 01:34:44,291 - isca - DEBUG - DEFLATE_LEVEL   =          -1
2025-03-12 01:34:44,291 - isca - DEBUG - /
2025-03-12 01:34:44,292 - isca - DEBUG - NOTE from PE    0: MPP_IO_SET_STACK_SIZE: stack size set to     131072.
2025-03-12 01:34:44,293 - isca - DEBUG - NOTE from PE    0: MPP_DOMAINS_SET_STACK_SIZE: stack size set to   600000.
2025-03-12 01:34:44,301 - isca - DEBUG - starting            1  OpenMP threads per MPI-task
2025-03-12 01:34:44,303 - isca - DEBUG - ATMOS MODEL DOMAIN DECOMPOSITION
2025-03-12 01:34:44,304 - isca - DEBUG - X-AXIS =  128
2025-03-12 01:34:44,304 - isca - DEBUG - Y-AXIS =    4   4   4   4   4   4   4   4   4   4   4   4   4   4   4   4
2025-03-12 01:34:44,353 - isca - DEBUG - NOTE from PE    0: cloud_simple: Using SimCloud cloud scheme
2025-03-12 01:34:44,354 - isca - DEBUG - NOTE from PE    0: ls_cloud: Using linear cloud fraction diagnostic formula.
2025-03-12 01:34:44,355 - isca - DEBUG - NOTE from PE    0: cloud_cover: The cloud overlap assumption is MAXIMUM-RANDOM
2025-03-12 01:34:44,355 - isca - DEBUG - NOTE from PE    0: idealized_moist_phys: Using Frierson Quasi-Equilibrium convection scheme.
2025-03-12 01:34:44,358 - isca - DEBUG - 
2025-03-12 01:34:44,358 - isca - WARNING - WARNING from PE    1: socrates_init: dt_rad does not fit into one day an integer number of times
2025-03-12 01:34:44,358 - isca - DEBUG - 
2025-03-12 01:34:44,358 - isca - DEBUG - 
2025-03-12 01:34:44,358 - isca - WARNING - WARNING from PE    3: socrates_init: dt_rad does not fit into one day an integer number of times
2025-03-12 01:34:44,358 - isca - DEBUG - 
2025-03-12 01:34:44,358 - isca - DEBUG - 
2025-03-12 01:34:44,358 - isca - WARNING - WARNING from PE    2: socrates_init: dt_rad does not fit into one day an integer number of times
2025-03-12 01:34:44,358 - isca - DEBUG - 
2025-03-12 01:34:44,359 - isca - DEBUG - 
2025-03-12 01:34:44,359 - isca - WARNING - WARNING from PE    6: socrates_init: dt_rad does not fit into one day an integer number of times
2025-03-12 01:34:44,359 - isca - DEBUG - 
2025-03-12 01:34:44,359 - isca - DEBUG - 
2025-03-12 01:34:44,359 - isca - WARNING - WARNING from PE    5: socrates_init: dt_rad does not fit into one day an integer number of times
2025-03-12 01:34:44,359 - isca - DEBUG - 
2025-03-12 01:34:44,360 - isca - DEBUG - 
2025-03-12 01:34:44,360 - isca - WARNING - WARNING from PE   14: socrates_init: dt_rad does not fit into one day an integer number of times
2025-03-12 01:34:44,360 - isca - DEBUG - 
2025-03-12 01:34:44,361 - isca - DEBUG - 
2025-03-12 01:34:44,361 - isca - WARNING - WARNING from PE    4: socrates_init: dt_rad does not fit into one day an integer number of times
2025-03-12 01:34:44,361 - isca - DEBUG - 
2025-03-12 01:34:44,361 - isca - DEBUG - 
2025-03-12 01:34:44,361 - isca - WARNING - WARNING from PE   13: socrates_init: dt_rad does not fit into one day an integer number of times
2025-03-12 01:34:44,362 - isca - DEBUG - 
2025-03-12 01:34:44,362 - isca - DEBUG - 
2025-03-12 01:34:44,362 - isca - WARNING - WARNING from PE   12: socrates_init: dt_rad does not fit into one day an integer number of times
2025-03-12 01:34:44,362 - isca - DEBUG - 
2025-03-12 01:34:44,362 - isca - DEBUG - 
2025-03-12 01:34:44,362 - isca - WARNING - WARNING from PE   15: socrates_init: dt_rad does not fit into one day an integer number of times
2025-03-12 01:34:44,362 - isca - DEBUG - 
2025-03-12 01:34:44,362 - isca - WARNING - WARNING from PE    8: socrates_init: dt_rad does not fit into one day an integer number of times
2025-03-12 01:34:44,362 - isca - DEBUG - 
2025-03-12 01:34:44,362 - isca - DEBUG - 
2025-03-12 01:34:44,362 - isca - DEBUG - 
2025-03-12 01:34:44,362 - isca - DEBUG - 
2025-03-12 01:34:44,362 - isca - WARNING - WARNING from PE    7: socrates_init: dt_rad does not fit into one day an integer number of times
2025-03-12 01:34:44,362 - isca - DEBUG - 
2025-03-12 01:34:44,362 - isca - WARNING - WARNING from PE    9: socrates_init: dt_rad does not fit into one day an integer number of times
2025-03-12 01:34:44,362 - isca - DEBUG - 
2025-03-12 01:34:44,362 - isca - DEBUG - 
2025-03-12 01:34:44,362 - isca - DEBUG - 
2025-03-12 01:34:44,362 - isca - WARNING - WARNING from PE   10: socrates_init: dt_rad does not fit into one day an integer number of times
2025-03-12 01:34:44,362 - isca - DEBUG - 
2025-03-12 01:34:44,362 - isca - WARNING - WARNING from PE   11: socrates_init: dt_rad does not fit into one day an integer number of times
2025-03-12 01:34:44,362 - isca - DEBUG - 
2025-03-12 01:34:44,364 - isca - DEBUG - 
2025-03-12 01:34:44,364 - isca - WARNING - WARNING from PE    0: socrates_init: dt_rad does not fit into one day an integer number of times
2025-03-12 01:34:44,364 - isca - DEBUG - 
2025-03-12 01:34:44,364 - isca - DEBUG - 
2025-03-12 01:34:44,364 - isca - WARNING - WARNING from PE    0: socrates_init: dt_rad does not fit into one day an integer number of times
2025-03-12 01:34:44,364 - isca - DEBUG - 
2025-03-12 01:34:44,364 - isca - DEBUG - 
2025-03-12 01:34:44,364 - isca - WARNING - WARNING from PE    0: socrates_init: lw_hires_spectral_filename is unset, making equal to lw_spectral_filename
2025-03-12 01:34:44,364 - isca - DEBUG - 
2025-03-12 01:34:44,364 - isca - DEBUG - 
2025-03-12 01:34:44,364 - isca - WARNING - WARNING from PE    0: socrates_init: lw_hires_spectral_filename is unset, making equal to lw_spectral_filename
2025-03-12 01:34:44,364 - isca - DEBUG - 
2025-03-12 01:34:44,364 - isca - DEBUG - 
2025-03-12 01:34:44,364 - isca - WARNING - WARNING from PE    0: socrates_init: sw_hires_spectral_filename is unset, making equal to sw_spectral_filename
2025-03-12 01:34:44,364 - isca - DEBUG - 
2025-03-12 01:34:44,365 - isca - DEBUG - 
2025-03-12 01:34:44,365 - isca - WARNING - WARNING from PE    0: socrates_init: sw_hires_spectral_filename is unset, making equal to sw_spectral_filename
2025-03-12 01:34:44,365 - isca - DEBUG - 
2025-03-12 01:34:45,707 - isca - DEBUG - NOTE from PE    0: Interpolator: Using input file with no time dimension - ozone_1990_notime_zero.nc
2025-03-12 01:34:45,707 - isca - DEBUG - Initializing src field : ozone_1990
2025-03-12 01:34:45,709 - isca - DEBUG - 
2025-03-12 01:34:45,709 - isca - DEBUG - -----------------------------------
2025-03-12 01:34:45,709 - isca - DEBUG - ____                       _
2025-03-12 01:34:45,709 - isca - DEBUG - / ___|  ___   ___ _ __ __ _| |_ ___  ___
2025-03-12 01:34:45,709 - isca - DEBUG - \___ \ / _ \ / __|  __/ _` | __/ _ \/ __|
2025-03-12 01:34:45,709 - isca - DEBUG - ___) | (_) | (__| | | (_| | ||  __/\__ \
2025-03-12 01:34:45,709 - isca - DEBUG - |____/ \___/ \___|_|  \__,_|\__\___||___/
2025-03-12 01:34:45,709 - isca - DEBUG - 
2025-03-12 01:34:45,709 - isca - DEBUG - Initialised Socrates v17.03
2025-03-12 01:34:45,709 - isca - DEBUG - Stellar constant =    1400.00000000000
2025-03-12 01:34:45,709 - isca - DEBUG - Longwave spectral file =
2025-03-12 01:34:45,709 - isca - DEBUG - /proj/bolinc/users/x_ryabo/socrates_edited_for_isca/spectral_files_for_GCMs/Sun
2025-03-12 01:34:45,710 - isca - DEBUG - /miniSuran_lw.sf WITH           16  bands
2025-03-12 01:34:45,710 - isca - DEBUG - Longwave hires spectral file =
2025-03-12 01:34:45,710 - isca - DEBUG - /proj/bolinc/users/x_ryabo/socrates_edited_for_isca/spectral_files_for_GCMs/Sun
2025-03-12 01:34:45,710 - isca - DEBUG - /miniSuran_lw.sf WITH           16  bands
2025-03-12 01:34:45,710 - isca - DEBUG - Shortwave spectral file =
2025-03-12 01:34:45,710 - isca - DEBUG - /proj/bolinc/users/x_ryabo/socrates_edited_for_isca/spectral_files_for_GCMs/Sun
2025-03-12 01:34:45,710 - isca - DEBUG - /miniSuran_sw.sf WITH           16  bands
2025-03-12 01:34:45,710 - isca - DEBUG - Shortwave hires spectral file =
2025-03-12 01:34:45,710 - isca - DEBUG - /proj/bolinc/users/x_ryabo/socrates_edited_for_isca/spectral_files_for_GCMs/Sun
2025-03-12 01:34:45,710 - isca - DEBUG - /miniSuran_sw.sf WITH           16  bands
2025-03-12 01:34:45,710 - isca - DEBUG - 
2025-03-12 01:34:45,710 - isca - DEBUG - -----------------------------------
2025-03-12 01:34:45,710 - isca - DEBUG - 
2025-03-12 01:35:20,119 - isca - DEBUG - Integration completed through   721 days     0 seconds
2025-03-12 01:35:54,487 - isca - DEBUG - Integration completed through   722 days     0 seconds
2025-03-12 01:36:28,783 - isca - DEBUG - Integration completed through   723 days     0 seconds
2025-03-12 01:37:03,158 - isca - DEBUG - Integration completed through   724 days     0 seconds
2025-03-12 01:37:37,424 - isca - DEBUG - Integration completed through   725 days     0 seconds
2025-03-12 01:38:11,894 - isca - DEBUG - Integration completed through   726 days     0 seconds
2025-03-12 01:38:46,383 - isca - DEBUG - Integration completed through   727 days     0 seconds
2025-03-12 01:39:20,773 - isca - DEBUG - Integration completed through   728 days     0 seconds
2025-03-12 01:39:55,442 - isca - DEBUG - Integration completed through   729 days     0 seconds
2025-03-12 01:40:29,860 - isca - DEBUG - Integration completed through   730 days     0 seconds
2025-03-12 01:41:04,446 - isca - DEBUG - Integration completed through   731 days     0 seconds
2025-03-12 01:41:39,135 - isca - DEBUG - Integration completed through   732 days     0 seconds
2025-03-12 01:42:13,751 - isca - DEBUG - Integration completed through   733 days     0 seconds
2025-03-12 01:42:48,406 - isca - DEBUG - Integration completed through   734 days     0 seconds
2025-03-12 01:43:22,811 - isca - DEBUG - Integration completed through   735 days     0 seconds
2025-03-12 01:43:57,687 - isca - DEBUG - Integration completed through   736 days     0 seconds
2025-03-12 01:44:32,360 - isca - DEBUG - Integration completed through   737 days     0 seconds
2025-03-12 01:45:06,974 - isca - DEBUG - Integration completed through   738 days     0 seconds
2025-03-12 01:45:41,474 - isca - DEBUG - Integration completed through   739 days     0 seconds
2025-03-12 01:46:16,116 - isca - DEBUG - Integration completed through   740 days     0 seconds
2025-03-12 01:46:50,752 - isca - DEBUG - Integration completed through   741 days     0 seconds
2025-03-12 01:47:25,244 - isca - DEBUG - Integration completed through   742 days     0 seconds
2025-03-12 01:47:59,957 - isca - DEBUG - Integration completed through   743 days     0 seconds
2025-03-12 01:48:34,589 - isca - DEBUG - Integration completed through   744 days     0 seconds
2025-03-12 01:49:09,315 - isca - DEBUG - Integration completed through   745 days     0 seconds
2025-03-12 01:49:43,980 - isca - DEBUG - Integration completed through   746 days     0 seconds
2025-03-12 01:50:18,649 - isca - DEBUG - Integration completed through   747 days     0 seconds
2025-03-12 01:50:53,484 - isca - DEBUG - Integration completed through   748 days     0 seconds
2025-03-12 01:51:28,074 - isca - DEBUG - Integration completed through   749 days     0 seconds
2025-03-12 01:52:02,664 - isca - DEBUG - Integration completed through   750 days     0 seconds
2025-03-12 01:52:02,671 - isca - DEBUG - 
2025-03-12 01:52:02,671 - isca - WARNING - WARNING from PE    0: diag_util_mod::opening_file: module/field_name (socrates/soc_toa_sw_down_clr) NOT registered
2025-03-12 01:52:02,671 - isca - DEBUG - 
2025-03-12 01:52:02,671 - isca - DEBUG - 
2025-03-12 01:52:02,671 - isca - WARNING - WARNING from PE    0: diag_util_mod::opening_file: module/field_name (socrates/soc_toa_sw_down_clr) NOT registered
2025-03-12 01:52:02,671 - isca - DEBUG - 
2025-03-12 01:52:02,671 - isca - DEBUG - 
2025-03-12 01:52:02,671 - isca - WARNING - WARNING from PE    0: diag_util_mod::opening_file: module/field_name (cloud_simple/rh_min) NOT registered
2025-03-12 01:52:02,671 - isca - DEBUG - 
2025-03-12 01:52:02,671 - isca - DEBUG - 
2025-03-12 01:52:02,671 - isca - WARNING - WARNING from PE    0: diag_util_mod::opening_file: module/field_name (cloud_simple/rh_min) NOT registered
2025-03-12 01:52:02,671 - isca - DEBUG - 
2025-03-12 01:52:02,680 - isca - DEBUG - NOTE from PE    0: MPP_IO_SET_STACK_SIZE: stack size set to     327680.
2025-03-12 01:52:02,777 - isca - DEBUG - MPP_DOMAINS_STACK high water mark=       40960
2025-03-12 01:52:02,777 - isca - DEBUG - 
2025-03-12 01:52:02,777 - isca - DEBUG - Tabulating mpp_clock statistics across     16 PEs...
2025-03-12 01:52:02,777 - isca - DEBUG - 
2025-03-12 01:52:02,777 - isca - DEBUG - tmin          tmax          tavg          tstd  tfrac grain pemin pemax
2025-03-12 01:52:02,778 - isca - DEBUG - Total runtime                      1038.485207   1038.490874   1038.487894      0.001587  1.000     0     0    15
2025-03-12 01:52:02,778 - isca - DEBUG - MPP_STACK high water mark=           0
2025-03-12 01:52:02,996 - isca - INFO - Run 25 complete
2025-03-12 01:52:03,969 - isca - DEBUG - atmos_monthly.nc combined and copied to data directory
2025-03-12 01:52:07,241 - isca - INFO - Restart archive created at /proj/bolinc/users/x_ryabo/Isca-Ryan_outputs/planetb_presentdayEarth_rot0_Sun_noO3/restarts/res0025.tar.gz
2025-03-12 01:52:07,255 - isca - INFO - Writing namelist to '/proj/bolinc/users/x_ryabo/Isca-Ryan_outputs/planetb_presentdayEarth_rot0_Sun_noO3/run0025/input.nml'
2025-03-12 01:52:07,257 - isca - INFO - Writing field_table to '/proj/bolinc/users/x_ryabo/Isca-Ryan_outputs/planetb_presentdayEarth_rot0_Sun_noO3/run0025/field_table'
2025-03-12 01:52:07,270 - isca - INFO - Writing diag_table to '/proj/bolinc/users/x_ryabo/Isca-Ryan_outputs/planetb_presentdayEarth_rot0_Sun_noO3/run0025/diag_table'
2025-03-12 01:52:07,398 - isca - INFO - Emptied run directory '/home/x_ryabo/Isca-Ryan_tmp/experiment/planetb_presentdayEarth_rot0_Sun_noO3/run'
2025-03-12 01:52:07,425 - isca - INFO - Emptied run directory '/home/x_ryabo/Isca-Ryan_tmp/experiment/planetb_presentdayEarth_rot0_Sun_noO3/run'
2025-03-12 01:52:07,526 - isca - INFO - Writing namelist to '/home/x_ryabo/Isca-Ryan_tmp/experiment/planetb_presentdayEarth_rot0_Sun_noO3/run/input.nml'
2025-03-12 01:52:07,527 - isca - INFO - Writing field_table to '/home/x_ryabo/Isca-Ryan_tmp/experiment/planetb_presentdayEarth_rot0_Sun_noO3/run/field_table'
2025-03-12 01:52:07,541 - isca - INFO - Writing diag_table to '/home/x_ryabo/Isca-Ryan_tmp/experiment/planetb_presentdayEarth_rot0_Sun_noO3/run/diag_table'
2025-03-12 01:52:07,557 - isca - INFO - Using restart file '/proj/bolinc/users/x_ryabo/Isca-Ryan_outputs/planetb_presentdayEarth_rot0_Sun_noO3/restarts/res0025.tar.gz'
2025-03-12 01:52:07,980 - isca - INFO - Restart /proj/bolinc/users/x_ryabo/Isca-Ryan_outputs/planetb_presentdayEarth_rot0_Sun_noO3/restarts/res0025.tar.gz extracted to /home/x_ryabo/Isca-Ryan_tmp/experiment/planetb_presentdayEarth_rot0_Sun_noO3/run/INPUT
2025-03-12 01:52:07,980 - isca - INFO - Beginning run 26
2025-03-12 01:52:07,993 - isca - INFO - process running as 3907038
2025-03-12 01:52:07,994 - isca - DEBUG - loadmodules for Isca on NSC cluster Tetralith
2025-03-12 01:52:07,994 - isca - DEBUG - mpiifort
2025-03-12 01:52:08,110 - isca - DEBUG - The following modules were not unloaded:
2025-03-12 01:52:08,110 - isca - DEBUG - (Use "module --force purge" to unload all):
2025-03-12 01:52:08,110 - isca - DEBUG - 
2025-03-12 01:52:08,110 - isca - DEBUG - 1) hpc/.1.10.1
2025-03-12 01:52:08,224 - isca - DEBUG - ***************************************************
2025-03-12 01:52:08,224 - isca - DEBUG - You have loaded a buildenv module
2025-03-12 01:52:08,224 - isca - DEBUG - ***************************************************
2025-03-12 01:52:08,224 - isca - DEBUG - The buldenv-intel module makes available:
2025-03-12 01:52:08,224 - isca - DEBUG - - Compilers: icc, ifort, etc.
2025-03-12 01:52:08,224 - isca - DEBUG - - Mpi library with mpi-wrapped compilers: intel mpi with mpicc, mpifort, etc.
2025-03-12 01:52:08,224 - isca - DEBUG - - Numerical libraries: intel MKL
2025-03-12 01:52:08,224 - isca - DEBUG - 
2025-03-12 01:52:08,224 - isca - DEBUG - It also makes a set of dependency library modules available via
2025-03-12 01:52:08,224 - isca - DEBUG - the regular module command. Just do:
2025-03-12 01:52:08,224 - isca - DEBUG - module avail
2025-03-12 01:52:08,224 - isca - DEBUG - to see what is available.
2025-03-12 01:52:08,224 - isca - DEBUG - 
2025-03-12 01:52:08,225 - isca - DEBUG - NOTE: You shoud never load build environments inside submitted jobs.
2025-03-12 01:52:08,225 - isca - DEBUG - (with the single exception of when using supercomputer time to compile code.)
2025-03-12 01:52:08,225 - isca - DEBUG - 
2025-03-12 01:52:09,493 - isca - DEBUG - NOTE from PE    0: MPP_DOMAINS_SET_STACK_SIZE: stack size set to    32768.
2025-03-12 01:52:09,493 - isca - DEBUG - &MPP_IO_NML
2025-03-12 01:52:09,493 - isca - DEBUG - HEADER_BUFFER_VAL       =       16384,
2025-03-12 01:52:09,494 - isca - DEBUG - GLOBAL_FIELD_ON_ROOT_PE = T,
2025-03-12 01:52:09,494 - isca - DEBUG - IO_CLOCKS_ON    = F,
2025-03-12 01:52:09,494 - isca - DEBUG - SHUFFLE =           0,
2025-03-12 01:52:09,494 - isca - DEBUG - DEFLATE_LEVEL   =          -1
2025-03-12 01:52:09,494 - isca - DEBUG - /
2025-03-12 01:52:09,495 - isca - DEBUG - NOTE from PE    0: MPP_IO_SET_STACK_SIZE: stack size set to     131072.
2025-03-12 01:52:09,496 - isca - DEBUG - NOTE from PE    0: MPP_DOMAINS_SET_STACK_SIZE: stack size set to   600000.
2025-03-12 01:52:09,504 - isca - DEBUG - starting            1  OpenMP threads per MPI-task
2025-03-12 01:52:09,506 - isca - DEBUG - ATMOS MODEL DOMAIN DECOMPOSITION
2025-03-12 01:52:09,506 - isca - DEBUG - X-AXIS =  128
2025-03-12 01:52:09,507 - isca - DEBUG - Y-AXIS =    4   4   4   4   4   4   4   4   4   4   4   4   4   4   4   4
2025-03-12 01:52:09,559 - isca - DEBUG - NOTE from PE    0: cloud_simple: Using SimCloud cloud scheme
2025-03-12 01:52:09,560 - isca - DEBUG - 
2025-03-12 01:52:09,560 - isca - WARNING - WARNING from PE    9: socrates_init: dt_rad does not fit into one day an integer number of times
2025-03-12 01:52:09,560 - isca - DEBUG - 
2025-03-12 01:52:09,560 - isca - DEBUG - 
2025-03-12 01:52:09,560 - isca - WARNING - WARNING from PE   15: socrates_init: dt_rad does not fit into one day an integer number of times
2025-03-12 01:52:09,561 - isca - DEBUG - 
2025-03-12 01:52:09,561 - isca - DEBUG - NOTE from PE    0: ls_cloud: Using linear cloud fraction diagnostic formula.
2025-03-12 01:52:09,561 - isca - DEBUG - NOTE from PE    0: cloud_cover: The cloud overlap assumption is MAXIMUM-RANDOM
2025-03-12 01:52:09,561 - isca - DEBUG - NOTE from PE    0: idealized_moist_phys: Using Frierson Quasi-Equilibrium convection scheme.
2025-03-12 01:52:09,564 - isca - DEBUG - 
2025-03-12 01:52:09,564 - isca - DEBUG - 
2025-03-12 01:52:09,564 - isca - WARNING - WARNING from PE    3: socrates_init: dt_rad does not fit into one day an integer number of times
2025-03-12 01:52:09,564 - isca - DEBUG - 
2025-03-12 01:52:09,564 - isca - WARNING - WARNING from PE    1: socrates_init: dt_rad does not fit into one day an integer number of times
2025-03-12 01:52:09,564 - isca - DEBUG - 
2025-03-12 01:52:09,564 - isca - DEBUG - 
2025-03-12 01:52:09,565 - isca - WARNING - WARNING from PE    6: socrates_init: dt_rad does not fit into one day an integer number of times
2025-03-12 01:52:09,565 - isca - DEBUG - 
2025-03-12 01:52:09,565 - isca - DEBUG - 
2025-03-12 01:52:09,565 - isca - DEBUG - 
2025-03-12 01:52:09,565 - isca - WARNING - WARNING from PE    2: socrates_init: dt_rad does not fit into one day an integer number of times
2025-03-12 01:52:09,565 - isca - DEBUG - 
2025-03-12 01:52:09,565 - isca - WARNING - WARNING from PE    4: socrates_init: dt_rad does not fit into one day an integer number of times
2025-03-12 01:52:09,565 - isca - DEBUG - 
2025-03-12 01:52:09,566 - isca - DEBUG - 
2025-03-12 01:52:09,566 - isca - WARNING - WARNING from PE    5: socrates_init: dt_rad does not fit into one day an integer number of times
2025-03-12 01:52:09,566 - isca - DEBUG - 
2025-03-12 01:52:09,566 - isca - WARNING - WARNING from PE    8: socrates_init: dt_rad does not fit into one day an integer number of times
2025-03-12 01:52:09,566 - isca - DEBUG - 
2025-03-12 01:52:09,567 - isca - DEBUG - 
2025-03-12 01:52:09,567 - isca - WARNING - WARNING from PE   12: socrates_init: dt_rad does not fit into one day an integer number of times
2025-03-12 01:52:09,567 - isca - DEBUG - 
2025-03-12 01:52:09,567 - isca - DEBUG - 
2025-03-12 01:52:09,567 - isca - WARNING - WARNING from PE   10: socrates_init: dt_rad does not fit into one day an integer number of times
2025-03-12 01:52:09,567 - isca - DEBUG - 
2025-03-12 01:52:09,567 - isca - DEBUG - 
2025-03-12 01:52:09,567 - isca - WARNING - WARNING from PE   11: socrates_init: dt_rad does not fit into one day an integer number of times
2025-03-12 01:52:09,567 - isca - DEBUG - 
2025-03-12 01:52:09,567 - isca - DEBUG - 
2025-03-12 01:52:09,567 - isca - WARNING - WARNING from PE   13: socrates_init: dt_rad does not fit into one day an integer number of times
2025-03-12 01:52:09,567 - isca - DEBUG - 
2025-03-12 01:52:09,567 - isca - DEBUG - 
2025-03-12 01:52:09,567 - isca - WARNING - WARNING from PE   14: socrates_init: dt_rad does not fit into one day an integer number of times
2025-03-12 01:52:09,567 - isca - DEBUG - 
2025-03-12 01:52:09,567 - isca - DEBUG - 
2025-03-12 01:52:09,567 - isca - WARNING - WARNING from PE    7: socrates_init: dt_rad does not fit into one day an integer number of times
2025-03-12 01:52:09,567 - isca - DEBUG - 
2025-03-12 01:52:09,568 - isca - DEBUG - 
2025-03-12 01:52:09,570 - isca - DEBUG - 
2025-03-12 01:52:09,571 - isca - WARNING - WARNING from PE    0: socrates_init: dt_rad does not fit into one day an integer number of times
2025-03-12 01:52:09,571 - isca - DEBUG - 
2025-03-12 01:52:09,571 - isca - DEBUG - 
2025-03-12 01:52:09,571 - isca - WARNING - WARNING from PE    0: socrates_init: dt_rad does not fit into one day an integer number of times
2025-03-12 01:52:09,571 - isca - DEBUG - 
2025-03-12 01:52:09,571 - isca - DEBUG - 
2025-03-12 01:52:09,571 - isca - WARNING - WARNING from PE    0: socrates_init: lw_hires_spectral_filename is unset, making equal to lw_spectral_filename
2025-03-12 01:52:09,571 - isca - DEBUG - 
2025-03-12 01:52:09,571 - isca - DEBUG - 
2025-03-12 01:52:09,571 - isca - WARNING - WARNING from PE    0: socrates_init: lw_hires_spectral_filename is unset, making equal to lw_spectral_filename
2025-03-12 01:52:09,571 - isca - DEBUG - 
2025-03-12 01:52:09,571 - isca - DEBUG - 
2025-03-12 01:52:09,571 - isca - WARNING - WARNING from PE    0: socrates_init: sw_hires_spectral_filename is unset, making equal to sw_spectral_filename
2025-03-12 01:52:09,571 - isca - DEBUG - 
2025-03-12 01:52:09,571 - isca - DEBUG - 
2025-03-12 01:52:09,571 - isca - WARNING - WARNING from PE    0: socrates_init: sw_hires_spectral_filename is unset, making equal to sw_spectral_filename
2025-03-12 01:52:09,571 - isca - DEBUG - 
2025-03-12 01:52:10,795 - isca - DEBUG - NOTE from PE    0: Interpolator: Using input file with no time dimension - ozone_1990_notime_zero.nc
2025-03-12 01:52:10,795 - isca - DEBUG - Initializing src field : ozone_1990
2025-03-12 01:52:10,797 - isca - DEBUG - 
2025-03-12 01:52:10,797 - isca - DEBUG - -----------------------------------
2025-03-12 01:52:10,797 - isca - DEBUG - ____                       _
2025-03-12 01:52:10,797 - isca - DEBUG - / ___|  ___   ___ _ __ __ _| |_ ___  ___
2025-03-12 01:52:10,797 - isca - DEBUG - \___ \ / _ \ / __|  __/ _` | __/ _ \/ __|
2025-03-12 01:52:10,797 - isca - DEBUG - ___) | (_) | (__| | | (_| | ||  __/\__ \
2025-03-12 01:52:10,797 - isca - DEBUG - |____/ \___/ \___|_|  \__,_|\__\___||___/
2025-03-12 01:52:10,797 - isca - DEBUG - 
2025-03-12 01:52:10,797 - isca - DEBUG - Initialised Socrates v17.03
2025-03-12 01:52:10,797 - isca - DEBUG - Stellar constant =    1400.00000000000
2025-03-12 01:52:10,797 - isca - DEBUG - Longwave spectral file =
2025-03-12 01:52:10,797 - isca - DEBUG - /proj/bolinc/users/x_ryabo/socrates_edited_for_isca/spectral_files_for_GCMs/Sun
2025-03-12 01:52:10,798 - isca - DEBUG - /miniSuran_lw.sf WITH           16  bands
2025-03-12 01:52:10,798 - isca - DEBUG - Longwave hires spectral file =
2025-03-12 01:52:10,798 - isca - DEBUG - /proj/bolinc/users/x_ryabo/socrates_edited_for_isca/spectral_files_for_GCMs/Sun
2025-03-12 01:52:10,798 - isca - DEBUG - /miniSuran_lw.sf WITH           16  bands
2025-03-12 01:52:10,798 - isca - DEBUG - Shortwave spectral file =
2025-03-12 01:52:10,798 - isca - DEBUG - /proj/bolinc/users/x_ryabo/socrates_edited_for_isca/spectral_files_for_GCMs/Sun
2025-03-12 01:52:10,798 - isca - DEBUG - /miniSuran_sw.sf WITH           16  bands
2025-03-12 01:52:10,798 - isca - DEBUG - Shortwave hires spectral file =
2025-03-12 01:52:10,798 - isca - DEBUG - /proj/bolinc/users/x_ryabo/socrates_edited_for_isca/spectral_files_for_GCMs/Sun
2025-03-12 01:52:10,798 - isca - DEBUG - /miniSuran_sw.sf WITH           16  bands
2025-03-12 01:52:10,798 - isca - DEBUG - 
2025-03-12 01:52:10,798 - isca - DEBUG - -----------------------------------
2025-03-12 01:52:10,798 - isca - DEBUG - 
2025-03-12 01:52:45,607 - isca - DEBUG - Integration completed through   751 days     0 seconds
2025-03-12 01:53:20,419 - isca - DEBUG - Integration completed through   752 days     0 seconds
2025-03-12 01:53:55,212 - isca - DEBUG - Integration completed through   753 days     0 seconds
2025-03-12 01:54:30,024 - isca - DEBUG - Integration completed through   754 days     0 seconds
2025-03-12 01:55:04,675 - isca - DEBUG - Integration completed through   755 days     0 seconds
2025-03-12 01:55:39,505 - isca - DEBUG - Integration completed through   756 days     0 seconds
2025-03-12 01:56:14,557 - isca - DEBUG - Integration completed through   757 days     0 seconds
2025-03-12 01:56:48,967 - isca - DEBUG - Integration completed through   758 days     0 seconds
2025-03-12 01:57:23,573 - isca - DEBUG - Integration completed through   759 days     0 seconds
2025-03-12 01:57:58,315 - isca - DEBUG - Integration completed through   760 days     0 seconds
2025-03-12 01:58:32,657 - isca - DEBUG - Integration completed through   761 days     0 seconds
2025-03-12 01:59:07,280 - isca - DEBUG - Integration completed through   762 days     0 seconds
2025-03-12 01:59:41,698 - isca - DEBUG - Integration completed through   763 days     0 seconds
2025-03-12 02:00:16,138 - isca - DEBUG - Integration completed through   764 days     0 seconds
2025-03-12 02:00:50,490 - isca - DEBUG - Integration completed through   765 days     0 seconds
2025-03-12 02:01:25,101 - isca - DEBUG - Integration completed through   766 days     0 seconds
2025-03-12 02:01:59,972 - isca - DEBUG - Integration completed through   767 days     0 seconds
2025-03-12 02:02:34,601 - isca - DEBUG - Integration completed through   768 days     0 seconds
2025-03-12 02:03:09,372 - isca - DEBUG - Integration completed through   769 days     0 seconds
2025-03-12 02:03:46,842 - isca - DEBUG - Integration completed through   770 days     0 seconds
2025-03-12 02:04:21,347 - isca - DEBUG - Integration completed through   771 days     0 seconds
2025-03-12 02:04:55,851 - isca - DEBUG - Integration completed through   772 days     0 seconds
2025-03-12 02:05:30,253 - isca - DEBUG - Integration completed through   773 days     0 seconds
2025-03-12 02:06:04,746 - isca - DEBUG - Integration completed through   774 days     0 seconds
2025-03-12 02:06:39,193 - isca - DEBUG - Integration completed through   775 days     0 seconds
2025-03-12 02:07:13,661 - isca - DEBUG - Integration completed through   776 days     0 seconds
2025-03-12 02:07:48,013 - isca - DEBUG - Integration completed through   777 days     0 seconds
2025-03-12 02:08:21,805 - isca - DEBUG - Integration completed through   778 days     0 seconds
2025-03-12 02:08:55,518 - isca - DEBUG - Integration completed through   779 days     0 seconds
2025-03-12 02:09:28,332 - isca - DEBUG - Integration completed through   780 days     0 seconds
2025-03-12 02:09:28,339 - isca - DEBUG - 
2025-03-12 02:09:28,339 - isca - WARNING - WARNING from PE    0: diag_util_mod::opening_file: module/field_name (socrates/soc_toa_sw_down_clr) NOT registered
2025-03-12 02:09:28,339 - isca - DEBUG - 
2025-03-12 02:09:28,339 - isca - DEBUG - 
2025-03-12 02:09:28,339 - isca - WARNING - WARNING from PE    0: diag_util_mod::opening_file: module/field_name (socrates/soc_toa_sw_down_clr) NOT registered
2025-03-12 02:09:28,339 - isca - DEBUG - 
2025-03-12 02:09:28,339 - isca - DEBUG - 
2025-03-12 02:09:28,340 - isca - WARNING - WARNING from PE    0: diag_util_mod::opening_file: module/field_name (cloud_simple/rh_min) NOT registered
2025-03-12 02:09:28,340 - isca - DEBUG - 
2025-03-12 02:09:28,340 - isca - DEBUG - 
2025-03-12 02:09:28,340 - isca - WARNING - WARNING from PE    0: diag_util_mod::opening_file: module/field_name (cloud_simple/rh_min) NOT registered
2025-03-12 02:09:28,340 - isca - DEBUG - 
2025-03-12 02:09:28,350 - isca - DEBUG - NOTE from PE    0: MPP_IO_SET_STACK_SIZE: stack size set to     327680.
2025-03-12 02:09:28,494 - isca - DEBUG - MPP_DOMAINS_STACK high water mark=       40960
2025-03-12 02:09:28,494 - isca - DEBUG - 
2025-03-12 02:09:28,494 - isca - DEBUG - Tabulating mpp_clock statistics across     16 PEs...
2025-03-12 02:09:28,494 - isca - DEBUG - 
2025-03-12 02:09:28,494 - isca - DEBUG - tmin          tmax          tavg          tstd  tfrac grain pemin pemax
2025-03-12 02:09:28,495 - isca - DEBUG - Total runtime                      1038.998241   1039.005744   1039.001341      0.002093  1.000     0     0    15
2025-03-12 02:09:28,495 - isca - DEBUG - MPP_STACK high water mark=           0
2025-03-12 02:09:28,659 - isca - INFO - Run 26 complete
2025-03-12 02:09:29,552 - isca - DEBUG - atmos_monthly.nc combined and copied to data directory
2025-03-12 02:09:32,792 - isca - INFO - Restart archive created at /proj/bolinc/users/x_ryabo/Isca-Ryan_outputs/planetb_presentdayEarth_rot0_Sun_noO3/restarts/res0026.tar.gz
2025-03-12 02:09:32,806 - isca - INFO - Writing namelist to '/proj/bolinc/users/x_ryabo/Isca-Ryan_outputs/planetb_presentdayEarth_rot0_Sun_noO3/run0026/input.nml'
2025-03-12 02:09:32,808 - isca - INFO - Writing field_table to '/proj/bolinc/users/x_ryabo/Isca-Ryan_outputs/planetb_presentdayEarth_rot0_Sun_noO3/run0026/field_table'
2025-03-12 02:09:32,821 - isca - INFO - Writing diag_table to '/proj/bolinc/users/x_ryabo/Isca-Ryan_outputs/planetb_presentdayEarth_rot0_Sun_noO3/run0026/diag_table'
2025-03-12 02:09:32,938 - isca - INFO - Emptied run directory '/home/x_ryabo/Isca-Ryan_tmp/experiment/planetb_presentdayEarth_rot0_Sun_noO3/run'
2025-03-12 02:09:32,964 - isca - INFO - Emptied run directory '/home/x_ryabo/Isca-Ryan_tmp/experiment/planetb_presentdayEarth_rot0_Sun_noO3/run'
2025-03-12 02:09:33,059 - isca - INFO - Writing namelist to '/home/x_ryabo/Isca-Ryan_tmp/experiment/planetb_presentdayEarth_rot0_Sun_noO3/run/input.nml'
2025-03-12 02:09:33,060 - isca - INFO - Writing field_table to '/home/x_ryabo/Isca-Ryan_tmp/experiment/planetb_presentdayEarth_rot0_Sun_noO3/run/field_table'
2025-03-12 02:09:33,074 - isca - INFO - Writing diag_table to '/home/x_ryabo/Isca-Ryan_tmp/experiment/planetb_presentdayEarth_rot0_Sun_noO3/run/diag_table'
2025-03-12 02:09:33,089 - isca - INFO - Using restart file '/proj/bolinc/users/x_ryabo/Isca-Ryan_outputs/planetb_presentdayEarth_rot0_Sun_noO3/restarts/res0026.tar.gz'
2025-03-12 02:09:33,508 - isca - INFO - Restart /proj/bolinc/users/x_ryabo/Isca-Ryan_outputs/planetb_presentdayEarth_rot0_Sun_noO3/restarts/res0026.tar.gz extracted to /home/x_ryabo/Isca-Ryan_tmp/experiment/planetb_presentdayEarth_rot0_Sun_noO3/run/INPUT
2025-03-12 02:09:33,509 - isca - INFO - Beginning run 27
2025-03-12 02:09:33,522 - isca - INFO - process running as 3914808
2025-03-12 02:09:33,522 - isca - DEBUG - loadmodules for Isca on NSC cluster Tetralith
2025-03-12 02:09:33,522 - isca - DEBUG - mpiifort
2025-03-12 02:09:33,625 - isca - DEBUG - The following modules were not unloaded:
2025-03-12 02:09:33,625 - isca - DEBUG - (Use "module --force purge" to unload all):
2025-03-12 02:09:33,625 - isca - DEBUG - 
2025-03-12 02:09:33,625 - isca - DEBUG - 1) hpc/.1.10.1
2025-03-12 02:09:33,727 - isca - DEBUG - ***************************************************
2025-03-12 02:09:33,727 - isca - DEBUG - You have loaded a buildenv module
2025-03-12 02:09:33,727 - isca - DEBUG - ***************************************************
2025-03-12 02:09:33,727 - isca - DEBUG - The buldenv-intel module makes available:
2025-03-12 02:09:33,727 - isca - DEBUG - - Compilers: icc, ifort, etc.
2025-03-12 02:09:33,727 - isca - DEBUG - - Mpi library with mpi-wrapped compilers: intel mpi with mpicc, mpifort, etc.
2025-03-12 02:09:33,727 - isca - DEBUG - - Numerical libraries: intel MKL
2025-03-12 02:09:33,727 - isca - DEBUG - 
2025-03-12 02:09:33,727 - isca - DEBUG - It also makes a set of dependency library modules available via
2025-03-12 02:09:33,727 - isca - DEBUG - the regular module command. Just do:
2025-03-12 02:09:33,727 - isca - DEBUG - module avail
2025-03-12 02:09:33,727 - isca - DEBUG - to see what is available.
2025-03-12 02:09:33,727 - isca - DEBUG - 
2025-03-12 02:09:33,727 - isca - DEBUG - NOTE: You shoud never load build environments inside submitted jobs.
2025-03-12 02:09:33,727 - isca - DEBUG - (with the single exception of when using supercomputer time to compile code.)
2025-03-12 02:09:33,727 - isca - DEBUG - 
2025-03-12 02:09:35,739 - isca - DEBUG - NOTE from PE    0: MPP_DOMAINS_SET_STACK_SIZE: stack size set to    32768.
2025-03-12 02:09:35,739 - isca - DEBUG - &MPP_IO_NML
2025-03-12 02:09:35,739 - isca - DEBUG - HEADER_BUFFER_VAL       =       16384,
2025-03-12 02:09:35,739 - isca - DEBUG - GLOBAL_FIELD_ON_ROOT_PE = T,
2025-03-12 02:09:35,739 - isca - DEBUG - IO_CLOCKS_ON    = F,
2025-03-12 02:09:35,739 - isca - DEBUG - SHUFFLE =           0,
2025-03-12 02:09:35,739 - isca - DEBUG - DEFLATE_LEVEL   =          -1
2025-03-12 02:09:35,739 - isca - DEBUG - /
2025-03-12 02:09:35,741 - isca - DEBUG - NOTE from PE    0: MPP_IO_SET_STACK_SIZE: stack size set to     131072.
2025-03-12 02:09:35,742 - isca - DEBUG - NOTE from PE    0: MPP_DOMAINS_SET_STACK_SIZE: stack size set to   600000.
2025-03-12 02:09:35,749 - isca - DEBUG - starting            1  OpenMP threads per MPI-task
2025-03-12 02:09:35,751 - isca - DEBUG - ATMOS MODEL DOMAIN DECOMPOSITION
2025-03-12 02:09:35,751 - isca - DEBUG - X-AXIS =  128
2025-03-12 02:09:35,751 - isca - DEBUG - Y-AXIS =    4   4   4   4   4   4   4   4   4   4   4   4   4   4   4   4
2025-03-12 02:09:35,802 - isca - DEBUG - NOTE from PE    0: cloud_simple: Using SimCloud cloud scheme
2025-03-12 02:09:35,802 - isca - DEBUG - 
2025-03-12 02:09:35,802 - isca - WARNING - WARNING from PE   12: socrates_init: dt_rad does not fit into one day an integer number of times
2025-03-12 02:09:35,802 - isca - DEBUG - 
2025-03-12 02:09:35,803 - isca - DEBUG - NOTE from PE    0: ls_cloud: Using linear cloud fraction diagnostic formula.
2025-03-12 02:09:35,803 - isca - DEBUG - NOTE from PE    0: cloud_cover: The cloud overlap assumption is MAXIMUM-RANDOM
2025-03-12 02:09:35,803 - isca - DEBUG - NOTE from PE    0: idealized_moist_phys: Using Frierson Quasi-Equilibrium convection scheme.
2025-03-12 02:09:35,804 - isca - DEBUG - 
2025-03-12 02:09:35,804 - isca - DEBUG - 
2025-03-12 02:09:35,804 - isca - WARNING - WARNING from PE   11: socrates_init: dt_rad does not fit into one day an integer number of times
2025-03-12 02:09:35,804 - isca - DEBUG - 
2025-03-12 02:09:35,804 - isca - WARNING - WARNING from PE    9: socrates_init: dt_rad does not fit into one day an integer number of times
2025-03-12 02:09:35,804 - isca - DEBUG - 
2025-03-12 02:09:35,804 - isca - WARNING - WARNING from PE    8: socrates_init: dt_rad does not fit into one day an integer number of times
2025-03-12 02:09:35,804 - isca - DEBUG - 
2025-03-12 02:09:35,804 - isca - DEBUG - 
2025-03-12 02:09:35,804 - isca - DEBUG - 
2025-03-12 02:09:35,804 - isca - DEBUG - 
2025-03-12 02:09:35,804 - isca - WARNING - WARNING from PE   10: socrates_init: dt_rad does not fit into one day an integer number of times
2025-03-12 02:09:35,804 - isca - DEBUG - 
2025-03-12 02:09:35,804 - isca - WARNING - WARNING from PE   14: socrates_init: dt_rad does not fit into one day an integer number of times
2025-03-12 02:09:35,804 - isca - DEBUG - 
2025-03-12 02:09:35,804 - isca - WARNING - WARNING from PE   13: socrates_init: dt_rad does not fit into one day an integer number of times
2025-03-12 02:09:35,804 - isca - DEBUG - 
2025-03-12 02:09:35,804 - isca - DEBUG - 
2025-03-12 02:09:35,804 - isca - DEBUG - 
2025-03-12 02:09:35,804 - isca - WARNING - WARNING from PE   15: socrates_init: dt_rad does not fit into one day an integer number of times
2025-03-12 02:09:35,805 - isca - DEBUG - 
2025-03-12 02:09:35,805 - isca - DEBUG - 
2025-03-12 02:09:35,805 - isca - WARNING - WARNING from PE    7: socrates_init: dt_rad does not fit into one day an integer number of times
2025-03-12 02:09:35,805 - isca - DEBUG - 
2025-03-12 02:09:35,807 - isca - DEBUG - 
2025-03-12 02:09:35,807 - isca - WARNING - WARNING from PE    3: socrates_init: dt_rad does not fit into one day an integer number of times
2025-03-12 02:09:35,807 - isca - DEBUG - 
2025-03-12 02:09:35,807 - isca - DEBUG - 
2025-03-12 02:09:35,807 - isca - DEBUG - 
2025-03-12 02:09:35,807 - isca - WARNING - WARNING from PE    6: socrates_init: dt_rad does not fit into one day an integer number of times
2025-03-12 02:09:35,807 - isca - DEBUG - 
2025-03-12 02:09:35,807 - isca - WARNING - WARNING from PE    2: socrates_init: dt_rad does not fit into one day an integer number of times
2025-03-12 02:09:35,807 - isca - DEBUG - 
2025-03-12 02:09:35,808 - isca - DEBUG - 
2025-03-12 02:09:35,808 - isca - WARNING - WARNING from PE    5: socrates_init: dt_rad does not fit into one day an integer number of times
2025-03-12 02:09:35,808 - isca - DEBUG - 
2025-03-12 02:09:35,808 - isca - DEBUG - 
2025-03-12 02:09:35,808 - isca - WARNING - WARNING from PE    4: socrates_init: dt_rad does not fit into one day an integer number of times
2025-03-12 02:09:35,808 - isca - DEBUG - 
2025-03-12 02:09:35,810 - isca - DEBUG - 
2025-03-12 02:09:35,810 - isca - WARNING - WARNING from PE    1: socrates_init: dt_rad does not fit into one day an integer number of times
2025-03-12 02:09:35,810 - isca - DEBUG - 
2025-03-12 02:09:35,812 - isca - DEBUG - 
2025-03-12 02:09:35,812 - isca - WARNING - WARNING from PE    0: socrates_init: dt_rad does not fit into one day an integer number of times
2025-03-12 02:09:35,812 - isca - DEBUG - 
2025-03-12 02:09:35,812 - isca - DEBUG - 
2025-03-12 02:09:35,812 - isca - WARNING - WARNING from PE    0: socrates_init: dt_rad does not fit into one day an integer number of times
2025-03-12 02:09:35,812 - isca - DEBUG - 
2025-03-12 02:09:35,812 - isca - DEBUG - 
2025-03-12 02:09:35,812 - isca - WARNING - WARNING from PE    0: socrates_init: lw_hires_spectral_filename is unset, making equal to lw_spectral_filename
2025-03-12 02:09:35,812 - isca - DEBUG - 
2025-03-12 02:09:35,812 - isca - DEBUG - 
2025-03-12 02:09:35,812 - isca - WARNING - WARNING from PE    0: socrates_init: lw_hires_spectral_filename is unset, making equal to lw_spectral_filename
2025-03-12 02:09:35,812 - isca - DEBUG - 
2025-03-12 02:09:35,812 - isca - DEBUG - 
2025-03-12 02:09:35,812 - isca - WARNING - WARNING from PE    0: socrates_init: sw_hires_spectral_filename is unset, making equal to sw_spectral_filename
2025-03-12 02:09:35,812 - isca - DEBUG - 
2025-03-12 02:09:35,813 - isca - DEBUG - 
2025-03-12 02:09:35,813 - isca - WARNING - WARNING from PE    0: socrates_init: sw_hires_spectral_filename is unset, making equal to sw_spectral_filename
2025-03-12 02:09:35,813 - isca - DEBUG - 
2025-03-12 02:09:37,006 - isca - DEBUG - NOTE from PE    0: Interpolator: Using input file with no time dimension - ozone_1990_notime_zero.nc
2025-03-12 02:09:37,006 - isca - DEBUG - Initializing src field : ozone_1990
2025-03-12 02:09:37,008 - isca - DEBUG - 
2025-03-12 02:09:37,008 - isca - DEBUG - -----------------------------------
2025-03-12 02:09:37,008 - isca - DEBUG - ____                       _
2025-03-12 02:09:37,008 - isca - DEBUG - / ___|  ___   ___ _ __ __ _| |_ ___  ___
2025-03-12 02:09:37,008 - isca - DEBUG - \___ \ / _ \ / __|  __/ _` | __/ _ \/ __|
2025-03-12 02:09:37,008 - isca - DEBUG - ___) | (_) | (__| | | (_| | ||  __/\__ \
2025-03-12 02:09:37,008 - isca - DEBUG - |____/ \___/ \___|_|  \__,_|\__\___||___/
2025-03-12 02:09:37,008 - isca - DEBUG - 
2025-03-12 02:09:37,008 - isca - DEBUG - Initialised Socrates v17.03
2025-03-12 02:09:37,008 - isca - DEBUG - Stellar constant =    1400.00000000000
2025-03-12 02:09:37,009 - isca - DEBUG - Longwave spectral file =
2025-03-12 02:09:37,009 - isca - DEBUG - /proj/bolinc/users/x_ryabo/socrates_edited_for_isca/spectral_files_for_GCMs/Sun
2025-03-12 02:09:37,009 - isca - DEBUG - /miniSuran_lw.sf WITH           16  bands
2025-03-12 02:09:37,009 - isca - DEBUG - Longwave hires spectral file =
2025-03-12 02:09:37,009 - isca - DEBUG - /proj/bolinc/users/x_ryabo/socrates_edited_for_isca/spectral_files_for_GCMs/Sun
2025-03-12 02:09:37,009 - isca - DEBUG - /miniSuran_lw.sf WITH           16  bands
2025-03-12 02:09:37,009 - isca - DEBUG - Shortwave spectral file =
2025-03-12 02:09:37,009 - isca - DEBUG - /proj/bolinc/users/x_ryabo/socrates_edited_for_isca/spectral_files_for_GCMs/Sun
2025-03-12 02:09:37,009 - isca - DEBUG - /miniSuran_sw.sf WITH           16  bands
2025-03-12 02:09:37,009 - isca - DEBUG - Shortwave hires spectral file =
2025-03-12 02:09:37,009 - isca - DEBUG - /proj/bolinc/users/x_ryabo/socrates_edited_for_isca/spectral_files_for_GCMs/Sun
2025-03-12 02:09:37,009 - isca - DEBUG - /miniSuran_sw.sf WITH           16  bands
2025-03-12 02:09:37,009 - isca - DEBUG - 
2025-03-12 02:09:37,009 - isca - DEBUG - -----------------------------------
2025-03-12 02:09:37,009 - isca - DEBUG - 
2025-03-12 02:10:11,550 - isca - DEBUG - Integration completed through   781 days     0 seconds
2025-03-12 02:10:46,041 - isca - DEBUG - Integration completed through   782 days     0 seconds
2025-03-12 02:11:21,235 - isca - DEBUG - Integration completed through   783 days     0 seconds
2025-03-12 02:11:56,335 - isca - DEBUG - Integration completed through   784 days     0 seconds
2025-03-12 02:12:31,284 - isca - DEBUG - Integration completed through   785 days     0 seconds
2025-03-12 02:13:05,714 - isca - DEBUG - Integration completed through   786 days     0 seconds
2025-03-12 02:13:40,110 - isca - DEBUG - Integration completed through   787 days     0 seconds
2025-03-12 02:14:14,641 - isca - DEBUG - Integration completed through   788 days     0 seconds
2025-03-12 02:14:49,279 - isca - DEBUG - Integration completed through   789 days     0 seconds
2025-03-12 02:15:23,809 - isca - DEBUG - Integration completed through   790 days     0 seconds
2025-03-12 02:15:58,468 - isca - DEBUG - Integration completed through   791 days     0 seconds
2025-03-12 02:16:32,635 - isca - DEBUG - Integration completed through   792 days     0 seconds
2025-03-12 02:17:07,114 - isca - DEBUG - Integration completed through   793 days     0 seconds
2025-03-12 02:17:42,019 - isca - DEBUG - Integration completed through   794 days     0 seconds
2025-03-12 02:18:16,793 - isca - DEBUG - Integration completed through   795 days     0 seconds
2025-03-12 02:18:51,538 - isca - DEBUG - Integration completed through   796 days     0 seconds
2025-03-12 02:19:25,394 - isca - DEBUG - Integration completed through   797 days     0 seconds
2025-03-12 02:19:59,330 - isca - DEBUG - Integration completed through   798 days     0 seconds
2025-03-12 02:20:34,186 - isca - DEBUG - Integration completed through   799 days     0 seconds
2025-03-12 02:21:08,955 - isca - DEBUG - Integration completed through   800 days     0 seconds
2025-03-12 02:21:44,216 - isca - DEBUG - Integration completed through   801 days     0 seconds
2025-03-12 02:22:19,469 - isca - DEBUG - Integration completed through   802 days     0 seconds
2025-03-12 02:22:54,174 - isca - DEBUG - Integration completed through   803 days     0 seconds
2025-03-12 02:23:28,771 - isca - DEBUG - Integration completed through   804 days     0 seconds
2025-03-12 02:24:03,441 - isca - DEBUG - Integration completed through   805 days     0 seconds
2025-03-12 02:24:38,110 - isca - DEBUG - Integration completed through   806 days     0 seconds
2025-03-12 02:25:12,772 - isca - DEBUG - Integration completed through   807 days     0 seconds
2025-03-12 02:25:48,310 - isca - DEBUG - Integration completed through   808 days     0 seconds
2025-03-12 02:26:23,695 - isca - DEBUG - Integration completed through   809 days     0 seconds
2025-03-12 02:26:58,837 - isca - DEBUG - Integration completed through   810 days     0 seconds
2025-03-12 02:26:58,951 - isca - DEBUG - 
2025-03-12 02:26:58,951 - isca - WARNING - WARNING from PE    0: diag_util_mod::opening_file: module/field_name (socrates/soc_toa_sw_down_clr) NOT registered
2025-03-12 02:26:58,951 - isca - DEBUG - 
2025-03-12 02:26:58,952 - isca - DEBUG - 
2025-03-12 02:26:58,952 - isca - WARNING - WARNING from PE    0: diag_util_mod::opening_file: module/field_name (socrates/soc_toa_sw_down_clr) NOT registered
2025-03-12 02:26:58,952 - isca - DEBUG - 
2025-03-12 02:26:58,952 - isca - DEBUG - 
2025-03-12 02:26:58,952 - isca - WARNING - WARNING from PE    0: diag_util_mod::opening_file: module/field_name (cloud_simple/rh_min) NOT registered
2025-03-12 02:26:58,952 - isca - DEBUG - 
2025-03-12 02:26:58,952 - isca - DEBUG - 
2025-03-12 02:26:58,953 - isca - WARNING - WARNING from PE    0: diag_util_mod::opening_file: module/field_name (cloud_simple/rh_min) NOT registered
2025-03-12 02:26:58,953 - isca - DEBUG - 
2025-03-12 02:26:58,964 - isca - DEBUG - NOTE from PE    0: MPP_IO_SET_STACK_SIZE: stack size set to     327680.
2025-03-12 02:26:59,111 - isca - DEBUG - MPP_DOMAINS_STACK high water mark=       40960
2025-03-12 02:26:59,112 - isca - DEBUG - 
2025-03-12 02:26:59,112 - isca - DEBUG - Tabulating mpp_clock statistics across     16 PEs...
2025-03-12 02:26:59,112 - isca - DEBUG - 
2025-03-12 02:26:59,112 - isca - DEBUG - tmin          tmax          tavg          tstd  tfrac grain pemin pemax
2025-03-12 02:26:59,113 - isca - DEBUG - Total runtime                      1043.370556   1043.376819   1043.373553      0.001620  1.000     0     0    15
2025-03-12 02:26:59,113 - isca - DEBUG - MPP_STACK high water mark=           0
2025-03-12 02:26:59,314 - isca - INFO - Run 27 complete
2025-03-12 02:27:03,996 - isca - DEBUG - atmos_monthly.nc combined and copied to data directory
2025-03-12 02:27:07,453 - isca - INFO - Restart archive created at /proj/bolinc/users/x_ryabo/Isca-Ryan_outputs/planetb_presentdayEarth_rot0_Sun_noO3/restarts/res0027.tar.gz
2025-03-12 02:27:07,467 - isca - INFO - Writing namelist to '/proj/bolinc/users/x_ryabo/Isca-Ryan_outputs/planetb_presentdayEarth_rot0_Sun_noO3/run0027/input.nml'
2025-03-12 02:27:07,469 - isca - INFO - Writing field_table to '/proj/bolinc/users/x_ryabo/Isca-Ryan_outputs/planetb_presentdayEarth_rot0_Sun_noO3/run0027/field_table'
2025-03-12 02:27:07,486 - isca - INFO - Writing diag_table to '/proj/bolinc/users/x_ryabo/Isca-Ryan_outputs/planetb_presentdayEarth_rot0_Sun_noO3/run0027/diag_table'
2025-03-12 02:27:08,803 - isca - INFO - Emptied run directory '/home/x_ryabo/Isca-Ryan_tmp/experiment/planetb_presentdayEarth_rot0_Sun_noO3/run'
2025-03-12 02:27:08,830 - isca - INFO - Emptied run directory '/home/x_ryabo/Isca-Ryan_tmp/experiment/planetb_presentdayEarth_rot0_Sun_noO3/run'
2025-03-12 02:27:08,934 - isca - INFO - Writing namelist to '/home/x_ryabo/Isca-Ryan_tmp/experiment/planetb_presentdayEarth_rot0_Sun_noO3/run/input.nml'
2025-03-12 02:27:08,936 - isca - INFO - Writing field_table to '/home/x_ryabo/Isca-Ryan_tmp/experiment/planetb_presentdayEarth_rot0_Sun_noO3/run/field_table'
2025-03-12 02:27:08,950 - isca - INFO - Writing diag_table to '/home/x_ryabo/Isca-Ryan_tmp/experiment/planetb_presentdayEarth_rot0_Sun_noO3/run/diag_table'
2025-03-12 02:27:08,966 - isca - INFO - Using restart file '/proj/bolinc/users/x_ryabo/Isca-Ryan_outputs/planetb_presentdayEarth_rot0_Sun_noO3/restarts/res0027.tar.gz'
2025-03-12 02:27:09,390 - isca - INFO - Restart /proj/bolinc/users/x_ryabo/Isca-Ryan_outputs/planetb_presentdayEarth_rot0_Sun_noO3/restarts/res0027.tar.gz extracted to /home/x_ryabo/Isca-Ryan_tmp/experiment/planetb_presentdayEarth_rot0_Sun_noO3/run/INPUT
2025-03-12 02:27:09,390 - isca - INFO - Beginning run 28
2025-03-12 02:27:09,404 - isca - INFO - process running as 3920841
2025-03-12 02:27:09,404 - isca - DEBUG - loadmodules for Isca on NSC cluster Tetralith
2025-03-12 02:27:09,404 - isca - DEBUG - mpiifort
2025-03-12 02:27:09,538 - isca - DEBUG - The following modules were not unloaded:
2025-03-12 02:27:09,538 - isca - DEBUG - (Use "module --force purge" to unload all):
2025-03-12 02:27:09,538 - isca - DEBUG - 
2025-03-12 02:27:09,538 - isca - DEBUG - 1) hpc/.1.10.1
2025-03-12 02:27:09,648 - isca - DEBUG - ***************************************************
2025-03-12 02:27:09,648 - isca - DEBUG - You have loaded a buildenv module
2025-03-12 02:27:09,648 - isca - DEBUG - ***************************************************
2025-03-12 02:27:09,648 - isca - DEBUG - The buldenv-intel module makes available:
2025-03-12 02:27:09,648 - isca - DEBUG - - Compilers: icc, ifort, etc.
2025-03-12 02:27:09,648 - isca - DEBUG - - Mpi library with mpi-wrapped compilers: intel mpi with mpicc, mpifort, etc.
2025-03-12 02:27:09,649 - isca - DEBUG - - Numerical libraries: intel MKL
2025-03-12 02:27:09,649 - isca - DEBUG - 
2025-03-12 02:27:09,649 - isca - DEBUG - It also makes a set of dependency library modules available via
2025-03-12 02:27:09,649 - isca - DEBUG - the regular module command. Just do:
2025-03-12 02:27:09,649 - isca - DEBUG - module avail
2025-03-12 02:27:09,649 - isca - DEBUG - to see what is available.
2025-03-12 02:27:09,649 - isca - DEBUG - 
2025-03-12 02:27:09,649 - isca - DEBUG - NOTE: You shoud never load build environments inside submitted jobs.
2025-03-12 02:27:09,649 - isca - DEBUG - (with the single exception of when using supercomputer time to compile code.)
2025-03-12 02:27:09,649 - isca - DEBUG - 
2025-03-12 02:27:11,926 - isca - DEBUG - NOTE from PE    0: MPP_DOMAINS_SET_STACK_SIZE: stack size set to    32768.
2025-03-12 02:27:11,927 - isca - DEBUG - &MPP_IO_NML
2025-03-12 02:27:11,927 - isca - DEBUG - HEADER_BUFFER_VAL       =       16384,
2025-03-12 02:27:11,927 - isca - DEBUG - GLOBAL_FIELD_ON_ROOT_PE = T,
2025-03-12 02:27:11,927 - isca - DEBUG - IO_CLOCKS_ON    = F,
2025-03-12 02:27:11,927 - isca - DEBUG - SHUFFLE =           0,
2025-03-12 02:27:11,927 - isca - DEBUG - DEFLATE_LEVEL   =          -1
2025-03-12 02:27:11,927 - isca - DEBUG - /
2025-03-12 02:27:11,929 - isca - DEBUG - NOTE from PE    0: MPP_IO_SET_STACK_SIZE: stack size set to     131072.
2025-03-12 02:27:11,930 - isca - DEBUG - NOTE from PE    0: MPP_DOMAINS_SET_STACK_SIZE: stack size set to   600000.
2025-03-12 02:27:11,939 - isca - DEBUG - starting            1  OpenMP threads per MPI-task
2025-03-12 02:27:11,941 - isca - DEBUG - ATMOS MODEL DOMAIN DECOMPOSITION
2025-03-12 02:27:11,942 - isca - DEBUG - X-AXIS =  128
2025-03-12 02:27:11,942 - isca - DEBUG - Y-AXIS =    4   4   4   4   4   4   4   4   4   4   4   4   4   4   4   4
2025-03-12 02:27:11,993 - isca - DEBUG - 
2025-03-12 02:27:11,993 - isca - WARNING - WARNING from PE    1: socrates_init: dt_rad does not fit into one day an integer number of times
2025-03-12 02:27:11,993 - isca - DEBUG - 
2025-03-12 02:27:11,993 - isca - DEBUG - 
2025-03-12 02:27:11,993 - isca - DEBUG - 
2025-03-12 02:27:11,993 - isca - WARNING - WARNING from PE    4: socrates_init: dt_rad does not fit into one day an integer number of times
2025-03-12 02:27:11,993 - isca - DEBUG - 
2025-03-12 02:27:11,993 - isca - DEBUG - 
2025-03-12 02:27:11,993 - isca - WARNING - WARNING from PE    3: socrates_init: dt_rad does not fit into one day an integer number of times
2025-03-12 02:27:11,993 - isca - DEBUG - 
2025-03-12 02:27:11,993 - isca - WARNING - WARNING from PE    2: socrates_init: dt_rad does not fit into one day an integer number of times
2025-03-12 02:27:11,994 - isca - DEBUG - 
2025-03-12 02:27:11,994 - isca - DEBUG - 
2025-03-12 02:27:11,994 - isca - WARNING - WARNING from PE    5: socrates_init: dt_rad does not fit into one day an integer number of times
2025-03-12 02:27:11,994 - isca - DEBUG - 
2025-03-12 02:27:11,996 - isca - DEBUG - 
2025-03-12 02:27:11,996 - isca - WARNING - WARNING from PE    6: socrates_init: dt_rad does not fit into one day an integer number of times
2025-03-12 02:27:11,996 - isca - DEBUG - 
2025-03-12 02:27:11,998 - isca - DEBUG - NOTE from PE    0: cloud_simple: Using SimCloud cloud scheme
2025-03-12 02:27:11,999 - isca - DEBUG - NOTE from PE    0: ls_cloud: Using linear cloud fraction diagnostic formula.
2025-03-12 02:27:11,999 - isca - DEBUG - NOTE from PE    0: cloud_cover: The cloud overlap assumption is MAXIMUM-RANDOM
2025-03-12 02:27:11,999 - isca - DEBUG - NOTE from PE    0: idealized_moist_phys: Using Frierson Quasi-Equilibrium convection scheme.
2025-03-12 02:27:12,002 - isca - DEBUG - 
2025-03-12 02:27:12,002 - isca - DEBUG - 
2025-03-12 02:27:12,002 - isca - WARNING - WARNING from PE    8: socrates_init: dt_rad does not fit into one day an integer number of times
2025-03-12 02:27:12,002 - isca - DEBUG - 
2025-03-12 02:27:12,002 - isca - DEBUG - 
2025-03-12 02:27:12,002 - isca - WARNING - WARNING from PE   10: socrates_init: dt_rad does not fit into one day an integer number of times
2025-03-12 02:27:12,002 - isca - DEBUG - 
2025-03-12 02:27:12,002 - isca - WARNING - WARNING from PE    9: socrates_init: dt_rad does not fit into one day an integer number of times
2025-03-12 02:27:12,002 - isca - DEBUG - 
2025-03-12 02:27:12,002 - isca - DEBUG - 
2025-03-12 02:27:12,003 - isca - WARNING - WARNING from PE    7: socrates_init: dt_rad does not fit into one day an integer number of times
2025-03-12 02:27:12,003 - isca - DEBUG - 
2025-03-12 02:27:12,003 - isca - DEBUG - 
2025-03-12 02:27:12,003 - isca - WARNING - WARNING from PE   14: socrates_init: dt_rad does not fit into one day an integer number of times
2025-03-12 02:27:12,003 - isca - DEBUG - 
2025-03-12 02:27:12,003 - isca - DEBUG - 
2025-03-12 02:27:12,003 - isca - WARNING - WARNING from PE   12: socrates_init: dt_rad does not fit into one day an integer number of times
2025-03-12 02:27:12,003 - isca - DEBUG - 
2025-03-12 02:27:12,003 - isca - DEBUG - 
2025-03-12 02:27:12,003 - isca - WARNING - WARNING from PE   13: socrates_init: dt_rad does not fit into one day an integer number of times
2025-03-12 02:27:12,003 - isca - DEBUG - 
2025-03-12 02:27:12,003 - isca - DEBUG - 
2025-03-12 02:27:12,003 - isca - WARNING - WARNING from PE   15: socrates_init: dt_rad does not fit into one day an integer number of times
2025-03-12 02:27:12,004 - isca - DEBUG - 
2025-03-12 02:27:12,004 - isca - DEBUG - 
2025-03-12 02:27:12,004 - isca - WARNING - WARNING from PE   11: socrates_init: dt_rad does not fit into one day an integer number of times
2025-03-12 02:27:12,004 - isca - DEBUG - 
2025-03-12 02:27:12,010 - isca - DEBUG - 
2025-03-12 02:27:12,010 - isca - WARNING - WARNING from PE    0: socrates_init: dt_rad does not fit into one day an integer number of times
2025-03-12 02:27:12,010 - isca - DEBUG - 
2025-03-12 02:27:12,010 - isca - DEBUG - 
2025-03-12 02:27:12,010 - isca - WARNING - WARNING from PE    0: socrates_init: lw_hires_spectral_filename is unset, making equal to lw_spectral_filename
2025-03-12 02:27:12,010 - isca - DEBUG - 
2025-03-12 02:27:12,010 - isca - DEBUG - 
2025-03-12 02:27:12,010 - isca - WARNING - WARNING from PE    0: socrates_init: sw_hires_spectral_filename is unset, making equal to sw_spectral_filename
2025-03-12 02:27:12,010 - isca - DEBUG - 
2025-03-12 02:27:12,011 - isca - WARNING - WARNING from PE    0: socrates_init: dt_rad does not fit into one day an integer number of times
2025-03-12 02:27:12,011 - isca - DEBUG - 
2025-03-12 02:27:12,011 - isca - DEBUG - 
2025-03-12 02:27:12,011 - isca - WARNING - WARNING from PE    0: socrates_init: lw_hires_spectral_filename is unset, making equal to lw_spectral_filename
2025-03-12 02:27:12,011 - isca - DEBUG - 
2025-03-12 02:27:12,011 - isca - DEBUG - 
2025-03-12 02:27:12,011 - isca - WARNING - WARNING from PE    0: socrates_init: sw_hires_spectral_filename is unset, making equal to sw_spectral_filename
2025-03-12 02:27:12,011 - isca - DEBUG - 
2025-03-12 02:27:12,011 - isca - DEBUG - 
2025-03-12 02:27:13,399 - isca - DEBUG - NOTE from PE    0: Interpolator: Using input file with no time dimension - ozone_1990_notime_zero.nc
2025-03-12 02:27:13,399 - isca - DEBUG - Initializing src field : ozone_1990
2025-03-12 02:27:13,401 - isca - DEBUG - 
2025-03-12 02:27:13,402 - isca - DEBUG - -----------------------------------
2025-03-12 02:27:13,402 - isca - DEBUG - ____                       _
2025-03-12 02:27:13,402 - isca - DEBUG - / ___|  ___   ___ _ __ __ _| |_ ___  ___
2025-03-12 02:27:13,402 - isca - DEBUG - \___ \ / _ \ / __|  __/ _` | __/ _ \/ __|
2025-03-12 02:27:13,402 - isca - DEBUG - ___) | (_) | (__| | | (_| | ||  __/\__ \
2025-03-12 02:27:13,402 - isca - DEBUG - |____/ \___/ \___|_|  \__,_|\__\___||___/
2025-03-12 02:27:13,402 - isca - DEBUG - 
2025-03-12 02:27:13,402 - isca - DEBUG - Initialised Socrates v17.03
2025-03-12 02:27:13,402 - isca - DEBUG - Stellar constant =    1400.00000000000
2025-03-12 02:27:13,402 - isca - DEBUG - Longwave spectral file =
2025-03-12 02:27:13,402 - isca - DEBUG - /proj/bolinc/users/x_ryabo/socrates_edited_for_isca/spectral_files_for_GCMs/Sun
2025-03-12 02:27:13,402 - isca - DEBUG - /miniSuran_lw.sf WITH           16  bands
2025-03-12 02:27:13,402 - isca - DEBUG - Longwave hires spectral file =
2025-03-12 02:27:13,402 - isca - DEBUG - /proj/bolinc/users/x_ryabo/socrates_edited_for_isca/spectral_files_for_GCMs/Sun
2025-03-12 02:27:13,402 - isca - DEBUG - /miniSuran_lw.sf WITH           16  bands
2025-03-12 02:27:13,402 - isca - DEBUG - Shortwave spectral file =
2025-03-12 02:27:13,402 - isca - DEBUG - /proj/bolinc/users/x_ryabo/socrates_edited_for_isca/spectral_files_for_GCMs/Sun
2025-03-12 02:27:13,402 - isca - DEBUG - /miniSuran_sw.sf WITH           16  bands
2025-03-12 02:27:13,402 - isca - DEBUG - Shortwave hires spectral file =
2025-03-12 02:27:13,402 - isca - DEBUG - /proj/bolinc/users/x_ryabo/socrates_edited_for_isca/spectral_files_for_GCMs/Sun
2025-03-12 02:27:13,402 - isca - DEBUG - /miniSuran_sw.sf WITH           16  bands
2025-03-12 02:27:13,402 - isca - DEBUG - 
2025-03-12 02:27:13,402 - isca - DEBUG - -----------------------------------
2025-03-12 02:27:13,424 - isca - DEBUG - 
2025-03-12 02:27:48,636 - isca - DEBUG - Integration completed through   811 days     0 seconds
2025-03-12 02:28:23,314 - isca - DEBUG - Integration completed through   812 days     0 seconds
2025-03-12 02:28:57,824 - isca - DEBUG - Integration completed through   813 days     0 seconds
2025-03-12 02:29:32,089 - isca - DEBUG - Integration completed through   814 days     0 seconds
2025-03-12 02:30:06,425 - isca - DEBUG - Integration completed through   815 days     0 seconds
2025-03-12 02:30:40,825 - isca - DEBUG - Integration completed through   816 days     0 seconds
2025-03-12 02:31:15,137 - isca - DEBUG - Integration completed through   817 days     0 seconds
2025-03-12 02:31:49,561 - isca - DEBUG - Integration completed through   818 days     0 seconds
2025-03-12 02:32:23,982 - isca - DEBUG - Integration completed through   819 days     0 seconds
2025-03-12 02:32:58,238 - isca - DEBUG - Integration completed through   820 days     0 seconds
2025-03-12 02:33:32,621 - isca - DEBUG - Integration completed through   821 days     0 seconds
2025-03-12 02:34:07,250 - isca - DEBUG - Integration completed through   822 days     0 seconds
2025-03-12 02:34:42,380 - isca - DEBUG - Integration completed through   823 days     0 seconds
2025-03-12 02:35:17,637 - isca - DEBUG - Integration completed through   824 days     0 seconds
2025-03-12 02:35:52,514 - isca - DEBUG - Integration completed through   825 days     0 seconds
2025-03-12 02:36:27,322 - isca - DEBUG - Integration completed through   826 days     0 seconds
2025-03-12 02:37:01,905 - isca - DEBUG - Integration completed through   827 days     0 seconds
2025-03-12 02:37:36,065 - isca - DEBUG - Integration completed through   828 days     0 seconds
2025-03-12 02:38:10,248 - isca - DEBUG - Integration completed through   829 days     0 seconds
2025-03-12 02:38:44,236 - isca - DEBUG - Integration completed through   830 days     0 seconds
2025-03-12 02:39:18,389 - isca - DEBUG - Integration completed through   831 days     0 seconds
2025-03-12 02:39:52,618 - isca - DEBUG - Integration completed through   832 days     0 seconds
2025-03-12 02:40:26,809 - isca - DEBUG - Integration completed through   833 days     0 seconds
2025-03-12 02:41:01,295 - isca - DEBUG - Integration completed through   834 days     0 seconds
2025-03-12 02:41:35,543 - isca - DEBUG - Integration completed through   835 days     0 seconds
2025-03-12 02:42:09,847 - isca - DEBUG - Integration completed through   836 days     0 seconds
2025-03-12 02:42:44,657 - isca - DEBUG - Integration completed through   837 days     0 seconds
2025-03-12 02:43:19,575 - isca - DEBUG - Integration completed through   838 days     0 seconds
2025-03-12 02:43:54,512 - isca - DEBUG - Integration completed through   839 days     0 seconds
2025-03-12 02:44:29,243 - isca - DEBUG - Integration completed through   840 days     0 seconds
2025-03-12 02:44:29,249 - isca - DEBUG - 
2025-03-12 02:44:29,249 - isca - WARNING - WARNING from PE    0: diag_util_mod::opening_file: module/field_name (socrates/soc_toa_sw_down_clr) NOT registered
2025-03-12 02:44:29,249 - isca - DEBUG - 
2025-03-12 02:44:29,249 - isca - DEBUG - 
2025-03-12 02:44:29,249 - isca - WARNING - WARNING from PE    0: diag_util_mod::opening_file: module/field_name (socrates/soc_toa_sw_down_clr) NOT registered
2025-03-12 02:44:29,250 - isca - DEBUG - 
2025-03-12 02:44:29,250 - isca - DEBUG - 
2025-03-12 02:44:29,250 - isca - WARNING - WARNING from PE    0: diag_util_mod::opening_file: module/field_name (cloud_simple/rh_min) NOT registered
2025-03-12 02:44:29,250 - isca - DEBUG - 
2025-03-12 02:44:29,250 - isca - DEBUG - 
2025-03-12 02:44:29,250 - isca - WARNING - WARNING from PE    0: diag_util_mod::opening_file: module/field_name (cloud_simple/rh_min) NOT registered
2025-03-12 02:44:29,250 - isca - DEBUG - 
2025-03-12 02:44:29,261 - isca - DEBUG - NOTE from PE    0: MPP_IO_SET_STACK_SIZE: stack size set to     327680.
2025-03-12 02:44:29,454 - isca - DEBUG - MPP_DOMAINS_STACK high water mark=       40960
2025-03-12 02:44:29,455 - isca - DEBUG - 
2025-03-12 02:44:29,455 - isca - DEBUG - Tabulating mpp_clock statistics across     16 PEs...
2025-03-12 02:44:29,455 - isca - DEBUG - 
2025-03-12 02:44:29,455 - isca - DEBUG - tmin          tmax          tavg          tstd  tfrac grain pemin pemax
2025-03-12 02:44:29,455 - isca - DEBUG - Total runtime                      1037.526745   1037.532178   1037.529333      0.001621  1.000     0     0    15
2025-03-12 02:44:29,456 - isca - DEBUG - MPP_STACK high water mark=           0
2025-03-12 02:44:29,612 - isca - INFO - Run 28 complete
2025-03-12 02:44:30,708 - isca - DEBUG - atmos_monthly.nc combined and copied to data directory
2025-03-12 02:44:33,955 - isca - INFO - Restart archive created at /proj/bolinc/users/x_ryabo/Isca-Ryan_outputs/planetb_presentdayEarth_rot0_Sun_noO3/restarts/res0028.tar.gz
2025-03-12 02:44:33,969 - isca - INFO - Writing namelist to '/proj/bolinc/users/x_ryabo/Isca-Ryan_outputs/planetb_presentdayEarth_rot0_Sun_noO3/run0028/input.nml'
2025-03-12 02:44:33,971 - isca - INFO - Writing field_table to '/proj/bolinc/users/x_ryabo/Isca-Ryan_outputs/planetb_presentdayEarth_rot0_Sun_noO3/run0028/field_table'
2025-03-12 02:44:33,985 - isca - INFO - Writing diag_table to '/proj/bolinc/users/x_ryabo/Isca-Ryan_outputs/planetb_presentdayEarth_rot0_Sun_noO3/run0028/diag_table'
2025-03-12 02:44:34,109 - isca - INFO - Emptied run directory '/home/x_ryabo/Isca-Ryan_tmp/experiment/planetb_presentdayEarth_rot0_Sun_noO3/run'
2025-03-12 02:44:34,135 - isca - INFO - Emptied run directory '/home/x_ryabo/Isca-Ryan_tmp/experiment/planetb_presentdayEarth_rot0_Sun_noO3/run'
2025-03-12 02:44:34,234 - isca - INFO - Writing namelist to '/home/x_ryabo/Isca-Ryan_tmp/experiment/planetb_presentdayEarth_rot0_Sun_noO3/run/input.nml'
2025-03-12 02:44:34,236 - isca - INFO - Writing field_table to '/home/x_ryabo/Isca-Ryan_tmp/experiment/planetb_presentdayEarth_rot0_Sun_noO3/run/field_table'
2025-03-12 02:44:34,250 - isca - INFO - Writing diag_table to '/home/x_ryabo/Isca-Ryan_tmp/experiment/planetb_presentdayEarth_rot0_Sun_noO3/run/diag_table'
2025-03-12 02:44:34,266 - isca - INFO - Using restart file '/proj/bolinc/users/x_ryabo/Isca-Ryan_outputs/planetb_presentdayEarth_rot0_Sun_noO3/restarts/res0028.tar.gz'
2025-03-12 02:44:34,691 - isca - INFO - Restart /proj/bolinc/users/x_ryabo/Isca-Ryan_outputs/planetb_presentdayEarth_rot0_Sun_noO3/restarts/res0028.tar.gz extracted to /home/x_ryabo/Isca-Ryan_tmp/experiment/planetb_presentdayEarth_rot0_Sun_noO3/run/INPUT
2025-03-12 02:44:34,692 - isca - INFO - Beginning run 29
2025-03-12 02:44:34,705 - isca - INFO - process running as 3921717
2025-03-12 02:44:34,706 - isca - DEBUG - loadmodules for Isca on NSC cluster Tetralith
2025-03-12 02:44:34,706 - isca - DEBUG - mpiifort
2025-03-12 02:44:34,817 - isca - DEBUG - The following modules were not unloaded:
2025-03-12 02:44:34,817 - isca - DEBUG - (Use "module --force purge" to unload all):
2025-03-12 02:44:34,817 - isca - DEBUG - 
2025-03-12 02:44:34,817 - isca - DEBUG - 1) hpc/.1.10.1
2025-03-12 02:44:34,929 - isca - DEBUG - ***************************************************
2025-03-12 02:44:34,929 - isca - DEBUG - You have loaded a buildenv module
2025-03-12 02:44:34,929 - isca - DEBUG - ***************************************************
2025-03-12 02:44:34,929 - isca - DEBUG - The buldenv-intel module makes available:
2025-03-12 02:44:34,929 - isca - DEBUG - - Compilers: icc, ifort, etc.
2025-03-12 02:44:34,929 - isca - DEBUG - - Mpi library with mpi-wrapped compilers: intel mpi with mpicc, mpifort, etc.
2025-03-12 02:44:34,929 - isca - DEBUG - - Numerical libraries: intel MKL
2025-03-12 02:44:34,929 - isca - DEBUG - 
2025-03-12 02:44:34,929 - isca - DEBUG - It also makes a set of dependency library modules available via
2025-03-12 02:44:34,929 - isca - DEBUG - the regular module command. Just do:
2025-03-12 02:44:34,929 - isca - DEBUG - module avail
2025-03-12 02:44:34,929 - isca - DEBUG - to see what is available.
2025-03-12 02:44:34,929 - isca - DEBUG - 
2025-03-12 02:44:34,929 - isca - DEBUG - NOTE: You shoud never load build environments inside submitted jobs.
2025-03-12 02:44:34,930 - isca - DEBUG - (with the single exception of when using supercomputer time to compile code.)
2025-03-12 02:44:34,930 - isca - DEBUG - 
2025-03-12 02:44:36,298 - isca - DEBUG - NOTE from PE    0: MPP_DOMAINS_SET_STACK_SIZE: stack size set to    32768.
2025-03-12 02:44:36,299 - isca - DEBUG - &MPP_IO_NML
2025-03-12 02:44:36,299 - isca - DEBUG - HEADER_BUFFER_VAL       =       16384,
2025-03-12 02:44:36,299 - isca - DEBUG - GLOBAL_FIELD_ON_ROOT_PE = T,
2025-03-12 02:44:36,299 - isca - DEBUG - IO_CLOCKS_ON    = F,
2025-03-12 02:44:36,299 - isca - DEBUG - SHUFFLE =           0,
2025-03-12 02:44:36,299 - isca - DEBUG - DEFLATE_LEVEL   =          -1
2025-03-12 02:44:36,299 - isca - DEBUG - /
2025-03-12 02:44:36,301 - isca - DEBUG - NOTE from PE    0: MPP_IO_SET_STACK_SIZE: stack size set to     131072.
2025-03-12 02:44:36,301 - isca - DEBUG - NOTE from PE    0: MPP_DOMAINS_SET_STACK_SIZE: stack size set to   600000.
2025-03-12 02:44:36,310 - isca - DEBUG - starting            1  OpenMP threads per MPI-task
2025-03-12 02:44:36,315 - isca - DEBUG - ATMOS MODEL DOMAIN DECOMPOSITION
2025-03-12 02:44:36,315 - isca - DEBUG - X-AXIS =  128
2025-03-12 02:44:36,315 - isca - DEBUG - Y-AXIS =    4   4   4   4   4   4   4   4   4   4   4   4   4   4   4   4
2025-03-12 02:44:36,363 - isca - DEBUG - NOTE from PE    0: cloud_simple: Using SimCloud cloud scheme
2025-03-12 02:44:36,364 - isca - DEBUG - NOTE from PE    0: ls_cloud: Using linear cloud fraction diagnostic formula.
2025-03-12 02:44:36,365 - isca - DEBUG - NOTE from PE    0: cloud_cover: The cloud overlap assumption is MAXIMUM-RANDOM
2025-03-12 02:44:36,365 - isca - DEBUG - NOTE from PE    0: idealized_moist_phys: Using Frierson Quasi-Equilibrium convection scheme.
2025-03-12 02:44:36,365 - isca - DEBUG - 
2025-03-12 02:44:36,365 - isca - DEBUG - 
2025-03-12 02:44:36,365 - isca - WARNING - WARNING from PE    5: socrates_init: dt_rad does not fit into one day an integer number of times
2025-03-12 02:44:36,365 - isca - DEBUG - 
2025-03-12 02:44:36,365 - isca - WARNING - WARNING from PE    2: socrates_init: dt_rad does not fit into one day an integer number of times
2025-03-12 02:44:36,366 - isca - DEBUG - 
2025-03-12 02:44:36,366 - isca - DEBUG - 
2025-03-12 02:44:36,366 - isca - WARNING - WARNING from PE    1: socrates_init: dt_rad does not fit into one day an integer number of times
2025-03-12 02:44:36,366 - isca - DEBUG - 
2025-03-12 02:44:36,366 - isca - DEBUG - 
2025-03-12 02:44:36,366 - isca - WARNING - WARNING from PE    6: socrates_init: dt_rad does not fit into one day an integer number of times
2025-03-12 02:44:36,366 - isca - DEBUG - 
2025-03-12 02:44:36,366 - isca - DEBUG - 
2025-03-12 02:44:36,366 - isca - WARNING - WARNING from PE    3: socrates_init: dt_rad does not fit into one day an integer number of times
2025-03-12 02:44:36,367 - isca - DEBUG - 
2025-03-12 02:44:36,370 - isca - DEBUG - 
2025-03-12 02:44:36,370 - isca - DEBUG - 
2025-03-12 02:44:36,370 - isca - WARNING - WARNING from PE   14: socrates_init: dt_rad does not fit into one day an integer number of times
2025-03-12 02:44:36,370 - isca - DEBUG - 
2025-03-12 02:44:36,370 - isca - WARNING - WARNING from PE    4: socrates_init: dt_rad does not fit into one day an integer number of times
2025-03-12 02:44:36,370 - isca - DEBUG - 
2025-03-12 02:44:36,370 - isca - DEBUG - 
2025-03-12 02:44:36,370 - isca - DEBUG - 
2025-03-12 02:44:36,370 - isca - WARNING - WARNING from PE   12: socrates_init: dt_rad does not fit into one day an integer number of times
2025-03-12 02:44:36,370 - isca - DEBUG - 
2025-03-12 02:44:36,370 - isca - WARNING - WARNING from PE    7: socrates_init: dt_rad does not fit into one day an integer number of times
2025-03-12 02:44:36,371 - isca - DEBUG - 
2025-03-12 02:44:36,371 - isca - DEBUG - 
2025-03-12 02:44:36,371 - isca - WARNING - WARNING from PE   10: socrates_init: dt_rad does not fit into one day an integer number of times
2025-03-12 02:44:36,371 - isca - DEBUG - 
2025-03-12 02:44:36,371 - isca - DEBUG - 
2025-03-12 02:44:36,371 - isca - DEBUG - 
2025-03-12 02:44:36,371 - isca - WARNING - WARNING from PE   15: socrates_init: dt_rad does not fit into one day an integer number of times
2025-03-12 02:44:36,371 - isca - DEBUG - 
2025-03-12 02:44:36,371 - isca - WARNING - WARNING from PE   13: socrates_init: dt_rad does not fit into one day an integer number of times
2025-03-12 02:44:36,371 - isca - DEBUG - 
2025-03-12 02:44:36,371 - isca - DEBUG - 
2025-03-12 02:44:36,371 - isca - WARNING - WARNING from PE   11: socrates_init: dt_rad does not fit into one day an integer number of times
2025-03-12 02:44:36,371 - isca - DEBUG - 
2025-03-12 02:44:36,371 - isca - WARNING - WARNING from PE    8: socrates_init: dt_rad does not fit into one day an integer number of times
2025-03-12 02:44:36,372 - isca - DEBUG - 
2025-03-12 02:44:36,372 - isca - DEBUG - 
2025-03-12 02:44:36,373 - isca - DEBUG - 
2025-03-12 02:44:36,373 - isca - WARNING - WARNING from PE    9: socrates_init: dt_rad does not fit into one day an integer number of times
2025-03-12 02:44:36,373 - isca - DEBUG - 
2025-03-12 02:44:36,374 - isca - DEBUG - 
2025-03-12 02:44:36,374 - isca - WARNING - WARNING from PE    0: socrates_init: dt_rad does not fit into one day an integer number of times
2025-03-12 02:44:36,374 - isca - DEBUG - 
2025-03-12 02:44:36,374 - isca - DEBUG - 
2025-03-12 02:44:36,374 - isca - WARNING - WARNING from PE    0: socrates_init: dt_rad does not fit into one day an integer number of times
2025-03-12 02:44:36,374 - isca - DEBUG - 
2025-03-12 02:44:36,374 - isca - DEBUG - 
2025-03-12 02:44:36,374 - isca - WARNING - WARNING from PE    0: socrates_init: lw_hires_spectral_filename is unset, making equal to lw_spectral_filename
2025-03-12 02:44:36,374 - isca - DEBUG - 
2025-03-12 02:44:36,374 - isca - DEBUG - 
2025-03-12 02:44:36,374 - isca - WARNING - WARNING from PE    0: socrates_init: lw_hires_spectral_filename is unset, making equal to lw_spectral_filename
2025-03-12 02:44:36,375 - isca - DEBUG - 
2025-03-12 02:44:36,375 - isca - DEBUG - 
2025-03-12 02:44:36,375 - isca - WARNING - WARNING from PE    0: socrates_init: sw_hires_spectral_filename is unset, making equal to sw_spectral_filename
2025-03-12 02:44:36,375 - isca - DEBUG - 
2025-03-12 02:44:36,375 - isca - DEBUG - 
2025-03-12 02:44:36,375 - isca - WARNING - WARNING from PE    0: socrates_init: sw_hires_spectral_filename is unset, making equal to sw_spectral_filename
2025-03-12 02:44:36,375 - isca - DEBUG - 
2025-03-12 02:44:37,627 - isca - DEBUG - NOTE from PE    0: Interpolator: Using input file with no time dimension - ozone_1990_notime_zero.nc
2025-03-12 02:44:37,627 - isca - DEBUG - Initializing src field : ozone_1990
2025-03-12 02:44:37,629 - isca - DEBUG - 
2025-03-12 02:44:37,629 - isca - DEBUG - -----------------------------------
2025-03-12 02:44:37,629 - isca - DEBUG - ____                       _
2025-03-12 02:44:37,629 - isca - DEBUG - / ___|  ___   ___ _ __ __ _| |_ ___  ___
2025-03-12 02:44:37,629 - isca - DEBUG - \___ \ / _ \ / __|  __/ _` | __/ _ \/ __|
2025-03-12 02:44:37,629 - isca - DEBUG - ___) | (_) | (__| | | (_| | ||  __/\__ \
2025-03-12 02:44:37,630 - isca - DEBUG - |____/ \___/ \___|_|  \__,_|\__\___||___/
2025-03-12 02:44:37,630 - isca - DEBUG - 
2025-03-12 02:44:37,630 - isca - DEBUG - Initialised Socrates v17.03
2025-03-12 02:44:37,630 - isca - DEBUG - Stellar constant =    1400.00000000000
2025-03-12 02:44:37,630 - isca - DEBUG - Longwave spectral file =
2025-03-12 02:44:37,630 - isca - DEBUG - /proj/bolinc/users/x_ryabo/socrates_edited_for_isca/spectral_files_for_GCMs/Sun
2025-03-12 02:44:37,630 - isca - DEBUG - /miniSuran_lw.sf WITH           16  bands
2025-03-12 02:44:37,630 - isca - DEBUG - Longwave hires spectral file =
2025-03-12 02:44:37,630 - isca - DEBUG - /proj/bolinc/users/x_ryabo/socrates_edited_for_isca/spectral_files_for_GCMs/Sun
2025-03-12 02:44:37,630 - isca - DEBUG - /miniSuran_lw.sf WITH           16  bands
2025-03-12 02:44:37,630 - isca - DEBUG - Shortwave spectral file =
2025-03-12 02:44:37,630 - isca - DEBUG - /proj/bolinc/users/x_ryabo/socrates_edited_for_isca/spectral_files_for_GCMs/Sun
2025-03-12 02:44:37,630 - isca - DEBUG - /miniSuran_sw.sf WITH           16  bands
2025-03-12 02:44:37,630 - isca - DEBUG - Shortwave hires spectral file =
2025-03-12 02:44:37,630 - isca - DEBUG - /proj/bolinc/users/x_ryabo/socrates_edited_for_isca/spectral_files_for_GCMs/Sun
2025-03-12 02:44:37,630 - isca - DEBUG - /miniSuran_sw.sf WITH           16  bands
2025-03-12 02:44:37,630 - isca - DEBUG - 
2025-03-12 02:44:37,631 - isca - DEBUG - -----------------------------------
2025-03-12 02:44:37,631 - isca - DEBUG - 
2025-03-12 02:45:12,592 - isca - DEBUG - Integration completed through   841 days     0 seconds
2025-03-12 02:45:47,204 - isca - DEBUG - Integration completed through   842 days     0 seconds
2025-03-12 02:46:22,255 - isca - DEBUG - Integration completed through   843 days     0 seconds
2025-03-12 02:46:57,245 - isca - DEBUG - Integration completed through   844 days     0 seconds
2025-03-12 02:47:32,141 - isca - DEBUG - Integration completed through   845 days     0 seconds
2025-03-12 02:48:07,431 - isca - DEBUG - Integration completed through   846 days     0 seconds
2025-03-12 02:48:42,593 - isca - DEBUG - Integration completed through   847 days     0 seconds
2025-03-12 02:49:17,791 - isca - DEBUG - Integration completed through   848 days     0 seconds
2025-03-12 02:49:52,391 - isca - DEBUG - Integration completed through   849 days     0 seconds
2025-03-12 02:50:27,304 - isca - DEBUG - Integration completed through   850 days     0 seconds
2025-03-12 02:51:02,169 - isca - DEBUG - Integration completed through   851 days     0 seconds
2025-03-12 02:51:36,232 - isca - DEBUG - Integration completed through   852 days     0 seconds
2025-03-12 02:52:09,670 - isca - DEBUG - Integration completed through   853 days     0 seconds
2025-03-12 02:52:43,260 - isca - DEBUG - Integration completed through   854 days     0 seconds
2025-03-12 02:53:16,745 - isca - DEBUG - Integration completed through   855 days     0 seconds
2025-03-12 02:53:50,315 - isca - DEBUG - Integration completed through   856 days     0 seconds
2025-03-12 02:54:24,015 - isca - DEBUG - Integration completed through   857 days     0 seconds
2025-03-12 02:54:57,786 - isca - DEBUG - Integration completed through   858 days     0 seconds
2025-03-12 02:55:31,416 - isca - DEBUG - Integration completed through   859 days     0 seconds
2025-03-12 02:56:05,526 - isca - DEBUG - Integration completed through   860 days     0 seconds
2025-03-12 02:56:39,210 - isca - DEBUG - Integration completed through   861 days     0 seconds
2025-03-12 02:57:12,815 - isca - DEBUG - Integration completed through   862 days     0 seconds
2025-03-12 02:57:46,481 - isca - DEBUG - Integration completed through   863 days     0 seconds
2025-03-12 02:58:20,068 - isca - DEBUG - Integration completed through   864 days     0 seconds
2025-03-12 02:58:53,701 - isca - DEBUG - Integration completed through   865 days     0 seconds
2025-03-12 02:59:27,189 - isca - DEBUG - Integration completed through   866 days     0 seconds
2025-03-12 03:00:00,794 - isca - DEBUG - Integration completed through   867 days     0 seconds
2025-03-12 03:00:34,328 - isca - DEBUG - Integration completed through   868 days     0 seconds
2025-03-12 03:01:07,623 - isca - DEBUG - Integration completed through   869 days     0 seconds
2025-03-12 03:01:40,906 - isca - DEBUG - Integration completed through   870 days     0 seconds
2025-03-12 03:01:40,914 - isca - DEBUG - 
2025-03-12 03:01:40,914 - isca - WARNING - WARNING from PE    0: diag_util_mod::opening_file: module/field_name (socrates/soc_toa_sw_down_clr) NOT registered
2025-03-12 03:01:40,914 - isca - DEBUG - 
2025-03-12 03:01:40,915 - isca - DEBUG - 
2025-03-12 03:01:40,915 - isca - WARNING - WARNING from PE    0: diag_util_mod::opening_file: module/field_name (cloud_simple/rh_min) NOT registered
2025-03-12 03:01:40,915 - isca - DEBUG - 
2025-03-12 03:01:40,915 - isca - DEBUG - 
2025-03-12 03:01:40,915 - isca - WARNING - WARNING from PE    0: diag_util_mod::opening_file: module/field_name (socrates/soc_toa_sw_down_clr) NOT registered
2025-03-12 03:01:40,915 - isca - DEBUG - 
2025-03-12 03:01:40,915 - isca - DEBUG - 
2025-03-12 03:01:40,915 - isca - WARNING - WARNING from PE    0: diag_util_mod::opening_file: module/field_name (cloud_simple/rh_min) NOT registered
2025-03-12 03:01:40,915 - isca - DEBUG - 
2025-03-12 03:01:40,923 - isca - DEBUG - NOTE from PE    0: MPP_IO_SET_STACK_SIZE: stack size set to     327680.
2025-03-12 03:01:41,042 - isca - DEBUG - MPP_DOMAINS_STACK high water mark=       40960
2025-03-12 03:01:41,042 - isca - DEBUG - 
2025-03-12 03:01:41,043 - isca - DEBUG - Tabulating mpp_clock statistics across     16 PEs...
2025-03-12 03:01:41,043 - isca - DEBUG - 
2025-03-12 03:01:41,043 - isca - DEBUG - tmin          tmax          tavg          tstd  tfrac grain pemin pemax
2025-03-12 03:01:41,043 - isca - DEBUG - Total runtime                      1024.741361   1024.747528   1024.744372      0.001809  1.000     0     0    15
2025-03-12 03:01:41,044 - isca - DEBUG - MPP_STACK high water mark=           0
2025-03-12 03:01:41,172 - isca - INFO - Run 29 complete
2025-03-12 03:01:41,981 - isca - DEBUG - atmos_monthly.nc combined and copied to data directory
2025-03-12 03:01:44,757 - isca - INFO - Restart archive created at /proj/bolinc/users/x_ryabo/Isca-Ryan_outputs/planetb_presentdayEarth_rot0_Sun_noO3/restarts/res0029.tar.gz
2025-03-12 03:01:44,769 - isca - INFO - Writing namelist to '/proj/bolinc/users/x_ryabo/Isca-Ryan_outputs/planetb_presentdayEarth_rot0_Sun_noO3/run0029/input.nml'
2025-03-12 03:01:44,770 - isca - INFO - Writing field_table to '/proj/bolinc/users/x_ryabo/Isca-Ryan_outputs/planetb_presentdayEarth_rot0_Sun_noO3/run0029/field_table'
2025-03-12 03:01:44,780 - isca - INFO - Writing diag_table to '/proj/bolinc/users/x_ryabo/Isca-Ryan_outputs/planetb_presentdayEarth_rot0_Sun_noO3/run0029/diag_table'
2025-03-12 03:01:44,874 - isca - INFO - Emptied run directory '/home/x_ryabo/Isca-Ryan_tmp/experiment/planetb_presentdayEarth_rot0_Sun_noO3/run'
2025-03-12 03:01:44,891 - isca - INFO - Emptied run directory '/home/x_ryabo/Isca-Ryan_tmp/experiment/planetb_presentdayEarth_rot0_Sun_noO3/run'
2025-03-12 03:01:44,958 - isca - INFO - Writing namelist to '/home/x_ryabo/Isca-Ryan_tmp/experiment/planetb_presentdayEarth_rot0_Sun_noO3/run/input.nml'
2025-03-12 03:01:44,959 - isca - INFO - Writing field_table to '/home/x_ryabo/Isca-Ryan_tmp/experiment/planetb_presentdayEarth_rot0_Sun_noO3/run/field_table'
2025-03-12 03:01:44,968 - isca - INFO - Writing diag_table to '/home/x_ryabo/Isca-Ryan_tmp/experiment/planetb_presentdayEarth_rot0_Sun_noO3/run/diag_table'
2025-03-12 03:01:44,978 - isca - INFO - Using restart file '/proj/bolinc/users/x_ryabo/Isca-Ryan_outputs/planetb_presentdayEarth_rot0_Sun_noO3/restarts/res0029.tar.gz'
2025-03-12 03:01:45,337 - isca - INFO - Restart /proj/bolinc/users/x_ryabo/Isca-Ryan_outputs/planetb_presentdayEarth_rot0_Sun_noO3/restarts/res0029.tar.gz extracted to /home/x_ryabo/Isca-Ryan_tmp/experiment/planetb_presentdayEarth_rot0_Sun_noO3/run/INPUT
2025-03-12 03:01:45,337 - isca - INFO - Beginning run 30
2025-03-12 03:01:45,349 - isca - INFO - process running as 3924603
2025-03-12 03:01:45,349 - isca - DEBUG - loadmodules for Isca on NSC cluster Tetralith
2025-03-12 03:01:45,349 - isca - DEBUG - mpiifort
2025-03-12 03:01:45,447 - isca - DEBUG - The following modules were not unloaded:
2025-03-12 03:01:45,447 - isca - DEBUG - (Use "module --force purge" to unload all):
2025-03-12 03:01:45,447 - isca - DEBUG - 
2025-03-12 03:01:45,447 - isca - DEBUG - 1) hpc/.1.10.1
2025-03-12 03:01:45,546 - isca - DEBUG - ***************************************************
2025-03-12 03:01:45,546 - isca - DEBUG - You have loaded a buildenv module
2025-03-12 03:01:45,546 - isca - DEBUG - ***************************************************
2025-03-12 03:01:45,546 - isca - DEBUG - The buldenv-intel module makes available:
2025-03-12 03:01:45,546 - isca - DEBUG - - Compilers: icc, ifort, etc.
2025-03-12 03:01:45,546 - isca - DEBUG - - Mpi library with mpi-wrapped compilers: intel mpi with mpicc, mpifort, etc.
2025-03-12 03:01:45,547 - isca - DEBUG - - Numerical libraries: intel MKL
2025-03-12 03:01:45,547 - isca - DEBUG - 
2025-03-12 03:01:45,547 - isca - DEBUG - It also makes a set of dependency library modules available via
2025-03-12 03:01:45,547 - isca - DEBUG - the regular module command. Just do:
2025-03-12 03:01:45,547 - isca - DEBUG - module avail
2025-03-12 03:01:45,547 - isca - DEBUG - to see what is available.
2025-03-12 03:01:45,547 - isca - DEBUG - 
2025-03-12 03:01:45,547 - isca - DEBUG - NOTE: You shoud never load build environments inside submitted jobs.
2025-03-12 03:01:45,547 - isca - DEBUG - (with the single exception of when using supercomputer time to compile code.)
2025-03-12 03:01:45,547 - isca - DEBUG - 
2025-03-12 03:01:46,766 - isca - DEBUG - NOTE from PE    0: MPP_DOMAINS_SET_STACK_SIZE: stack size set to    32768.
2025-03-12 03:01:46,766 - isca - DEBUG - &MPP_IO_NML
2025-03-12 03:01:46,766 - isca - DEBUG - HEADER_BUFFER_VAL       =       16384,
2025-03-12 03:01:46,767 - isca - DEBUG - GLOBAL_FIELD_ON_ROOT_PE = T,
2025-03-12 03:01:46,767 - isca - DEBUG - IO_CLOCKS_ON    = F,
2025-03-12 03:01:46,767 - isca - DEBUG - SHUFFLE =           0,
2025-03-12 03:01:46,767 - isca - DEBUG - DEFLATE_LEVEL   =          -1
2025-03-12 03:01:46,767 - isca - DEBUG - /
2025-03-12 03:01:46,768 - isca - DEBUG - NOTE from PE    0: MPP_IO_SET_STACK_SIZE: stack size set to     131072.
2025-03-12 03:01:46,769 - isca - DEBUG - NOTE from PE    0: MPP_DOMAINS_SET_STACK_SIZE: stack size set to   600000.
2025-03-12 03:01:46,775 - isca - DEBUG - starting            1  OpenMP threads per MPI-task
2025-03-12 03:01:46,777 - isca - DEBUG - ATMOS MODEL DOMAIN DECOMPOSITION
2025-03-12 03:01:46,777 - isca - DEBUG - X-AXIS =  128
2025-03-12 03:01:46,778 - isca - DEBUG - Y-AXIS =    4   4   4   4   4   4   4   4   4   4   4   4   4   4   4   4
2025-03-12 03:01:46,821 - isca - DEBUG - 
2025-03-12 03:01:46,821 - isca - WARNING - WARNING from PE    6: socrates_init: dt_rad does not fit into one day an integer number of times
2025-03-12 03:01:46,821 - isca - DEBUG - 
2025-03-12 03:01:46,821 - isca - DEBUG - NOTE from PE    0: cloud_simple: Using SimCloud cloud scheme
2025-03-12 03:01:46,821 - isca - DEBUG - 
2025-03-12 03:01:46,821 - isca - WARNING - WARNING from PE    5: socrates_init: dt_rad does not fit into one day an integer number of times
2025-03-12 03:01:46,821 - isca - DEBUG - 
2025-03-12 03:01:46,821 - isca - DEBUG - 
2025-03-12 03:01:46,821 - isca - DEBUG - 
2025-03-12 03:01:46,821 - isca - WARNING - WARNING from PE    3: socrates_init: dt_rad does not fit into one day an integer number of times
2025-03-12 03:01:46,821 - isca - DEBUG - 
2025-03-12 03:01:46,821 - isca - DEBUG - 
2025-03-12 03:01:46,821 - isca - WARNING - WARNING from PE    4: socrates_init: dt_rad does not fit into one day an integer number of times
2025-03-12 03:01:46,821 - isca - DEBUG - 
2025-03-12 03:01:46,821 - isca - WARNING - WARNING from PE    2: socrates_init: dt_rad does not fit into one day an integer number of times
2025-03-12 03:01:46,821 - isca - DEBUG - 
2025-03-12 03:01:46,821 - isca - DEBUG - 
2025-03-12 03:01:46,822 - isca - WARNING - WARNING from PE    1: socrates_init: dt_rad does not fit into one day an integer number of times
2025-03-12 03:01:46,822 - isca - DEBUG - NOTE from PE    0: ls_cloud: Using linear cloud fraction diagnostic formula.
2025-03-12 03:01:46,822 - isca - DEBUG - 
2025-03-12 03:01:46,822 - isca - DEBUG - NOTE from PE    0: cloud_cover: The cloud overlap assumption is MAXIMUM-RANDOM
2025-03-12 03:01:46,822 - isca - DEBUG - NOTE from PE    0: idealized_moist_phys: Using Frierson Quasi-Equilibrium convection scheme.
2025-03-12 03:01:46,828 - isca - DEBUG - 
2025-03-12 03:01:46,828 - isca - DEBUG - 
2025-03-12 03:01:46,828 - isca - WARNING - WARNING from PE    9: socrates_init: dt_rad does not fit into one day an integer number of times
2025-03-12 03:01:46,828 - isca - DEBUG - 
2025-03-12 03:01:46,828 - isca - WARNING - WARNING from PE   13: socrates_init: dt_rad does not fit into one day an integer number of times
2025-03-12 03:01:46,828 - isca - DEBUG - 
2025-03-12 03:01:46,829 - isca - DEBUG - 
2025-03-12 03:01:46,829 - isca - WARNING - WARNING from PE   12: socrates_init: dt_rad does not fit into one day an integer number of times
2025-03-12 03:01:46,829 - isca - DEBUG - 
2025-03-12 03:01:46,829 - isca - DEBUG - 
2025-03-12 03:01:46,829 - isca - WARNING - WARNING from PE    8: socrates_init: dt_rad does not fit into one day an integer number of times
2025-03-12 03:01:46,829 - isca - DEBUG - 
2025-03-12 03:01:46,829 - isca - DEBUG - 
2025-03-12 03:01:46,829 - isca - WARNING - WARNING from PE   10: socrates_init: dt_rad does not fit into one day an integer number of times
2025-03-12 03:01:46,829 - isca - DEBUG - 
2025-03-12 03:01:46,829 - isca - DEBUG - 
2025-03-12 03:01:46,829 - isca - WARNING - WARNING from PE   14: socrates_init: dt_rad does not fit into one day an integer number of times
2025-03-12 03:01:46,829 - isca - DEBUG - 
2025-03-12 03:01:46,829 - isca - DEBUG - 
2025-03-12 03:01:46,829 - isca - WARNING - WARNING from PE    7: socrates_init: dt_rad does not fit into one day an integer number of times
2025-03-12 03:01:46,829 - isca - DEBUG - 
2025-03-12 03:01:46,829 - isca - DEBUG - 
2025-03-12 03:01:46,829 - isca - WARNING - WARNING from PE   11: socrates_init: dt_rad does not fit into one day an integer number of times
2025-03-12 03:01:46,829 - isca - DEBUG - 
2025-03-12 03:01:46,829 - isca - DEBUG - 
2025-03-12 03:01:46,829 - isca - WARNING - WARNING from PE   15: socrates_init: dt_rad does not fit into one day an integer number of times
2025-03-12 03:01:46,829 - isca - DEBUG - 
2025-03-12 03:01:46,831 - isca - DEBUG - 
2025-03-12 03:01:46,831 - isca - WARNING - WARNING from PE    0: socrates_init: dt_rad does not fit into one day an integer number of times
2025-03-12 03:01:46,831 - isca - DEBUG - 
2025-03-12 03:01:46,831 - isca - DEBUG - 
2025-03-12 03:01:46,831 - isca - WARNING - WARNING from PE    0: socrates_init: dt_rad does not fit into one day an integer number of times
2025-03-12 03:01:46,831 - isca - DEBUG - 
2025-03-12 03:01:46,831 - isca - DEBUG - 
2025-03-12 03:01:46,831 - isca - WARNING - WARNING from PE    0: socrates_init: lw_hires_spectral_filename is unset, making equal to lw_spectral_filename
2025-03-12 03:01:46,831 - isca - DEBUG - 
2025-03-12 03:01:46,831 - isca - DEBUG - 
2025-03-12 03:01:46,831 - isca - WARNING - WARNING from PE    0: socrates_init: lw_hires_spectral_filename is unset, making equal to lw_spectral_filename
2025-03-12 03:01:46,831 - isca - DEBUG - 
2025-03-12 03:01:46,831 - isca - DEBUG - 
2025-03-12 03:01:46,831 - isca - WARNING - WARNING from PE    0: socrates_init: sw_hires_spectral_filename is unset, making equal to sw_spectral_filename
2025-03-12 03:01:46,831 - isca - DEBUG - 
2025-03-12 03:01:46,831 - isca - DEBUG - 
2025-03-12 03:01:46,831 - isca - WARNING - WARNING from PE    0: socrates_init: sw_hires_spectral_filename is unset, making equal to sw_spectral_filename
2025-03-12 03:01:46,831 - isca - DEBUG - 
2025-03-12 03:01:48,226 - isca - DEBUG - NOTE from PE    0: Interpolator: Using input file with no time dimension - ozone_1990_notime_zero.nc
2025-03-12 03:01:48,226 - isca - DEBUG - Initializing src field : ozone_1990
2025-03-12 03:01:48,228 - isca - DEBUG - 
2025-03-12 03:01:48,229 - isca - DEBUG - -----------------------------------
2025-03-12 03:01:48,229 - isca - DEBUG - ____                       _
2025-03-12 03:01:48,229 - isca - DEBUG - / ___|  ___   ___ _ __ __ _| |_ ___  ___
2025-03-12 03:01:48,229 - isca - DEBUG - \___ \ / _ \ / __|  __/ _` | __/ _ \/ __|
2025-03-12 03:01:48,229 - isca - DEBUG - ___) | (_) | (__| | | (_| | ||  __/\__ \
2025-03-12 03:01:48,229 - isca - DEBUG - |____/ \___/ \___|_|  \__,_|\__\___||___/
2025-03-12 03:01:48,229 - isca - DEBUG - 
2025-03-12 03:01:48,229 - isca - DEBUG - Initialised Socrates v17.03
2025-03-12 03:01:48,229 - isca - DEBUG - Stellar constant =    1400.00000000000
2025-03-12 03:01:48,229 - isca - DEBUG - Longwave spectral file =
2025-03-12 03:01:48,229 - isca - DEBUG - /proj/bolinc/users/x_ryabo/socrates_edited_for_isca/spectral_files_for_GCMs/Sun
2025-03-12 03:01:48,243 - isca - DEBUG - /miniSuran_lw.sf WITH           16  bands
2025-03-12 03:01:48,243 - isca - DEBUG - Longwave hires spectral file =
2025-03-12 03:01:48,243 - isca - DEBUG - /proj/bolinc/users/x_ryabo/socrates_edited_for_isca/spectral_files_for_GCMs/Sun
2025-03-12 03:01:48,243 - isca - DEBUG - /miniSuran_lw.sf WITH           16  bands
2025-03-12 03:01:48,243 - isca - DEBUG - Shortwave spectral file =
2025-03-12 03:01:48,243 - isca - DEBUG - /proj/bolinc/users/x_ryabo/socrates_edited_for_isca/spectral_files_for_GCMs/Sun
2025-03-12 03:01:48,243 - isca - DEBUG - /miniSuran_sw.sf WITH           16  bands
2025-03-12 03:01:48,243 - isca - DEBUG - Shortwave hires spectral file =
2025-03-12 03:01:48,243 - isca - DEBUG - /proj/bolinc/users/x_ryabo/socrates_edited_for_isca/spectral_files_for_GCMs/Sun
2025-03-12 03:01:48,243 - isca - DEBUG - /miniSuran_sw.sf WITH           16  bands
2025-03-12 03:01:48,243 - isca - DEBUG - 
2025-03-12 03:01:48,243 - isca - DEBUG - -----------------------------------
2025-03-12 03:01:48,243 - isca - DEBUG - 
2025-03-12 03:02:19,501 - isca - DEBUG - Integration completed through   871 days     0 seconds
2025-03-12 03:02:51,076 - isca - DEBUG - Integration completed through   872 days     0 seconds
2025-03-12 03:03:22,588 - isca - DEBUG - Integration completed through   873 days     0 seconds
2025-03-12 03:03:54,130 - isca - DEBUG - Integration completed through   874 days     0 seconds
2025-03-12 03:04:25,659 - isca - DEBUG - Integration completed through   875 days     0 seconds
2025-03-12 03:04:57,206 - isca - DEBUG - Integration completed through   876 days     0 seconds
2025-03-12 03:05:28,703 - isca - DEBUG - Integration completed through   877 days     0 seconds
2025-03-12 03:05:59,950 - isca - DEBUG - Integration completed through   878 days     0 seconds
2025-03-12 03:06:31,175 - isca - DEBUG - Integration completed through   879 days     0 seconds
2025-03-12 03:07:02,308 - isca - DEBUG - Integration completed through   880 days     0 seconds
2025-03-12 03:07:33,250 - isca - DEBUG - Integration completed through   881 days     0 seconds
2025-03-12 03:08:04,142 - isca - DEBUG - Integration completed through   882 days     0 seconds
2025-03-12 03:08:35,068 - isca - DEBUG - Integration completed through   883 days     0 seconds
2025-03-12 03:09:05,996 - isca - DEBUG - Integration completed through   884 days     0 seconds
2025-03-12 03:09:37,018 - isca - DEBUG - Integration completed through   885 days     0 seconds
2025-03-12 03:10:08,179 - isca - DEBUG - Integration completed through   886 days     0 seconds
2025-03-12 03:10:39,244 - isca - DEBUG - Integration completed through   887 days     0 seconds
2025-03-12 03:11:10,368 - isca - DEBUG - Integration completed through   888 days     0 seconds
2025-03-12 03:11:41,522 - isca - DEBUG - Integration completed through   889 days     0 seconds
2025-03-12 03:12:12,823 - isca - DEBUG - Integration completed through   890 days     0 seconds
2025-03-12 03:12:44,365 - isca - DEBUG - Integration completed through   891 days     0 seconds
2025-03-12 03:13:16,036 - isca - DEBUG - Integration completed through   892 days     0 seconds
2025-03-12 03:13:47,596 - isca - DEBUG - Integration completed through   893 days     0 seconds
2025-03-12 03:14:18,977 - isca - DEBUG - Integration completed through   894 days     0 seconds
2025-03-12 03:14:50,376 - isca - DEBUG - Integration completed through   895 days     0 seconds
2025-03-12 03:15:21,694 - isca - DEBUG - Integration completed through   896 days     0 seconds
2025-03-12 03:15:53,146 - isca - DEBUG - Integration completed through   897 days     0 seconds
2025-03-12 03:16:24,555 - isca - DEBUG - Integration completed through   898 days     0 seconds
2025-03-12 03:16:55,858 - isca - DEBUG - Integration completed through   899 days     0 seconds
2025-03-12 03:17:27,266 - isca - DEBUG - Integration completed through   900 days     0 seconds
2025-03-12 03:17:27,272 - isca - DEBUG - 
2025-03-12 03:17:27,272 - isca - WARNING - WARNING from PE    0: diag_util_mod::opening_file: module/field_name (socrates/soc_toa_sw_down_clr) NOT registered
2025-03-12 03:17:27,285 - isca - DEBUG - 
2025-03-12 03:17:27,285 - isca - DEBUG - 
2025-03-12 03:17:27,285 - isca - WARNING - WARNING from PE    0: diag_util_mod::opening_file: module/field_name (socrates/soc_toa_sw_down_clr) NOT registered
2025-03-12 03:17:27,285 - isca - DEBUG - 
2025-03-12 03:17:27,285 - isca - DEBUG - 
2025-03-12 03:17:27,285 - isca - DEBUG - 
2025-03-12 03:17:27,285 - isca - WARNING - WARNING from PE    0: diag_util_mod::opening_file: module/field_name (cloud_simple/rh_min) NOT registered
2025-03-12 03:17:27,285 - isca - DEBUG - 
2025-03-12 03:17:27,285 - isca - WARNING - WARNING from PE    0: diag_util_mod::opening_file: module/field_name (cloud_simple/rh_min) NOT registered
2025-03-12 03:17:27,285 - isca - DEBUG - 
2025-03-12 03:17:27,285 - isca - DEBUG - NOTE from PE    0: MPP_IO_SET_STACK_SIZE: stack size set to     327680.
2025-03-12 03:17:27,389 - isca - DEBUG - MPP_DOMAINS_STACK high water mark=       40960
2025-03-12 03:17:27,390 - isca - DEBUG - 
2025-03-12 03:17:27,390 - isca - DEBUG - Tabulating mpp_clock statistics across     16 PEs...
2025-03-12 03:17:27,390 - isca - DEBUG - 
2025-03-12 03:17:27,390 - isca - DEBUG - tmin          tmax          tavg          tstd  tfrac grain pemin pemax
2025-03-12 03:17:27,390 - isca - DEBUG - Total runtime                       940.621783    940.627010    940.624337      0.001480  1.000     0     0    15
2025-03-12 03:17:27,390 - isca - DEBUG - MPP_STACK high water mark=           0
2025-03-12 03:17:27,526 - isca - INFO - Run 30 complete
2025-03-12 03:17:28,357 - isca - DEBUG - atmos_monthly.nc combined and copied to data directory
2025-03-12 03:17:31,089 - isca - INFO - Restart archive created at /proj/bolinc/users/x_ryabo/Isca-Ryan_outputs/planetb_presentdayEarth_rot0_Sun_noO3/restarts/res0030.tar.gz
2025-03-12 03:17:31,103 - isca - INFO - Writing namelist to '/proj/bolinc/users/x_ryabo/Isca-Ryan_outputs/planetb_presentdayEarth_rot0_Sun_noO3/run0030/input.nml'
2025-03-12 03:17:31,105 - isca - INFO - Writing field_table to '/proj/bolinc/users/x_ryabo/Isca-Ryan_outputs/planetb_presentdayEarth_rot0_Sun_noO3/run0030/field_table'
2025-03-12 03:17:31,115 - isca - INFO - Writing diag_table to '/proj/bolinc/users/x_ryabo/Isca-Ryan_outputs/planetb_presentdayEarth_rot0_Sun_noO3/run0030/diag_table'
2025-03-12 03:17:31,208 - isca - INFO - Emptied run directory '/home/x_ryabo/Isca-Ryan_tmp/experiment/planetb_presentdayEarth_rot0_Sun_noO3/run'
2025-03-12 03:17:31,229 - isca - INFO - Emptied run directory '/home/x_ryabo/Isca-Ryan_tmp/experiment/planetb_presentdayEarth_rot0_Sun_noO3/run'
2025-03-12 03:17:31,298 - isca - INFO - Writing namelist to '/home/x_ryabo/Isca-Ryan_tmp/experiment/planetb_presentdayEarth_rot0_Sun_noO3/run/input.nml'
2025-03-12 03:17:31,299 - isca - INFO - Writing field_table to '/home/x_ryabo/Isca-Ryan_tmp/experiment/planetb_presentdayEarth_rot0_Sun_noO3/run/field_table'
2025-03-12 03:17:31,308 - isca - INFO - Writing diag_table to '/home/x_ryabo/Isca-Ryan_tmp/experiment/planetb_presentdayEarth_rot0_Sun_noO3/run/diag_table'
2025-03-12 03:17:31,318 - isca - INFO - Using restart file '/proj/bolinc/users/x_ryabo/Isca-Ryan_outputs/planetb_presentdayEarth_rot0_Sun_noO3/restarts/res0030.tar.gz'
2025-03-12 03:17:31,676 - isca - INFO - Restart /proj/bolinc/users/x_ryabo/Isca-Ryan_outputs/planetb_presentdayEarth_rot0_Sun_noO3/restarts/res0030.tar.gz extracted to /home/x_ryabo/Isca-Ryan_tmp/experiment/planetb_presentdayEarth_rot0_Sun_noO3/run/INPUT
2025-03-12 03:17:31,677 - isca - INFO - Beginning run 31
2025-03-12 03:17:31,688 - isca - INFO - process running as 3926082
2025-03-12 03:17:31,689 - isca - DEBUG - loadmodules for Isca on NSC cluster Tetralith
2025-03-12 03:17:31,689 - isca - DEBUG - mpiifort
2025-03-12 03:17:31,787 - isca - DEBUG - The following modules were not unloaded:
2025-03-12 03:17:31,787 - isca - DEBUG - (Use "module --force purge" to unload all):
2025-03-12 03:17:31,787 - isca - DEBUG - 
2025-03-12 03:17:31,788 - isca - DEBUG - 1) hpc/.1.10.1
2025-03-12 03:17:31,884 - isca - DEBUG - ***************************************************
2025-03-12 03:17:31,884 - isca - DEBUG - You have loaded a buildenv module
2025-03-12 03:17:31,885 - isca - DEBUG - ***************************************************
2025-03-12 03:17:31,885 - isca - DEBUG - The buldenv-intel module makes available:
2025-03-12 03:17:31,885 - isca - DEBUG - - Compilers: icc, ifort, etc.
2025-03-12 03:17:31,885 - isca - DEBUG - - Mpi library with mpi-wrapped compilers: intel mpi with mpicc, mpifort, etc.
2025-03-12 03:17:31,885 - isca - DEBUG - - Numerical libraries: intel MKL
2025-03-12 03:17:31,885 - isca - DEBUG - 
2025-03-12 03:17:31,885 - isca - DEBUG - It also makes a set of dependency library modules available via
2025-03-12 03:17:31,885 - isca - DEBUG - the regular module command. Just do:
2025-03-12 03:17:31,885 - isca - DEBUG - module avail
2025-03-12 03:17:31,885 - isca - DEBUG - to see what is available.
2025-03-12 03:17:31,885 - isca - DEBUG - 
2025-03-12 03:17:31,885 - isca - DEBUG - NOTE: You shoud never load build environments inside submitted jobs.
2025-03-12 03:17:31,885 - isca - DEBUG - (with the single exception of when using supercomputer time to compile code.)
2025-03-12 03:17:31,885 - isca - DEBUG - 
2025-03-12 03:17:33,086 - isca - DEBUG - NOTE from PE    0: MPP_DOMAINS_SET_STACK_SIZE: stack size set to    32768.
2025-03-12 03:17:33,086 - isca - DEBUG - &MPP_IO_NML
2025-03-12 03:17:33,086 - isca - DEBUG - HEADER_BUFFER_VAL       =       16384,
2025-03-12 03:17:33,086 - isca - DEBUG - GLOBAL_FIELD_ON_ROOT_PE = T,
2025-03-12 03:17:33,086 - isca - DEBUG - IO_CLOCKS_ON    = F,
2025-03-12 03:17:33,086 - isca - DEBUG - SHUFFLE =           0,
2025-03-12 03:17:33,086 - isca - DEBUG - DEFLATE_LEVEL   =          -1
2025-03-12 03:17:33,086 - isca - DEBUG - /
2025-03-12 03:17:33,087 - isca - DEBUG - NOTE from PE    0: MPP_IO_SET_STACK_SIZE: stack size set to     131072.
2025-03-12 03:17:33,088 - isca - DEBUG - NOTE from PE    0: MPP_DOMAINS_SET_STACK_SIZE: stack size set to   600000.
2025-03-12 03:17:33,095 - isca - DEBUG - starting            1  OpenMP threads per MPI-task
2025-03-12 03:17:33,096 - isca - DEBUG - ATMOS MODEL DOMAIN DECOMPOSITION
2025-03-12 03:17:33,097 - isca - DEBUG - X-AXIS =  128
2025-03-12 03:17:33,097 - isca - DEBUG - Y-AXIS =    4   4   4   4   4   4   4   4   4   4   4   4   4   4   4   4
2025-03-12 03:17:33,134 - isca - DEBUG - NOTE from PE    0: cloud_simple: Using SimCloud cloud scheme
2025-03-12 03:17:33,135 - isca - DEBUG - NOTE from PE    0: ls_cloud: Using linear cloud fraction diagnostic formula.
2025-03-12 03:17:33,135 - isca - DEBUG - NOTE from PE    0: cloud_cover: The cloud overlap assumption is MAXIMUM-RANDOM
2025-03-12 03:17:33,135 - isca - DEBUG - NOTE from PE    0: idealized_moist_phys: Using Frierson Quasi-Equilibrium convection scheme.
2025-03-12 03:17:33,138 - isca - DEBUG - 
2025-03-12 03:17:33,138 - isca - DEBUG - 
2025-03-12 03:17:33,138 - isca - WARNING - WARNING from PE    6: socrates_init: dt_rad does not fit into one day an integer number of times
2025-03-12 03:17:33,138 - isca - DEBUG - 
2025-03-12 03:17:33,138 - isca - WARNING - WARNING from PE    4: socrates_init: dt_rad does not fit into one day an integer number of times
2025-03-12 03:17:33,138 - isca - DEBUG - 
2025-03-12 03:17:33,138 - isca - DEBUG - 
2025-03-12 03:17:33,138 - isca - WARNING - WARNING from PE    2: socrates_init: dt_rad does not fit into one day an integer number of times
2025-03-12 03:17:33,138 - isca - DEBUG - 
2025-03-12 03:17:33,139 - isca - DEBUG - 
2025-03-12 03:17:33,139 - isca - WARNING - WARNING from PE    3: socrates_init: dt_rad does not fit into one day an integer number of times
2025-03-12 03:17:33,139 - isca - DEBUG - 
2025-03-12 03:17:33,139 - isca - DEBUG - 
2025-03-12 03:17:33,139 - isca - WARNING - WARNING from PE    5: socrates_init: dt_rad does not fit into one day an integer number of times
2025-03-12 03:17:33,139 - isca - DEBUG - 
2025-03-12 03:17:33,139 - isca - DEBUG - 
2025-03-12 03:17:33,139 - isca - WARNING - WARNING from PE    1: socrates_init: dt_rad does not fit into one day an integer number of times
2025-03-12 03:17:33,140 - isca - DEBUG - 
2025-03-12 03:17:33,143 - isca - DEBUG - 
2025-03-12 03:17:33,143 - isca - WARNING - WARNING from PE    0: socrates_init: dt_rad does not fit into one day an integer number of times
2025-03-12 03:17:33,143 - isca - DEBUG - 
2025-03-12 03:17:33,143 - isca - DEBUG - 
2025-03-12 03:17:33,143 - isca - WARNING - WARNING from PE    0: socrates_init: dt_rad does not fit into one day an integer number of times
2025-03-12 03:17:33,143 - isca - DEBUG - 
2025-03-12 03:17:33,143 - isca - DEBUG - 
2025-03-12 03:17:33,144 - isca - WARNING - WARNING from PE    0: socrates_init: lw_hires_spectral_filename is unset, making equal to lw_spectral_filename
2025-03-12 03:17:33,144 - isca - DEBUG - 
2025-03-12 03:17:33,144 - isca - DEBUG - 
2025-03-12 03:17:33,144 - isca - WARNING - WARNING from PE    0: socrates_init: lw_hires_spectral_filename is unset, making equal to lw_spectral_filename
2025-03-12 03:17:33,144 - isca - DEBUG - 
2025-03-12 03:17:33,144 - isca - DEBUG - 
2025-03-12 03:17:33,144 - isca - WARNING - WARNING from PE    0: socrates_init: sw_hires_spectral_filename is unset, making equal to sw_spectral_filename
2025-03-12 03:17:33,144 - isca - DEBUG - 
2025-03-12 03:17:33,144 - isca - DEBUG - 
2025-03-12 03:17:33,144 - isca - WARNING - WARNING from PE    0: socrates_init: sw_hires_spectral_filename is unset, making equal to sw_spectral_filename
2025-03-12 03:17:33,144 - isca - DEBUG - 
2025-03-12 03:17:33,144 - isca - DEBUG - 
2025-03-12 03:17:33,144 - isca - WARNING - WARNING from PE    7: socrates_init: dt_rad does not fit into one day an integer number of times
2025-03-12 03:17:33,144 - isca - DEBUG - 
2025-03-12 03:17:33,144 - isca - DEBUG - 
2025-03-12 03:17:33,144 - isca - DEBUG - 
2025-03-12 03:17:33,144 - isca - WARNING - WARNING from PE   12: socrates_init: dt_rad does not fit into one day an integer number of times
2025-03-12 03:17:33,144 - isca - DEBUG - 
2025-03-12 03:17:33,144 - isca - DEBUG - 
2025-03-12 03:17:33,144 - isca - WARNING - WARNING from PE   13: socrates_init: dt_rad does not fit into one day an integer number of times
2025-03-12 03:17:33,144 - isca - DEBUG - 
2025-03-12 03:17:33,145 - isca - WARNING - WARNING from PE   10: socrates_init: dt_rad does not fit into one day an integer number of times
2025-03-12 03:17:33,145 - isca - DEBUG - 
2025-03-12 03:17:33,145 - isca - DEBUG - 
2025-03-12 03:17:33,145 - isca - WARNING - WARNING from PE    9: socrates_init: dt_rad does not fit into one day an integer number of times
2025-03-12 03:17:33,145 - isca - DEBUG - 
2025-03-12 03:17:33,145 - isca - DEBUG - 
2025-03-12 03:17:33,145 - isca - WARNING - WARNING from PE   11: socrates_init: dt_rad does not fit into one day an integer number of times
2025-03-12 03:17:33,145 - isca - DEBUG - 
2025-03-12 03:17:33,145 - isca - DEBUG - 
2025-03-12 03:17:33,145 - isca - WARNING - WARNING from PE   14: socrates_init: dt_rad does not fit into one day an integer number of times
2025-03-12 03:17:33,145 - isca - DEBUG - 
2025-03-12 03:17:33,145 - isca - DEBUG - 
2025-03-12 03:17:33,145 - isca - WARNING - WARNING from PE    8: socrates_init: dt_rad does not fit into one day an integer number of times
2025-03-12 03:17:33,145 - isca - DEBUG - 
2025-03-12 03:17:33,145 - isca - DEBUG - 
2025-03-12 03:17:33,145 - isca - WARNING - WARNING from PE   15: socrates_init: dt_rad does not fit into one day an integer number of times
2025-03-12 03:17:33,145 - isca - DEBUG - 
2025-03-12 03:17:34,225 - isca - DEBUG - NOTE from PE    0: Interpolator: Using input file with no time dimension - ozone_1990_notime_zero.nc
2025-03-12 03:17:34,225 - isca - DEBUG - Initializing src field : ozone_1990
2025-03-12 03:17:34,226 - isca - DEBUG - 
2025-03-12 03:17:34,226 - isca - DEBUG - -----------------------------------
2025-03-12 03:17:34,226 - isca - DEBUG - ____                       _
2025-03-12 03:17:34,226 - isca - DEBUG - / ___|  ___   ___ _ __ __ _| |_ ___  ___
2025-03-12 03:17:34,226 - isca - DEBUG - \___ \ / _ \ / __|  __/ _` | __/ _ \/ __|
2025-03-12 03:17:34,226 - isca - DEBUG - ___) | (_) | (__| | | (_| | ||  __/\__ \
2025-03-12 03:17:34,227 - isca - DEBUG - |____/ \___/ \___|_|  \__,_|\__\___||___/
2025-03-12 03:17:34,227 - isca - DEBUG - 
2025-03-12 03:17:34,227 - isca - DEBUG - Initialised Socrates v17.03
2025-03-12 03:17:34,227 - isca - DEBUG - Stellar constant =    1400.00000000000
2025-03-12 03:17:34,227 - isca - DEBUG - Longwave spectral file =
2025-03-12 03:17:34,227 - isca - DEBUG - /proj/bolinc/users/x_ryabo/socrates_edited_for_isca/spectral_files_for_GCMs/Sun
2025-03-12 03:17:34,227 - isca - DEBUG - /miniSuran_lw.sf WITH           16  bands
2025-03-12 03:17:34,227 - isca - DEBUG - Longwave hires spectral file =
2025-03-12 03:17:34,227 - isca - DEBUG - /proj/bolinc/users/x_ryabo/socrates_edited_for_isca/spectral_files_for_GCMs/Sun
2025-03-12 03:17:34,227 - isca - DEBUG - /miniSuran_lw.sf WITH           16  bands
2025-03-12 03:17:34,227 - isca - DEBUG - Shortwave spectral file =
2025-03-12 03:17:34,227 - isca - DEBUG - /proj/bolinc/users/x_ryabo/socrates_edited_for_isca/spectral_files_for_GCMs/Sun
2025-03-12 03:17:34,227 - isca - DEBUG - /miniSuran_sw.sf WITH           16  bands
2025-03-12 03:17:34,227 - isca - DEBUG - Shortwave hires spectral file =
2025-03-12 03:17:34,227 - isca - DEBUG - /proj/bolinc/users/x_ryabo/socrates_edited_for_isca/spectral_files_for_GCMs/Sun
2025-03-12 03:17:34,227 - isca - DEBUG - /miniSuran_sw.sf WITH           16  bands
2025-03-12 03:17:34,228 - isca - DEBUG - 
2025-03-12 03:17:34,228 - isca - DEBUG - -----------------------------------
2025-03-12 03:17:34,228 - isca - DEBUG - 
2025-03-12 03:18:05,954 - isca - DEBUG - Integration completed through   901 days     0 seconds
2025-03-12 03:18:37,803 - isca - DEBUG - Integration completed through   902 days     0 seconds
2025-03-12 03:19:09,172 - isca - DEBUG - Integration completed through   903 days     0 seconds
2025-03-12 03:19:40,622 - isca - DEBUG - Integration completed through   904 days     0 seconds
2025-03-12 03:20:11,996 - isca - DEBUG - Integration completed through   905 days     0 seconds
2025-03-12 03:20:43,242 - isca - DEBUG - Integration completed through   906 days     0 seconds
2025-03-12 03:21:14,303 - isca - DEBUG - Integration completed through   907 days     0 seconds
2025-03-12 03:21:45,342 - isca - DEBUG - Integration completed through   908 days     0 seconds
2025-03-12 03:22:16,363 - isca - DEBUG - Integration completed through   909 days     0 seconds
2025-03-12 03:22:47,348 - isca - DEBUG - Integration completed through   910 days     0 seconds
2025-03-12 03:23:19,982 - isca - DEBUG - Integration completed through   911 days     0 seconds
2025-03-12 03:23:52,930 - isca - DEBUG - Integration completed through   912 days     0 seconds
2025-03-12 03:24:25,845 - isca - DEBUG - Integration completed through   913 days     0 seconds
2025-03-12 03:24:58,970 - isca - DEBUG - Integration completed through   914 days     0 seconds
2025-03-12 03:25:31,976 - isca - DEBUG - Integration completed through   915 days     0 seconds
2025-03-12 03:26:04,992 - isca - DEBUG - Integration completed through   916 days     0 seconds
2025-03-12 03:26:37,891 - isca - DEBUG - Integration completed through   917 days     0 seconds
2025-03-12 03:27:11,128 - isca - DEBUG - Integration completed through   918 days     0 seconds
2025-03-12 03:27:44,073 - isca - DEBUG - Integration completed through   919 days     0 seconds
2025-03-12 03:28:16,898 - isca - DEBUG - Integration completed through   920 days     0 seconds
2025-03-12 03:28:49,607 - isca - DEBUG - Integration completed through   921 days     0 seconds
2025-03-12 03:29:22,355 - isca - DEBUG - Integration completed through   922 days     0 seconds
2025-03-12 03:29:55,288 - isca - DEBUG - Integration completed through   923 days     0 seconds
2025-03-12 03:30:28,496 - isca - DEBUG - Integration completed through   924 days     0 seconds
2025-03-12 03:31:01,426 - isca - DEBUG - Integration completed through   925 days     0 seconds
2025-03-12 03:31:34,290 - isca - DEBUG - Integration completed through   926 days     0 seconds
2025-03-12 03:32:07,015 - isca - DEBUG - Integration completed through   927 days     0 seconds
2025-03-12 03:32:39,713 - isca - DEBUG - Integration completed through   928 days     0 seconds
2025-03-12 03:33:12,471 - isca - DEBUG - Integration completed through   929 days     0 seconds
2025-03-12 03:33:45,307 - isca - DEBUG - Integration completed through   930 days     0 seconds
2025-03-12 03:33:45,317 - isca - DEBUG - 
2025-03-12 03:33:45,317 - isca - WARNING - WARNING from PE    0: diag_util_mod::opening_file: module/field_name (socrates/soc_toa_sw_down_clr) NOT registered
2025-03-12 03:33:45,317 - isca - DEBUG - 
2025-03-12 03:33:45,317 - isca - DEBUG - 
2025-03-12 03:33:45,317 - isca - WARNING - WARNING from PE    0: diag_util_mod::opening_file: module/field_name (socrates/soc_toa_sw_down_clr) NOT registered
2025-03-12 03:33:45,318 - isca - DEBUG - 
2025-03-12 03:33:45,318 - isca - DEBUG - 
2025-03-12 03:33:45,318 - isca - WARNING - WARNING from PE    0: diag_util_mod::opening_file: module/field_name (cloud_simple/rh_min) NOT registered
2025-03-12 03:33:45,318 - isca - DEBUG - 
2025-03-12 03:33:45,318 - isca - DEBUG - 
2025-03-12 03:33:45,318 - isca - WARNING - WARNING from PE    0: diag_util_mod::opening_file: module/field_name (cloud_simple/rh_min) NOT registered
2025-03-12 03:33:45,319 - isca - DEBUG - 
2025-03-12 03:33:45,328 - isca - DEBUG - NOTE from PE    0: MPP_IO_SET_STACK_SIZE: stack size set to     327680.
2025-03-12 03:33:45,417 - isca - DEBUG - MPP_DOMAINS_STACK high water mark=       40960
2025-03-12 03:33:45,418 - isca - DEBUG - 
2025-03-12 03:33:45,418 - isca - DEBUG - Tabulating mpp_clock statistics across     16 PEs...
2025-03-12 03:33:45,418 - isca - DEBUG - 
2025-03-12 03:33:45,418 - isca - DEBUG - tmin          tmax          tavg          tstd  tfrac grain pemin pemax
2025-03-12 03:33:45,419 - isca - DEBUG - Total runtime                       972.330093    972.335403    972.332129      0.001377  1.000     0     0    15
2025-03-12 03:33:45,419 - isca - DEBUG - MPP_STACK high water mark=           0
2025-03-12 03:33:45,544 - isca - INFO - Run 31 complete
2025-03-12 03:33:46,607 - isca - DEBUG - atmos_monthly.nc combined and copied to data directory
2025-03-12 03:33:49,908 - isca - INFO - Restart archive created at /proj/bolinc/users/x_ryabo/Isca-Ryan_outputs/planetb_presentdayEarth_rot0_Sun_noO3/restarts/res0031.tar.gz
2025-03-12 03:33:49,924 - isca - INFO - Writing namelist to '/proj/bolinc/users/x_ryabo/Isca-Ryan_outputs/planetb_presentdayEarth_rot0_Sun_noO3/run0031/input.nml'
2025-03-12 03:33:49,926 - isca - INFO - Writing field_table to '/proj/bolinc/users/x_ryabo/Isca-Ryan_outputs/planetb_presentdayEarth_rot0_Sun_noO3/run0031/field_table'
2025-03-12 03:33:49,939 - isca - INFO - Writing diag_table to '/proj/bolinc/users/x_ryabo/Isca-Ryan_outputs/planetb_presentdayEarth_rot0_Sun_noO3/run0031/diag_table'
2025-03-12 03:33:50,087 - isca - INFO - Emptied run directory '/home/x_ryabo/Isca-Ryan_tmp/experiment/planetb_presentdayEarth_rot0_Sun_noO3/run'
2025-03-12 03:33:50,113 - isca - INFO - Emptied run directory '/home/x_ryabo/Isca-Ryan_tmp/experiment/planetb_presentdayEarth_rot0_Sun_noO3/run'
2025-03-12 03:33:50,204 - isca - INFO - Writing namelist to '/home/x_ryabo/Isca-Ryan_tmp/experiment/planetb_presentdayEarth_rot0_Sun_noO3/run/input.nml'
2025-03-12 03:33:50,206 - isca - INFO - Writing field_table to '/home/x_ryabo/Isca-Ryan_tmp/experiment/planetb_presentdayEarth_rot0_Sun_noO3/run/field_table'
2025-03-12 03:33:50,219 - isca - INFO - Writing diag_table to '/home/x_ryabo/Isca-Ryan_tmp/experiment/planetb_presentdayEarth_rot0_Sun_noO3/run/diag_table'
2025-03-12 03:33:50,235 - isca - INFO - Using restart file '/proj/bolinc/users/x_ryabo/Isca-Ryan_outputs/planetb_presentdayEarth_rot0_Sun_noO3/restarts/res0031.tar.gz'
2025-03-12 03:33:50,651 - isca - INFO - Restart /proj/bolinc/users/x_ryabo/Isca-Ryan_outputs/planetb_presentdayEarth_rot0_Sun_noO3/restarts/res0031.tar.gz extracted to /home/x_ryabo/Isca-Ryan_tmp/experiment/planetb_presentdayEarth_rot0_Sun_noO3/run/INPUT
2025-03-12 03:33:50,652 - isca - INFO - Beginning run 32
2025-03-12 03:33:50,665 - isca - INFO - process running as 3927475
2025-03-12 03:33:50,665 - isca - DEBUG - loadmodules for Isca on NSC cluster Tetralith
2025-03-12 03:33:50,665 - isca - DEBUG - mpiifort
2025-03-12 03:33:50,767 - isca - DEBUG - The following modules were not unloaded:
2025-03-12 03:33:50,767 - isca - DEBUG - (Use "module --force purge" to unload all):
2025-03-12 03:33:50,767 - isca - DEBUG - 
2025-03-12 03:33:50,767 - isca - DEBUG - 1) hpc/.1.10.1
2025-03-12 03:33:50,865 - isca - DEBUG - ***************************************************
2025-03-12 03:33:50,866 - isca - DEBUG - You have loaded a buildenv module
2025-03-12 03:33:50,866 - isca - DEBUG - ***************************************************
2025-03-12 03:33:50,866 - isca - DEBUG - The buldenv-intel module makes available:
2025-03-12 03:33:50,866 - isca - DEBUG - - Compilers: icc, ifort, etc.
2025-03-12 03:33:50,866 - isca - DEBUG - - Mpi library with mpi-wrapped compilers: intel mpi with mpicc, mpifort, etc.
2025-03-12 03:33:50,866 - isca - DEBUG - - Numerical libraries: intel MKL
2025-03-12 03:33:50,866 - isca - DEBUG - 
2025-03-12 03:33:50,866 - isca - DEBUG - It also makes a set of dependency library modules available via
2025-03-12 03:33:50,866 - isca - DEBUG - the regular module command. Just do:
2025-03-12 03:33:50,866 - isca - DEBUG - module avail
2025-03-12 03:33:50,866 - isca - DEBUG - to see what is available.
2025-03-12 03:33:50,866 - isca - DEBUG - 
2025-03-12 03:33:50,866 - isca - DEBUG - NOTE: You shoud never load build environments inside submitted jobs.
2025-03-12 03:33:50,866 - isca - DEBUG - (with the single exception of when using supercomputer time to compile code.)
2025-03-12 03:33:50,866 - isca - DEBUG - 
2025-03-12 03:33:52,075 - isca - DEBUG - NOTE from PE    0: MPP_DOMAINS_SET_STACK_SIZE: stack size set to    32768.
2025-03-12 03:33:52,075 - isca - DEBUG - &MPP_IO_NML
2025-03-12 03:33:52,075 - isca - DEBUG - HEADER_BUFFER_VAL       =       16384,
2025-03-12 03:33:52,075 - isca - DEBUG - GLOBAL_FIELD_ON_ROOT_PE = T,
2025-03-12 03:33:52,075 - isca - DEBUG - IO_CLOCKS_ON    = F,
2025-03-12 03:33:52,075 - isca - DEBUG - SHUFFLE =           0,
2025-03-12 03:33:52,075 - isca - DEBUG - DEFLATE_LEVEL   =          -1
2025-03-12 03:33:52,075 - isca - DEBUG - /
2025-03-12 03:33:52,077 - isca - DEBUG - NOTE from PE    0: MPP_IO_SET_STACK_SIZE: stack size set to     131072.
2025-03-12 03:33:52,078 - isca - DEBUG - NOTE from PE    0: MPP_DOMAINS_SET_STACK_SIZE: stack size set to   600000.
2025-03-12 03:33:52,085 - isca - DEBUG - starting            1  OpenMP threads per MPI-task
2025-03-12 03:33:52,087 - isca - DEBUG - ATMOS MODEL DOMAIN DECOMPOSITION
2025-03-12 03:33:52,088 - isca - DEBUG - X-AXIS =  128
2025-03-12 03:33:52,088 - isca - DEBUG - Y-AXIS =    4   4   4   4   4   4   4   4   4   4   4   4   4   4   4   4
2025-03-12 03:33:52,135 - isca - DEBUG - 
2025-03-12 03:33:52,135 - isca - WARNING - WARNING from PE    8: socrates_init: dt_rad does not fit into one day an integer number of times
2025-03-12 03:33:52,135 - isca - DEBUG - 
2025-03-12 03:33:52,135 - isca - DEBUG - NOTE from PE    0: cloud_simple: Using SimCloud cloud scheme
2025-03-12 03:33:52,136 - isca - DEBUG - 
2025-03-12 03:33:52,136 - isca - WARNING - WARNING from PE   13: socrates_init: dt_rad does not fit into one day an integer number of times
2025-03-12 03:33:52,136 - isca - DEBUG - 
2025-03-12 03:33:52,136 - isca - DEBUG - 
2025-03-12 03:33:52,136 - isca - WARNING - WARNING from PE   11: socrates_init: dt_rad does not fit into one day an integer number of times
2025-03-12 03:33:52,136 - isca - DEBUG - 
2025-03-12 03:33:52,137 - isca - DEBUG - 
2025-03-12 03:33:52,137 - isca - WARNING - WARNING from PE   15: socrates_init: dt_rad does not fit into one day an integer number of times
2025-03-12 03:33:52,137 - isca - DEBUG - 
2025-03-12 03:33:52,137 - isca - DEBUG - 
2025-03-12 03:33:52,137 - isca - DEBUG - 
2025-03-12 03:33:52,137 - isca - WARNING - WARNING from PE   10: socrates_init: dt_rad does not fit into one day an integer number of times
2025-03-12 03:33:52,137 - isca - DEBUG - 
2025-03-12 03:33:52,138 - isca - DEBUG - 
2025-03-12 03:33:52,138 - isca - WARNING - WARNING from PE    9: socrates_init: dt_rad does not fit into one day an integer number of times
2025-03-12 03:33:52,138 - isca - DEBUG - 
2025-03-12 03:33:52,138 - isca - WARNING - WARNING from PE   14: socrates_init: dt_rad does not fit into one day an integer number of times
2025-03-12 03:33:52,138 - isca - DEBUG - 
2025-03-12 03:33:52,138 - isca - DEBUG - 
2025-03-12 03:33:52,138 - isca - WARNING - WARNING from PE    7: socrates_init: dt_rad does not fit into one day an integer number of times
2025-03-12 03:33:52,138 - isca - DEBUG - 
2025-03-12 03:33:52,138 - isca - DEBUG - 
2025-03-12 03:33:52,138 - isca - WARNING - WARNING from PE   12: socrates_init: dt_rad does not fit into one day an integer number of times
2025-03-12 03:33:52,138 - isca - DEBUG - 
2025-03-12 03:33:52,138 - isca - DEBUG - NOTE from PE    0: ls_cloud: Using linear cloud fraction diagnostic formula.
2025-03-12 03:33:52,138 - isca - DEBUG - NOTE from PE    0: cloud_cover: The cloud overlap assumption is MAXIMUM-RANDOM
2025-03-12 03:33:52,138 - isca - DEBUG - NOTE from PE    0: idealized_moist_phys: Using Frierson Quasi-Equilibrium convection scheme.
2025-03-12 03:33:52,141 - isca - DEBUG - 
2025-03-12 03:33:52,141 - isca - DEBUG - 
2025-03-12 03:33:52,141 - isca - WARNING - WARNING from PE    6: socrates_init: dt_rad does not fit into one day an integer number of times
2025-03-12 03:33:52,141 - isca - DEBUG - 
2025-03-12 03:33:52,141 - isca - DEBUG - 
2025-03-12 03:33:52,141 - isca - WARNING - WARNING from PE    2: socrates_init: dt_rad does not fit into one day an integer number of times
2025-03-12 03:33:52,141 - isca - DEBUG - 
2025-03-12 03:33:52,141 - isca - WARNING - WARNING from PE    3: socrates_init: dt_rad does not fit into one day an integer number of times
2025-03-12 03:33:52,141 - isca - DEBUG - 
2025-03-12 03:33:52,141 - isca - DEBUG - 
2025-03-12 03:33:52,141 - isca - WARNING - WARNING from PE    5: socrates_init: dt_rad does not fit into one day an integer number of times
2025-03-12 03:33:52,141 - isca - DEBUG - 
2025-03-12 03:33:52,141 - isca - DEBUG - 
2025-03-12 03:33:52,141 - isca - WARNING - WARNING from PE    4: socrates_init: dt_rad does not fit into one day an integer number of times
2025-03-12 03:33:52,142 - isca - DEBUG - 
2025-03-12 03:33:52,144 - isca - DEBUG - 
2025-03-12 03:33:52,144 - isca - WARNING - WARNING from PE    1: socrates_init: dt_rad does not fit into one day an integer number of times
2025-03-12 03:33:52,144 - isca - DEBUG - 
2025-03-12 03:33:52,147 - isca - DEBUG - 
2025-03-12 03:33:52,147 - isca - WARNING - WARNING from PE    0: socrates_init: dt_rad does not fit into one day an integer number of times
2025-03-12 03:33:52,147 - isca - DEBUG - 
2025-03-12 03:33:52,147 - isca - DEBUG - 
2025-03-12 03:33:52,147 - isca - WARNING - WARNING from PE    0: socrates_init: dt_rad does not fit into one day an integer number of times
2025-03-12 03:33:52,147 - isca - DEBUG - 
2025-03-12 03:33:52,147 - isca - DEBUG - 
2025-03-12 03:33:52,148 - isca - WARNING - WARNING from PE    0: socrates_init: lw_hires_spectral_filename is unset, making equal to lw_spectral_filename
2025-03-12 03:33:52,148 - isca - DEBUG - 
2025-03-12 03:33:52,148 - isca - DEBUG - 
2025-03-12 03:33:52,148 - isca - WARNING - WARNING from PE    0: socrates_init: lw_hires_spectral_filename is unset, making equal to lw_spectral_filename
2025-03-12 03:33:52,148 - isca - DEBUG - 
2025-03-12 03:33:52,148 - isca - DEBUG - 
2025-03-12 03:33:52,148 - isca - WARNING - WARNING from PE    0: socrates_init: sw_hires_spectral_filename is unset, making equal to sw_spectral_filename
2025-03-12 03:33:52,148 - isca - DEBUG - 
2025-03-12 03:33:52,148 - isca - DEBUG - 
2025-03-12 03:33:52,148 - isca - WARNING - WARNING from PE    0: socrates_init: sw_hires_spectral_filename is unset, making equal to sw_spectral_filename
2025-03-12 03:33:52,148 - isca - DEBUG - 
2025-03-12 03:33:53,339 - isca - DEBUG - NOTE from PE    0: Interpolator: Using input file with no time dimension - ozone_1990_notime_zero.nc
2025-03-12 03:33:53,358 - isca - DEBUG - Initializing src field : ozone_1990
2025-03-12 03:33:53,358 - isca - DEBUG - 
2025-03-12 03:33:53,358 - isca - DEBUG - -----------------------------------
2025-03-12 03:33:53,358 - isca - DEBUG - ____                       _
2025-03-12 03:33:53,358 - isca - DEBUG - / ___|  ___   ___ _ __ __ _| |_ ___  ___
2025-03-12 03:33:53,358 - isca - DEBUG - \___ \ / _ \ / __|  __/ _` | __/ _ \/ __|
2025-03-12 03:33:53,358 - isca - DEBUG - ___) | (_) | (__| | | (_| | ||  __/\__ \
2025-03-12 03:33:53,358 - isca - DEBUG - |____/ \___/ \___|_|  \__,_|\__\___||___/
2025-03-12 03:33:53,358 - isca - DEBUG - 
2025-03-12 03:33:53,358 - isca - DEBUG - Initialised Socrates v17.03
2025-03-12 03:33:53,358 - isca - DEBUG - Stellar constant =    1400.00000000000
2025-03-12 03:33:53,358 - isca - DEBUG - Longwave spectral file =
2025-03-12 03:33:53,358 - isca - DEBUG - /proj/bolinc/users/x_ryabo/socrates_edited_for_isca/spectral_files_for_GCMs/Sun
2025-03-12 03:33:53,358 - isca - DEBUG - /miniSuran_lw.sf WITH           16  bands
2025-03-12 03:33:53,358 - isca - DEBUG - Longwave hires spectral file =
2025-03-12 03:33:53,358 - isca - DEBUG - /proj/bolinc/users/x_ryabo/socrates_edited_for_isca/spectral_files_for_GCMs/Sun
2025-03-12 03:33:53,359 - isca - DEBUG - /miniSuran_lw.sf WITH           16  bands
2025-03-12 03:33:53,359 - isca - DEBUG - Shortwave spectral file =
2025-03-12 03:33:53,359 - isca - DEBUG - /proj/bolinc/users/x_ryabo/socrates_edited_for_isca/spectral_files_for_GCMs/Sun
2025-03-12 03:33:53,359 - isca - DEBUG - /miniSuran_sw.sf WITH           16  bands
2025-03-12 03:33:53,359 - isca - DEBUG - Shortwave hires spectral file =
2025-03-12 03:33:53,359 - isca - DEBUG - /proj/bolinc/users/x_ryabo/socrates_edited_for_isca/spectral_files_for_GCMs/Sun
2025-03-12 03:33:53,359 - isca - DEBUG - /miniSuran_sw.sf WITH           16  bands
2025-03-12 03:33:53,359 - isca - DEBUG - 
2025-03-12 03:33:53,359 - isca - DEBUG - -----------------------------------
2025-03-12 03:33:53,359 - isca - DEBUG - 
2025-03-12 03:34:26,855 - isca - DEBUG - Integration completed through   931 days     0 seconds
2025-03-12 03:35:00,478 - isca - DEBUG - Integration completed through   932 days     0 seconds
2025-03-12 03:35:33,532 - isca - DEBUG - Integration completed through   933 days     0 seconds
2025-03-12 03:36:06,593 - isca - DEBUG - Integration completed through   934 days     0 seconds
2025-03-12 03:36:39,603 - isca - DEBUG - Integration completed through   935 days     0 seconds
2025-03-12 03:37:12,718 - isca - DEBUG - Integration completed through   936 days     0 seconds
2025-03-12 03:37:45,751 - isca - DEBUG - Integration completed through   937 days     0 seconds
2025-03-12 03:38:18,829 - isca - DEBUG - Integration completed through   938 days     0 seconds
2025-03-12 03:38:51,934 - isca - DEBUG - Integration completed through   939 days     0 seconds
2025-03-12 03:39:24,979 - isca - DEBUG - Integration completed through   940 days     0 seconds
2025-03-12 03:39:57,724 - isca - DEBUG - Integration completed through   941 days     0 seconds
2025-03-12 03:40:30,314 - isca - DEBUG - Integration completed through   942 days     0 seconds
2025-03-12 03:41:02,979 - isca - DEBUG - Integration completed through   943 days     0 seconds
2025-03-12 03:41:35,789 - isca - DEBUG - Integration completed through   944 days     0 seconds
2025-03-12 03:42:08,841 - isca - DEBUG - Integration completed through   945 days     0 seconds
2025-03-12 03:42:41,688 - isca - DEBUG - Integration completed through   946 days     0 seconds
2025-03-12 03:43:14,742 - isca - DEBUG - Integration completed through   947 days     0 seconds
2025-03-12 03:43:47,761 - isca - DEBUG - Integration completed through   948 days     0 seconds
2025-03-12 03:44:21,056 - isca - DEBUG - Integration completed through   949 days     0 seconds
2025-03-12 03:44:54,565 - isca - DEBUG - Integration completed through   950 days     0 seconds
2025-03-12 03:45:27,874 - isca - DEBUG - Integration completed through   951 days     0 seconds
2025-03-12 03:46:01,152 - isca - DEBUG - Integration completed through   952 days     0 seconds
2025-03-12 03:46:34,440 - isca - DEBUG - Integration completed through   953 days     0 seconds
2025-03-12 03:47:07,814 - isca - DEBUG - Integration completed through   954 days     0 seconds
2025-03-12 03:47:41,067 - isca - DEBUG - Integration completed through   955 days     0 seconds
2025-03-12 03:48:14,306 - isca - DEBUG - Integration completed through   956 days     0 seconds
2025-03-12 03:48:47,466 - isca - DEBUG - Integration completed through   957 days     0 seconds
2025-03-12 03:49:20,605 - isca - DEBUG - Integration completed through   958 days     0 seconds
2025-03-12 03:49:53,476 - isca - DEBUG - Integration completed through   959 days     0 seconds
2025-03-12 03:50:26,254 - isca - DEBUG - Integration completed through   960 days     0 seconds
2025-03-12 03:50:26,261 - isca - DEBUG - 
2025-03-12 03:50:26,262 - isca - WARNING - WARNING from PE    0: diag_util_mod::opening_file: module/field_name (socrates/soc_toa_sw_down_clr) NOT registered
2025-03-12 03:50:26,262 - isca - DEBUG - 
2025-03-12 03:50:26,262 - isca - DEBUG - 
2025-03-12 03:50:26,262 - isca - WARNING - WARNING from PE    0: diag_util_mod::opening_file: module/field_name (socrates/soc_toa_sw_down_clr) NOT registered
2025-03-12 03:50:26,262 - isca - DEBUG - 
2025-03-12 03:50:26,262 - isca - DEBUG - 
2025-03-12 03:50:26,263 - isca - WARNING - WARNING from PE    0: diag_util_mod::opening_file: module/field_name (cloud_simple/rh_min) NOT registered
2025-03-12 03:50:26,263 - isca - DEBUG - 
2025-03-12 03:50:26,263 - isca - DEBUG - 
2025-03-12 03:50:26,263 - isca - WARNING - WARNING from PE    0: diag_util_mod::opening_file: module/field_name (cloud_simple/rh_min) NOT registered
2025-03-12 03:50:26,263 - isca - DEBUG - 
2025-03-12 03:50:26,272 - isca - DEBUG - NOTE from PE    0: MPP_IO_SET_STACK_SIZE: stack size set to     327680.
2025-03-12 03:50:26,439 - isca - DEBUG - MPP_DOMAINS_STACK high water mark=       40960
2025-03-12 03:50:26,439 - isca - DEBUG - 
2025-03-12 03:50:26,439 - isca - DEBUG - Tabulating mpp_clock statistics across     16 PEs...
2025-03-12 03:50:26,439 - isca - DEBUG - 
2025-03-12 03:50:26,440 - isca - DEBUG - tmin          tmax          tavg          tstd  tfrac grain pemin pemax
2025-03-12 03:50:26,440 - isca - DEBUG - Total runtime                       994.362213    994.368344    994.365014      0.001626  1.000     0     0    15
2025-03-12 03:50:26,440 - isca - DEBUG - MPP_STACK high water mark=           0
2025-03-12 03:50:26,605 - isca - INFO - Run 32 complete
2025-03-12 03:50:27,496 - isca - DEBUG - atmos_monthly.nc combined and copied to data directory
2025-03-12 03:50:30,761 - isca - INFO - Restart archive created at /proj/bolinc/users/x_ryabo/Isca-Ryan_outputs/planetb_presentdayEarth_rot0_Sun_noO3/restarts/res0032.tar.gz
2025-03-12 03:50:30,775 - isca - INFO - Writing namelist to '/proj/bolinc/users/x_ryabo/Isca-Ryan_outputs/planetb_presentdayEarth_rot0_Sun_noO3/run0032/input.nml'
2025-03-12 03:50:30,777 - isca - INFO - Writing field_table to '/proj/bolinc/users/x_ryabo/Isca-Ryan_outputs/planetb_presentdayEarth_rot0_Sun_noO3/run0032/field_table'
2025-03-12 03:50:30,791 - isca - INFO - Writing diag_table to '/proj/bolinc/users/x_ryabo/Isca-Ryan_outputs/planetb_presentdayEarth_rot0_Sun_noO3/run0032/diag_table'
2025-03-12 03:50:30,906 - isca - INFO - Emptied run directory '/home/x_ryabo/Isca-Ryan_tmp/experiment/planetb_presentdayEarth_rot0_Sun_noO3/run'
2025-03-12 03:50:30,928 - isca - INFO - Emptied run directory '/home/x_ryabo/Isca-Ryan_tmp/experiment/planetb_presentdayEarth_rot0_Sun_noO3/run'
2025-03-12 03:50:30,997 - isca - INFO - Writing namelist to '/home/x_ryabo/Isca-Ryan_tmp/experiment/planetb_presentdayEarth_rot0_Sun_noO3/run/input.nml'
2025-03-12 03:50:30,999 - isca - INFO - Writing field_table to '/home/x_ryabo/Isca-Ryan_tmp/experiment/planetb_presentdayEarth_rot0_Sun_noO3/run/field_table'
2025-03-12 03:50:31,007 - isca - INFO - Writing diag_table to '/home/x_ryabo/Isca-Ryan_tmp/experiment/planetb_presentdayEarth_rot0_Sun_noO3/run/diag_table'
2025-03-12 03:50:31,022 - isca - INFO - Using restart file '/proj/bolinc/users/x_ryabo/Isca-Ryan_outputs/planetb_presentdayEarth_rot0_Sun_noO3/restarts/res0032.tar.gz'
2025-03-12 03:50:31,439 - isca - INFO - Restart /proj/bolinc/users/x_ryabo/Isca-Ryan_outputs/planetb_presentdayEarth_rot0_Sun_noO3/restarts/res0032.tar.gz extracted to /home/x_ryabo/Isca-Ryan_tmp/experiment/planetb_presentdayEarth_rot0_Sun_noO3/run/INPUT
2025-03-12 03:50:31,440 - isca - INFO - Beginning run 33
2025-03-12 03:50:31,453 - isca - INFO - process running as 3928300
2025-03-12 03:50:31,453 - isca - DEBUG - loadmodules for Isca on NSC cluster Tetralith
2025-03-12 03:50:31,454 - isca - DEBUG - mpiifort
2025-03-12 03:50:31,555 - isca - DEBUG - The following modules were not unloaded:
2025-03-12 03:50:31,555 - isca - DEBUG - (Use "module --force purge" to unload all):
2025-03-12 03:50:31,555 - isca - DEBUG - 
2025-03-12 03:50:31,555 - isca - DEBUG - 1) hpc/.1.10.1
2025-03-12 03:50:31,655 - isca - DEBUG - ***************************************************
2025-03-12 03:50:31,655 - isca - DEBUG - You have loaded a buildenv module
2025-03-12 03:50:31,656 - isca - DEBUG - ***************************************************
2025-03-12 03:50:31,656 - isca - DEBUG - The buldenv-intel module makes available:
2025-03-12 03:50:31,656 - isca - DEBUG - - Compilers: icc, ifort, etc.
2025-03-12 03:50:31,656 - isca - DEBUG - - Mpi library with mpi-wrapped compilers: intel mpi with mpicc, mpifort, etc.
2025-03-12 03:50:31,656 - isca - DEBUG - - Numerical libraries: intel MKL
2025-03-12 03:50:31,656 - isca - DEBUG - 
2025-03-12 03:50:31,656 - isca - DEBUG - It also makes a set of dependency library modules available via
2025-03-12 03:50:31,656 - isca - DEBUG - the regular module command. Just do:
2025-03-12 03:50:31,656 - isca - DEBUG - module avail
2025-03-12 03:50:31,656 - isca - DEBUG - to see what is available.
2025-03-12 03:50:31,656 - isca - DEBUG - 
2025-03-12 03:50:31,656 - isca - DEBUG - NOTE: You shoud never load build environments inside submitted jobs.
2025-03-12 03:50:31,656 - isca - DEBUG - (with the single exception of when using supercomputer time to compile code.)
2025-03-12 03:50:31,656 - isca - DEBUG - 
2025-03-12 03:50:36,901 - isca - DEBUG - NOTE from PE    0: MPP_DOMAINS_SET_STACK_SIZE: stack size set to    32768.
2025-03-12 03:50:36,902 - isca - DEBUG - &MPP_IO_NML
2025-03-12 03:50:36,902 - isca - DEBUG - HEADER_BUFFER_VAL       =       16384,
2025-03-12 03:50:36,902 - isca - DEBUG - GLOBAL_FIELD_ON_ROOT_PE = T,
2025-03-12 03:50:36,902 - isca - DEBUG - IO_CLOCKS_ON    = F,
2025-03-12 03:50:36,902 - isca - DEBUG - SHUFFLE =           0,
2025-03-12 03:50:36,902 - isca - DEBUG - DEFLATE_LEVEL   =          -1
2025-03-12 03:50:36,902 - isca - DEBUG - /
2025-03-12 03:50:36,904 - isca - DEBUG - NOTE from PE    0: MPP_IO_SET_STACK_SIZE: stack size set to     131072.
2025-03-12 03:50:36,904 - isca - DEBUG - NOTE from PE    0: MPP_DOMAINS_SET_STACK_SIZE: stack size set to   600000.
2025-03-12 03:50:36,912 - isca - DEBUG - starting            1  OpenMP threads per MPI-task
2025-03-12 03:50:36,914 - isca - DEBUG - ATMOS MODEL DOMAIN DECOMPOSITION
2025-03-12 03:50:36,914 - isca - DEBUG - X-AXIS =  128
2025-03-12 03:50:36,914 - isca - DEBUG - Y-AXIS =    4   4   4   4   4   4   4   4   4   4   4   4   4   4   4   4
2025-03-12 03:50:36,962 - isca - DEBUG - 
2025-03-12 03:50:36,962 - isca - WARNING - WARNING from PE   13: socrates_init: dt_rad does not fit into one day an integer number of times
2025-03-12 03:50:36,962 - isca - DEBUG - 
2025-03-12 03:50:36,963 - isca - DEBUG - 
2025-03-12 03:50:36,963 - isca - WARNING - WARNING from PE    8: socrates_init: dt_rad does not fit into one day an integer number of times
2025-03-12 03:50:36,963 - isca - DEBUG - 
2025-03-12 03:50:36,963 - isca - DEBUG - 
2025-03-12 03:50:36,963 - isca - DEBUG - 
2025-03-12 03:50:36,963 - isca - WARNING - WARNING from PE   15: socrates_init: dt_rad does not fit into one day an integer number of times
2025-03-12 03:50:36,963 - isca - DEBUG - 
2025-03-12 03:50:36,964 - isca - WARNING - WARNING from PE    9: socrates_init: dt_rad does not fit into one day an integer number of times
2025-03-12 03:50:36,964 - isca - DEBUG - 
2025-03-12 03:50:36,964 - isca - DEBUG - 
2025-03-12 03:50:36,964 - isca - WARNING - WARNING from PE   11: socrates_init: dt_rad does not fit into one day an integer number of times
2025-03-12 03:50:36,964 - isca - DEBUG - 
2025-03-12 03:50:36,964 - isca - DEBUG - 
2025-03-12 03:50:36,964 - isca - WARNING - WARNING from PE   14: socrates_init: dt_rad does not fit into one day an integer number of times
2025-03-12 03:50:36,964 - isca - DEBUG - 
2025-03-12 03:50:36,964 - isca - DEBUG - 
2025-03-12 03:50:36,964 - isca - WARNING - WARNING from PE   10: socrates_init: dt_rad does not fit into one day an integer number of times
2025-03-12 03:50:36,964 - isca - DEBUG - 
2025-03-12 03:50:36,964 - isca - DEBUG - 
2025-03-12 03:50:36,964 - isca - WARNING - WARNING from PE   12: socrates_init: dt_rad does not fit into one day an integer number of times
2025-03-12 03:50:36,964 - isca - DEBUG - 
2025-03-12 03:50:36,965 - isca - DEBUG - 
2025-03-12 03:50:36,965 - isca - WARNING - WARNING from PE    7: socrates_init: dt_rad does not fit into one day an integer number of times
2025-03-12 03:50:36,965 - isca - DEBUG - 
2025-03-12 03:50:36,967 - isca - DEBUG - 
2025-03-12 03:50:36,967 - isca - WARNING - WARNING from PE    1: socrates_init: dt_rad does not fit into one day an integer number of times
2025-03-12 03:50:36,967 - isca - DEBUG - 
2025-03-12 03:50:36,967 - isca - WARNING - WARNING from PE    3: socrates_init: dt_rad does not fit into one day an integer number of times
2025-03-12 03:50:36,967 - isca - DEBUG - 
2025-03-12 03:50:36,967 - isca - DEBUG - 
2025-03-12 03:50:36,967 - isca - DEBUG - 
2025-03-12 03:50:36,967 - isca - WARNING - WARNING from PE    5: socrates_init: dt_rad does not fit into one day an integer number of times
2025-03-12 03:50:36,967 - isca - DEBUG - 
2025-03-12 03:50:36,967 - isca - DEBUG - 
2025-03-12 03:50:36,967 - isca - WARNING - WARNING from PE    6: socrates_init: dt_rad does not fit into one day an integer number of times
2025-03-12 03:50:36,967 - isca - DEBUG - 
2025-03-12 03:50:36,967 - isca - WARNING - WARNING from PE    2: socrates_init: dt_rad does not fit into one day an integer number of times
2025-03-12 03:50:36,967 - isca - DEBUG - 
2025-03-12 03:50:36,967 - isca - DEBUG - 
2025-03-12 03:50:36,967 - isca - DEBUG - 
2025-03-12 03:50:36,967 - isca - WARNING - WARNING from PE    4: socrates_init: dt_rad does not fit into one day an integer number of times
2025-03-12 03:50:36,967 - isca - DEBUG - 
2025-03-12 03:50:36,971 - isca - DEBUG - NOTE from PE    0: cloud_simple: Using SimCloud cloud scheme
2025-03-12 03:50:36,972 - isca - DEBUG - NOTE from PE    0: ls_cloud: Using linear cloud fraction diagnostic formula.
2025-03-12 03:50:36,973 - isca - DEBUG - NOTE from PE    0: cloud_cover: The cloud overlap assumption is MAXIMUM-RANDOM
2025-03-12 03:50:36,973 - isca - DEBUG - NOTE from PE    0: idealized_moist_phys: Using Frierson Quasi-Equilibrium convection scheme.
2025-03-12 03:50:36,982 - isca - DEBUG - 
2025-03-12 03:50:36,982 - isca - WARNING - WARNING from PE    0: socrates_init: dt_rad does not fit into one day an integer number of times
2025-03-12 03:50:36,982 - isca - DEBUG - 
2025-03-12 03:50:36,982 - isca - DEBUG - 
2025-03-12 03:50:36,982 - isca - WARNING - WARNING from PE    0: socrates_init: dt_rad does not fit into one day an integer number of times
2025-03-12 03:50:36,982 - isca - DEBUG - 
2025-03-12 03:50:36,982 - isca - DEBUG - 
2025-03-12 03:50:36,982 - isca - WARNING - WARNING from PE    0: socrates_init: lw_hires_spectral_filename is unset, making equal to lw_spectral_filename
2025-03-12 03:50:36,982 - isca - DEBUG - 
2025-03-12 03:50:36,982 - isca - DEBUG - 
2025-03-12 03:50:36,982 - isca - WARNING - WARNING from PE    0: socrates_init: lw_hires_spectral_filename is unset, making equal to lw_spectral_filename
2025-03-12 03:50:36,983 - isca - DEBUG - 
2025-03-12 03:50:36,983 - isca - DEBUG - 
2025-03-12 03:50:36,983 - isca - WARNING - WARNING from PE    0: socrates_init: sw_hires_spectral_filename is unset, making equal to sw_spectral_filename
2025-03-12 03:50:36,983 - isca - DEBUG - 
2025-03-12 03:50:36,983 - isca - DEBUG - 
2025-03-12 03:50:36,983 - isca - WARNING - WARNING from PE    0: socrates_init: sw_hires_spectral_filename is unset, making equal to sw_spectral_filename
2025-03-12 03:50:36,983 - isca - DEBUG - 
2025-03-12 03:50:38,167 - isca - DEBUG - NOTE from PE    0: Interpolator: Using input file with no time dimension - ozone_1990_notime_zero.nc
2025-03-12 03:50:38,167 - isca - DEBUG - Initializing src field : ozone_1990
2025-03-12 03:50:38,170 - isca - DEBUG - 
2025-03-12 03:50:38,170 - isca - DEBUG - -----------------------------------
2025-03-12 03:50:38,170 - isca - DEBUG - ____                       _
2025-03-12 03:50:38,170 - isca - DEBUG - / ___|  ___   ___ _ __ __ _| |_ ___  ___
2025-03-12 03:50:38,170 - isca - DEBUG - \___ \ / _ \ / __|  __/ _` | __/ _ \/ __|
2025-03-12 03:50:38,170 - isca - DEBUG - ___) | (_) | (__| | | (_| | ||  __/\__ \
2025-03-12 03:50:38,170 - isca - DEBUG - |____/ \___/ \___|_|  \__,_|\__\___||___/
2025-03-12 03:50:38,170 - isca - DEBUG - 
2025-03-12 03:50:38,170 - isca - DEBUG - Initialised Socrates v17.03
2025-03-12 03:50:38,170 - isca - DEBUG - Stellar constant =    1400.00000000000
2025-03-12 03:50:38,170 - isca - DEBUG - Longwave spectral file =
2025-03-12 03:50:38,170 - isca - DEBUG - /proj/bolinc/users/x_ryabo/socrates_edited_for_isca/spectral_files_for_GCMs/Sun
2025-03-12 03:50:38,170 - isca - DEBUG - /miniSuran_lw.sf WITH           16  bands
2025-03-12 03:50:38,170 - isca - DEBUG - Longwave hires spectral file =
2025-03-12 03:50:38,170 - isca - DEBUG - /proj/bolinc/users/x_ryabo/socrates_edited_for_isca/spectral_files_for_GCMs/Sun
2025-03-12 03:50:38,170 - isca - DEBUG - /miniSuran_lw.sf WITH           16  bands
2025-03-12 03:50:38,170 - isca - DEBUG - Shortwave spectral file =
2025-03-12 03:50:38,170 - isca - DEBUG - /proj/bolinc/users/x_ryabo/socrates_edited_for_isca/spectral_files_for_GCMs/Sun
2025-03-12 03:50:38,170 - isca - DEBUG - /miniSuran_sw.sf WITH           16  bands
2025-03-12 03:50:38,170 - isca - DEBUG - Shortwave hires spectral file =
2025-03-12 03:50:38,171 - isca - DEBUG - /proj/bolinc/users/x_ryabo/socrates_edited_for_isca/spectral_files_for_GCMs/Sun
2025-03-12 03:50:38,171 - isca - DEBUG - /miniSuran_sw.sf WITH           16  bands
2025-03-12 03:50:38,171 - isca - DEBUG - 
2025-03-12 03:50:38,171 - isca - DEBUG - -----------------------------------
2025-03-12 03:50:38,171 - isca - DEBUG - 
2025-03-12 03:51:11,146 - isca - DEBUG - Integration completed through   961 days     0 seconds
2025-03-12 03:51:44,147 - isca - DEBUG - Integration completed through   962 days     0 seconds
2025-03-12 03:52:17,534 - isca - DEBUG - Integration completed through   963 days     0 seconds
2025-03-12 03:52:50,823 - isca - DEBUG - Integration completed through   964 days     0 seconds
2025-03-12 03:53:24,103 - isca - DEBUG - Integration completed through   965 days     0 seconds
2025-03-12 03:53:57,710 - isca - DEBUG - Integration completed through   966 days     0 seconds
2025-03-12 03:54:31,803 - isca - DEBUG - Integration completed through   967 days     0 seconds
2025-03-12 03:55:05,984 - isca - DEBUG - Integration completed through   968 days     0 seconds
2025-03-12 03:55:39,873 - isca - DEBUG - Integration completed through   969 days     0 seconds
2025-03-12 03:56:13,525 - isca - DEBUG - Integration completed through   970 days     0 seconds
2025-03-12 03:56:46,861 - isca - DEBUG - Integration completed through   971 days     0 seconds
2025-03-12 03:57:19,744 - isca - DEBUG - Integration completed through   972 days     0 seconds
2025-03-12 03:57:52,620 - isca - DEBUG - Integration completed through   973 days     0 seconds
2025-03-12 03:58:25,576 - isca - DEBUG - Integration completed through   974 days     0 seconds
2025-03-12 03:58:58,524 - isca - DEBUG - Integration completed through   975 days     0 seconds
2025-03-12 03:59:31,314 - isca - DEBUG - Integration completed through   976 days     0 seconds
2025-03-12 04:00:04,079 - isca - DEBUG - Integration completed through   977 days     0 seconds
2025-03-12 04:00:36,991 - isca - DEBUG - Integration completed through   978 days     0 seconds
2025-03-12 04:01:10,505 - isca - DEBUG - Integration completed through   979 days     0 seconds
2025-03-12 04:01:44,196 - isca - DEBUG - Integration completed through   980 days     0 seconds
2025-03-12 04:02:18,066 - isca - DEBUG - Integration completed through   981 days     0 seconds
2025-03-12 04:02:52,174 - isca - DEBUG - Integration completed through   982 days     0 seconds
2025-03-12 04:03:25,709 - isca - DEBUG - Integration completed through   983 days     0 seconds
2025-03-12 04:03:59,308 - isca - DEBUG - Integration completed through   984 days     0 seconds
2025-03-12 04:04:33,067 - isca - DEBUG - Integration completed through   985 days     0 seconds
2025-03-12 04:05:06,505 - isca - DEBUG - Integration completed through   986 days     0 seconds
2025-03-12 04:05:39,443 - isca - DEBUG - Integration completed through   987 days     0 seconds
2025-03-12 04:06:12,239 - isca - DEBUG - Integration completed through   988 days     0 seconds
2025-03-12 04:06:45,134 - isca - DEBUG - Integration completed through   989 days     0 seconds
2025-03-12 04:07:18,082 - isca - DEBUG - Integration completed through   990 days     0 seconds
2025-03-12 04:07:18,090 - isca - DEBUG - 
2025-03-12 04:07:18,090 - isca - WARNING - WARNING from PE    0: diag_util_mod::opening_file: module/field_name (socrates/soc_toa_sw_down_clr) NOT registered
2025-03-12 04:07:18,090 - isca - DEBUG - 
2025-03-12 04:07:18,090 - isca - DEBUG - 
2025-03-12 04:07:18,090 - isca - WARNING - WARNING from PE    0: diag_util_mod::opening_file: module/field_name (socrates/soc_toa_sw_down_clr) NOT registered
2025-03-12 04:07:18,090 - isca - DEBUG - 
2025-03-12 04:07:18,090 - isca - DEBUG - 
2025-03-12 04:07:18,091 - isca - WARNING - WARNING from PE    0: diag_util_mod::opening_file: module/field_name (cloud_simple/rh_min) NOT registered
2025-03-12 04:07:18,091 - isca - DEBUG - 
2025-03-12 04:07:18,091 - isca - DEBUG - 
2025-03-12 04:07:18,091 - isca - WARNING - WARNING from PE    0: diag_util_mod::opening_file: module/field_name (cloud_simple/rh_min) NOT registered
2025-03-12 04:07:18,091 - isca - DEBUG - 
2025-03-12 04:07:18,100 - isca - DEBUG - NOTE from PE    0: MPP_IO_SET_STACK_SIZE: stack size set to     327680.
2025-03-12 04:07:18,187 - isca - DEBUG - MPP_DOMAINS_STACK high water mark=       40960
2025-03-12 04:07:18,187 - isca - DEBUG - 
2025-03-12 04:07:18,187 - isca - DEBUG - Tabulating mpp_clock statistics across     16 PEs...
2025-03-12 04:07:18,187 - isca - DEBUG - 
2025-03-12 04:07:18,187 - isca - DEBUG - tmin          tmax          tavg          tstd  tfrac grain pemin pemax
2025-03-12 04:07:18,187 - isca - DEBUG - Total runtime                      1001.283482   1001.289878   1001.286608      0.001799  1.000     0     0    15
2025-03-12 04:07:18,188 - isca - DEBUG - MPP_STACK high water mark=           0
2025-03-12 04:07:18,303 - isca - INFO - Run 33 complete
2025-03-12 04:07:19,135 - isca - DEBUG - atmos_monthly.nc combined and copied to data directory
2025-03-12 04:07:22,407 - isca - INFO - Restart archive created at /proj/bolinc/users/x_ryabo/Isca-Ryan_outputs/planetb_presentdayEarth_rot0_Sun_noO3/restarts/res0033.tar.gz
2025-03-12 04:07:22,422 - isca - INFO - Writing namelist to '/proj/bolinc/users/x_ryabo/Isca-Ryan_outputs/planetb_presentdayEarth_rot0_Sun_noO3/run0033/input.nml'
2025-03-12 04:07:22,424 - isca - INFO - Writing field_table to '/proj/bolinc/users/x_ryabo/Isca-Ryan_outputs/planetb_presentdayEarth_rot0_Sun_noO3/run0033/field_table'
2025-03-12 04:07:22,437 - isca - INFO - Writing diag_table to '/proj/bolinc/users/x_ryabo/Isca-Ryan_outputs/planetb_presentdayEarth_rot0_Sun_noO3/run0033/diag_table'
2025-03-12 04:07:22,554 - isca - INFO - Emptied run directory '/home/x_ryabo/Isca-Ryan_tmp/experiment/planetb_presentdayEarth_rot0_Sun_noO3/run'
2025-03-12 04:07:22,579 - isca - INFO - Emptied run directory '/home/x_ryabo/Isca-Ryan_tmp/experiment/planetb_presentdayEarth_rot0_Sun_noO3/run'
2025-03-12 04:07:22,670 - isca - INFO - Writing namelist to '/home/x_ryabo/Isca-Ryan_tmp/experiment/planetb_presentdayEarth_rot0_Sun_noO3/run/input.nml'
2025-03-12 04:07:22,672 - isca - INFO - Writing field_table to '/home/x_ryabo/Isca-Ryan_tmp/experiment/planetb_presentdayEarth_rot0_Sun_noO3/run/field_table'
2025-03-12 04:07:22,684 - isca - INFO - Writing diag_table to '/home/x_ryabo/Isca-Ryan_tmp/experiment/planetb_presentdayEarth_rot0_Sun_noO3/run/diag_table'
2025-03-12 04:07:22,699 - isca - INFO - Using restart file '/proj/bolinc/users/x_ryabo/Isca-Ryan_outputs/planetb_presentdayEarth_rot0_Sun_noO3/restarts/res0033.tar.gz'
2025-03-12 04:07:23,116 - isca - INFO - Restart /proj/bolinc/users/x_ryabo/Isca-Ryan_outputs/planetb_presentdayEarth_rot0_Sun_noO3/restarts/res0033.tar.gz extracted to /home/x_ryabo/Isca-Ryan_tmp/experiment/planetb_presentdayEarth_rot0_Sun_noO3/run/INPUT
2025-03-12 04:07:23,117 - isca - INFO - Beginning run 34
2025-03-12 04:07:23,132 - isca - INFO - process running as 3929115
2025-03-12 04:07:23,132 - isca - DEBUG - loadmodules for Isca on NSC cluster Tetralith
2025-03-12 04:07:23,132 - isca - DEBUG - mpiifort
2025-03-12 04:07:23,233 - isca - DEBUG - The following modules were not unloaded:
2025-03-12 04:07:23,233 - isca - DEBUG - (Use "module --force purge" to unload all):
2025-03-12 04:07:23,233 - isca - DEBUG - 
2025-03-12 04:07:23,233 - isca - DEBUG - 1) hpc/.1.10.1
2025-03-12 04:07:23,332 - isca - DEBUG - ***************************************************
2025-03-12 04:07:23,332 - isca - DEBUG - You have loaded a buildenv module
2025-03-12 04:07:23,332 - isca - DEBUG - ***************************************************
2025-03-12 04:07:23,332 - isca - DEBUG - The buldenv-intel module makes available:
2025-03-12 04:07:23,332 - isca - DEBUG - - Compilers: icc, ifort, etc.
2025-03-12 04:07:23,332 - isca - DEBUG - - Mpi library with mpi-wrapped compilers: intel mpi with mpicc, mpifort, etc.
2025-03-12 04:07:23,332 - isca - DEBUG - - Numerical libraries: intel MKL
2025-03-12 04:07:23,333 - isca - DEBUG - 
2025-03-12 04:07:23,333 - isca - DEBUG - It also makes a set of dependency library modules available via
2025-03-12 04:07:23,333 - isca - DEBUG - the regular module command. Just do:
2025-03-12 04:07:23,333 - isca - DEBUG - module avail
2025-03-12 04:07:23,333 - isca - DEBUG - to see what is available.
2025-03-12 04:07:23,333 - isca - DEBUG - 
2025-03-12 04:07:23,333 - isca - DEBUG - NOTE: You shoud never load build environments inside submitted jobs.
2025-03-12 04:07:23,333 - isca - DEBUG - (with the single exception of when using supercomputer time to compile code.)
2025-03-12 04:07:23,333 - isca - DEBUG - 
2025-03-12 04:07:24,548 - isca - DEBUG - NOTE from PE    0: MPP_DOMAINS_SET_STACK_SIZE: stack size set to    32768.
2025-03-12 04:07:24,548 - isca - DEBUG - &MPP_IO_NML
2025-03-12 04:07:24,548 - isca - DEBUG - HEADER_BUFFER_VAL       =       16384,
2025-03-12 04:07:24,548 - isca - DEBUG - GLOBAL_FIELD_ON_ROOT_PE = T,
2025-03-12 04:07:24,548 - isca - DEBUG - IO_CLOCKS_ON    = F,
2025-03-12 04:07:24,548 - isca - DEBUG - SHUFFLE =           0,
2025-03-12 04:07:24,548 - isca - DEBUG - DEFLATE_LEVEL   =          -1
2025-03-12 04:07:24,548 - isca - DEBUG - /
2025-03-12 04:07:24,550 - isca - DEBUG - NOTE from PE    0: MPP_IO_SET_STACK_SIZE: stack size set to     131072.
2025-03-12 04:07:24,551 - isca - DEBUG - NOTE from PE    0: MPP_DOMAINS_SET_STACK_SIZE: stack size set to   600000.
2025-03-12 04:07:24,558 - isca - DEBUG - starting            1  OpenMP threads per MPI-task
2025-03-12 04:07:24,560 - isca - DEBUG - ATMOS MODEL DOMAIN DECOMPOSITION
2025-03-12 04:07:24,561 - isca - DEBUG - X-AXIS =  128
2025-03-12 04:07:24,561 - isca - DEBUG - Y-AXIS =    4   4   4   4   4   4   4   4   4   4   4   4   4   4   4   4
2025-03-12 04:07:24,608 - isca - DEBUG - 
2025-03-12 04:07:24,608 - isca - WARNING - WARNING from PE    8: socrates_init: dt_rad does not fit into one day an integer number of times
2025-03-12 04:07:24,608 - isca - DEBUG - 
2025-03-12 04:07:24,608 - isca - DEBUG - NOTE from PE    0: cloud_simple: Using SimCloud cloud scheme
2025-03-12 04:07:24,609 - isca - DEBUG - 
2025-03-12 04:07:24,609 - isca - DEBUG - 
2025-03-12 04:07:24,609 - isca - WARNING - WARNING from PE    9: socrates_init: dt_rad does not fit into one day an integer number of times
2025-03-12 04:07:24,609 - isca - DEBUG - 
2025-03-12 04:07:24,609 - isca - DEBUG - 
2025-03-12 04:07:24,609 - isca - WARNING - WARNING from PE   15: socrates_init: dt_rad does not fit into one day an integer number of times
2025-03-12 04:07:24,609 - isca - DEBUG - 
2025-03-12 04:07:24,609 - isca - DEBUG - 
2025-03-12 04:07:24,609 - isca - WARNING - WARNING from PE   11: socrates_init: dt_rad does not fit into one day an integer number of times
2025-03-12 04:07:24,609 - isca - DEBUG - 
2025-03-12 04:07:24,609 - isca - DEBUG - 
2025-03-12 04:07:24,609 - isca - WARNING - WARNING from PE   13: socrates_init: dt_rad does not fit into one day an integer number of times
2025-03-12 04:07:24,609 - isca - DEBUG - 
2025-03-12 04:07:24,609 - isca - WARNING - WARNING from PE   10: socrates_init: dt_rad does not fit into one day an integer number of times
2025-03-12 04:07:24,609 - isca - DEBUG - 
2025-03-12 04:07:24,609 - isca - WARNING - WARNING from PE    7: socrates_init: dt_rad does not fit into one day an integer number of times
2025-03-12 04:07:24,609 - isca - DEBUG - 
2025-03-12 04:07:24,609 - isca - DEBUG - 
2025-03-12 04:07:24,609 - isca - DEBUG - 
2025-03-12 04:07:24,609 - isca - WARNING - WARNING from PE   12: socrates_init: dt_rad does not fit into one day an integer number of times
2025-03-12 04:07:24,609 - isca - DEBUG - 
2025-03-12 04:07:24,609 - isca - DEBUG - 
2025-03-12 04:07:24,609 - isca - WARNING - WARNING from PE   14: socrates_init: dt_rad does not fit into one day an integer number of times
2025-03-12 04:07:24,609 - isca - DEBUG - 
2025-03-12 04:07:24,610 - isca - DEBUG - NOTE from PE    0: ls_cloud: Using linear cloud fraction diagnostic formula.
2025-03-12 04:07:24,610 - isca - DEBUG - NOTE from PE    0: cloud_cover: The cloud overlap assumption is MAXIMUM-RANDOM
2025-03-12 04:07:24,610 - isca - DEBUG - NOTE from PE    0: idealized_moist_phys: Using Frierson Quasi-Equilibrium convection scheme.
2025-03-12 04:07:24,614 - isca - DEBUG - 
2025-03-12 04:07:24,614 - isca - WARNING - WARNING from PE    2: socrates_init: dt_rad does not fit into one day an integer number of times
2025-03-12 04:07:24,614 - isca - DEBUG - 
2025-03-12 04:07:24,614 - isca - DEBUG - 
2025-03-12 04:07:24,614 - isca - WARNING - WARNING from PE    6: socrates_init: dt_rad does not fit into one day an integer number of times
2025-03-12 04:07:24,614 - isca - DEBUG - 
2025-03-12 04:07:24,614 - isca - DEBUG - 
2025-03-12 04:07:24,614 - isca - WARNING - WARNING from PE    3: socrates_init: dt_rad does not fit into one day an integer number of times
2025-03-12 04:07:24,614 - isca - DEBUG - 
2025-03-12 04:07:24,614 - isca - DEBUG - 
2025-03-12 04:07:24,614 - isca - WARNING - WARNING from PE    1: socrates_init: dt_rad does not fit into one day an integer number of times
2025-03-12 04:07:24,614 - isca - DEBUG - 
2025-03-12 04:07:24,614 - isca - DEBUG - 
2025-03-12 04:07:24,614 - isca - WARNING - WARNING from PE    4: socrates_init: dt_rad does not fit into one day an integer number of times
2025-03-12 04:07:24,614 - isca - DEBUG - 
2025-03-12 04:07:24,617 - isca - DEBUG - 
2025-03-12 04:07:24,617 - isca - WARNING - WARNING from PE    5: socrates_init: dt_rad does not fit into one day an integer number of times
2025-03-12 04:07:24,617 - isca - DEBUG - 
2025-03-12 04:07:24,620 - isca - DEBUG - 
2025-03-12 04:07:24,620 - isca - WARNING - WARNING from PE    0: socrates_init: dt_rad does not fit into one day an integer number of times
2025-03-12 04:07:24,620 - isca - DEBUG - 
2025-03-12 04:07:24,621 - isca - DEBUG - 
2025-03-12 04:07:24,621 - isca - WARNING - WARNING from PE    0: socrates_init: dt_rad does not fit into one day an integer number of times
2025-03-12 04:07:24,621 - isca - DEBUG - 
2025-03-12 04:07:24,621 - isca - DEBUG - 
2025-03-12 04:07:24,628 - isca - WARNING - WARNING from PE    0: socrates_init: lw_hires_spectral_filename is unset, making equal to lw_spectral_filename
2025-03-12 04:07:24,628 - isca - DEBUG - 
2025-03-12 04:07:24,628 - isca - DEBUG - 
2025-03-12 04:07:24,628 - isca - WARNING - WARNING from PE    0: socrates_init: lw_hires_spectral_filename is unset, making equal to lw_spectral_filename
2025-03-12 04:07:24,628 - isca - DEBUG - 
2025-03-12 04:07:24,628 - isca - DEBUG - 
2025-03-12 04:07:24,628 - isca - WARNING - WARNING from PE    0: socrates_init: sw_hires_spectral_filename is unset, making equal to sw_spectral_filename
2025-03-12 04:07:24,628 - isca - DEBUG - 
2025-03-12 04:07:24,629 - isca - DEBUG - 
2025-03-12 04:07:24,629 - isca - WARNING - WARNING from PE    0: socrates_init: sw_hires_spectral_filename is unset, making equal to sw_spectral_filename
2025-03-12 04:07:24,629 - isca - DEBUG - 
2025-03-12 04:07:25,815 - isca - DEBUG - NOTE from PE    0: Interpolator: Using input file with no time dimension - ozone_1990_notime_zero.nc
2025-03-12 04:07:25,815 - isca - DEBUG - Initializing src field : ozone_1990
2025-03-12 04:07:25,818 - isca - DEBUG - 
2025-03-12 04:07:25,818 - isca - DEBUG - -----------------------------------
2025-03-12 04:07:25,818 - isca - DEBUG - ____                       _
2025-03-12 04:07:25,818 - isca - DEBUG - / ___|  ___   ___ _ __ __ _| |_ ___  ___
2025-03-12 04:07:25,818 - isca - DEBUG - \___ \ / _ \ / __|  __/ _` | __/ _ \/ __|
2025-03-12 04:07:25,818 - isca - DEBUG - ___) | (_) | (__| | | (_| | ||  __/\__ \
2025-03-12 04:07:25,818 - isca - DEBUG - |____/ \___/ \___|_|  \__,_|\__\___||___/
2025-03-12 04:07:25,818 - isca - DEBUG - 
2025-03-12 04:07:25,818 - isca - DEBUG - Initialised Socrates v17.03
2025-03-12 04:07:25,818 - isca - DEBUG - Stellar constant =    1400.00000000000
2025-03-12 04:07:25,818 - isca - DEBUG - Longwave spectral file =
2025-03-12 04:07:25,818 - isca - DEBUG - /proj/bolinc/users/x_ryabo/socrates_edited_for_isca/spectral_files_for_GCMs/Sun
2025-03-12 04:07:25,818 - isca - DEBUG - /miniSuran_lw.sf WITH           16  bands
2025-03-12 04:07:25,818 - isca - DEBUG - Longwave hires spectral file =
2025-03-12 04:07:25,818 - isca - DEBUG - /proj/bolinc/users/x_ryabo/socrates_edited_for_isca/spectral_files_for_GCMs/Sun
2025-03-12 04:07:25,818 - isca - DEBUG - /miniSuran_lw.sf WITH           16  bands
2025-03-12 04:07:25,818 - isca - DEBUG - Shortwave spectral file =
2025-03-12 04:07:25,818 - isca - DEBUG - /proj/bolinc/users/x_ryabo/socrates_edited_for_isca/spectral_files_for_GCMs/Sun
2025-03-12 04:07:25,819 - isca - DEBUG - /miniSuran_sw.sf WITH           16  bands
2025-03-12 04:07:25,819 - isca - DEBUG - Shortwave hires spectral file =
2025-03-12 04:07:25,819 - isca - DEBUG - /proj/bolinc/users/x_ryabo/socrates_edited_for_isca/spectral_files_for_GCMs/Sun
2025-03-12 04:07:25,819 - isca - DEBUG - /miniSuran_sw.sf WITH           16  bands
2025-03-12 04:07:25,819 - isca - DEBUG - 
2025-03-12 04:07:25,819 - isca - DEBUG - -----------------------------------
2025-03-12 04:07:25,819 - isca - DEBUG - 
2025-03-12 04:07:58,929 - isca - DEBUG - Integration completed through   991 days     0 seconds
2025-03-12 04:08:31,864 - isca - DEBUG - Integration completed through   992 days     0 seconds
2025-03-12 04:09:04,776 - isca - DEBUG - Integration completed through   993 days     0 seconds
2025-03-12 04:09:37,974 - isca - DEBUG - Integration completed through   994 days     0 seconds
2025-03-12 04:10:11,976 - isca - DEBUG - Integration completed through   995 days     0 seconds
2025-03-12 04:10:46,152 - isca - DEBUG - Integration completed through   996 days     0 seconds
2025-03-12 04:11:19,673 - isca - DEBUG - Integration completed through   997 days     0 seconds
2025-03-12 04:11:53,476 - isca - DEBUG - Integration completed through   998 days     0 seconds
2025-03-12 04:12:27,141 - isca - DEBUG - Integration completed through   999 days     0 seconds
2025-03-12 04:13:00,965 - isca - DEBUG - Integration completed through  1000 days     0 seconds
2025-03-12 04:13:34,063 - isca - DEBUG - Integration completed through  1001 days     0 seconds
2025-03-12 04:14:07,150 - isca - DEBUG - Integration completed through  1002 days     0 seconds
2025-03-12 04:14:41,705 - isca - DEBUG - Integration completed through  1003 days     0 seconds
2025-03-12 04:15:14,538 - isca - DEBUG - Integration completed through  1004 days     0 seconds
2025-03-12 04:15:47,366 - isca - DEBUG - Integration completed through  1005 days     0 seconds
2025-03-12 04:16:20,251 - isca - DEBUG - Integration completed through  1006 days     0 seconds
2025-03-12 04:16:53,231 - isca - DEBUG - Integration completed through  1007 days     0 seconds
2025-03-12 04:17:26,180 - isca - DEBUG - Integration completed through  1008 days     0 seconds
2025-03-12 04:17:59,216 - isca - DEBUG - Integration completed through  1009 days     0 seconds
2025-03-12 04:18:32,239 - isca - DEBUG - Integration completed through  1010 days     0 seconds
2025-03-12 04:19:05,184 - isca - DEBUG - Integration completed through  1011 days     0 seconds
2025-03-12 04:19:38,489 - isca - DEBUG - Integration completed through  1012 days     0 seconds
2025-03-12 04:20:11,691 - isca - DEBUG - Integration completed through  1013 days     0 seconds
2025-03-12 04:20:44,875 - isca - DEBUG - Integration completed through  1014 days     0 seconds
2025-03-12 04:21:17,923 - isca - DEBUG - Integration completed through  1015 days     0 seconds
2025-03-12 04:21:50,867 - isca - DEBUG - Integration completed through  1016 days     0 seconds
2025-03-12 04:22:23,911 - isca - DEBUG - Integration completed through  1017 days     0 seconds
2025-03-12 04:22:57,439 - isca - DEBUG - Integration completed through  1018 days     0 seconds
2025-03-12 04:23:30,428 - isca - DEBUG - Integration completed through  1019 days     0 seconds
2025-03-12 04:24:03,089 - isca - DEBUG - Integration completed through  1020 days     0 seconds
2025-03-12 04:24:03,096 - isca - DEBUG - 
2025-03-12 04:24:03,096 - isca - WARNING - WARNING from PE    0: diag_util_mod::opening_file: module/field_name (socrates/soc_toa_sw_down_clr) NOT registered
2025-03-12 04:24:03,096 - isca - DEBUG - 
2025-03-12 04:24:03,096 - isca - DEBUG - 
2025-03-12 04:24:03,096 - isca - WARNING - WARNING from PE    0: diag_util_mod::opening_file: module/field_name (socrates/soc_toa_sw_down_clr) NOT registered
2025-03-12 04:24:03,096 - isca - DEBUG - 
2025-03-12 04:24:03,096 - isca - DEBUG - 
2025-03-12 04:24:03,096 - isca - WARNING - WARNING from PE    0: diag_util_mod::opening_file: module/field_name (cloud_simple/rh_min) NOT registered
2025-03-12 04:24:03,096 - isca - DEBUG - 
2025-03-12 04:24:03,096 - isca - DEBUG - 
2025-03-12 04:24:03,096 - isca - WARNING - WARNING from PE    0: diag_util_mod::opening_file: module/field_name (cloud_simple/rh_min) NOT registered
2025-03-12 04:24:03,096 - isca - DEBUG - 
2025-03-12 04:24:03,106 - isca - DEBUG - NOTE from PE    0: MPP_IO_SET_STACK_SIZE: stack size set to     327680.
2025-03-12 04:24:03,194 - isca - DEBUG - MPP_DOMAINS_STACK high water mark=       40960
2025-03-12 04:24:03,195 - isca - DEBUG - 
2025-03-12 04:24:03,195 - isca - DEBUG - Tabulating mpp_clock statistics across     16 PEs...
2025-03-12 04:24:03,195 - isca - DEBUG - 
2025-03-12 04:24:03,195 - isca - DEBUG - tmin          tmax          tavg          tstd  tfrac grain pemin pemax
2025-03-12 04:24:03,195 - isca - DEBUG - Total runtime                       998.597211    998.649823    998.643593      0.012082  1.000     0     0    15
2025-03-12 04:24:03,195 - isca - DEBUG - MPP_STACK high water mark=           0
2025-03-12 04:24:03,389 - isca - INFO - Run 34 complete
2025-03-12 04:24:04,311 - isca - DEBUG - atmos_monthly.nc combined and copied to data directory
2025-03-12 04:24:07,597 - isca - INFO - Restart archive created at /proj/bolinc/users/x_ryabo/Isca-Ryan_outputs/planetb_presentdayEarth_rot0_Sun_noO3/restarts/res0034.tar.gz
2025-03-12 04:24:07,613 - isca - INFO - Writing namelist to '/proj/bolinc/users/x_ryabo/Isca-Ryan_outputs/planetb_presentdayEarth_rot0_Sun_noO3/run0034/input.nml'
2025-03-12 04:24:07,614 - isca - INFO - Writing field_table to '/proj/bolinc/users/x_ryabo/Isca-Ryan_outputs/planetb_presentdayEarth_rot0_Sun_noO3/run0034/field_table'
2025-03-12 04:24:07,627 - isca - INFO - Writing diag_table to '/proj/bolinc/users/x_ryabo/Isca-Ryan_outputs/planetb_presentdayEarth_rot0_Sun_noO3/run0034/diag_table'
2025-03-12 04:24:07,739 - isca - INFO - Emptied run directory '/home/x_ryabo/Isca-Ryan_tmp/experiment/planetb_presentdayEarth_rot0_Sun_noO3/run'
2025-03-12 04:24:07,764 - isca - INFO - Emptied run directory '/home/x_ryabo/Isca-Ryan_tmp/experiment/planetb_presentdayEarth_rot0_Sun_noO3/run'
2025-03-12 04:24:07,856 - isca - INFO - Writing namelist to '/home/x_ryabo/Isca-Ryan_tmp/experiment/planetb_presentdayEarth_rot0_Sun_noO3/run/input.nml'
2025-03-12 04:24:07,857 - isca - INFO - Writing field_table to '/home/x_ryabo/Isca-Ryan_tmp/experiment/planetb_presentdayEarth_rot0_Sun_noO3/run/field_table'
2025-03-12 04:24:07,870 - isca - INFO - Writing diag_table to '/home/x_ryabo/Isca-Ryan_tmp/experiment/planetb_presentdayEarth_rot0_Sun_noO3/run/diag_table'
2025-03-12 04:24:07,885 - isca - INFO - Using restart file '/proj/bolinc/users/x_ryabo/Isca-Ryan_outputs/planetb_presentdayEarth_rot0_Sun_noO3/restarts/res0034.tar.gz'
2025-03-12 04:24:08,300 - isca - INFO - Restart /proj/bolinc/users/x_ryabo/Isca-Ryan_outputs/planetb_presentdayEarth_rot0_Sun_noO3/restarts/res0034.tar.gz extracted to /home/x_ryabo/Isca-Ryan_tmp/experiment/planetb_presentdayEarth_rot0_Sun_noO3/run/INPUT
2025-03-12 04:24:08,300 - isca - INFO - Beginning run 35
2025-03-12 04:24:08,313 - isca - INFO - process running as 3929943
2025-03-12 04:24:08,314 - isca - DEBUG - loadmodules for Isca on NSC cluster Tetralith
2025-03-12 04:24:08,314 - isca - DEBUG - mpiifort
2025-03-12 04:24:08,415 - isca - DEBUG - The following modules were not unloaded:
2025-03-12 04:24:08,415 - isca - DEBUG - (Use "module --force purge" to unload all):
2025-03-12 04:24:08,415 - isca - DEBUG - 
2025-03-12 04:24:08,415 - isca - DEBUG - 1) hpc/.1.10.1
2025-03-12 04:24:08,514 - isca - DEBUG - ***************************************************
2025-03-12 04:24:08,514 - isca - DEBUG - You have loaded a buildenv module
2025-03-12 04:24:08,514 - isca - DEBUG - ***************************************************
2025-03-12 04:24:08,515 - isca - DEBUG - The buldenv-intel module makes available:
2025-03-12 04:24:08,515 - isca - DEBUG - - Compilers: icc, ifort, etc.
2025-03-12 04:24:08,515 - isca - DEBUG - - Mpi library with mpi-wrapped compilers: intel mpi with mpicc, mpifort, etc.
2025-03-12 04:24:08,515 - isca - DEBUG - - Numerical libraries: intel MKL
2025-03-12 04:24:08,515 - isca - DEBUG - 
2025-03-12 04:24:08,515 - isca - DEBUG - It also makes a set of dependency library modules available via
2025-03-12 04:24:08,515 - isca - DEBUG - the regular module command. Just do:
2025-03-12 04:24:08,515 - isca - DEBUG - module avail
2025-03-12 04:24:08,515 - isca - DEBUG - to see what is available.
2025-03-12 04:24:08,515 - isca - DEBUG - 
2025-03-12 04:24:08,515 - isca - DEBUG - NOTE: You shoud never load build environments inside submitted jobs.
2025-03-12 04:24:08,515 - isca - DEBUG - (with the single exception of when using supercomputer time to compile code.)
2025-03-12 04:24:08,515 - isca - DEBUG - 
2025-03-12 04:24:09,733 - isca - DEBUG - NOTE from PE    0: MPP_DOMAINS_SET_STACK_SIZE: stack size set to    32768.
2025-03-12 04:24:09,733 - isca - DEBUG - &MPP_IO_NML
2025-03-12 04:24:09,733 - isca - DEBUG - HEADER_BUFFER_VAL       =       16384,
2025-03-12 04:24:09,733 - isca - DEBUG - GLOBAL_FIELD_ON_ROOT_PE = T,
2025-03-12 04:24:09,733 - isca - DEBUG - IO_CLOCKS_ON    = F,
2025-03-12 04:24:09,733 - isca - DEBUG - SHUFFLE =           0,
2025-03-12 04:24:09,733 - isca - DEBUG - DEFLATE_LEVEL   =          -1
2025-03-12 04:24:09,733 - isca - DEBUG - /
2025-03-12 04:24:09,735 - isca - DEBUG - NOTE from PE    0: MPP_IO_SET_STACK_SIZE: stack size set to     131072.
2025-03-12 04:24:09,735 - isca - DEBUG - NOTE from PE    0: MPP_DOMAINS_SET_STACK_SIZE: stack size set to   600000.
2025-03-12 04:24:09,743 - isca - DEBUG - starting            1  OpenMP threads per MPI-task
2025-03-12 04:24:09,745 - isca - DEBUG - ATMOS MODEL DOMAIN DECOMPOSITION
2025-03-12 04:24:09,745 - isca - DEBUG - X-AXIS =  128
2025-03-12 04:24:09,745 - isca - DEBUG - Y-AXIS =    4   4   4   4   4   4   4   4   4   4   4   4   4   4   4   4
2025-03-12 04:24:09,793 - isca - DEBUG - NOTE from PE    0: cloud_simple: Using SimCloud cloud scheme
2025-03-12 04:24:09,794 - isca - DEBUG - NOTE from PE    0: ls_cloud: Using linear cloud fraction diagnostic formula.
2025-03-12 04:24:09,795 - isca - DEBUG - NOTE from PE    0: cloud_cover: The cloud overlap assumption is MAXIMUM-RANDOM
2025-03-12 04:24:09,795 - isca - DEBUG - NOTE from PE    0: idealized_moist_phys: Using Frierson Quasi-Equilibrium convection scheme.
2025-03-12 04:24:09,795 - isca - DEBUG - 
2025-03-12 04:24:09,796 - isca - DEBUG - 
2025-03-12 04:24:09,796 - isca - WARNING - WARNING from PE   10: socrates_init: dt_rad does not fit into one day an integer number of times
2025-03-12 04:24:09,796 - isca - DEBUG - 
2025-03-12 04:24:09,796 - isca - DEBUG - 
2025-03-12 04:24:09,796 - isca - WARNING - WARNING from PE   15: socrates_init: dt_rad does not fit into one day an integer number of times
2025-03-12 04:24:09,796 - isca - DEBUG - 
2025-03-12 04:24:09,796 - isca - WARNING - WARNING from PE    9: socrates_init: dt_rad does not fit into one day an integer number of times
2025-03-12 04:24:09,796 - isca - DEBUG - 
2025-03-12 04:24:09,796 - isca - WARNING - WARNING from PE   11: socrates_init: dt_rad does not fit into one day an integer number of times
2025-03-12 04:24:09,796 - isca - DEBUG - 
2025-03-12 04:24:09,796 - isca - DEBUG - 
2025-03-12 04:24:09,796 - isca - DEBUG - 
2025-03-12 04:24:09,796 - isca - DEBUG - 
2025-03-12 04:24:09,796 - isca - WARNING - WARNING from PE   13: socrates_init: dt_rad does not fit into one day an integer number of times
2025-03-12 04:24:09,796 - isca - DEBUG - 
2025-03-12 04:24:09,796 - isca - DEBUG - 
2025-03-12 04:24:09,796 - isca - WARNING - WARNING from PE   14: socrates_init: dt_rad does not fit into one day an integer number of times
2025-03-12 04:24:09,796 - isca - DEBUG - 
2025-03-12 04:24:09,796 - isca - WARNING - WARNING from PE   12: socrates_init: dt_rad does not fit into one day an integer number of times
2025-03-12 04:24:09,796 - isca - DEBUG - 
2025-03-12 04:24:09,796 - isca - DEBUG - 
2025-03-12 04:24:09,796 - isca - DEBUG - 
2025-03-12 04:24:09,796 - isca - WARNING - WARNING from PE    8: socrates_init: dt_rad does not fit into one day an integer number of times
2025-03-12 04:24:09,796 - isca - DEBUG - 
2025-03-12 04:24:09,797 - isca - WARNING - WARNING from PE    7: socrates_init: dt_rad does not fit into one day an integer number of times
2025-03-12 04:24:09,797 - isca - DEBUG - 
2025-03-12 04:24:09,798 - isca - DEBUG - 
2025-03-12 04:24:09,798 - isca - WARNING - WARNING from PE    4: socrates_init: dt_rad does not fit into one day an integer number of times
2025-03-12 04:24:09,798 - isca - DEBUG - 
2025-03-12 04:24:09,799 - isca - DEBUG - 
2025-03-12 04:24:09,799 - isca - DEBUG - 
2025-03-12 04:24:09,799 - isca - WARNING - WARNING from PE    3: socrates_init: dt_rad does not fit into one day an integer number of times
2025-03-12 04:24:09,799 - isca - DEBUG - 
2025-03-12 04:24:09,799 - isca - WARNING - WARNING from PE    5: socrates_init: dt_rad does not fit into one day an integer number of times
2025-03-12 04:24:09,799 - isca - DEBUG - 
2025-03-12 04:24:09,799 - isca - DEBUG - 
2025-03-12 04:24:09,799 - isca - WARNING - WARNING from PE    6: socrates_init: dt_rad does not fit into one day an integer number of times
2025-03-12 04:24:09,799 - isca - DEBUG - 
2025-03-12 04:24:09,799 - isca - DEBUG - 
2025-03-12 04:24:09,799 - isca - WARNING - WARNING from PE    1: socrates_init: dt_rad does not fit into one day an integer number of times
2025-03-12 04:24:09,799 - isca - DEBUG - 
2025-03-12 04:24:09,801 - isca - DEBUG - 
2025-03-12 04:24:09,801 - isca - WARNING - WARNING from PE    2: socrates_init: dt_rad does not fit into one day an integer number of times
2025-03-12 04:24:09,802 - isca - DEBUG - 
2025-03-12 04:24:09,805 - isca - DEBUG - 
2025-03-12 04:24:09,805 - isca - WARNING - WARNING from PE    0: socrates_init: dt_rad does not fit into one day an integer number of times
2025-03-12 04:24:09,805 - isca - DEBUG - 
2025-03-12 04:24:09,805 - isca - DEBUG - 
2025-03-12 04:24:09,805 - isca - WARNING - WARNING from PE    0: socrates_init: dt_rad does not fit into one day an integer number of times
2025-03-12 04:24:09,805 - isca - DEBUG - 
2025-03-12 04:24:09,805 - isca - DEBUG - 
2025-03-12 04:24:09,805 - isca - WARNING - WARNING from PE    0: socrates_init: lw_hires_spectral_filename is unset, making equal to lw_spectral_filename
2025-03-12 04:24:09,805 - isca - DEBUG - 
2025-03-12 04:24:09,805 - isca - DEBUG - 
2025-03-12 04:24:09,805 - isca - WARNING - WARNING from PE    0: socrates_init: lw_hires_spectral_filename is unset, making equal to lw_spectral_filename
2025-03-12 04:24:09,805 - isca - DEBUG - 
2025-03-12 04:24:09,805 - isca - DEBUG - 
2025-03-12 04:24:09,805 - isca - WARNING - WARNING from PE    0: socrates_init: sw_hires_spectral_filename is unset, making equal to sw_spectral_filename
2025-03-12 04:24:09,805 - isca - DEBUG - 
2025-03-12 04:24:09,805 - isca - DEBUG - 
2025-03-12 04:24:09,805 - isca - WARNING - WARNING from PE    0: socrates_init: sw_hires_spectral_filename is unset, making equal to sw_spectral_filename
2025-03-12 04:24:09,805 - isca - DEBUG - 
2025-03-12 04:24:10,998 - isca - DEBUG - NOTE from PE    0: Interpolator: Using input file with no time dimension - ozone_1990_notime_zero.nc
2025-03-12 04:24:10,999 - isca - DEBUG - Initializing src field : ozone_1990
2025-03-12 04:24:11,001 - isca - DEBUG - 
2025-03-12 04:24:11,001 - isca - DEBUG - -----------------------------------
2025-03-12 04:24:11,001 - isca - DEBUG - ____                       _
2025-03-12 04:24:11,001 - isca - DEBUG - / ___|  ___   ___ _ __ __ _| |_ ___  ___
2025-03-12 04:24:11,001 - isca - DEBUG - \___ \ / _ \ / __|  __/ _` | __/ _ \/ __|
2025-03-12 04:24:11,001 - isca - DEBUG - ___) | (_) | (__| | | (_| | ||  __/\__ \
2025-03-12 04:24:11,001 - isca - DEBUG - |____/ \___/ \___|_|  \__,_|\__\___||___/
2025-03-12 04:24:11,001 - isca - DEBUG - 
2025-03-12 04:24:11,001 - isca - DEBUG - Initialised Socrates v17.03
2025-03-12 04:24:11,001 - isca - DEBUG - Stellar constant =    1400.00000000000
2025-03-12 04:24:11,001 - isca - DEBUG - Longwave spectral file =
2025-03-12 04:24:11,001 - isca - DEBUG - /proj/bolinc/users/x_ryabo/socrates_edited_for_isca/spectral_files_for_GCMs/Sun
2025-03-12 04:24:11,001 - isca - DEBUG - /miniSuran_lw.sf WITH           16  bands
2025-03-12 04:24:11,001 - isca - DEBUG - Longwave hires spectral file =
2025-03-12 04:24:11,001 - isca - DEBUG - /proj/bolinc/users/x_ryabo/socrates_edited_for_isca/spectral_files_for_GCMs/Sun
2025-03-12 04:24:11,001 - isca - DEBUG - /miniSuran_lw.sf WITH           16  bands
2025-03-12 04:24:11,001 - isca - DEBUG - Shortwave spectral file =
2025-03-12 04:24:11,001 - isca - DEBUG - /proj/bolinc/users/x_ryabo/socrates_edited_for_isca/spectral_files_for_GCMs/Sun
2025-03-12 04:24:11,002 - isca - DEBUG - /miniSuran_sw.sf WITH           16  bands
2025-03-12 04:24:11,002 - isca - DEBUG - Shortwave hires spectral file =
2025-03-12 04:24:11,002 - isca - DEBUG - /proj/bolinc/users/x_ryabo/socrates_edited_for_isca/spectral_files_for_GCMs/Sun
2025-03-12 04:24:11,002 - isca - DEBUG - /miniSuran_sw.sf WITH           16  bands
2025-03-12 04:24:11,002 - isca - DEBUG - 
2025-03-12 04:24:11,002 - isca - DEBUG - -----------------------------------
2025-03-12 04:24:11,002 - isca - DEBUG - 
2025-03-12 04:24:44,128 - isca - DEBUG - Integration completed through  1021 days     0 seconds
2025-03-12 04:25:17,358 - isca - DEBUG - Integration completed through  1022 days     0 seconds
2025-03-12 04:25:51,204 - isca - DEBUG - Integration completed through  1023 days     0 seconds
2025-03-12 04:26:24,691 - isca - DEBUG - Integration completed through  1024 days     0 seconds
2025-03-12 04:26:58,316 - isca - DEBUG - Integration completed through  1025 days     0 seconds
2025-03-12 04:27:32,069 - isca - DEBUG - Integration completed through  1026 days     0 seconds
2025-03-12 04:28:05,210 - isca - DEBUG - Integration completed through  1027 days     0 seconds
2025-03-12 04:28:38,265 - isca - DEBUG - Integration completed through  1028 days     0 seconds
2025-03-12 04:29:11,170 - isca - DEBUG - Integration completed through  1029 days     0 seconds
2025-03-12 04:29:43,965 - isca - DEBUG - Integration completed through  1030 days     0 seconds
2025-03-12 04:30:16,632 - isca - DEBUG - Integration completed through  1031 days     0 seconds
2025-03-12 04:30:49,226 - isca - DEBUG - Integration completed through  1032 days     0 seconds
2025-03-12 04:31:21,810 - isca - DEBUG - Integration completed through  1033 days     0 seconds
2025-03-12 04:31:54,477 - isca - DEBUG - Integration completed through  1034 days     0 seconds
2025-03-12 04:32:27,329 - isca - DEBUG - Integration completed through  1035 days     0 seconds
2025-03-12 04:33:00,067 - isca - DEBUG - Integration completed through  1036 days     0 seconds
2025-03-12 04:33:33,091 - isca - DEBUG - Integration completed through  1037 days     0 seconds
2025-03-12 04:34:06,502 - isca - DEBUG - Integration completed through  1038 days     0 seconds
2025-03-12 04:34:39,994 - isca - DEBUG - Integration completed through  1039 days     0 seconds
2025-03-12 04:35:13,171 - isca - DEBUG - Integration completed through  1040 days     0 seconds
2025-03-12 04:35:46,147 - isca - DEBUG - Integration completed through  1041 days     0 seconds
2025-03-12 04:36:19,175 - isca - DEBUG - Integration completed through  1042 days     0 seconds
2025-03-12 04:36:52,018 - isca - DEBUG - Integration completed through  1043 days     0 seconds
2025-03-12 04:37:24,868 - isca - DEBUG - Integration completed through  1044 days     0 seconds
2025-03-12 04:37:57,719 - isca - DEBUG - Integration completed through  1045 days     0 seconds
2025-03-12 04:38:30,476 - isca - DEBUG - Integration completed through  1046 days     0 seconds
2025-03-12 04:39:03,196 - isca - DEBUG - Integration completed through  1047 days     0 seconds
2025-03-12 04:39:35,990 - isca - DEBUG - Integration completed through  1048 days     0 seconds
2025-03-12 04:40:08,540 - isca - DEBUG - Integration completed through  1049 days     0 seconds
2025-03-12 04:40:41,363 - isca - DEBUG - Integration completed through  1050 days     0 seconds
2025-03-12 04:40:41,370 - isca - DEBUG - 
2025-03-12 04:40:41,371 - isca - WARNING - WARNING from PE    0: diag_util_mod::opening_file: module/field_name (socrates/soc_toa_sw_down_clr) NOT registered
2025-03-12 04:40:41,371 - isca - DEBUG - 
2025-03-12 04:40:41,371 - isca - DEBUG - 
2025-03-12 04:40:41,371 - isca - WARNING - WARNING from PE    0: diag_util_mod::opening_file: module/field_name (socrates/soc_toa_sw_down_clr) NOT registered
2025-03-12 04:40:41,371 - isca - DEBUG - 
2025-03-12 04:40:41,372 - isca - DEBUG - 
2025-03-12 04:40:41,372 - isca - WARNING - WARNING from PE    0: diag_util_mod::opening_file: module/field_name (cloud_simple/rh_min) NOT registered
2025-03-12 04:40:41,372 - isca - DEBUG - 
2025-03-12 04:40:41,372 - isca - DEBUG - 
2025-03-12 04:40:41,372 - isca - WARNING - WARNING from PE    0: diag_util_mod::opening_file: module/field_name (cloud_simple/rh_min) NOT registered
2025-03-12 04:40:41,372 - isca - DEBUG - 
2025-03-12 04:40:41,383 - isca - DEBUG - NOTE from PE    0: MPP_IO_SET_STACK_SIZE: stack size set to     327680.
2025-03-12 04:40:41,524 - isca - DEBUG - MPP_DOMAINS_STACK high water mark=       40960
2025-03-12 04:40:41,524 - isca - DEBUG - 
2025-03-12 04:40:41,524 - isca - DEBUG - Tabulating mpp_clock statistics across     16 PEs...
2025-03-12 04:40:41,525 - isca - DEBUG - 
2025-03-12 04:40:41,525 - isca - DEBUG - tmin          tmax          tavg          tstd  tfrac grain pemin pemax
2025-03-12 04:40:41,525 - isca - DEBUG - Total runtime                       991.789357    991.794471    991.792155      0.001891  1.000     0     0    15
2025-03-12 04:40:41,525 - isca - DEBUG - MPP_STACK high water mark=           0
2025-03-12 04:40:41,651 - isca - INFO - Run 35 complete
2025-03-12 04:40:42,627 - isca - DEBUG - atmos_monthly.nc combined and copied to data directory
2025-03-12 04:40:45,914 - isca - INFO - Restart archive created at /proj/bolinc/users/x_ryabo/Isca-Ryan_outputs/planetb_presentdayEarth_rot0_Sun_noO3/restarts/res0035.tar.gz
2025-03-12 04:40:45,929 - isca - INFO - Writing namelist to '/proj/bolinc/users/x_ryabo/Isca-Ryan_outputs/planetb_presentdayEarth_rot0_Sun_noO3/run0035/input.nml'
2025-03-12 04:40:45,931 - isca - INFO - Writing field_table to '/proj/bolinc/users/x_ryabo/Isca-Ryan_outputs/planetb_presentdayEarth_rot0_Sun_noO3/run0035/field_table'
2025-03-12 04:40:45,944 - isca - INFO - Writing diag_table to '/proj/bolinc/users/x_ryabo/Isca-Ryan_outputs/planetb_presentdayEarth_rot0_Sun_noO3/run0035/diag_table'
2025-03-12 04:40:46,062 - isca - INFO - Emptied run directory '/home/x_ryabo/Isca-Ryan_tmp/experiment/planetb_presentdayEarth_rot0_Sun_noO3/run'
2025-03-12 04:40:46,087 - isca - INFO - Emptied run directory '/home/x_ryabo/Isca-Ryan_tmp/experiment/planetb_presentdayEarth_rot0_Sun_noO3/run'
2025-03-12 04:40:46,199 - isca - INFO - Writing namelist to '/home/x_ryabo/Isca-Ryan_tmp/experiment/planetb_presentdayEarth_rot0_Sun_noO3/run/input.nml'
2025-03-12 04:40:46,201 - isca - INFO - Writing field_table to '/home/x_ryabo/Isca-Ryan_tmp/experiment/planetb_presentdayEarth_rot0_Sun_noO3/run/field_table'
2025-03-12 04:40:46,213 - isca - INFO - Writing diag_table to '/home/x_ryabo/Isca-Ryan_tmp/experiment/planetb_presentdayEarth_rot0_Sun_noO3/run/diag_table'
2025-03-12 04:40:46,228 - isca - INFO - Using restart file '/proj/bolinc/users/x_ryabo/Isca-Ryan_outputs/planetb_presentdayEarth_rot0_Sun_noO3/restarts/res0035.tar.gz'
2025-03-12 04:40:46,643 - isca - INFO - Restart /proj/bolinc/users/x_ryabo/Isca-Ryan_outputs/planetb_presentdayEarth_rot0_Sun_noO3/restarts/res0035.tar.gz extracted to /home/x_ryabo/Isca-Ryan_tmp/experiment/planetb_presentdayEarth_rot0_Sun_noO3/run/INPUT
2025-03-12 04:40:46,644 - isca - INFO - Beginning run 36
2025-03-12 04:40:46,657 - isca - INFO - process running as 3930754
2025-03-12 04:40:46,658 - isca - DEBUG - loadmodules for Isca on NSC cluster Tetralith
2025-03-12 04:40:46,658 - isca - DEBUG - mpiifort
2025-03-12 04:40:46,759 - isca - DEBUG - The following modules were not unloaded:
2025-03-12 04:40:46,759 - isca - DEBUG - (Use "module --force purge" to unload all):
2025-03-12 04:40:46,759 - isca - DEBUG - 
2025-03-12 04:40:46,759 - isca - DEBUG - 1) hpc/.1.10.1
2025-03-12 04:40:46,858 - isca - DEBUG - ***************************************************
2025-03-12 04:40:46,858 - isca - DEBUG - You have loaded a buildenv module
2025-03-12 04:40:46,858 - isca - DEBUG - ***************************************************
2025-03-12 04:40:46,858 - isca - DEBUG - The buldenv-intel module makes available:
2025-03-12 04:40:46,858 - isca - DEBUG - - Compilers: icc, ifort, etc.
2025-03-12 04:40:46,858 - isca - DEBUG - - Mpi library with mpi-wrapped compilers: intel mpi with mpicc, mpifort, etc.
2025-03-12 04:40:46,858 - isca - DEBUG - - Numerical libraries: intel MKL
2025-03-12 04:40:46,858 - isca - DEBUG - 
2025-03-12 04:40:46,858 - isca - DEBUG - It also makes a set of dependency library modules available via
2025-03-12 04:40:46,858 - isca - DEBUG - the regular module command. Just do:
2025-03-12 04:40:46,858 - isca - DEBUG - module avail
2025-03-12 04:40:46,858 - isca - DEBUG - to see what is available.
2025-03-12 04:40:46,858 - isca - DEBUG - 
2025-03-12 04:40:46,858 - isca - DEBUG - NOTE: You shoud never load build environments inside submitted jobs.
2025-03-12 04:40:46,858 - isca - DEBUG - (with the single exception of when using supercomputer time to compile code.)
2025-03-12 04:40:46,858 - isca - DEBUG - 
2025-03-12 04:40:48,064 - isca - DEBUG - NOTE from PE    0: MPP_DOMAINS_SET_STACK_SIZE: stack size set to    32768.
2025-03-12 04:40:48,064 - isca - DEBUG - &MPP_IO_NML
2025-03-12 04:40:48,064 - isca - DEBUG - HEADER_BUFFER_VAL       =       16384,
2025-03-12 04:40:48,064 - isca - DEBUG - GLOBAL_FIELD_ON_ROOT_PE = T,
2025-03-12 04:40:48,065 - isca - DEBUG - IO_CLOCKS_ON    = F,
2025-03-12 04:40:48,065 - isca - DEBUG - SHUFFLE =           0,
2025-03-12 04:40:48,065 - isca - DEBUG - DEFLATE_LEVEL   =          -1
2025-03-12 04:40:48,065 - isca - DEBUG - /
2025-03-12 04:40:48,066 - isca - DEBUG - NOTE from PE    0: MPP_IO_SET_STACK_SIZE: stack size set to     131072.
2025-03-12 04:40:48,067 - isca - DEBUG - NOTE from PE    0: MPP_DOMAINS_SET_STACK_SIZE: stack size set to   600000.
2025-03-12 04:40:48,074 - isca - DEBUG - starting            1  OpenMP threads per MPI-task
2025-03-12 04:40:48,076 - isca - DEBUG - ATMOS MODEL DOMAIN DECOMPOSITION
2025-03-12 04:40:48,077 - isca - DEBUG - X-AXIS =  128
2025-03-12 04:40:48,077 - isca - DEBUG - Y-AXIS =    4   4   4   4   4   4   4   4   4   4   4   4   4   4   4   4
2025-03-12 04:40:48,128 - isca - DEBUG - NOTE from PE    0: cloud_simple: Using SimCloud cloud scheme
2025-03-12 04:40:48,129 - isca - DEBUG - 
2025-03-12 04:40:48,129 - isca - WARNING - WARNING from PE   11: socrates_init: dt_rad does not fit into one day an integer number of times
2025-03-12 04:40:48,129 - isca - DEBUG - 
2025-03-12 04:40:48,129 - isca - DEBUG - 
2025-03-12 04:40:48,129 - isca - WARNING - WARNING from PE    8: socrates_init: dt_rad does not fit into one day an integer number of times
2025-03-12 04:40:48,129 - isca - DEBUG - 
2025-03-12 04:40:48,129 - isca - DEBUG - 
2025-03-12 04:40:48,129 - isca - WARNING - WARNING from PE    9: socrates_init: dt_rad does not fit into one day an integer number of times
2025-03-12 04:40:48,130 - isca - DEBUG - 
2025-03-12 04:40:48,130 - isca - DEBUG - 
2025-03-12 04:40:48,130 - isca - WARNING - WARNING from PE   10: socrates_init: dt_rad does not fit into one day an integer number of times
2025-03-12 04:40:48,130 - isca - DEBUG - 
2025-03-12 04:40:48,130 - isca - DEBUG - NOTE from PE    0: ls_cloud: Using linear cloud fraction diagnostic formula.
2025-03-12 04:40:48,130 - isca - DEBUG - 
2025-03-12 04:40:48,130 - isca - WARNING - WARNING from PE    7: socrates_init: dt_rad does not fit into one day an integer number of times
2025-03-12 04:40:48,130 - isca - DEBUG - 
2025-03-12 04:40:48,130 - isca - DEBUG - 
2025-03-12 04:40:48,130 - isca - WARNING - WARNING from PE   15: socrates_init: dt_rad does not fit into one day an integer number of times
2025-03-12 04:40:48,130 - isca - DEBUG - 
2025-03-12 04:40:48,130 - isca - DEBUG - 
2025-03-12 04:40:48,130 - isca - DEBUG - 
2025-03-12 04:40:48,130 - isca - WARNING - WARNING from PE   13: socrates_init: dt_rad does not fit into one day an integer number of times
2025-03-12 04:40:48,130 - isca - DEBUG - 
2025-03-12 04:40:48,130 - isca - DEBUG - 
2025-03-12 04:40:48,130 - isca - WARNING - WARNING from PE   14: socrates_init: dt_rad does not fit into one day an integer number of times
2025-03-12 04:40:48,130 - isca - DEBUG - 
2025-03-12 04:40:48,130 - isca - WARNING - WARNING from PE   12: socrates_init: dt_rad does not fit into one day an integer number of times
2025-03-12 04:40:48,130 - isca - DEBUG - 
2025-03-12 04:40:48,130 - isca - DEBUG - NOTE from PE    0: cloud_cover: The cloud overlap assumption is MAXIMUM-RANDOM
2025-03-12 04:40:48,131 - isca - DEBUG - NOTE from PE    0: idealized_moist_phys: Using Frierson Quasi-Equilibrium convection scheme.
2025-03-12 04:40:48,134 - isca - DEBUG - 
2025-03-12 04:40:48,134 - isca - WARNING - WARNING from PE    2: socrates_init: dt_rad does not fit into one day an integer number of times
2025-03-12 04:40:48,134 - isca - DEBUG - 
2025-03-12 04:40:48,134 - isca - WARNING - WARNING from PE    3: socrates_init: dt_rad does not fit into one day an integer number of times
2025-03-12 04:40:48,134 - isca - DEBUG - 
2025-03-12 04:40:48,134 - isca - DEBUG - 
2025-03-12 04:40:48,134 - isca - WARNING - WARNING from PE    5: socrates_init: dt_rad does not fit into one day an integer number of times
2025-03-12 04:40:48,134 - isca - DEBUG - 
2025-03-12 04:40:48,134 - isca - DEBUG - 
2025-03-12 04:40:48,134 - isca - DEBUG - 
2025-03-12 04:40:48,134 - isca - WARNING - WARNING from PE    4: socrates_init: dt_rad does not fit into one day an integer number of times
2025-03-12 04:40:48,149 - isca - DEBUG - 
2025-03-12 04:40:48,149 - isca - DEBUG - 
2025-03-12 04:40:48,149 - isca - WARNING - WARNING from PE    6: socrates_init: dt_rad does not fit into one day an integer number of times
2025-03-12 04:40:48,149 - isca - DEBUG - 
2025-03-12 04:40:48,149 - isca - DEBUG - 
2025-03-12 04:40:48,149 - isca - WARNING - WARNING from PE    1: socrates_init: dt_rad does not fit into one day an integer number of times
2025-03-12 04:40:48,149 - isca - DEBUG - 
2025-03-12 04:40:48,149 - isca - DEBUG - 
2025-03-12 04:40:48,149 - isca - WARNING - WARNING from PE    0: socrates_init: dt_rad does not fit into one day an integer number of times
2025-03-12 04:40:48,149 - isca - DEBUG - 
2025-03-12 04:40:48,149 - isca - DEBUG - 
2025-03-12 04:40:48,149 - isca - WARNING - WARNING from PE    0: socrates_init: dt_rad does not fit into one day an integer number of times
2025-03-12 04:40:48,149 - isca - DEBUG - 
2025-03-12 04:40:48,149 - isca - DEBUG - 
2025-03-12 04:40:48,149 - isca - WARNING - WARNING from PE    0: socrates_init: lw_hires_spectral_filename is unset, making equal to lw_spectral_filename
2025-03-12 04:40:48,149 - isca - DEBUG - 
2025-03-12 04:40:48,149 - isca - DEBUG - 
2025-03-12 04:40:48,149 - isca - WARNING - WARNING from PE    0: socrates_init: lw_hires_spectral_filename is unset, making equal to lw_spectral_filename
2025-03-12 04:40:48,149 - isca - DEBUG - 
2025-03-12 04:40:48,150 - isca - DEBUG - 
2025-03-12 04:40:48,150 - isca - WARNING - WARNING from PE    0: socrates_init: sw_hires_spectral_filename is unset, making equal to sw_spectral_filename
2025-03-12 04:40:48,150 - isca - DEBUG - 
2025-03-12 04:40:48,150 - isca - DEBUG - 
2025-03-12 04:40:48,150 - isca - WARNING - WARNING from PE    0: socrates_init: sw_hires_spectral_filename is unset, making equal to sw_spectral_filename
2025-03-12 04:40:48,150 - isca - DEBUG - 
2025-03-12 04:40:49,331 - isca - DEBUG - NOTE from PE    0: Interpolator: Using input file with no time dimension - ozone_1990_notime_zero.nc
2025-03-12 04:40:49,331 - isca - DEBUG - Initializing src field : ozone_1990
2025-03-12 04:40:49,333 - isca - DEBUG - 
2025-03-12 04:40:49,333 - isca - DEBUG - -----------------------------------
2025-03-12 04:40:49,333 - isca - DEBUG - ____                       _
2025-03-12 04:40:49,333 - isca - DEBUG - / ___|  ___   ___ _ __ __ _| |_ ___  ___
2025-03-12 04:40:49,333 - isca - DEBUG - \___ \ / _ \ / __|  __/ _` | __/ _ \/ __|
2025-03-12 04:40:49,333 - isca - DEBUG - ___) | (_) | (__| | | (_| | ||  __/\__ \
2025-03-12 04:40:49,333 - isca - DEBUG - |____/ \___/ \___|_|  \__,_|\__\___||___/
2025-03-12 04:40:49,333 - isca - DEBUG - 
2025-03-12 04:40:49,333 - isca - DEBUG - Initialised Socrates v17.03
2025-03-12 04:40:49,333 - isca - DEBUG - Stellar constant =    1400.00000000000
2025-03-12 04:40:49,334 - isca - DEBUG - Longwave spectral file =
2025-03-12 04:40:49,334 - isca - DEBUG - /proj/bolinc/users/x_ryabo/socrates_edited_for_isca/spectral_files_for_GCMs/Sun
2025-03-12 04:40:49,334 - isca - DEBUG - /miniSuran_lw.sf WITH           16  bands
2025-03-12 04:40:49,334 - isca - DEBUG - Longwave hires spectral file =
2025-03-12 04:40:49,334 - isca - DEBUG - /proj/bolinc/users/x_ryabo/socrates_edited_for_isca/spectral_files_for_GCMs/Sun
2025-03-12 04:40:49,334 - isca - DEBUG - /miniSuran_lw.sf WITH           16  bands
2025-03-12 04:40:49,334 - isca - DEBUG - Shortwave spectral file =
2025-03-12 04:40:49,334 - isca - DEBUG - /proj/bolinc/users/x_ryabo/socrates_edited_for_isca/spectral_files_for_GCMs/Sun
2025-03-12 04:40:49,334 - isca - DEBUG - /miniSuran_sw.sf WITH           16  bands
2025-03-12 04:40:49,334 - isca - DEBUG - Shortwave hires spectral file =
2025-03-12 04:40:49,334 - isca - DEBUG - /proj/bolinc/users/x_ryabo/socrates_edited_for_isca/spectral_files_for_GCMs/Sun
2025-03-12 04:40:49,334 - isca - DEBUG - /miniSuran_sw.sf WITH           16  bands
2025-03-12 04:40:49,334 - isca - DEBUG - 
2025-03-12 04:40:49,334 - isca - DEBUG - -----------------------------------
2025-03-12 04:40:49,335 - isca - DEBUG - 
2025-03-12 04:41:22,694 - isca - DEBUG - Integration completed through  1051 days     0 seconds
2025-03-12 04:41:56,344 - isca - DEBUG - Integration completed through  1052 days     0 seconds
2025-03-12 04:42:29,660 - isca - DEBUG - Integration completed through  1053 days     0 seconds
2025-03-12 04:43:02,692 - isca - DEBUG - Integration completed through  1054 days     0 seconds
2025-03-12 04:43:35,622 - isca - DEBUG - Integration completed through  1055 days     0 seconds
2025-03-12 04:44:08,572 - isca - DEBUG - Integration completed through  1056 days     0 seconds
2025-03-12 04:44:41,286 - isca - DEBUG - Integration completed through  1057 days     0 seconds
2025-03-12 04:45:13,681 - isca - DEBUG - Integration completed through  1058 days     0 seconds
2025-03-12 04:45:46,178 - isca - DEBUG - Integration completed through  1059 days     0 seconds
2025-03-12 04:46:18,755 - isca - DEBUG - Integration completed through  1060 days     0 seconds
2025-03-12 04:46:51,312 - isca - DEBUG - Integration completed through  1061 days     0 seconds
2025-03-12 04:47:23,928 - isca - DEBUG - Integration completed through  1062 days     0 seconds
2025-03-12 04:47:56,525 - isca - DEBUG - Integration completed through  1063 days     0 seconds
2025-03-12 04:48:29,177 - isca - DEBUG - Integration completed through  1064 days     0 seconds
2025-03-12 04:49:02,027 - isca - DEBUG - Integration completed through  1065 days     0 seconds
2025-03-12 04:49:34,951 - isca - DEBUG - Integration completed through  1066 days     0 seconds
2025-03-12 04:50:08,207 - isca - DEBUG - Integration completed through  1067 days     0 seconds
2025-03-12 04:50:41,483 - isca - DEBUG - Integration completed through  1068 days     0 seconds
2025-03-12 04:51:14,441 - isca - DEBUG - Integration completed through  1069 days     0 seconds
2025-03-12 04:51:47,346 - isca - DEBUG - Integration completed through  1070 days     0 seconds
2025-03-12 04:52:20,174 - isca - DEBUG - Integration completed through  1071 days     0 seconds
2025-03-12 04:52:53,056 - isca - DEBUG - Integration completed through  1072 days     0 seconds
2025-03-12 04:53:25,780 - isca - DEBUG - Integration completed through  1073 days     0 seconds
2025-03-12 04:53:58,656 - isca - DEBUG - Integration completed through  1074 days     0 seconds
2025-03-12 04:54:31,460 - isca - DEBUG - Integration completed through  1075 days     0 seconds
2025-03-12 04:55:04,280 - isca - DEBUG - Integration completed through  1076 days     0 seconds
2025-03-12 04:55:37,173 - isca - DEBUG - Integration completed through  1077 days     0 seconds
2025-03-12 04:56:10,177 - isca - DEBUG - Integration completed through  1078 days     0 seconds
2025-03-12 04:56:43,091 - isca - DEBUG - Integration completed through  1079 days     0 seconds
2025-03-12 04:57:16,328 - isca - DEBUG - Integration completed through  1080 days     0 seconds
2025-03-12 04:57:16,336 - isca - DEBUG - 
2025-03-12 04:57:16,336 - isca - WARNING - WARNING from PE    0: diag_util_mod::opening_file: module/field_name (socrates/soc_toa_sw_down_clr) NOT registered
2025-03-12 04:57:16,336 - isca - DEBUG - 
2025-03-12 04:57:16,336 - isca - DEBUG - 
2025-03-12 04:57:16,336 - isca - WARNING - WARNING from PE    0: diag_util_mod::opening_file: module/field_name (socrates/soc_toa_sw_down_clr) NOT registered
2025-03-12 04:57:16,336 - isca - DEBUG - 
2025-03-12 04:57:16,336 - isca - DEBUG - 
2025-03-12 04:57:16,336 - isca - WARNING - WARNING from PE    0: diag_util_mod::opening_file: module/field_name (cloud_simple/rh_min) NOT registered
2025-03-12 04:57:16,337 - isca - DEBUG - 
2025-03-12 04:57:16,337 - isca - DEBUG - 
2025-03-12 04:57:16,337 - isca - WARNING - WARNING from PE    0: diag_util_mod::opening_file: module/field_name (cloud_simple/rh_min) NOT registered
2025-03-12 04:57:16,337 - isca - DEBUG - 
2025-03-12 04:57:16,347 - isca - DEBUG - NOTE from PE    0: MPP_IO_SET_STACK_SIZE: stack size set to     327680.
2025-03-12 04:57:16,477 - isca - DEBUG - MPP_DOMAINS_STACK high water mark=       40960
2025-03-12 04:57:16,477 - isca - DEBUG - 
2025-03-12 04:57:16,478 - isca - DEBUG - Tabulating mpp_clock statistics across     16 PEs...
2025-03-12 04:57:16,478 - isca - DEBUG - 
2025-03-12 04:57:16,478 - isca - DEBUG - tmin          tmax          tavg          tstd  tfrac grain pemin pemax
2025-03-12 04:57:16,478 - isca - DEBUG - Total runtime                       988.411706    988.417395    988.414232      0.001638  1.000     0     0    15
2025-03-12 04:57:16,478 - isca - DEBUG - MPP_STACK high water mark=           0
2025-03-12 04:57:16,664 - isca - INFO - Run 36 complete
2025-03-12 04:57:17,518 - isca - DEBUG - atmos_monthly.nc combined and copied to data directory
2025-03-12 04:57:20,785 - isca - INFO - Restart archive created at /proj/bolinc/users/x_ryabo/Isca-Ryan_outputs/planetb_presentdayEarth_rot0_Sun_noO3/restarts/res0036.tar.gz
2025-03-12 04:57:20,802 - isca - INFO - Writing namelist to '/proj/bolinc/users/x_ryabo/Isca-Ryan_outputs/planetb_presentdayEarth_rot0_Sun_noO3/run0036/input.nml'
2025-03-12 04:57:20,804 - isca - INFO - Writing field_table to '/proj/bolinc/users/x_ryabo/Isca-Ryan_outputs/planetb_presentdayEarth_rot0_Sun_noO3/run0036/field_table'
2025-03-12 04:57:20,817 - isca - INFO - Writing diag_table to '/proj/bolinc/users/x_ryabo/Isca-Ryan_outputs/planetb_presentdayEarth_rot0_Sun_noO3/run0036/diag_table'
2025-03-12 04:57:20,936 - isca - INFO - Emptied run directory '/home/x_ryabo/Isca-Ryan_tmp/experiment/planetb_presentdayEarth_rot0_Sun_noO3/run'
2025-03-12 04:57:20,961 - isca - INFO - Emptied run directory '/home/x_ryabo/Isca-Ryan_tmp/experiment/planetb_presentdayEarth_rot0_Sun_noO3/run'
2025-03-12 04:57:21,053 - isca - INFO - Writing namelist to '/home/x_ryabo/Isca-Ryan_tmp/experiment/planetb_presentdayEarth_rot0_Sun_noO3/run/input.nml'
2025-03-12 04:57:21,054 - isca - INFO - Writing field_table to '/home/x_ryabo/Isca-Ryan_tmp/experiment/planetb_presentdayEarth_rot0_Sun_noO3/run/field_table'
2025-03-12 04:57:21,067 - isca - INFO - Writing diag_table to '/home/x_ryabo/Isca-Ryan_tmp/experiment/planetb_presentdayEarth_rot0_Sun_noO3/run/diag_table'
2025-03-12 04:57:21,082 - isca - INFO - Using restart file '/proj/bolinc/users/x_ryabo/Isca-Ryan_outputs/planetb_presentdayEarth_rot0_Sun_noO3/restarts/res0036.tar.gz'
2025-03-12 04:57:21,498 - isca - INFO - Restart /proj/bolinc/users/x_ryabo/Isca-Ryan_outputs/planetb_presentdayEarth_rot0_Sun_noO3/restarts/res0036.tar.gz extracted to /home/x_ryabo/Isca-Ryan_tmp/experiment/planetb_presentdayEarth_rot0_Sun_noO3/run/INPUT
2025-03-12 04:57:21,499 - isca - INFO - Beginning run 37
2025-03-12 04:57:21,512 - isca - INFO - process running as 3931634
2025-03-12 04:57:21,512 - isca - DEBUG - loadmodules for Isca on NSC cluster Tetralith
2025-03-12 04:57:21,512 - isca - DEBUG - mpiifort
2025-03-12 04:57:21,613 - isca - DEBUG - The following modules were not unloaded:
2025-03-12 04:57:21,614 - isca - DEBUG - (Use "module --force purge" to unload all):
2025-03-12 04:57:21,614 - isca - DEBUG - 
2025-03-12 04:57:21,614 - isca - DEBUG - 1) hpc/.1.10.1
2025-03-12 04:57:21,713 - isca - DEBUG - ***************************************************
2025-03-12 04:57:21,713 - isca - DEBUG - You have loaded a buildenv module
2025-03-12 04:57:21,713 - isca - DEBUG - ***************************************************
2025-03-12 04:57:21,713 - isca - DEBUG - The buldenv-intel module makes available:
2025-03-12 04:57:21,713 - isca - DEBUG - - Compilers: icc, ifort, etc.
2025-03-12 04:57:21,713 - isca - DEBUG - - Mpi library with mpi-wrapped compilers: intel mpi with mpicc, mpifort, etc.
2025-03-12 04:57:21,713 - isca - DEBUG - - Numerical libraries: intel MKL
2025-03-12 04:57:21,713 - isca - DEBUG - 
2025-03-12 04:57:21,713 - isca - DEBUG - It also makes a set of dependency library modules available via
2025-03-12 04:57:21,713 - isca - DEBUG - the regular module command. Just do:
2025-03-12 04:57:21,713 - isca - DEBUG - module avail
2025-03-12 04:57:21,713 - isca - DEBUG - to see what is available.
2025-03-12 04:57:21,713 - isca - DEBUG - 
2025-03-12 04:57:21,713 - isca - DEBUG - NOTE: You shoud never load build environments inside submitted jobs.
2025-03-12 04:57:21,714 - isca - DEBUG - (with the single exception of when using supercomputer time to compile code.)
2025-03-12 04:57:21,714 - isca - DEBUG - 
2025-03-12 04:57:27,270 - isca - DEBUG - NOTE from PE    0: MPP_DOMAINS_SET_STACK_SIZE: stack size set to    32768.
2025-03-12 04:57:27,270 - isca - DEBUG - &MPP_IO_NML
2025-03-12 04:57:27,270 - isca - DEBUG - HEADER_BUFFER_VAL       =       16384,
2025-03-12 04:57:27,270 - isca - DEBUG - GLOBAL_FIELD_ON_ROOT_PE = T,
2025-03-12 04:57:27,270 - isca - DEBUG - IO_CLOCKS_ON    = F,
2025-03-12 04:57:27,271 - isca - DEBUG - SHUFFLE =           0,
2025-03-12 04:57:27,271 - isca - DEBUG - DEFLATE_LEVEL   =          -1
2025-03-12 04:57:27,271 - isca - DEBUG - /
2025-03-12 04:57:27,272 - isca - DEBUG - NOTE from PE    0: MPP_IO_SET_STACK_SIZE: stack size set to     131072.
2025-03-12 04:57:27,273 - isca - DEBUG - NOTE from PE    0: MPP_DOMAINS_SET_STACK_SIZE: stack size set to   600000.
2025-03-12 04:57:27,281 - isca - DEBUG - starting            1  OpenMP threads per MPI-task
2025-03-12 04:57:27,283 - isca - DEBUG - ATMOS MODEL DOMAIN DECOMPOSITION
2025-03-12 04:57:27,284 - isca - DEBUG - X-AXIS =  128
2025-03-12 04:57:27,284 - isca - DEBUG - Y-AXIS =    4   4   4   4   4   4   4   4   4   4   4   4   4   4   4   4
2025-03-12 04:57:27,330 - isca - DEBUG - 
2025-03-12 04:57:27,330 - isca - WARNING - WARNING from PE    8: socrates_init: dt_rad does not fit into one day an integer number of times
2025-03-12 04:57:27,330 - isca - DEBUG - 
2025-03-12 04:57:27,331 - isca - DEBUG - NOTE from PE    0: cloud_simple: Using SimCloud cloud scheme
2025-03-12 04:57:27,332 - isca - DEBUG - NOTE from PE    0: ls_cloud: Using linear cloud fraction diagnostic formula.
2025-03-12 04:57:27,332 - isca - DEBUG - 
2025-03-12 04:57:27,333 - isca - WARNING - WARNING from PE   14: socrates_init: dt_rad does not fit into one day an integer number of times
2025-03-12 04:57:27,333 - isca - DEBUG - 
2025-03-12 04:57:27,333 - isca - DEBUG - 
2025-03-12 04:57:27,333 - isca - DEBUG - 
2025-03-12 04:57:27,333 - isca - WARNING - WARNING from PE   10: socrates_init: dt_rad does not fit into one day an integer number of times
2025-03-12 04:57:27,333 - isca - DEBUG - 
2025-03-12 04:57:27,333 - isca - WARNING - WARNING from PE    9: socrates_init: dt_rad does not fit into one day an integer number of times
2025-03-12 04:57:27,333 - isca - DEBUG - 
2025-03-12 04:57:27,333 - isca - DEBUG - 
2025-03-12 04:57:27,333 - isca - WARNING - WARNING from PE    7: socrates_init: dt_rad does not fit into one day an integer number of times
2025-03-12 04:57:27,333 - isca - DEBUG - 
2025-03-12 04:57:27,333 - isca - DEBUG - 
2025-03-12 04:57:27,333 - isca - WARNING - WARNING from PE   15: socrates_init: dt_rad does not fit into one day an integer number of times
2025-03-12 04:57:27,333 - isca - DEBUG - 
2025-03-12 04:57:27,333 - isca - DEBUG - 
2025-03-12 04:57:27,333 - isca - DEBUG - NOTE from PE    0: cloud_cover: The cloud overlap assumption is MAXIMUM-RANDOM
2025-03-12 04:57:27,333 - isca - WARNING - WARNING from PE   11: socrates_init: dt_rad does not fit into one day an integer number of times
2025-03-12 04:57:27,333 - isca - DEBUG - 
2025-03-12 04:57:27,333 - isca - DEBUG - 
2025-03-12 04:57:27,333 - isca - DEBUG - 
2025-03-12 04:57:27,333 - isca - WARNING - WARNING from PE   13: socrates_init: dt_rad does not fit into one day an integer number of times
2025-03-12 04:57:27,333 - isca - DEBUG - 
2025-03-12 04:57:27,333 - isca - DEBUG - NOTE from PE    0: idealized_moist_phys: Using Frierson Quasi-Equilibrium convection scheme.
2025-03-12 04:57:27,334 - isca - WARNING - WARNING from PE   12: socrates_init: dt_rad does not fit into one day an integer number of times
2025-03-12 04:57:27,334 - isca - DEBUG - 
2025-03-12 04:57:27,336 - isca - DEBUG - 
2025-03-12 04:57:27,336 - isca - WARNING - WARNING from PE    1: socrates_init: dt_rad does not fit into one day an integer number of times
2025-03-12 04:57:27,336 - isca - DEBUG - 
2025-03-12 04:57:27,337 - isca - DEBUG - 
2025-03-12 04:57:27,337 - isca - WARNING - WARNING from PE    6: socrates_init: dt_rad does not fit into one day an integer number of times
2025-03-12 04:57:27,337 - isca - DEBUG - 
2025-03-12 04:57:27,337 - isca - DEBUG - 
2025-03-12 04:57:27,337 - isca - WARNING - WARNING from PE    2: socrates_init: dt_rad does not fit into one day an integer number of times
2025-03-12 04:57:27,337 - isca - DEBUG - 
2025-03-12 04:57:27,337 - isca - WARNING - WARNING from PE    3: socrates_init: dt_rad does not fit into one day an integer number of times
2025-03-12 04:57:27,337 - isca - DEBUG - 
2025-03-12 04:57:27,337 - isca - DEBUG - 
2025-03-12 04:57:27,337 - isca - DEBUG - 
2025-03-12 04:57:27,337 - isca - WARNING - WARNING from PE    4: socrates_init: dt_rad does not fit into one day an integer number of times
2025-03-12 04:57:27,337 - isca - DEBUG - 
2025-03-12 04:57:27,338 - isca - DEBUG - 
2025-03-12 04:57:27,338 - isca - WARNING - WARNING from PE    5: socrates_init: dt_rad does not fit into one day an integer number of times
2025-03-12 04:57:27,338 - isca - DEBUG - 
2025-03-12 04:57:27,344 - isca - DEBUG - 
2025-03-12 04:57:27,344 - isca - WARNING - WARNING from PE    0: socrates_init: dt_rad does not fit into one day an integer number of times
2025-03-12 04:57:27,344 - isca - DEBUG - 
2025-03-12 04:57:27,344 - isca - DEBUG - 
2025-03-12 04:57:27,344 - isca - WARNING - WARNING from PE    0: socrates_init: dt_rad does not fit into one day an integer number of times
2025-03-12 04:57:27,344 - isca - DEBUG - 
2025-03-12 04:57:27,344 - isca - DEBUG - 
2025-03-12 04:57:27,344 - isca - WARNING - WARNING from PE    0: socrates_init: lw_hires_spectral_filename is unset, making equal to lw_spectral_filename
2025-03-12 04:57:27,344 - isca - DEBUG - 
2025-03-12 04:57:27,344 - isca - DEBUG - 
2025-03-12 04:57:27,344 - isca - WARNING - WARNING from PE    0: socrates_init: lw_hires_spectral_filename is unset, making equal to lw_spectral_filename
2025-03-12 04:57:27,344 - isca - DEBUG - 
2025-03-12 04:57:27,344 - isca - DEBUG - 
2025-03-12 04:57:27,344 - isca - WARNING - WARNING from PE    0: socrates_init: sw_hires_spectral_filename is unset, making equal to sw_spectral_filename
2025-03-12 04:57:27,344 - isca - DEBUG - 
2025-03-12 04:57:27,344 - isca - DEBUG - 
2025-03-12 04:57:27,344 - isca - WARNING - WARNING from PE    0: socrates_init: sw_hires_spectral_filename is unset, making equal to sw_spectral_filename
2025-03-12 04:57:27,345 - isca - DEBUG - 
2025-03-12 04:57:28,535 - isca - DEBUG - NOTE from PE    0: Interpolator: Using input file with no time dimension - ozone_1990_notime_zero.nc
2025-03-12 04:57:28,535 - isca - DEBUG - Initializing src field : ozone_1990
2025-03-12 04:57:28,537 - isca - DEBUG - 
2025-03-12 04:57:28,537 - isca - DEBUG - -----------------------------------
2025-03-12 04:57:28,538 - isca - DEBUG - ____                       _
2025-03-12 04:57:28,538 - isca - DEBUG - / ___|  ___   ___ _ __ __ _| |_ ___  ___
2025-03-12 04:57:28,538 - isca - DEBUG - \___ \ / _ \ / __|  __/ _` | __/ _ \/ __|
2025-03-12 04:57:28,538 - isca - DEBUG - ___) | (_) | (__| | | (_| | ||  __/\__ \
2025-03-12 04:57:28,538 - isca - DEBUG - |____/ \___/ \___|_|  \__,_|\__\___||___/
2025-03-12 04:57:28,538 - isca - DEBUG - 
2025-03-12 04:57:28,538 - isca - DEBUG - Initialised Socrates v17.03
2025-03-12 04:57:28,538 - isca - DEBUG - Stellar constant =    1400.00000000000
2025-03-12 04:57:28,538 - isca - DEBUG - Longwave spectral file =
2025-03-12 04:57:28,538 - isca - DEBUG - /proj/bolinc/users/x_ryabo/socrates_edited_for_isca/spectral_files_for_GCMs/Sun
2025-03-12 04:57:28,538 - isca - DEBUG - /miniSuran_lw.sf WITH           16  bands
2025-03-12 04:57:28,538 - isca - DEBUG - Longwave hires spectral file =
2025-03-12 04:57:28,538 - isca - DEBUG - /proj/bolinc/users/x_ryabo/socrates_edited_for_isca/spectral_files_for_GCMs/Sun
2025-03-12 04:57:28,538 - isca - DEBUG - /miniSuran_lw.sf WITH           16  bands
2025-03-12 04:57:28,538 - isca - DEBUG - Shortwave spectral file =
2025-03-12 04:57:28,538 - isca - DEBUG - /proj/bolinc/users/x_ryabo/socrates_edited_for_isca/spectral_files_for_GCMs/Sun
2025-03-12 04:57:28,539 - isca - DEBUG - /miniSuran_sw.sf WITH           16  bands
2025-03-12 04:57:28,539 - isca - DEBUG - Shortwave hires spectral file =
2025-03-12 04:57:28,539 - isca - DEBUG - /proj/bolinc/users/x_ryabo/socrates_edited_for_isca/spectral_files_for_GCMs/Sun
2025-03-12 04:57:28,539 - isca - DEBUG - /miniSuran_sw.sf WITH           16  bands
2025-03-12 04:57:28,539 - isca - DEBUG - 
2025-03-12 04:57:28,539 - isca - DEBUG - -----------------------------------
2025-03-12 04:57:28,539 - isca - DEBUG - 
2025-03-12 04:58:01,583 - isca - DEBUG - Integration completed through  1081 days     0 seconds
2025-03-12 04:58:34,894 - isca - DEBUG - Integration completed through  1082 days     0 seconds
2025-03-12 04:59:07,929 - isca - DEBUG - Integration completed through  1083 days     0 seconds
2025-03-12 04:59:40,885 - isca - DEBUG - Integration completed through  1084 days     0 seconds
2025-03-12 05:00:13,679 - isca - DEBUG - Integration completed through  1085 days     0 seconds
2025-03-12 05:00:46,480 - isca - DEBUG - Integration completed through  1086 days     0 seconds
2025-03-12 05:01:19,344 - isca - DEBUG - Integration completed through  1087 days     0 seconds
2025-03-12 05:01:51,911 - isca - DEBUG - Integration completed through  1088 days     0 seconds
2025-03-12 05:02:24,719 - isca - DEBUG - Integration completed through  1089 days     0 seconds
2025-03-12 05:02:57,474 - isca - DEBUG - Integration completed through  1090 days     0 seconds
2025-03-12 05:03:30,290 - isca - DEBUG - Integration completed through  1091 days     0 seconds
2025-03-12 05:04:03,401 - isca - DEBUG - Integration completed through  1092 days     0 seconds
2025-03-12 05:04:36,674 - isca - DEBUG - Integration completed through  1093 days     0 seconds
2025-03-12 05:05:09,606 - isca - DEBUG - Integration completed through  1094 days     0 seconds
2025-03-12 05:05:42,366 - isca - DEBUG - Integration completed through  1095 days     0 seconds
2025-03-12 05:06:15,236 - isca - DEBUG - Integration completed through  1096 days     0 seconds
2025-03-12 05:06:48,175 - isca - DEBUG - Integration completed through  1097 days     0 seconds
2025-03-12 05:07:21,194 - isca - DEBUG - Integration completed through  1098 days     0 seconds
2025-03-12 05:07:54,121 - isca - DEBUG - Integration completed through  1099 days     0 seconds
2025-03-12 05:08:27,328 - isca - DEBUG - Integration completed through  1100 days     0 seconds
2025-03-12 05:09:00,380 - isca - DEBUG - Integration completed through  1101 days     0 seconds
2025-03-12 05:09:33,267 - isca - DEBUG - Integration completed through  1102 days     0 seconds
2025-03-12 05:10:06,253 - isca - DEBUG - Integration completed through  1103 days     0 seconds
2025-03-12 05:10:39,059 - isca - DEBUG - Integration completed through  1104 days     0 seconds
2025-03-12 05:11:11,966 - isca - DEBUG - Integration completed through  1105 days     0 seconds
2025-03-12 05:11:44,802 - isca - DEBUG - Integration completed through  1106 days     0 seconds
2025-03-12 05:12:17,526 - isca - DEBUG - Integration completed through  1107 days     0 seconds
2025-03-12 05:12:50,277 - isca - DEBUG - Integration completed through  1108 days     0 seconds
2025-03-12 05:13:23,076 - isca - DEBUG - Integration completed through  1109 days     0 seconds
2025-03-12 05:13:56,369 - isca - DEBUG - Integration completed through  1110 days     0 seconds
2025-03-12 05:13:56,377 - isca - DEBUG - 
2025-03-12 05:13:56,377 - isca - WARNING - WARNING from PE    0: diag_util_mod::opening_file: module/field_name (socrates/soc_toa_sw_down_clr) NOT registered
2025-03-12 05:13:56,377 - isca - DEBUG - 
2025-03-12 05:13:56,377 - isca - DEBUG - 
2025-03-12 05:13:56,377 - isca - WARNING - WARNING from PE    0: diag_util_mod::opening_file: module/field_name (socrates/soc_toa_sw_down_clr) NOT registered
2025-03-12 05:13:56,377 - isca - DEBUG - 
2025-03-12 05:13:56,378 - isca - DEBUG - 
2025-03-12 05:13:56,378 - isca - WARNING - WARNING from PE    0: diag_util_mod::opening_file: module/field_name (cloud_simple/rh_min) NOT registered
2025-03-12 05:13:56,378 - isca - DEBUG - 
2025-03-12 05:13:56,378 - isca - DEBUG - 
2025-03-12 05:13:56,378 - isca - WARNING - WARNING from PE    0: diag_util_mod::opening_file: module/field_name (cloud_simple/rh_min) NOT registered
2025-03-12 05:13:56,378 - isca - DEBUG - 
2025-03-12 05:13:56,388 - isca - DEBUG - NOTE from PE    0: MPP_IO_SET_STACK_SIZE: stack size set to     327680.
2025-03-12 05:13:56,500 - isca - DEBUG - MPP_DOMAINS_STACK high water mark=       40960
2025-03-12 05:13:56,500 - isca - DEBUG - 
2025-03-12 05:13:56,500 - isca - DEBUG - Tabulating mpp_clock statistics across     16 PEs...
2025-03-12 05:13:56,500 - isca - DEBUG - 
2025-03-12 05:13:56,500 - isca - DEBUG - tmin          tmax          tavg          tstd  tfrac grain pemin pemax
2025-03-12 05:13:56,501 - isca - DEBUG - Total runtime                       989.228504    989.233142    989.230657      0.001454  1.000     0     0    15
2025-03-12 05:13:56,501 - isca - DEBUG - MPP_STACK high water mark=           0
2025-03-12 05:13:56,640 - isca - INFO - Run 37 complete
2025-03-12 05:13:57,467 - isca - DEBUG - atmos_monthly.nc combined and copied to data directory
2025-03-12 05:14:00,728 - isca - INFO - Restart archive created at /proj/bolinc/users/x_ryabo/Isca-Ryan_outputs/planetb_presentdayEarth_rot0_Sun_noO3/restarts/res0037.tar.gz
2025-03-12 05:14:00,742 - isca - INFO - Writing namelist to '/proj/bolinc/users/x_ryabo/Isca-Ryan_outputs/planetb_presentdayEarth_rot0_Sun_noO3/run0037/input.nml'
2025-03-12 05:14:00,744 - isca - INFO - Writing field_table to '/proj/bolinc/users/x_ryabo/Isca-Ryan_outputs/planetb_presentdayEarth_rot0_Sun_noO3/run0037/field_table'
2025-03-12 05:14:00,757 - isca - INFO - Writing diag_table to '/proj/bolinc/users/x_ryabo/Isca-Ryan_outputs/planetb_presentdayEarth_rot0_Sun_noO3/run0037/diag_table'
2025-03-12 05:14:00,870 - isca - INFO - Emptied run directory '/home/x_ryabo/Isca-Ryan_tmp/experiment/planetb_presentdayEarth_rot0_Sun_noO3/run'
2025-03-12 05:14:00,895 - isca - INFO - Emptied run directory '/home/x_ryabo/Isca-Ryan_tmp/experiment/planetb_presentdayEarth_rot0_Sun_noO3/run'
2025-03-12 05:14:00,986 - isca - INFO - Writing namelist to '/home/x_ryabo/Isca-Ryan_tmp/experiment/planetb_presentdayEarth_rot0_Sun_noO3/run/input.nml'
2025-03-12 05:14:00,987 - isca - INFO - Writing field_table to '/home/x_ryabo/Isca-Ryan_tmp/experiment/planetb_presentdayEarth_rot0_Sun_noO3/run/field_table'
2025-03-12 05:14:01,000 - isca - INFO - Writing diag_table to '/home/x_ryabo/Isca-Ryan_tmp/experiment/planetb_presentdayEarth_rot0_Sun_noO3/run/diag_table'
2025-03-12 05:14:01,015 - isca - INFO - Using restart file '/proj/bolinc/users/x_ryabo/Isca-Ryan_outputs/planetb_presentdayEarth_rot0_Sun_noO3/restarts/res0037.tar.gz'
2025-03-12 05:14:01,431 - isca - INFO - Restart /proj/bolinc/users/x_ryabo/Isca-Ryan_outputs/planetb_presentdayEarth_rot0_Sun_noO3/restarts/res0037.tar.gz extracted to /home/x_ryabo/Isca-Ryan_tmp/experiment/planetb_presentdayEarth_rot0_Sun_noO3/run/INPUT
2025-03-12 05:14:01,432 - isca - INFO - Beginning run 38
2025-03-12 05:14:01,445 - isca - INFO - process running as 3932463
2025-03-12 05:14:01,445 - isca - DEBUG - loadmodules for Isca on NSC cluster Tetralith
2025-03-12 05:14:01,445 - isca - DEBUG - mpiifort
2025-03-12 05:14:01,547 - isca - DEBUG - The following modules were not unloaded:
2025-03-12 05:14:01,547 - isca - DEBUG - (Use "module --force purge" to unload all):
2025-03-12 05:14:01,547 - isca - DEBUG - 
2025-03-12 05:14:01,547 - isca - DEBUG - 1) hpc/.1.10.1
2025-03-12 05:14:01,647 - isca - DEBUG - ***************************************************
2025-03-12 05:14:01,647 - isca - DEBUG - You have loaded a buildenv module
2025-03-12 05:14:01,647 - isca - DEBUG - ***************************************************
2025-03-12 05:14:01,647 - isca - DEBUG - The buldenv-intel module makes available:
2025-03-12 05:14:01,648 - isca - DEBUG - - Compilers: icc, ifort, etc.
2025-03-12 05:14:01,648 - isca - DEBUG - - Mpi library with mpi-wrapped compilers: intel mpi with mpicc, mpifort, etc.
2025-03-12 05:14:01,648 - isca - DEBUG - - Numerical libraries: intel MKL
2025-03-12 05:14:01,648 - isca - DEBUG - 
2025-03-12 05:14:01,648 - isca - DEBUG - It also makes a set of dependency library modules available via
2025-03-12 05:14:01,648 - isca - DEBUG - the regular module command. Just do:
2025-03-12 05:14:01,649 - isca - DEBUG - module avail
2025-03-12 05:14:01,649 - isca - DEBUG - to see what is available.
2025-03-12 05:14:01,649 - isca - DEBUG - 
2025-03-12 05:14:01,649 - isca - DEBUG - NOTE: You shoud never load build environments inside submitted jobs.
2025-03-12 05:14:01,649 - isca - DEBUG - (with the single exception of when using supercomputer time to compile code.)
2025-03-12 05:14:01,649 - isca - DEBUG - 
2025-03-12 05:14:03,006 - isca - DEBUG - NOTE from PE    0: MPP_DOMAINS_SET_STACK_SIZE: stack size set to    32768.
2025-03-12 05:14:03,006 - isca - DEBUG - &MPP_IO_NML
2025-03-12 05:14:03,006 - isca - DEBUG - HEADER_BUFFER_VAL       =       16384,
2025-03-12 05:14:03,006 - isca - DEBUG - GLOBAL_FIELD_ON_ROOT_PE = T,
2025-03-12 05:14:03,007 - isca - DEBUG - IO_CLOCKS_ON    = F,
2025-03-12 05:14:03,007 - isca - DEBUG - SHUFFLE =           0,
2025-03-12 05:14:03,007 - isca - DEBUG - DEFLATE_LEVEL   =          -1
2025-03-12 05:14:03,007 - isca - DEBUG - /
2025-03-12 05:14:03,008 - isca - DEBUG - NOTE from PE    0: MPP_IO_SET_STACK_SIZE: stack size set to     131072.
2025-03-12 05:14:03,009 - isca - DEBUG - NOTE from PE    0: MPP_DOMAINS_SET_STACK_SIZE: stack size set to   600000.
2025-03-12 05:14:03,017 - isca - DEBUG - starting            1  OpenMP threads per MPI-task
2025-03-12 05:14:03,019 - isca - DEBUG - ATMOS MODEL DOMAIN DECOMPOSITION
2025-03-12 05:14:03,019 - isca - DEBUG - X-AXIS =  128
2025-03-12 05:14:03,019 - isca - DEBUG - Y-AXIS =    4   4   4   4   4   4   4   4   4   4   4   4   4   4   4   4
2025-03-12 05:14:03,070 - isca - DEBUG - NOTE from PE    0: cloud_simple: Using SimCloud cloud scheme
2025-03-12 05:14:03,070 - isca - DEBUG - 
2025-03-12 05:14:03,071 - isca - DEBUG - 
2025-03-12 05:14:03,071 - isca - WARNING - WARNING from PE   13: socrates_init: dt_rad does not fit into one day an integer number of times
2025-03-12 05:14:03,071 - isca - DEBUG - 
2025-03-12 05:14:03,071 - isca - WARNING - WARNING from PE   11: socrates_init: dt_rad does not fit into one day an integer number of times
2025-03-12 05:14:03,071 - isca - DEBUG - 
2025-03-12 05:14:03,071 - isca - DEBUG - 
2025-03-12 05:14:03,071 - isca - DEBUG - 
2025-03-12 05:14:03,071 - isca - WARNING - WARNING from PE    9: socrates_init: dt_rad does not fit into one day an integer number of times
2025-03-12 05:14:03,071 - isca - DEBUG - 
2025-03-12 05:14:03,071 - isca - WARNING - WARNING from PE    8: socrates_init: dt_rad does not fit into one day an integer number of times
2025-03-12 05:14:03,071 - isca - DEBUG - 
2025-03-12 05:14:03,071 - isca - DEBUG - 
2025-03-12 05:14:03,071 - isca - WARNING - WARNING from PE   12: socrates_init: dt_rad does not fit into one day an integer number of times
2025-03-12 05:14:03,071 - isca - DEBUG - 
2025-03-12 05:14:03,071 - isca - DEBUG - 
2025-03-12 05:14:03,071 - isca - WARNING - WARNING from PE   15: socrates_init: dt_rad does not fit into one day an integer number of times
2025-03-12 05:14:03,071 - isca - DEBUG - 
2025-03-12 05:14:03,071 - isca - WARNING - WARNING from PE   10: socrates_init: dt_rad does not fit into one day an integer number of times
2025-03-12 05:14:03,071 - isca - DEBUG - 
2025-03-12 05:14:03,071 - isca - DEBUG - 
2025-03-12 05:14:03,071 - isca - DEBUG - 
2025-03-12 05:14:03,071 - isca - WARNING - WARNING from PE   14: socrates_init: dt_rad does not fit into one day an integer number of times
2025-03-12 05:14:03,071 - isca - DEBUG - 
2025-03-12 05:14:03,071 - isca - DEBUG - NOTE from PE    0: ls_cloud: Using linear cloud fraction diagnostic formula.
2025-03-12 05:14:03,072 - isca - DEBUG - 
2025-03-12 05:14:03,072 - isca - WARNING - WARNING from PE    7: socrates_init: dt_rad does not fit into one day an integer number of times
2025-03-12 05:14:03,072 - isca - DEBUG - 
2025-03-12 05:14:03,072 - isca - DEBUG - NOTE from PE    0: cloud_cover: The cloud overlap assumption is MAXIMUM-RANDOM
2025-03-12 05:14:03,086 - isca - DEBUG - NOTE from PE    0: idealized_moist_phys: Using Frierson Quasi-Equilibrium convection scheme.
2025-03-12 05:14:03,086 - isca - DEBUG - 
2025-03-12 05:14:03,086 - isca - WARNING - WARNING from PE    5: socrates_init: dt_rad does not fit into one day an integer number of times
2025-03-12 05:14:03,086 - isca - DEBUG - 
2025-03-12 05:14:03,086 - isca - WARNING - WARNING from PE    6: socrates_init: dt_rad does not fit into one day an integer number of times
2025-03-12 05:14:03,086 - isca - DEBUG - 
2025-03-12 05:14:03,086 - isca - DEBUG - 
2025-03-12 05:14:03,086 - isca - DEBUG - 
2025-03-12 05:14:03,086 - isca - WARNING - WARNING from PE    2: socrates_init: dt_rad does not fit into one day an integer number of times
2025-03-12 05:14:03,086 - isca - DEBUG - 
2025-03-12 05:14:03,086 - isca - DEBUG - 
2025-03-12 05:14:03,086 - isca - WARNING - WARNING from PE    3: socrates_init: dt_rad does not fit into one day an integer number of times
2025-03-12 05:14:03,086 - isca - DEBUG - 
2025-03-12 05:14:03,086 - isca - DEBUG - 
2025-03-12 05:14:03,086 - isca - WARNING - WARNING from PE    4: socrates_init: dt_rad does not fit into one day an integer number of times
2025-03-12 05:14:03,086 - isca - DEBUG - 
2025-03-12 05:14:03,086 - isca - DEBUG - 
2025-03-12 05:14:03,086 - isca - WARNING - WARNING from PE    1: socrates_init: dt_rad does not fit into one day an integer number of times
2025-03-12 05:14:03,086 - isca - DEBUG - 
2025-03-12 05:14:03,087 - isca - DEBUG - 
2025-03-12 05:14:03,087 - isca - WARNING - WARNING from PE    0: socrates_init: dt_rad does not fit into one day an integer number of times
2025-03-12 05:14:03,087 - isca - DEBUG - 
2025-03-12 05:14:03,087 - isca - DEBUG - 
2025-03-12 05:14:03,087 - isca - WARNING - WARNING from PE    0: socrates_init: dt_rad does not fit into one day an integer number of times
2025-03-12 05:14:03,087 - isca - DEBUG - 
2025-03-12 05:14:03,087 - isca - DEBUG - 
2025-03-12 05:14:03,087 - isca - WARNING - WARNING from PE    0: socrates_init: lw_hires_spectral_filename is unset, making equal to lw_spectral_filename
2025-03-12 05:14:03,087 - isca - DEBUG - 
2025-03-12 05:14:03,087 - isca - DEBUG - 
2025-03-12 05:14:03,087 - isca - WARNING - WARNING from PE    0: socrates_init: lw_hires_spectral_filename is unset, making equal to lw_spectral_filename
2025-03-12 05:14:03,087 - isca - DEBUG - 
2025-03-12 05:14:03,087 - isca - DEBUG - 
2025-03-12 05:14:03,087 - isca - WARNING - WARNING from PE    0: socrates_init: sw_hires_spectral_filename is unset, making equal to sw_spectral_filename
2025-03-12 05:14:03,087 - isca - DEBUG - 
2025-03-12 05:14:03,087 - isca - DEBUG - 
2025-03-12 05:14:03,087 - isca - WARNING - WARNING from PE    0: socrates_init: sw_hires_spectral_filename is unset, making equal to sw_spectral_filename
2025-03-12 05:14:03,087 - isca - DEBUG - 
2025-03-12 05:14:04,272 - isca - DEBUG - NOTE from PE    0: Interpolator: Using input file with no time dimension - ozone_1990_notime_zero.nc
2025-03-12 05:14:04,272 - isca - DEBUG - Initializing src field : ozone_1990
2025-03-12 05:14:04,274 - isca - DEBUG - 
2025-03-12 05:14:04,274 - isca - DEBUG - -----------------------------------
2025-03-12 05:14:04,274 - isca - DEBUG - ____                       _
2025-03-12 05:14:04,274 - isca - DEBUG - / ___|  ___   ___ _ __ __ _| |_ ___  ___
2025-03-12 05:14:04,274 - isca - DEBUG - \___ \ / _ \ / __|  __/ _` | __/ _ \/ __|
2025-03-12 05:14:04,274 - isca - DEBUG - ___) | (_) | (__| | | (_| | ||  __/\__ \
2025-03-12 05:14:04,274 - isca - DEBUG - |____/ \___/ \___|_|  \__,_|\__\___||___/
2025-03-12 05:14:04,274 - isca - DEBUG - 
2025-03-12 05:14:04,274 - isca - DEBUG - Initialised Socrates v17.03
2025-03-12 05:14:04,274 - isca - DEBUG - Stellar constant =    1400.00000000000
2025-03-12 05:14:04,274 - isca - DEBUG - Longwave spectral file =
2025-03-12 05:14:04,274 - isca - DEBUG - /proj/bolinc/users/x_ryabo/socrates_edited_for_isca/spectral_files_for_GCMs/Sun
2025-03-12 05:14:04,275 - isca - DEBUG - /miniSuran_lw.sf WITH           16  bands
2025-03-12 05:14:04,275 - isca - DEBUG - Longwave hires spectral file =
2025-03-12 05:14:04,275 - isca - DEBUG - /proj/bolinc/users/x_ryabo/socrates_edited_for_isca/spectral_files_for_GCMs/Sun
2025-03-12 05:14:04,275 - isca - DEBUG - /miniSuran_lw.sf WITH           16  bands
2025-03-12 05:14:04,275 - isca - DEBUG - Shortwave spectral file =
2025-03-12 05:14:04,275 - isca - DEBUG - /proj/bolinc/users/x_ryabo/socrates_edited_for_isca/spectral_files_for_GCMs/Sun
2025-03-12 05:14:04,275 - isca - DEBUG - /miniSuran_sw.sf WITH           16  bands
2025-03-12 05:14:04,275 - isca - DEBUG - Shortwave hires spectral file =
2025-03-12 05:14:04,275 - isca - DEBUG - /proj/bolinc/users/x_ryabo/socrates_edited_for_isca/spectral_files_for_GCMs/Sun
2025-03-12 05:14:04,275 - isca - DEBUG - /miniSuran_sw.sf WITH           16  bands
2025-03-12 05:14:04,275 - isca - DEBUG - 
2025-03-12 05:14:04,275 - isca - DEBUG - -----------------------------------
2025-03-12 05:14:04,275 - isca - DEBUG - 
2025-03-12 05:14:38,162 - isca - DEBUG - Integration completed through  1111 days     0 seconds
2025-03-12 05:15:12,278 - isca - DEBUG - Integration completed through  1112 days     0 seconds
2025-03-12 05:15:46,007 - isca - DEBUG - Integration completed through  1113 days     0 seconds
2025-03-12 05:16:19,181 - isca - DEBUG - Integration completed through  1114 days     0 seconds
2025-03-12 05:16:52,381 - isca - DEBUG - Integration completed through  1115 days     0 seconds
2025-03-12 05:17:25,478 - isca - DEBUG - Integration completed through  1116 days     0 seconds
2025-03-12 05:17:58,490 - isca - DEBUG - Integration completed through  1117 days     0 seconds
2025-03-12 05:18:31,365 - isca - DEBUG - Integration completed through  1118 days     0 seconds
2025-03-12 05:19:04,109 - isca - DEBUG - Integration completed through  1119 days     0 seconds
2025-03-12 05:19:36,926 - isca - DEBUG - Integration completed through  1120 days     0 seconds
2025-03-12 05:20:09,952 - isca - DEBUG - Integration completed through  1121 days     0 seconds
2025-03-12 05:20:43,161 - isca - DEBUG - Integration completed through  1122 days     0 seconds
2025-03-12 05:21:16,205 - isca - DEBUG - Integration completed through  1123 days     0 seconds
2025-03-12 05:21:49,174 - isca - DEBUG - Integration completed through  1124 days     0 seconds
2025-03-12 05:22:22,930 - isca - DEBUG - Integration completed through  1125 days     0 seconds
2025-03-12 05:22:57,210 - isca - DEBUG - Integration completed through  1126 days     0 seconds
2025-03-12 05:23:31,380 - isca - DEBUG - Integration completed through  1127 days     0 seconds
2025-03-12 05:24:05,069 - isca - DEBUG - Integration completed through  1128 days     0 seconds
2025-03-12 05:24:38,276 - isca - DEBUG - Integration completed through  1129 days     0 seconds
2025-03-12 05:25:11,387 - isca - DEBUG - Integration completed through  1130 days     0 seconds
2025-03-12 05:25:44,306 - isca - DEBUG - Integration completed through  1131 days     0 seconds
2025-03-12 05:26:17,305 - isca - DEBUG - Integration completed through  1132 days     0 seconds
2025-03-12 05:26:50,369 - isca - DEBUG - Integration completed through  1133 days     0 seconds
2025-03-12 05:27:23,322 - isca - DEBUG - Integration completed through  1134 days     0 seconds
2025-03-12 05:27:57,120 - isca - DEBUG - Integration completed through  1135 days     0 seconds
2025-03-12 05:28:31,211 - isca - DEBUG - Integration completed through  1136 days     0 seconds
2025-03-12 05:29:04,840 - isca - DEBUG - Integration completed through  1137 days     0 seconds
2025-03-12 05:29:38,063 - isca - DEBUG - Integration completed through  1138 days     0 seconds
2025-03-12 05:30:11,428 - isca - DEBUG - Integration completed through  1139 days     0 seconds
2025-03-12 05:30:44,435 - isca - DEBUG - Integration completed through  1140 days     0 seconds
2025-03-12 05:30:44,444 - isca - DEBUG - 
2025-03-12 05:30:44,444 - isca - WARNING - WARNING from PE    0: diag_util_mod::opening_file: module/field_name (socrates/soc_toa_sw_down_clr) NOT registered
2025-03-12 05:30:44,444 - isca - DEBUG - 
2025-03-12 05:30:44,444 - isca - DEBUG - 
2025-03-12 05:30:44,444 - isca - WARNING - WARNING from PE    0: diag_util_mod::opening_file: module/field_name (socrates/soc_toa_sw_down_clr) NOT registered
2025-03-12 05:30:44,445 - isca - DEBUG - 
2025-03-12 05:30:44,445 - isca - DEBUG - 
2025-03-12 05:30:44,445 - isca - WARNING - WARNING from PE    0: diag_util_mod::opening_file: module/field_name (cloud_simple/rh_min) NOT registered
2025-03-12 05:30:44,445 - isca - DEBUG - 
2025-03-12 05:30:44,445 - isca - DEBUG - 
2025-03-12 05:30:44,445 - isca - WARNING - WARNING from PE    0: diag_util_mod::opening_file: module/field_name (cloud_simple/rh_min) NOT registered
2025-03-12 05:30:44,445 - isca - DEBUG - 
2025-03-12 05:30:44,453 - isca - DEBUG - NOTE from PE    0: MPP_IO_SET_STACK_SIZE: stack size set to     327680.
2025-03-12 05:30:44,574 - isca - DEBUG - MPP_DOMAINS_STACK high water mark=       40960
2025-03-12 05:30:44,574 - isca - DEBUG - 
2025-03-12 05:30:44,574 - isca - DEBUG - Tabulating mpp_clock statistics across     16 PEs...
2025-03-12 05:30:44,574 - isca - DEBUG - 
2025-03-12 05:30:44,574 - isca - DEBUG - tmin          tmax          tavg          tstd  tfrac grain pemin pemax
2025-03-12 05:30:44,575 - isca - DEBUG - Total runtime                      1001.565691   1001.571577   1001.568972      0.001562  1.000     0     0    15
2025-03-12 05:30:44,575 - isca - DEBUG - MPP_STACK high water mark=           0
2025-03-12 05:30:44,714 - isca - INFO - Run 38 complete
2025-03-12 05:30:45,698 - isca - DEBUG - atmos_monthly.nc combined and copied to data directory
2025-03-12 05:30:49,188 - isca - INFO - Restart archive created at /proj/bolinc/users/x_ryabo/Isca-Ryan_outputs/planetb_presentdayEarth_rot0_Sun_noO3/restarts/res0038.tar.gz
2025-03-12 05:30:49,203 - isca - INFO - Writing namelist to '/proj/bolinc/users/x_ryabo/Isca-Ryan_outputs/planetb_presentdayEarth_rot0_Sun_noO3/run0038/input.nml'
2025-03-12 05:30:49,205 - isca - INFO - Writing field_table to '/proj/bolinc/users/x_ryabo/Isca-Ryan_outputs/planetb_presentdayEarth_rot0_Sun_noO3/run0038/field_table'
2025-03-12 05:30:49,219 - isca - INFO - Writing diag_table to '/proj/bolinc/users/x_ryabo/Isca-Ryan_outputs/planetb_presentdayEarth_rot0_Sun_noO3/run0038/diag_table'
2025-03-12 05:30:49,332 - isca - INFO - Emptied run directory '/home/x_ryabo/Isca-Ryan_tmp/experiment/planetb_presentdayEarth_rot0_Sun_noO3/run'
2025-03-12 05:30:49,356 - isca - INFO - Emptied run directory '/home/x_ryabo/Isca-Ryan_tmp/experiment/planetb_presentdayEarth_rot0_Sun_noO3/run'
2025-03-12 05:30:49,446 - isca - INFO - Writing namelist to '/home/x_ryabo/Isca-Ryan_tmp/experiment/planetb_presentdayEarth_rot0_Sun_noO3/run/input.nml'
2025-03-12 05:30:49,448 - isca - INFO - Writing field_table to '/home/x_ryabo/Isca-Ryan_tmp/experiment/planetb_presentdayEarth_rot0_Sun_noO3/run/field_table'
2025-03-12 05:30:49,460 - isca - INFO - Writing diag_table to '/home/x_ryabo/Isca-Ryan_tmp/experiment/planetb_presentdayEarth_rot0_Sun_noO3/run/diag_table'
2025-03-12 05:30:49,474 - isca - INFO - Using restart file '/proj/bolinc/users/x_ryabo/Isca-Ryan_outputs/planetb_presentdayEarth_rot0_Sun_noO3/restarts/res0038.tar.gz'
2025-03-12 05:30:49,885 - isca - INFO - Restart /proj/bolinc/users/x_ryabo/Isca-Ryan_outputs/planetb_presentdayEarth_rot0_Sun_noO3/restarts/res0038.tar.gz extracted to /home/x_ryabo/Isca-Ryan_tmp/experiment/planetb_presentdayEarth_rot0_Sun_noO3/run/INPUT
2025-03-12 05:30:49,885 - isca - INFO - Beginning run 39
2025-03-12 05:30:49,899 - isca - INFO - process running as 3933278
2025-03-12 05:30:49,899 - isca - DEBUG - loadmodules for Isca on NSC cluster Tetralith
2025-03-12 05:30:49,899 - isca - DEBUG - mpiifort
2025-03-12 05:30:50,001 - isca - DEBUG - The following modules were not unloaded:
2025-03-12 05:30:50,001 - isca - DEBUG - (Use "module --force purge" to unload all):
2025-03-12 05:30:50,001 - isca - DEBUG - 
2025-03-12 05:30:50,001 - isca - DEBUG - 1) hpc/.1.10.1
2025-03-12 05:30:50,101 - isca - DEBUG - ***************************************************
2025-03-12 05:30:50,101 - isca - DEBUG - You have loaded a buildenv module
2025-03-12 05:30:50,101 - isca - DEBUG - ***************************************************
2025-03-12 05:30:50,101 - isca - DEBUG - The buldenv-intel module makes available:
2025-03-12 05:30:50,101 - isca - DEBUG - - Compilers: icc, ifort, etc.
2025-03-12 05:30:50,101 - isca - DEBUG - - Mpi library with mpi-wrapped compilers: intel mpi with mpicc, mpifort, etc.
2025-03-12 05:30:50,101 - isca - DEBUG - - Numerical libraries: intel MKL
2025-03-12 05:30:50,102 - isca - DEBUG - 
2025-03-12 05:30:50,102 - isca - DEBUG - It also makes a set of dependency library modules available via
2025-03-12 05:30:50,102 - isca - DEBUG - the regular module command. Just do:
2025-03-12 05:30:50,102 - isca - DEBUG - module avail
2025-03-12 05:30:50,102 - isca - DEBUG - to see what is available.
2025-03-12 05:30:50,102 - isca - DEBUG - 
2025-03-12 05:30:50,102 - isca - DEBUG - NOTE: You shoud never load build environments inside submitted jobs.
2025-03-12 05:30:50,102 - isca - DEBUG - (with the single exception of when using supercomputer time to compile code.)
2025-03-12 05:30:50,102 - isca - DEBUG - 
2025-03-12 05:30:51,302 - isca - DEBUG - NOTE from PE    0: MPP_DOMAINS_SET_STACK_SIZE: stack size set to    32768.
2025-03-12 05:30:51,302 - isca - DEBUG - &MPP_IO_NML
2025-03-12 05:30:51,302 - isca - DEBUG - HEADER_BUFFER_VAL       =       16384,
2025-03-12 05:30:51,302 - isca - DEBUG - GLOBAL_FIELD_ON_ROOT_PE = T,
2025-03-12 05:30:51,302 - isca - DEBUG - IO_CLOCKS_ON    = F,
2025-03-12 05:30:51,302 - isca - DEBUG - SHUFFLE =           0,
2025-03-12 05:30:51,302 - isca - DEBUG - DEFLATE_LEVEL   =          -1
2025-03-12 05:30:51,303 - isca - DEBUG - /
2025-03-12 05:30:51,304 - isca - DEBUG - NOTE from PE    0: MPP_IO_SET_STACK_SIZE: stack size set to     131072.
2025-03-12 05:30:51,305 - isca - DEBUG - NOTE from PE    0: MPP_DOMAINS_SET_STACK_SIZE: stack size set to   600000.
2025-03-12 05:30:51,312 - isca - DEBUG - starting            1  OpenMP threads per MPI-task
2025-03-12 05:30:51,314 - isca - DEBUG - ATMOS MODEL DOMAIN DECOMPOSITION
2025-03-12 05:30:51,315 - isca - DEBUG - X-AXIS =  128
2025-03-12 05:30:51,315 - isca - DEBUG - Y-AXIS =    4   4   4   4   4   4   4   4   4   4   4   4   4   4   4   4
2025-03-12 05:30:51,366 - isca - DEBUG - 
2025-03-12 05:30:51,366 - isca - WARNING - WARNING from PE   14: socrates_init: dt_rad does not fit into one day an integer number of times
2025-03-12 05:30:51,366 - isca - DEBUG - 
2025-03-12 05:30:51,366 - isca - DEBUG - 
2025-03-12 05:30:51,366 - isca - WARNING - WARNING from PE   10: socrates_init: dt_rad does not fit into one day an integer number of times
2025-03-12 05:30:51,366 - isca - DEBUG - 
2025-03-12 05:30:51,366 - isca - DEBUG - 
2025-03-12 05:30:51,366 - isca - WARNING - WARNING from PE    8: socrates_init: dt_rad does not fit into one day an integer number of times
2025-03-12 05:30:51,366 - isca - DEBUG - 
2025-03-12 05:30:51,368 - isca - DEBUG - NOTE from PE    0: cloud_simple: Using SimCloud cloud scheme
2025-03-12 05:30:51,369 - isca - DEBUG - 
2025-03-12 05:30:51,369 - isca - WARNING - WARNING from PE    7: socrates_init: dt_rad does not fit into one day an integer number of times
2025-03-12 05:30:51,369 - isca - DEBUG - 
2025-03-12 05:30:51,369 - isca - DEBUG - 
2025-03-12 05:30:51,369 - isca - WARNING - WARNING from PE    9: socrates_init: dt_rad does not fit into one day an integer number of times
2025-03-12 05:30:51,369 - isca - DEBUG - 
2025-03-12 05:30:51,369 - isca - DEBUG - 
2025-03-12 05:30:51,369 - isca - WARNING - WARNING from PE   11: socrates_init: dt_rad does not fit into one day an integer number of times
2025-03-12 05:30:51,369 - isca - DEBUG - 
2025-03-12 05:30:51,369 - isca - DEBUG - 
2025-03-12 05:30:51,369 - isca - DEBUG - 
2025-03-12 05:30:51,369 - isca - WARNING - WARNING from PE   13: socrates_init: dt_rad does not fit into one day an integer number of times
2025-03-12 05:30:51,369 - isca - DEBUG - 
2025-03-12 05:30:51,369 - isca - WARNING - WARNING from PE   12: socrates_init: dt_rad does not fit into one day an integer number of times
2025-03-12 05:30:51,370 - isca - DEBUG - 
2025-03-12 05:30:51,370 - isca - DEBUG - 
2025-03-12 05:30:51,370 - isca - WARNING - WARNING from PE   15: socrates_init: dt_rad does not fit into one day an integer number of times
2025-03-12 05:30:51,370 - isca - DEBUG - 
2025-03-12 05:30:51,370 - isca - DEBUG - NOTE from PE    0: ls_cloud: Using linear cloud fraction diagnostic formula.
2025-03-12 05:30:51,370 - isca - DEBUG - NOTE from PE    0: cloud_cover: The cloud overlap assumption is MAXIMUM-RANDOM
2025-03-12 05:30:51,370 - isca - DEBUG - NOTE from PE    0: idealized_moist_phys: Using Frierson Quasi-Equilibrium convection scheme.
2025-03-12 05:30:51,374 - isca - DEBUG - 
2025-03-12 05:30:51,374 - isca - WARNING - WARNING from PE    2: socrates_init: dt_rad does not fit into one day an integer number of times
2025-03-12 05:30:51,374 - isca - DEBUG - 
2025-03-12 05:30:51,374 - isca - WARNING - WARNING from PE    6: socrates_init: dt_rad does not fit into one day an integer number of times
2025-03-12 05:30:51,374 - isca - DEBUG - 
2025-03-12 05:30:51,374 - isca - DEBUG - 
2025-03-12 05:30:51,374 - isca - DEBUG - 
2025-03-12 05:30:51,374 - isca - DEBUG - 
2025-03-12 05:30:51,374 - isca - WARNING - WARNING from PE    4: socrates_init: dt_rad does not fit into one day an integer number of times
2025-03-12 05:30:51,374 - isca - DEBUG - 
2025-03-12 05:30:51,374 - isca - WARNING - WARNING from PE    1: socrates_init: dt_rad does not fit into one day an integer number of times
2025-03-12 05:30:51,374 - isca - DEBUG - 
2025-03-12 05:30:51,374 - isca - DEBUG - 
2025-03-12 05:30:51,374 - isca - WARNING - WARNING from PE    3: socrates_init: dt_rad does not fit into one day an integer number of times
2025-03-12 05:30:51,374 - isca - DEBUG - 
2025-03-12 05:30:51,377 - isca - DEBUG - 
2025-03-12 05:30:51,377 - isca - WARNING - WARNING from PE    5: socrates_init: dt_rad does not fit into one day an integer number of times
2025-03-12 05:30:51,377 - isca - DEBUG - 
2025-03-12 05:30:51,380 - isca - DEBUG - 
2025-03-12 05:30:51,380 - isca - WARNING - WARNING from PE    0: socrates_init: dt_rad does not fit into one day an integer number of times
2025-03-12 05:30:51,380 - isca - DEBUG - 
2025-03-12 05:30:51,381 - isca - DEBUG - 
2025-03-12 05:30:51,381 - isca - WARNING - WARNING from PE    0: socrates_init: dt_rad does not fit into one day an integer number of times
2025-03-12 05:30:51,381 - isca - DEBUG - 
2025-03-12 05:30:51,381 - isca - DEBUG - 
2025-03-12 05:30:51,381 - isca - WARNING - WARNING from PE    0: socrates_init: lw_hires_spectral_filename is unset, making equal to lw_spectral_filename
2025-03-12 05:30:51,381 - isca - DEBUG - 
2025-03-12 05:30:51,381 - isca - DEBUG - 
2025-03-12 05:30:51,381 - isca - WARNING - WARNING from PE    0: socrates_init: lw_hires_spectral_filename is unset, making equal to lw_spectral_filename
2025-03-12 05:30:51,381 - isca - DEBUG - 
2025-03-12 05:30:51,381 - isca - DEBUG - 
2025-03-12 05:30:51,381 - isca - WARNING - WARNING from PE    0: socrates_init: sw_hires_spectral_filename is unset, making equal to sw_spectral_filename
2025-03-12 05:30:51,381 - isca - DEBUG - 
2025-03-12 05:30:51,381 - isca - DEBUG - 
2025-03-12 05:30:51,381 - isca - WARNING - WARNING from PE    0: socrates_init: sw_hires_spectral_filename is unset, making equal to sw_spectral_filename
2025-03-12 05:30:51,381 - isca - DEBUG - 
2025-03-12 05:30:52,565 - isca - DEBUG - NOTE from PE    0: Interpolator: Using input file with no time dimension - ozone_1990_notime_zero.nc
2025-03-12 05:30:52,565 - isca - DEBUG - Initializing src field : ozone_1990
2025-03-12 05:30:52,568 - isca - DEBUG - 
2025-03-12 05:30:52,568 - isca - DEBUG - -----------------------------------
2025-03-12 05:30:52,568 - isca - DEBUG - ____                       _
2025-03-12 05:30:52,568 - isca - DEBUG - / ___|  ___   ___ _ __ __ _| |_ ___  ___
2025-03-12 05:30:52,568 - isca - DEBUG - \___ \ / _ \ / __|  __/ _` | __/ _ \/ __|
2025-03-12 05:30:52,568 - isca - DEBUG - ___) | (_) | (__| | | (_| | ||  __/\__ \
2025-03-12 05:30:52,568 - isca - DEBUG - |____/ \___/ \___|_|  \__,_|\__\___||___/
2025-03-12 05:30:52,568 - isca - DEBUG - 
2025-03-12 05:30:52,569 - isca - DEBUG - Initialised Socrates v17.03
2025-03-12 05:30:52,569 - isca - DEBUG - Stellar constant =    1400.00000000000
2025-03-12 05:30:52,569 - isca - DEBUG - Longwave spectral file =
2025-03-12 05:30:52,569 - isca - DEBUG - /proj/bolinc/users/x_ryabo/socrates_edited_for_isca/spectral_files_for_GCMs/Sun
2025-03-12 05:30:52,569 - isca - DEBUG - /miniSuran_lw.sf WITH           16  bands
2025-03-12 05:30:52,569 - isca - DEBUG - Longwave hires spectral file =
2025-03-12 05:30:52,569 - isca - DEBUG - /proj/bolinc/users/x_ryabo/socrates_edited_for_isca/spectral_files_for_GCMs/Sun
2025-03-12 05:30:52,569 - isca - DEBUG - /miniSuran_lw.sf WITH           16  bands
2025-03-12 05:30:52,569 - isca - DEBUG - Shortwave spectral file =
2025-03-12 05:30:52,569 - isca - DEBUG - /proj/bolinc/users/x_ryabo/socrates_edited_for_isca/spectral_files_for_GCMs/Sun
2025-03-12 05:30:52,569 - isca - DEBUG - /miniSuran_sw.sf WITH           16  bands
2025-03-12 05:30:52,569 - isca - DEBUG - Shortwave hires spectral file =
2025-03-12 05:30:52,569 - isca - DEBUG - /proj/bolinc/users/x_ryabo/socrates_edited_for_isca/spectral_files_for_GCMs/Sun
2025-03-12 05:30:52,569 - isca - DEBUG - /miniSuran_sw.sf WITH           16  bands
2025-03-12 05:30:52,569 - isca - DEBUG - 
2025-03-12 05:30:52,569 - isca - DEBUG - -----------------------------------
2025-03-12 05:30:52,569 - isca - DEBUG - 
2025-03-12 05:31:25,542 - isca - DEBUG - Integration completed through  1141 days     0 seconds
2025-03-12 05:31:58,690 - isca - DEBUG - Integration completed through  1142 days     0 seconds
2025-03-12 05:32:31,988 - isca - DEBUG - Integration completed through  1143 days     0 seconds
2025-03-12 05:33:05,058 - isca - DEBUG - Integration completed through  1144 days     0 seconds
2025-03-12 05:33:38,185 - isca - DEBUG - Integration completed through  1145 days     0 seconds
2025-03-12 05:34:11,848 - isca - DEBUG - Integration completed through  1146 days     0 seconds
2025-03-12 05:34:45,608 - isca - DEBUG - Integration completed through  1147 days     0 seconds
2025-03-12 05:35:18,975 - isca - DEBUG - Integration completed through  1148 days     0 seconds
2025-03-12 05:35:52,214 - isca - DEBUG - Integration completed through  1149 days     0 seconds
2025-03-12 05:36:25,405 - isca - DEBUG - Integration completed through  1150 days     0 seconds
2025-03-12 05:36:58,504 - isca - DEBUG - Integration completed through  1151 days     0 seconds
2025-03-12 05:37:31,580 - isca - DEBUG - Integration completed through  1152 days     0 seconds
2025-03-12 05:38:04,725 - isca - DEBUG - Integration completed through  1153 days     0 seconds
2025-03-12 05:38:37,798 - isca - DEBUG - Integration completed through  1154 days     0 seconds
2025-03-12 05:39:11,120 - isca - DEBUG - Integration completed through  1155 days     0 seconds
2025-03-12 05:39:44,693 - isca - DEBUG - Integration completed through  1156 days     0 seconds
2025-03-12 05:40:18,608 - isca - DEBUG - Integration completed through  1157 days     0 seconds
2025-03-12 05:40:52,723 - isca - DEBUG - Integration completed through  1158 days     0 seconds
2025-03-12 05:41:26,765 - isca - DEBUG - Integration completed through  1159 days     0 seconds
2025-03-12 05:42:00,438 - isca - DEBUG - Integration completed through  1160 days     0 seconds
2025-03-12 05:42:33,557 - isca - DEBUG - Integration completed through  1161 days     0 seconds
2025-03-12 05:43:07,668 - isca - DEBUG - Integration completed through  1162 days     0 seconds
2025-03-12 05:43:40,984 - isca - DEBUG - Integration completed through  1163 days     0 seconds
2025-03-12 05:44:14,149 - isca - DEBUG - Integration completed through  1164 days     0 seconds
2025-03-12 05:44:47,324 - isca - DEBUG - Integration completed through  1165 days     0 seconds
2025-03-12 05:45:20,658 - isca - DEBUG - Integration completed through  1166 days     0 seconds
2025-03-12 05:45:54,534 - isca - DEBUG - Integration completed through  1167 days     0 seconds
2025-03-12 05:46:28,508 - isca - DEBUG - Integration completed through  1168 days     0 seconds
2025-03-12 05:47:02,104 - isca - DEBUG - Integration completed through  1169 days     0 seconds
2025-03-12 05:47:35,238 - isca - DEBUG - Integration completed through  1170 days     0 seconds
2025-03-12 05:47:35,246 - isca - DEBUG - 
2025-03-12 05:47:35,246 - isca - WARNING - WARNING from PE    0: diag_util_mod::opening_file: module/field_name (socrates/soc_toa_sw_down_clr) NOT registered
2025-03-12 05:47:35,246 - isca - DEBUG - 
2025-03-12 05:47:35,246 - isca - DEBUG - 
2025-03-12 05:47:35,246 - isca - WARNING - WARNING from PE    0: diag_util_mod::opening_file: module/field_name (socrates/soc_toa_sw_down_clr) NOT registered
2025-03-12 05:47:35,246 - isca - DEBUG - 
2025-03-12 05:47:35,246 - isca - DEBUG - 
2025-03-12 05:47:35,246 - isca - WARNING - WARNING from PE    0: diag_util_mod::opening_file: module/field_name (cloud_simple/rh_min) NOT registered
2025-03-12 05:47:35,246 - isca - DEBUG - 
2025-03-12 05:47:35,246 - isca - DEBUG - 
2025-03-12 05:47:35,246 - isca - WARNING - WARNING from PE    0: diag_util_mod::opening_file: module/field_name (cloud_simple/rh_min) NOT registered
2025-03-12 05:47:35,246 - isca - DEBUG - 
2025-03-12 05:47:35,256 - isca - DEBUG - NOTE from PE    0: MPP_IO_SET_STACK_SIZE: stack size set to     327680.
2025-03-12 05:47:35,372 - isca - DEBUG - MPP_DOMAINS_STACK high water mark=       40960
2025-03-12 05:47:35,372 - isca - DEBUG - 
2025-03-12 05:47:35,372 - isca - DEBUG - Tabulating mpp_clock statistics across     16 PEs...
2025-03-12 05:47:35,372 - isca - DEBUG - 
2025-03-12 05:47:35,372 - isca - DEBUG - tmin          tmax          tavg          tstd  tfrac grain pemin pemax
2025-03-12 05:47:35,373 - isca - DEBUG - Total runtime                      1004.067125   1004.073751   1004.070808      0.001651  1.000     0     0    15
2025-03-12 05:47:35,373 - isca - DEBUG - MPP_STACK high water mark=           0
2025-03-12 05:47:35,514 - isca - INFO - Run 39 complete
2025-03-12 05:47:36,378 - isca - DEBUG - atmos_monthly.nc combined and copied to data directory
2025-03-12 05:47:39,748 - isca - INFO - Restart archive created at /proj/bolinc/users/x_ryabo/Isca-Ryan_outputs/planetb_presentdayEarth_rot0_Sun_noO3/restarts/res0039.tar.gz
2025-03-12 05:47:39,763 - isca - INFO - Writing namelist to '/proj/bolinc/users/x_ryabo/Isca-Ryan_outputs/planetb_presentdayEarth_rot0_Sun_noO3/run0039/input.nml'
2025-03-12 05:47:39,765 - isca - INFO - Writing field_table to '/proj/bolinc/users/x_ryabo/Isca-Ryan_outputs/planetb_presentdayEarth_rot0_Sun_noO3/run0039/field_table'
2025-03-12 05:47:39,778 - isca - INFO - Writing diag_table to '/proj/bolinc/users/x_ryabo/Isca-Ryan_outputs/planetb_presentdayEarth_rot0_Sun_noO3/run0039/diag_table'
2025-03-12 05:47:39,894 - isca - INFO - Emptied run directory '/home/x_ryabo/Isca-Ryan_tmp/experiment/planetb_presentdayEarth_rot0_Sun_noO3/run'
2025-03-12 05:47:39,920 - isca - INFO - Emptied run directory '/home/x_ryabo/Isca-Ryan_tmp/experiment/planetb_presentdayEarth_rot0_Sun_noO3/run'
2025-03-12 05:47:40,012 - isca - INFO - Writing namelist to '/home/x_ryabo/Isca-Ryan_tmp/experiment/planetb_presentdayEarth_rot0_Sun_noO3/run/input.nml'
2025-03-12 05:47:40,014 - isca - INFO - Writing field_table to '/home/x_ryabo/Isca-Ryan_tmp/experiment/planetb_presentdayEarth_rot0_Sun_noO3/run/field_table'
2025-03-12 05:47:40,028 - isca - INFO - Writing diag_table to '/home/x_ryabo/Isca-Ryan_tmp/experiment/planetb_presentdayEarth_rot0_Sun_noO3/run/diag_table'
2025-03-12 05:47:40,043 - isca - INFO - Using restart file '/proj/bolinc/users/x_ryabo/Isca-Ryan_outputs/planetb_presentdayEarth_rot0_Sun_noO3/restarts/res0039.tar.gz'
2025-03-12 05:47:40,462 - isca - INFO - Restart /proj/bolinc/users/x_ryabo/Isca-Ryan_outputs/planetb_presentdayEarth_rot0_Sun_noO3/restarts/res0039.tar.gz extracted to /home/x_ryabo/Isca-Ryan_tmp/experiment/planetb_presentdayEarth_rot0_Sun_noO3/run/INPUT
2025-03-12 05:47:40,463 - isca - INFO - Beginning run 40
2025-03-12 05:47:40,477 - isca - INFO - process running as 3934109
2025-03-12 05:47:40,477 - isca - DEBUG - loadmodules for Isca on NSC cluster Tetralith
2025-03-12 05:47:40,477 - isca - DEBUG - mpiifort
2025-03-12 05:47:40,578 - isca - DEBUG - The following modules were not unloaded:
2025-03-12 05:47:40,579 - isca - DEBUG - (Use "module --force purge" to unload all):
2025-03-12 05:47:40,579 - isca - DEBUG - 
2025-03-12 05:47:40,579 - isca - DEBUG - 1) hpc/.1.10.1
2025-03-12 05:47:40,678 - isca - DEBUG - ***************************************************
2025-03-12 05:47:40,678 - isca - DEBUG - You have loaded a buildenv module
2025-03-12 05:47:40,678 - isca - DEBUG - ***************************************************
2025-03-12 05:47:40,678 - isca - DEBUG - The buldenv-intel module makes available:
2025-03-12 05:47:40,678 - isca - DEBUG - - Compilers: icc, ifort, etc.
2025-03-12 05:47:40,678 - isca - DEBUG - - Mpi library with mpi-wrapped compilers: intel mpi with mpicc, mpifort, etc.
2025-03-12 05:47:40,678 - isca - DEBUG - - Numerical libraries: intel MKL
2025-03-12 05:47:40,678 - isca - DEBUG - 
2025-03-12 05:47:40,678 - isca - DEBUG - It also makes a set of dependency library modules available via
2025-03-12 05:47:40,678 - isca - DEBUG - the regular module command. Just do:
2025-03-12 05:47:40,678 - isca - DEBUG - module avail
2025-03-12 05:47:40,678 - isca - DEBUG - to see what is available.
2025-03-12 05:47:40,678 - isca - DEBUG - 
2025-03-12 05:47:40,678 - isca - DEBUG - NOTE: You shoud never load build environments inside submitted jobs.
2025-03-12 05:47:40,678 - isca - DEBUG - (with the single exception of when using supercomputer time to compile code.)
2025-03-12 05:47:40,678 - isca - DEBUG - 
2025-03-12 05:47:41,896 - isca - DEBUG - NOTE from PE    0: MPP_DOMAINS_SET_STACK_SIZE: stack size set to    32768.
2025-03-12 05:47:41,896 - isca - DEBUG - &MPP_IO_NML
2025-03-12 05:47:41,896 - isca - DEBUG - HEADER_BUFFER_VAL       =       16384,
2025-03-12 05:47:41,897 - isca - DEBUG - GLOBAL_FIELD_ON_ROOT_PE = T,
2025-03-12 05:47:41,897 - isca - DEBUG - IO_CLOCKS_ON    = F,
2025-03-12 05:47:41,897 - isca - DEBUG - SHUFFLE =           0,
2025-03-12 05:47:41,897 - isca - DEBUG - DEFLATE_LEVEL   =          -1
2025-03-12 05:47:41,897 - isca - DEBUG - /
2025-03-12 05:47:41,899 - isca - DEBUG - NOTE from PE    0: MPP_IO_SET_STACK_SIZE: stack size set to     131072.
2025-03-12 05:47:41,900 - isca - DEBUG - NOTE from PE    0: MPP_DOMAINS_SET_STACK_SIZE: stack size set to   600000.
2025-03-12 05:47:41,907 - isca - DEBUG - starting            1  OpenMP threads per MPI-task
2025-03-12 05:47:41,909 - isca - DEBUG - ATMOS MODEL DOMAIN DECOMPOSITION
2025-03-12 05:47:41,910 - isca - DEBUG - X-AXIS =  128
2025-03-12 05:47:41,910 - isca - DEBUG - Y-AXIS =    4   4   4   4   4   4   4   4   4   4   4   4   4   4   4   4
2025-03-12 05:47:41,957 - isca - DEBUG - NOTE from PE    0: cloud_simple: Using SimCloud cloud scheme
2025-03-12 05:47:41,958 - isca - DEBUG - NOTE from PE    0: ls_cloud: Using linear cloud fraction diagnostic formula.
2025-03-12 05:47:41,958 - isca - DEBUG - 
2025-03-12 05:47:41,958 - isca - DEBUG - 
2025-03-12 05:47:41,958 - isca - WARNING - WARNING from PE    8: socrates_init: dt_rad does not fit into one day an integer number of times
2025-03-12 05:47:41,959 - isca - DEBUG - 
2025-03-12 05:47:41,959 - isca - DEBUG - 
2025-03-12 05:47:41,959 - isca - WARNING - WARNING from PE   12: socrates_init: dt_rad does not fit into one day an integer number of times
2025-03-12 05:47:41,959 - isca - DEBUG - 
2025-03-12 05:47:41,959 - isca - WARNING - WARNING from PE   11: socrates_init: dt_rad does not fit into one day an integer number of times
2025-03-12 05:47:41,959 - isca - DEBUG - 
2025-03-12 05:47:41,959 - isca - DEBUG - 
2025-03-12 05:47:41,959 - isca - WARNING - WARNING from PE   15: socrates_init: dt_rad does not fit into one day an integer number of times
2025-03-12 05:47:41,959 - isca - DEBUG - 
2025-03-12 05:47:41,959 - isca - DEBUG - 
2025-03-12 05:47:41,959 - isca - WARNING - WARNING from PE   14: socrates_init: dt_rad does not fit into one day an integer number of times
2025-03-12 05:47:41,981 - isca - DEBUG - 
2025-03-12 05:47:41,981 - isca - DEBUG - 
2025-03-12 05:47:41,981 - isca - DEBUG - NOTE from PE    0: cloud_cover: The cloud overlap assumption is MAXIMUM-RANDOM
2025-03-12 05:47:41,981 - isca - DEBUG - 
2025-03-12 05:47:41,981 - isca - WARNING - WARNING from PE    9: socrates_init: dt_rad does not fit into one day an integer number of times
2025-03-12 05:47:41,982 - isca - DEBUG - 
2025-03-12 05:47:41,982 - isca - WARNING - WARNING from PE   10: socrates_init: dt_rad does not fit into one day an integer number of times
2025-03-12 05:47:41,982 - isca - DEBUG - 
2025-03-12 05:47:41,982 - isca - DEBUG - NOTE from PE    0: idealized_moist_phys: Using Frierson Quasi-Equilibrium convection scheme.
2025-03-12 05:47:41,982 - isca - DEBUG - 
2025-03-12 05:47:41,982 - isca - WARNING - WARNING from PE   13: socrates_init: dt_rad does not fit into one day an integer number of times
2025-03-12 05:47:41,982 - isca - DEBUG - 
2025-03-12 05:47:41,982 - isca - DEBUG - 
2025-03-12 05:47:41,982 - isca - WARNING - WARNING from PE    7: socrates_init: dt_rad does not fit into one day an integer number of times
2025-03-12 05:47:41,982 - isca - DEBUG - 
2025-03-12 05:47:41,982 - isca - DEBUG - 
2025-03-12 05:47:41,982 - isca - DEBUG - 
2025-03-12 05:47:41,982 - isca - WARNING - WARNING from PE    1: socrates_init: dt_rad does not fit into one day an integer number of times
2025-03-12 05:47:41,982 - isca - DEBUG - 
2025-03-12 05:47:41,982 - isca - WARNING - WARNING from PE    5: socrates_init: dt_rad does not fit into one day an integer number of times
2025-03-12 05:47:41,982 - isca - DEBUG - 
2025-03-12 05:47:41,982 - isca - DEBUG - 
2025-03-12 05:47:41,982 - isca - WARNING - WARNING from PE    4: socrates_init: dt_rad does not fit into one day an integer number of times
2025-03-12 05:47:41,982 - isca - DEBUG - 
2025-03-12 05:47:41,982 - isca - DEBUG - 
2025-03-12 05:47:41,982 - isca - WARNING - WARNING from PE    2: socrates_init: dt_rad does not fit into one day an integer number of times
2025-03-12 05:47:41,982 - isca - DEBUG - 
2025-03-12 05:47:41,982 - isca - DEBUG - 
2025-03-12 05:47:41,982 - isca - WARNING - WARNING from PE    6: socrates_init: dt_rad does not fit into one day an integer number of times
2025-03-12 05:47:41,982 - isca - DEBUG - 
2025-03-12 05:47:41,982 - isca - DEBUG - 
2025-03-12 05:47:41,982 - isca - WARNING - WARNING from PE    3: socrates_init: dt_rad does not fit into one day an integer number of times
2025-03-12 05:47:41,982 - isca - DEBUG - 
2025-03-12 05:47:41,982 - isca - DEBUG - 
2025-03-12 05:47:41,983 - isca - WARNING - WARNING from PE    0: socrates_init: dt_rad does not fit into one day an integer number of times
2025-03-12 05:47:41,983 - isca - DEBUG - 
2025-03-12 05:47:41,983 - isca - DEBUG - 
2025-03-12 05:47:41,983 - isca - WARNING - WARNING from PE    0: socrates_init: dt_rad does not fit into one day an integer number of times
2025-03-12 05:47:41,983 - isca - DEBUG - 
2025-03-12 05:47:41,983 - isca - DEBUG - 
2025-03-12 05:47:41,983 - isca - WARNING - WARNING from PE    0: socrates_init: lw_hires_spectral_filename is unset, making equal to lw_spectral_filename
2025-03-12 05:47:41,983 - isca - DEBUG - 
2025-03-12 05:47:41,983 - isca - DEBUG - 
2025-03-12 05:47:41,983 - isca - WARNING - WARNING from PE    0: socrates_init: lw_hires_spectral_filename is unset, making equal to lw_spectral_filename
2025-03-12 05:47:41,983 - isca - DEBUG - 
2025-03-12 05:47:41,983 - isca - DEBUG - 
2025-03-12 05:47:41,983 - isca - WARNING - WARNING from PE    0: socrates_init: sw_hires_spectral_filename is unset, making equal to sw_spectral_filename
2025-03-12 05:47:41,983 - isca - DEBUG - 
2025-03-12 05:47:41,983 - isca - DEBUG - 
2025-03-12 05:47:41,983 - isca - WARNING - WARNING from PE    0: socrates_init: sw_hires_spectral_filename is unset, making equal to sw_spectral_filename
2025-03-12 05:47:41,983 - isca - DEBUG - 
2025-03-12 05:47:43,168 - isca - DEBUG - NOTE from PE    0: Interpolator: Using input file with no time dimension - ozone_1990_notime_zero.nc
2025-03-12 05:47:43,168 - isca - DEBUG - Initializing src field : ozone_1990
2025-03-12 05:47:43,170 - isca - DEBUG - 
2025-03-12 05:47:43,170 - isca - DEBUG - -----------------------------------
2025-03-12 05:47:43,170 - isca - DEBUG - ____                       _
2025-03-12 05:47:43,170 - isca - DEBUG - / ___|  ___   ___ _ __ __ _| |_ ___  ___
2025-03-12 05:47:43,170 - isca - DEBUG - \___ \ / _ \ / __|  __/ _` | __/ _ \/ __|
2025-03-12 05:47:43,170 - isca - DEBUG - ___) | (_) | (__| | | (_| | ||  __/\__ \
2025-03-12 05:47:43,170 - isca - DEBUG - |____/ \___/ \___|_|  \__,_|\__\___||___/
2025-03-12 05:47:43,170 - isca - DEBUG - 
2025-03-12 05:47:43,170 - isca - DEBUG - Initialised Socrates v17.03
2025-03-12 05:47:43,170 - isca - DEBUG - Stellar constant =    1400.00000000000
2025-03-12 05:47:43,170 - isca - DEBUG - Longwave spectral file =
2025-03-12 05:47:43,170 - isca - DEBUG - /proj/bolinc/users/x_ryabo/socrates_edited_for_isca/spectral_files_for_GCMs/Sun
2025-03-12 05:47:43,171 - isca - DEBUG - /miniSuran_lw.sf WITH           16  bands
2025-03-12 05:47:43,171 - isca - DEBUG - Longwave hires spectral file =
2025-03-12 05:47:43,171 - isca - DEBUG - /proj/bolinc/users/x_ryabo/socrates_edited_for_isca/spectral_files_for_GCMs/Sun
2025-03-12 05:47:43,171 - isca - DEBUG - /miniSuran_lw.sf WITH           16  bands
2025-03-12 05:47:43,171 - isca - DEBUG - Shortwave spectral file =
2025-03-12 05:47:43,171 - isca - DEBUG - /proj/bolinc/users/x_ryabo/socrates_edited_for_isca/spectral_files_for_GCMs/Sun
2025-03-12 05:47:43,171 - isca - DEBUG - /miniSuran_sw.sf WITH           16  bands
2025-03-12 05:47:43,171 - isca - DEBUG - Shortwave hires spectral file =
2025-03-12 05:47:43,171 - isca - DEBUG - /proj/bolinc/users/x_ryabo/socrates_edited_for_isca/spectral_files_for_GCMs/Sun
2025-03-12 05:47:43,171 - isca - DEBUG - /miniSuran_sw.sf WITH           16  bands
2025-03-12 05:47:43,171 - isca - DEBUG - 
2025-03-12 05:47:43,171 - isca - DEBUG - -----------------------------------
2025-03-12 05:47:43,171 - isca - DEBUG - 
2025-03-12 05:48:16,482 - isca - DEBUG - Integration completed through  1171 days     0 seconds
2025-03-12 05:48:49,682 - isca - DEBUG - Integration completed through  1172 days     0 seconds
2025-03-12 05:49:23,143 - isca - DEBUG - Integration completed through  1173 days     0 seconds
2025-03-12 05:49:57,010 - isca - DEBUG - Integration completed through  1174 days     0 seconds
2025-03-12 05:50:31,005 - isca - DEBUG - Integration completed through  1175 days     0 seconds
2025-03-12 05:51:04,923 - isca - DEBUG - Integration completed through  1176 days     0 seconds
2025-03-12 05:51:38,664 - isca - DEBUG - Integration completed through  1177 days     0 seconds
2025-03-12 05:52:12,308 - isca - DEBUG - Integration completed through  1178 days     0 seconds
2025-03-12 05:52:47,068 - isca - DEBUG - Integration completed through  1179 days     0 seconds
2025-03-12 05:53:21,479 - isca - DEBUG - Integration completed through  1180 days     0 seconds
2025-03-12 05:53:54,877 - isca - DEBUG - Integration completed through  1181 days     0 seconds
2025-03-12 05:54:27,821 - isca - DEBUG - Integration completed through  1182 days     0 seconds
2025-03-12 05:55:00,967 - isca - DEBUG - Integration completed through  1183 days     0 seconds
2025-03-12 05:55:33,972 - isca - DEBUG - Integration completed through  1184 days     0 seconds
2025-03-12 05:56:07,056 - isca - DEBUG - Integration completed through  1185 days     0 seconds
2025-03-12 05:56:41,722 - isca - DEBUG - Integration completed through  1186 days     0 seconds
2025-03-12 05:57:14,813 - isca - DEBUG - Integration completed through  1187 days     0 seconds
2025-03-12 05:57:48,011 - isca - DEBUG - Integration completed through  1188 days     0 seconds
2025-03-12 05:58:21,659 - isca - DEBUG - Integration completed through  1189 days     0 seconds
2025-03-12 05:58:55,755 - isca - DEBUG - Integration completed through  1190 days     0 seconds
2025-03-12 05:59:29,910 - isca - DEBUG - Integration completed through  1191 days     0 seconds
2025-03-12 06:00:04,067 - isca - DEBUG - Integration completed through  1192 days     0 seconds
2025-03-12 06:00:37,935 - isca - DEBUG - Integration completed through  1193 days     0 seconds
2025-03-12 06:01:11,767 - isca - DEBUG - Integration completed through  1194 days     0 seconds
2025-03-12 06:01:44,850 - isca - DEBUG - Integration completed through  1195 days     0 seconds
2025-03-12 06:02:17,872 - isca - DEBUG - Integration completed through  1196 days     0 seconds
2025-03-12 06:02:50,858 - isca - DEBUG - Integration completed through  1197 days     0 seconds
2025-03-12 06:03:23,965 - isca - DEBUG - Integration completed through  1198 days     0 seconds
2025-03-12 06:03:56,870 - isca - DEBUG - Integration completed through  1199 days     0 seconds
2025-03-12 06:04:29,895 - isca - DEBUG - Integration completed through  1200 days     0 seconds
2025-03-12 06:04:29,904 - isca - DEBUG - 
2025-03-12 06:04:29,904 - isca - WARNING - WARNING from PE    0: diag_util_mod::opening_file: module/field_name (socrates/soc_toa_sw_down_clr) NOT registered
2025-03-12 06:04:29,904 - isca - DEBUG - 
2025-03-12 06:04:29,904 - isca - DEBUG - 
2025-03-12 06:04:29,904 - isca - WARNING - WARNING from PE    0: diag_util_mod::opening_file: module/field_name (socrates/soc_toa_sw_down_clr) NOT registered
2025-03-12 06:04:29,904 - isca - DEBUG - 
2025-03-12 06:04:29,904 - isca - DEBUG - 
2025-03-12 06:04:29,904 - isca - WARNING - WARNING from PE    0: diag_util_mod::opening_file: module/field_name (cloud_simple/rh_min) NOT registered
2025-03-12 06:04:29,904 - isca - DEBUG - 
2025-03-12 06:04:29,904 - isca - DEBUG - 
2025-03-12 06:04:29,904 - isca - WARNING - WARNING from PE    0: diag_util_mod::opening_file: module/field_name (cloud_simple/rh_min) NOT registered
2025-03-12 06:04:29,904 - isca - DEBUG - 
2025-03-12 06:04:29,914 - isca - DEBUG - NOTE from PE    0: MPP_IO_SET_STACK_SIZE: stack size set to     327680.
2025-03-12 06:04:29,999 - isca - DEBUG - MPP_DOMAINS_STACK high water mark=       40960
2025-03-12 06:04:29,999 - isca - DEBUG - 
2025-03-12 06:04:29,999 - isca - DEBUG - Tabulating mpp_clock statistics across     16 PEs...
2025-03-12 06:04:29,999 - isca - DEBUG - 
2025-03-12 06:04:29,999 - isca - DEBUG - tmin          tmax          tavg          tstd  tfrac grain pemin pemax
2025-03-12 06:04:30,000 - isca - DEBUG - Total runtime                      1008.100015   1008.106518   1008.104096      0.001570  1.000     0     0    15
2025-03-12 06:04:30,000 - isca - DEBUG - MPP_STACK high water mark=           0
2025-03-12 06:04:30,195 - isca - INFO - Run 40 complete
2025-03-12 06:04:31,078 - isca - DEBUG - atmos_monthly.nc combined and copied to data directory
2025-03-12 06:04:34,484 - isca - INFO - Restart archive created at /proj/bolinc/users/x_ryabo/Isca-Ryan_outputs/planetb_presentdayEarth_rot0_Sun_noO3/restarts/res0040.tar.gz
2025-03-12 06:04:34,499 - isca - INFO - Writing namelist to '/proj/bolinc/users/x_ryabo/Isca-Ryan_outputs/planetb_presentdayEarth_rot0_Sun_noO3/run0040/input.nml'
2025-03-12 06:04:34,501 - isca - INFO - Writing field_table to '/proj/bolinc/users/x_ryabo/Isca-Ryan_outputs/planetb_presentdayEarth_rot0_Sun_noO3/run0040/field_table'
2025-03-12 06:04:34,515 - isca - INFO - Writing diag_table to '/proj/bolinc/users/x_ryabo/Isca-Ryan_outputs/planetb_presentdayEarth_rot0_Sun_noO3/run0040/diag_table'
2025-03-12 06:04:34,628 - isca - INFO - Emptied run directory '/home/x_ryabo/Isca-Ryan_tmp/experiment/planetb_presentdayEarth_rot0_Sun_noO3/run'
2025-03-12 06:04:34,655 - isca - INFO - Emptied run directory '/home/x_ryabo/Isca-Ryan_tmp/experiment/planetb_presentdayEarth_rot0_Sun_noO3/run'
2025-03-12 06:04:34,747 - isca - INFO - Writing namelist to '/home/x_ryabo/Isca-Ryan_tmp/experiment/planetb_presentdayEarth_rot0_Sun_noO3/run/input.nml'
2025-03-12 06:04:34,749 - isca - INFO - Writing field_table to '/home/x_ryabo/Isca-Ryan_tmp/experiment/planetb_presentdayEarth_rot0_Sun_noO3/run/field_table'
2025-03-12 06:04:34,762 - isca - INFO - Writing diag_table to '/home/x_ryabo/Isca-Ryan_tmp/experiment/planetb_presentdayEarth_rot0_Sun_noO3/run/diag_table'
2025-03-12 06:04:34,777 - isca - INFO - Using restart file '/proj/bolinc/users/x_ryabo/Isca-Ryan_outputs/planetb_presentdayEarth_rot0_Sun_noO3/restarts/res0040.tar.gz'
2025-03-12 06:04:35,197 - isca - INFO - Restart /proj/bolinc/users/x_ryabo/Isca-Ryan_outputs/planetb_presentdayEarth_rot0_Sun_noO3/restarts/res0040.tar.gz extracted to /home/x_ryabo/Isca-Ryan_tmp/experiment/planetb_presentdayEarth_rot0_Sun_noO3/run/INPUT
2025-03-12 06:04:35,197 - isca - INFO - Beginning run 41
2025-03-12 06:04:35,211 - isca - INFO - process running as 3935022
2025-03-12 06:04:35,211 - isca - DEBUG - loadmodules for Isca on NSC cluster Tetralith
2025-03-12 06:04:35,212 - isca - DEBUG - mpiifort
2025-03-12 06:04:35,313 - isca - DEBUG - The following modules were not unloaded:
2025-03-12 06:04:35,313 - isca - DEBUG - (Use "module --force purge" to unload all):
2025-03-12 06:04:35,313 - isca - DEBUG - 
2025-03-12 06:04:35,313 - isca - DEBUG - 1) hpc/.1.10.1
2025-03-12 06:04:35,413 - isca - DEBUG - ***************************************************
2025-03-12 06:04:35,413 - isca - DEBUG - You have loaded a buildenv module
2025-03-12 06:04:35,413 - isca - DEBUG - ***************************************************
2025-03-12 06:04:35,413 - isca - DEBUG - The buldenv-intel module makes available:
2025-03-12 06:04:35,413 - isca - DEBUG - - Compilers: icc, ifort, etc.
2025-03-12 06:04:35,413 - isca - DEBUG - - Mpi library with mpi-wrapped compilers: intel mpi with mpicc, mpifort, etc.
2025-03-12 06:04:35,413 - isca - DEBUG - - Numerical libraries: intel MKL
2025-03-12 06:04:35,413 - isca - DEBUG - 
2025-03-12 06:04:35,413 - isca - DEBUG - It also makes a set of dependency library modules available via
2025-03-12 06:04:35,413 - isca - DEBUG - the regular module command. Just do:
2025-03-12 06:04:35,413 - isca - DEBUG - module avail
2025-03-12 06:04:35,413 - isca - DEBUG - to see what is available.
2025-03-12 06:04:35,413 - isca - DEBUG - 
2025-03-12 06:04:35,413 - isca - DEBUG - NOTE: You shoud never load build environments inside submitted jobs.
2025-03-12 06:04:35,413 - isca - DEBUG - (with the single exception of when using supercomputer time to compile code.)
2025-03-12 06:04:35,413 - isca - DEBUG - 
2025-03-12 06:04:36,746 - isca - DEBUG - NOTE from PE    0: MPP_DOMAINS_SET_STACK_SIZE: stack size set to    32768.
2025-03-12 06:04:36,746 - isca - DEBUG - &MPP_IO_NML
2025-03-12 06:04:36,746 - isca - DEBUG - HEADER_BUFFER_VAL       =       16384,
2025-03-12 06:04:36,746 - isca - DEBUG - GLOBAL_FIELD_ON_ROOT_PE = T,
2025-03-12 06:04:36,746 - isca - DEBUG - IO_CLOCKS_ON    = F,
2025-03-12 06:04:36,746 - isca - DEBUG - SHUFFLE =           0,
2025-03-12 06:04:36,746 - isca - DEBUG - DEFLATE_LEVEL   =          -1
2025-03-12 06:04:36,747 - isca - DEBUG - /
2025-03-12 06:04:36,748 - isca - DEBUG - NOTE from PE    0: MPP_IO_SET_STACK_SIZE: stack size set to     131072.
2025-03-12 06:04:36,749 - isca - DEBUG - NOTE from PE    0: MPP_DOMAINS_SET_STACK_SIZE: stack size set to   600000.
2025-03-12 06:04:36,757 - isca - DEBUG - starting            1  OpenMP threads per MPI-task
2025-03-12 06:04:36,758 - isca - DEBUG - ATMOS MODEL DOMAIN DECOMPOSITION
2025-03-12 06:04:36,759 - isca - DEBUG - X-AXIS =  128
2025-03-12 06:04:36,759 - isca - DEBUG - Y-AXIS =    4   4   4   4   4   4   4   4   4   4   4   4   4   4   4   4
2025-03-12 06:04:36,805 - isca - DEBUG - 
2025-03-12 06:04:36,806 - isca - WARNING - WARNING from PE   14: socrates_init: dt_rad does not fit into one day an integer number of times
2025-03-12 06:04:36,806 - isca - DEBUG - 
2025-03-12 06:04:36,807 - isca - DEBUG - 
2025-03-12 06:04:36,807 - isca - WARNING - WARNING from PE    7: socrates_init: dt_rad does not fit into one day an integer number of times
2025-03-12 06:04:36,807 - isca - DEBUG - 
2025-03-12 06:04:36,807 - isca - DEBUG - 
2025-03-12 06:04:36,807 - isca - WARNING - WARNING from PE   10: socrates_init: dt_rad does not fit into one day an integer number of times
2025-03-12 06:04:36,807 - isca - DEBUG - 
2025-03-12 06:04:36,807 - isca - DEBUG - NOTE from PE    0: cloud_simple: Using SimCloud cloud scheme
2025-03-12 06:04:36,808 - isca - DEBUG - 
2025-03-12 06:04:36,808 - isca - DEBUG - 
2025-03-12 06:04:36,808 - isca - WARNING - WARNING from PE   15: socrates_init: dt_rad does not fit into one day an integer number of times
2025-03-12 06:04:36,808 - isca - DEBUG - 
2025-03-12 06:04:36,808 - isca - WARNING - WARNING from PE    8: socrates_init: dt_rad does not fit into one day an integer number of times
2025-03-12 06:04:36,808 - isca - DEBUG - 
2025-03-12 06:04:36,808 - isca - DEBUG - 
2025-03-12 06:04:36,808 - isca - WARNING - WARNING from PE   11: socrates_init: dt_rad does not fit into one day an integer number of times
2025-03-12 06:04:36,809 - isca - DEBUG - 
2025-03-12 06:04:36,809 - isca - DEBUG - 
2025-03-12 06:04:36,809 - isca - WARNING - WARNING from PE   12: socrates_init: dt_rad does not fit into one day an integer number of times
2025-03-12 06:04:36,809 - isca - DEBUG - 
2025-03-12 06:04:36,809 - isca - WARNING - WARNING from PE    9: socrates_init: dt_rad does not fit into one day an integer number of times
2025-03-12 06:04:36,809 - isca - DEBUG - 
2025-03-12 06:04:36,809 - isca - DEBUG - 
2025-03-12 06:04:36,809 - isca - DEBUG - 
2025-03-12 06:04:36,809 - isca - WARNING - WARNING from PE   13: socrates_init: dt_rad does not fit into one day an integer number of times
2025-03-12 06:04:36,809 - isca - DEBUG - 
2025-03-12 06:04:36,809 - isca - DEBUG - NOTE from PE    0: ls_cloud: Using linear cloud fraction diagnostic formula.
2025-03-12 06:04:36,809 - isca - DEBUG - NOTE from PE    0: cloud_cover: The cloud overlap assumption is MAXIMUM-RANDOM
2025-03-12 06:04:36,809 - isca - DEBUG - NOTE from PE    0: idealized_moist_phys: Using Frierson Quasi-Equilibrium convection scheme.
2025-03-12 06:04:36,812 - isca - DEBUG - 
2025-03-12 06:04:36,812 - isca - WARNING - WARNING from PE    6: socrates_init: dt_rad does not fit into one day an integer number of times
2025-03-12 06:04:36,812 - isca - DEBUG - 
2025-03-12 06:04:36,813 - isca - DEBUG - 
2025-03-12 06:04:36,813 - isca - WARNING - WARNING from PE    2: socrates_init: dt_rad does not fit into one day an integer number of times
2025-03-12 06:04:36,813 - isca - DEBUG - 
2025-03-12 06:04:36,813 - isca - DEBUG - 
2025-03-12 06:04:36,813 - isca - WARNING - WARNING from PE    4: socrates_init: dt_rad does not fit into one day an integer number of times
2025-03-12 06:04:36,813 - isca - DEBUG - 
2025-03-12 06:04:36,813 - isca - DEBUG - 
2025-03-12 06:04:36,813 - isca - DEBUG - 
2025-03-12 06:04:36,813 - isca - WARNING - WARNING from PE    5: socrates_init: dt_rad does not fit into one day an integer number of times
2025-03-12 06:04:36,813 - isca - DEBUG - 
2025-03-12 06:04:36,813 - isca - WARNING - WARNING from PE    3: socrates_init: dt_rad does not fit into one day an integer number of times
2025-03-12 06:04:36,813 - isca - DEBUG - 
2025-03-12 06:04:36,815 - isca - DEBUG - 
2025-03-12 06:04:36,815 - isca - WARNING - WARNING from PE    1: socrates_init: dt_rad does not fit into one day an integer number of times
2025-03-12 06:04:36,815 - isca - DEBUG - 
2025-03-12 06:04:36,819 - isca - DEBUG - 
2025-03-12 06:04:36,819 - isca - WARNING - WARNING from PE    0: socrates_init: dt_rad does not fit into one day an integer number of times
2025-03-12 06:04:36,819 - isca - DEBUG - 
2025-03-12 06:04:36,819 - isca - DEBUG - 
2025-03-12 06:04:36,819 - isca - WARNING - WARNING from PE    0: socrates_init: dt_rad does not fit into one day an integer number of times
2025-03-12 06:04:36,819 - isca - DEBUG - 
2025-03-12 06:04:36,819 - isca - DEBUG - 
2025-03-12 06:04:36,819 - isca - WARNING - WARNING from PE    0: socrates_init: lw_hires_spectral_filename is unset, making equal to lw_spectral_filename
2025-03-12 06:04:36,819 - isca - DEBUG - 
2025-03-12 06:04:36,819 - isca - DEBUG - 
2025-03-12 06:04:36,820 - isca - WARNING - WARNING from PE    0: socrates_init: lw_hires_spectral_filename is unset, making equal to lw_spectral_filename
2025-03-12 06:04:36,820 - isca - DEBUG - 
2025-03-12 06:04:36,820 - isca - DEBUG - 
2025-03-12 06:04:36,820 - isca - WARNING - WARNING from PE    0: socrates_init: sw_hires_spectral_filename is unset, making equal to sw_spectral_filename
2025-03-12 06:04:36,820 - isca - DEBUG - 
2025-03-12 06:04:36,820 - isca - DEBUG - 
2025-03-12 06:04:36,820 - isca - WARNING - WARNING from PE    0: socrates_init: sw_hires_spectral_filename is unset, making equal to sw_spectral_filename
2025-03-12 06:04:36,820 - isca - DEBUG - 
2025-03-12 06:04:38,010 - isca - DEBUG - NOTE from PE    0: Interpolator: Using input file with no time dimension - ozone_1990_notime_zero.nc
2025-03-12 06:04:38,010 - isca - DEBUG - Initializing src field : ozone_1990
2025-03-12 06:04:38,012 - isca - DEBUG - 
2025-03-12 06:04:38,012 - isca - DEBUG - -----------------------------------
2025-03-12 06:04:38,013 - isca - DEBUG - ____                       _
2025-03-12 06:04:38,013 - isca - DEBUG - / ___|  ___   ___ _ __ __ _| |_ ___  ___
2025-03-12 06:04:38,013 - isca - DEBUG - \___ \ / _ \ / __|  __/ _` | __/ _ \/ __|
2025-03-12 06:04:38,013 - isca - DEBUG - ___) | (_) | (__| | | (_| | ||  __/\__ \
2025-03-12 06:04:38,013 - isca - DEBUG - |____/ \___/ \___|_|  \__,_|\__\___||___/
2025-03-12 06:04:38,013 - isca - DEBUG - 
2025-03-12 06:04:38,013 - isca - DEBUG - Initialised Socrates v17.03
2025-03-12 06:04:38,013 - isca - DEBUG - Stellar constant =    1400.00000000000
2025-03-12 06:04:38,013 - isca - DEBUG - Longwave spectral file =
2025-03-12 06:04:38,013 - isca - DEBUG - /proj/bolinc/users/x_ryabo/socrates_edited_for_isca/spectral_files_for_GCMs/Sun
2025-03-12 06:04:38,013 - isca - DEBUG - /miniSuran_lw.sf WITH           16  bands
2025-03-12 06:04:38,013 - isca - DEBUG - Longwave hires spectral file =
2025-03-12 06:04:38,013 - isca - DEBUG - /proj/bolinc/users/x_ryabo/socrates_edited_for_isca/spectral_files_for_GCMs/Sun
2025-03-12 06:04:38,013 - isca - DEBUG - /miniSuran_lw.sf WITH           16  bands
2025-03-12 06:04:38,013 - isca - DEBUG - Shortwave spectral file =
2025-03-12 06:04:38,013 - isca - DEBUG - /proj/bolinc/users/x_ryabo/socrates_edited_for_isca/spectral_files_for_GCMs/Sun
2025-03-12 06:04:38,013 - isca - DEBUG - /miniSuran_sw.sf WITH           16  bands
2025-03-12 06:04:38,013 - isca - DEBUG - Shortwave hires spectral file =
2025-03-12 06:04:38,013 - isca - DEBUG - /proj/bolinc/users/x_ryabo/socrates_edited_for_isca/spectral_files_for_GCMs/Sun
2025-03-12 06:04:38,013 - isca - DEBUG - /miniSuran_sw.sf WITH           16  bands
2025-03-12 06:04:38,013 - isca - DEBUG - 
2025-03-12 06:04:38,014 - isca - DEBUG - -----------------------------------
2025-03-12 06:04:38,014 - isca - DEBUG - 
2025-03-12 06:05:11,314 - isca - DEBUG - Integration completed through  1201 days     0 seconds
2025-03-12 06:05:44,707 - isca - DEBUG - Integration completed through  1202 days     0 seconds
2025-03-12 06:06:18,180 - isca - DEBUG - Integration completed through  1203 days     0 seconds
2025-03-12 06:06:51,179 - isca - DEBUG - Integration completed through  1204 days     0 seconds
2025-03-12 06:07:24,107 - isca - DEBUG - Integration completed through  1205 days     0 seconds
2025-03-12 06:07:57,309 - isca - DEBUG - Integration completed through  1206 days     0 seconds
2025-03-12 06:08:31,462 - isca - DEBUG - Integration completed through  1207 days     0 seconds
2025-03-12 06:09:04,479 - isca - DEBUG - Integration completed through  1208 days     0 seconds
2025-03-12 06:09:37,604 - isca - DEBUG - Integration completed through  1209 days     0 seconds
2025-03-12 06:10:10,571 - isca - DEBUG - Integration completed through  1210 days     0 seconds
2025-03-12 06:10:43,494 - isca - DEBUG - Integration completed through  1211 days     0 seconds
2025-03-12 06:11:16,336 - isca - DEBUG - Integration completed through  1212 days     0 seconds
2025-03-12 06:11:49,070 - isca - DEBUG - Integration completed through  1213 days     0 seconds
2025-03-12 06:12:21,689 - isca - DEBUG - Integration completed through  1214 days     0 seconds
2025-03-12 06:12:54,404 - isca - DEBUG - Integration completed through  1215 days     0 seconds
2025-03-12 06:13:27,645 - isca - DEBUG - Integration completed through  1216 days     0 seconds
2025-03-12 06:14:01,099 - isca - DEBUG - Integration completed through  1217 days     0 seconds
2025-03-12 06:14:34,241 - isca - DEBUG - Integration completed through  1218 days     0 seconds
2025-03-12 06:15:06,636 - isca - DEBUG - Integration completed through  1219 days     0 seconds
2025-03-12 06:15:39,100 - isca - DEBUG - Integration completed through  1220 days     0 seconds
2025-03-12 06:16:11,606 - isca - DEBUG - Integration completed through  1221 days     0 seconds
2025-03-12 06:16:44,393 - isca - DEBUG - Integration completed through  1222 days     0 seconds
2025-03-12 06:17:17,672 - isca - DEBUG - Integration completed through  1223 days     0 seconds
2025-03-12 06:17:51,251 - isca - DEBUG - Integration completed through  1224 days     0 seconds
2025-03-12 06:18:24,826 - isca - DEBUG - Integration completed through  1225 days     0 seconds
2025-03-12 06:18:57,662 - isca - DEBUG - Integration completed through  1226 days     0 seconds
2025-03-12 06:19:30,249 - isca - DEBUG - Integration completed through  1227 days     0 seconds
2025-03-12 06:20:03,658 - isca - DEBUG - Integration completed through  1228 days     0 seconds
2025-03-12 06:20:36,519 - isca - DEBUG - Integration completed through  1229 days     0 seconds
2025-03-12 06:21:08,958 - isca - DEBUG - Integration completed through  1230 days     0 seconds
2025-03-12 06:21:08,965 - isca - DEBUG - 
2025-03-12 06:21:08,965 - isca - WARNING - WARNING from PE    0: diag_util_mod::opening_file: module/field_name (socrates/soc_toa_sw_down_clr) NOT registered
2025-03-12 06:21:08,965 - isca - DEBUG - 
2025-03-12 06:21:08,965 - isca - DEBUG - 
2025-03-12 06:21:08,965 - isca - WARNING - WARNING from PE    0: diag_util_mod::opening_file: module/field_name (socrates/soc_toa_sw_down_clr) NOT registered
2025-03-12 06:21:08,965 - isca - DEBUG - 
2025-03-12 06:21:08,965 - isca - DEBUG - 
2025-03-12 06:21:08,965 - isca - WARNING - WARNING from PE    0: diag_util_mod::opening_file: module/field_name (cloud_simple/rh_min) NOT registered
2025-03-12 06:21:08,966 - isca - DEBUG - 
2025-03-12 06:21:08,966 - isca - DEBUG - 
2025-03-12 06:21:08,966 - isca - WARNING - WARNING from PE    0: diag_util_mod::opening_file: module/field_name (cloud_simple/rh_min) NOT registered
2025-03-12 06:21:08,966 - isca - DEBUG - 
2025-03-12 06:21:08,975 - isca - DEBUG - NOTE from PE    0: MPP_IO_SET_STACK_SIZE: stack size set to     327680.
2025-03-12 06:21:09,078 - isca - DEBUG - MPP_DOMAINS_STACK high water mark=       40960
2025-03-12 06:21:09,078 - isca - DEBUG - 
2025-03-12 06:21:09,078 - isca - DEBUG - Tabulating mpp_clock statistics across     16 PEs...
2025-03-12 06:21:09,078 - isca - DEBUG - 
2025-03-12 06:21:09,078 - isca - DEBUG - tmin          tmax          tavg          tstd  tfrac grain pemin pemax
2025-03-12 06:21:09,078 - isca - DEBUG - Total runtime                       992.331515    992.337276    992.334219      0.001578  1.000     0     0    15
2025-03-12 06:21:09,079 - isca - DEBUG - MPP_STACK high water mark=           0
2025-03-12 06:21:09,280 - isca - INFO - Run 41 complete
2025-03-12 06:21:10,532 - isca - DEBUG - atmos_monthly.nc combined and copied to data directory
2025-03-12 06:21:13,850 - isca - INFO - Restart archive created at /proj/bolinc/users/x_ryabo/Isca-Ryan_outputs/planetb_presentdayEarth_rot0_Sun_noO3/restarts/res0041.tar.gz
2025-03-12 06:21:13,865 - isca - INFO - Writing namelist to '/proj/bolinc/users/x_ryabo/Isca-Ryan_outputs/planetb_presentdayEarth_rot0_Sun_noO3/run0041/input.nml'
2025-03-12 06:21:13,867 - isca - INFO - Writing field_table to '/proj/bolinc/users/x_ryabo/Isca-Ryan_outputs/planetb_presentdayEarth_rot0_Sun_noO3/run0041/field_table'
2025-03-12 06:21:13,880 - isca - INFO - Writing diag_table to '/proj/bolinc/users/x_ryabo/Isca-Ryan_outputs/planetb_presentdayEarth_rot0_Sun_noO3/run0041/diag_table'
2025-03-12 06:21:13,995 - isca - INFO - Emptied run directory '/home/x_ryabo/Isca-Ryan_tmp/experiment/planetb_presentdayEarth_rot0_Sun_noO3/run'
2025-03-12 06:21:14,020 - isca - INFO - Emptied run directory '/home/x_ryabo/Isca-Ryan_tmp/experiment/planetb_presentdayEarth_rot0_Sun_noO3/run'
2025-03-12 06:21:14,114 - isca - INFO - Writing namelist to '/home/x_ryabo/Isca-Ryan_tmp/experiment/planetb_presentdayEarth_rot0_Sun_noO3/run/input.nml'
2025-03-12 06:21:14,115 - isca - INFO - Writing field_table to '/home/x_ryabo/Isca-Ryan_tmp/experiment/planetb_presentdayEarth_rot0_Sun_noO3/run/field_table'
2025-03-12 06:21:14,129 - isca - INFO - Writing diag_table to '/home/x_ryabo/Isca-Ryan_tmp/experiment/planetb_presentdayEarth_rot0_Sun_noO3/run/diag_table'
2025-03-12 06:21:14,144 - isca - INFO - Using restart file '/proj/bolinc/users/x_ryabo/Isca-Ryan_outputs/planetb_presentdayEarth_rot0_Sun_noO3/restarts/res0041.tar.gz'
2025-03-12 06:21:14,566 - isca - INFO - Restart /proj/bolinc/users/x_ryabo/Isca-Ryan_outputs/planetb_presentdayEarth_rot0_Sun_noO3/restarts/res0041.tar.gz extracted to /home/x_ryabo/Isca-Ryan_tmp/experiment/planetb_presentdayEarth_rot0_Sun_noO3/run/INPUT
2025-03-12 06:21:14,566 - isca - INFO - Beginning run 42
2025-03-12 06:21:14,579 - isca - INFO - process running as 3935903
2025-03-12 06:21:14,580 - isca - DEBUG - loadmodules for Isca on NSC cluster Tetralith
2025-03-12 06:21:14,580 - isca - DEBUG - mpiifort
2025-03-12 06:21:14,681 - isca - DEBUG - The following modules were not unloaded:
2025-03-12 06:21:14,681 - isca - DEBUG - (Use "module --force purge" to unload all):
2025-03-12 06:21:14,681 - isca - DEBUG - 
2025-03-12 06:21:14,681 - isca - DEBUG - 1) hpc/.1.10.1
2025-03-12 06:21:14,781 - isca - DEBUG - ***************************************************
2025-03-12 06:21:14,781 - isca - DEBUG - You have loaded a buildenv module
2025-03-12 06:21:14,781 - isca - DEBUG - ***************************************************
2025-03-12 06:21:14,781 - isca - DEBUG - The buldenv-intel module makes available:
2025-03-12 06:21:14,781 - isca - DEBUG - - Compilers: icc, ifort, etc.
2025-03-12 06:21:14,781 - isca - DEBUG - - Mpi library with mpi-wrapped compilers: intel mpi with mpicc, mpifort, etc.
2025-03-12 06:21:14,781 - isca - DEBUG - - Numerical libraries: intel MKL
2025-03-12 06:21:14,781 - isca - DEBUG - 
2025-03-12 06:21:14,781 - isca - DEBUG - It also makes a set of dependency library modules available via
2025-03-12 06:21:14,781 - isca - DEBUG - the regular module command. Just do:
2025-03-12 06:21:14,781 - isca - DEBUG - module avail
2025-03-12 06:21:14,781 - isca - DEBUG - to see what is available.
2025-03-12 06:21:14,781 - isca - DEBUG - 
2025-03-12 06:21:14,781 - isca - DEBUG - NOTE: You shoud never load build environments inside submitted jobs.
2025-03-12 06:21:14,782 - isca - DEBUG - (with the single exception of when using supercomputer time to compile code.)
2025-03-12 06:21:14,782 - isca - DEBUG - 
2025-03-12 06:21:15,990 - isca - DEBUG - NOTE from PE    0: MPP_DOMAINS_SET_STACK_SIZE: stack size set to    32768.
2025-03-12 06:21:15,990 - isca - DEBUG - &MPP_IO_NML
2025-03-12 06:21:15,990 - isca - DEBUG - HEADER_BUFFER_VAL       =       16384,
2025-03-12 06:21:15,990 - isca - DEBUG - GLOBAL_FIELD_ON_ROOT_PE = T,
2025-03-12 06:21:15,990 - isca - DEBUG - IO_CLOCKS_ON    = F,
2025-03-12 06:21:15,990 - isca - DEBUG - SHUFFLE =           0,
2025-03-12 06:21:15,990 - isca - DEBUG - DEFLATE_LEVEL   =          -1
2025-03-12 06:21:15,990 - isca - DEBUG - /
2025-03-12 06:21:15,992 - isca - DEBUG - NOTE from PE    0: MPP_IO_SET_STACK_SIZE: stack size set to     131072.
2025-03-12 06:21:15,993 - isca - DEBUG - NOTE from PE    0: MPP_DOMAINS_SET_STACK_SIZE: stack size set to   600000.
2025-03-12 06:21:16,002 - isca - DEBUG - starting            1  OpenMP threads per MPI-task
2025-03-12 06:21:16,004 - isca - DEBUG - ATMOS MODEL DOMAIN DECOMPOSITION
2025-03-12 06:21:16,004 - isca - DEBUG - X-AXIS =  128
2025-03-12 06:21:16,004 - isca - DEBUG - Y-AXIS =    4   4   4   4   4   4   4   4   4   4   4   4   4   4   4   4
2025-03-12 06:21:16,053 - isca - DEBUG - 
2025-03-12 06:21:16,053 - isca - WARNING - WARNING from PE   15: socrates_init: dt_rad does not fit into one day an integer number of times
2025-03-12 06:21:16,053 - isca - DEBUG - 
2025-03-12 06:21:16,093 - isca - DEBUG - NOTE from PE    0: cloud_simple: Using SimCloud cloud scheme
2025-03-12 06:21:16,093 - isca - DEBUG - 
2025-03-12 06:21:16,093 - isca - WARNING - WARNING from PE   10: socrates_init: dt_rad does not fit into one day an integer number of times
2025-03-12 06:21:16,093 - isca - DEBUG - 
2025-03-12 06:21:16,093 - isca - DEBUG - 
2025-03-12 06:21:16,093 - isca - DEBUG - 
2025-03-12 06:21:16,093 - isca - WARNING - WARNING from PE   14: socrates_init: dt_rad does not fit into one day an integer number of times
2025-03-12 06:21:16,093 - isca - DEBUG - 
2025-03-12 06:21:16,093 - isca - DEBUG - 
2025-03-12 06:21:16,093 - isca - WARNING - WARNING from PE    9: socrates_init: dt_rad does not fit into one day an integer number of times
2025-03-12 06:21:16,093 - isca - DEBUG - 
2025-03-12 06:21:16,093 - isca - WARNING - WARNING from PE   13: socrates_init: dt_rad does not fit into one day an integer number of times
2025-03-12 06:21:16,093 - isca - DEBUG - 
2025-03-12 06:21:16,093 - isca - DEBUG - 
2025-03-12 06:21:16,093 - isca - WARNING - WARNING from PE   12: socrates_init: dt_rad does not fit into one day an integer number of times
2025-03-12 06:21:16,093 - isca - DEBUG - 
2025-03-12 06:21:16,093 - isca - DEBUG - 
2025-03-12 06:21:16,093 - isca - WARNING - WARNING from PE    8: socrates_init: dt_rad does not fit into one day an integer number of times
2025-03-12 06:21:16,093 - isca - DEBUG - 
2025-03-12 06:21:16,093 - isca - DEBUG - 
2025-03-12 06:21:16,093 - isca - WARNING - WARNING from PE    7: socrates_init: dt_rad does not fit into one day an integer number of times
2025-03-12 06:21:16,093 - isca - DEBUG - 
2025-03-12 06:21:16,093 - isca - DEBUG - NOTE from PE    0: ls_cloud: Using linear cloud fraction diagnostic formula.
2025-03-12 06:21:16,093 - isca - DEBUG - 
2025-03-12 06:21:16,093 - isca - WARNING - WARNING from PE   11: socrates_init: dt_rad does not fit into one day an integer number of times
2025-03-12 06:21:16,093 - isca - DEBUG - 
2025-03-12 06:21:16,094 - isca - DEBUG - NOTE from PE    0: cloud_cover: The cloud overlap assumption is MAXIMUM-RANDOM
2025-03-12 06:21:16,094 - isca - DEBUG - NOTE from PE    0: idealized_moist_phys: Using Frierson Quasi-Equilibrium convection scheme.
2025-03-12 06:21:16,094 - isca - DEBUG - 
2025-03-12 06:21:16,094 - isca - WARNING - WARNING from PE    4: socrates_init: dt_rad does not fit into one day an integer number of times
2025-03-12 06:21:16,094 - isca - DEBUG - 
2025-03-12 06:21:16,094 - isca - DEBUG - 
2025-03-12 06:21:16,094 - isca - WARNING - WARNING from PE    5: socrates_init: dt_rad does not fit into one day an integer number of times
2025-03-12 06:21:16,094 - isca - DEBUG - 
2025-03-12 06:21:16,094 - isca - DEBUG - 
2025-03-12 06:21:16,094 - isca - WARNING - WARNING from PE    1: socrates_init: dt_rad does not fit into one day an integer number of times
2025-03-12 06:21:16,094 - isca - DEBUG - 
2025-03-12 06:21:16,094 - isca - DEBUG - 
2025-03-12 06:21:16,094 - isca - WARNING - WARNING from PE    2: socrates_init: dt_rad does not fit into one day an integer number of times
2025-03-12 06:21:16,094 - isca - DEBUG - 
2025-03-12 06:21:16,094 - isca - DEBUG - 
2025-03-12 06:21:16,094 - isca - WARNING - WARNING from PE    6: socrates_init: dt_rad does not fit into one day an integer number of times
2025-03-12 06:21:16,094 - isca - DEBUG - 
2025-03-12 06:21:16,094 - isca - DEBUG - 
2025-03-12 06:21:16,094 - isca - WARNING - WARNING from PE    3: socrates_init: dt_rad does not fit into one day an integer number of times
2025-03-12 06:21:16,094 - isca - DEBUG - 
2025-03-12 06:21:16,094 - isca - DEBUG - 
2025-03-12 06:21:16,094 - isca - WARNING - WARNING from PE    0: socrates_init: dt_rad does not fit into one day an integer number of times
2025-03-12 06:21:16,094 - isca - DEBUG - 
2025-03-12 06:21:16,094 - isca - DEBUG - 
2025-03-12 06:21:16,094 - isca - WARNING - WARNING from PE    0: socrates_init: dt_rad does not fit into one day an integer number of times
2025-03-12 06:21:16,094 - isca - DEBUG - 
2025-03-12 06:21:16,094 - isca - DEBUG - 
2025-03-12 06:21:16,095 - isca - WARNING - WARNING from PE    0: socrates_init: lw_hires_spectral_filename is unset, making equal to lw_spectral_filename
2025-03-12 06:21:16,095 - isca - DEBUG - 
2025-03-12 06:21:16,095 - isca - DEBUG - 
2025-03-12 06:21:16,095 - isca - WARNING - WARNING from PE    0: socrates_init: lw_hires_spectral_filename is unset, making equal to lw_spectral_filename
2025-03-12 06:21:16,095 - isca - DEBUG - 
2025-03-12 06:21:16,095 - isca - DEBUG - 
2025-03-12 06:21:16,095 - isca - WARNING - WARNING from PE    0: socrates_init: sw_hires_spectral_filename is unset, making equal to sw_spectral_filename
2025-03-12 06:21:16,095 - isca - DEBUG - 
2025-03-12 06:21:16,095 - isca - DEBUG - 
2025-03-12 06:21:16,095 - isca - WARNING - WARNING from PE    0: socrates_init: sw_hires_spectral_filename is unset, making equal to sw_spectral_filename
2025-03-12 06:21:16,095 - isca - DEBUG - 
2025-03-12 06:21:17,442 - isca - DEBUG - NOTE from PE    0: Interpolator: Using input file with no time dimension - ozone_1990_notime_zero.nc
2025-03-12 06:21:17,443 - isca - DEBUG - Initializing src field : ozone_1990
2025-03-12 06:21:17,445 - isca - DEBUG - 
2025-03-12 06:21:17,446 - isca - DEBUG - -----------------------------------
2025-03-12 06:21:17,447 - isca - DEBUG - ____                       _
2025-03-12 06:21:17,447 - isca - DEBUG - / ___|  ___   ___ _ __ __ _| |_ ___  ___
2025-03-12 06:21:17,447 - isca - DEBUG - \___ \ / _ \ / __|  __/ _` | __/ _ \/ __|
2025-03-12 06:21:17,447 - isca - DEBUG - ___) | (_) | (__| | | (_| | ||  __/\__ \
2025-03-12 06:21:17,447 - isca - DEBUG - |____/ \___/ \___|_|  \__,_|\__\___||___/
2025-03-12 06:21:17,447 - isca - DEBUG - 
2025-03-12 06:21:17,447 - isca - DEBUG - Initialised Socrates v17.03
2025-03-12 06:21:17,447 - isca - DEBUG - Stellar constant =    1400.00000000000
2025-03-12 06:21:17,447 - isca - DEBUG - Longwave spectral file =
2025-03-12 06:21:17,447 - isca - DEBUG - /proj/bolinc/users/x_ryabo/socrates_edited_for_isca/spectral_files_for_GCMs/Sun
2025-03-12 06:21:17,447 - isca - DEBUG - /miniSuran_lw.sf WITH           16  bands
2025-03-12 06:21:17,447 - isca - DEBUG - Longwave hires spectral file =
2025-03-12 06:21:17,447 - isca - DEBUG - /proj/bolinc/users/x_ryabo/socrates_edited_for_isca/spectral_files_for_GCMs/Sun
2025-03-12 06:21:17,447 - isca - DEBUG - /miniSuran_lw.sf WITH           16  bands
2025-03-12 06:21:17,447 - isca - DEBUG - Shortwave spectral file =
2025-03-12 06:21:17,447 - isca - DEBUG - /proj/bolinc/users/x_ryabo/socrates_edited_for_isca/spectral_files_for_GCMs/Sun
2025-03-12 06:21:17,447 - isca - DEBUG - /miniSuran_sw.sf WITH           16  bands
2025-03-12 06:21:17,447 - isca - DEBUG - Shortwave hires spectral file =
2025-03-12 06:21:17,447 - isca - DEBUG - /proj/bolinc/users/x_ryabo/socrates_edited_for_isca/spectral_files_for_GCMs/Sun
2025-03-12 06:21:17,447 - isca - DEBUG - /miniSuran_sw.sf WITH           16  bands
2025-03-12 06:21:17,447 - isca - DEBUG - 
2025-03-12 06:21:17,447 - isca - DEBUG - -----------------------------------
2025-03-12 06:21:17,447 - isca - DEBUG - 
2025-03-12 06:21:50,329 - isca - DEBUG - Integration completed through  1231 days     0 seconds
2025-03-12 06:22:23,103 - isca - DEBUG - Integration completed through  1232 days     0 seconds
2025-03-12 06:22:55,746 - isca - DEBUG - Integration completed through  1233 days     0 seconds
2025-03-12 06:23:28,504 - isca - DEBUG - Integration completed through  1234 days     0 seconds
2025-03-12 06:24:01,451 - isca - DEBUG - Integration completed through  1235 days     0 seconds
2025-03-12 06:24:34,846 - isca - DEBUG - Integration completed through  1236 days     0 seconds
2025-03-12 06:25:08,364 - isca - DEBUG - Integration completed through  1237 days     0 seconds
2025-03-12 06:25:42,046 - isca - DEBUG - Integration completed through  1238 days     0 seconds
2025-03-12 06:26:15,825 - isca - DEBUG - Integration completed through  1239 days     0 seconds
2025-03-12 06:26:49,263 - isca - DEBUG - Integration completed through  1240 days     0 seconds
2025-03-12 06:27:22,925 - isca - DEBUG - Integration completed through  1241 days     0 seconds
2025-03-12 06:27:55,979 - isca - DEBUG - Integration completed through  1242 days     0 seconds
2025-03-12 06:28:28,675 - isca - DEBUG - Integration completed through  1243 days     0 seconds
2025-03-12 06:29:02,148 - isca - DEBUG - Integration completed through  1244 days     0 seconds
2025-03-12 06:29:35,522 - isca - DEBUG - Integration completed through  1245 days     0 seconds
2025-03-12 06:30:08,381 - isca - DEBUG - Integration completed through  1246 days     0 seconds
2025-03-12 06:30:41,539 - isca - DEBUG - Integration completed through  1247 days     0 seconds
2025-03-12 06:31:14,296 - isca - DEBUG - Integration completed through  1248 days     0 seconds
2025-03-12 06:31:47,311 - isca - DEBUG - Integration completed through  1249 days     0 seconds
2025-03-12 06:32:20,130 - isca - DEBUG - Integration completed through  1250 days     0 seconds
2025-03-12 06:32:52,890 - isca - DEBUG - Integration completed through  1251 days     0 seconds
2025-03-12 06:33:25,541 - isca - DEBUG - Integration completed through  1252 days     0 seconds
2025-03-12 06:33:58,218 - isca - DEBUG - Integration completed through  1253 days     0 seconds
2025-03-12 06:34:31,114 - isca - DEBUG - Integration completed through  1254 days     0 seconds
2025-03-12 06:35:04,183 - isca - DEBUG - Integration completed through  1255 days     0 seconds
2025-03-12 06:35:37,262 - isca - DEBUG - Integration completed through  1256 days     0 seconds
2025-03-12 06:36:10,399 - isca - DEBUG - Integration completed through  1257 days     0 seconds
2025-03-12 06:36:43,777 - isca - DEBUG - Integration completed through  1258 days     0 seconds
2025-03-12 06:37:17,651 - isca - DEBUG - Integration completed through  1259 days     0 seconds
2025-03-12 06:37:51,589 - isca - DEBUG - Integration completed through  1260 days     0 seconds
2025-03-12 06:37:51,596 - isca - DEBUG - 
2025-03-12 06:37:51,597 - isca - WARNING - WARNING from PE    0: diag_util_mod::opening_file: module/field_name (socrates/soc_toa_sw_down_clr) NOT registered
2025-03-12 06:37:51,597 - isca - DEBUG - 
2025-03-12 06:37:51,597 - isca - DEBUG - 
2025-03-12 06:37:51,597 - isca - WARNING - WARNING from PE    0: diag_util_mod::opening_file: module/field_name (socrates/soc_toa_sw_down_clr) NOT registered
2025-03-12 06:37:51,597 - isca - DEBUG - 
2025-03-12 06:37:51,598 - isca - DEBUG - 
2025-03-12 06:37:51,598 - isca - WARNING - WARNING from PE    0: diag_util_mod::opening_file: module/field_name (cloud_simple/rh_min) NOT registered
2025-03-12 06:37:51,598 - isca - DEBUG - 
2025-03-12 06:37:51,598 - isca - DEBUG - 
2025-03-12 06:37:51,598 - isca - WARNING - WARNING from PE    0: diag_util_mod::opening_file: module/field_name (cloud_simple/rh_min) NOT registered
2025-03-12 06:37:51,598 - isca - DEBUG - 
2025-03-12 06:37:51,607 - isca - DEBUG - NOTE from PE    0: MPP_IO_SET_STACK_SIZE: stack size set to     327680.
2025-03-12 06:37:51,743 - isca - DEBUG - MPP_DOMAINS_STACK high water mark=       40960
2025-03-12 06:37:51,743 - isca - DEBUG - 
2025-03-12 06:37:51,744 - isca - DEBUG - Tabulating mpp_clock statistics across     16 PEs...
2025-03-12 06:37:51,744 - isca - DEBUG - 
2025-03-12 06:37:51,744 - isca - DEBUG - tmin          tmax          tavg          tstd  tfrac grain pemin pemax
2025-03-12 06:37:51,744 - isca - DEBUG - Total runtime                       995.752520    995.757293    995.754500      0.001581  1.000     0     0    15
2025-03-12 06:37:51,745 - isca - DEBUG - MPP_STACK high water mark=           0
2025-03-12 06:37:51,922 - isca - INFO - Run 42 complete
2025-03-12 06:37:52,792 - isca - DEBUG - atmos_monthly.nc combined and copied to data directory
2025-03-12 06:37:56,067 - isca - INFO - Restart archive created at /proj/bolinc/users/x_ryabo/Isca-Ryan_outputs/planetb_presentdayEarth_rot0_Sun_noO3/restarts/res0042.tar.gz
2025-03-12 06:37:56,083 - isca - INFO - Writing namelist to '/proj/bolinc/users/x_ryabo/Isca-Ryan_outputs/planetb_presentdayEarth_rot0_Sun_noO3/run0042/input.nml'
2025-03-12 06:37:56,085 - isca - INFO - Writing field_table to '/proj/bolinc/users/x_ryabo/Isca-Ryan_outputs/planetb_presentdayEarth_rot0_Sun_noO3/run0042/field_table'
2025-03-12 06:37:56,099 - isca - INFO - Writing diag_table to '/proj/bolinc/users/x_ryabo/Isca-Ryan_outputs/planetb_presentdayEarth_rot0_Sun_noO3/run0042/diag_table'
2025-03-12 06:37:56,214 - isca - INFO - Emptied run directory '/home/x_ryabo/Isca-Ryan_tmp/experiment/planetb_presentdayEarth_rot0_Sun_noO3/run'
2025-03-12 06:37:56,242 - isca - INFO - Emptied run directory '/home/x_ryabo/Isca-Ryan_tmp/experiment/planetb_presentdayEarth_rot0_Sun_noO3/run'
2025-03-12 06:37:56,335 - isca - INFO - Writing namelist to '/home/x_ryabo/Isca-Ryan_tmp/experiment/planetb_presentdayEarth_rot0_Sun_noO3/run/input.nml'
2025-03-12 06:37:56,336 - isca - INFO - Writing field_table to '/home/x_ryabo/Isca-Ryan_tmp/experiment/planetb_presentdayEarth_rot0_Sun_noO3/run/field_table'
2025-03-12 06:37:56,349 - isca - INFO - Writing diag_table to '/home/x_ryabo/Isca-Ryan_tmp/experiment/planetb_presentdayEarth_rot0_Sun_noO3/run/diag_table'
2025-03-12 06:37:56,365 - isca - INFO - Using restart file '/proj/bolinc/users/x_ryabo/Isca-Ryan_outputs/planetb_presentdayEarth_rot0_Sun_noO3/restarts/res0042.tar.gz'
2025-03-12 06:37:56,784 - isca - INFO - Restart /proj/bolinc/users/x_ryabo/Isca-Ryan_outputs/planetb_presentdayEarth_rot0_Sun_noO3/restarts/res0042.tar.gz extracted to /home/x_ryabo/Isca-Ryan_tmp/experiment/planetb_presentdayEarth_rot0_Sun_noO3/run/INPUT
2025-03-12 06:37:56,784 - isca - INFO - Beginning run 43
2025-03-12 06:37:56,798 - isca - INFO - process running as 3936715
2025-03-12 06:37:56,798 - isca - DEBUG - loadmodules for Isca on NSC cluster Tetralith
2025-03-12 06:37:56,798 - isca - DEBUG - mpiifort
2025-03-12 06:37:56,900 - isca - DEBUG - The following modules were not unloaded:
2025-03-12 06:37:56,900 - isca - DEBUG - (Use "module --force purge" to unload all):
2025-03-12 06:37:56,900 - isca - DEBUG - 
2025-03-12 06:37:56,900 - isca - DEBUG - 1) hpc/.1.10.1
2025-03-12 06:37:56,999 - isca - DEBUG - ***************************************************
2025-03-12 06:37:56,999 - isca - DEBUG - You have loaded a buildenv module
2025-03-12 06:37:56,999 - isca - DEBUG - ***************************************************
2025-03-12 06:37:56,999 - isca - DEBUG - The buldenv-intel module makes available:
2025-03-12 06:37:56,999 - isca - DEBUG - - Compilers: icc, ifort, etc.
2025-03-12 06:37:56,999 - isca - DEBUG - - Mpi library with mpi-wrapped compilers: intel mpi with mpicc, mpifort, etc.
2025-03-12 06:37:56,999 - isca - DEBUG - - Numerical libraries: intel MKL
2025-03-12 06:37:56,999 - isca - DEBUG - 
2025-03-12 06:37:56,999 - isca - DEBUG - It also makes a set of dependency library modules available via
2025-03-12 06:37:56,999 - isca - DEBUG - the regular module command. Just do:
2025-03-12 06:37:56,999 - isca - DEBUG - module avail
2025-03-12 06:37:56,999 - isca - DEBUG - to see what is available.
2025-03-12 06:37:56,999 - isca - DEBUG - 
2025-03-12 06:37:56,999 - isca - DEBUG - NOTE: You shoud never load build environments inside submitted jobs.
2025-03-12 06:37:56,999 - isca - DEBUG - (with the single exception of when using supercomputer time to compile code.)
2025-03-12 06:37:56,999 - isca - DEBUG - 
2025-03-12 06:38:01,753 - isca - DEBUG - NOTE from PE    0: MPP_DOMAINS_SET_STACK_SIZE: stack size set to    32768.
2025-03-12 06:38:01,753 - isca - DEBUG - &MPP_IO_NML
2025-03-12 06:38:01,753 - isca - DEBUG - HEADER_BUFFER_VAL       =       16384,
2025-03-12 06:38:01,753 - isca - DEBUG - GLOBAL_FIELD_ON_ROOT_PE = T,
2025-03-12 06:38:01,753 - isca - DEBUG - IO_CLOCKS_ON    = F,
2025-03-12 06:38:01,753 - isca - DEBUG - SHUFFLE =           0,
2025-03-12 06:38:01,753 - isca - DEBUG - DEFLATE_LEVEL   =          -1
2025-03-12 06:38:01,753 - isca - DEBUG - /
2025-03-12 06:38:01,755 - isca - DEBUG - NOTE from PE    0: MPP_IO_SET_STACK_SIZE: stack size set to     131072.
2025-03-12 06:38:01,756 - isca - DEBUG - NOTE from PE    0: MPP_DOMAINS_SET_STACK_SIZE: stack size set to   600000.
2025-03-12 06:38:01,764 - isca - DEBUG - starting            1  OpenMP threads per MPI-task
2025-03-12 06:38:01,766 - isca - DEBUG - ATMOS MODEL DOMAIN DECOMPOSITION
2025-03-12 06:38:01,766 - isca - DEBUG - X-AXIS =  128
2025-03-12 06:38:01,766 - isca - DEBUG - Y-AXIS =    4   4   4   4   4   4   4   4   4   4   4   4   4   4   4   4
2025-03-12 06:38:01,813 - isca - DEBUG - NOTE from PE    0: cloud_simple: Using SimCloud cloud scheme
2025-03-12 06:38:01,814 - isca - DEBUG - NOTE from PE    0: ls_cloud: Using linear cloud fraction diagnostic formula.
2025-03-12 06:38:01,814 - isca - DEBUG - NOTE from PE    0: cloud_cover: The cloud overlap assumption is MAXIMUM-RANDOM
2025-03-12 06:38:01,815 - isca - DEBUG - NOTE from PE    0: idealized_moist_phys: Using Frierson Quasi-Equilibrium convection scheme.
2025-03-12 06:38:01,816 - isca - DEBUG - 
2025-03-12 06:38:01,816 - isca - DEBUG - 
2025-03-12 06:38:01,816 - isca - WARNING - WARNING from PE    9: socrates_init: dt_rad does not fit into one day an integer number of times
2025-03-12 06:38:01,816 - isca - DEBUG - 
2025-03-12 06:38:01,816 - isca - WARNING - WARNING from PE    7: socrates_init: dt_rad does not fit into one day an integer number of times
2025-03-12 06:38:01,816 - isca - DEBUG - 
2025-03-12 06:38:01,816 - isca - DEBUG - 
2025-03-12 06:38:01,816 - isca - WARNING - WARNING from PE   13: socrates_init: dt_rad does not fit into one day an integer number of times
2025-03-12 06:38:01,816 - isca - DEBUG - 
2025-03-12 06:38:01,816 - isca - DEBUG - 
2025-03-12 06:38:01,816 - isca - DEBUG - 
2025-03-12 06:38:01,816 - isca - WARNING - WARNING from PE   15: socrates_init: dt_rad does not fit into one day an integer number of times
2025-03-12 06:38:01,816 - isca - DEBUG - 
2025-03-12 06:38:01,816 - isca - WARNING - WARNING from PE   14: socrates_init: dt_rad does not fit into one day an integer number of times
2025-03-12 06:38:01,816 - isca - DEBUG - 
2025-03-12 06:38:01,816 - isca - DEBUG - 
2025-03-12 06:38:01,816 - isca - WARNING - WARNING from PE   12: socrates_init: dt_rad does not fit into one day an integer number of times
2025-03-12 06:38:01,816 - isca - DEBUG - 
2025-03-12 06:38:01,816 - isca - DEBUG - 
2025-03-12 06:38:01,816 - isca - WARNING - WARNING from PE   10: socrates_init: dt_rad does not fit into one day an integer number of times
2025-03-12 06:38:01,816 - isca - DEBUG - 
2025-03-12 06:38:01,816 - isca - DEBUG - 
2025-03-12 06:38:01,817 - isca - DEBUG - 
2025-03-12 06:38:01,817 - isca - WARNING - WARNING from PE    8: socrates_init: dt_rad does not fit into one day an integer number of times
2025-03-12 06:38:01,817 - isca - DEBUG - 
2025-03-12 06:38:01,817 - isca - WARNING - WARNING from PE   11: socrates_init: dt_rad does not fit into one day an integer number of times
2025-03-12 06:38:01,817 - isca - DEBUG - 
2025-03-12 06:38:01,818 - isca - DEBUG - 
2025-03-12 06:38:01,818 - isca - DEBUG - 
2025-03-12 06:38:01,818 - isca - WARNING - WARNING from PE    4: socrates_init: dt_rad does not fit into one day an integer number of times
2025-03-12 06:38:01,818 - isca - DEBUG - 
2025-03-12 06:38:01,818 - isca - WARNING - WARNING from PE    2: socrates_init: dt_rad does not fit into one day an integer number of times
2025-03-12 06:38:01,818 - isca - DEBUG - 
2025-03-12 06:38:01,818 - isca - DEBUG - 
2025-03-12 06:38:01,818 - isca - WARNING - WARNING from PE    3: socrates_init: dt_rad does not fit into one day an integer number of times
2025-03-12 06:38:01,818 - isca - DEBUG - 
2025-03-12 06:38:01,818 - isca - DEBUG - 
2025-03-12 06:38:01,818 - isca - WARNING - WARNING from PE    6: socrates_init: dt_rad does not fit into one day an integer number of times
2025-03-12 06:38:01,818 - isca - DEBUG - 
2025-03-12 06:38:01,818 - isca - DEBUG - 
2025-03-12 06:38:01,818 - isca - WARNING - WARNING from PE    5: socrates_init: dt_rad does not fit into one day an integer number of times
2025-03-12 06:38:01,819 - isca - DEBUG - 
2025-03-12 06:38:01,821 - isca - DEBUG - 
2025-03-12 06:38:01,821 - isca - WARNING - WARNING from PE    1: socrates_init: dt_rad does not fit into one day an integer number of times
2025-03-12 06:38:01,822 - isca - DEBUG - 
2025-03-12 06:38:01,825 - isca - DEBUG - 
2025-03-12 06:38:01,825 - isca - WARNING - WARNING from PE    0: socrates_init: dt_rad does not fit into one day an integer number of times
2025-03-12 06:38:01,825 - isca - DEBUG - 
2025-03-12 06:38:01,825 - isca - DEBUG - 
2025-03-12 06:38:01,825 - isca - WARNING - WARNING from PE    0: socrates_init: dt_rad does not fit into one day an integer number of times
2025-03-12 06:38:01,825 - isca - DEBUG - 
2025-03-12 06:38:01,825 - isca - DEBUG - 
2025-03-12 06:38:01,825 - isca - WARNING - WARNING from PE    0: socrates_init: lw_hires_spectral_filename is unset, making equal to lw_spectral_filename
2025-03-12 06:38:01,825 - isca - DEBUG - 
2025-03-12 06:38:01,825 - isca - DEBUG - 
2025-03-12 06:38:01,825 - isca - WARNING - WARNING from PE    0: socrates_init: lw_hires_spectral_filename is unset, making equal to lw_spectral_filename
2025-03-12 06:38:01,825 - isca - DEBUG - 
2025-03-12 06:38:01,825 - isca - DEBUG - 
2025-03-12 06:38:01,826 - isca - WARNING - WARNING from PE    0: socrates_init: sw_hires_spectral_filename is unset, making equal to sw_spectral_filename
2025-03-12 06:38:01,826 - isca - DEBUG - 
2025-03-12 06:38:01,826 - isca - DEBUG - 
2025-03-12 06:38:01,826 - isca - WARNING - WARNING from PE    0: socrates_init: sw_hires_spectral_filename is unset, making equal to sw_spectral_filename
2025-03-12 06:38:01,826 - isca - DEBUG - 
2025-03-12 06:38:03,019 - isca - DEBUG - NOTE from PE    0: Interpolator: Using input file with no time dimension - ozone_1990_notime_zero.nc
2025-03-12 06:38:03,019 - isca - DEBUG - Initializing src field : ozone_1990
2025-03-12 06:38:03,022 - isca - DEBUG - 
2025-03-12 06:38:03,022 - isca - DEBUG - -----------------------------------
2025-03-12 06:38:03,022 - isca - DEBUG - ____                       _
2025-03-12 06:38:03,022 - isca - DEBUG - / ___|  ___   ___ _ __ __ _| |_ ___  ___
2025-03-12 06:38:03,022 - isca - DEBUG - \___ \ / _ \ / __|  __/ _` | __/ _ \/ __|
2025-03-12 06:38:03,022 - isca - DEBUG - ___) | (_) | (__| | | (_| | ||  __/\__ \
2025-03-12 06:38:03,022 - isca - DEBUG - |____/ \___/ \___|_|  \__,_|\__\___||___/
2025-03-12 06:38:03,022 - isca - DEBUG - 
2025-03-12 06:38:03,022 - isca - DEBUG - Initialised Socrates v17.03
2025-03-12 06:38:03,022 - isca - DEBUG - Stellar constant =    1400.00000000000
2025-03-12 06:38:03,022 - isca - DEBUG - Longwave spectral file =
2025-03-12 06:38:03,022 - isca - DEBUG - /proj/bolinc/users/x_ryabo/socrates_edited_for_isca/spectral_files_for_GCMs/Sun
2025-03-12 06:38:03,022 - isca - DEBUG - /miniSuran_lw.sf WITH           16  bands
2025-03-12 06:38:03,022 - isca - DEBUG - Longwave hires spectral file =
2025-03-12 06:38:03,022 - isca - DEBUG - /proj/bolinc/users/x_ryabo/socrates_edited_for_isca/spectral_files_for_GCMs/Sun
2025-03-12 06:38:03,022 - isca - DEBUG - /miniSuran_lw.sf WITH           16  bands
2025-03-12 06:38:03,022 - isca - DEBUG - Shortwave spectral file =
2025-03-12 06:38:03,022 - isca - DEBUG - /proj/bolinc/users/x_ryabo/socrates_edited_for_isca/spectral_files_for_GCMs/Sun
2025-03-12 06:38:03,022 - isca - DEBUG - /miniSuran_sw.sf WITH           16  bands
2025-03-12 06:38:03,022 - isca - DEBUG - Shortwave hires spectral file =
2025-03-12 06:38:03,023 - isca - DEBUG - /proj/bolinc/users/x_ryabo/socrates_edited_for_isca/spectral_files_for_GCMs/Sun
2025-03-12 06:38:03,023 - isca - DEBUG - /miniSuran_sw.sf WITH           16  bands
2025-03-12 06:38:03,023 - isca - DEBUG - 
2025-03-12 06:38:03,023 - isca - DEBUG - -----------------------------------
2025-03-12 06:38:03,023 - isca - DEBUG - 
2025-03-12 06:38:36,888 - isca - DEBUG - Integration completed through  1261 days     0 seconds
2025-03-12 06:39:10,614 - isca - DEBUG - Integration completed through  1262 days     0 seconds
2025-03-12 06:39:43,970 - isca - DEBUG - Integration completed through  1263 days     0 seconds
2025-03-12 06:40:16,775 - isca - DEBUG - Integration completed through  1264 days     0 seconds
2025-03-12 06:40:49,532 - isca - DEBUG - Integration completed through  1265 days     0 seconds
2025-03-12 06:41:22,251 - isca - DEBUG - Integration completed through  1266 days     0 seconds
2025-03-12 06:41:55,284 - isca - DEBUG - Integration completed through  1267 days     0 seconds
2025-03-12 06:42:28,381 - isca - DEBUG - Integration completed through  1268 days     0 seconds
2025-03-12 06:43:01,259 - isca - DEBUG - Integration completed through  1269 days     0 seconds
2025-03-12 06:43:33,894 - isca - DEBUG - Integration completed through  1270 days     0 seconds
2025-03-12 06:44:06,700 - isca - DEBUG - Integration completed through  1271 days     0 seconds
2025-03-12 06:44:39,568 - isca - DEBUG - Integration completed through  1272 days     0 seconds
2025-03-12 06:45:12,796 - isca - DEBUG - Integration completed through  1273 days     0 seconds
2025-03-12 06:45:46,379 - isca - DEBUG - Integration completed through  1274 days     0 seconds
2025-03-12 06:46:20,276 - isca - DEBUG - Integration completed through  1275 days     0 seconds
2025-03-12 06:46:53,811 - isca - DEBUG - Integration completed through  1276 days     0 seconds
2025-03-12 06:47:27,421 - isca - DEBUG - Integration completed through  1277 days     0 seconds
2025-03-12 06:48:00,624 - isca - DEBUG - Integration completed through  1278 days     0 seconds
2025-03-12 06:48:33,723 - isca - DEBUG - Integration completed through  1279 days     0 seconds
2025-03-12 06:49:06,883 - isca - DEBUG - Integration completed through  1280 days     0 seconds
2025-03-12 06:49:39,744 - isca - DEBUG - Integration completed through  1281 days     0 seconds
2025-03-12 06:50:12,720 - isca - DEBUG - Integration completed through  1282 days     0 seconds
2025-03-12 06:50:46,037 - isca - DEBUG - Integration completed through  1283 days     0 seconds
2025-03-12 06:51:19,335 - isca - DEBUG - Integration completed through  1284 days     0 seconds
2025-03-12 06:51:52,588 - isca - DEBUG - Integration completed through  1285 days     0 seconds
2025-03-12 06:52:25,418 - isca - DEBUG - Integration completed through  1286 days     0 seconds
2025-03-12 06:52:58,388 - isca - DEBUG - Integration completed through  1287 days     0 seconds
2025-03-12 06:53:32,036 - isca - DEBUG - Integration completed through  1288 days     0 seconds
2025-03-12 06:54:05,609 - isca - DEBUG - Integration completed through  1289 days     0 seconds
2025-03-12 06:54:38,637 - isca - DEBUG - Integration completed through  1290 days     0 seconds
2025-03-12 06:54:38,645 - isca - DEBUG - 
2025-03-12 06:54:38,645 - isca - WARNING - WARNING from PE    0: diag_util_mod::opening_file: module/field_name (socrates/soc_toa_sw_down_clr) NOT registered
2025-03-12 06:54:38,645 - isca - DEBUG - 
2025-03-12 06:54:38,645 - isca - DEBUG - 
2025-03-12 06:54:38,645 - isca - WARNING - WARNING from PE    0: diag_util_mod::opening_file: module/field_name (socrates/soc_toa_sw_down_clr) NOT registered
2025-03-12 06:54:38,645 - isca - DEBUG - 
2025-03-12 06:54:38,645 - isca - DEBUG - 
2025-03-12 06:54:38,645 - isca - WARNING - WARNING from PE    0: diag_util_mod::opening_file: module/field_name (cloud_simple/rh_min) NOT registered
2025-03-12 06:54:38,645 - isca - DEBUG - 
2025-03-12 06:54:38,645 - isca - DEBUG - 
2025-03-12 06:54:38,645 - isca - WARNING - WARNING from PE    0: diag_util_mod::opening_file: module/field_name (cloud_simple/rh_min) NOT registered
2025-03-12 06:54:38,645 - isca - DEBUG - 
2025-03-12 06:54:38,655 - isca - DEBUG - NOTE from PE    0: MPP_IO_SET_STACK_SIZE: stack size set to     327680.
2025-03-12 06:54:38,768 - isca - DEBUG - MPP_DOMAINS_STACK high water mark=       40960
2025-03-12 06:54:38,768 - isca - DEBUG - 
2025-03-12 06:54:38,768 - isca - DEBUG - Tabulating mpp_clock statistics across     16 PEs...
2025-03-12 06:54:38,768 - isca - DEBUG - 
2025-03-12 06:54:38,768 - isca - DEBUG - tmin          tmax          tavg          tstd  tfrac grain pemin pemax
2025-03-12 06:54:38,768 - isca - DEBUG - Total runtime                       997.013408    997.018529    997.016057      0.001629  1.000     0     0    15
2025-03-12 06:54:38,768 - isca - DEBUG - MPP_STACK high water mark=           0
2025-03-12 06:54:38,888 - isca - INFO - Run 43 complete
2025-03-12 06:54:39,748 - isca - DEBUG - atmos_monthly.nc combined and copied to data directory
2025-03-12 06:54:43,040 - isca - INFO - Restart archive created at /proj/bolinc/users/x_ryabo/Isca-Ryan_outputs/planetb_presentdayEarth_rot0_Sun_noO3/restarts/res0043.tar.gz
2025-03-12 06:54:43,056 - isca - INFO - Writing namelist to '/proj/bolinc/users/x_ryabo/Isca-Ryan_outputs/planetb_presentdayEarth_rot0_Sun_noO3/run0043/input.nml'
2025-03-12 06:54:43,058 - isca - INFO - Writing field_table to '/proj/bolinc/users/x_ryabo/Isca-Ryan_outputs/planetb_presentdayEarth_rot0_Sun_noO3/run0043/field_table'
2025-03-12 06:54:43,071 - isca - INFO - Writing diag_table to '/proj/bolinc/users/x_ryabo/Isca-Ryan_outputs/planetb_presentdayEarth_rot0_Sun_noO3/run0043/diag_table'
2025-03-12 06:54:43,187 - isca - INFO - Emptied run directory '/home/x_ryabo/Isca-Ryan_tmp/experiment/planetb_presentdayEarth_rot0_Sun_noO3/run'
2025-03-12 06:54:43,212 - isca - INFO - Emptied run directory '/home/x_ryabo/Isca-Ryan_tmp/experiment/planetb_presentdayEarth_rot0_Sun_noO3/run'
2025-03-12 06:54:43,304 - isca - INFO - Writing namelist to '/home/x_ryabo/Isca-Ryan_tmp/experiment/planetb_presentdayEarth_rot0_Sun_noO3/run/input.nml'
2025-03-12 06:54:43,306 - isca - INFO - Writing field_table to '/home/x_ryabo/Isca-Ryan_tmp/experiment/planetb_presentdayEarth_rot0_Sun_noO3/run/field_table'
2025-03-12 06:54:43,319 - isca - INFO - Writing diag_table to '/home/x_ryabo/Isca-Ryan_tmp/experiment/planetb_presentdayEarth_rot0_Sun_noO3/run/diag_table'
2025-03-12 06:54:43,333 - isca - INFO - Using restart file '/proj/bolinc/users/x_ryabo/Isca-Ryan_outputs/planetb_presentdayEarth_rot0_Sun_noO3/restarts/res0043.tar.gz'
2025-03-12 06:54:43,753 - isca - INFO - Restart /proj/bolinc/users/x_ryabo/Isca-Ryan_outputs/planetb_presentdayEarth_rot0_Sun_noO3/restarts/res0043.tar.gz extracted to /home/x_ryabo/Isca-Ryan_tmp/experiment/planetb_presentdayEarth_rot0_Sun_noO3/run/INPUT
2025-03-12 06:54:43,753 - isca - INFO - Beginning run 44
2025-03-12 06:54:43,767 - isca - INFO - process running as 3937547
2025-03-12 06:54:43,768 - isca - DEBUG - loadmodules for Isca on NSC cluster Tetralith
2025-03-12 06:54:43,768 - isca - DEBUG - mpiifort
2025-03-12 06:54:43,867 - isca - DEBUG - The following modules were not unloaded:
2025-03-12 06:54:43,868 - isca - DEBUG - (Use "module --force purge" to unload all):
2025-03-12 06:54:43,868 - isca - DEBUG - 
2025-03-12 06:54:43,868 - isca - DEBUG - 1) hpc/.1.10.1
2025-03-12 06:54:43,965 - isca - DEBUG - ***************************************************
2025-03-12 06:54:43,965 - isca - DEBUG - You have loaded a buildenv module
2025-03-12 06:54:43,965 - isca - DEBUG - ***************************************************
2025-03-12 06:54:43,965 - isca - DEBUG - The buldenv-intel module makes available:
2025-03-12 06:54:43,965 - isca - DEBUG - - Compilers: icc, ifort, etc.
2025-03-12 06:54:43,965 - isca - DEBUG - - Mpi library with mpi-wrapped compilers: intel mpi with mpicc, mpifort, etc.
2025-03-12 06:54:43,965 - isca - DEBUG - - Numerical libraries: intel MKL
2025-03-12 06:54:43,965 - isca - DEBUG - 
2025-03-12 06:54:43,966 - isca - DEBUG - It also makes a set of dependency library modules available via
2025-03-12 06:54:43,966 - isca - DEBUG - the regular module command. Just do:
2025-03-12 06:54:43,966 - isca - DEBUG - module avail
2025-03-12 06:54:43,966 - isca - DEBUG - to see what is available.
2025-03-12 06:54:43,966 - isca - DEBUG - 
2025-03-12 06:54:43,966 - isca - DEBUG - NOTE: You shoud never load build environments inside submitted jobs.
2025-03-12 06:54:43,966 - isca - DEBUG - (with the single exception of when using supercomputer time to compile code.)
2025-03-12 06:54:43,966 - isca - DEBUG - 
2025-03-12 06:54:45,181 - isca - DEBUG - NOTE from PE    0: MPP_DOMAINS_SET_STACK_SIZE: stack size set to    32768.
2025-03-12 06:54:45,182 - isca - DEBUG - &MPP_IO_NML
2025-03-12 06:54:45,182 - isca - DEBUG - HEADER_BUFFER_VAL       =       16384,
2025-03-12 06:54:45,182 - isca - DEBUG - GLOBAL_FIELD_ON_ROOT_PE = T,
2025-03-12 06:54:45,197 - isca - DEBUG - IO_CLOCKS_ON    = F,
2025-03-12 06:54:45,197 - isca - DEBUG - SHUFFLE =           0,
2025-03-12 06:54:45,197 - isca - DEBUG - DEFLATE_LEVEL   =          -1
2025-03-12 06:54:45,197 - isca - DEBUG - /
2025-03-12 06:54:45,197 - isca - DEBUG - NOTE from PE    0: MPP_IO_SET_STACK_SIZE: stack size set to     131072.
2025-03-12 06:54:45,197 - isca - DEBUG - NOTE from PE    0: MPP_DOMAINS_SET_STACK_SIZE: stack size set to   600000.
2025-03-12 06:54:45,197 - isca - DEBUG - starting            1  OpenMP threads per MPI-task
2025-03-12 06:54:45,197 - isca - DEBUG - ATMOS MODEL DOMAIN DECOMPOSITION
2025-03-12 06:54:45,197 - isca - DEBUG - X-AXIS =  128
2025-03-12 06:54:45,197 - isca - DEBUG - Y-AXIS =    4   4   4   4   4   4   4   4   4   4   4   4   4   4   4   4
2025-03-12 06:54:45,242 - isca - DEBUG - 
2025-03-12 06:54:45,242 - isca - WARNING - WARNING from PE   10: socrates_init: dt_rad does not fit into one day an integer number of times
2025-03-12 06:54:45,242 - isca - DEBUG - 
2025-03-12 06:54:45,243 - isca - DEBUG - NOTE from PE    0: cloud_simple: Using SimCloud cloud scheme
2025-03-12 06:54:45,243 - isca - DEBUG - 
2025-03-12 06:54:45,244 - isca - WARNING - WARNING from PE    7: socrates_init: dt_rad does not fit into one day an integer number of times
2025-03-12 06:54:45,244 - isca - DEBUG - 
2025-03-12 06:54:45,244 - isca - WARNING - WARNING from PE    9: socrates_init: dt_rad does not fit into one day an integer number of times
2025-03-12 06:54:45,244 - isca - DEBUG - 
2025-03-12 06:54:45,244 - isca - DEBUG - 
2025-03-12 06:54:45,244 - isca - DEBUG - 
2025-03-12 06:54:45,244 - isca - WARNING - WARNING from PE   12: socrates_init: dt_rad does not fit into one day an integer number of times
2025-03-12 06:54:45,244 - isca - DEBUG - 
2025-03-12 06:54:45,244 - isca - DEBUG - 
2025-03-12 06:54:45,244 - isca - DEBUG - 
2025-03-12 06:54:45,244 - isca - WARNING - WARNING from PE   14: socrates_init: dt_rad does not fit into one day an integer number of times
2025-03-12 06:54:45,244 - isca - DEBUG - 
2025-03-12 06:54:45,244 - isca - WARNING - WARNING from PE   11: socrates_init: dt_rad does not fit into one day an integer number of times
2025-03-12 06:54:45,244 - isca - DEBUG - 
2025-03-12 06:54:45,244 - isca - DEBUG - 
2025-03-12 06:54:45,244 - isca - DEBUG - NOTE from PE    0: ls_cloud: Using linear cloud fraction diagnostic formula.
2025-03-12 06:54:45,244 - isca - DEBUG - 
2025-03-12 06:54:45,244 - isca - WARNING - WARNING from PE   15: socrates_init: dt_rad does not fit into one day an integer number of times
2025-03-12 06:54:45,244 - isca - DEBUG - 
2025-03-12 06:54:45,244 - isca - WARNING - WARNING from PE    8: socrates_init: dt_rad does not fit into one day an integer number of times
2025-03-12 06:54:45,244 - isca - DEBUG - 
2025-03-12 06:54:45,244 - isca - DEBUG - 
2025-03-12 06:54:45,244 - isca - WARNING - WARNING from PE   13: socrates_init: dt_rad does not fit into one day an integer number of times
2025-03-12 06:54:45,244 - isca - DEBUG - 
2025-03-12 06:54:45,245 - isca - DEBUG - NOTE from PE    0: cloud_cover: The cloud overlap assumption is MAXIMUM-RANDOM
2025-03-12 06:54:45,245 - isca - DEBUG - NOTE from PE    0: idealized_moist_phys: Using Frierson Quasi-Equilibrium convection scheme.
2025-03-12 06:54:45,247 - isca - DEBUG - 
2025-03-12 06:54:45,247 - isca - WARNING - WARNING from PE    2: socrates_init: dt_rad does not fit into one day an integer number of times
2025-03-12 06:54:45,247 - isca - DEBUG - 
2025-03-12 06:54:45,248 - isca - DEBUG - 
2025-03-12 06:54:45,248 - isca - DEBUG - 
2025-03-12 06:54:45,248 - isca - WARNING - WARNING from PE    3: socrates_init: dt_rad does not fit into one day an integer number of times
2025-03-12 06:54:45,248 - isca - DEBUG - 
2025-03-12 06:54:45,248 - isca - DEBUG - 
2025-03-12 06:54:45,248 - isca - WARNING - WARNING from PE    5: socrates_init: dt_rad does not fit into one day an integer number of times
2025-03-12 06:54:45,248 - isca - DEBUG - 
2025-03-12 06:54:45,248 - isca - WARNING - WARNING from PE    4: socrates_init: dt_rad does not fit into one day an integer number of times
2025-03-12 06:54:45,249 - isca - DEBUG - 
2025-03-12 06:54:45,249 - isca - DEBUG - 
2025-03-12 06:54:45,249 - isca - WARNING - WARNING from PE    1: socrates_init: dt_rad does not fit into one day an integer number of times
2025-03-12 06:54:45,249 - isca - DEBUG - 
2025-03-12 06:54:45,250 - isca - DEBUG - 
2025-03-12 06:54:45,250 - isca - WARNING - WARNING from PE    6: socrates_init: dt_rad does not fit into one day an integer number of times
2025-03-12 06:54:45,251 - isca - DEBUG - 
2025-03-12 06:54:45,254 - isca - DEBUG - 
2025-03-12 06:54:45,254 - isca - WARNING - WARNING from PE    0: socrates_init: dt_rad does not fit into one day an integer number of times
2025-03-12 06:54:45,254 - isca - DEBUG - 
2025-03-12 06:54:45,254 - isca - DEBUG - 
2025-03-12 06:54:45,254 - isca - WARNING - WARNING from PE    0: socrates_init: dt_rad does not fit into one day an integer number of times
2025-03-12 06:54:45,254 - isca - DEBUG - 
2025-03-12 06:54:45,254 - isca - DEBUG - 
2025-03-12 06:54:45,254 - isca - WARNING - WARNING from PE    0: socrates_init: lw_hires_spectral_filename is unset, making equal to lw_spectral_filename
2025-03-12 06:54:45,254 - isca - DEBUG - 
2025-03-12 06:54:45,254 - isca - DEBUG - 
2025-03-12 06:54:45,254 - isca - WARNING - WARNING from PE    0: socrates_init: lw_hires_spectral_filename is unset, making equal to lw_spectral_filename
2025-03-12 06:54:45,254 - isca - DEBUG - 
2025-03-12 06:54:45,254 - isca - DEBUG - 
2025-03-12 06:54:45,254 - isca - WARNING - WARNING from PE    0: socrates_init: sw_hires_spectral_filename is unset, making equal to sw_spectral_filename
2025-03-12 06:54:45,254 - isca - DEBUG - 
2025-03-12 06:54:45,254 - isca - DEBUG - 
2025-03-12 06:54:45,255 - isca - WARNING - WARNING from PE    0: socrates_init: sw_hires_spectral_filename is unset, making equal to sw_spectral_filename
2025-03-12 06:54:45,255 - isca - DEBUG - 
2025-03-12 06:54:46,446 - isca - DEBUG - NOTE from PE    0: Interpolator: Using input file with no time dimension - ozone_1990_notime_zero.nc
2025-03-12 06:54:46,446 - isca - DEBUG - Initializing src field : ozone_1990
2025-03-12 06:54:46,447 - isca - DEBUG - 
2025-03-12 06:54:46,447 - isca - DEBUG - -----------------------------------
2025-03-12 06:54:46,447 - isca - DEBUG - ____                       _
2025-03-12 06:54:46,447 - isca - DEBUG - / ___|  ___   ___ _ __ __ _| |_ ___  ___
2025-03-12 06:54:46,448 - isca - DEBUG - \___ \ / _ \ / __|  __/ _` | __/ _ \/ __|
2025-03-12 06:54:46,448 - isca - DEBUG - ___) | (_) | (__| | | (_| | ||  __/\__ \
2025-03-12 06:54:46,448 - isca - DEBUG - |____/ \___/ \___|_|  \__,_|\__\___||___/
2025-03-12 06:54:46,448 - isca - DEBUG - 
2025-03-12 06:54:46,448 - isca - DEBUG - Initialised Socrates v17.03
2025-03-12 06:54:46,448 - isca - DEBUG - Stellar constant =    1400.00000000000
2025-03-12 06:54:46,448 - isca - DEBUG - Longwave spectral file =
2025-03-12 06:54:46,448 - isca - DEBUG - /proj/bolinc/users/x_ryabo/socrates_edited_for_isca/spectral_files_for_GCMs/Sun
2025-03-12 06:54:46,448 - isca - DEBUG - /miniSuran_lw.sf WITH           16  bands
2025-03-12 06:54:46,448 - isca - DEBUG - Longwave hires spectral file =
2025-03-12 06:54:46,448 - isca - DEBUG - /proj/bolinc/users/x_ryabo/socrates_edited_for_isca/spectral_files_for_GCMs/Sun
2025-03-12 06:54:46,448 - isca - DEBUG - /miniSuran_lw.sf WITH           16  bands
2025-03-12 06:54:46,448 - isca - DEBUG - Shortwave spectral file =
2025-03-12 06:54:46,448 - isca - DEBUG - /proj/bolinc/users/x_ryabo/socrates_edited_for_isca/spectral_files_for_GCMs/Sun
2025-03-12 06:54:46,448 - isca - DEBUG - /miniSuran_sw.sf WITH           16  bands
2025-03-12 06:54:46,448 - isca - DEBUG - Shortwave hires spectral file =
2025-03-12 06:54:46,448 - isca - DEBUG - /proj/bolinc/users/x_ryabo/socrates_edited_for_isca/spectral_files_for_GCMs/Sun
2025-03-12 06:54:46,448 - isca - DEBUG - /miniSuran_sw.sf WITH           16  bands
2025-03-12 06:54:46,448 - isca - DEBUG - 
2025-03-12 06:54:46,448 - isca - DEBUG - -----------------------------------
2025-03-12 06:54:46,449 - isca - DEBUG - 
2025-03-12 06:55:19,981 - isca - DEBUG - Integration completed through  1291 days     0 seconds
2025-03-12 06:55:53,386 - isca - DEBUG - Integration completed through  1292 days     0 seconds
2025-03-12 06:56:26,241 - isca - DEBUG - Integration completed through  1293 days     0 seconds
2025-03-12 06:56:58,878 - isca - DEBUG - Integration completed through  1294 days     0 seconds
2025-03-12 06:57:31,575 - isca - DEBUG - Integration completed through  1295 days     0 seconds
2025-03-12 06:58:04,246 - isca - DEBUG - Integration completed through  1296 days     0 seconds
2025-03-12 06:58:36,841 - isca - DEBUG - Integration completed through  1297 days     0 seconds
2025-03-12 06:59:09,656 - isca - DEBUG - Integration completed through  1298 days     0 seconds
2025-03-12 06:59:42,467 - isca - DEBUG - Integration completed through  1299 days     0 seconds
2025-03-12 07:00:16,152 - isca - DEBUG - Integration completed through  1300 days     0 seconds
2025-03-12 07:00:49,665 - isca - DEBUG - Integration completed through  1301 days     0 seconds
2025-03-12 07:01:23,053 - isca - DEBUG - Integration completed through  1302 days     0 seconds
2025-03-12 07:01:56,778 - isca - DEBUG - Integration completed through  1303 days     0 seconds
2025-03-12 07:02:30,100 - isca - DEBUG - Integration completed through  1304 days     0 seconds
2025-03-12 07:03:02,958 - isca - DEBUG - Integration completed through  1305 days     0 seconds
2025-03-12 07:03:35,579 - isca - DEBUG - Integration completed through  1306 days     0 seconds
2025-03-12 07:04:08,270 - isca - DEBUG - Integration completed through  1307 days     0 seconds
2025-03-12 07:04:41,029 - isca - DEBUG - Integration completed through  1308 days     0 seconds
2025-03-12 07:05:13,655 - isca - DEBUG - Integration completed through  1309 days     0 seconds
2025-03-12 07:05:46,308 - isca - DEBUG - Integration completed through  1310 days     0 seconds
2025-03-12 07:06:18,710 - isca - DEBUG - Integration completed through  1311 days     0 seconds
2025-03-12 07:06:50,724 - isca - DEBUG - Integration completed through  1312 days     0 seconds
2025-03-12 07:07:22,639 - isca - DEBUG - Integration completed through  1313 days     0 seconds
2025-03-12 07:07:54,877 - isca - DEBUG - Integration completed through  1314 days     0 seconds
2025-03-12 07:08:27,427 - isca - DEBUG - Integration completed through  1315 days     0 seconds
2025-03-12 07:09:00,342 - isca - DEBUG - Integration completed through  1316 days     0 seconds
2025-03-12 07:09:33,448 - isca - DEBUG - Integration completed through  1317 days     0 seconds
2025-03-12 07:10:06,640 - isca - DEBUG - Integration completed through  1318 days     0 seconds
2025-03-12 07:10:39,806 - isca - DEBUG - Integration completed through  1319 days     0 seconds
2025-03-12 07:11:13,134 - isca - DEBUG - Integration completed through  1320 days     0 seconds
2025-03-12 07:11:13,142 - isca - DEBUG - 
2025-03-12 07:11:13,142 - isca - WARNING - WARNING from PE    0: diag_util_mod::opening_file: module/field_name (socrates/soc_toa_sw_down_clr) NOT registered
2025-03-12 07:11:13,142 - isca - DEBUG - 
2025-03-12 07:11:13,142 - isca - DEBUG - 
2025-03-12 07:11:13,142 - isca - WARNING - WARNING from PE    0: diag_util_mod::opening_file: module/field_name (socrates/soc_toa_sw_down_clr) NOT registered
2025-03-12 07:11:13,143 - isca - DEBUG - 
2025-03-12 07:11:13,143 - isca - DEBUG - 
2025-03-12 07:11:13,143 - isca - WARNING - WARNING from PE    0: diag_util_mod::opening_file: module/field_name (cloud_simple/rh_min) NOT registered
2025-03-12 07:11:13,143 - isca - DEBUG - 
2025-03-12 07:11:13,143 - isca - DEBUG - 
2025-03-12 07:11:13,143 - isca - WARNING - WARNING from PE    0: diag_util_mod::opening_file: module/field_name (cloud_simple/rh_min) NOT registered
2025-03-12 07:11:13,143 - isca - DEBUG - 
2025-03-12 07:11:13,153 - isca - DEBUG - NOTE from PE    0: MPP_IO_SET_STACK_SIZE: stack size set to     327680.
2025-03-12 07:11:13,256 - isca - DEBUG - MPP_DOMAINS_STACK high water mark=       40960
2025-03-12 07:11:13,256 - isca - DEBUG - 
2025-03-12 07:11:13,257 - isca - DEBUG - Tabulating mpp_clock statistics across     16 PEs...
2025-03-12 07:11:13,257 - isca - DEBUG - 
2025-03-12 07:11:13,257 - isca - DEBUG - tmin          tmax          tavg          tstd  tfrac grain pemin pemax
2025-03-12 07:11:13,257 - isca - DEBUG - Total runtime                       988.072238    988.078424    988.075584      0.001872  1.000     0     0    15
2025-03-12 07:11:13,257 - isca - DEBUG - MPP_STACK high water mark=           0
2025-03-12 07:11:13,364 - isca - INFO - Run 44 complete
2025-03-12 07:11:14,276 - isca - DEBUG - atmos_monthly.nc combined and copied to data directory
2025-03-12 07:11:17,579 - isca - INFO - Restart archive created at /proj/bolinc/users/x_ryabo/Isca-Ryan_outputs/planetb_presentdayEarth_rot0_Sun_noO3/restarts/res0044.tar.gz
2025-03-12 07:11:17,593 - isca - INFO - Writing namelist to '/proj/bolinc/users/x_ryabo/Isca-Ryan_outputs/planetb_presentdayEarth_rot0_Sun_noO3/run0044/input.nml'
2025-03-12 07:11:17,595 - isca - INFO - Writing field_table to '/proj/bolinc/users/x_ryabo/Isca-Ryan_outputs/planetb_presentdayEarth_rot0_Sun_noO3/run0044/field_table'
2025-03-12 07:11:17,608 - isca - INFO - Writing diag_table to '/proj/bolinc/users/x_ryabo/Isca-Ryan_outputs/planetb_presentdayEarth_rot0_Sun_noO3/run0044/diag_table'
2025-03-12 07:11:17,724 - isca - INFO - Emptied run directory '/home/x_ryabo/Isca-Ryan_tmp/experiment/planetb_presentdayEarth_rot0_Sun_noO3/run'
2025-03-12 07:11:17,750 - isca - INFO - Emptied run directory '/home/x_ryabo/Isca-Ryan_tmp/experiment/planetb_presentdayEarth_rot0_Sun_noO3/run'
2025-03-12 07:11:17,842 - isca - INFO - Writing namelist to '/home/x_ryabo/Isca-Ryan_tmp/experiment/planetb_presentdayEarth_rot0_Sun_noO3/run/input.nml'
2025-03-12 07:11:17,844 - isca - INFO - Writing field_table to '/home/x_ryabo/Isca-Ryan_tmp/experiment/planetb_presentdayEarth_rot0_Sun_noO3/run/field_table'
2025-03-12 07:11:17,857 - isca - INFO - Writing diag_table to '/home/x_ryabo/Isca-Ryan_tmp/experiment/planetb_presentdayEarth_rot0_Sun_noO3/run/diag_table'
2025-03-12 07:11:17,872 - isca - INFO - Using restart file '/proj/bolinc/users/x_ryabo/Isca-Ryan_outputs/planetb_presentdayEarth_rot0_Sun_noO3/restarts/res0044.tar.gz'
2025-03-12 07:11:18,289 - isca - INFO - Restart /proj/bolinc/users/x_ryabo/Isca-Ryan_outputs/planetb_presentdayEarth_rot0_Sun_noO3/restarts/res0044.tar.gz extracted to /home/x_ryabo/Isca-Ryan_tmp/experiment/planetb_presentdayEarth_rot0_Sun_noO3/run/INPUT
2025-03-12 07:11:18,289 - isca - INFO - Beginning run 45
2025-03-12 07:11:18,303 - isca - INFO - process running as 3938524
2025-03-12 07:11:18,303 - isca - DEBUG - loadmodules for Isca on NSC cluster Tetralith
2025-03-12 07:11:18,303 - isca - DEBUG - mpiifort
2025-03-12 07:11:18,406 - isca - DEBUG - The following modules were not unloaded:
2025-03-12 07:11:18,406 - isca - DEBUG - (Use "module --force purge" to unload all):
2025-03-12 07:11:18,406 - isca - DEBUG - 
2025-03-12 07:11:18,406 - isca - DEBUG - 1) hpc/.1.10.1
2025-03-12 07:11:18,506 - isca - DEBUG - ***************************************************
2025-03-12 07:11:18,506 - isca - DEBUG - You have loaded a buildenv module
2025-03-12 07:11:18,506 - isca - DEBUG - ***************************************************
2025-03-12 07:11:18,506 - isca - DEBUG - The buldenv-intel module makes available:
2025-03-12 07:11:18,506 - isca - DEBUG - - Compilers: icc, ifort, etc.
2025-03-12 07:11:18,506 - isca - DEBUG - - Mpi library with mpi-wrapped compilers: intel mpi with mpicc, mpifort, etc.
2025-03-12 07:11:18,506 - isca - DEBUG - - Numerical libraries: intel MKL
2025-03-12 07:11:18,506 - isca - DEBUG - 
2025-03-12 07:11:18,506 - isca - DEBUG - It also makes a set of dependency library modules available via
2025-03-12 07:11:18,506 - isca - DEBUG - the regular module command. Just do:
2025-03-12 07:11:18,506 - isca - DEBUG - module avail
2025-03-12 07:11:18,506 - isca - DEBUG - to see what is available.
2025-03-12 07:11:18,506 - isca - DEBUG - 
2025-03-12 07:11:18,506 - isca - DEBUG - NOTE: You shoud never load build environments inside submitted jobs.
2025-03-12 07:11:18,507 - isca - DEBUG - (with the single exception of when using supercomputer time to compile code.)
2025-03-12 07:11:18,507 - isca - DEBUG - 
2025-03-12 07:11:19,819 - isca - DEBUG - NOTE from PE    0: MPP_DOMAINS_SET_STACK_SIZE: stack size set to    32768.
2025-03-12 07:11:19,819 - isca - DEBUG - &MPP_IO_NML
2025-03-12 07:11:19,819 - isca - DEBUG - HEADER_BUFFER_VAL       =       16384,
2025-03-12 07:11:19,819 - isca - DEBUG - GLOBAL_FIELD_ON_ROOT_PE = T,
2025-03-12 07:11:19,819 - isca - DEBUG - IO_CLOCKS_ON    = F,
2025-03-12 07:11:19,819 - isca - DEBUG - SHUFFLE =           0,
2025-03-12 07:11:19,820 - isca - DEBUG - DEFLATE_LEVEL   =          -1
2025-03-12 07:11:19,820 - isca - DEBUG - /
2025-03-12 07:11:19,821 - isca - DEBUG - NOTE from PE    0: MPP_IO_SET_STACK_SIZE: stack size set to     131072.
2025-03-12 07:11:19,822 - isca - DEBUG - NOTE from PE    0: MPP_DOMAINS_SET_STACK_SIZE: stack size set to   600000.
2025-03-12 07:11:19,831 - isca - DEBUG - starting            1  OpenMP threads per MPI-task
2025-03-12 07:11:19,833 - isca - DEBUG - ATMOS MODEL DOMAIN DECOMPOSITION
2025-03-12 07:11:19,833 - isca - DEBUG - X-AXIS =  128
2025-03-12 07:11:19,833 - isca - DEBUG - Y-AXIS =    4   4   4   4   4   4   4   4   4   4   4   4   4   4   4   4
2025-03-12 07:11:19,882 - isca - DEBUG - NOTE from PE    0: cloud_simple: Using SimCloud cloud scheme
2025-03-12 07:11:19,882 - isca - DEBUG - 
2025-03-12 07:11:19,883 - isca - WARNING - WARNING from PE    8: socrates_init: dt_rad does not fit into one day an integer number of times
2025-03-12 07:11:19,883 - isca - DEBUG - 
2025-03-12 07:11:19,883 - isca - DEBUG - 
2025-03-12 07:11:19,883 - isca - WARNING - WARNING from PE   13: socrates_init: dt_rad does not fit into one day an integer number of times
2025-03-12 07:11:19,883 - isca - DEBUG - 
2025-03-12 07:11:19,883 - isca - DEBUG - 
2025-03-12 07:11:19,883 - isca - DEBUG - 
2025-03-12 07:11:19,883 - isca - WARNING - WARNING from PE   10: socrates_init: dt_rad does not fit into one day an integer number of times
2025-03-12 07:11:19,883 - isca - DEBUG - 
2025-03-12 07:11:19,883 - isca - WARNING - WARNING from PE   12: socrates_init: dt_rad does not fit into one day an integer number of times
2025-03-12 07:11:19,883 - isca - DEBUG - 
2025-03-12 07:11:19,883 - isca - WARNING - WARNING from PE    9: socrates_init: dt_rad does not fit into one day an integer number of times
2025-03-12 07:11:19,883 - isca - DEBUG - 
2025-03-12 07:11:19,883 - isca - DEBUG - 
2025-03-12 07:11:19,883 - isca - DEBUG - 
2025-03-12 07:11:19,883 - isca - WARNING - WARNING from PE   15: socrates_init: dt_rad does not fit into one day an integer number of times
2025-03-12 07:11:19,883 - isca - DEBUG - 
2025-03-12 07:11:19,883 - isca - DEBUG - 
2025-03-12 07:11:19,883 - isca - WARNING - WARNING from PE    7: socrates_init: dt_rad does not fit into one day an integer number of times
2025-03-12 07:11:19,883 - isca - DEBUG - 
2025-03-12 07:11:19,883 - isca - DEBUG - 
2025-03-12 07:11:19,883 - isca - DEBUG - 
2025-03-12 07:11:19,883 - isca - WARNING - WARNING from PE   14: socrates_init: dt_rad does not fit into one day an integer number of times
2025-03-12 07:11:19,884 - isca - DEBUG - 
2025-03-12 07:11:19,884 - isca - WARNING - WARNING from PE   11: socrates_init: dt_rad does not fit into one day an integer number of times
2025-03-12 07:11:19,884 - isca - DEBUG - 
2025-03-12 07:11:19,884 - isca - DEBUG - NOTE from PE    0: ls_cloud: Using linear cloud fraction diagnostic formula.
2025-03-12 07:11:19,884 - isca - DEBUG - NOTE from PE    0: cloud_cover: The cloud overlap assumption is MAXIMUM-RANDOM
2025-03-12 07:11:19,885 - isca - DEBUG - NOTE from PE    0: idealized_moist_phys: Using Frierson Quasi-Equilibrium convection scheme.
2025-03-12 07:11:19,885 - isca - DEBUG - 
2025-03-12 07:11:19,885 - isca - DEBUG - 
2025-03-12 07:11:19,885 - isca - WARNING - WARNING from PE    3: socrates_init: dt_rad does not fit into one day an integer number of times
2025-03-12 07:11:19,885 - isca - DEBUG - 
2025-03-12 07:11:19,885 - isca - DEBUG - 
2025-03-12 07:11:19,885 - isca - WARNING - WARNING from PE    6: socrates_init: dt_rad does not fit into one day an integer number of times
2025-03-12 07:11:19,885 - isca - DEBUG - 
2025-03-12 07:11:19,885 - isca - WARNING - WARNING from PE    4: socrates_init: dt_rad does not fit into one day an integer number of times
2025-03-12 07:11:19,885 - isca - DEBUG - 
2025-03-12 07:11:19,885 - isca - DEBUG - 
2025-03-12 07:11:19,885 - isca - WARNING - WARNING from PE    5: socrates_init: dt_rad does not fit into one day an integer number of times
2025-03-12 07:11:19,885 - isca - DEBUG - 
2025-03-12 07:11:19,885 - isca - DEBUG - 
2025-03-12 07:11:19,885 - isca - WARNING - WARNING from PE    2: socrates_init: dt_rad does not fit into one day an integer number of times
2025-03-12 07:11:19,885 - isca - DEBUG - 
2025-03-12 07:11:19,888 - isca - DEBUG - 
2025-03-12 07:11:19,888 - isca - WARNING - WARNING from PE    1: socrates_init: dt_rad does not fit into one day an integer number of times
2025-03-12 07:11:19,888 - isca - DEBUG - 
2025-03-12 07:11:19,895 - isca - DEBUG - 
2025-03-12 07:11:19,895 - isca - WARNING - WARNING from PE    0: socrates_init: dt_rad does not fit into one day an integer number of times
2025-03-12 07:11:19,895 - isca - DEBUG - 
2025-03-12 07:11:19,895 - isca - DEBUG - 
2025-03-12 07:11:19,895 - isca - WARNING - WARNING from PE    0: socrates_init: dt_rad does not fit into one day an integer number of times
2025-03-12 07:11:19,895 - isca - DEBUG - 
2025-03-12 07:11:19,896 - isca - DEBUG - 
2025-03-12 07:11:19,896 - isca - WARNING - WARNING from PE    0: socrates_init: lw_hires_spectral_filename is unset, making equal to lw_spectral_filename
2025-03-12 07:11:19,896 - isca - DEBUG - 
2025-03-12 07:11:19,896 - isca - DEBUG - 
2025-03-12 07:11:19,896 - isca - WARNING - WARNING from PE    0: socrates_init: lw_hires_spectral_filename is unset, making equal to lw_spectral_filename
2025-03-12 07:11:19,896 - isca - DEBUG - 
2025-03-12 07:11:19,896 - isca - DEBUG - 
2025-03-12 07:11:19,896 - isca - WARNING - WARNING from PE    0: socrates_init: sw_hires_spectral_filename is unset, making equal to sw_spectral_filename
2025-03-12 07:11:19,896 - isca - DEBUG - 
2025-03-12 07:11:19,896 - isca - DEBUG - 
2025-03-12 07:11:19,896 - isca - WARNING - WARNING from PE    0: socrates_init: sw_hires_spectral_filename is unset, making equal to sw_spectral_filename
2025-03-12 07:11:19,896 - isca - DEBUG - 
2025-03-12 07:11:21,270 - isca - DEBUG - NOTE from PE    0: Interpolator: Using input file with no time dimension - ozone_1990_notime_zero.nc
2025-03-12 07:11:21,270 - isca - DEBUG - Initializing src field : ozone_1990
2025-03-12 07:11:21,273 - isca - DEBUG - 
2025-03-12 07:11:21,273 - isca - DEBUG - -----------------------------------
2025-03-12 07:11:21,273 - isca - DEBUG - ____                       _
2025-03-12 07:11:21,273 - isca - DEBUG - / ___|  ___   ___ _ __ __ _| |_ ___  ___
2025-03-12 07:11:21,273 - isca - DEBUG - \___ \ / _ \ / __|  __/ _` | __/ _ \/ __|
2025-03-12 07:11:21,273 - isca - DEBUG - ___) | (_) | (__| | | (_| | ||  __/\__ \
2025-03-12 07:11:21,273 - isca - DEBUG - |____/ \___/ \___|_|  \__,_|\__\___||___/
2025-03-12 07:11:21,273 - isca - DEBUG - 
2025-03-12 07:11:21,273 - isca - DEBUG - Initialised Socrates v17.03
2025-03-12 07:11:21,273 - isca - DEBUG - Stellar constant =    1400.00000000000
2025-03-12 07:11:21,273 - isca - DEBUG - Longwave spectral file =
2025-03-12 07:11:21,273 - isca - DEBUG - /proj/bolinc/users/x_ryabo/socrates_edited_for_isca/spectral_files_for_GCMs/Sun
2025-03-12 07:11:21,274 - isca - DEBUG - /miniSuran_lw.sf WITH           16  bands
2025-03-12 07:11:21,274 - isca - DEBUG - Longwave hires spectral file =
2025-03-12 07:11:21,274 - isca - DEBUG - /proj/bolinc/users/x_ryabo/socrates_edited_for_isca/spectral_files_for_GCMs/Sun
2025-03-12 07:11:21,274 - isca - DEBUG - /miniSuran_lw.sf WITH           16  bands
2025-03-12 07:11:21,274 - isca - DEBUG - Shortwave spectral file =
2025-03-12 07:11:21,274 - isca - DEBUG - /proj/bolinc/users/x_ryabo/socrates_edited_for_isca/spectral_files_for_GCMs/Sun
2025-03-12 07:11:21,274 - isca - DEBUG - /miniSuran_sw.sf WITH           16  bands
2025-03-12 07:11:21,274 - isca - DEBUG - Shortwave hires spectral file =
2025-03-12 07:11:21,274 - isca - DEBUG - /proj/bolinc/users/x_ryabo/socrates_edited_for_isca/spectral_files_for_GCMs/Sun
2025-03-12 07:11:21,274 - isca - DEBUG - /miniSuran_sw.sf WITH           16  bands
2025-03-12 07:11:21,274 - isca - DEBUG - 
2025-03-12 07:11:21,274 - isca - DEBUG - -----------------------------------
2025-03-12 07:11:21,274 - isca - DEBUG - 
2025-03-12 07:11:54,526 - isca - DEBUG - Integration completed through  1321 days     0 seconds
2025-03-12 07:12:27,621 - isca - DEBUG - Integration completed through  1322 days     0 seconds
2025-03-12 07:13:00,614 - isca - DEBUG - Integration completed through  1323 days     0 seconds
2025-03-12 07:13:33,326 - isca - DEBUG - Integration completed through  1324 days     0 seconds
2025-03-12 07:14:06,100 - isca - DEBUG - Integration completed through  1325 days     0 seconds
2025-03-12 07:14:39,044 - isca - DEBUG - Integration completed through  1326 days     0 seconds
2025-03-12 07:15:11,796 - isca - DEBUG - Integration completed through  1327 days     0 seconds
2025-03-12 07:15:44,448 - isca - DEBUG - Integration completed through  1328 days     0 seconds
2025-03-12 07:16:17,132 - isca - DEBUG - Integration completed through  1329 days     0 seconds
2025-03-12 07:16:49,846 - isca - DEBUG - Integration completed through  1330 days     0 seconds
2025-03-12 07:17:22,597 - isca - DEBUG - Integration completed through  1331 days     0 seconds
2025-03-12 07:17:55,288 - isca - DEBUG - Integration completed through  1332 days     0 seconds
2025-03-12 07:18:28,611 - isca - DEBUG - Integration completed through  1333 days     0 seconds
2025-03-12 07:19:03,009 - isca - DEBUG - Integration completed through  1334 days     0 seconds
2025-03-12 07:19:36,963 - isca - DEBUG - Integration completed through  1335 days     0 seconds
2025-03-12 07:20:10,841 - isca - DEBUG - Integration completed through  1336 days     0 seconds
2025-03-12 07:20:44,466 - isca - DEBUG - Integration completed through  1337 days     0 seconds
2025-03-12 07:21:18,102 - isca - DEBUG - Integration completed through  1338 days     0 seconds
2025-03-12 07:21:51,541 - isca - DEBUG - Integration completed through  1339 days     0 seconds
2025-03-12 07:22:24,674 - isca - DEBUG - Integration completed through  1340 days     0 seconds
2025-03-12 07:22:57,464 - isca - DEBUG - Integration completed through  1341 days     0 seconds
2025-03-12 07:23:30,251 - isca - DEBUG - Integration completed through  1342 days     0 seconds
2025-03-12 07:24:03,001 - isca - DEBUG - Integration completed through  1343 days     0 seconds
2025-03-12 07:24:35,895 - isca - DEBUG - Integration completed through  1344 days     0 seconds
2025-03-12 07:25:08,539 - isca - DEBUG - Integration completed through  1345 days     0 seconds
2025-03-12 07:25:41,167 - isca - DEBUG - Integration completed through  1346 days     0 seconds
2025-03-12 07:26:13,755 - isca - DEBUG - Integration completed through  1347 days     0 seconds
2025-03-12 07:26:47,015 - isca - DEBUG - Integration completed through  1348 days     0 seconds
2025-03-12 07:27:20,779 - isca - DEBUG - Integration completed through  1349 days     0 seconds
2025-03-12 07:27:54,565 - isca - DEBUG - Integration completed through  1350 days     0 seconds
2025-03-12 07:27:54,573 - isca - DEBUG - 
2025-03-12 07:27:54,573 - isca - WARNING - WARNING from PE    0: diag_util_mod::opening_file: module/field_name (socrates/soc_toa_sw_down_clr) NOT registered
2025-03-12 07:27:54,573 - isca - DEBUG - 
2025-03-12 07:27:54,573 - isca - DEBUG - 
2025-03-12 07:27:54,573 - isca - WARNING - WARNING from PE    0: diag_util_mod::opening_file: module/field_name (socrates/soc_toa_sw_down_clr) NOT registered
2025-03-12 07:27:54,573 - isca - DEBUG - 
2025-03-12 07:27:54,573 - isca - DEBUG - 
2025-03-12 07:27:54,573 - isca - WARNING - WARNING from PE    0: diag_util_mod::opening_file: module/field_name (cloud_simple/rh_min) NOT registered
2025-03-12 07:27:54,573 - isca - DEBUG - 
2025-03-12 07:27:54,574 - isca - DEBUG - 
2025-03-12 07:27:54,574 - isca - WARNING - WARNING from PE    0: diag_util_mod::opening_file: module/field_name (cloud_simple/rh_min) NOT registered
2025-03-12 07:27:54,574 - isca - DEBUG - 
2025-03-12 07:27:54,584 - isca - DEBUG - NOTE from PE    0: MPP_IO_SET_STACK_SIZE: stack size set to     327680.
2025-03-12 07:27:54,722 - isca - DEBUG - MPP_DOMAINS_STACK high water mark=       40960
2025-03-12 07:27:54,722 - isca - DEBUG - 
2025-03-12 07:27:54,723 - isca - DEBUG - Tabulating mpp_clock statistics across     16 PEs...
2025-03-12 07:27:54,723 - isca - DEBUG - 
2025-03-12 07:27:54,723 - isca - DEBUG - tmin          tmax          tavg          tstd  tfrac grain pemin pemax
2025-03-12 07:27:54,723 - isca - DEBUG - Total runtime                       994.903324    994.908917    994.905260      0.001331  1.000     0     0    15
2025-03-12 07:27:54,723 - isca - DEBUG - MPP_STACK high water mark=           0
2025-03-12 07:27:54,854 - isca - INFO - Run 45 complete
2025-03-12 07:27:55,858 - isca - DEBUG - atmos_monthly.nc combined and copied to data directory
2025-03-12 07:27:59,155 - isca - INFO - Restart archive created at /proj/bolinc/users/x_ryabo/Isca-Ryan_outputs/planetb_presentdayEarth_rot0_Sun_noO3/restarts/res0045.tar.gz
2025-03-12 07:27:59,169 - isca - INFO - Writing namelist to '/proj/bolinc/users/x_ryabo/Isca-Ryan_outputs/planetb_presentdayEarth_rot0_Sun_noO3/run0045/input.nml'
2025-03-12 07:27:59,171 - isca - INFO - Writing field_table to '/proj/bolinc/users/x_ryabo/Isca-Ryan_outputs/planetb_presentdayEarth_rot0_Sun_noO3/run0045/field_table'
2025-03-12 07:27:59,185 - isca - INFO - Writing diag_table to '/proj/bolinc/users/x_ryabo/Isca-Ryan_outputs/planetb_presentdayEarth_rot0_Sun_noO3/run0045/diag_table'
2025-03-12 07:27:59,296 - isca - INFO - Emptied run directory '/home/x_ryabo/Isca-Ryan_tmp/experiment/planetb_presentdayEarth_rot0_Sun_noO3/run'
2025-03-12 07:27:59,322 - isca - INFO - Emptied run directory '/home/x_ryabo/Isca-Ryan_tmp/experiment/planetb_presentdayEarth_rot0_Sun_noO3/run'
2025-03-12 07:27:59,413 - isca - INFO - Writing namelist to '/home/x_ryabo/Isca-Ryan_tmp/experiment/planetb_presentdayEarth_rot0_Sun_noO3/run/input.nml'
2025-03-12 07:27:59,415 - isca - INFO - Writing field_table to '/home/x_ryabo/Isca-Ryan_tmp/experiment/planetb_presentdayEarth_rot0_Sun_noO3/run/field_table'
2025-03-12 07:27:59,428 - isca - INFO - Writing diag_table to '/home/x_ryabo/Isca-Ryan_tmp/experiment/planetb_presentdayEarth_rot0_Sun_noO3/run/diag_table'
2025-03-12 07:27:59,442 - isca - INFO - Using restart file '/proj/bolinc/users/x_ryabo/Isca-Ryan_outputs/planetb_presentdayEarth_rot0_Sun_noO3/restarts/res0045.tar.gz'
2025-03-12 07:27:59,862 - isca - INFO - Restart /proj/bolinc/users/x_ryabo/Isca-Ryan_outputs/planetb_presentdayEarth_rot0_Sun_noO3/restarts/res0045.tar.gz extracted to /home/x_ryabo/Isca-Ryan_tmp/experiment/planetb_presentdayEarth_rot0_Sun_noO3/run/INPUT
2025-03-12 07:27:59,862 - isca - INFO - Beginning run 46
2025-03-12 07:27:59,876 - isca - INFO - process running as 3939333
2025-03-12 07:27:59,876 - isca - DEBUG - loadmodules for Isca on NSC cluster Tetralith
2025-03-12 07:27:59,876 - isca - DEBUG - mpiifort
2025-03-12 07:27:59,977 - isca - DEBUG - The following modules were not unloaded:
2025-03-12 07:27:59,977 - isca - DEBUG - (Use "module --force purge" to unload all):
2025-03-12 07:27:59,977 - isca - DEBUG - 
2025-03-12 07:27:59,977 - isca - DEBUG - 1) hpc/.1.10.1
2025-03-12 07:28:00,075 - isca - DEBUG - ***************************************************
2025-03-12 07:28:00,075 - isca - DEBUG - You have loaded a buildenv module
2025-03-12 07:28:00,076 - isca - DEBUG - ***************************************************
2025-03-12 07:28:00,076 - isca - DEBUG - The buldenv-intel module makes available:
2025-03-12 07:28:00,076 - isca - DEBUG - - Compilers: icc, ifort, etc.
2025-03-12 07:28:00,076 - isca - DEBUG - - Mpi library with mpi-wrapped compilers: intel mpi with mpicc, mpifort, etc.
2025-03-12 07:28:00,076 - isca - DEBUG - - Numerical libraries: intel MKL
2025-03-12 07:28:00,092 - isca - DEBUG - 
2025-03-12 07:28:00,092 - isca - DEBUG - It also makes a set of dependency library modules available via
2025-03-12 07:28:00,092 - isca - DEBUG - the regular module command. Just do:
2025-03-12 07:28:00,092 - isca - DEBUG - module avail
2025-03-12 07:28:00,092 - isca - DEBUG - to see what is available.
2025-03-12 07:28:00,092 - isca - DEBUG - 
2025-03-12 07:28:00,092 - isca - DEBUG - NOTE: You shoud never load build environments inside submitted jobs.
2025-03-12 07:28:00,092 - isca - DEBUG - (with the single exception of when using supercomputer time to compile code.)
2025-03-12 07:28:00,093 - isca - DEBUG - 
2025-03-12 07:28:01,528 - isca - DEBUG - NOTE from PE    0: MPP_DOMAINS_SET_STACK_SIZE: stack size set to    32768.
2025-03-12 07:28:01,528 - isca - DEBUG - &MPP_IO_NML
2025-03-12 07:28:01,528 - isca - DEBUG - HEADER_BUFFER_VAL       =       16384,
2025-03-12 07:28:01,528 - isca - DEBUG - GLOBAL_FIELD_ON_ROOT_PE = T,
2025-03-12 07:28:01,528 - isca - DEBUG - IO_CLOCKS_ON    = F,
2025-03-12 07:28:01,528 - isca - DEBUG - SHUFFLE =           0,
2025-03-12 07:28:01,528 - isca - DEBUG - DEFLATE_LEVEL   =          -1
2025-03-12 07:28:01,528 - isca - DEBUG - /
2025-03-12 07:28:01,530 - isca - DEBUG - NOTE from PE    0: MPP_IO_SET_STACK_SIZE: stack size set to     131072.
2025-03-12 07:28:01,530 - isca - DEBUG - NOTE from PE    0: MPP_DOMAINS_SET_STACK_SIZE: stack size set to   600000.
2025-03-12 07:28:01,538 - isca - DEBUG - starting            1  OpenMP threads per MPI-task
2025-03-12 07:28:01,540 - isca - DEBUG - ATMOS MODEL DOMAIN DECOMPOSITION
2025-03-12 07:28:01,540 - isca - DEBUG - X-AXIS =  128
2025-03-12 07:28:01,540 - isca - DEBUG - Y-AXIS =    4   4   4   4   4   4   4   4   4   4   4   4   4   4   4   4
2025-03-12 07:28:01,587 - isca - DEBUG - NOTE from PE    0: cloud_simple: Using SimCloud cloud scheme
2025-03-12 07:28:01,588 - isca - DEBUG - NOTE from PE    0: ls_cloud: Using linear cloud fraction diagnostic formula.
2025-03-12 07:28:01,589 - isca - DEBUG - NOTE from PE    0: cloud_cover: The cloud overlap assumption is MAXIMUM-RANDOM
2025-03-12 07:28:01,589 - isca - DEBUG - NOTE from PE    0: idealized_moist_phys: Using Frierson Quasi-Equilibrium convection scheme.
2025-03-12 07:28:01,590 - isca - DEBUG - 
2025-03-12 07:28:01,590 - isca - DEBUG - 
2025-03-12 07:28:01,590 - isca - WARNING - WARNING from PE    8: socrates_init: dt_rad does not fit into one day an integer number of times
2025-03-12 07:28:01,590 - isca - DEBUG - 
2025-03-12 07:28:01,590 - isca - WARNING - WARNING from PE    7: socrates_init: dt_rad does not fit into one day an integer number of times
2025-03-12 07:28:01,590 - isca - DEBUG - 
2025-03-12 07:28:01,590 - isca - DEBUG - 
2025-03-12 07:28:01,590 - isca - WARNING - WARNING from PE    9: socrates_init: dt_rad does not fit into one day an integer number of times
2025-03-12 07:28:01,590 - isca - DEBUG - 
2025-03-12 07:28:01,590 - isca - DEBUG - 
2025-03-12 07:28:01,590 - isca - WARNING - WARNING from PE   15: socrates_init: dt_rad does not fit into one day an integer number of times
2025-03-12 07:28:01,590 - isca - DEBUG - 
2025-03-12 07:28:01,590 - isca - DEBUG - 
2025-03-12 07:28:01,590 - isca - WARNING - WARNING from PE   11: socrates_init: dt_rad does not fit into one day an integer number of times
2025-03-12 07:28:01,590 - isca - DEBUG - 
2025-03-12 07:28:01,590 - isca - DEBUG - 
2025-03-12 07:28:01,590 - isca - WARNING - WARNING from PE   12: socrates_init: dt_rad does not fit into one day an integer number of times
2025-03-12 07:28:01,590 - isca - DEBUG - 
2025-03-12 07:28:01,590 - isca - DEBUG - 
2025-03-12 07:28:01,590 - isca - DEBUG - 
2025-03-12 07:28:01,590 - isca - WARNING - WARNING from PE   14: socrates_init: dt_rad does not fit into one day an integer number of times
2025-03-12 07:28:01,590 - isca - DEBUG - 
2025-03-12 07:28:01,590 - isca - DEBUG - 
2025-03-12 07:28:01,590 - isca - WARNING - WARNING from PE   10: socrates_init: dt_rad does not fit into one day an integer number of times
2025-03-12 07:28:01,591 - isca - DEBUG - 
2025-03-12 07:28:01,591 - isca - WARNING - WARNING from PE   13: socrates_init: dt_rad does not fit into one day an integer number of times
2025-03-12 07:28:01,591 - isca - DEBUG - 
2025-03-12 07:28:01,593 - isca - DEBUG - 
2025-03-12 07:28:01,593 - isca - WARNING - WARNING from PE    4: socrates_init: dt_rad does not fit into one day an integer number of times
2025-03-12 07:28:01,593 - isca - DEBUG - 
2025-03-12 07:28:01,593 - isca - DEBUG - 
2025-03-12 07:28:01,594 - isca - WARNING - WARNING from PE    6: socrates_init: dt_rad does not fit into one day an integer number of times
2025-03-12 07:28:01,594 - isca - DEBUG - 
2025-03-12 07:28:01,594 - isca - DEBUG - 
2025-03-12 07:28:01,594 - isca - WARNING - WARNING from PE    5: socrates_init: dt_rad does not fit into one day an integer number of times
2025-03-12 07:28:01,594 - isca - DEBUG - 
2025-03-12 07:28:01,594 - isca - DEBUG - 
2025-03-12 07:28:01,594 - isca - WARNING - WARNING from PE    3: socrates_init: dt_rad does not fit into one day an integer number of times
2025-03-12 07:28:01,594 - isca - DEBUG - 
2025-03-12 07:28:01,594 - isca - DEBUG - 
2025-03-12 07:28:01,594 - isca - WARNING - WARNING from PE    1: socrates_init: dt_rad does not fit into one day an integer number of times
2025-03-12 07:28:01,594 - isca - DEBUG - 
2025-03-12 07:28:01,596 - isca - DEBUG - 
2025-03-12 07:28:01,596 - isca - WARNING - WARNING from PE    2: socrates_init: dt_rad does not fit into one day an integer number of times
2025-03-12 07:28:01,596 - isca - DEBUG - 
2025-03-12 07:28:01,599 - isca - DEBUG - 
2025-03-12 07:28:01,599 - isca - WARNING - WARNING from PE    0: socrates_init: dt_rad does not fit into one day an integer number of times
2025-03-12 07:28:01,599 - isca - DEBUG - 
2025-03-12 07:28:01,599 - isca - DEBUG - 
2025-03-12 07:28:01,599 - isca - WARNING - WARNING from PE    0: socrates_init: dt_rad does not fit into one day an integer number of times
2025-03-12 07:28:01,599 - isca - DEBUG - 
2025-03-12 07:28:01,599 - isca - DEBUG - 
2025-03-12 07:28:01,599 - isca - WARNING - WARNING from PE    0: socrates_init: lw_hires_spectral_filename is unset, making equal to lw_spectral_filename
2025-03-12 07:28:01,599 - isca - DEBUG - 
2025-03-12 07:28:01,599 - isca - DEBUG - 
2025-03-12 07:28:01,599 - isca - WARNING - WARNING from PE    0: socrates_init: lw_hires_spectral_filename is unset, making equal to lw_spectral_filename
2025-03-12 07:28:01,599 - isca - DEBUG - 
2025-03-12 07:28:01,599 - isca - DEBUG - 
2025-03-12 07:28:01,599 - isca - WARNING - WARNING from PE    0: socrates_init: sw_hires_spectral_filename is unset, making equal to sw_spectral_filename
2025-03-12 07:28:01,599 - isca - DEBUG - 
2025-03-12 07:28:01,599 - isca - DEBUG - 
2025-03-12 07:28:01,599 - isca - WARNING - WARNING from PE    0: socrates_init: sw_hires_spectral_filename is unset, making equal to sw_spectral_filename
2025-03-12 07:28:01,599 - isca - DEBUG - 
2025-03-12 07:28:02,795 - isca - DEBUG - NOTE from PE    0: Interpolator: Using input file with no time dimension - ozone_1990_notime_zero.nc
2025-03-12 07:28:02,795 - isca - DEBUG - Initializing src field : ozone_1990
2025-03-12 07:28:02,797 - isca - DEBUG - 
2025-03-12 07:28:02,797 - isca - DEBUG - -----------------------------------
2025-03-12 07:28:02,797 - isca - DEBUG - ____                       _
2025-03-12 07:28:02,797 - isca - DEBUG - / ___|  ___   ___ _ __ __ _| |_ ___  ___
2025-03-12 07:28:02,797 - isca - DEBUG - \___ \ / _ \ / __|  __/ _` | __/ _ \/ __|
2025-03-12 07:28:02,797 - isca - DEBUG - ___) | (_) | (__| | | (_| | ||  __/\__ \
2025-03-12 07:28:02,797 - isca - DEBUG - |____/ \___/ \___|_|  \__,_|\__\___||___/
2025-03-12 07:28:02,797 - isca - DEBUG - 
2025-03-12 07:28:02,797 - isca - DEBUG - Initialised Socrates v17.03
2025-03-12 07:28:02,797 - isca - DEBUG - Stellar constant =    1400.00000000000
2025-03-12 07:28:02,798 - isca - DEBUG - Longwave spectral file =
2025-03-12 07:28:02,798 - isca - DEBUG - /proj/bolinc/users/x_ryabo/socrates_edited_for_isca/spectral_files_for_GCMs/Sun
2025-03-12 07:28:02,798 - isca - DEBUG - /miniSuran_lw.sf WITH           16  bands
2025-03-12 07:28:02,798 - isca - DEBUG - Longwave hires spectral file =
2025-03-12 07:28:02,798 - isca - DEBUG - /proj/bolinc/users/x_ryabo/socrates_edited_for_isca/spectral_files_for_GCMs/Sun
2025-03-12 07:28:02,798 - isca - DEBUG - /miniSuran_lw.sf WITH           16  bands
2025-03-12 07:28:02,798 - isca - DEBUG - Shortwave spectral file =
2025-03-12 07:28:02,798 - isca - DEBUG - /proj/bolinc/users/x_ryabo/socrates_edited_for_isca/spectral_files_for_GCMs/Sun
2025-03-12 07:28:02,798 - isca - DEBUG - /miniSuran_sw.sf WITH           16  bands
2025-03-12 07:28:02,798 - isca - DEBUG - Shortwave hires spectral file =
2025-03-12 07:28:02,798 - isca - DEBUG - /proj/bolinc/users/x_ryabo/socrates_edited_for_isca/spectral_files_for_GCMs/Sun
2025-03-12 07:28:02,798 - isca - DEBUG - /miniSuran_sw.sf WITH           16  bands
2025-03-12 07:28:02,798 - isca - DEBUG - 
2025-03-12 07:28:02,798 - isca - DEBUG - -----------------------------------
2025-03-12 07:28:02,798 - isca - DEBUG - 
2025-03-12 07:28:36,461 - isca - DEBUG - Integration completed through  1351 days     0 seconds
2025-03-12 07:29:09,709 - isca - DEBUG - Integration completed through  1352 days     0 seconds
2025-03-12 07:29:43,012 - isca - DEBUG - Integration completed through  1353 days     0 seconds
2025-03-12 07:30:16,071 - isca - DEBUG - Integration completed through  1354 days     0 seconds
2025-03-12 07:30:49,766 - isca - DEBUG - Integration completed through  1355 days     0 seconds
2025-03-12 07:31:23,291 - isca - DEBUG - Integration completed through  1356 days     0 seconds
2025-03-12 07:31:56,717 - isca - DEBUG - Integration completed through  1357 days     0 seconds
2025-03-12 07:32:31,245 - isca - DEBUG - Integration completed through  1358 days     0 seconds
2025-03-12 07:33:05,802 - isca - DEBUG - Integration completed through  1359 days     0 seconds
2025-03-12 07:33:40,500 - isca - DEBUG - Integration completed through  1360 days     0 seconds
2025-03-12 07:34:14,885 - isca - DEBUG - Integration completed through  1361 days     0 seconds
2025-03-12 07:34:49,348 - isca - DEBUG - Integration completed through  1362 days     0 seconds
2025-03-12 07:35:22,224 - isca - DEBUG - Integration completed through  1363 days     0 seconds
2025-03-12 07:35:54,973 - isca - DEBUG - Integration completed through  1364 days     0 seconds
2025-03-12 07:36:27,897 - isca - DEBUG - Integration completed through  1365 days     0 seconds
2025-03-12 07:37:00,821 - isca - DEBUG - Integration completed through  1366 days     0 seconds
2025-03-12 07:37:33,805 - isca - DEBUG - Integration completed through  1367 days     0 seconds
2025-03-12 07:38:06,690 - isca - DEBUG - Integration completed through  1368 days     0 seconds
2025-03-12 07:38:39,383 - isca - DEBUG - Integration completed through  1369 days     0 seconds
2025-03-12 07:39:12,077 - isca - DEBUG - Integration completed through  1370 days     0 seconds
2025-03-12 07:39:44,626 - isca - DEBUG - Integration completed through  1371 days     0 seconds
2025-03-12 07:40:17,145 - isca - DEBUG - Integration completed through  1372 days     0 seconds
2025-03-12 07:40:49,523 - isca - DEBUG - Integration completed through  1373 days     0 seconds
2025-03-12 07:41:21,857 - isca - DEBUG - Integration completed through  1374 days     0 seconds
2025-03-12 07:41:54,504 - isca - DEBUG - Integration completed through  1375 days     0 seconds
2025-03-12 07:42:27,083 - isca - DEBUG - Integration completed through  1376 days     0 seconds
2025-03-12 07:42:59,592 - isca - DEBUG - Integration completed through  1377 days     0 seconds
2025-03-12 07:43:32,335 - isca - DEBUG - Integration completed through  1378 days     0 seconds
2025-03-12 07:44:05,124 - isca - DEBUG - Integration completed through  1379 days     0 seconds
2025-03-12 07:44:37,773 - isca - DEBUG - Integration completed through  1380 days     0 seconds
2025-03-12 07:44:37,778 - isca - DEBUG - 
2025-03-12 07:44:37,778 - isca - WARNING - WARNING from PE    0: diag_util_mod::opening_file: module/field_name (socrates/soc_toa_sw_down_clr) NOT registered
2025-03-12 07:44:37,778 - isca - DEBUG - 
2025-03-12 07:44:37,778 - isca - DEBUG - 
2025-03-12 07:44:37,779 - isca - WARNING - WARNING from PE    0: diag_util_mod::opening_file: module/field_name (socrates/soc_toa_sw_down_clr) NOT registered
2025-03-12 07:44:37,779 - isca - DEBUG - 
2025-03-12 07:44:37,779 - isca - DEBUG - 
2025-03-12 07:44:37,779 - isca - WARNING - WARNING from PE    0: diag_util_mod::opening_file: module/field_name (cloud_simple/rh_min) NOT registered
2025-03-12 07:44:37,779 - isca - DEBUG - 
2025-03-12 07:44:37,779 - isca - DEBUG - 
2025-03-12 07:44:37,779 - isca - WARNING - WARNING from PE    0: diag_util_mod::opening_file: module/field_name (cloud_simple/rh_min) NOT registered
2025-03-12 07:44:37,779 - isca - DEBUG - 
2025-03-12 07:44:37,789 - isca - DEBUG - NOTE from PE    0: MPP_IO_SET_STACK_SIZE: stack size set to     327680.
2025-03-12 07:44:37,872 - isca - DEBUG - MPP_DOMAINS_STACK high water mark=       40960
2025-03-12 07:44:37,873 - isca - DEBUG - 
2025-03-12 07:44:37,873 - isca - DEBUG - Tabulating mpp_clock statistics across     16 PEs...
2025-03-12 07:44:37,873 - isca - DEBUG - 
2025-03-12 07:44:37,873 - isca - DEBUG - tmin          tmax          tavg          tstd  tfrac grain pemin pemax
2025-03-12 07:44:37,874 - isca - DEBUG - Total runtime                       996.343067    996.348924    996.345620      0.001561  1.000     0     0    15
2025-03-12 07:44:37,874 - isca - DEBUG - MPP_STACK high water mark=           0
2025-03-12 07:44:38,005 - isca - INFO - Run 46 complete
2025-03-12 07:44:38,855 - isca - DEBUG - atmos_monthly.nc combined and copied to data directory
2025-03-12 07:44:42,123 - isca - INFO - Restart archive created at /proj/bolinc/users/x_ryabo/Isca-Ryan_outputs/planetb_presentdayEarth_rot0_Sun_noO3/restarts/res0046.tar.gz
2025-03-12 07:44:42,137 - isca - INFO - Writing namelist to '/proj/bolinc/users/x_ryabo/Isca-Ryan_outputs/planetb_presentdayEarth_rot0_Sun_noO3/run0046/input.nml'
2025-03-12 07:44:42,139 - isca - INFO - Writing field_table to '/proj/bolinc/users/x_ryabo/Isca-Ryan_outputs/planetb_presentdayEarth_rot0_Sun_noO3/run0046/field_table'
2025-03-12 07:44:42,152 - isca - INFO - Writing diag_table to '/proj/bolinc/users/x_ryabo/Isca-Ryan_outputs/planetb_presentdayEarth_rot0_Sun_noO3/run0046/diag_table'
2025-03-12 07:44:42,275 - isca - INFO - Emptied run directory '/home/x_ryabo/Isca-Ryan_tmp/experiment/planetb_presentdayEarth_rot0_Sun_noO3/run'
2025-03-12 07:44:42,300 - isca - INFO - Emptied run directory '/home/x_ryabo/Isca-Ryan_tmp/experiment/planetb_presentdayEarth_rot0_Sun_noO3/run'
2025-03-12 07:44:42,393 - isca - INFO - Writing namelist to '/home/x_ryabo/Isca-Ryan_tmp/experiment/planetb_presentdayEarth_rot0_Sun_noO3/run/input.nml'
2025-03-12 07:44:42,394 - isca - INFO - Writing field_table to '/home/x_ryabo/Isca-Ryan_tmp/experiment/planetb_presentdayEarth_rot0_Sun_noO3/run/field_table'
2025-03-12 07:44:42,407 - isca - INFO - Writing diag_table to '/home/x_ryabo/Isca-Ryan_tmp/experiment/planetb_presentdayEarth_rot0_Sun_noO3/run/diag_table'
2025-03-12 07:44:42,421 - isca - INFO - Using restart file '/proj/bolinc/users/x_ryabo/Isca-Ryan_outputs/planetb_presentdayEarth_rot0_Sun_noO3/restarts/res0046.tar.gz'
2025-03-12 07:44:42,831 - isca - INFO - Restart /proj/bolinc/users/x_ryabo/Isca-Ryan_outputs/planetb_presentdayEarth_rot0_Sun_noO3/restarts/res0046.tar.gz extracted to /home/x_ryabo/Isca-Ryan_tmp/experiment/planetb_presentdayEarth_rot0_Sun_noO3/run/INPUT
2025-03-12 07:44:42,832 - isca - INFO - Beginning run 47
2025-03-12 07:44:42,845 - isca - INFO - process running as 3940260
2025-03-12 07:44:42,845 - isca - DEBUG - loadmodules for Isca on NSC cluster Tetralith
2025-03-12 07:44:42,845 - isca - DEBUG - mpiifort
2025-03-12 07:44:42,947 - isca - DEBUG - The following modules were not unloaded:
2025-03-12 07:44:42,947 - isca - DEBUG - (Use "module --force purge" to unload all):
2025-03-12 07:44:42,947 - isca - DEBUG - 
2025-03-12 07:44:42,947 - isca - DEBUG - 1) hpc/.1.10.1
2025-03-12 07:44:43,046 - isca - DEBUG - ***************************************************
2025-03-12 07:44:43,047 - isca - DEBUG - You have loaded a buildenv module
2025-03-12 07:44:43,047 - isca - DEBUG - ***************************************************
2025-03-12 07:44:43,047 - isca - DEBUG - The buldenv-intel module makes available:
2025-03-12 07:44:43,047 - isca - DEBUG - - Compilers: icc, ifort, etc.
2025-03-12 07:44:43,047 - isca - DEBUG - - Mpi library with mpi-wrapped compilers: intel mpi with mpicc, mpifort, etc.
2025-03-12 07:44:43,047 - isca - DEBUG - - Numerical libraries: intel MKL
2025-03-12 07:44:43,047 - isca - DEBUG - 
2025-03-12 07:44:43,047 - isca - DEBUG - It also makes a set of dependency library modules available via
2025-03-12 07:44:43,047 - isca - DEBUG - the regular module command. Just do:
2025-03-12 07:44:43,047 - isca - DEBUG - module avail
2025-03-12 07:44:43,047 - isca - DEBUG - to see what is available.
2025-03-12 07:44:43,047 - isca - DEBUG - 
2025-03-12 07:44:43,047 - isca - DEBUG - NOTE: You shoud never load build environments inside submitted jobs.
2025-03-12 07:44:43,047 - isca - DEBUG - (with the single exception of when using supercomputer time to compile code.)
2025-03-12 07:44:43,047 - isca - DEBUG - 
2025-03-12 07:44:44,257 - isca - DEBUG - NOTE from PE    0: MPP_DOMAINS_SET_STACK_SIZE: stack size set to    32768.
2025-03-12 07:44:44,257 - isca - DEBUG - &MPP_IO_NML
2025-03-12 07:44:44,257 - isca - DEBUG - HEADER_BUFFER_VAL       =       16384,
2025-03-12 07:44:44,257 - isca - DEBUG - GLOBAL_FIELD_ON_ROOT_PE = T,
2025-03-12 07:44:44,257 - isca - DEBUG - IO_CLOCKS_ON    = F,
2025-03-12 07:44:44,257 - isca - DEBUG - SHUFFLE =           0,
2025-03-12 07:44:44,257 - isca - DEBUG - DEFLATE_LEVEL   =          -1
2025-03-12 07:44:44,257 - isca - DEBUG - /
2025-03-12 07:44:44,259 - isca - DEBUG - NOTE from PE    0: MPP_IO_SET_STACK_SIZE: stack size set to     131072.
2025-03-12 07:44:44,260 - isca - DEBUG - NOTE from PE    0: MPP_DOMAINS_SET_STACK_SIZE: stack size set to   600000.
2025-03-12 07:44:44,267 - isca - DEBUG - starting            1  OpenMP threads per MPI-task
2025-03-12 07:44:44,269 - isca - DEBUG - ATMOS MODEL DOMAIN DECOMPOSITION
2025-03-12 07:44:44,269 - isca - DEBUG - X-AXIS =  128
2025-03-12 07:44:44,269 - isca - DEBUG - Y-AXIS =    4   4   4   4   4   4   4   4   4   4   4   4   4   4   4   4
2025-03-12 07:44:44,318 - isca - DEBUG - 
2025-03-12 07:44:44,318 - isca - WARNING - WARNING from PE   12: socrates_init: dt_rad does not fit into one day an integer number of times
2025-03-12 07:44:44,318 - isca - DEBUG - 
2025-03-12 07:44:44,318 - isca - DEBUG - 
2025-03-12 07:44:44,318 - isca - WARNING - WARNING from PE   10: socrates_init: dt_rad does not fit into one day an integer number of times
2025-03-12 07:44:44,318 - isca - DEBUG - 
2025-03-12 07:44:44,318 - isca - DEBUG - 
2025-03-12 07:44:44,318 - isca - WARNING - WARNING from PE    9: socrates_init: dt_rad does not fit into one day an integer number of times
2025-03-12 07:44:44,318 - isca - DEBUG - 
2025-03-12 07:44:44,319 - isca - DEBUG - 
2025-03-12 07:44:44,319 - isca - WARNING - WARNING from PE    8: socrates_init: dt_rad does not fit into one day an integer number of times
2025-03-12 07:44:44,319 - isca - DEBUG - 
2025-03-12 07:44:44,319 - isca - DEBUG - 
2025-03-12 07:44:44,319 - isca - WARNING - WARNING from PE   13: socrates_init: dt_rad does not fit into one day an integer number of times
2025-03-12 07:44:44,319 - isca - DEBUG - 
2025-03-12 07:44:44,319 - isca - DEBUG - 
2025-03-12 07:44:44,319 - isca - WARNING - WARNING from PE   15: socrates_init: dt_rad does not fit into one day an integer number of times
2025-03-12 07:44:44,319 - isca - DEBUG - NOTE from PE    0: cloud_simple: Using SimCloud cloud scheme
2025-03-12 07:44:44,319 - isca - DEBUG - 
2025-03-12 07:44:44,319 - isca - DEBUG - 
2025-03-12 07:44:44,319 - isca - WARNING - WARNING from PE   11: socrates_init: dt_rad does not fit into one day an integer number of times
2025-03-12 07:44:44,319 - isca - DEBUG - 
2025-03-12 07:44:44,319 - isca - DEBUG - 
2025-03-12 07:44:44,319 - isca - WARNING - WARNING from PE    7: socrates_init: dt_rad does not fit into one day an integer number of times
2025-03-12 07:44:44,320 - isca - DEBUG - 
2025-03-12 07:44:44,320 - isca - WARNING - WARNING from PE   14: socrates_init: dt_rad does not fit into one day an integer number of times
2025-03-12 07:44:44,320 - isca - DEBUG - 
2025-03-12 07:44:44,320 - isca - DEBUG - 
2025-03-12 07:44:44,320 - isca - DEBUG - NOTE from PE    0: ls_cloud: Using linear cloud fraction diagnostic formula.
2025-03-12 07:44:44,320 - isca - DEBUG - NOTE from PE    0: cloud_cover: The cloud overlap assumption is MAXIMUM-RANDOM
2025-03-12 07:44:44,320 - isca - DEBUG - NOTE from PE    0: idealized_moist_phys: Using Frierson Quasi-Equilibrium convection scheme.
2025-03-12 07:44:44,324 - isca - DEBUG - 
2025-03-12 07:44:44,324 - isca - DEBUG - 
2025-03-12 07:44:44,324 - isca - WARNING - WARNING from PE    1: socrates_init: dt_rad does not fit into one day an integer number of times
2025-03-12 07:44:44,324 - isca - DEBUG - 
2025-03-12 07:44:44,324 - isca - WARNING - WARNING from PE    6: socrates_init: dt_rad does not fit into one day an integer number of times
2025-03-12 07:44:44,324 - isca - DEBUG - 
2025-03-12 07:44:44,324 - isca - DEBUG - 
2025-03-12 07:44:44,324 - isca - WARNING - WARNING from PE    2: socrates_init: dt_rad does not fit into one day an integer number of times
2025-03-12 07:44:44,324 - isca - DEBUG - 
2025-03-12 07:44:44,324 - isca - WARNING - WARNING from PE    4: socrates_init: dt_rad does not fit into one day an integer number of times
2025-03-12 07:44:44,324 - isca - DEBUG - 
2025-03-12 07:44:44,325 - isca - DEBUG - 
2025-03-12 07:44:44,325 - isca - DEBUG - 
2025-03-12 07:44:44,325 - isca - DEBUG - 
2025-03-12 07:44:44,325 - isca - WARNING - WARNING from PE    5: socrates_init: dt_rad does not fit into one day an integer number of times
2025-03-12 07:44:44,325 - isca - DEBUG - 
2025-03-12 07:44:44,325 - isca - WARNING - WARNING from PE    3: socrates_init: dt_rad does not fit into one day an integer number of times
2025-03-12 07:44:44,325 - isca - DEBUG - 
2025-03-12 07:44:44,330 - isca - DEBUG - 
2025-03-12 07:44:44,330 - isca - WARNING - WARNING from PE    0: socrates_init: dt_rad does not fit into one day an integer number of times
2025-03-12 07:44:44,330 - isca - DEBUG - 
2025-03-12 07:44:44,330 - isca - DEBUG - 
2025-03-12 07:44:44,330 - isca - WARNING - WARNING from PE    0: socrates_init: dt_rad does not fit into one day an integer number of times
2025-03-12 07:44:44,330 - isca - DEBUG - 
2025-03-12 07:44:44,330 - isca - DEBUG - 
2025-03-12 07:44:44,330 - isca - WARNING - WARNING from PE    0: socrates_init: lw_hires_spectral_filename is unset, making equal to lw_spectral_filename
2025-03-12 07:44:44,330 - isca - DEBUG - 
2025-03-12 07:44:44,330 - isca - DEBUG - 
2025-03-12 07:44:44,330 - isca - WARNING - WARNING from PE    0: socrates_init: lw_hires_spectral_filename is unset, making equal to lw_spectral_filename
2025-03-12 07:44:44,330 - isca - DEBUG - 
2025-03-12 07:44:44,330 - isca - DEBUG - 
2025-03-12 07:44:44,330 - isca - WARNING - WARNING from PE    0: socrates_init: sw_hires_spectral_filename is unset, making equal to sw_spectral_filename
2025-03-12 07:44:44,330 - isca - DEBUG - 
2025-03-12 07:44:44,330 - isca - DEBUG - 
2025-03-12 07:44:44,330 - isca - WARNING - WARNING from PE    0: socrates_init: sw_hires_spectral_filename is unset, making equal to sw_spectral_filename
2025-03-12 07:44:44,330 - isca - DEBUG - 
2025-03-12 07:44:45,518 - isca - DEBUG - NOTE from PE    0: Interpolator: Using input file with no time dimension - ozone_1990_notime_zero.nc
2025-03-12 07:44:45,518 - isca - DEBUG - Initializing src field : ozone_1990
2025-03-12 07:44:45,520 - isca - DEBUG - 
2025-03-12 07:44:45,520 - isca - DEBUG - -----------------------------------
2025-03-12 07:44:45,521 - isca - DEBUG - ____                       _
2025-03-12 07:44:45,521 - isca - DEBUG - / ___|  ___   ___ _ __ __ _| |_ ___  ___
2025-03-12 07:44:45,521 - isca - DEBUG - \___ \ / _ \ / __|  __/ _` | __/ _ \/ __|
2025-03-12 07:44:45,521 - isca - DEBUG - ___) | (_) | (__| | | (_| | ||  __/\__ \
2025-03-12 07:44:45,521 - isca - DEBUG - |____/ \___/ \___|_|  \__,_|\__\___||___/
2025-03-12 07:44:45,521 - isca - DEBUG - 
2025-03-12 07:44:45,521 - isca - DEBUG - Initialised Socrates v17.03
2025-03-12 07:44:45,521 - isca - DEBUG - Stellar constant =    1400.00000000000
2025-03-12 07:44:45,521 - isca - DEBUG - Longwave spectral file =
2025-03-12 07:44:45,521 - isca - DEBUG - /proj/bolinc/users/x_ryabo/socrates_edited_for_isca/spectral_files_for_GCMs/Sun
2025-03-12 07:44:45,521 - isca - DEBUG - /miniSuran_lw.sf WITH           16  bands
2025-03-12 07:44:45,521 - isca - DEBUG - Longwave hires spectral file =
2025-03-12 07:44:45,521 - isca - DEBUG - /proj/bolinc/users/x_ryabo/socrates_edited_for_isca/spectral_files_for_GCMs/Sun
2025-03-12 07:44:45,522 - isca - DEBUG - /miniSuran_lw.sf WITH           16  bands
2025-03-12 07:44:45,522 - isca - DEBUG - Shortwave spectral file =
2025-03-12 07:44:45,522 - isca - DEBUG - /proj/bolinc/users/x_ryabo/socrates_edited_for_isca/spectral_files_for_GCMs/Sun
2025-03-12 07:44:45,522 - isca - DEBUG - /miniSuran_sw.sf WITH           16  bands
2025-03-12 07:44:45,522 - isca - DEBUG - Shortwave hires spectral file =
2025-03-12 07:44:45,522 - isca - DEBUG - /proj/bolinc/users/x_ryabo/socrates_edited_for_isca/spectral_files_for_GCMs/Sun
2025-03-12 07:44:45,522 - isca - DEBUG - /miniSuran_sw.sf WITH           16  bands
2025-03-12 07:44:45,522 - isca - DEBUG - 
2025-03-12 07:44:45,522 - isca - DEBUG - -----------------------------------
2025-03-12 07:44:45,522 - isca - DEBUG - 
2025-03-12 07:45:18,322 - isca - DEBUG - Integration completed through  1381 days     0 seconds
2025-03-12 07:45:51,239 - isca - DEBUG - Integration completed through  1382 days     0 seconds
2025-03-12 07:46:25,503 - isca - DEBUG - Integration completed through  1383 days     0 seconds
2025-03-12 07:46:58,299 - isca - DEBUG - Integration completed through  1384 days     0 seconds
2025-03-12 07:47:32,584 - isca - DEBUG - Integration completed through  1385 days     0 seconds
2025-03-12 07:48:07,536 - isca - DEBUG - Integration completed through  1386 days     0 seconds
2025-03-12 07:48:42,208 - isca - DEBUG - Integration completed through  1387 days     0 seconds
2025-03-12 07:49:15,485 - isca - DEBUG - Integration completed through  1388 days     0 seconds
2025-03-12 07:49:48,475 - isca - DEBUG - Integration completed through  1389 days     0 seconds
2025-03-12 07:50:21,337 - isca - DEBUG - Integration completed through  1390 days     0 seconds
2025-03-12 07:50:53,948 - isca - DEBUG - Integration completed through  1391 days     0 seconds
2025-03-12 07:51:26,457 - isca - DEBUG - Integration completed through  1392 days     0 seconds
2025-03-12 07:51:58,999 - isca - DEBUG - Integration completed through  1393 days     0 seconds
2025-03-12 07:52:31,622 - isca - DEBUG - Integration completed through  1394 days     0 seconds
2025-03-12 07:53:04,252 - isca - DEBUG - Integration completed through  1395 days     0 seconds
2025-03-12 07:53:36,729 - isca - DEBUG - Integration completed through  1396 days     0 seconds
2025-03-12 07:54:09,403 - isca - DEBUG - Integration completed through  1397 days     0 seconds
2025-03-12 07:54:42,002 - isca - DEBUG - Integration completed through  1398 days     0 seconds
2025-03-12 07:55:14,539 - isca - DEBUG - Integration completed through  1399 days     0 seconds
2025-03-12 07:55:46,819 - isca - DEBUG - Integration completed through  1400 days     0 seconds
2025-03-12 07:56:19,140 - isca - DEBUG - Integration completed through  1401 days     0 seconds
2025-03-12 07:56:52,046 - isca - DEBUG - Integration completed through  1402 days     0 seconds
2025-03-12 07:57:25,386 - isca - DEBUG - Integration completed through  1403 days     0 seconds
2025-03-12 07:57:58,146 - isca - DEBUG - Integration completed through  1404 days     0 seconds
2025-03-12 07:58:30,762 - isca - DEBUG - Integration completed through  1405 days     0 seconds
2025-03-12 07:59:03,278 - isca - DEBUG - Integration completed through  1406 days     0 seconds
2025-03-12 07:59:35,649 - isca - DEBUG - Integration completed through  1407 days     0 seconds
2025-03-12 08:00:08,174 - isca - DEBUG - Integration completed through  1408 days     0 seconds
2025-03-12 08:00:40,681 - isca - DEBUG - Integration completed through  1409 days     0 seconds
2025-03-12 08:01:13,524 - isca - DEBUG - Integration completed through  1410 days     0 seconds
2025-03-12 08:01:13,575 - isca - DEBUG - 
2025-03-12 08:01:13,575 - isca - WARNING - WARNING from PE    0: diag_util_mod::opening_file: module/field_name (socrates/soc_toa_sw_down_clr) NOT registered
2025-03-12 08:01:13,575 - isca - DEBUG - 
2025-03-12 08:01:13,575 - isca - DEBUG - 
2025-03-12 08:01:13,575 - isca - WARNING - WARNING from PE    0: diag_util_mod::opening_file: module/field_name (socrates/soc_toa_sw_down_clr) NOT registered
2025-03-12 08:01:13,575 - isca - DEBUG - 
2025-03-12 08:01:13,575 - isca - DEBUG - 
2025-03-12 08:01:13,575 - isca - WARNING - WARNING from PE    0: diag_util_mod::opening_file: module/field_name (cloud_simple/rh_min) NOT registered
2025-03-12 08:01:13,575 - isca - DEBUG - 
2025-03-12 08:01:13,575 - isca - DEBUG - 
2025-03-12 08:01:13,575 - isca - WARNING - WARNING from PE    0: diag_util_mod::opening_file: module/field_name (cloud_simple/rh_min) NOT registered
2025-03-12 08:01:13,575 - isca - DEBUG - 
2025-03-12 08:01:13,584 - isca - DEBUG - NOTE from PE    0: MPP_IO_SET_STACK_SIZE: stack size set to     327680.
2025-03-12 08:01:13,679 - isca - DEBUG - MPP_DOMAINS_STACK high water mark=       40960
2025-03-12 08:01:13,680 - isca - DEBUG - 
2025-03-12 08:01:13,680 - isca - DEBUG - Tabulating mpp_clock statistics across     16 PEs...
2025-03-12 08:01:13,680 - isca - DEBUG - 
2025-03-12 08:01:13,680 - isca - DEBUG - tmin          tmax          tavg          tstd  tfrac grain pemin pemax
2025-03-12 08:01:13,681 - isca - DEBUG - Total runtime                       989.420945    989.424587    989.422963      0.000995  1.000     0     0    15
2025-03-12 08:01:13,681 - isca - DEBUG - MPP_STACK high water mark=           0
2025-03-12 08:01:13,849 - isca - INFO - Run 47 complete
2025-03-12 08:01:15,169 - isca - DEBUG - atmos_monthly.nc combined and copied to data directory
2025-03-12 08:01:18,436 - isca - INFO - Restart archive created at /proj/bolinc/users/x_ryabo/Isca-Ryan_outputs/planetb_presentdayEarth_rot0_Sun_noO3/restarts/res0047.tar.gz
2025-03-12 08:01:18,451 - isca - INFO - Writing namelist to '/proj/bolinc/users/x_ryabo/Isca-Ryan_outputs/planetb_presentdayEarth_rot0_Sun_noO3/run0047/input.nml'
2025-03-12 08:01:18,453 - isca - INFO - Writing field_table to '/proj/bolinc/users/x_ryabo/Isca-Ryan_outputs/planetb_presentdayEarth_rot0_Sun_noO3/run0047/field_table'
2025-03-12 08:01:18,467 - isca - INFO - Writing diag_table to '/proj/bolinc/users/x_ryabo/Isca-Ryan_outputs/planetb_presentdayEarth_rot0_Sun_noO3/run0047/diag_table'
2025-03-12 08:01:18,685 - isca - INFO - Emptied run directory '/home/x_ryabo/Isca-Ryan_tmp/experiment/planetb_presentdayEarth_rot0_Sun_noO3/run'
2025-03-12 08:01:18,712 - isca - INFO - Emptied run directory '/home/x_ryabo/Isca-Ryan_tmp/experiment/planetb_presentdayEarth_rot0_Sun_noO3/run'
2025-03-12 08:01:18,810 - isca - INFO - Writing namelist to '/home/x_ryabo/Isca-Ryan_tmp/experiment/planetb_presentdayEarth_rot0_Sun_noO3/run/input.nml'
2025-03-12 08:01:18,812 - isca - INFO - Writing field_table to '/home/x_ryabo/Isca-Ryan_tmp/experiment/planetb_presentdayEarth_rot0_Sun_noO3/run/field_table'
2025-03-12 08:01:18,825 - isca - INFO - Writing diag_table to '/home/x_ryabo/Isca-Ryan_tmp/experiment/planetb_presentdayEarth_rot0_Sun_noO3/run/diag_table'
2025-03-12 08:01:18,841 - isca - INFO - Using restart file '/proj/bolinc/users/x_ryabo/Isca-Ryan_outputs/planetb_presentdayEarth_rot0_Sun_noO3/restarts/res0047.tar.gz'
2025-03-12 08:01:19,258 - isca - INFO - Restart /proj/bolinc/users/x_ryabo/Isca-Ryan_outputs/planetb_presentdayEarth_rot0_Sun_noO3/restarts/res0047.tar.gz extracted to /home/x_ryabo/Isca-Ryan_tmp/experiment/planetb_presentdayEarth_rot0_Sun_noO3/run/INPUT
2025-03-12 08:01:19,258 - isca - INFO - Beginning run 48
2025-03-12 08:01:19,285 - isca - INFO - process running as 3941145
2025-03-12 08:01:19,286 - isca - DEBUG - loadmodules for Isca on NSC cluster Tetralith
2025-03-12 08:01:19,286 - isca - DEBUG - mpiifort
2025-03-12 08:01:19,390 - isca - DEBUG - The following modules were not unloaded:
2025-03-12 08:01:19,390 - isca - DEBUG - (Use "module --force purge" to unload all):
2025-03-12 08:01:19,390 - isca - DEBUG - 
2025-03-12 08:01:19,390 - isca - DEBUG - 1) hpc/.1.10.1
2025-03-12 08:01:19,495 - isca - DEBUG - ***************************************************
2025-03-12 08:01:19,496 - isca - DEBUG - You have loaded a buildenv module
2025-03-12 08:01:19,496 - isca - DEBUG - ***************************************************
2025-03-12 08:01:19,496 - isca - DEBUG - The buldenv-intel module makes available:
2025-03-12 08:01:19,496 - isca - DEBUG - - Compilers: icc, ifort, etc.
2025-03-12 08:01:19,496 - isca - DEBUG - - Mpi library with mpi-wrapped compilers: intel mpi with mpicc, mpifort, etc.
2025-03-12 08:01:19,496 - isca - DEBUG - - Numerical libraries: intel MKL
2025-03-12 08:01:19,496 - isca - DEBUG - 
2025-03-12 08:01:19,496 - isca - DEBUG - It also makes a set of dependency library modules available via
2025-03-12 08:01:19,496 - isca - DEBUG - the regular module command. Just do:
2025-03-12 08:01:19,496 - isca - DEBUG - module avail
2025-03-12 08:01:19,496 - isca - DEBUG - to see what is available.
2025-03-12 08:01:19,496 - isca - DEBUG - 
2025-03-12 08:01:19,496 - isca - DEBUG - NOTE: You shoud never load build environments inside submitted jobs.
2025-03-12 08:01:19,496 - isca - DEBUG - (with the single exception of when using supercomputer time to compile code.)
2025-03-12 08:01:19,496 - isca - DEBUG - 
2025-03-12 08:01:20,736 - isca - DEBUG - NOTE from PE    0: MPP_DOMAINS_SET_STACK_SIZE: stack size set to    32768.
2025-03-12 08:01:20,736 - isca - DEBUG - &MPP_IO_NML
2025-03-12 08:01:20,736 - isca - DEBUG - HEADER_BUFFER_VAL       =       16384,
2025-03-12 08:01:20,736 - isca - DEBUG - GLOBAL_FIELD_ON_ROOT_PE = T,
2025-03-12 08:01:20,736 - isca - DEBUG - IO_CLOCKS_ON    = F,
2025-03-12 08:01:20,736 - isca - DEBUG - SHUFFLE =           0,
2025-03-12 08:01:20,737 - isca - DEBUG - DEFLATE_LEVEL   =          -1
2025-03-12 08:01:20,737 - isca - DEBUG - /
2025-03-12 08:01:20,738 - isca - DEBUG - NOTE from PE    0: MPP_IO_SET_STACK_SIZE: stack size set to     131072.
2025-03-12 08:01:20,739 - isca - DEBUG - NOTE from PE    0: MPP_DOMAINS_SET_STACK_SIZE: stack size set to   600000.
2025-03-12 08:01:20,747 - isca - DEBUG - starting            1  OpenMP threads per MPI-task
2025-03-12 08:01:20,749 - isca - DEBUG - ATMOS MODEL DOMAIN DECOMPOSITION
2025-03-12 08:01:20,749 - isca - DEBUG - X-AXIS =  128
2025-03-12 08:01:20,749 - isca - DEBUG - Y-AXIS =    4   4   4   4   4   4   4   4   4   4   4   4   4   4   4   4
2025-03-12 08:01:20,797 - isca - DEBUG - NOTE from PE    0: cloud_simple: Using SimCloud cloud scheme
2025-03-12 08:01:20,798 - isca - DEBUG - NOTE from PE    0: ls_cloud: Using linear cloud fraction diagnostic formula.
2025-03-12 08:01:20,798 - isca - DEBUG - NOTE from PE    0: cloud_cover: The cloud overlap assumption is MAXIMUM-RANDOM
2025-03-12 08:01:20,798 - isca - DEBUG - 
2025-03-12 08:01:20,798 - isca - DEBUG - NOTE from PE    0: idealized_moist_phys: Using Frierson Quasi-Equilibrium convection scheme.
2025-03-12 08:01:20,798 - isca - WARNING - WARNING from PE   12: socrates_init: dt_rad does not fit into one day an integer number of times
2025-03-12 08:01:20,798 - isca - DEBUG - 
2025-03-12 08:01:20,801 - isca - DEBUG - 
2025-03-12 08:01:20,801 - isca - DEBUG - 
2025-03-12 08:01:20,801 - isca - WARNING - WARNING from PE   13: socrates_init: dt_rad does not fit into one day an integer number of times
2025-03-12 08:01:20,801 - isca - DEBUG - 
2025-03-12 08:01:20,801 - isca - WARNING - WARNING from PE    8: socrates_init: dt_rad does not fit into one day an integer number of times
2025-03-12 08:01:20,801 - isca - DEBUG - 
2025-03-12 08:01:20,801 - isca - WARNING - WARNING from PE   15: socrates_init: dt_rad does not fit into one day an integer number of times
2025-03-12 08:01:20,802 - isca - DEBUG - 
2025-03-12 08:01:20,802 - isca - DEBUG - 
2025-03-12 08:01:20,802 - isca - WARNING - WARNING from PE   11: socrates_init: dt_rad does not fit into one day an integer number of times
2025-03-12 08:01:20,802 - isca - DEBUG - 
2025-03-12 08:01:20,802 - isca - DEBUG - 
2025-03-12 08:01:20,802 - isca - DEBUG - 
2025-03-12 08:01:20,802 - isca - WARNING - WARNING from PE    9: socrates_init: dt_rad does not fit into one day an integer number of times
2025-03-12 08:01:20,802 - isca - DEBUG - 
2025-03-12 08:01:20,802 - isca - DEBUG - 
2025-03-12 08:01:20,802 - isca - WARNING - WARNING from PE   14: socrates_init: dt_rad does not fit into one day an integer number of times
2025-03-12 08:01:20,802 - isca - DEBUG - 
2025-03-12 08:01:20,802 - isca - WARNING - WARNING from PE   10: socrates_init: dt_rad does not fit into one day an integer number of times
2025-03-12 08:01:20,802 - isca - DEBUG - 
2025-03-12 08:01:20,802 - isca - DEBUG - 
2025-03-12 08:01:20,802 - isca - DEBUG - 
2025-03-12 08:01:20,802 - isca - WARNING - WARNING from PE    7: socrates_init: dt_rad does not fit into one day an integer number of times
2025-03-12 08:01:20,802 - isca - DEBUG - 
2025-03-12 08:01:20,802 - isca - WARNING - WARNING from PE    4: socrates_init: dt_rad does not fit into one day an integer number of times
2025-03-12 08:01:20,802 - isca - DEBUG - 
2025-03-12 08:01:20,802 - isca - DEBUG - 
2025-03-12 08:01:20,802 - isca - DEBUG - 
2025-03-12 08:01:20,802 - isca - WARNING - WARNING from PE    6: socrates_init: dt_rad does not fit into one day an integer number of times
2025-03-12 08:01:20,802 - isca - DEBUG - 
2025-03-12 08:01:20,803 - isca - DEBUG - 
2025-03-12 08:01:20,803 - isca - DEBUG - 
2025-03-12 08:01:20,803 - isca - WARNING - WARNING from PE    3: socrates_init: dt_rad does not fit into one day an integer number of times
2025-03-12 08:01:20,803 - isca - DEBUG - 
2025-03-12 08:01:20,803 - isca - WARNING - WARNING from PE    5: socrates_init: dt_rad does not fit into one day an integer number of times
2025-03-12 08:01:20,803 - isca - DEBUG - 
2025-03-12 08:01:20,803 - isca - DEBUG - 
2025-03-12 08:01:20,803 - isca - WARNING - WARNING from PE    1: socrates_init: dt_rad does not fit into one day an integer number of times
2025-03-12 08:01:20,803 - isca - DEBUG - 
2025-03-12 08:01:20,805 - isca - DEBUG - 
2025-03-12 08:01:20,805 - isca - WARNING - WARNING from PE    2: socrates_init: dt_rad does not fit into one day an integer number of times
2025-03-12 08:01:20,805 - isca - DEBUG - 
2025-03-12 08:01:20,807 - isca - DEBUG - 
2025-03-12 08:01:20,808 - isca - WARNING - WARNING from PE    0: socrates_init: dt_rad does not fit into one day an integer number of times
2025-03-12 08:01:20,808 - isca - DEBUG - 
2025-03-12 08:01:20,808 - isca - DEBUG - 
2025-03-12 08:01:20,808 - isca - WARNING - WARNING from PE    0: socrates_init: dt_rad does not fit into one day an integer number of times
2025-03-12 08:01:20,808 - isca - DEBUG - 
2025-03-12 08:01:20,808 - isca - DEBUG - 
2025-03-12 08:01:20,808 - isca - WARNING - WARNING from PE    0: socrates_init: lw_hires_spectral_filename is unset, making equal to lw_spectral_filename
2025-03-12 08:01:20,808 - isca - DEBUG - 
2025-03-12 08:01:20,808 - isca - DEBUG - 
2025-03-12 08:01:20,808 - isca - WARNING - WARNING from PE    0: socrates_init: lw_hires_spectral_filename is unset, making equal to lw_spectral_filename
2025-03-12 08:01:20,808 - isca - DEBUG - 
2025-03-12 08:01:20,808 - isca - DEBUG - 
2025-03-12 08:01:20,808 - isca - WARNING - WARNING from PE    0: socrates_init: sw_hires_spectral_filename is unset, making equal to sw_spectral_filename
2025-03-12 08:01:20,808 - isca - DEBUG - 
2025-03-12 08:01:20,808 - isca - DEBUG - 
2025-03-12 08:01:20,808 - isca - WARNING - WARNING from PE    0: socrates_init: sw_hires_spectral_filename is unset, making equal to sw_spectral_filename
2025-03-12 08:01:20,808 - isca - DEBUG - 
2025-03-12 08:01:22,059 - isca - DEBUG - NOTE from PE    0: Interpolator: Using input file with no time dimension - ozone_1990_notime_zero.nc
2025-03-12 08:01:22,059 - isca - DEBUG - Initializing src field : ozone_1990
2025-03-12 08:01:22,060 - isca - DEBUG - 
2025-03-12 08:01:22,060 - isca - DEBUG - -----------------------------------
2025-03-12 08:01:22,060 - isca - DEBUG - ____                       _
2025-03-12 08:01:22,060 - isca - DEBUG - / ___|  ___   ___ _ __ __ _| |_ ___  ___
2025-03-12 08:01:22,060 - isca - DEBUG - \___ \ / _ \ / __|  __/ _` | __/ _ \/ __|
2025-03-12 08:01:22,060 - isca - DEBUG - ___) | (_) | (__| | | (_| | ||  __/\__ \
2025-03-12 08:01:22,061 - isca - DEBUG - |____/ \___/ \___|_|  \__,_|\__\___||___/
2025-03-12 08:01:22,061 - isca - DEBUG - 
2025-03-12 08:01:22,061 - isca - DEBUG - Initialised Socrates v17.03
2025-03-12 08:01:22,061 - isca - DEBUG - Stellar constant =    1400.00000000000
2025-03-12 08:01:22,061 - isca - DEBUG - Longwave spectral file =
2025-03-12 08:01:22,061 - isca - DEBUG - /proj/bolinc/users/x_ryabo/socrates_edited_for_isca/spectral_files_for_GCMs/Sun
2025-03-12 08:01:22,061 - isca - DEBUG - /miniSuran_lw.sf WITH           16  bands
2025-03-12 08:01:22,061 - isca - DEBUG - Longwave hires spectral file =
2025-03-12 08:01:22,061 - isca - DEBUG - /proj/bolinc/users/x_ryabo/socrates_edited_for_isca/spectral_files_for_GCMs/Sun
2025-03-12 08:01:22,061 - isca - DEBUG - /miniSuran_lw.sf WITH           16  bands
2025-03-12 08:01:22,061 - isca - DEBUG - Shortwave spectral file =
2025-03-12 08:01:22,061 - isca - DEBUG - /proj/bolinc/users/x_ryabo/socrates_edited_for_isca/spectral_files_for_GCMs/Sun
2025-03-12 08:01:22,061 - isca - DEBUG - /miniSuran_sw.sf WITH           16  bands
2025-03-12 08:01:22,061 - isca - DEBUG - Shortwave hires spectral file =
2025-03-12 08:01:22,061 - isca - DEBUG - /proj/bolinc/users/x_ryabo/socrates_edited_for_isca/spectral_files_for_GCMs/Sun
2025-03-12 08:01:22,061 - isca - DEBUG - /miniSuran_sw.sf WITH           16  bands
2025-03-12 08:01:22,061 - isca - DEBUG - 
2025-03-12 08:01:22,061 - isca - DEBUG - -----------------------------------
2025-03-12 08:01:22,061 - isca - DEBUG - 
2025-03-12 08:01:55,885 - isca - DEBUG - Integration completed through  1411 days     0 seconds
2025-03-12 08:02:28,854 - isca - DEBUG - Integration completed through  1412 days     0 seconds
2025-03-12 08:03:02,464 - isca - DEBUG - Integration completed through  1413 days     0 seconds
2025-03-12 08:03:35,867 - isca - DEBUG - Integration completed through  1414 days     0 seconds
2025-03-12 08:04:08,802 - isca - DEBUG - Integration completed through  1415 days     0 seconds
2025-03-12 08:04:41,710 - isca - DEBUG - Integration completed through  1416 days     0 seconds
2025-03-12 08:05:14,614 - isca - DEBUG - Integration completed through  1417 days     0 seconds
2025-03-12 08:05:47,681 - isca - DEBUG - Integration completed through  1418 days     0 seconds
2025-03-12 08:06:20,725 - isca - DEBUG - Integration completed through  1419 days     0 seconds
2025-03-12 08:06:53,707 - isca - DEBUG - Integration completed through  1420 days     0 seconds
2025-03-12 08:07:26,682 - isca - DEBUG - Integration completed through  1421 days     0 seconds
2025-03-12 08:07:59,528 - isca - DEBUG - Integration completed through  1422 days     0 seconds
2025-03-12 08:08:33,026 - isca - DEBUG - Integration completed through  1423 days     0 seconds
2025-03-12 08:09:07,089 - isca - DEBUG - Integration completed through  1424 days     0 seconds
2025-03-12 08:09:40,798 - isca - DEBUG - Integration completed through  1425 days     0 seconds
2025-03-12 08:10:14,526 - isca - DEBUG - Integration completed through  1426 days     0 seconds
2025-03-12 08:10:48,158 - isca - DEBUG - Integration completed through  1427 days     0 seconds
2025-03-12 08:11:21,385 - isca - DEBUG - Integration completed through  1428 days     0 seconds
2025-03-12 08:11:54,626 - isca - DEBUG - Integration completed through  1429 days     0 seconds
2025-03-12 08:12:27,847 - isca - DEBUG - Integration completed through  1430 days     0 seconds
2025-03-12 08:13:01,028 - isca - DEBUG - Integration completed through  1431 days     0 seconds
2025-03-12 08:13:34,205 - isca - DEBUG - Integration completed through  1432 days     0 seconds
2025-03-12 08:14:07,153 - isca - DEBUG - Integration completed through  1433 days     0 seconds
2025-03-12 08:14:40,871 - isca - DEBUG - Integration completed through  1434 days     0 seconds
2025-03-12 08:15:14,331 - isca - DEBUG - Integration completed through  1435 days     0 seconds
2025-03-12 08:15:47,245 - isca - DEBUG - Integration completed through  1436 days     0 seconds
2025-03-12 08:16:20,207 - isca - DEBUG - Integration completed through  1437 days     0 seconds
2025-03-12 08:16:53,172 - isca - DEBUG - Integration completed through  1438 days     0 seconds
2025-03-12 08:17:26,041 - isca - DEBUG - Integration completed through  1439 days     0 seconds
2025-03-12 08:17:59,029 - isca - DEBUG - Integration completed through  1440 days     0 seconds
2025-03-12 08:17:59,037 - isca - DEBUG - 
2025-03-12 08:17:59,038 - isca - WARNING - WARNING from PE    0: diag_util_mod::opening_file: module/field_name (socrates/soc_toa_sw_down_clr) NOT registered
2025-03-12 08:17:59,038 - isca - DEBUG - 
2025-03-12 08:17:59,038 - isca - DEBUG - 
2025-03-12 08:17:59,039 - isca - WARNING - WARNING from PE    0: diag_util_mod::opening_file: module/field_name (socrates/soc_toa_sw_down_clr) NOT registered
2025-03-12 08:17:59,039 - isca - DEBUG - 
2025-03-12 08:17:59,039 - isca - DEBUG - 
2025-03-12 08:17:59,039 - isca - WARNING - WARNING from PE    0: diag_util_mod::opening_file: module/field_name (cloud_simple/rh_min) NOT registered
2025-03-12 08:17:59,039 - isca - DEBUG - 
2025-03-12 08:17:59,039 - isca - DEBUG - 
2025-03-12 08:17:59,039 - isca - WARNING - WARNING from PE    0: diag_util_mod::opening_file: module/field_name (cloud_simple/rh_min) NOT registered
2025-03-12 08:17:59,039 - isca - DEBUG - 
2025-03-12 08:17:59,048 - isca - DEBUG - NOTE from PE    0: MPP_IO_SET_STACK_SIZE: stack size set to     327680.
2025-03-12 08:17:59,136 - isca - DEBUG - MPP_DOMAINS_STACK high water mark=       40960
2025-03-12 08:17:59,136 - isca - DEBUG - 
2025-03-12 08:17:59,136 - isca - DEBUG - Tabulating mpp_clock statistics across     16 PEs...
2025-03-12 08:17:59,136 - isca - DEBUG - 
2025-03-12 08:17:59,136 - isca - DEBUG - tmin          tmax          tavg          tstd  tfrac grain pemin pemax
2025-03-12 08:17:59,136 - isca - DEBUG - Total runtime                       998.397762    998.403350    998.400091      0.001683  1.000     0     0    15
2025-03-12 08:17:59,137 - isca - DEBUG - MPP_STACK high water mark=           0
2025-03-12 08:17:59,254 - isca - INFO - Run 48 complete
2025-03-12 08:18:00,394 - isca - DEBUG - atmos_monthly.nc combined and copied to data directory
2025-03-12 08:18:03,654 - isca - INFO - Restart archive created at /proj/bolinc/users/x_ryabo/Isca-Ryan_outputs/planetb_presentdayEarth_rot0_Sun_noO3/restarts/res0048.tar.gz
2025-03-12 08:18:03,668 - isca - INFO - Writing namelist to '/proj/bolinc/users/x_ryabo/Isca-Ryan_outputs/planetb_presentdayEarth_rot0_Sun_noO3/run0048/input.nml'
2025-03-12 08:18:03,669 - isca - INFO - Writing field_table to '/proj/bolinc/users/x_ryabo/Isca-Ryan_outputs/planetb_presentdayEarth_rot0_Sun_noO3/run0048/field_table'
2025-03-12 08:18:03,683 - isca - INFO - Writing diag_table to '/proj/bolinc/users/x_ryabo/Isca-Ryan_outputs/planetb_presentdayEarth_rot0_Sun_noO3/run0048/diag_table'
2025-03-12 08:18:03,797 - isca - INFO - Emptied run directory '/home/x_ryabo/Isca-Ryan_tmp/experiment/planetb_presentdayEarth_rot0_Sun_noO3/run'
2025-03-12 08:18:03,824 - isca - INFO - Emptied run directory '/home/x_ryabo/Isca-Ryan_tmp/experiment/planetb_presentdayEarth_rot0_Sun_noO3/run'
2025-03-12 08:18:03,918 - isca - INFO - Writing namelist to '/home/x_ryabo/Isca-Ryan_tmp/experiment/planetb_presentdayEarth_rot0_Sun_noO3/run/input.nml'
2025-03-12 08:18:03,920 - isca - INFO - Writing field_table to '/home/x_ryabo/Isca-Ryan_tmp/experiment/planetb_presentdayEarth_rot0_Sun_noO3/run/field_table'
2025-03-12 08:18:03,933 - isca - INFO - Writing diag_table to '/home/x_ryabo/Isca-Ryan_tmp/experiment/planetb_presentdayEarth_rot0_Sun_noO3/run/diag_table'
2025-03-12 08:18:03,949 - isca - INFO - Using restart file '/proj/bolinc/users/x_ryabo/Isca-Ryan_outputs/planetb_presentdayEarth_rot0_Sun_noO3/restarts/res0048.tar.gz'
2025-03-12 08:18:04,368 - isca - INFO - Restart /proj/bolinc/users/x_ryabo/Isca-Ryan_outputs/planetb_presentdayEarth_rot0_Sun_noO3/restarts/res0048.tar.gz extracted to /home/x_ryabo/Isca-Ryan_tmp/experiment/planetb_presentdayEarth_rot0_Sun_noO3/run/INPUT
2025-03-12 08:18:04,369 - isca - INFO - Beginning run 49
2025-03-12 08:18:04,384 - isca - INFO - process running as 3942103
2025-03-12 08:18:04,384 - isca - DEBUG - loadmodules for Isca on NSC cluster Tetralith
2025-03-12 08:18:04,384 - isca - DEBUG - mpiifort
2025-03-12 08:18:04,485 - isca - DEBUG - The following modules were not unloaded:
2025-03-12 08:18:04,485 - isca - DEBUG - (Use "module --force purge" to unload all):
2025-03-12 08:18:04,485 - isca - DEBUG - 
2025-03-12 08:18:04,485 - isca - DEBUG - 1) hpc/.1.10.1
2025-03-12 08:18:04,582 - isca - DEBUG - ***************************************************
2025-03-12 08:18:04,583 - isca - DEBUG - You have loaded a buildenv module
2025-03-12 08:18:04,583 - isca - DEBUG - ***************************************************
2025-03-12 08:18:04,583 - isca - DEBUG - The buldenv-intel module makes available:
2025-03-12 08:18:04,583 - isca - DEBUG - - Compilers: icc, ifort, etc.
2025-03-12 08:18:04,583 - isca - DEBUG - - Mpi library with mpi-wrapped compilers: intel mpi with mpicc, mpifort, etc.
2025-03-12 08:18:04,583 - isca - DEBUG - - Numerical libraries: intel MKL
2025-03-12 08:18:04,583 - isca - DEBUG - 
2025-03-12 08:18:04,583 - isca - DEBUG - It also makes a set of dependency library modules available via
2025-03-12 08:18:04,583 - isca - DEBUG - the regular module command. Just do:
2025-03-12 08:18:04,583 - isca - DEBUG - module avail
2025-03-12 08:18:04,583 - isca - DEBUG - to see what is available.
2025-03-12 08:18:04,583 - isca - DEBUG - 
2025-03-12 08:18:04,583 - isca - DEBUG - NOTE: You shoud never load build environments inside submitted jobs.
2025-03-12 08:18:04,583 - isca - DEBUG - (with the single exception of when using supercomputer time to compile code.)
2025-03-12 08:18:04,583 - isca - DEBUG - 
2025-03-12 08:18:05,778 - isca - DEBUG - NOTE from PE    0: MPP_DOMAINS_SET_STACK_SIZE: stack size set to    32768.
2025-03-12 08:18:05,778 - isca - DEBUG - &MPP_IO_NML
2025-03-12 08:18:05,778 - isca - DEBUG - HEADER_BUFFER_VAL       =       16384,
2025-03-12 08:18:05,778 - isca - DEBUG - GLOBAL_FIELD_ON_ROOT_PE = T,
2025-03-12 08:18:05,779 - isca - DEBUG - IO_CLOCKS_ON    = F,
2025-03-12 08:18:05,779 - isca - DEBUG - SHUFFLE =           0,
2025-03-12 08:18:05,779 - isca - DEBUG - DEFLATE_LEVEL   =          -1
2025-03-12 08:18:05,779 - isca - DEBUG - /
2025-03-12 08:18:05,780 - isca - DEBUG - NOTE from PE    0: MPP_IO_SET_STACK_SIZE: stack size set to     131072.
2025-03-12 08:18:05,781 - isca - DEBUG - NOTE from PE    0: MPP_DOMAINS_SET_STACK_SIZE: stack size set to   600000.
2025-03-12 08:18:05,789 - isca - DEBUG - starting            1  OpenMP threads per MPI-task
2025-03-12 08:18:05,790 - isca - DEBUG - ATMOS MODEL DOMAIN DECOMPOSITION
2025-03-12 08:18:05,791 - isca - DEBUG - X-AXIS =  128
2025-03-12 08:18:05,791 - isca - DEBUG - Y-AXIS =    4   4   4   4   4   4   4   4   4   4   4   4   4   4   4   4
2025-03-12 08:18:05,835 - isca - DEBUG - 
2025-03-12 08:18:05,836 - isca - WARNING - WARNING from PE   13: socrates_init: dt_rad does not fit into one day an integer number of times
2025-03-12 08:18:05,836 - isca - DEBUG - 
2025-03-12 08:18:05,840 - isca - DEBUG - NOTE from PE    0: cloud_simple: Using SimCloud cloud scheme
2025-03-12 08:18:05,841 - isca - DEBUG - NOTE from PE    0: ls_cloud: Using linear cloud fraction diagnostic formula.
2025-03-12 08:18:05,841 - isca - DEBUG - 
2025-03-12 08:18:05,841 - isca - WARNING - WARNING from PE    9: socrates_init: dt_rad does not fit into one day an integer number of times
2025-03-12 08:18:05,841 - isca - DEBUG - 
2025-03-12 08:18:05,842 - isca - DEBUG - NOTE from PE    0: cloud_cover: The cloud overlap assumption is MAXIMUM-RANDOM
2025-03-12 08:18:05,842 - isca - DEBUG - NOTE from PE    0: idealized_moist_phys: Using Frierson Quasi-Equilibrium convection scheme.
2025-03-12 08:18:05,843 - isca - DEBUG - 
2025-03-12 08:18:05,843 - isca - WARNING - WARNING from PE   12: socrates_init: dt_rad does not fit into one day an integer number of times
2025-03-12 08:18:05,843 - isca - DEBUG - 
2025-03-12 08:18:05,843 - isca - DEBUG - 
2025-03-12 08:18:05,843 - isca - WARNING - WARNING from PE   14: socrates_init: dt_rad does not fit into one day an integer number of times
2025-03-12 08:18:05,843 - isca - DEBUG - 
2025-03-12 08:18:05,843 - isca - DEBUG - 
2025-03-12 08:18:05,843 - isca - WARNING - WARNING from PE   15: socrates_init: dt_rad does not fit into one day an integer number of times
2025-03-12 08:18:05,843 - isca - DEBUG - 
2025-03-12 08:18:05,844 - isca - DEBUG - 
2025-03-12 08:18:05,844 - isca - WARNING - WARNING from PE   10: socrates_init: dt_rad does not fit into one day an integer number of times
2025-03-12 08:18:05,844 - isca - DEBUG - 
2025-03-12 08:18:05,844 - isca - DEBUG - 
2025-03-12 08:18:05,844 - isca - WARNING - WARNING from PE   11: socrates_init: dt_rad does not fit into one day an integer number of times
2025-03-12 08:18:05,844 - isca - DEBUG - 
2025-03-12 08:18:05,845 - isca - DEBUG - 
2025-03-12 08:18:05,845 - isca - WARNING - WARNING from PE    7: socrates_init: dt_rad does not fit into one day an integer number of times
2025-03-12 08:18:05,845 - isca - DEBUG - 
2025-03-12 08:18:05,845 - isca - DEBUG - 
2025-03-12 08:18:05,845 - isca - WARNING - WARNING from PE    8: socrates_init: dt_rad does not fit into one day an integer number of times
2025-03-12 08:18:05,845 - isca - DEBUG - 
2025-03-12 08:18:05,845 - isca - DEBUG - 
2025-03-12 08:18:05,845 - isca - WARNING - WARNING from PE    4: socrates_init: dt_rad does not fit into one day an integer number of times
2025-03-12 08:18:05,845 - isca - DEBUG - 
2025-03-12 08:18:05,845 - isca - DEBUG - 
2025-03-12 08:18:05,845 - isca - WARNING - WARNING from PE    2: socrates_init: dt_rad does not fit into one day an integer number of times
2025-03-12 08:18:05,845 - isca - DEBUG - 
2025-03-12 08:18:05,845 - isca - DEBUG - 
2025-03-12 08:18:05,845 - isca - WARNING - WARNING from PE    5: socrates_init: dt_rad does not fit into one day an integer number of times
2025-03-12 08:18:05,845 - isca - DEBUG - 
2025-03-12 08:18:05,846 - isca - DEBUG - 
2025-03-12 08:18:05,846 - isca - WARNING - WARNING from PE    1: socrates_init: dt_rad does not fit into one day an integer number of times
2025-03-12 08:18:05,846 - isca - DEBUG - 
2025-03-12 08:18:05,846 - isca - DEBUG - 
2025-03-12 08:18:05,846 - isca - WARNING - WARNING from PE    3: socrates_init: dt_rad does not fit into one day an integer number of times
2025-03-12 08:18:05,846 - isca - DEBUG - 
2025-03-12 08:18:05,849 - isca - DEBUG - 
2025-03-12 08:18:05,849 - isca - WARNING - WARNING from PE    6: socrates_init: dt_rad does not fit into one day an integer number of times
2025-03-12 08:18:05,849 - isca - DEBUG - 
2025-03-12 08:18:05,852 - isca - DEBUG - 
2025-03-12 08:18:05,852 - isca - WARNING - WARNING from PE    0: socrates_init: dt_rad does not fit into one day an integer number of times
2025-03-12 08:18:05,852 - isca - DEBUG - 
2025-03-12 08:18:05,852 - isca - DEBUG - 
2025-03-12 08:18:05,852 - isca - WARNING - WARNING from PE    0: socrates_init: dt_rad does not fit into one day an integer number of times
2025-03-12 08:18:05,852 - isca - DEBUG - 
2025-03-12 08:18:05,852 - isca - DEBUG - 
2025-03-12 08:18:05,852 - isca - WARNING - WARNING from PE    0: socrates_init: lw_hires_spectral_filename is unset, making equal to lw_spectral_filename
2025-03-12 08:18:05,852 - isca - DEBUG - 
2025-03-12 08:18:05,852 - isca - DEBUG - 
2025-03-12 08:18:05,852 - isca - WARNING - WARNING from PE    0: socrates_init: lw_hires_spectral_filename is unset, making equal to lw_spectral_filename
2025-03-12 08:18:05,853 - isca - DEBUG - 
2025-03-12 08:18:05,853 - isca - DEBUG - 
2025-03-12 08:18:05,853 - isca - WARNING - WARNING from PE    0: socrates_init: sw_hires_spectral_filename is unset, making equal to sw_spectral_filename
2025-03-12 08:18:05,853 - isca - DEBUG - 
2025-03-12 08:18:05,853 - isca - DEBUG - 
2025-03-12 08:18:05,853 - isca - WARNING - WARNING from PE    0: socrates_init: sw_hires_spectral_filename is unset, making equal to sw_spectral_filename
2025-03-12 08:18:05,853 - isca - DEBUG - 
2025-03-12 08:18:07,055 - isca - DEBUG - NOTE from PE    0: Interpolator: Using input file with no time dimension - ozone_1990_notime_zero.nc
2025-03-12 08:18:07,056 - isca - DEBUG - Initializing src field : ozone_1990
2025-03-12 08:18:07,058 - isca - DEBUG - 
2025-03-12 08:18:07,058 - isca - DEBUG - -----------------------------------
2025-03-12 08:18:07,058 - isca - DEBUG - ____                       _
2025-03-12 08:18:07,058 - isca - DEBUG - / ___|  ___   ___ _ __ __ _| |_ ___  ___
2025-03-12 08:18:07,058 - isca - DEBUG - \___ \ / _ \ / __|  __/ _` | __/ _ \/ __|
2025-03-12 08:18:07,058 - isca - DEBUG - ___) | (_) | (__| | | (_| | ||  __/\__ \
2025-03-12 08:18:07,058 - isca - DEBUG - |____/ \___/ \___|_|  \__,_|\__\___||___/
2025-03-12 08:18:07,058 - isca - DEBUG - 
2025-03-12 08:18:07,058 - isca - DEBUG - Initialised Socrates v17.03
2025-03-12 08:18:07,058 - isca - DEBUG - Stellar constant =    1400.00000000000
2025-03-12 08:18:07,058 - isca - DEBUG - Longwave spectral file =
2025-03-12 08:18:07,058 - isca - DEBUG - /proj/bolinc/users/x_ryabo/socrates_edited_for_isca/spectral_files_for_GCMs/Sun
2025-03-12 08:18:07,058 - isca - DEBUG - /miniSuran_lw.sf WITH           16  bands
2025-03-12 08:18:07,058 - isca - DEBUG - Longwave hires spectral file =
2025-03-12 08:18:07,058 - isca - DEBUG - /proj/bolinc/users/x_ryabo/socrates_edited_for_isca/spectral_files_for_GCMs/Sun
2025-03-12 08:18:07,058 - isca - DEBUG - /miniSuran_lw.sf WITH           16  bands
2025-03-12 08:18:07,058 - isca - DEBUG - Shortwave spectral file =
2025-03-12 08:18:07,058 - isca - DEBUG - /proj/bolinc/users/x_ryabo/socrates_edited_for_isca/spectral_files_for_GCMs/Sun
2025-03-12 08:18:07,058 - isca - DEBUG - /miniSuran_sw.sf WITH           16  bands
2025-03-12 08:18:07,058 - isca - DEBUG - Shortwave hires spectral file =
2025-03-12 08:18:07,058 - isca - DEBUG - /proj/bolinc/users/x_ryabo/socrates_edited_for_isca/spectral_files_for_GCMs/Sun
2025-03-12 08:18:07,058 - isca - DEBUG - /miniSuran_sw.sf WITH           16  bands
2025-03-12 08:18:07,058 - isca - DEBUG - 
2025-03-12 08:18:07,059 - isca - DEBUG - -----------------------------------
2025-03-12 08:18:07,059 - isca - DEBUG - 
2025-03-12 08:18:40,515 - isca - DEBUG - Integration completed through  1441 days     0 seconds
2025-03-12 08:19:13,722 - isca - DEBUG - Integration completed through  1442 days     0 seconds
2025-03-12 08:19:46,983 - isca - DEBUG - Integration completed through  1443 days     0 seconds
2025-03-12 08:20:20,283 - isca - DEBUG - Integration completed through  1444 days     0 seconds
2025-03-12 08:20:53,310 - isca - DEBUG - Integration completed through  1445 days     0 seconds
2025-03-12 08:21:26,087 - isca - DEBUG - Integration completed through  1446 days     0 seconds
2025-03-12 08:21:58,797 - isca - DEBUG - Integration completed through  1447 days     0 seconds
2025-03-12 08:22:31,533 - isca - DEBUG - Integration completed through  1448 days     0 seconds
2025-03-12 08:23:04,859 - isca - DEBUG - Integration completed through  1449 days     0 seconds
2025-03-12 08:23:38,284 - isca - DEBUG - Integration completed through  1450 days     0 seconds
2025-03-12 08:24:11,309 - isca - DEBUG - Integration completed through  1451 days     0 seconds
2025-03-12 08:24:44,389 - isca - DEBUG - Integration completed through  1452 days     0 seconds
2025-03-12 08:25:17,351 - isca - DEBUG - Integration completed through  1453 days     0 seconds
2025-03-12 08:25:50,282 - isca - DEBUG - Integration completed through  1454 days     0 seconds
2025-03-12 08:26:23,406 - isca - DEBUG - Integration completed through  1455 days     0 seconds
2025-03-12 08:26:56,841 - isca - DEBUG - Integration completed through  1456 days     0 seconds
2025-03-12 08:27:30,206 - isca - DEBUG - Integration completed through  1457 days     0 seconds
2025-03-12 08:28:03,152 - isca - DEBUG - Integration completed through  1458 days     0 seconds
2025-03-12 08:28:36,038 - isca - DEBUG - Integration completed through  1459 days     0 seconds
2025-03-12 08:29:09,266 - isca - DEBUG - Integration completed through  1460 days     0 seconds
2025-03-12 08:29:41,998 - isca - DEBUG - Integration completed through  1461 days     0 seconds
2025-03-12 08:30:14,711 - isca - DEBUG - Integration completed through  1462 days     0 seconds
2025-03-12 08:30:47,649 - isca - DEBUG - Integration completed through  1463 days     0 seconds
2025-03-12 08:31:20,348 - isca - DEBUG - Integration completed through  1464 days     0 seconds
2025-03-12 08:31:53,221 - isca - DEBUG - Integration completed through  1465 days     0 seconds
2025-03-12 08:32:26,097 - isca - DEBUG - Integration completed through  1466 days     0 seconds
2025-03-12 08:32:58,880 - isca - DEBUG - Integration completed through  1467 days     0 seconds
2025-03-12 08:33:31,631 - isca - DEBUG - Integration completed through  1468 days     0 seconds
2025-03-12 08:34:04,767 - isca - DEBUG - Integration completed through  1469 days     0 seconds
2025-03-12 08:34:38,077 - isca - DEBUG - Integration completed through  1470 days     0 seconds
2025-03-12 08:34:38,084 - isca - DEBUG - 
2025-03-12 08:34:38,084 - isca - WARNING - WARNING from PE    0: diag_util_mod::opening_file: module/field_name (socrates/soc_toa_sw_down_clr) NOT registered
2025-03-12 08:34:38,084 - isca - DEBUG - 
2025-03-12 08:34:38,084 - isca - DEBUG - 
2025-03-12 08:34:38,084 - isca - WARNING - WARNING from PE    0: diag_util_mod::opening_file: module/field_name (socrates/soc_toa_sw_down_clr) NOT registered
2025-03-12 08:34:38,085 - isca - DEBUG - 
2025-03-12 08:34:38,085 - isca - DEBUG - 
2025-03-12 08:34:38,085 - isca - WARNING - WARNING from PE    0: diag_util_mod::opening_file: module/field_name (cloud_simple/rh_min) NOT registered
2025-03-12 08:34:38,085 - isca - DEBUG - 
2025-03-12 08:34:38,085 - isca - DEBUG - 
2025-03-12 08:34:38,085 - isca - WARNING - WARNING from PE    0: diag_util_mod::opening_file: module/field_name (cloud_simple/rh_min) NOT registered
2025-03-12 08:34:38,085 - isca - DEBUG - 
2025-03-12 08:34:38,095 - isca - DEBUG - NOTE from PE    0: MPP_IO_SET_STACK_SIZE: stack size set to     327680.
2025-03-12 08:34:38,337 - isca - DEBUG - MPP_DOMAINS_STACK high water mark=       40960
2025-03-12 08:34:38,338 - isca - DEBUG - 
2025-03-12 08:34:38,338 - isca - DEBUG - Tabulating mpp_clock statistics across     16 PEs...
2025-03-12 08:34:38,338 - isca - DEBUG - 
2025-03-12 08:34:38,338 - isca - DEBUG - tmin          tmax          tavg          tstd  tfrac grain pemin pemax
2025-03-12 08:34:38,338 - isca - DEBUG - Total runtime                       992.558081    992.562612    992.560558      0.001369  1.000     0     0    15
2025-03-12 08:34:38,339 - isca - DEBUG - MPP_STACK high water mark=           0
2025-03-12 08:34:38,502 - isca - INFO - Run 49 complete
2025-03-12 08:34:39,467 - isca - DEBUG - atmos_monthly.nc combined and copied to data directory
2025-03-12 08:34:42,717 - isca - INFO - Restart archive created at /proj/bolinc/users/x_ryabo/Isca-Ryan_outputs/planetb_presentdayEarth_rot0_Sun_noO3/restarts/res0049.tar.gz
2025-03-12 08:34:42,731 - isca - INFO - Writing namelist to '/proj/bolinc/users/x_ryabo/Isca-Ryan_outputs/planetb_presentdayEarth_rot0_Sun_noO3/run0049/input.nml'
2025-03-12 08:34:42,733 - isca - INFO - Writing field_table to '/proj/bolinc/users/x_ryabo/Isca-Ryan_outputs/planetb_presentdayEarth_rot0_Sun_noO3/run0049/field_table'
2025-03-12 08:34:42,746 - isca - INFO - Writing diag_table to '/proj/bolinc/users/x_ryabo/Isca-Ryan_outputs/planetb_presentdayEarth_rot0_Sun_noO3/run0049/diag_table'
2025-03-12 08:34:42,857 - isca - INFO - Emptied run directory '/home/x_ryabo/Isca-Ryan_tmp/experiment/planetb_presentdayEarth_rot0_Sun_noO3/run'
2025-03-12 08:34:42,883 - isca - INFO - Emptied run directory '/home/x_ryabo/Isca-Ryan_tmp/experiment/planetb_presentdayEarth_rot0_Sun_noO3/run'
2025-03-12 08:34:42,994 - isca - INFO - Writing namelist to '/home/x_ryabo/Isca-Ryan_tmp/experiment/planetb_presentdayEarth_rot0_Sun_noO3/run/input.nml'
2025-03-12 08:34:42,996 - isca - INFO - Writing field_table to '/home/x_ryabo/Isca-Ryan_tmp/experiment/planetb_presentdayEarth_rot0_Sun_noO3/run/field_table'
2025-03-12 08:34:43,009 - isca - INFO - Writing diag_table to '/home/x_ryabo/Isca-Ryan_tmp/experiment/planetb_presentdayEarth_rot0_Sun_noO3/run/diag_table'
2025-03-12 08:34:43,024 - isca - INFO - Using restart file '/proj/bolinc/users/x_ryabo/Isca-Ryan_outputs/planetb_presentdayEarth_rot0_Sun_noO3/restarts/res0049.tar.gz'
2025-03-12 08:34:43,436 - isca - INFO - Restart /proj/bolinc/users/x_ryabo/Isca-Ryan_outputs/planetb_presentdayEarth_rot0_Sun_noO3/restarts/res0049.tar.gz extracted to /home/x_ryabo/Isca-Ryan_tmp/experiment/planetb_presentdayEarth_rot0_Sun_noO3/run/INPUT
2025-03-12 08:34:43,436 - isca - INFO - Beginning run 50
2025-03-12 08:34:43,450 - isca - DEBUG - loadmodules for Isca on NSC cluster Tetralith
2025-03-12 08:34:43,450 - isca - INFO - process running as 3942939
2025-03-12 08:34:43,450 - isca - DEBUG - mpiifort
2025-03-12 08:34:43,551 - isca - DEBUG - The following modules were not unloaded:
2025-03-12 08:34:43,551 - isca - DEBUG - (Use "module --force purge" to unload all):
2025-03-12 08:34:43,551 - isca - DEBUG - 
2025-03-12 08:34:43,551 - isca - DEBUG - 1) hpc/.1.10.1
2025-03-12 08:34:43,650 - isca - DEBUG - ***************************************************
2025-03-12 08:34:43,651 - isca - DEBUG - You have loaded a buildenv module
2025-03-12 08:34:43,651 - isca - DEBUG - ***************************************************
2025-03-12 08:34:43,651 - isca - DEBUG - The buldenv-intel module makes available:
2025-03-12 08:34:43,651 - isca - DEBUG - - Compilers: icc, ifort, etc.
2025-03-12 08:34:43,651 - isca - DEBUG - - Mpi library with mpi-wrapped compilers: intel mpi with mpicc, mpifort, etc.
2025-03-12 08:34:43,651 - isca - DEBUG - - Numerical libraries: intel MKL
2025-03-12 08:34:43,651 - isca - DEBUG - 
2025-03-12 08:34:43,651 - isca - DEBUG - It also makes a set of dependency library modules available via
2025-03-12 08:34:43,651 - isca - DEBUG - the regular module command. Just do:
2025-03-12 08:34:43,651 - isca - DEBUG - module avail
2025-03-12 08:34:43,651 - isca - DEBUG - to see what is available.
2025-03-12 08:34:43,651 - isca - DEBUG - 
2025-03-12 08:34:43,651 - isca - DEBUG - NOTE: You shoud never load build environments inside submitted jobs.
2025-03-12 08:34:43,651 - isca - DEBUG - (with the single exception of when using supercomputer time to compile code.)
2025-03-12 08:34:43,651 - isca - DEBUG - 
2025-03-12 08:34:44,862 - isca - DEBUG - NOTE from PE    0: MPP_DOMAINS_SET_STACK_SIZE: stack size set to    32768.
2025-03-12 08:34:44,863 - isca - DEBUG - &MPP_IO_NML
2025-03-12 08:34:44,863 - isca - DEBUG - HEADER_BUFFER_VAL       =       16384,
2025-03-12 08:34:44,863 - isca - DEBUG - GLOBAL_FIELD_ON_ROOT_PE = T,
2025-03-12 08:34:44,863 - isca - DEBUG - IO_CLOCKS_ON    = F,
2025-03-12 08:34:44,863 - isca - DEBUG - SHUFFLE =           0,
2025-03-12 08:34:44,864 - isca - DEBUG - DEFLATE_LEVEL   =          -1
2025-03-12 08:34:44,864 - isca - DEBUG - /
2025-03-12 08:34:44,865 - isca - DEBUG - NOTE from PE    0: MPP_IO_SET_STACK_SIZE: stack size set to     131072.
2025-03-12 08:34:44,866 - isca - DEBUG - NOTE from PE    0: MPP_DOMAINS_SET_STACK_SIZE: stack size set to   600000.
2025-03-12 08:34:44,874 - isca - DEBUG - starting            1  OpenMP threads per MPI-task
2025-03-12 08:34:44,877 - isca - DEBUG - ATMOS MODEL DOMAIN DECOMPOSITION
2025-03-12 08:34:44,877 - isca - DEBUG - X-AXIS =  128
2025-03-12 08:34:44,877 - isca - DEBUG - Y-AXIS =    4   4   4   4   4   4   4   4   4   4   4   4   4   4   4   4
2025-03-12 08:34:44,929 - isca - DEBUG - NOTE from PE    0: cloud_simple: Using SimCloud cloud scheme
2025-03-12 08:34:44,929 - isca - DEBUG - 
2025-03-12 08:34:44,929 - isca - WARNING - WARNING from PE    7: socrates_init: dt_rad does not fit into one day an integer number of times
2025-03-12 08:34:44,930 - isca - DEBUG - 
2025-03-12 08:34:44,930 - isca - DEBUG - 
2025-03-12 08:34:44,930 - isca - WARNING - WARNING from PE    9: socrates_init: dt_rad does not fit into one day an integer number of times
2025-03-12 08:34:44,930 - isca - DEBUG - 
2025-03-12 08:34:44,930 - isca - DEBUG - 
2025-03-12 08:34:44,930 - isca - WARNING - WARNING from PE   10: socrates_init: dt_rad does not fit into one day an integer number of times
2025-03-12 08:34:44,930 - isca - DEBUG - 
2025-03-12 08:34:44,930 - isca - DEBUG - 
2025-03-12 08:34:44,930 - isca - WARNING - WARNING from PE   11: socrates_init: dt_rad does not fit into one day an integer number of times
2025-03-12 08:34:44,930 - isca - DEBUG - 
2025-03-12 08:34:44,930 - isca - DEBUG - 
2025-03-12 08:34:44,930 - isca - WARNING - WARNING from PE   15: socrates_init: dt_rad does not fit into one day an integer number of times
2025-03-12 08:34:44,930 - isca - DEBUG - 
2025-03-12 08:34:44,930 - isca - DEBUG - 
2025-03-12 08:34:44,930 - isca - WARNING - WARNING from PE   12: socrates_init: dt_rad does not fit into one day an integer number of times
2025-03-12 08:34:44,930 - isca - DEBUG - 
2025-03-12 08:34:44,930 - isca - DEBUG - 
2025-03-12 08:34:44,930 - isca - WARNING - WARNING from PE   14: socrates_init: dt_rad does not fit into one day an integer number of times
2025-03-12 08:34:44,930 - isca - DEBUG - 
2025-03-12 08:34:44,930 - isca - DEBUG - 
2025-03-12 08:34:44,930 - isca - WARNING - WARNING from PE    8: socrates_init: dt_rad does not fit into one day an integer number of times
2025-03-12 08:34:44,931 - isca - DEBUG - 
2025-03-12 08:34:44,931 - isca - DEBUG - 
2025-03-12 08:34:44,931 - isca - WARNING - WARNING from PE   13: socrates_init: dt_rad does not fit into one day an integer number of times
2025-03-12 08:34:44,931 - isca - DEBUG - 
2025-03-12 08:34:44,932 - isca - DEBUG - NOTE from PE    0: ls_cloud: Using linear cloud fraction diagnostic formula.
2025-03-12 08:34:44,932 - isca - DEBUG - NOTE from PE    0: cloud_cover: The cloud overlap assumption is MAXIMUM-RANDOM
2025-03-12 08:34:44,933 - isca - DEBUG - NOTE from PE    0: idealized_moist_phys: Using Frierson Quasi-Equilibrium convection scheme.
2025-03-12 08:34:44,934 - isca - DEBUG - 
2025-03-12 08:34:44,934 - isca - WARNING - WARNING from PE    3: socrates_init: dt_rad does not fit into one day an integer number of times
2025-03-12 08:34:44,934 - isca - DEBUG - 
2025-03-12 08:34:44,935 - isca - DEBUG - 
2025-03-12 08:34:44,935 - isca - DEBUG - 
2025-03-12 08:34:44,935 - isca - WARNING - WARNING from PE    5: socrates_init: dt_rad does not fit into one day an integer number of times
2025-03-12 08:34:44,935 - isca - DEBUG - 
2025-03-12 08:34:44,935 - isca - WARNING - WARNING from PE    4: socrates_init: dt_rad does not fit into one day an integer number of times
2025-03-12 08:34:44,935 - isca - DEBUG - 
2025-03-12 08:34:44,935 - isca - DEBUG - 
2025-03-12 08:34:44,935 - isca - WARNING - WARNING from PE    1: socrates_init: dt_rad does not fit into one day an integer number of times
2025-03-12 08:34:44,935 - isca - DEBUG - 
2025-03-12 08:34:44,935 - isca - DEBUG - 
2025-03-12 08:34:44,935 - isca - WARNING - WARNING from PE    6: socrates_init: dt_rad does not fit into one day an integer number of times
2025-03-12 08:34:44,935 - isca - DEBUG - 
2025-03-12 08:34:44,935 - isca - WARNING - WARNING from PE    2: socrates_init: dt_rad does not fit into one day an integer number of times
2025-03-12 08:34:44,935 - isca - DEBUG - 
2025-03-12 08:34:44,935 - isca - DEBUG - 
2025-03-12 08:34:44,943 - isca - DEBUG - 
2025-03-12 08:34:44,944 - isca - WARNING - WARNING from PE    0: socrates_init: dt_rad does not fit into one day an integer number of times
2025-03-12 08:34:44,944 - isca - DEBUG - 
2025-03-12 08:34:44,944 - isca - DEBUG - 
2025-03-12 08:34:44,944 - isca - WARNING - WARNING from PE    0: socrates_init: dt_rad does not fit into one day an integer number of times
2025-03-12 08:34:44,944 - isca - DEBUG - 
2025-03-12 08:34:44,944 - isca - DEBUG - 
2025-03-12 08:34:44,945 - isca - WARNING - WARNING from PE    0: socrates_init: lw_hires_spectral_filename is unset, making equal to lw_spectral_filename
2025-03-12 08:34:44,945 - isca - DEBUG - 
2025-03-12 08:34:44,945 - isca - DEBUG - 
2025-03-12 08:34:44,945 - isca - WARNING - WARNING from PE    0: socrates_init: lw_hires_spectral_filename is unset, making equal to lw_spectral_filename
2025-03-12 08:34:44,945 - isca - DEBUG - 
2025-03-12 08:34:44,945 - isca - DEBUG - 
2025-03-12 08:34:44,945 - isca - WARNING - WARNING from PE    0: socrates_init: sw_hires_spectral_filename is unset, making equal to sw_spectral_filename
2025-03-12 08:34:44,945 - isca - DEBUG - 
2025-03-12 08:34:44,945 - isca - DEBUG - 
2025-03-12 08:34:44,945 - isca - WARNING - WARNING from PE    0: socrates_init: sw_hires_spectral_filename is unset, making equal to sw_spectral_filename
2025-03-12 08:34:44,945 - isca - DEBUG - 
2025-03-12 08:34:46,134 - isca - DEBUG - NOTE from PE    0: Interpolator: Using input file with no time dimension - ozone_1990_notime_zero.nc
2025-03-12 08:34:46,134 - isca - DEBUG - Initializing src field : ozone_1990
2025-03-12 08:34:46,136 - isca - DEBUG - 
2025-03-12 08:34:46,136 - isca - DEBUG - -----------------------------------
2025-03-12 08:34:46,136 - isca - DEBUG - ____                       _
2025-03-12 08:34:46,136 - isca - DEBUG - / ___|  ___   ___ _ __ __ _| |_ ___  ___
2025-03-12 08:34:46,136 - isca - DEBUG - \___ \ / _ \ / __|  __/ _` | __/ _ \/ __|
2025-03-12 08:34:46,136 - isca - DEBUG - ___) | (_) | (__| | | (_| | ||  __/\__ \
2025-03-12 08:34:46,136 - isca - DEBUG - |____/ \___/ \___|_|  \__,_|\__\___||___/
2025-03-12 08:34:46,136 - isca - DEBUG - 
2025-03-12 08:34:46,136 - isca - DEBUG - Initialised Socrates v17.03
2025-03-12 08:34:46,137 - isca - DEBUG - Stellar constant =    1400.00000000000
2025-03-12 08:34:46,137 - isca - DEBUG - Longwave spectral file =
2025-03-12 08:34:46,137 - isca - DEBUG - /proj/bolinc/users/x_ryabo/socrates_edited_for_isca/spectral_files_for_GCMs/Sun
2025-03-12 08:34:46,137 - isca - DEBUG - /miniSuran_lw.sf WITH           16  bands
2025-03-12 08:34:46,137 - isca - DEBUG - Longwave hires spectral file =
2025-03-12 08:34:46,137 - isca - DEBUG - /proj/bolinc/users/x_ryabo/socrates_edited_for_isca/spectral_files_for_GCMs/Sun
2025-03-12 08:34:46,137 - isca - DEBUG - /miniSuran_lw.sf WITH           16  bands
2025-03-12 08:34:46,137 - isca - DEBUG - Shortwave spectral file =
2025-03-12 08:34:46,137 - isca - DEBUG - /proj/bolinc/users/x_ryabo/socrates_edited_for_isca/spectral_files_for_GCMs/Sun
2025-03-12 08:34:46,137 - isca - DEBUG - /miniSuran_sw.sf WITH           16  bands
2025-03-12 08:34:46,137 - isca - DEBUG - Shortwave hires spectral file =
2025-03-12 08:34:46,137 - isca - DEBUG - /proj/bolinc/users/x_ryabo/socrates_edited_for_isca/spectral_files_for_GCMs/Sun
2025-03-12 08:34:46,137 - isca - DEBUG - /miniSuran_sw.sf WITH           16  bands
2025-03-12 08:34:46,137 - isca - DEBUG - 
2025-03-12 08:34:46,137 - isca - DEBUG - -----------------------------------
2025-03-12 08:34:46,137 - isca - DEBUG - 
2025-03-12 08:35:19,416 - isca - DEBUG - Integration completed through  1471 days     0 seconds
2025-03-12 08:35:52,311 - isca - DEBUG - Integration completed through  1472 days     0 seconds
2025-03-12 08:36:25,044 - isca - DEBUG - Integration completed through  1473 days     0 seconds
2025-03-12 08:36:58,426 - isca - DEBUG - Integration completed through  1474 days     0 seconds
2025-03-12 08:37:31,576 - isca - DEBUG - Integration completed through  1475 days     0 seconds
2025-03-12 08:38:04,367 - isca - DEBUG - Integration completed through  1476 days     0 seconds
2025-03-12 08:38:36,947 - isca - DEBUG - Integration completed through  1477 days     0 seconds
2025-03-12 08:39:09,621 - isca - DEBUG - Integration completed through  1478 days     0 seconds
2025-03-12 08:39:42,296 - isca - DEBUG - Integration completed through  1479 days     0 seconds
2025-03-12 08:40:15,116 - isca - DEBUG - Integration completed through  1480 days     0 seconds
2025-03-12 08:40:47,897 - isca - DEBUG - Integration completed through  1481 days     0 seconds
2025-03-12 08:41:21,535 - isca - DEBUG - Integration completed through  1482 days     0 seconds
2025-03-12 08:41:54,229 - isca - DEBUG - Integration completed through  1483 days     0 seconds
2025-03-12 08:42:26,786 - isca - DEBUG - Integration completed through  1484 days     0 seconds
2025-03-12 08:42:59,449 - isca - DEBUG - Integration completed through  1485 days     0 seconds
2025-03-12 08:43:32,677 - isca - DEBUG - Integration completed through  1486 days     0 seconds
2025-03-12 08:44:06,016 - isca - DEBUG - Integration completed through  1487 days     0 seconds
2025-03-12 08:44:39,330 - isca - DEBUG - Integration completed through  1488 days     0 seconds
2025-03-12 08:45:12,434 - isca - DEBUG - Integration completed through  1489 days     0 seconds
2025-03-12 08:45:45,546 - isca - DEBUG - Integration completed through  1490 days     0 seconds
2025-03-12 08:46:18,615 - isca - DEBUG - Integration completed through  1491 days     0 seconds
2025-03-12 08:46:52,032 - isca - DEBUG - Integration completed through  1492 days     0 seconds
2025-03-12 08:47:26,738 - isca - DEBUG - Integration completed through  1493 days     0 seconds
2025-03-12 08:48:01,291 - isca - DEBUG - Integration completed through  1494 days     0 seconds
2025-03-12 08:48:35,582 - isca - DEBUG - Integration completed through  1495 days     0 seconds
2025-03-12 08:49:10,042 - isca - DEBUG - Integration completed through  1496 days     0 seconds
2025-03-12 08:49:44,070 - isca - DEBUG - Integration completed through  1497 days     0 seconds
2025-03-12 08:50:17,593 - isca - DEBUG - Integration completed through  1498 days     0 seconds
2025-03-12 08:50:50,876 - isca - DEBUG - Integration completed through  1499 days     0 seconds
2025-03-12 08:51:24,166 - isca - DEBUG - Integration completed through  1500 days     0 seconds
2025-03-12 08:51:24,174 - isca - DEBUG - 
2025-03-12 08:51:24,174 - isca - WARNING - WARNING from PE    0: diag_util_mod::opening_file: module/field_name (socrates/soc_toa_sw_down_clr) NOT registered
2025-03-12 08:51:24,174 - isca - DEBUG - 
2025-03-12 08:51:24,174 - isca - DEBUG - 
2025-03-12 08:51:24,174 - isca - WARNING - WARNING from PE    0: diag_util_mod::opening_file: module/field_name (socrates/soc_toa_sw_down_clr) NOT registered
2025-03-12 08:51:24,174 - isca - DEBUG - 
2025-03-12 08:51:24,174 - isca - DEBUG - 
2025-03-12 08:51:24,174 - isca - WARNING - WARNING from PE    0: diag_util_mod::opening_file: module/field_name (cloud_simple/rh_min) NOT registered
2025-03-12 08:51:24,174 - isca - DEBUG - 
2025-03-12 08:51:24,174 - isca - DEBUG - 
2025-03-12 08:51:24,174 - isca - WARNING - WARNING from PE    0: diag_util_mod::opening_file: module/field_name (cloud_simple/rh_min) NOT registered
2025-03-12 08:51:24,174 - isca - DEBUG - 
2025-03-12 08:51:24,184 - isca - DEBUG - NOTE from PE    0: MPP_IO_SET_STACK_SIZE: stack size set to     327680.
2025-03-12 08:51:24,362 - isca - DEBUG - MPP_DOMAINS_STACK high water mark=       40960
2025-03-12 08:51:24,362 - isca - DEBUG - 
2025-03-12 08:51:24,363 - isca - DEBUG - Tabulating mpp_clock statistics across     16 PEs...
2025-03-12 08:51:24,363 - isca - DEBUG - 
2025-03-12 08:51:24,363 - isca - DEBUG - tmin          tmax          tavg          tstd  tfrac grain pemin pemax
2025-03-12 08:51:24,363 - isca - DEBUG - Total runtime                       999.497680    999.504868    999.501042      0.001804  1.000     0     0    15
2025-03-12 08:51:24,363 - isca - DEBUG - MPP_STACK high water mark=           0
2025-03-12 08:51:24,490 - isca - INFO - Run 50 complete
2025-03-12 08:51:25,341 - isca - DEBUG - atmos_monthly.nc combined and copied to data directory
2025-03-12 08:51:28,619 - isca - INFO - Restart archive created at /proj/bolinc/users/x_ryabo/Isca-Ryan_outputs/planetb_presentdayEarth_rot0_Sun_noO3/restarts/res0050.tar.gz
2025-03-12 08:51:28,633 - isca - INFO - Writing namelist to '/proj/bolinc/users/x_ryabo/Isca-Ryan_outputs/planetb_presentdayEarth_rot0_Sun_noO3/run0050/input.nml'
2025-03-12 08:51:28,635 - isca - INFO - Writing field_table to '/proj/bolinc/users/x_ryabo/Isca-Ryan_outputs/planetb_presentdayEarth_rot0_Sun_noO3/run0050/field_table'
2025-03-12 08:51:28,649 - isca - INFO - Writing diag_table to '/proj/bolinc/users/x_ryabo/Isca-Ryan_outputs/planetb_presentdayEarth_rot0_Sun_noO3/run0050/diag_table'
2025-03-12 08:51:28,765 - isca - INFO - Emptied run directory '/home/x_ryabo/Isca-Ryan_tmp/experiment/planetb_presentdayEarth_rot0_Sun_noO3/run'
2025-03-12 08:51:28,791 - isca - INFO - Emptied run directory '/home/x_ryabo/Isca-Ryan_tmp/experiment/planetb_presentdayEarth_rot0_Sun_noO3/run'
2025-03-12 08:51:28,883 - isca - INFO - Writing namelist to '/home/x_ryabo/Isca-Ryan_tmp/experiment/planetb_presentdayEarth_rot0_Sun_noO3/run/input.nml'
2025-03-12 08:51:28,885 - isca - INFO - Writing field_table to '/home/x_ryabo/Isca-Ryan_tmp/experiment/planetb_presentdayEarth_rot0_Sun_noO3/run/field_table'
2025-03-12 08:51:28,897 - isca - INFO - Writing diag_table to '/home/x_ryabo/Isca-Ryan_tmp/experiment/planetb_presentdayEarth_rot0_Sun_noO3/run/diag_table'
2025-03-12 08:51:28,912 - isca - INFO - Using restart file '/proj/bolinc/users/x_ryabo/Isca-Ryan_outputs/planetb_presentdayEarth_rot0_Sun_noO3/restarts/res0050.tar.gz'
2025-03-12 08:51:29,329 - isca - INFO - Restart /proj/bolinc/users/x_ryabo/Isca-Ryan_outputs/planetb_presentdayEarth_rot0_Sun_noO3/restarts/res0050.tar.gz extracted to /home/x_ryabo/Isca-Ryan_tmp/experiment/planetb_presentdayEarth_rot0_Sun_noO3/run/INPUT
2025-03-12 08:51:29,330 - isca - INFO - Beginning run 51
2025-03-12 08:51:29,344 - isca - INFO - process running as 3943823
2025-03-12 08:51:29,345 - isca - DEBUG - loadmodules for Isca on NSC cluster Tetralith
2025-03-12 08:51:29,345 - isca - DEBUG - mpiifort
2025-03-12 08:51:29,445 - isca - DEBUG - The following modules were not unloaded:
2025-03-12 08:51:29,445 - isca - DEBUG - (Use "module --force purge" to unload all):
2025-03-12 08:51:29,446 - isca - DEBUG - 
2025-03-12 08:51:29,446 - isca - DEBUG - 1) hpc/.1.10.1
2025-03-12 08:51:29,544 - isca - DEBUG - ***************************************************
2025-03-12 08:51:29,544 - isca - DEBUG - You have loaded a buildenv module
2025-03-12 08:51:29,544 - isca - DEBUG - ***************************************************
2025-03-12 08:51:29,544 - isca - DEBUG - The buldenv-intel module makes available:
2025-03-12 08:51:29,544 - isca - DEBUG - - Compilers: icc, ifort, etc.
2025-03-12 08:51:29,544 - isca - DEBUG - - Mpi library with mpi-wrapped compilers: intel mpi with mpicc, mpifort, etc.
2025-03-12 08:51:29,544 - isca - DEBUG - - Numerical libraries: intel MKL
2025-03-12 08:51:29,544 - isca - DEBUG - 
2025-03-12 08:51:29,544 - isca - DEBUG - It also makes a set of dependency library modules available via
2025-03-12 08:51:29,544 - isca - DEBUG - the regular module command. Just do:
2025-03-12 08:51:29,544 - isca - DEBUG - module avail
2025-03-12 08:51:29,544 - isca - DEBUG - to see what is available.
2025-03-12 08:51:29,545 - isca - DEBUG - 
2025-03-12 08:51:29,545 - isca - DEBUG - NOTE: You shoud never load build environments inside submitted jobs.
2025-03-12 08:51:29,545 - isca - DEBUG - (with the single exception of when using supercomputer time to compile code.)
2025-03-12 08:51:29,545 - isca - DEBUG - 
2025-03-12 08:51:30,764 - isca - DEBUG - NOTE from PE    0: MPP_DOMAINS_SET_STACK_SIZE: stack size set to    32768.
2025-03-12 08:51:30,764 - isca - DEBUG - &MPP_IO_NML
2025-03-12 08:51:30,764 - isca - DEBUG - HEADER_BUFFER_VAL       =       16384,
2025-03-12 08:51:30,764 - isca - DEBUG - GLOBAL_FIELD_ON_ROOT_PE = T,
2025-03-12 08:51:30,764 - isca - DEBUG - IO_CLOCKS_ON    = F,
2025-03-12 08:51:30,764 - isca - DEBUG - SHUFFLE =           0,
2025-03-12 08:51:30,764 - isca - DEBUG - DEFLATE_LEVEL   =          -1
2025-03-12 08:51:30,764 - isca - DEBUG - /
2025-03-12 08:51:30,766 - isca - DEBUG - NOTE from PE    0: MPP_IO_SET_STACK_SIZE: stack size set to     131072.
2025-03-12 08:51:30,767 - isca - DEBUG - NOTE from PE    0: MPP_DOMAINS_SET_STACK_SIZE: stack size set to   600000.
2025-03-12 08:51:30,774 - isca - DEBUG - starting            1  OpenMP threads per MPI-task
2025-03-12 08:51:30,776 - isca - DEBUG - ATMOS MODEL DOMAIN DECOMPOSITION
2025-03-12 08:51:30,776 - isca - DEBUG - X-AXIS =  128
2025-03-12 08:51:30,776 - isca - DEBUG - Y-AXIS =    4   4   4   4   4   4   4   4   4   4   4   4   4   4   4   4
2025-03-12 08:51:30,823 - isca - DEBUG - NOTE from PE    0: cloud_simple: Using SimCloud cloud scheme
2025-03-12 08:51:30,824 - isca - DEBUG - NOTE from PE    0: ls_cloud: Using linear cloud fraction diagnostic formula.
2025-03-12 08:51:30,825 - isca - DEBUG - NOTE from PE    0: cloud_cover: The cloud overlap assumption is MAXIMUM-RANDOM
2025-03-12 08:51:30,825 - isca - DEBUG - NOTE from PE    0: idealized_moist_phys: Using Frierson Quasi-Equilibrium convection scheme.
2025-03-12 08:51:30,826 - isca - DEBUG - 
2025-03-12 08:51:30,826 - isca - DEBUG - 
2025-03-12 08:51:30,826 - isca - WARNING - WARNING from PE   12: socrates_init: dt_rad does not fit into one day an integer number of times
2025-03-12 08:51:30,826 - isca - DEBUG - 
2025-03-12 08:51:30,826 - isca - WARNING - WARNING from PE    8: socrates_init: dt_rad does not fit into one day an integer number of times
2025-03-12 08:51:30,826 - isca - DEBUG - 
2025-03-12 08:51:30,826 - isca - DEBUG - 
2025-03-12 08:51:30,827 - isca - WARNING - WARNING from PE    9: socrates_init: dt_rad does not fit into one day an integer number of times
2025-03-12 08:51:30,827 - isca - DEBUG - 
2025-03-12 08:51:30,827 - isca - DEBUG - 
2025-03-12 08:51:30,827 - isca - DEBUG - 
2025-03-12 08:51:30,827 - isca - WARNING - WARNING from PE   15: socrates_init: dt_rad does not fit into one day an integer number of times
2025-03-12 08:51:30,827 - isca - DEBUG - 
2025-03-12 08:51:30,827 - isca - WARNING - WARNING from PE   14: socrates_init: dt_rad does not fit into one day an integer number of times
2025-03-12 08:51:30,827 - isca - DEBUG - 
2025-03-12 08:51:30,827 - isca - DEBUG - 
2025-03-12 08:51:30,827 - isca - DEBUG - 
2025-03-12 08:51:30,827 - isca - WARNING - WARNING from PE    7: socrates_init: dt_rad does not fit into one day an integer number of times
2025-03-12 08:51:30,827 - isca - DEBUG - 
2025-03-12 08:51:30,827 - isca - DEBUG - 
2025-03-12 08:51:30,827 - isca - WARNING - WARNING from PE   13: socrates_init: dt_rad does not fit into one day an integer number of times
2025-03-12 08:51:30,827 - isca - DEBUG - 
2025-03-12 08:51:30,827 - isca - DEBUG - 
2025-03-12 08:51:30,827 - isca - WARNING - WARNING from PE   10: socrates_init: dt_rad does not fit into one day an integer number of times
2025-03-12 08:51:30,827 - isca - DEBUG - 
2025-03-12 08:51:30,827 - isca - WARNING - WARNING from PE   11: socrates_init: dt_rad does not fit into one day an integer number of times
2025-03-12 08:51:30,827 - isca - DEBUG - 
2025-03-12 08:51:30,829 - isca - DEBUG - 
2025-03-12 08:51:30,829 - isca - DEBUG - 
2025-03-12 08:51:30,829 - isca - WARNING - WARNING from PE    5: socrates_init: dt_rad does not fit into one day an integer number of times
2025-03-12 08:51:30,829 - isca - DEBUG - 
2025-03-12 08:51:30,829 - isca - DEBUG - 
2025-03-12 08:51:30,829 - isca - WARNING - WARNING from PE    1: socrates_init: dt_rad does not fit into one day an integer number of times
2025-03-12 08:51:30,829 - isca - DEBUG - 
2025-03-12 08:51:30,829 - isca - WARNING - WARNING from PE    2: socrates_init: dt_rad does not fit into one day an integer number of times
2025-03-12 08:51:30,830 - isca - DEBUG - 
2025-03-12 08:51:30,830 - isca - DEBUG - 
2025-03-12 08:51:30,830 - isca - WARNING - WARNING from PE    4: socrates_init: dt_rad does not fit into one day an integer number of times
2025-03-12 08:51:30,830 - isca - DEBUG - 
2025-03-12 08:51:30,830 - isca - WARNING - WARNING from PE    6: socrates_init: dt_rad does not fit into one day an integer number of times
2025-03-12 08:51:30,830 - isca - DEBUG - 
2025-03-12 08:51:30,830 - isca - DEBUG - 
2025-03-12 08:51:30,832 - isca - DEBUG - 
2025-03-12 08:51:30,832 - isca - WARNING - WARNING from PE    3: socrates_init: dt_rad does not fit into one day an integer number of times
2025-03-12 08:51:30,832 - isca - DEBUG - 
2025-03-12 08:51:30,835 - isca - DEBUG - 
2025-03-12 08:51:30,835 - isca - WARNING - WARNING from PE    0: socrates_init: dt_rad does not fit into one day an integer number of times
2025-03-12 08:51:30,835 - isca - DEBUG - 
2025-03-12 08:51:30,835 - isca - DEBUG - 
2025-03-12 08:51:30,835 - isca - WARNING - WARNING from PE    0: socrates_init: dt_rad does not fit into one day an integer number of times
2025-03-12 08:51:30,835 - isca - DEBUG - 
2025-03-12 08:51:30,835 - isca - DEBUG - 
2025-03-12 08:51:30,835 - isca - WARNING - WARNING from PE    0: socrates_init: lw_hires_spectral_filename is unset, making equal to lw_spectral_filename
2025-03-12 08:51:30,835 - isca - DEBUG - 
2025-03-12 08:51:30,835 - isca - DEBUG - 
2025-03-12 08:51:30,835 - isca - WARNING - WARNING from PE    0: socrates_init: lw_hires_spectral_filename is unset, making equal to lw_spectral_filename
2025-03-12 08:51:30,835 - isca - DEBUG - 
2025-03-12 08:51:30,835 - isca - DEBUG - 
2025-03-12 08:51:30,835 - isca - WARNING - WARNING from PE    0: socrates_init: sw_hires_spectral_filename is unset, making equal to sw_spectral_filename
2025-03-12 08:51:30,835 - isca - DEBUG - 
2025-03-12 08:51:30,835 - isca - DEBUG - 
2025-03-12 08:51:30,835 - isca - WARNING - WARNING from PE    0: socrates_init: sw_hires_spectral_filename is unset, making equal to sw_spectral_filename
2025-03-12 08:51:30,835 - isca - DEBUG - 
2025-03-12 08:51:32,026 - isca - DEBUG - NOTE from PE    0: Interpolator: Using input file with no time dimension - ozone_1990_notime_zero.nc
2025-03-12 08:51:32,026 - isca - DEBUG - Initializing src field : ozone_1990
2025-03-12 08:51:32,029 - isca - DEBUG - 
2025-03-12 08:51:32,029 - isca - DEBUG - -----------------------------------
2025-03-12 08:51:32,029 - isca - DEBUG - ____                       _
2025-03-12 08:51:32,029 - isca - DEBUG - / ___|  ___   ___ _ __ __ _| |_ ___  ___
2025-03-12 08:51:32,029 - isca - DEBUG - \___ \ / _ \ / __|  __/ _` | __/ _ \/ __|
2025-03-12 08:51:32,029 - isca - DEBUG - ___) | (_) | (__| | | (_| | ||  __/\__ \
2025-03-12 08:51:32,029 - isca - DEBUG - |____/ \___/ \___|_|  \__,_|\__\___||___/
2025-03-12 08:51:32,029 - isca - DEBUG - 
2025-03-12 08:51:32,029 - isca - DEBUG - Initialised Socrates v17.03
2025-03-12 08:51:32,029 - isca - DEBUG - Stellar constant =    1400.00000000000
2025-03-12 08:51:32,029 - isca - DEBUG - Longwave spectral file =
2025-03-12 08:51:32,029 - isca - DEBUG - /proj/bolinc/users/x_ryabo/socrates_edited_for_isca/spectral_files_for_GCMs/Sun
2025-03-12 08:51:32,029 - isca - DEBUG - /miniSuran_lw.sf WITH           16  bands
2025-03-12 08:51:32,029 - isca - DEBUG - Longwave hires spectral file =
2025-03-12 08:51:32,029 - isca - DEBUG - /proj/bolinc/users/x_ryabo/socrates_edited_for_isca/spectral_files_for_GCMs/Sun
2025-03-12 08:51:32,029 - isca - DEBUG - /miniSuran_lw.sf WITH           16  bands
2025-03-12 08:51:32,029 - isca - DEBUG - Shortwave spectral file =
2025-03-12 08:51:32,029 - isca - DEBUG - /proj/bolinc/users/x_ryabo/socrates_edited_for_isca/spectral_files_for_GCMs/Sun
2025-03-12 08:51:32,029 - isca - DEBUG - /miniSuran_sw.sf WITH           16  bands
2025-03-12 08:51:32,029 - isca - DEBUG - Shortwave hires spectral file =
2025-03-12 08:51:32,030 - isca - DEBUG - /proj/bolinc/users/x_ryabo/socrates_edited_for_isca/spectral_files_for_GCMs/Sun
2025-03-12 08:51:32,030 - isca - DEBUG - /miniSuran_sw.sf WITH           16  bands
2025-03-12 08:51:32,030 - isca - DEBUG - 
2025-03-12 08:51:32,030 - isca - DEBUG - -----------------------------------
2025-03-12 08:51:32,030 - isca - DEBUG - 
2025-03-12 08:52:05,448 - isca - DEBUG - Integration completed through  1501 days     0 seconds
2025-03-12 08:52:39,349 - isca - DEBUG - Integration completed through  1502 days     0 seconds
2025-03-12 08:53:12,839 - isca - DEBUG - Integration completed through  1503 days     0 seconds
2025-03-12 08:53:46,270 - isca - DEBUG - Integration completed through  1504 days     0 seconds
2025-03-12 08:54:20,081 - isca - DEBUG - Integration completed through  1505 days     0 seconds
2025-03-12 08:54:53,439 - isca - DEBUG - Integration completed through  1506 days     0 seconds
2025-03-12 08:55:26,870 - isca - DEBUG - Integration completed through  1507 days     0 seconds
2025-03-12 08:56:00,137 - isca - DEBUG - Integration completed through  1508 days     0 seconds
2025-03-12 08:56:33,645 - isca - DEBUG - Integration completed through  1509 days     0 seconds
2025-03-12 08:57:07,558 - isca - DEBUG - Integration completed through  1510 days     0 seconds
2025-03-12 08:57:41,625 - isca - DEBUG - Integration completed through  1511 days     0 seconds
2025-03-12 08:58:15,337 - isca - DEBUG - Integration completed through  1512 days     0 seconds
2025-03-12 08:58:48,749 - isca - DEBUG - Integration completed through  1513 days     0 seconds
2025-03-12 08:59:21,912 - isca - DEBUG - Integration completed through  1514 days     0 seconds
2025-03-12 08:59:55,006 - isca - DEBUG - Integration completed through  1515 days     0 seconds
2025-03-12 09:00:28,087 - isca - DEBUG - Integration completed through  1516 days     0 seconds
2025-03-12 09:01:01,208 - isca - DEBUG - Integration completed through  1517 days     0 seconds
2025-03-12 09:01:34,302 - isca - DEBUG - Integration completed through  1518 days     0 seconds
2025-03-12 09:02:07,297 - isca - DEBUG - Integration completed through  1519 days     0 seconds
2025-03-12 09:02:40,378 - isca - DEBUG - Integration completed through  1520 days     0 seconds
2025-03-12 09:03:13,433 - isca - DEBUG - Integration completed through  1521 days     0 seconds
2025-03-12 09:03:46,292 - isca - DEBUG - Integration completed through  1522 days     0 seconds
2025-03-12 09:04:19,111 - isca - DEBUG - Integration completed through  1523 days     0 seconds
2025-03-12 09:04:52,206 - isca - DEBUG - Integration completed through  1524 days     0 seconds
2025-03-12 09:05:26,055 - isca - DEBUG - Integration completed through  1525 days     0 seconds
2025-03-12 09:06:00,226 - isca - DEBUG - Integration completed through  1526 days     0 seconds
2025-03-12 09:06:34,253 - isca - DEBUG - Integration completed through  1527 days     0 seconds
2025-03-12 09:07:07,762 - isca - DEBUG - Integration completed through  1528 days     0 seconds
2025-03-12 09:07:40,742 - isca - DEBUG - Integration completed through  1529 days     0 seconds
2025-03-12 09:08:13,538 - isca - DEBUG - Integration completed through  1530 days     0 seconds
2025-03-12 09:08:13,628 - isca - DEBUG - 
2025-03-12 09:08:13,628 - isca - WARNING - WARNING from PE    0: diag_util_mod::opening_file: module/field_name (socrates/soc_toa_sw_down_clr) NOT registered
2025-03-12 09:08:13,628 - isca - DEBUG - 
2025-03-12 09:08:13,628 - isca - DEBUG - 
2025-03-12 09:08:13,628 - isca - WARNING - WARNING from PE    0: diag_util_mod::opening_file: module/field_name (socrates/soc_toa_sw_down_clr) NOT registered
2025-03-12 09:08:13,628 - isca - DEBUG - 
2025-03-12 09:08:13,628 - isca - DEBUG - 
2025-03-12 09:08:13,628 - isca - WARNING - WARNING from PE    0: diag_util_mod::opening_file: module/field_name (cloud_simple/rh_min) NOT registered
2025-03-12 09:08:13,628 - isca - DEBUG - 
2025-03-12 09:08:13,628 - isca - DEBUG - 
2025-03-12 09:08:13,628 - isca - WARNING - WARNING from PE    0: diag_util_mod::opening_file: module/field_name (cloud_simple/rh_min) NOT registered
2025-03-12 09:08:13,628 - isca - DEBUG - 
2025-03-12 09:08:13,638 - isca - DEBUG - NOTE from PE    0: MPP_IO_SET_STACK_SIZE: stack size set to     327680.
2025-03-12 09:08:13,750 - isca - DEBUG - MPP_DOMAINS_STACK high water mark=       40960
2025-03-12 09:08:13,750 - isca - DEBUG - 
2025-03-12 09:08:13,751 - isca - DEBUG - Tabulating mpp_clock statistics across     16 PEs...
2025-03-12 09:08:13,751 - isca - DEBUG - 
2025-03-12 09:08:13,751 - isca - DEBUG - tmin          tmax          tavg          tstd  tfrac grain pemin pemax
2025-03-12 09:08:13,751 - isca - DEBUG - Total runtime                      1002.985500   1002.991146   1002.988400      0.001644  1.000     0     0    15
2025-03-12 09:08:13,751 - isca - DEBUG - MPP_STACK high water mark=           0
2025-03-12 09:08:13,888 - isca - INFO - Run 51 complete
2025-03-12 09:08:14,840 - isca - DEBUG - atmos_monthly.nc combined and copied to data directory
2025-03-12 09:08:18,092 - isca - INFO - Restart archive created at /proj/bolinc/users/x_ryabo/Isca-Ryan_outputs/planetb_presentdayEarth_rot0_Sun_noO3/restarts/res0051.tar.gz
2025-03-12 09:08:18,106 - isca - INFO - Writing namelist to '/proj/bolinc/users/x_ryabo/Isca-Ryan_outputs/planetb_presentdayEarth_rot0_Sun_noO3/run0051/input.nml'
2025-03-12 09:08:18,107 - isca - INFO - Writing field_table to '/proj/bolinc/users/x_ryabo/Isca-Ryan_outputs/planetb_presentdayEarth_rot0_Sun_noO3/run0051/field_table'
2025-03-12 09:08:18,121 - isca - INFO - Writing diag_table to '/proj/bolinc/users/x_ryabo/Isca-Ryan_outputs/planetb_presentdayEarth_rot0_Sun_noO3/run0051/diag_table'
2025-03-12 09:08:18,272 - isca - INFO - Emptied run directory '/home/x_ryabo/Isca-Ryan_tmp/experiment/planetb_presentdayEarth_rot0_Sun_noO3/run'
2025-03-12 09:08:18,298 - isca - INFO - Emptied run directory '/home/x_ryabo/Isca-Ryan_tmp/experiment/planetb_presentdayEarth_rot0_Sun_noO3/run'
2025-03-12 09:08:18,391 - isca - INFO - Writing namelist to '/home/x_ryabo/Isca-Ryan_tmp/experiment/planetb_presentdayEarth_rot0_Sun_noO3/run/input.nml'
2025-03-12 09:08:18,393 - isca - INFO - Writing field_table to '/home/x_ryabo/Isca-Ryan_tmp/experiment/planetb_presentdayEarth_rot0_Sun_noO3/run/field_table'
2025-03-12 09:08:18,406 - isca - INFO - Writing diag_table to '/home/x_ryabo/Isca-Ryan_tmp/experiment/planetb_presentdayEarth_rot0_Sun_noO3/run/diag_table'
2025-03-12 09:08:18,421 - isca - INFO - Using restart file '/proj/bolinc/users/x_ryabo/Isca-Ryan_outputs/planetb_presentdayEarth_rot0_Sun_noO3/restarts/res0051.tar.gz'
2025-03-12 09:08:18,840 - isca - INFO - Restart /proj/bolinc/users/x_ryabo/Isca-Ryan_outputs/planetb_presentdayEarth_rot0_Sun_noO3/restarts/res0051.tar.gz extracted to /home/x_ryabo/Isca-Ryan_tmp/experiment/planetb_presentdayEarth_rot0_Sun_noO3/run/INPUT
2025-03-12 09:08:18,841 - isca - INFO - Beginning run 52
2025-03-12 09:08:18,854 - isca - INFO - process running as 3944720
2025-03-12 09:08:18,854 - isca - DEBUG - loadmodules for Isca on NSC cluster Tetralith
2025-03-12 09:08:18,854 - isca - DEBUG - mpiifort
2025-03-12 09:08:18,958 - isca - DEBUG - The following modules were not unloaded:
2025-03-12 09:08:18,958 - isca - DEBUG - (Use "module --force purge" to unload all):
2025-03-12 09:08:18,958 - isca - DEBUG - 
2025-03-12 09:08:18,958 - isca - DEBUG - 1) hpc/.1.10.1
2025-03-12 09:08:19,058 - isca - DEBUG - ***************************************************
2025-03-12 09:08:19,058 - isca - DEBUG - You have loaded a buildenv module
2025-03-12 09:08:19,058 - isca - DEBUG - ***************************************************
2025-03-12 09:08:19,058 - isca - DEBUG - The buldenv-intel module makes available:
2025-03-12 09:08:19,058 - isca - DEBUG - - Compilers: icc, ifort, etc.
2025-03-12 09:08:19,058 - isca - DEBUG - - Mpi library with mpi-wrapped compilers: intel mpi with mpicc, mpifort, etc.
2025-03-12 09:08:19,058 - isca - DEBUG - - Numerical libraries: intel MKL
2025-03-12 09:08:19,058 - isca - DEBUG - 
2025-03-12 09:08:19,058 - isca - DEBUG - It also makes a set of dependency library modules available via
2025-03-12 09:08:19,058 - isca - DEBUG - the regular module command. Just do:
2025-03-12 09:08:19,058 - isca - DEBUG - module avail
2025-03-12 09:08:19,058 - isca - DEBUG - to see what is available.
2025-03-12 09:08:19,058 - isca - DEBUG - 
2025-03-12 09:08:19,058 - isca - DEBUG - NOTE: You shoud never load build environments inside submitted jobs.
2025-03-12 09:08:19,058 - isca - DEBUG - (with the single exception of when using supercomputer time to compile code.)
2025-03-12 09:08:19,058 - isca - DEBUG - 
2025-03-12 09:08:20,266 - isca - DEBUG - NOTE from PE    0: MPP_DOMAINS_SET_STACK_SIZE: stack size set to    32768.
2025-03-12 09:08:20,267 - isca - DEBUG - &MPP_IO_NML
2025-03-12 09:08:20,267 - isca - DEBUG - HEADER_BUFFER_VAL       =       16384,
2025-03-12 09:08:20,267 - isca - DEBUG - GLOBAL_FIELD_ON_ROOT_PE = T,
2025-03-12 09:08:20,267 - isca - DEBUG - IO_CLOCKS_ON    = F,
2025-03-12 09:08:20,267 - isca - DEBUG - SHUFFLE =           0,
2025-03-12 09:08:20,267 - isca - DEBUG - DEFLATE_LEVEL   =          -1
2025-03-12 09:08:20,267 - isca - DEBUG - /
2025-03-12 09:08:20,268 - isca - DEBUG - NOTE from PE    0: MPP_IO_SET_STACK_SIZE: stack size set to     131072.
2025-03-12 09:08:20,269 - isca - DEBUG - NOTE from PE    0: MPP_DOMAINS_SET_STACK_SIZE: stack size set to   600000.
2025-03-12 09:08:20,277 - isca - DEBUG - starting            1  OpenMP threads per MPI-task
2025-03-12 09:08:20,279 - isca - DEBUG - ATMOS MODEL DOMAIN DECOMPOSITION
2025-03-12 09:08:20,279 - isca - DEBUG - X-AXIS =  128
2025-03-12 09:08:20,279 - isca - DEBUG - Y-AXIS =    4   4   4   4   4   4   4   4   4   4   4   4   4   4   4   4
2025-03-12 09:08:20,327 - isca - DEBUG - 
2025-03-12 09:08:20,327 - isca - WARNING - WARNING from PE    9: socrates_init: dt_rad does not fit into one day an integer number of times
2025-03-12 09:08:20,327 - isca - DEBUG - 
2025-03-12 09:08:20,327 - isca - DEBUG - 
2025-03-12 09:08:20,327 - isca - DEBUG - 
2025-03-12 09:08:20,327 - isca - WARNING - WARNING from PE   11: socrates_init: dt_rad does not fit into one day an integer number of times
2025-03-12 09:08:20,327 - isca - DEBUG - 
2025-03-12 09:08:20,327 - isca - WARNING - WARNING from PE   13: socrates_init: dt_rad does not fit into one day an integer number of times
2025-03-12 09:08:20,327 - isca - DEBUG - 
2025-03-12 09:08:20,327 - isca - DEBUG - 
2025-03-12 09:08:20,327 - isca - WARNING - WARNING from PE    7: socrates_init: dt_rad does not fit into one day an integer number of times
2025-03-12 09:08:20,328 - isca - DEBUG - 
2025-03-12 09:08:20,328 - isca - WARNING - WARNING from PE   15: socrates_init: dt_rad does not fit into one day an integer number of times
2025-03-12 09:08:20,328 - isca - DEBUG - 
2025-03-12 09:08:20,328 - isca - DEBUG - 
2025-03-12 09:08:20,328 - isca - DEBUG - 
2025-03-12 09:08:20,328 - isca - WARNING - WARNING from PE   14: socrates_init: dt_rad does not fit into one day an integer number of times
2025-03-12 09:08:20,328 - isca - DEBUG - 
2025-03-12 09:08:20,328 - isca - DEBUG - 
2025-03-12 09:08:20,328 - isca - DEBUG - 
2025-03-12 09:08:20,328 - isca - WARNING - WARNING from PE   10: socrates_init: dt_rad does not fit into one day an integer number of times
2025-03-12 09:08:20,328 - isca - DEBUG - 
2025-03-12 09:08:20,328 - isca - DEBUG - 
2025-03-12 09:08:20,328 - isca - WARNING - WARNING from PE   12: socrates_init: dt_rad does not fit into one day an integer number of times
2025-03-12 09:08:20,328 - isca - DEBUG - 
2025-03-12 09:08:20,328 - isca - WARNING - WARNING from PE    8: socrates_init: dt_rad does not fit into one day an integer number of times
2025-03-12 09:08:20,328 - isca - DEBUG - 
2025-03-12 09:08:20,328 - isca - DEBUG - NOTE from PE    0: cloud_simple: Using SimCloud cloud scheme
2025-03-12 09:08:20,329 - isca - DEBUG - NOTE from PE    0: ls_cloud: Using linear cloud fraction diagnostic formula.
2025-03-12 09:08:20,330 - isca - DEBUG - NOTE from PE    0: cloud_cover: The cloud overlap assumption is MAXIMUM-RANDOM
2025-03-12 09:08:20,330 - isca - DEBUG - NOTE from PE    0: idealized_moist_phys: Using Frierson Quasi-Equilibrium convection scheme.
2025-03-12 09:08:20,333 - isca - DEBUG - 
2025-03-12 09:08:20,333 - isca - WARNING - WARNING from PE    5: socrates_init: dt_rad does not fit into one day an integer number of times
2025-03-12 09:08:20,333 - isca - DEBUG - 
2025-03-12 09:08:20,333 - isca - DEBUG - 
2025-03-12 09:08:20,333 - isca - WARNING - WARNING from PE    3: socrates_init: dt_rad does not fit into one day an integer number of times
2025-03-12 09:08:20,333 - isca - DEBUG - 
2025-03-12 09:08:20,334 - isca - DEBUG - 
2025-03-12 09:08:20,334 - isca - DEBUG - 
2025-03-12 09:08:20,334 - isca - WARNING - WARNING from PE    2: socrates_init: dt_rad does not fit into one day an integer number of times
2025-03-12 09:08:20,334 - isca - DEBUG - 
2025-03-12 09:08:20,334 - isca - DEBUG - 
2025-03-12 09:08:20,334 - isca - WARNING - WARNING from PE    4: socrates_init: dt_rad does not fit into one day an integer number of times
2025-03-12 09:08:20,334 - isca - DEBUG - 
2025-03-12 09:08:20,334 - isca - WARNING - WARNING from PE    6: socrates_init: dt_rad does not fit into one day an integer number of times
2025-03-12 09:08:20,334 - isca - DEBUG - 
2025-03-12 09:08:20,336 - isca - DEBUG - 
2025-03-12 09:08:20,336 - isca - WARNING - WARNING from PE    1: socrates_init: dt_rad does not fit into one day an integer number of times
2025-03-12 09:08:20,336 - isca - DEBUG - 
2025-03-12 09:08:20,340 - isca - DEBUG - 
2025-03-12 09:08:20,340 - isca - WARNING - WARNING from PE    0: socrates_init: dt_rad does not fit into one day an integer number of times
2025-03-12 09:08:20,340 - isca - DEBUG - 
2025-03-12 09:08:20,340 - isca - DEBUG - 
2025-03-12 09:08:20,340 - isca - WARNING - WARNING from PE    0: socrates_init: dt_rad does not fit into one day an integer number of times
2025-03-12 09:08:20,340 - isca - DEBUG - 
2025-03-12 09:08:20,340 - isca - DEBUG - 
2025-03-12 09:08:20,340 - isca - WARNING - WARNING from PE    0: socrates_init: lw_hires_spectral_filename is unset, making equal to lw_spectral_filename
2025-03-12 09:08:20,340 - isca - DEBUG - 
2025-03-12 09:08:20,340 - isca - DEBUG - 
2025-03-12 09:08:20,340 - isca - WARNING - WARNING from PE    0: socrates_init: lw_hires_spectral_filename is unset, making equal to lw_spectral_filename
2025-03-12 09:08:20,340 - isca - DEBUG - 
2025-03-12 09:08:20,340 - isca - DEBUG - 
2025-03-12 09:08:20,340 - isca - WARNING - WARNING from PE    0: socrates_init: sw_hires_spectral_filename is unset, making equal to sw_spectral_filename
2025-03-12 09:08:20,340 - isca - DEBUG - 
2025-03-12 09:08:20,340 - isca - DEBUG - 
2025-03-12 09:08:20,340 - isca - WARNING - WARNING from PE    0: socrates_init: sw_hires_spectral_filename is unset, making equal to sw_spectral_filename
2025-03-12 09:08:20,340 - isca - DEBUG - 
2025-03-12 09:08:21,533 - isca - DEBUG - NOTE from PE    0: Interpolator: Using input file with no time dimension - ozone_1990_notime_zero.nc
2025-03-12 09:08:21,533 - isca - DEBUG - Initializing src field : ozone_1990
2025-03-12 09:08:21,536 - isca - DEBUG - 
2025-03-12 09:08:21,536 - isca - DEBUG - -----------------------------------
2025-03-12 09:08:21,536 - isca - DEBUG - ____                       _
2025-03-12 09:08:21,536 - isca - DEBUG - / ___|  ___   ___ _ __ __ _| |_ ___  ___
2025-03-12 09:08:21,536 - isca - DEBUG - \___ \ / _ \ / __|  __/ _` | __/ _ \/ __|
2025-03-12 09:08:21,536 - isca - DEBUG - ___) | (_) | (__| | | (_| | ||  __/\__ \
2025-03-12 09:08:21,536 - isca - DEBUG - |____/ \___/ \___|_|  \__,_|\__\___||___/
2025-03-12 09:08:21,536 - isca - DEBUG - 
2025-03-12 09:08:21,536 - isca - DEBUG - Initialised Socrates v17.03
2025-03-12 09:08:21,536 - isca - DEBUG - Stellar constant =    1400.00000000000
2025-03-12 09:08:21,536 - isca - DEBUG - Longwave spectral file =
2025-03-12 09:08:21,536 - isca - DEBUG - /proj/bolinc/users/x_ryabo/socrates_edited_for_isca/spectral_files_for_GCMs/Sun
2025-03-12 09:08:21,536 - isca - DEBUG - /miniSuran_lw.sf WITH           16  bands
2025-03-12 09:08:21,536 - isca - DEBUG - Longwave hires spectral file =
2025-03-12 09:08:21,536 - isca - DEBUG - /proj/bolinc/users/x_ryabo/socrates_edited_for_isca/spectral_files_for_GCMs/Sun
2025-03-12 09:08:21,536 - isca - DEBUG - /miniSuran_lw.sf WITH           16  bands
2025-03-12 09:08:21,536 - isca - DEBUG - Shortwave spectral file =
2025-03-12 09:08:21,536 - isca - DEBUG - /proj/bolinc/users/x_ryabo/socrates_edited_for_isca/spectral_files_for_GCMs/Sun
2025-03-12 09:08:21,536 - isca - DEBUG - /miniSuran_sw.sf WITH           16  bands
2025-03-12 09:08:21,536 - isca - DEBUG - Shortwave hires spectral file =
2025-03-12 09:08:21,537 - isca - DEBUG - /proj/bolinc/users/x_ryabo/socrates_edited_for_isca/spectral_files_for_GCMs/Sun
2025-03-12 09:08:21,537 - isca - DEBUG - /miniSuran_sw.sf WITH           16  bands
2025-03-12 09:08:21,537 - isca - DEBUG - 
2025-03-12 09:08:21,537 - isca - DEBUG - -----------------------------------
2025-03-12 09:08:21,537 - isca - DEBUG - 
2025-03-12 09:08:54,560 - isca - DEBUG - Integration completed through  1531 days     0 seconds
2025-03-12 09:09:27,543 - isca - DEBUG - Integration completed through  1532 days     0 seconds
2025-03-12 09:10:00,598 - isca - DEBUG - Integration completed through  1533 days     0 seconds
2025-03-12 09:10:33,549 - isca - DEBUG - Integration completed through  1534 days     0 seconds
2025-03-12 09:11:06,772 - isca - DEBUG - Integration completed through  1535 days     0 seconds
2025-03-12 09:11:39,945 - isca - DEBUG - Integration completed through  1536 days     0 seconds
2025-03-12 09:12:13,237 - isca - DEBUG - Integration completed through  1537 days     0 seconds
2025-03-12 09:12:46,516 - isca - DEBUG - Integration completed through  1538 days     0 seconds
2025-03-12 09:13:19,892 - isca - DEBUG - Integration completed through  1539 days     0 seconds
2025-03-12 09:13:53,286 - isca - DEBUG - Integration completed through  1540 days     0 seconds
2025-03-12 09:14:27,222 - isca - DEBUG - Integration completed through  1541 days     0 seconds
2025-03-12 09:15:01,125 - isca - DEBUG - Integration completed through  1542 days     0 seconds
2025-03-12 09:15:34,878 - isca - DEBUG - Integration completed through  1543 days     0 seconds
2025-03-12 09:16:08,667 - isca - DEBUG - Integration completed through  1544 days     0 seconds
2025-03-12 09:16:42,167 - isca - DEBUG - Integration completed through  1545 days     0 seconds
2025-03-12 09:17:15,044 - isca - DEBUG - Integration completed through  1546 days     0 seconds
2025-03-12 09:17:47,897 - isca - DEBUG - Integration completed through  1547 days     0 seconds
2025-03-12 09:18:20,978 - isca - DEBUG - Integration completed through  1548 days     0 seconds
2025-03-12 09:18:53,831 - isca - DEBUG - Integration completed through  1549 days     0 seconds
2025-03-12 09:19:27,127 - isca - DEBUG - Integration completed through  1550 days     0 seconds
2025-03-12 09:20:01,312 - isca - DEBUG - Integration completed through  1551 days     0 seconds
2025-03-12 09:20:34,250 - isca - DEBUG - Integration completed through  1552 days     0 seconds
2025-03-12 09:21:07,267 - isca - DEBUG - Integration completed through  1553 days     0 seconds
2025-03-12 09:21:40,213 - isca - DEBUG - Integration completed through  1554 days     0 seconds
2025-03-12 09:22:13,640 - isca - DEBUG - Integration completed through  1555 days     0 seconds
2025-03-12 09:22:48,985 - isca - DEBUG - Integration completed through  1556 days     0 seconds
2025-03-12 09:23:23,240 - isca - DEBUG - Integration completed through  1557 days     0 seconds
2025-03-12 09:23:58,067 - isca - DEBUG - Integration completed through  1558 days     0 seconds
2025-03-12 09:24:32,810 - isca - DEBUG - Integration completed through  1559 days     0 seconds
2025-03-12 09:25:06,577 - isca - DEBUG - Integration completed through  1560 days     0 seconds
2025-03-12 09:25:06,582 - isca - DEBUG - 
2025-03-12 09:25:06,582 - isca - WARNING - WARNING from PE    0: diag_util_mod::opening_file: module/field_name (socrates/soc_toa_sw_down_clr) NOT registered
2025-03-12 09:25:06,582 - isca - DEBUG - 
2025-03-12 09:25:06,582 - isca - DEBUG - 
2025-03-12 09:25:06,582 - isca - WARNING - WARNING from PE    0: diag_util_mod::opening_file: module/field_name (socrates/soc_toa_sw_down_clr) NOT registered
2025-03-12 09:25:06,583 - isca - DEBUG - 
2025-03-12 09:25:06,583 - isca - DEBUG - 
2025-03-12 09:25:06,583 - isca - WARNING - WARNING from PE    0: diag_util_mod::opening_file: module/field_name (cloud_simple/rh_min) NOT registered
2025-03-12 09:25:06,583 - isca - DEBUG - 
2025-03-12 09:25:06,583 - isca - DEBUG - 
2025-03-12 09:25:06,583 - isca - WARNING - WARNING from PE    0: diag_util_mod::opening_file: module/field_name (cloud_simple/rh_min) NOT registered
2025-03-12 09:25:06,583 - isca - DEBUG - 
2025-03-12 09:25:06,592 - isca - DEBUG - NOTE from PE    0: MPP_IO_SET_STACK_SIZE: stack size set to     327680.
2025-03-12 09:25:06,679 - isca - DEBUG - MPP_DOMAINS_STACK high water mark=       40960
2025-03-12 09:25:06,680 - isca - DEBUG - 
2025-03-12 09:25:06,680 - isca - DEBUG - Tabulating mpp_clock statistics across     16 PEs...
2025-03-12 09:25:06,680 - isca - DEBUG - 
2025-03-12 09:25:06,680 - isca - DEBUG - tmin          tmax          tavg          tstd  tfrac grain pemin pemax
2025-03-12 09:25:06,680 - isca - DEBUG - Total runtime                      1006.412286   1006.417014   1006.414041      0.001275  1.000     0     0    15
2025-03-12 09:25:06,680 - isca - DEBUG - MPP_STACK high water mark=           0
2025-03-12 09:25:06,848 - isca - INFO - Run 52 complete
2025-03-12 09:25:08,097 - isca - DEBUG - atmos_monthly.nc combined and copied to data directory
2025-03-12 09:25:10,983 - isca - INFO - Restart archive created at /proj/bolinc/users/x_ryabo/Isca-Ryan_outputs/planetb_presentdayEarth_rot0_Sun_noO3/restarts/res0052.tar.gz
2025-03-12 09:25:10,996 - isca - INFO - Writing namelist to '/proj/bolinc/users/x_ryabo/Isca-Ryan_outputs/planetb_presentdayEarth_rot0_Sun_noO3/run0052/input.nml'
2025-03-12 09:25:10,997 - isca - INFO - Writing field_table to '/proj/bolinc/users/x_ryabo/Isca-Ryan_outputs/planetb_presentdayEarth_rot0_Sun_noO3/run0052/field_table'
2025-03-12 09:25:11,008 - isca - INFO - Writing diag_table to '/proj/bolinc/users/x_ryabo/Isca-Ryan_outputs/planetb_presentdayEarth_rot0_Sun_noO3/run0052/diag_table'
2025-03-12 09:25:11,121 - isca - INFO - Emptied run directory '/home/x_ryabo/Isca-Ryan_tmp/experiment/planetb_presentdayEarth_rot0_Sun_noO3/run'
2025-03-12 09:25:11,141 - isca - INFO - Emptied run directory '/home/x_ryabo/Isca-Ryan_tmp/experiment/planetb_presentdayEarth_rot0_Sun_noO3/run'
2025-03-12 09:25:11,214 - isca - INFO - Writing namelist to '/home/x_ryabo/Isca-Ryan_tmp/experiment/planetb_presentdayEarth_rot0_Sun_noO3/run/input.nml'
2025-03-12 09:25:11,216 - isca - INFO - Writing field_table to '/home/x_ryabo/Isca-Ryan_tmp/experiment/planetb_presentdayEarth_rot0_Sun_noO3/run/field_table'
2025-03-12 09:25:11,225 - isca - INFO - Writing diag_table to '/home/x_ryabo/Isca-Ryan_tmp/experiment/planetb_presentdayEarth_rot0_Sun_noO3/run/diag_table'
2025-03-12 09:25:11,237 - isca - INFO - Using restart file '/proj/bolinc/users/x_ryabo/Isca-Ryan_outputs/planetb_presentdayEarth_rot0_Sun_noO3/restarts/res0052.tar.gz'
2025-03-12 09:25:11,604 - isca - INFO - Restart /proj/bolinc/users/x_ryabo/Isca-Ryan_outputs/planetb_presentdayEarth_rot0_Sun_noO3/restarts/res0052.tar.gz extracted to /home/x_ryabo/Isca-Ryan_tmp/experiment/planetb_presentdayEarth_rot0_Sun_noO3/run/INPUT
2025-03-12 09:25:11,604 - isca - INFO - Beginning run 53
2025-03-12 09:25:11,616 - isca - INFO - process running as 3945530
2025-03-12 09:25:11,617 - isca - DEBUG - loadmodules for Isca on NSC cluster Tetralith
2025-03-12 09:25:11,617 - isca - DEBUG - mpiifort
2025-03-12 09:25:11,719 - isca - DEBUG - The following modules were not unloaded:
2025-03-12 09:25:11,719 - isca - DEBUG - (Use "module --force purge" to unload all):
2025-03-12 09:25:11,719 - isca - DEBUG - 
2025-03-12 09:25:11,719 - isca - DEBUG - 1) hpc/.1.10.1
2025-03-12 09:25:11,823 - isca - DEBUG - ***************************************************
2025-03-12 09:25:11,824 - isca - DEBUG - You have loaded a buildenv module
2025-03-12 09:25:11,824 - isca - DEBUG - ***************************************************
2025-03-12 09:25:11,824 - isca - DEBUG - The buldenv-intel module makes available:
2025-03-12 09:25:11,824 - isca - DEBUG - - Compilers: icc, ifort, etc.
2025-03-12 09:25:11,824 - isca - DEBUG - - Mpi library with mpi-wrapped compilers: intel mpi with mpicc, mpifort, etc.
2025-03-12 09:25:11,824 - isca - DEBUG - - Numerical libraries: intel MKL
2025-03-12 09:25:11,824 - isca - DEBUG - 
2025-03-12 09:25:11,824 - isca - DEBUG - It also makes a set of dependency library modules available via
2025-03-12 09:25:11,824 - isca - DEBUG - the regular module command. Just do:
2025-03-12 09:25:11,824 - isca - DEBUG - module avail
2025-03-12 09:25:11,824 - isca - DEBUG - to see what is available.
2025-03-12 09:25:11,824 - isca - DEBUG - 
2025-03-12 09:25:11,824 - isca - DEBUG - NOTE: You shoud never load build environments inside submitted jobs.
2025-03-12 09:25:11,824 - isca - DEBUG - (with the single exception of when using supercomputer time to compile code.)
2025-03-12 09:25:11,824 - isca - DEBUG - 
2025-03-12 09:25:13,641 - isca - DEBUG - NOTE from PE    0: MPP_DOMAINS_SET_STACK_SIZE: stack size set to    32768.
2025-03-12 09:25:13,642 - isca - DEBUG - &MPP_IO_NML
2025-03-12 09:25:13,642 - isca - DEBUG - HEADER_BUFFER_VAL       =       16384,
2025-03-12 09:25:13,642 - isca - DEBUG - GLOBAL_FIELD_ON_ROOT_PE = T,
2025-03-12 09:25:13,642 - isca - DEBUG - IO_CLOCKS_ON    = F,
2025-03-12 09:25:13,642 - isca - DEBUG - SHUFFLE =           0,
2025-03-12 09:25:13,642 - isca - DEBUG - DEFLATE_LEVEL   =          -1
2025-03-12 09:25:13,642 - isca - DEBUG - /
2025-03-12 09:25:13,643 - isca - DEBUG - NOTE from PE    0: MPP_IO_SET_STACK_SIZE: stack size set to     131072.
2025-03-12 09:25:13,644 - isca - DEBUG - NOTE from PE    0: MPP_DOMAINS_SET_STACK_SIZE: stack size set to   600000.
2025-03-12 09:25:13,652 - isca - DEBUG - starting            1  OpenMP threads per MPI-task
2025-03-12 09:25:13,654 - isca - DEBUG - ATMOS MODEL DOMAIN DECOMPOSITION
2025-03-12 09:25:13,654 - isca - DEBUG - X-AXIS =  128
2025-03-12 09:25:13,654 - isca - DEBUG - Y-AXIS =    4   4   4   4   4   4   4   4   4   4   4   4   4   4   4   4
2025-03-12 09:25:13,699 - isca - DEBUG - NOTE from PE    0: cloud_simple: Using SimCloud cloud scheme
2025-03-12 09:25:13,700 - isca - DEBUG - NOTE from PE    0: ls_cloud: Using linear cloud fraction diagnostic formula.
2025-03-12 09:25:13,700 - isca - DEBUG - NOTE from PE    0: cloud_cover: The cloud overlap assumption is MAXIMUM-RANDOM
2025-03-12 09:25:13,701 - isca - DEBUG - NOTE from PE    0: idealized_moist_phys: Using Frierson Quasi-Equilibrium convection scheme.
2025-03-12 09:25:13,701 - isca - DEBUG - 
2025-03-12 09:25:13,701 - isca - WARNING - WARNING from PE   15: socrates_init: dt_rad does not fit into one day an integer number of times
2025-03-12 09:25:13,701 - isca - DEBUG - 
2025-03-12 09:25:13,702 - isca - DEBUG - 
2025-03-12 09:25:13,702 - isca - WARNING - WARNING from PE    7: socrates_init: dt_rad does not fit into one day an integer number of times
2025-03-12 09:25:13,702 - isca - DEBUG - 
2025-03-12 09:25:13,702 - isca - DEBUG - 
2025-03-12 09:25:13,703 - isca - DEBUG - 
2025-03-12 09:25:13,703 - isca - WARNING - WARNING from PE   11: socrates_init: dt_rad does not fit into one day an integer number of times
2025-03-12 09:25:13,703 - isca - DEBUG - 
2025-03-12 09:25:13,703 - isca - WARNING - WARNING from PE   10: socrates_init: dt_rad does not fit into one day an integer number of times
2025-03-12 09:25:13,703 - isca - DEBUG - 
2025-03-12 09:25:13,703 - isca - DEBUG - 
2025-03-12 09:25:13,703 - isca - WARNING - WARNING from PE    8: socrates_init: dt_rad does not fit into one day an integer number of times
2025-03-12 09:25:13,703 - isca - DEBUG - 
2025-03-12 09:25:13,703 - isca - DEBUG - 
2025-03-12 09:25:13,703 - isca - WARNING - WARNING from PE   12: socrates_init: dt_rad does not fit into one day an integer number of times
2025-03-12 09:25:13,703 - isca - DEBUG - 
2025-03-12 09:25:13,703 - isca - DEBUG - 
2025-03-12 09:25:13,703 - isca - WARNING - WARNING from PE    9: socrates_init: dt_rad does not fit into one day an integer number of times
2025-03-12 09:25:13,703 - isca - DEBUG - 
2025-03-12 09:25:13,703 - isca - DEBUG - 
2025-03-12 09:25:13,703 - isca - WARNING - WARNING from PE   14: socrates_init: dt_rad does not fit into one day an integer number of times
2025-03-12 09:25:13,703 - isca - DEBUG - 
2025-03-12 09:25:13,704 - isca - DEBUG - 
2025-03-12 09:25:13,704 - isca - WARNING - WARNING from PE    5: socrates_init: dt_rad does not fit into one day an integer number of times
2025-03-12 09:25:13,704 - isca - DEBUG - 
2025-03-12 09:25:13,704 - isca - DEBUG - 
2025-03-12 09:25:13,704 - isca - WARNING - WARNING from PE    4: socrates_init: dt_rad does not fit into one day an integer number of times
2025-03-12 09:25:13,704 - isca - DEBUG - 
2025-03-12 09:25:13,704 - isca - DEBUG - 
2025-03-12 09:25:13,704 - isca - WARNING - WARNING from PE    6: socrates_init: dt_rad does not fit into one day an integer number of times
2025-03-12 09:25:13,705 - isca - DEBUG - 
2025-03-12 09:25:13,705 - isca - DEBUG - 
2025-03-12 09:25:13,705 - isca - WARNING - WARNING from PE    2: socrates_init: dt_rad does not fit into one day an integer number of times
2025-03-12 09:25:13,705 - isca - DEBUG - 
2025-03-12 09:25:13,705 - isca - DEBUG - 
2025-03-12 09:25:13,705 - isca - WARNING - WARNING from PE    1: socrates_init: dt_rad does not fit into one day an integer number of times
2025-03-12 09:25:13,705 - isca - DEBUG - 
2025-03-12 09:25:13,705 - isca - DEBUG - 
2025-03-12 09:25:13,705 - isca - WARNING - WARNING from PE    3: socrates_init: dt_rad does not fit into one day an integer number of times
2025-03-12 09:25:13,705 - isca - DEBUG - 
2025-03-12 09:25:13,707 - isca - DEBUG - 
2025-03-12 09:25:13,707 - isca - WARNING - WARNING from PE   13: socrates_init: dt_rad does not fit into one day an integer number of times
2025-03-12 09:25:13,707 - isca - DEBUG - 
2025-03-12 09:25:13,711 - isca - DEBUG - 
2025-03-12 09:25:13,711 - isca - WARNING - WARNING from PE    0: socrates_init: dt_rad does not fit into one day an integer number of times
2025-03-12 09:25:13,711 - isca - DEBUG - 
2025-03-12 09:25:13,711 - isca - DEBUG - 
2025-03-12 09:25:13,712 - isca - WARNING - WARNING from PE    0: socrates_init: dt_rad does not fit into one day an integer number of times
2025-03-12 09:25:13,712 - isca - DEBUG - 
2025-03-12 09:25:13,712 - isca - DEBUG - 
2025-03-12 09:25:13,712 - isca - WARNING - WARNING from PE    0: socrates_init: lw_hires_spectral_filename is unset, making equal to lw_spectral_filename
2025-03-12 09:25:13,712 - isca - DEBUG - 
2025-03-12 09:25:13,712 - isca - DEBUG - 
2025-03-12 09:25:13,712 - isca - WARNING - WARNING from PE    0: socrates_init: lw_hires_spectral_filename is unset, making equal to lw_spectral_filename
2025-03-12 09:25:13,712 - isca - DEBUG - 
2025-03-12 09:25:13,713 - isca - DEBUG - 
2025-03-12 09:25:13,713 - isca - WARNING - WARNING from PE    0: socrates_init: sw_hires_spectral_filename is unset, making equal to sw_spectral_filename
2025-03-12 09:25:13,713 - isca - DEBUG - 
2025-03-12 09:25:13,713 - isca - DEBUG - 
2025-03-12 09:25:13,713 - isca - WARNING - WARNING from PE    0: socrates_init: sw_hires_spectral_filename is unset, making equal to sw_spectral_filename
2025-03-12 09:25:13,713 - isca - DEBUG - 
2025-03-12 09:25:14,952 - isca - DEBUG - NOTE from PE    0: Interpolator: Using input file with no time dimension - ozone_1990_notime_zero.nc
2025-03-12 09:25:14,952 - isca - DEBUG - Initializing src field : ozone_1990
2025-03-12 09:25:14,954 - isca - DEBUG - 
2025-03-12 09:25:14,954 - isca - DEBUG - -----------------------------------
2025-03-12 09:25:14,955 - isca - DEBUG - ____                       _
2025-03-12 09:25:14,955 - isca - DEBUG - / ___|  ___   ___ _ __ __ _| |_ ___  ___
2025-03-12 09:25:14,955 - isca - DEBUG - \___ \ / _ \ / __|  __/ _` | __/ _ \/ __|
2025-03-12 09:25:14,955 - isca - DEBUG - ___) | (_) | (__| | | (_| | ||  __/\__ \
2025-03-12 09:25:14,955 - isca - DEBUG - |____/ \___/ \___|_|  \__,_|\__\___||___/
2025-03-12 09:25:14,955 - isca - DEBUG - 
2025-03-12 09:25:14,955 - isca - DEBUG - Initialised Socrates v17.03
2025-03-12 09:25:14,955 - isca - DEBUG - Stellar constant =    1400.00000000000
2025-03-12 09:25:14,956 - isca - DEBUG - Longwave spectral file =
2025-03-12 09:25:14,956 - isca - DEBUG - /proj/bolinc/users/x_ryabo/socrates_edited_for_isca/spectral_files_for_GCMs/Sun
2025-03-12 09:25:14,956 - isca - DEBUG - /miniSuran_lw.sf WITH           16  bands
2025-03-12 09:25:14,956 - isca - DEBUG - Longwave hires spectral file =
2025-03-12 09:25:14,956 - isca - DEBUG - /proj/bolinc/users/x_ryabo/socrates_edited_for_isca/spectral_files_for_GCMs/Sun
2025-03-12 09:25:14,956 - isca - DEBUG - /miniSuran_lw.sf WITH           16  bands
2025-03-12 09:25:14,956 - isca - DEBUG - Shortwave spectral file =
2025-03-12 09:25:14,956 - isca - DEBUG - /proj/bolinc/users/x_ryabo/socrates_edited_for_isca/spectral_files_for_GCMs/Sun
2025-03-12 09:25:14,957 - isca - DEBUG - /miniSuran_sw.sf WITH           16  bands
2025-03-12 09:25:14,957 - isca - DEBUG - Shortwave hires spectral file =
2025-03-12 09:25:14,957 - isca - DEBUG - /proj/bolinc/users/x_ryabo/socrates_edited_for_isca/spectral_files_for_GCMs/Sun
2025-03-12 09:25:14,957 - isca - DEBUG - /miniSuran_sw.sf WITH           16  bands
2025-03-12 09:25:14,957 - isca - DEBUG - 
2025-03-12 09:25:14,957 - isca - DEBUG - -----------------------------------
2025-03-12 09:25:14,957 - isca - DEBUG - 
2025-03-12 09:25:48,665 - isca - DEBUG - Integration completed through  1561 days     0 seconds
2025-03-12 09:26:22,294 - isca - DEBUG - Integration completed through  1562 days     0 seconds
2025-03-12 09:26:55,922 - isca - DEBUG - Integration completed through  1563 days     0 seconds
2025-03-12 09:27:29,099 - isca - DEBUG - Integration completed through  1564 days     0 seconds
2025-03-12 09:28:02,114 - isca - DEBUG - Integration completed through  1565 days     0 seconds
2025-03-12 09:28:35,240 - isca - DEBUG - Integration completed through  1566 days     0 seconds
2025-03-12 09:29:08,568 - isca - DEBUG - Integration completed through  1567 days     0 seconds
2025-03-12 09:29:42,040 - isca - DEBUG - Integration completed through  1568 days     0 seconds
2025-03-12 09:30:15,418 - isca - DEBUG - Integration completed through  1569 days     0 seconds
2025-03-12 09:30:48,971 - isca - DEBUG - Integration completed through  1570 days     0 seconds
2025-03-12 09:31:22,286 - isca - DEBUG - Integration completed through  1571 days     0 seconds
2025-03-12 09:31:55,430 - isca - DEBUG - Integration completed through  1572 days     0 seconds
2025-03-12 09:32:28,699 - isca - DEBUG - Integration completed through  1573 days     0 seconds
2025-03-12 09:33:01,874 - isca - DEBUG - Integration completed through  1574 days     0 seconds
2025-03-12 09:33:34,905 - isca - DEBUG - Integration completed through  1575 days     0 seconds
2025-03-12 09:34:07,882 - isca - DEBUG - Integration completed through  1576 days     0 seconds
2025-03-12 09:34:40,939 - isca - DEBUG - Integration completed through  1577 days     0 seconds
2025-03-12 09:35:13,713 - isca - DEBUG - Integration completed through  1578 days     0 seconds
2025-03-12 09:35:46,398 - isca - DEBUG - Integration completed through  1579 days     0 seconds
2025-03-12 09:36:19,361 - isca - DEBUG - Integration completed through  1580 days     0 seconds
2025-03-12 09:36:52,313 - isca - DEBUG - Integration completed through  1581 days     0 seconds
2025-03-12 09:37:25,161 - isca - DEBUG - Integration completed through  1582 days     0 seconds
2025-03-12 09:37:57,994 - isca - DEBUG - Integration completed through  1583 days     0 seconds
2025-03-12 09:38:30,729 - isca - DEBUG - Integration completed through  1584 days     0 seconds
2025-03-12 09:39:03,715 - isca - DEBUG - Integration completed through  1585 days     0 seconds
2025-03-12 09:39:36,741 - isca - DEBUG - Integration completed through  1586 days     0 seconds
2025-03-12 09:40:09,704 - isca - DEBUG - Integration completed through  1587 days     0 seconds
2025-03-12 09:40:42,717 - isca - DEBUG - Integration completed through  1588 days     0 seconds
2025-03-12 09:41:15,869 - isca - DEBUG - Integration completed through  1589 days     0 seconds
2025-03-12 09:41:48,894 - isca - DEBUG - Integration completed through  1590 days     0 seconds
2025-03-12 09:41:48,901 - isca - DEBUG - 
2025-03-12 09:41:48,901 - isca - WARNING - WARNING from PE    0: diag_util_mod::opening_file: module/field_name (socrates/soc_toa_sw_down_clr) NOT registered
2025-03-12 09:41:48,901 - isca - DEBUG - 
2025-03-12 09:41:48,901 - isca - DEBUG - 
2025-03-12 09:41:48,902 - isca - WARNING - WARNING from PE    0: diag_util_mod::opening_file: module/field_name (socrates/soc_toa_sw_down_clr) NOT registered
2025-03-12 09:41:48,902 - isca - DEBUG - 
2025-03-12 09:41:48,902 - isca - DEBUG - 
2025-03-12 09:41:48,902 - isca - WARNING - WARNING from PE    0: diag_util_mod::opening_file: module/field_name (cloud_simple/rh_min) NOT registered
2025-03-12 09:41:48,915 - isca - DEBUG - 
2025-03-12 09:41:48,915 - isca - DEBUG - 
2025-03-12 09:41:48,915 - isca - WARNING - WARNING from PE    0: diag_util_mod::opening_file: module/field_name (cloud_simple/rh_min) NOT registered
2025-03-12 09:41:48,915 - isca - DEBUG - 
2025-03-12 09:41:48,916 - isca - DEBUG - NOTE from PE    0: MPP_IO_SET_STACK_SIZE: stack size set to     327680.
2025-03-12 09:41:48,998 - isca - DEBUG - MPP_DOMAINS_STACK high water mark=       40960
2025-03-12 09:41:48,999 - isca - DEBUG - 
2025-03-12 09:41:48,999 - isca - DEBUG - Tabulating mpp_clock statistics across     16 PEs...
2025-03-12 09:41:48,999 - isca - DEBUG - 
2025-03-12 09:41:48,999 - isca - DEBUG - tmin          tmax          tavg          tstd  tfrac grain pemin pemax
2025-03-12 09:41:49,000 - isca - DEBUG - Total runtime                       995.354151    995.361825    995.357403      0.001898  1.000     0     0    15
2025-03-12 09:41:49,000 - isca - DEBUG - MPP_STACK high water mark=           0
2025-03-12 09:41:49,183 - isca - INFO - Run 53 complete
2025-03-12 09:41:50,037 - isca - DEBUG - atmos_monthly.nc combined and copied to data directory
2025-03-12 09:41:52,908 - isca - INFO - Restart archive created at /proj/bolinc/users/x_ryabo/Isca-Ryan_outputs/planetb_presentdayEarth_rot0_Sun_noO3/restarts/res0053.tar.gz
2025-03-12 09:41:52,920 - isca - INFO - Writing namelist to '/proj/bolinc/users/x_ryabo/Isca-Ryan_outputs/planetb_presentdayEarth_rot0_Sun_noO3/run0053/input.nml'
2025-03-12 09:41:52,922 - isca - INFO - Writing field_table to '/proj/bolinc/users/x_ryabo/Isca-Ryan_outputs/planetb_presentdayEarth_rot0_Sun_noO3/run0053/field_table'
2025-03-12 09:41:52,934 - isca - INFO - Writing diag_table to '/proj/bolinc/users/x_ryabo/Isca-Ryan_outputs/planetb_presentdayEarth_rot0_Sun_noO3/run0053/diag_table'
2025-03-12 09:41:53,023 - isca - INFO - Emptied run directory '/home/x_ryabo/Isca-Ryan_tmp/experiment/planetb_presentdayEarth_rot0_Sun_noO3/run'
2025-03-12 09:41:53,042 - isca - INFO - Emptied run directory '/home/x_ryabo/Isca-Ryan_tmp/experiment/planetb_presentdayEarth_rot0_Sun_noO3/run'
2025-03-12 09:41:53,116 - isca - INFO - Writing namelist to '/home/x_ryabo/Isca-Ryan_tmp/experiment/planetb_presentdayEarth_rot0_Sun_noO3/run/input.nml'
2025-03-12 09:41:53,118 - isca - INFO - Writing field_table to '/home/x_ryabo/Isca-Ryan_tmp/experiment/planetb_presentdayEarth_rot0_Sun_noO3/run/field_table'
2025-03-12 09:41:53,127 - isca - INFO - Writing diag_table to '/home/x_ryabo/Isca-Ryan_tmp/experiment/planetb_presentdayEarth_rot0_Sun_noO3/run/diag_table'
2025-03-12 09:41:53,139 - isca - INFO - Using restart file '/proj/bolinc/users/x_ryabo/Isca-Ryan_outputs/planetb_presentdayEarth_rot0_Sun_noO3/restarts/res0053.tar.gz'
2025-03-12 09:41:53,505 - isca - INFO - Restart /proj/bolinc/users/x_ryabo/Isca-Ryan_outputs/planetb_presentdayEarth_rot0_Sun_noO3/restarts/res0053.tar.gz extracted to /home/x_ryabo/Isca-Ryan_tmp/experiment/planetb_presentdayEarth_rot0_Sun_noO3/run/INPUT
2025-03-12 09:41:53,506 - isca - INFO - Beginning run 54
2025-03-12 09:41:53,518 - isca - INFO - process running as 3946354
2025-03-12 09:41:53,518 - isca - DEBUG - loadmodules for Isca on NSC cluster Tetralith
2025-03-12 09:41:53,518 - isca - DEBUG - mpiifort
2025-03-12 09:41:53,619 - isca - DEBUG - The following modules were not unloaded:
2025-03-12 09:41:53,619 - isca - DEBUG - (Use "module --force purge" to unload all):
2025-03-12 09:41:53,619 - isca - DEBUG - 
2025-03-12 09:41:53,619 - isca - DEBUG - 1) hpc/.1.10.1
2025-03-12 09:41:53,720 - isca - DEBUG - ***************************************************
2025-03-12 09:41:53,720 - isca - DEBUG - You have loaded a buildenv module
2025-03-12 09:41:53,720 - isca - DEBUG - ***************************************************
2025-03-12 09:41:53,720 - isca - DEBUG - The buldenv-intel module makes available:
2025-03-12 09:41:53,720 - isca - DEBUG - - Compilers: icc, ifort, etc.
2025-03-12 09:41:53,720 - isca - DEBUG - - Mpi library with mpi-wrapped compilers: intel mpi with mpicc, mpifort, etc.
2025-03-12 09:41:53,720 - isca - DEBUG - - Numerical libraries: intel MKL
2025-03-12 09:41:53,720 - isca - DEBUG - 
2025-03-12 09:41:53,720 - isca - DEBUG - It also makes a set of dependency library modules available via
2025-03-12 09:41:53,720 - isca - DEBUG - the regular module command. Just do:
2025-03-12 09:41:53,721 - isca - DEBUG - module avail
2025-03-12 09:41:53,721 - isca - DEBUG - to see what is available.
2025-03-12 09:41:53,721 - isca - DEBUG - 
2025-03-12 09:41:53,721 - isca - DEBUG - NOTE: You shoud never load build environments inside submitted jobs.
2025-03-12 09:41:53,721 - isca - DEBUG - (with the single exception of when using supercomputer time to compile code.)
2025-03-12 09:41:53,721 - isca - DEBUG - 
2025-03-12 09:41:54,928 - isca - DEBUG - NOTE from PE    0: MPP_DOMAINS_SET_STACK_SIZE: stack size set to    32768.
2025-03-12 09:41:54,928 - isca - DEBUG - &MPP_IO_NML
2025-03-12 09:41:54,929 - isca - DEBUG - HEADER_BUFFER_VAL       =       16384,
2025-03-12 09:41:54,929 - isca - DEBUG - GLOBAL_FIELD_ON_ROOT_PE = T,
2025-03-12 09:41:54,929 - isca - DEBUG - IO_CLOCKS_ON    = F,
2025-03-12 09:41:54,929 - isca - DEBUG - SHUFFLE =           0,
2025-03-12 09:41:54,929 - isca - DEBUG - DEFLATE_LEVEL   =          -1
2025-03-12 09:41:54,929 - isca - DEBUG - /
2025-03-12 09:41:54,930 - isca - DEBUG - NOTE from PE    0: MPP_IO_SET_STACK_SIZE: stack size set to     131072.
2025-03-12 09:41:54,931 - isca - DEBUG - NOTE from PE    0: MPP_DOMAINS_SET_STACK_SIZE: stack size set to   600000.
2025-03-12 09:41:54,939 - isca - DEBUG - starting            1  OpenMP threads per MPI-task
2025-03-12 09:41:54,941 - isca - DEBUG - ATMOS MODEL DOMAIN DECOMPOSITION
2025-03-12 09:41:54,941 - isca - DEBUG - X-AXIS =  128
2025-03-12 09:41:54,941 - isca - DEBUG - Y-AXIS =    4   4   4   4   4   4   4   4   4   4   4   4   4   4   4   4
2025-03-12 09:41:54,990 - isca - DEBUG - 
2025-03-12 09:41:54,990 - isca - DEBUG - 
2025-03-12 09:41:54,990 - isca - WARNING - WARNING from PE    9: socrates_init: dt_rad does not fit into one day an integer number of times
2025-03-12 09:41:54,990 - isca - DEBUG - 
2025-03-12 09:41:54,990 - isca - WARNING - WARNING from PE   12: socrates_init: dt_rad does not fit into one day an integer number of times
2025-03-12 09:41:54,990 - isca - DEBUG - 
2025-03-12 09:41:54,990 - isca - DEBUG - 
2025-03-12 09:41:54,990 - isca - WARNING - WARNING from PE   11: socrates_init: dt_rad does not fit into one day an integer number of times
2025-03-12 09:41:54,990 - isca - DEBUG - 
2025-03-12 09:41:54,990 - isca - DEBUG - 
2025-03-12 09:41:54,990 - isca - DEBUG - 
2025-03-12 09:41:54,990 - isca - WARNING - WARNING from PE    8: socrates_init: dt_rad does not fit into one day an integer number of times
2025-03-12 09:41:54,990 - isca - DEBUG - 
2025-03-12 09:41:54,990 - isca - DEBUG - 
2025-03-12 09:41:54,990 - isca - WARNING - WARNING from PE   14: socrates_init: dt_rad does not fit into one day an integer number of times
2025-03-12 09:41:54,990 - isca - DEBUG - 
2025-03-12 09:41:54,990 - isca - WARNING - WARNING from PE   15: socrates_init: dt_rad does not fit into one day an integer number of times
2025-03-12 09:41:54,990 - isca - DEBUG - 
2025-03-12 09:41:54,990 - isca - DEBUG - 
2025-03-12 09:41:54,991 - isca - WARNING - WARNING from PE    7: socrates_init: dt_rad does not fit into one day an integer number of times
2025-03-12 09:41:54,991 - isca - DEBUG - 
2025-03-12 09:41:54,991 - isca - DEBUG - 
2025-03-12 09:41:54,991 - isca - DEBUG - 
2025-03-12 09:41:54,991 - isca - WARNING - WARNING from PE   13: socrates_init: dt_rad does not fit into one day an integer number of times
2025-03-12 09:41:54,991 - isca - DEBUG - 
2025-03-12 09:41:54,991 - isca - WARNING - WARNING from PE   10: socrates_init: dt_rad does not fit into one day an integer number of times
2025-03-12 09:41:54,991 - isca - DEBUG - 
2025-03-12 09:41:54,991 - isca - DEBUG - NOTE from PE    0: cloud_simple: Using SimCloud cloud scheme
2025-03-12 09:41:54,992 - isca - DEBUG - NOTE from PE    0: ls_cloud: Using linear cloud fraction diagnostic formula.
2025-03-12 09:41:54,992 - isca - DEBUG - NOTE from PE    0: cloud_cover: The cloud overlap assumption is MAXIMUM-RANDOM
2025-03-12 09:41:54,993 - isca - DEBUG - NOTE from PE    0: idealized_moist_phys: Using Frierson Quasi-Equilibrium convection scheme.
2025-03-12 09:41:54,996 - isca - DEBUG - 
2025-03-12 09:41:54,996 - isca - WARNING - WARNING from PE    3: socrates_init: dt_rad does not fit into one day an integer number of times
2025-03-12 09:41:54,996 - isca - DEBUG - 
2025-03-12 09:41:54,996 - isca - DEBUG - 
2025-03-12 09:41:54,996 - isca - WARNING - WARNING from PE    1: socrates_init: dt_rad does not fit into one day an integer number of times
2025-03-12 09:41:54,996 - isca - DEBUG - 
2025-03-12 09:41:54,996 - isca - DEBUG - 
2025-03-12 09:41:54,996 - isca - DEBUG - 
2025-03-12 09:41:54,996 - isca - WARNING - WARNING from PE    6: socrates_init: dt_rad does not fit into one day an integer number of times
2025-03-12 09:41:54,996 - isca - DEBUG - 
2025-03-12 09:41:54,996 - isca - WARNING - WARNING from PE    4: socrates_init: dt_rad does not fit into one day an integer number of times
2025-03-12 09:41:54,997 - isca - DEBUG - 
2025-03-12 09:41:54,997 - isca - DEBUG - 
2025-03-12 09:41:54,997 - isca - WARNING - WARNING from PE    5: socrates_init: dt_rad does not fit into one day an integer number of times
2025-03-12 09:41:54,997 - isca - DEBUG - 
2025-03-12 09:41:54,999 - isca - DEBUG - 
2025-03-12 09:41:54,999 - isca - WARNING - WARNING from PE    2: socrates_init: dt_rad does not fit into one day an integer number of times
2025-03-12 09:41:55,000 - isca - DEBUG - 
2025-03-12 09:41:55,002 - isca - DEBUG - 
2025-03-12 09:41:55,002 - isca - WARNING - WARNING from PE    0: socrates_init: dt_rad does not fit into one day an integer number of times
2025-03-12 09:41:55,003 - isca - DEBUG - 
2025-03-12 09:41:55,003 - isca - DEBUG - 
2025-03-12 09:41:55,003 - isca - WARNING - WARNING from PE    0: socrates_init: dt_rad does not fit into one day an integer number of times
2025-03-12 09:41:55,003 - isca - DEBUG - 
2025-03-12 09:41:55,003 - isca - DEBUG - 
2025-03-12 09:41:55,003 - isca - WARNING - WARNING from PE    0: socrates_init: lw_hires_spectral_filename is unset, making equal to lw_spectral_filename
2025-03-12 09:41:55,003 - isca - DEBUG - 
2025-03-12 09:41:55,003 - isca - DEBUG - 
2025-03-12 09:41:55,003 - isca - WARNING - WARNING from PE    0: socrates_init: lw_hires_spectral_filename is unset, making equal to lw_spectral_filename
2025-03-12 09:41:55,003 - isca - DEBUG - 
2025-03-12 09:41:55,003 - isca - DEBUG - 
2025-03-12 09:41:55,003 - isca - WARNING - WARNING from PE    0: socrates_init: sw_hires_spectral_filename is unset, making equal to sw_spectral_filename
2025-03-12 09:41:55,003 - isca - DEBUG - 
2025-03-12 09:41:55,003 - isca - DEBUG - 
2025-03-12 09:41:55,003 - isca - WARNING - WARNING from PE    0: socrates_init: sw_hires_spectral_filename is unset, making equal to sw_spectral_filename
2025-03-12 09:41:55,003 - isca - DEBUG - 
2025-03-12 09:41:56,201 - isca - DEBUG - NOTE from PE    0: Interpolator: Using input file with no time dimension - ozone_1990_notime_zero.nc
2025-03-12 09:41:56,201 - isca - DEBUG - Initializing src field : ozone_1990
2025-03-12 09:41:56,203 - isca - DEBUG - 
2025-03-12 09:41:56,203 - isca - DEBUG - -----------------------------------
2025-03-12 09:41:56,203 - isca - DEBUG - ____                       _
2025-03-12 09:41:56,203 - isca - DEBUG - / ___|  ___   ___ _ __ __ _| |_ ___  ___
2025-03-12 09:41:56,203 - isca - DEBUG - \___ \ / _ \ / __|  __/ _` | __/ _ \/ __|
2025-03-12 09:41:56,203 - isca - DEBUG - ___) | (_) | (__| | | (_| | ||  __/\__ \
2025-03-12 09:41:56,203 - isca - DEBUG - |____/ \___/ \___|_|  \__,_|\__\___||___/
2025-03-12 09:41:56,203 - isca - DEBUG - 
2025-03-12 09:41:56,204 - isca - DEBUG - Initialised Socrates v17.03
2025-03-12 09:41:56,204 - isca - DEBUG - Stellar constant =    1400.00000000000
2025-03-12 09:41:56,204 - isca - DEBUG - Longwave spectral file =
2025-03-12 09:41:56,204 - isca - DEBUG - /proj/bolinc/users/x_ryabo/socrates_edited_for_isca/spectral_files_for_GCMs/Sun
2025-03-12 09:41:56,204 - isca - DEBUG - /miniSuran_lw.sf WITH           16  bands
2025-03-12 09:41:56,204 - isca - DEBUG - Longwave hires spectral file =
2025-03-12 09:41:56,204 - isca - DEBUG - /proj/bolinc/users/x_ryabo/socrates_edited_for_isca/spectral_files_for_GCMs/Sun
2025-03-12 09:41:56,204 - isca - DEBUG - /miniSuran_lw.sf WITH           16  bands
2025-03-12 09:41:56,204 - isca - DEBUG - Shortwave spectral file =
2025-03-12 09:41:56,204 - isca - DEBUG - /proj/bolinc/users/x_ryabo/socrates_edited_for_isca/spectral_files_for_GCMs/Sun
2025-03-12 09:41:56,204 - isca - DEBUG - /miniSuran_sw.sf WITH           16  bands
2025-03-12 09:41:56,204 - isca - DEBUG - Shortwave hires spectral file =
2025-03-12 09:41:56,204 - isca - DEBUG - /proj/bolinc/users/x_ryabo/socrates_edited_for_isca/spectral_files_for_GCMs/Sun
2025-03-12 09:41:56,204 - isca - DEBUG - /miniSuran_sw.sf WITH           16  bands
2025-03-12 09:41:56,205 - isca - DEBUG - 
2025-03-12 09:41:56,205 - isca - DEBUG - -----------------------------------
2025-03-12 09:41:56,205 - isca - DEBUG - 
2025-03-12 09:42:29,340 - isca - DEBUG - Integration completed through  1591 days     0 seconds
2025-03-12 09:43:02,367 - isca - DEBUG - Integration completed through  1592 days     0 seconds
2025-03-12 09:43:35,224 - isca - DEBUG - Integration completed through  1593 days     0 seconds
2025-03-12 09:44:08,015 - isca - DEBUG - Integration completed through  1594 days     0 seconds
2025-03-12 09:44:41,026 - isca - DEBUG - Integration completed through  1595 days     0 seconds
2025-03-12 09:45:13,964 - isca - DEBUG - Integration completed through  1596 days     0 seconds
2025-03-12 09:45:46,680 - isca - DEBUG - Integration completed through  1597 days     0 seconds
2025-03-12 09:46:19,389 - isca - DEBUG - Integration completed through  1598 days     0 seconds
2025-03-12 09:46:52,296 - isca - DEBUG - Integration completed through  1599 days     0 seconds
2025-03-12 09:47:25,264 - isca - DEBUG - Integration completed through  1600 days     0 seconds
2025-03-12 09:47:58,237 - isca - DEBUG - Integration completed through  1601 days     0 seconds
2025-03-12 09:48:31,209 - isca - DEBUG - Integration completed through  1602 days     0 seconds
2025-03-12 09:49:04,592 - isca - DEBUG - Integration completed through  1603 days     0 seconds
2025-03-12 09:49:38,311 - isca - DEBUG - Integration completed through  1604 days     0 seconds
2025-03-12 09:50:11,990 - isca - DEBUG - Integration completed through  1605 days     0 seconds
2025-03-12 09:50:45,771 - isca - DEBUG - Integration completed through  1606 days     0 seconds
2025-03-12 09:51:19,261 - isca - DEBUG - Integration completed through  1607 days     0 seconds
2025-03-12 09:51:52,606 - isca - DEBUG - Integration completed through  1608 days     0 seconds
2025-03-12 09:52:25,733 - isca - DEBUG - Integration completed through  1609 days     0 seconds
2025-03-12 09:52:58,787 - isca - DEBUG - Integration completed through  1610 days     0 seconds
2025-03-12 09:53:31,587 - isca - DEBUG - Integration completed through  1611 days     0 seconds
2025-03-12 09:54:04,318 - isca - DEBUG - Integration completed through  1612 days     0 seconds
2025-03-12 09:54:37,054 - isca - DEBUG - Integration completed through  1613 days     0 seconds
2025-03-12 09:55:09,906 - isca - DEBUG - Integration completed through  1614 days     0 seconds
2025-03-12 09:55:42,774 - isca - DEBUG - Integration completed through  1615 days     0 seconds
2025-03-12 09:56:15,606 - isca - DEBUG - Integration completed through  1616 days     0 seconds
2025-03-12 09:56:48,445 - isca - DEBUG - Integration completed through  1617 days     0 seconds
2025-03-12 09:57:21,566 - isca - DEBUG - Integration completed through  1618 days     0 seconds
2025-03-12 09:57:55,549 - isca - DEBUG - Integration completed through  1619 days     0 seconds
2025-03-12 09:58:28,751 - isca - DEBUG - Integration completed through  1620 days     0 seconds
2025-03-12 09:58:28,759 - isca - DEBUG - 
2025-03-12 09:58:28,759 - isca - WARNING - WARNING from PE    0: diag_util_mod::opening_file: module/field_name (socrates/soc_toa_sw_down_clr) NOT registered
2025-03-12 09:58:28,760 - isca - DEBUG - 
2025-03-12 09:58:28,760 - isca - DEBUG - 
2025-03-12 09:58:28,760 - isca - WARNING - WARNING from PE    0: diag_util_mod::opening_file: module/field_name (socrates/soc_toa_sw_down_clr) NOT registered
2025-03-12 09:58:28,760 - isca - DEBUG - 
2025-03-12 09:58:28,760 - isca - DEBUG - 
2025-03-12 09:58:28,760 - isca - WARNING - WARNING from PE    0: diag_util_mod::opening_file: module/field_name (cloud_simple/rh_min) NOT registered
2025-03-12 09:58:28,760 - isca - DEBUG - 
2025-03-12 09:58:28,760 - isca - DEBUG - 
2025-03-12 09:58:28,760 - isca - WARNING - WARNING from PE    0: diag_util_mod::opening_file: module/field_name (cloud_simple/rh_min) NOT registered
2025-03-12 09:58:28,760 - isca - DEBUG - 
2025-03-12 09:58:28,769 - isca - DEBUG - NOTE from PE    0: MPP_IO_SET_STACK_SIZE: stack size set to     327680.
2025-03-12 09:58:28,861 - isca - DEBUG - MPP_DOMAINS_STACK high water mark=       40960
2025-03-12 09:58:28,861 - isca - DEBUG - 
2025-03-12 09:58:28,861 - isca - DEBUG - Tabulating mpp_clock statistics across     16 PEs...
2025-03-12 09:58:28,861 - isca - DEBUG - 
2025-03-12 09:58:28,861 - isca - DEBUG - tmin          tmax          tavg          tstd  tfrac grain pemin pemax
2025-03-12 09:58:28,861 - isca - DEBUG - Total runtime                       993.932449    993.936269    993.933972      0.001081  1.000     0     0    15
2025-03-12 09:58:28,862 - isca - DEBUG - MPP_STACK high water mark=           0
2025-03-12 09:58:28,995 - isca - INFO - Run 54 complete
2025-03-12 09:58:29,876 - isca - DEBUG - atmos_monthly.nc combined and copied to data directory
2025-03-12 09:58:32,760 - isca - INFO - Restart archive created at /proj/bolinc/users/x_ryabo/Isca-Ryan_outputs/planetb_presentdayEarth_rot0_Sun_noO3/restarts/res0054.tar.gz
2025-03-12 09:58:32,772 - isca - INFO - Writing namelist to '/proj/bolinc/users/x_ryabo/Isca-Ryan_outputs/planetb_presentdayEarth_rot0_Sun_noO3/run0054/input.nml'
2025-03-12 09:58:32,774 - isca - INFO - Writing field_table to '/proj/bolinc/users/x_ryabo/Isca-Ryan_outputs/planetb_presentdayEarth_rot0_Sun_noO3/run0054/field_table'
2025-03-12 09:58:32,785 - isca - INFO - Writing diag_table to '/proj/bolinc/users/x_ryabo/Isca-Ryan_outputs/planetb_presentdayEarth_rot0_Sun_noO3/run0054/diag_table'
2025-03-12 09:58:32,881 - isca - INFO - Emptied run directory '/home/x_ryabo/Isca-Ryan_tmp/experiment/planetb_presentdayEarth_rot0_Sun_noO3/run'
2025-03-12 09:58:32,900 - isca - INFO - Emptied run directory '/home/x_ryabo/Isca-Ryan_tmp/experiment/planetb_presentdayEarth_rot0_Sun_noO3/run'
2025-03-12 09:58:32,975 - isca - INFO - Writing namelist to '/home/x_ryabo/Isca-Ryan_tmp/experiment/planetb_presentdayEarth_rot0_Sun_noO3/run/input.nml'
2025-03-12 09:58:32,976 - isca - INFO - Writing field_table to '/home/x_ryabo/Isca-Ryan_tmp/experiment/planetb_presentdayEarth_rot0_Sun_noO3/run/field_table'
2025-03-12 09:58:32,986 - isca - INFO - Writing diag_table to '/home/x_ryabo/Isca-Ryan_tmp/experiment/planetb_presentdayEarth_rot0_Sun_noO3/run/diag_table'
2025-03-12 09:58:32,997 - isca - INFO - Using restart file '/proj/bolinc/users/x_ryabo/Isca-Ryan_outputs/planetb_presentdayEarth_rot0_Sun_noO3/restarts/res0054.tar.gz'
2025-03-12 09:58:33,364 - isca - INFO - Restart /proj/bolinc/users/x_ryabo/Isca-Ryan_outputs/planetb_presentdayEarth_rot0_Sun_noO3/restarts/res0054.tar.gz extracted to /home/x_ryabo/Isca-Ryan_tmp/experiment/planetb_presentdayEarth_rot0_Sun_noO3/run/INPUT
2025-03-12 09:58:33,364 - isca - INFO - Beginning run 55
2025-03-12 09:58:33,376 - isca - INFO - process running as 3947421
2025-03-12 09:58:33,376 - isca - DEBUG - loadmodules for Isca on NSC cluster Tetralith
2025-03-12 09:58:33,377 - isca - DEBUG - mpiifort
2025-03-12 09:58:33,478 - isca - DEBUG - The following modules were not unloaded:
2025-03-12 09:58:33,478 - isca - DEBUG - (Use "module --force purge" to unload all):
2025-03-12 09:58:33,478 - isca - DEBUG - 
2025-03-12 09:58:33,478 - isca - DEBUG - 1) hpc/.1.10.1
2025-03-12 09:58:33,586 - isca - DEBUG - ***************************************************
2025-03-12 09:58:33,586 - isca - DEBUG - You have loaded a buildenv module
2025-03-12 09:58:33,586 - isca - DEBUG - ***************************************************
2025-03-12 09:58:33,586 - isca - DEBUG - The buldenv-intel module makes available:
2025-03-12 09:58:33,587 - isca - DEBUG - - Compilers: icc, ifort, etc.
2025-03-12 09:58:33,587 - isca - DEBUG - - Mpi library with mpi-wrapped compilers: intel mpi with mpicc, mpifort, etc.
2025-03-12 09:58:33,587 - isca - DEBUG - - Numerical libraries: intel MKL
2025-03-12 09:58:33,587 - isca - DEBUG - 
2025-03-12 09:58:33,587 - isca - DEBUG - It also makes a set of dependency library modules available via
2025-03-12 09:58:33,587 - isca - DEBUG - the regular module command. Just do:
2025-03-12 09:58:33,587 - isca - DEBUG - module avail
2025-03-12 09:58:33,587 - isca - DEBUG - to see what is available.
2025-03-12 09:58:33,587 - isca - DEBUG - 
2025-03-12 09:58:33,587 - isca - DEBUG - NOTE: You shoud never load build environments inside submitted jobs.
2025-03-12 09:58:33,587 - isca - DEBUG - (with the single exception of when using supercomputer time to compile code.)
2025-03-12 09:58:33,587 - isca - DEBUG - 
2025-03-12 09:58:34,828 - isca - DEBUG - NOTE from PE    0: MPP_DOMAINS_SET_STACK_SIZE: stack size set to    32768.
2025-03-12 09:58:34,829 - isca - DEBUG - &MPP_IO_NML
2025-03-12 09:58:34,829 - isca - DEBUG - HEADER_BUFFER_VAL       =       16384,
2025-03-12 09:58:34,829 - isca - DEBUG - GLOBAL_FIELD_ON_ROOT_PE = T,
2025-03-12 09:58:34,829 - isca - DEBUG - IO_CLOCKS_ON    = F,
2025-03-12 09:58:34,829 - isca - DEBUG - SHUFFLE =           0,
2025-03-12 09:58:34,830 - isca - DEBUG - DEFLATE_LEVEL   =          -1
2025-03-12 09:58:34,830 - isca - DEBUG - /
2025-03-12 09:58:34,831 - isca - DEBUG - NOTE from PE    0: MPP_IO_SET_STACK_SIZE: stack size set to     131072.
2025-03-12 09:58:34,832 - isca - DEBUG - NOTE from PE    0: MPP_DOMAINS_SET_STACK_SIZE: stack size set to   600000.
2025-03-12 09:58:34,840 - isca - DEBUG - starting            1  OpenMP threads per MPI-task
2025-03-12 09:58:34,842 - isca - DEBUG - ATMOS MODEL DOMAIN DECOMPOSITION
2025-03-12 09:58:34,842 - isca - DEBUG - X-AXIS =  128
2025-03-12 09:58:34,843 - isca - DEBUG - Y-AXIS =    4   4   4   4   4   4   4   4   4   4   4   4   4   4   4   4
2025-03-12 09:58:34,895 - isca - DEBUG - 
2025-03-12 09:58:34,895 - isca - WARNING - WARNING from PE   10: socrates_init: dt_rad does not fit into one day an integer number of times
2025-03-12 09:58:34,895 - isca - DEBUG - 
2025-03-12 09:58:34,895 - isca - DEBUG - 
2025-03-12 09:58:34,895 - isca - WARNING - WARNING from PE   14: socrates_init: dt_rad does not fit into one day an integer number of times
2025-03-12 09:58:34,895 - isca - DEBUG - 
2025-03-12 09:58:34,896 - isca - DEBUG - 
2025-03-12 09:58:34,896 - isca - WARNING - WARNING from PE   13: socrates_init: dt_rad does not fit into one day an integer number of times
2025-03-12 09:58:34,896 - isca - DEBUG - 
2025-03-12 09:58:34,901 - isca - DEBUG - NOTE from PE    0: cloud_simple: Using SimCloud cloud scheme
2025-03-12 09:58:34,902 - isca - DEBUG - NOTE from PE    0: ls_cloud: Using linear cloud fraction diagnostic formula.
2025-03-12 09:58:34,902 - isca - DEBUG - NOTE from PE    0: cloud_cover: The cloud overlap assumption is MAXIMUM-RANDOM
2025-03-12 09:58:34,902 - isca - DEBUG - NOTE from PE    0: idealized_moist_phys: Using Frierson Quasi-Equilibrium convection scheme.
2025-03-12 09:58:34,904 - isca - DEBUG - 
2025-03-12 09:58:34,904 - isca - WARNING - WARNING from PE    2: socrates_init: dt_rad does not fit into one day an integer number of times
2025-03-12 09:58:34,904 - isca - DEBUG - 
2025-03-12 09:58:34,905 - isca - DEBUG - 
2025-03-12 09:58:34,905 - isca - DEBUG - 
2025-03-12 09:58:34,905 - isca - WARNING - WARNING from PE    3: socrates_init: dt_rad does not fit into one day an integer number of times
2025-03-12 09:58:34,905 - isca - DEBUG - 
2025-03-12 09:58:34,905 - isca - WARNING - WARNING from PE    5: socrates_init: dt_rad does not fit into one day an integer number of times
2025-03-12 09:58:34,905 - isca - DEBUG - 
2025-03-12 09:58:34,905 - isca - DEBUG - 
2025-03-12 09:58:34,905 - isca - WARNING - WARNING from PE    6: socrates_init: dt_rad does not fit into one day an integer number of times
2025-03-12 09:58:34,905 - isca - DEBUG - 
2025-03-12 09:58:34,905 - isca - DEBUG - 
2025-03-12 09:58:34,905 - isca - WARNING - WARNING from PE   11: socrates_init: dt_rad does not fit into one day an integer number of times
2025-03-12 09:58:34,905 - isca - DEBUG - 
2025-03-12 09:58:34,906 - isca - DEBUG - 
2025-03-12 09:58:34,906 - isca - DEBUG - 
2025-03-12 09:58:34,906 - isca - WARNING - WARNING from PE    9: socrates_init: dt_rad does not fit into one day an integer number of times
2025-03-12 09:58:34,906 - isca - DEBUG - 
2025-03-12 09:58:34,906 - isca - WARNING - WARNING from PE   12: socrates_init: dt_rad does not fit into one day an integer number of times
2025-03-12 09:58:34,906 - isca - DEBUG - 
2025-03-12 09:58:34,906 - isca - DEBUG - 
2025-03-12 09:58:34,906 - isca - WARNING - WARNING from PE   15: socrates_init: dt_rad does not fit into one day an integer number of times
2025-03-12 09:58:34,906 - isca - DEBUG - 
2025-03-12 09:58:34,906 - isca - DEBUG - 
2025-03-12 09:58:34,906 - isca - WARNING - WARNING from PE    8: socrates_init: dt_rad does not fit into one day an integer number of times
2025-03-12 09:58:34,906 - isca - DEBUG - 
2025-03-12 09:58:34,906 - isca - WARNING - WARNING from PE    7: socrates_init: dt_rad does not fit into one day an integer number of times
2025-03-12 09:58:34,906 - isca - DEBUG - 
2025-03-12 09:58:34,906 - isca - DEBUG - 
2025-03-12 09:58:34,907 - isca - DEBUG - 
2025-03-12 09:58:34,907 - isca - WARNING - WARNING from PE    4: socrates_init: dt_rad does not fit into one day an integer number of times
2025-03-12 09:58:34,907 - isca - DEBUG - 
2025-03-12 09:58:34,909 - isca - DEBUG - 
2025-03-12 09:58:34,909 - isca - WARNING - WARNING from PE    1: socrates_init: dt_rad does not fit into one day an integer number of times
2025-03-12 09:58:34,909 - isca - DEBUG - 
2025-03-12 09:58:34,911 - isca - DEBUG - 
2025-03-12 09:58:34,911 - isca - WARNING - WARNING from PE    0: socrates_init: dt_rad does not fit into one day an integer number of times
2025-03-12 09:58:34,911 - isca - DEBUG - 
2025-03-12 09:58:34,911 - isca - DEBUG - 
2025-03-12 09:58:34,911 - isca - WARNING - WARNING from PE    0: socrates_init: dt_rad does not fit into one day an integer number of times
2025-03-12 09:58:34,911 - isca - DEBUG - 
2025-03-12 09:58:34,911 - isca - DEBUG - 
2025-03-12 09:58:34,911 - isca - WARNING - WARNING from PE    0: socrates_init: lw_hires_spectral_filename is unset, making equal to lw_spectral_filename
2025-03-12 09:58:34,911 - isca - DEBUG - 
2025-03-12 09:58:34,911 - isca - DEBUG - 
2025-03-12 09:58:34,911 - isca - WARNING - WARNING from PE    0: socrates_init: lw_hires_spectral_filename is unset, making equal to lw_spectral_filename
2025-03-12 09:58:34,911 - isca - DEBUG - 
2025-03-12 09:58:34,911 - isca - DEBUG - 
2025-03-12 09:58:34,912 - isca - WARNING - WARNING from PE    0: socrates_init: sw_hires_spectral_filename is unset, making equal to sw_spectral_filename
2025-03-12 09:58:34,912 - isca - DEBUG - 
2025-03-12 09:58:34,912 - isca - DEBUG - 
2025-03-12 09:58:34,912 - isca - WARNING - WARNING from PE    0: socrates_init: sw_hires_spectral_filename is unset, making equal to sw_spectral_filename
2025-03-12 09:58:34,912 - isca - DEBUG - 
2025-03-12 09:58:36,109 - isca - DEBUG - NOTE from PE    0: Interpolator: Using input file with no time dimension - ozone_1990_notime_zero.nc
2025-03-12 09:58:36,109 - isca - DEBUG - Initializing src field : ozone_1990
2025-03-12 09:58:36,111 - isca - DEBUG - 
2025-03-12 09:58:36,111 - isca - DEBUG - -----------------------------------
2025-03-12 09:58:36,111 - isca - DEBUG - ____                       _
2025-03-12 09:58:36,111 - isca - DEBUG - / ___|  ___   ___ _ __ __ _| |_ ___  ___
2025-03-12 09:58:36,111 - isca - DEBUG - \___ \ / _ \ / __|  __/ _` | __/ _ \/ __|
2025-03-12 09:58:36,111 - isca - DEBUG - ___) | (_) | (__| | | (_| | ||  __/\__ \
2025-03-12 09:58:36,112 - isca - DEBUG - |____/ \___/ \___|_|  \__,_|\__\___||___/
2025-03-12 09:58:36,112 - isca - DEBUG - 
2025-03-12 09:58:36,112 - isca - DEBUG - Initialised Socrates v17.03
2025-03-12 09:58:36,112 - isca - DEBUG - Stellar constant =    1400.00000000000
2025-03-12 09:58:36,112 - isca - DEBUG - Longwave spectral file =
2025-03-12 09:58:36,112 - isca - DEBUG - /proj/bolinc/users/x_ryabo/socrates_edited_for_isca/spectral_files_for_GCMs/Sun
2025-03-12 09:58:36,112 - isca - DEBUG - /miniSuran_lw.sf WITH           16  bands
2025-03-12 09:58:36,112 - isca - DEBUG - Longwave hires spectral file =
2025-03-12 09:58:36,112 - isca - DEBUG - /proj/bolinc/users/x_ryabo/socrates_edited_for_isca/spectral_files_for_GCMs/Sun
2025-03-12 09:58:36,112 - isca - DEBUG - /miniSuran_lw.sf WITH           16  bands
2025-03-12 09:58:36,112 - isca - DEBUG - Shortwave spectral file =
2025-03-12 09:58:36,112 - isca - DEBUG - /proj/bolinc/users/x_ryabo/socrates_edited_for_isca/spectral_files_for_GCMs/Sun
2025-03-12 09:58:36,112 - isca - DEBUG - /miniSuran_sw.sf WITH           16  bands
2025-03-12 09:58:36,112 - isca - DEBUG - Shortwave hires spectral file =
2025-03-12 09:58:36,112 - isca - DEBUG - /proj/bolinc/users/x_ryabo/socrates_edited_for_isca/spectral_files_for_GCMs/Sun
2025-03-12 09:58:36,112 - isca - DEBUG - /miniSuran_sw.sf WITH           16  bands
2025-03-12 09:58:36,112 - isca - DEBUG - 
2025-03-12 09:58:36,112 - isca - DEBUG - -----------------------------------
2025-03-12 09:58:36,112 - isca - DEBUG - 
2025-03-12 09:59:09,411 - isca - DEBUG - Integration completed through  1621 days     0 seconds
2025-03-12 09:59:42,895 - isca - DEBUG - Integration completed through  1622 days     0 seconds
2025-03-12 10:00:16,247 - isca - DEBUG - Integration completed through  1623 days     0 seconds
2025-03-12 10:00:49,171 - isca - DEBUG - Integration completed through  1624 days     0 seconds
2025-03-12 10:01:22,411 - isca - DEBUG - Integration completed through  1625 days     0 seconds
2025-03-12 10:01:55,752 - isca - DEBUG - Integration completed through  1626 days     0 seconds
2025-03-12 10:02:28,458 - isca - DEBUG - Integration completed through  1627 days     0 seconds
2025-03-12 10:03:01,147 - isca - DEBUG - Integration completed through  1628 days     0 seconds
2025-03-12 10:03:34,171 - isca - DEBUG - Integration completed through  1629 days     0 seconds
2025-03-12 10:04:07,297 - isca - DEBUG - Integration completed through  1630 days     0 seconds
2025-03-12 10:04:40,241 - isca - DEBUG - Integration completed through  1631 days     0 seconds
2025-03-12 10:05:13,051 - isca - DEBUG - Integration completed through  1632 days     0 seconds
2025-03-12 10:05:45,886 - isca - DEBUG - Integration completed through  1633 days     0 seconds
2025-03-12 10:06:18,838 - isca - DEBUG - Integration completed through  1634 days     0 seconds
2025-03-12 10:06:51,784 - isca - DEBUG - Integration completed through  1635 days     0 seconds
2025-03-12 10:07:24,487 - isca - DEBUG - Integration completed through  1636 days     0 seconds
2025-03-12 10:07:57,435 - isca - DEBUG - Integration completed through  1637 days     0 seconds
2025-03-12 10:08:30,284 - isca - DEBUG - Integration completed through  1638 days     0 seconds
2025-03-12 10:09:03,348 - isca - DEBUG - Integration completed through  1639 days     0 seconds
2025-03-12 10:09:36,346 - isca - DEBUG - Integration completed through  1640 days     0 seconds
2025-03-12 10:10:09,321 - isca - DEBUG - Integration completed through  1641 days     0 seconds
2025-03-12 10:10:42,368 - isca - DEBUG - Integration completed through  1642 days     0 seconds
2025-03-12 10:11:15,377 - isca - DEBUG - Integration completed through  1643 days     0 seconds
2025-03-12 10:11:48,380 - isca - DEBUG - Integration completed through  1644 days     0 seconds
2025-03-12 10:12:21,287 - isca - DEBUG - Integration completed through  1645 days     0 seconds
2025-03-12 10:12:54,093 - isca - DEBUG - Integration completed through  1646 days     0 seconds
2025-03-12 10:13:26,965 - isca - DEBUG - Integration completed through  1647 days     0 seconds
2025-03-12 10:13:59,620 - isca - DEBUG - Integration completed through  1648 days     0 seconds
2025-03-12 10:14:32,646 - isca - DEBUG - Integration completed through  1649 days     0 seconds
2025-03-12 10:15:06,548 - isca - DEBUG - Integration completed through  1650 days     0 seconds
2025-03-12 10:15:06,615 - isca - DEBUG - 
2025-03-12 10:15:06,615 - isca - WARNING - WARNING from PE    0: diag_util_mod::opening_file: module/field_name (socrates/soc_toa_sw_down_clr) NOT registered
2025-03-12 10:15:06,615 - isca - DEBUG - 
2025-03-12 10:15:06,615 - isca - DEBUG - 
2025-03-12 10:15:06,615 - isca - WARNING - WARNING from PE    0: diag_util_mod::opening_file: module/field_name (socrates/soc_toa_sw_down_clr) NOT registered
2025-03-12 10:15:06,615 - isca - DEBUG - 
2025-03-12 10:15:06,615 - isca - DEBUG - 
2025-03-12 10:15:06,615 - isca - WARNING - WARNING from PE    0: diag_util_mod::opening_file: module/field_name (cloud_simple/rh_min) NOT registered
2025-03-12 10:15:06,615 - isca - DEBUG - 
2025-03-12 10:15:06,615 - isca - DEBUG - 
2025-03-12 10:15:06,615 - isca - WARNING - WARNING from PE    0: diag_util_mod::opening_file: module/field_name (cloud_simple/rh_min) NOT registered
2025-03-12 10:15:06,615 - isca - DEBUG - 
2025-03-12 10:15:06,625 - isca - DEBUG - NOTE from PE    0: MPP_IO_SET_STACK_SIZE: stack size set to     327680.
2025-03-12 10:15:06,731 - isca - DEBUG - MPP_DOMAINS_STACK high water mark=       40960
2025-03-12 10:15:06,731 - isca - DEBUG - 
2025-03-12 10:15:06,732 - isca - DEBUG - Tabulating mpp_clock statistics across     16 PEs...
2025-03-12 10:15:06,732 - isca - DEBUG - 
2025-03-12 10:15:06,732 - isca - DEBUG - tmin          tmax          tavg          tstd  tfrac grain pemin pemax
2025-03-12 10:15:06,732 - isca - DEBUG - Total runtime                       991.902003    991.907605    991.904668      0.001719  1.000     0     0    15
2025-03-12 10:15:06,732 - isca - DEBUG - MPP_STACK high water mark=           0
2025-03-12 10:15:06,916 - isca - INFO - Run 55 complete
2025-03-12 10:15:07,804 - isca - DEBUG - atmos_monthly.nc combined and copied to data directory
2025-03-12 10:15:10,713 - isca - INFO - Restart archive created at /proj/bolinc/users/x_ryabo/Isca-Ryan_outputs/planetb_presentdayEarth_rot0_Sun_noO3/restarts/res0055.tar.gz
2025-03-12 10:15:10,726 - isca - INFO - Writing namelist to '/proj/bolinc/users/x_ryabo/Isca-Ryan_outputs/planetb_presentdayEarth_rot0_Sun_noO3/run0055/input.nml'
2025-03-12 10:15:10,728 - isca - INFO - Writing field_table to '/proj/bolinc/users/x_ryabo/Isca-Ryan_outputs/planetb_presentdayEarth_rot0_Sun_noO3/run0055/field_table'
2025-03-12 10:15:10,739 - isca - INFO - Writing diag_table to '/proj/bolinc/users/x_ryabo/Isca-Ryan_outputs/planetb_presentdayEarth_rot0_Sun_noO3/run0055/diag_table'
2025-03-12 10:15:11,225 - isca - INFO - Emptied run directory '/home/x_ryabo/Isca-Ryan_tmp/experiment/planetb_presentdayEarth_rot0_Sun_noO3/run'
2025-03-12 10:15:11,243 - isca - INFO - Emptied run directory '/home/x_ryabo/Isca-Ryan_tmp/experiment/planetb_presentdayEarth_rot0_Sun_noO3/run'
2025-03-12 10:15:11,318 - isca - INFO - Writing namelist to '/home/x_ryabo/Isca-Ryan_tmp/experiment/planetb_presentdayEarth_rot0_Sun_noO3/run/input.nml'
2025-03-12 10:15:11,319 - isca - INFO - Writing field_table to '/home/x_ryabo/Isca-Ryan_tmp/experiment/planetb_presentdayEarth_rot0_Sun_noO3/run/field_table'
2025-03-12 10:15:11,328 - isca - INFO - Writing diag_table to '/home/x_ryabo/Isca-Ryan_tmp/experiment/planetb_presentdayEarth_rot0_Sun_noO3/run/diag_table'
2025-03-12 10:15:11,340 - isca - INFO - Using restart file '/proj/bolinc/users/x_ryabo/Isca-Ryan_outputs/planetb_presentdayEarth_rot0_Sun_noO3/restarts/res0055.tar.gz'
2025-03-12 10:15:11,706 - isca - INFO - Restart /proj/bolinc/users/x_ryabo/Isca-Ryan_outputs/planetb_presentdayEarth_rot0_Sun_noO3/restarts/res0055.tar.gz extracted to /home/x_ryabo/Isca-Ryan_tmp/experiment/planetb_presentdayEarth_rot0_Sun_noO3/run/INPUT
2025-03-12 10:15:11,706 - isca - INFO - Beginning run 56
2025-03-12 10:15:11,718 - isca - INFO - process running as 3948941
2025-03-12 10:15:11,719 - isca - DEBUG - loadmodules for Isca on NSC cluster Tetralith
2025-03-12 10:15:11,719 - isca - DEBUG - mpiifort
2025-03-12 10:15:11,825 - isca - DEBUG - The following modules were not unloaded:
2025-03-12 10:15:11,825 - isca - DEBUG - (Use "module --force purge" to unload all):
2025-03-12 10:15:11,825 - isca - DEBUG - 
2025-03-12 10:15:11,826 - isca - DEBUG - 1) hpc/.1.10.1
2025-03-12 10:15:11,925 - isca - DEBUG - ***************************************************
2025-03-12 10:15:11,925 - isca - DEBUG - You have loaded a buildenv module
2025-03-12 10:15:11,925 - isca - DEBUG - ***************************************************
2025-03-12 10:15:11,925 - isca - DEBUG - The buldenv-intel module makes available:
2025-03-12 10:15:11,925 - isca - DEBUG - - Compilers: icc, ifort, etc.
2025-03-12 10:15:11,925 - isca - DEBUG - - Mpi library with mpi-wrapped compilers: intel mpi with mpicc, mpifort, etc.
2025-03-12 10:15:11,925 - isca - DEBUG - - Numerical libraries: intel MKL
2025-03-12 10:15:11,925 - isca - DEBUG - 
2025-03-12 10:15:11,926 - isca - DEBUG - It also makes a set of dependency library modules available via
2025-03-12 10:15:11,926 - isca - DEBUG - the regular module command. Just do:
2025-03-12 10:15:11,926 - isca - DEBUG - module avail
2025-03-12 10:15:11,926 - isca - DEBUG - to see what is available.
2025-03-12 10:15:11,926 - isca - DEBUG - 
2025-03-12 10:15:11,926 - isca - DEBUG - NOTE: You shoud never load build environments inside submitted jobs.
2025-03-12 10:15:11,926 - isca - DEBUG - (with the single exception of when using supercomputer time to compile code.)
2025-03-12 10:15:11,926 - isca - DEBUG - 
2025-03-12 10:15:13,147 - isca - DEBUG - NOTE from PE    0: MPP_DOMAINS_SET_STACK_SIZE: stack size set to    32768.
2025-03-12 10:15:13,147 - isca - DEBUG - &MPP_IO_NML
2025-03-12 10:15:13,147 - isca - DEBUG - HEADER_BUFFER_VAL       =       16384,
2025-03-12 10:15:13,147 - isca - DEBUG - GLOBAL_FIELD_ON_ROOT_PE = T,
2025-03-12 10:15:13,147 - isca - DEBUG - IO_CLOCKS_ON    = F,
2025-03-12 10:15:13,147 - isca - DEBUG - SHUFFLE =           0,
2025-03-12 10:15:13,147 - isca - DEBUG - DEFLATE_LEVEL   =          -1
2025-03-12 10:15:13,147 - isca - DEBUG - /
2025-03-12 10:15:13,148 - isca - DEBUG - NOTE from PE    0: MPP_IO_SET_STACK_SIZE: stack size set to     131072.
2025-03-12 10:15:13,149 - isca - DEBUG - NOTE from PE    0: MPP_DOMAINS_SET_STACK_SIZE: stack size set to   600000.
2025-03-12 10:15:13,157 - isca - DEBUG - starting            1  OpenMP threads per MPI-task
2025-03-12 10:15:13,159 - isca - DEBUG - ATMOS MODEL DOMAIN DECOMPOSITION
2025-03-12 10:15:13,159 - isca - DEBUG - X-AXIS =  128
2025-03-12 10:15:13,159 - isca - DEBUG - Y-AXIS =    4   4   4   4   4   4   4   4   4   4   4   4   4   4   4   4
2025-03-12 10:15:13,206 - isca - DEBUG - NOTE from PE    0: cloud_simple: Using SimCloud cloud scheme
2025-03-12 10:15:13,207 - isca - DEBUG - 
2025-03-12 10:15:13,207 - isca - WARNING - WARNING from PE    9: socrates_init: dt_rad does not fit into one day an integer number of times
2025-03-12 10:15:13,207 - isca - DEBUG - 
2025-03-12 10:15:13,207 - isca - DEBUG - NOTE from PE    0: ls_cloud: Using linear cloud fraction diagnostic formula.
2025-03-12 10:15:13,207 - isca - DEBUG - NOTE from PE    0: cloud_cover: The cloud overlap assumption is MAXIMUM-RANDOM
2025-03-12 10:15:13,207 - isca - DEBUG - NOTE from PE    0: idealized_moist_phys: Using Frierson Quasi-Equilibrium convection scheme.
2025-03-12 10:15:13,209 - isca - DEBUG - 
2025-03-12 10:15:13,209 - isca - WARNING - WARNING from PE   13: socrates_init: dt_rad does not fit into one day an integer number of times
2025-03-12 10:15:13,209 - isca - DEBUG - 
2025-03-12 10:15:13,209 - isca - WARNING - WARNING from PE   10: socrates_init: dt_rad does not fit into one day an integer number of times
2025-03-12 10:15:13,209 - isca - DEBUG - 
2025-03-12 10:15:13,209 - isca - DEBUG - 
2025-03-12 10:15:13,209 - isca - DEBUG - 
2025-03-12 10:15:13,209 - isca - WARNING - WARNING from PE    8: socrates_init: dt_rad does not fit into one day an integer number of times
2025-03-12 10:15:13,209 - isca - DEBUG - 
2025-03-12 10:15:13,209 - isca - DEBUG - 
2025-03-12 10:15:13,209 - isca - WARNING - WARNING from PE   15: socrates_init: dt_rad does not fit into one day an integer number of times
2025-03-12 10:15:13,209 - isca - DEBUG - 
2025-03-12 10:15:13,209 - isca - DEBUG - 
2025-03-12 10:15:13,210 - isca - WARNING - WARNING from PE    7: socrates_init: dt_rad does not fit into one day an integer number of times
2025-03-12 10:15:13,210 - isca - DEBUG - 
2025-03-12 10:15:13,210 - isca - DEBUG - 
2025-03-12 10:15:13,210 - isca - WARNING - WARNING from PE   11: socrates_init: dt_rad does not fit into one day an integer number of times
2025-03-12 10:15:13,210 - isca - DEBUG - 
2025-03-12 10:15:13,210 - isca - DEBUG - 
2025-03-12 10:15:13,210 - isca - WARNING - WARNING from PE   14: socrates_init: dt_rad does not fit into one day an integer number of times
2025-03-12 10:15:13,210 - isca - DEBUG - 
2025-03-12 10:15:13,210 - isca - DEBUG - 
2025-03-12 10:15:13,210 - isca - WARNING - WARNING from PE   12: socrates_init: dt_rad does not fit into one day an integer number of times
2025-03-12 10:15:13,210 - isca - DEBUG - 
2025-03-12 10:15:13,211 - isca - DEBUG - 
2025-03-12 10:15:13,211 - isca - WARNING - WARNING from PE    3: socrates_init: dt_rad does not fit into one day an integer number of times
2025-03-12 10:15:13,211 - isca - DEBUG - 
2025-03-12 10:15:13,211 - isca - DEBUG - 
2025-03-12 10:15:13,211 - isca - WARNING - WARNING from PE    4: socrates_init: dt_rad does not fit into one day an integer number of times
2025-03-12 10:15:13,211 - isca - DEBUG - 
2025-03-12 10:15:13,211 - isca - DEBUG - 
2025-03-12 10:15:13,211 - isca - WARNING - WARNING from PE    5: socrates_init: dt_rad does not fit into one day an integer number of times
2025-03-12 10:15:13,211 - isca - DEBUG - 
2025-03-12 10:15:13,211 - isca - DEBUG - 
2025-03-12 10:15:13,211 - isca - WARNING - WARNING from PE    6: socrates_init: dt_rad does not fit into one day an integer number of times
2025-03-12 10:15:13,211 - isca - DEBUG - 
2025-03-12 10:15:13,212 - isca - DEBUG - 
2025-03-12 10:15:13,212 - isca - WARNING - WARNING from PE    2: socrates_init: dt_rad does not fit into one day an integer number of times
2025-03-12 10:15:13,212 - isca - DEBUG - 
2025-03-12 10:15:13,214 - isca - DEBUG - 
2025-03-12 10:15:13,214 - isca - WARNING - WARNING from PE    1: socrates_init: dt_rad does not fit into one day an integer number of times
2025-03-12 10:15:13,214 - isca - DEBUG - 
2025-03-12 10:15:13,216 - isca - DEBUG - 
2025-03-12 10:15:13,217 - isca - WARNING - WARNING from PE    0: socrates_init: dt_rad does not fit into one day an integer number of times
2025-03-12 10:15:13,217 - isca - DEBUG - 
2025-03-12 10:15:13,217 - isca - DEBUG - 
2025-03-12 10:15:13,217 - isca - WARNING - WARNING from PE    0: socrates_init: dt_rad does not fit into one day an integer number of times
2025-03-12 10:15:13,217 - isca - DEBUG - 
2025-03-12 10:15:13,217 - isca - DEBUG - 
2025-03-12 10:15:13,217 - isca - WARNING - WARNING from PE    0: socrates_init: lw_hires_spectral_filename is unset, making equal to lw_spectral_filename
2025-03-12 10:15:13,217 - isca - DEBUG - 
2025-03-12 10:15:13,217 - isca - DEBUG - 
2025-03-12 10:15:13,217 - isca - WARNING - WARNING from PE    0: socrates_init: lw_hires_spectral_filename is unset, making equal to lw_spectral_filename
2025-03-12 10:15:13,217 - isca - DEBUG - 
2025-03-12 10:15:13,217 - isca - DEBUG - 
2025-03-12 10:15:13,217 - isca - WARNING - WARNING from PE    0: socrates_init: sw_hires_spectral_filename is unset, making equal to sw_spectral_filename
2025-03-12 10:15:13,217 - isca - DEBUG - 
2025-03-12 10:15:13,217 - isca - DEBUG - 
2025-03-12 10:15:13,217 - isca - WARNING - WARNING from PE    0: socrates_init: sw_hires_spectral_filename is unset, making equal to sw_spectral_filename
2025-03-12 10:15:13,217 - isca - DEBUG - 
2025-03-12 10:15:14,406 - isca - DEBUG - NOTE from PE    0: Interpolator: Using input file with no time dimension - ozone_1990_notime_zero.nc
2025-03-12 10:15:14,407 - isca - DEBUG - Initializing src field : ozone_1990
2025-03-12 10:15:14,408 - isca - DEBUG - 
2025-03-12 10:15:14,408 - isca - DEBUG - -----------------------------------
2025-03-12 10:15:14,408 - isca - DEBUG - ____                       _
2025-03-12 10:15:14,408 - isca - DEBUG - / ___|  ___   ___ _ __ __ _| |_ ___  ___
2025-03-12 10:15:14,408 - isca - DEBUG - \___ \ / _ \ / __|  __/ _` | __/ _ \/ __|
2025-03-12 10:15:14,408 - isca - DEBUG - ___) | (_) | (__| | | (_| | ||  __/\__ \
2025-03-12 10:15:14,408 - isca - DEBUG - |____/ \___/ \___|_|  \__,_|\__\___||___/
2025-03-12 10:15:14,408 - isca - DEBUG - 
2025-03-12 10:15:14,408 - isca - DEBUG - Initialised Socrates v17.03
2025-03-12 10:15:14,408 - isca - DEBUG - Stellar constant =    1400.00000000000
2025-03-12 10:15:14,408 - isca - DEBUG - Longwave spectral file =
2025-03-12 10:15:14,408 - isca - DEBUG - /proj/bolinc/users/x_ryabo/socrates_edited_for_isca/spectral_files_for_GCMs/Sun
2025-03-12 10:15:14,408 - isca - DEBUG - /miniSuran_lw.sf WITH           16  bands
2025-03-12 10:15:14,408 - isca - DEBUG - Longwave hires spectral file =
2025-03-12 10:15:14,408 - isca - DEBUG - /proj/bolinc/users/x_ryabo/socrates_edited_for_isca/spectral_files_for_GCMs/Sun
2025-03-12 10:15:14,408 - isca - DEBUG - /miniSuran_lw.sf WITH           16  bands
2025-03-12 10:15:14,408 - isca - DEBUG - Shortwave spectral file =
2025-03-12 10:15:14,408 - isca - DEBUG - /proj/bolinc/users/x_ryabo/socrates_edited_for_isca/spectral_files_for_GCMs/Sun
2025-03-12 10:15:14,408 - isca - DEBUG - /miniSuran_sw.sf WITH           16  bands
2025-03-12 10:15:14,409 - isca - DEBUG - Shortwave hires spectral file =
2025-03-12 10:15:14,409 - isca - DEBUG - /proj/bolinc/users/x_ryabo/socrates_edited_for_isca/spectral_files_for_GCMs/Sun
2025-03-12 10:15:14,409 - isca - DEBUG - /miniSuran_sw.sf WITH           16  bands
2025-03-12 10:15:14,409 - isca - DEBUG - 
2025-03-12 10:15:14,409 - isca - DEBUG - -----------------------------------
2025-03-12 10:15:14,409 - isca - DEBUG - 
2025-03-12 10:15:48,346 - isca - DEBUG - Integration completed through  1651 days     0 seconds
2025-03-12 10:16:22,057 - isca - DEBUG - Integration completed through  1652 days     0 seconds
2025-03-12 10:16:55,667 - isca - DEBUG - Integration completed through  1653 days     0 seconds
2025-03-12 10:17:28,726 - isca - DEBUG - Integration completed through  1654 days     0 seconds
2025-03-12 10:18:01,581 - isca - DEBUG - Integration completed through  1655 days     0 seconds
2025-03-12 10:18:34,524 - isca - DEBUG - Integration completed through  1656 days     0 seconds
2025-03-12 10:19:07,410 - isca - DEBUG - Integration completed through  1657 days     0 seconds
2025-03-12 10:19:40,252 - isca - DEBUG - Integration completed through  1658 days     0 seconds
2025-03-12 10:20:13,067 - isca - DEBUG - Integration completed through  1659 days     0 seconds
2025-03-12 10:20:46,112 - isca - DEBUG - Integration completed through  1660 days     0 seconds
2025-03-12 10:21:19,932 - isca - DEBUG - Integration completed through  1661 days     0 seconds
2025-03-12 10:21:53,629 - isca - DEBUG - Integration completed through  1662 days     0 seconds
2025-03-12 10:22:27,343 - isca - DEBUG - Integration completed through  1663 days     0 seconds
2025-03-12 10:23:00,845 - isca - DEBUG - Integration completed through  1664 days     0 seconds
2025-03-12 10:23:34,313 - isca - DEBUG - Integration completed through  1665 days     0 seconds
2025-03-12 10:24:08,144 - isca - DEBUG - Integration completed through  1666 days     0 seconds
2025-03-12 10:24:41,747 - isca - DEBUG - Integration completed through  1667 days     0 seconds
2025-03-12 10:25:14,876 - isca - DEBUG - Integration completed through  1668 days     0 seconds
2025-03-12 10:25:47,645 - isca - DEBUG - Integration completed through  1669 days     0 seconds
2025-03-12 10:26:20,314 - isca - DEBUG - Integration completed through  1670 days     0 seconds
2025-03-12 10:26:52,978 - isca - DEBUG - Integration completed through  1671 days     0 seconds
2025-03-12 10:27:25,871 - isca - DEBUG - Integration completed through  1672 days     0 seconds
2025-03-12 10:27:58,857 - isca - DEBUG - Integration completed through  1673 days     0 seconds
2025-03-12 10:28:31,965 - isca - DEBUG - Integration completed through  1674 days     0 seconds
2025-03-12 10:29:05,043 - isca - DEBUG - Integration completed through  1675 days     0 seconds
2025-03-12 10:29:37,916 - isca - DEBUG - Integration completed through  1676 days     0 seconds
2025-03-12 10:30:10,798 - isca - DEBUG - Integration completed through  1677 days     0 seconds
2025-03-12 10:30:44,012 - isca - DEBUG - Integration completed through  1678 days     0 seconds
2025-03-12 10:31:17,125 - isca - DEBUG - Integration completed through  1679 days     0 seconds
2025-03-12 10:31:50,302 - isca - DEBUG - Integration completed through  1680 days     0 seconds
2025-03-12 10:31:50,309 - isca - DEBUG - 
2025-03-12 10:31:50,309 - isca - WARNING - WARNING from PE    0: diag_util_mod::opening_file: module/field_name (socrates/soc_toa_sw_down_clr) NOT registered
2025-03-12 10:31:50,309 - isca - DEBUG - 
2025-03-12 10:31:50,309 - isca - DEBUG - 
2025-03-12 10:31:50,309 - isca - WARNING - WARNING from PE    0: diag_util_mod::opening_file: module/field_name (socrates/soc_toa_sw_down_clr) NOT registered
2025-03-12 10:31:50,310 - isca - DEBUG - 
2025-03-12 10:31:50,310 - isca - DEBUG - 
2025-03-12 10:31:50,310 - isca - WARNING - WARNING from PE    0: diag_util_mod::opening_file: module/field_name (cloud_simple/rh_min) NOT registered
2025-03-12 10:31:50,310 - isca - DEBUG - 
2025-03-12 10:31:50,310 - isca - DEBUG - 
2025-03-12 10:31:50,310 - isca - WARNING - WARNING from PE    0: diag_util_mod::opening_file: module/field_name (cloud_simple/rh_min) NOT registered
2025-03-12 10:31:50,311 - isca - DEBUG - 
2025-03-12 10:31:50,321 - isca - DEBUG - NOTE from PE    0: MPP_IO_SET_STACK_SIZE: stack size set to     327680.
2025-03-12 10:31:50,408 - isca - DEBUG - MPP_DOMAINS_STACK high water mark=       40960
2025-03-12 10:31:50,408 - isca - DEBUG - 
2025-03-12 10:31:50,409 - isca - DEBUG - Tabulating mpp_clock statistics across     16 PEs...
2025-03-12 10:31:50,409 - isca - DEBUG - 
2025-03-12 10:31:50,409 - isca - DEBUG - tmin          tmax          tavg          tstd  tfrac grain pemin pemax
2025-03-12 10:31:50,409 - isca - DEBUG - Total runtime                       997.258683    997.264036    997.261952      0.001534  1.000     0     0    15
2025-03-12 10:31:50,410 - isca - DEBUG - MPP_STACK high water mark=           0
2025-03-12 10:31:50,569 - isca - INFO - Run 56 complete
2025-03-12 10:31:51,433 - isca - DEBUG - atmos_monthly.nc combined and copied to data directory
2025-03-12 10:31:54,350 - isca - INFO - Restart archive created at /proj/bolinc/users/x_ryabo/Isca-Ryan_outputs/planetb_presentdayEarth_rot0_Sun_noO3/restarts/res0056.tar.gz
2025-03-12 10:31:54,362 - isca - INFO - Writing namelist to '/proj/bolinc/users/x_ryabo/Isca-Ryan_outputs/planetb_presentdayEarth_rot0_Sun_noO3/run0056/input.nml'
2025-03-12 10:31:54,363 - isca - INFO - Writing field_table to '/proj/bolinc/users/x_ryabo/Isca-Ryan_outputs/planetb_presentdayEarth_rot0_Sun_noO3/run0056/field_table'
2025-03-12 10:31:54,374 - isca - INFO - Writing diag_table to '/proj/bolinc/users/x_ryabo/Isca-Ryan_outputs/planetb_presentdayEarth_rot0_Sun_noO3/run0056/diag_table'
2025-03-12 10:31:54,701 - isca - INFO - Emptied run directory '/home/x_ryabo/Isca-Ryan_tmp/experiment/planetb_presentdayEarth_rot0_Sun_noO3/run'
2025-03-12 10:31:54,719 - isca - INFO - Emptied run directory '/home/x_ryabo/Isca-Ryan_tmp/experiment/planetb_presentdayEarth_rot0_Sun_noO3/run'
2025-03-12 10:31:54,801 - isca - INFO - Writing namelist to '/home/x_ryabo/Isca-Ryan_tmp/experiment/planetb_presentdayEarth_rot0_Sun_noO3/run/input.nml'
2025-03-12 10:31:54,803 - isca - INFO - Writing field_table to '/home/x_ryabo/Isca-Ryan_tmp/experiment/planetb_presentdayEarth_rot0_Sun_noO3/run/field_table'
2025-03-12 10:31:54,812 - isca - INFO - Writing diag_table to '/home/x_ryabo/Isca-Ryan_tmp/experiment/planetb_presentdayEarth_rot0_Sun_noO3/run/diag_table'
2025-03-12 10:31:54,824 - isca - INFO - Using restart file '/proj/bolinc/users/x_ryabo/Isca-Ryan_outputs/planetb_presentdayEarth_rot0_Sun_noO3/restarts/res0056.tar.gz'
2025-03-12 10:31:55,189 - isca - INFO - Restart /proj/bolinc/users/x_ryabo/Isca-Ryan_outputs/planetb_presentdayEarth_rot0_Sun_noO3/restarts/res0056.tar.gz extracted to /home/x_ryabo/Isca-Ryan_tmp/experiment/planetb_presentdayEarth_rot0_Sun_noO3/run/INPUT
2025-03-12 10:31:55,190 - isca - INFO - Beginning run 57
2025-03-12 10:31:55,202 - isca - INFO - process running as 3949767
2025-03-12 10:31:55,202 - isca - DEBUG - loadmodules for Isca on NSC cluster Tetralith
2025-03-12 10:31:55,202 - isca - DEBUG - mpiifort
2025-03-12 10:31:55,303 - isca - DEBUG - The following modules were not unloaded:
2025-03-12 10:31:55,303 - isca - DEBUG - (Use "module --force purge" to unload all):
2025-03-12 10:31:55,303 - isca - DEBUG - 
2025-03-12 10:31:55,303 - isca - DEBUG - 1) hpc/.1.10.1
2025-03-12 10:31:55,401 - isca - DEBUG - ***************************************************
2025-03-12 10:31:55,401 - isca - DEBUG - You have loaded a buildenv module
2025-03-12 10:31:55,401 - isca - DEBUG - ***************************************************
2025-03-12 10:31:55,401 - isca - DEBUG - The buldenv-intel module makes available:
2025-03-12 10:31:55,401 - isca - DEBUG - - Compilers: icc, ifort, etc.
2025-03-12 10:31:55,401 - isca - DEBUG - - Mpi library with mpi-wrapped compilers: intel mpi with mpicc, mpifort, etc.
2025-03-12 10:31:55,401 - isca - DEBUG - - Numerical libraries: intel MKL
2025-03-12 10:31:55,401 - isca - DEBUG - 
2025-03-12 10:31:55,401 - isca - DEBUG - It also makes a set of dependency library modules available via
2025-03-12 10:31:55,401 - isca - DEBUG - the regular module command. Just do:
2025-03-12 10:31:55,401 - isca - DEBUG - module avail
2025-03-12 10:31:55,401 - isca - DEBUG - to see what is available.
2025-03-12 10:31:55,401 - isca - DEBUG - 
2025-03-12 10:31:55,401 - isca - DEBUG - NOTE: You shoud never load build environments inside submitted jobs.
2025-03-12 10:31:55,401 - isca - DEBUG - (with the single exception of when using supercomputer time to compile code.)
2025-03-12 10:31:55,401 - isca - DEBUG - 
2025-03-12 10:31:56,614 - isca - DEBUG - NOTE from PE    0: MPP_DOMAINS_SET_STACK_SIZE: stack size set to    32768.
2025-03-12 10:31:56,615 - isca - DEBUG - &MPP_IO_NML
2025-03-12 10:31:56,615 - isca - DEBUG - HEADER_BUFFER_VAL       =       16384,
2025-03-12 10:31:56,615 - isca - DEBUG - GLOBAL_FIELD_ON_ROOT_PE = T,
2025-03-12 10:31:56,615 - isca - DEBUG - IO_CLOCKS_ON    = F,
2025-03-12 10:31:56,615 - isca - DEBUG - SHUFFLE =           0,
2025-03-12 10:31:56,615 - isca - DEBUG - DEFLATE_LEVEL   =          -1
2025-03-12 10:31:56,615 - isca - DEBUG - /
2025-03-12 10:31:56,617 - isca - DEBUG - NOTE from PE    0: MPP_IO_SET_STACK_SIZE: stack size set to     131072.
2025-03-12 10:31:56,618 - isca - DEBUG - NOTE from PE    0: MPP_DOMAINS_SET_STACK_SIZE: stack size set to   600000.
2025-03-12 10:31:56,625 - isca - DEBUG - starting            1  OpenMP threads per MPI-task
2025-03-12 10:31:56,627 - isca - DEBUG - ATMOS MODEL DOMAIN DECOMPOSITION
2025-03-12 10:31:56,627 - isca - DEBUG - X-AXIS =  128
2025-03-12 10:31:56,628 - isca - DEBUG - Y-AXIS =    4   4   4   4   4   4   4   4   4   4   4   4   4   4   4   4
2025-03-12 10:31:56,672 - isca - DEBUG - NOTE from PE    0: cloud_simple: Using SimCloud cloud scheme
2025-03-12 10:31:56,673 - isca - DEBUG - 
2025-03-12 10:31:56,673 - isca - WARNING - WARNING from PE    9: socrates_init: dt_rad does not fit into one day an integer number of times
2025-03-12 10:31:56,674 - isca - DEBUG - 
2025-03-12 10:31:56,674 - isca - DEBUG - 
2025-03-12 10:31:56,674 - isca - DEBUG - 
2025-03-12 10:31:56,674 - isca - WARNING - WARNING from PE    8: socrates_init: dt_rad does not fit into one day an integer number of times
2025-03-12 10:31:56,674 - isca - DEBUG - 
2025-03-12 10:31:56,674 - isca - DEBUG - 
2025-03-12 10:31:56,674 - isca - WARNING - WARNING from PE   14: socrates_init: dt_rad does not fit into one day an integer number of times
2025-03-12 10:31:56,674 - isca - DEBUG - 
2025-03-12 10:31:56,674 - isca - WARNING - WARNING from PE   12: socrates_init: dt_rad does not fit into one day an integer number of times
2025-03-12 10:31:56,674 - isca - DEBUG - 
2025-03-12 10:31:56,674 - isca - WARNING - WARNING from PE    7: socrates_init: dt_rad does not fit into one day an integer number of times
2025-03-12 10:31:56,674 - isca - DEBUG - 
2025-03-12 10:31:56,674 - isca - DEBUG - 
2025-03-12 10:31:56,674 - isca - DEBUG - NOTE from PE    0: ls_cloud: Using linear cloud fraction diagnostic formula.
2025-03-12 10:31:56,674 - isca - DEBUG - 
2025-03-12 10:31:56,674 - isca - WARNING - WARNING from PE   11: socrates_init: dt_rad does not fit into one day an integer number of times
2025-03-12 10:31:56,674 - isca - DEBUG - 
2025-03-12 10:31:56,675 - isca - DEBUG - 
2025-03-12 10:31:56,675 - isca - WARNING - WARNING from PE   10: socrates_init: dt_rad does not fit into one day an integer number of times
2025-03-12 10:31:56,675 - isca - DEBUG - 
2025-03-12 10:31:56,675 - isca - DEBUG - 
2025-03-12 10:31:56,675 - isca - WARNING - WARNING from PE   13: socrates_init: dt_rad does not fit into one day an integer number of times
2025-03-12 10:31:56,675 - isca - DEBUG - 
2025-03-12 10:31:56,675 - isca - DEBUG - NOTE from PE    0: cloud_cover: The cloud overlap assumption is MAXIMUM-RANDOM
2025-03-12 10:31:56,675 - isca - DEBUG - 
2025-03-12 10:31:56,675 - isca - WARNING - WARNING from PE   15: socrates_init: dt_rad does not fit into one day an integer number of times
2025-03-12 10:31:56,675 - isca - DEBUG - 
2025-03-12 10:31:56,675 - isca - DEBUG - NOTE from PE    0: idealized_moist_phys: Using Frierson Quasi-Equilibrium convection scheme.
2025-03-12 10:31:56,678 - isca - DEBUG - 
2025-03-12 10:31:56,678 - isca - WARNING - WARNING from PE    4: socrates_init: dt_rad does not fit into one day an integer number of times
2025-03-12 10:31:56,678 - isca - DEBUG - 
2025-03-12 10:31:56,678 - isca - DEBUG - 
2025-03-12 10:31:56,678 - isca - DEBUG - 
2025-03-12 10:31:56,678 - isca - WARNING - WARNING from PE    2: socrates_init: dt_rad does not fit into one day an integer number of times
2025-03-12 10:31:56,678 - isca - DEBUG - 
2025-03-12 10:31:56,678 - isca - WARNING - WARNING from PE    5: socrates_init: dt_rad does not fit into one day an integer number of times
2025-03-12 10:31:56,678 - isca - DEBUG - 
2025-03-12 10:31:56,678 - isca - DEBUG - 
2025-03-12 10:31:56,678 - isca - WARNING - WARNING from PE    3: socrates_init: dt_rad does not fit into one day an integer number of times
2025-03-12 10:31:56,678 - isca - DEBUG - 
2025-03-12 10:31:56,678 - isca - DEBUG - 
2025-03-12 10:31:56,679 - isca - WARNING - WARNING from PE    6: socrates_init: dt_rad does not fit into one day an integer number of times
2025-03-12 10:31:56,679 - isca - DEBUG - 
2025-03-12 10:31:56,679 - isca - DEBUG - 
2025-03-12 10:31:56,679 - isca - WARNING - WARNING from PE    1: socrates_init: dt_rad does not fit into one day an integer number of times
2025-03-12 10:31:56,679 - isca - DEBUG - 
2025-03-12 10:31:56,684 - isca - DEBUG - 
2025-03-12 10:31:56,684 - isca - WARNING - WARNING from PE    0: socrates_init: dt_rad does not fit into one day an integer number of times
2025-03-12 10:31:56,684 - isca - DEBUG - 
2025-03-12 10:31:56,685 - isca - DEBUG - 
2025-03-12 10:31:56,685 - isca - WARNING - WARNING from PE    0: socrates_init: dt_rad does not fit into one day an integer number of times
2025-03-12 10:31:56,685 - isca - DEBUG - 
2025-03-12 10:31:56,685 - isca - DEBUG - 
2025-03-12 10:31:56,685 - isca - WARNING - WARNING from PE    0: socrates_init: lw_hires_spectral_filename is unset, making equal to lw_spectral_filename
2025-03-12 10:31:56,685 - isca - DEBUG - 
2025-03-12 10:31:56,685 - isca - DEBUG - 
2025-03-12 10:31:56,685 - isca - WARNING - WARNING from PE    0: socrates_init: lw_hires_spectral_filename is unset, making equal to lw_spectral_filename
2025-03-12 10:31:56,685 - isca - DEBUG - 
2025-03-12 10:31:56,685 - isca - DEBUG - 
2025-03-12 10:31:56,685 - isca - WARNING - WARNING from PE    0: socrates_init: sw_hires_spectral_filename is unset, making equal to sw_spectral_filename
2025-03-12 10:31:56,685 - isca - DEBUG - 
2025-03-12 10:31:56,685 - isca - DEBUG - 
2025-03-12 10:31:56,685 - isca - WARNING - WARNING from PE    0: socrates_init: sw_hires_spectral_filename is unset, making equal to sw_spectral_filename
2025-03-12 10:31:56,685 - isca - DEBUG - 
2025-03-12 10:31:57,879 - isca - DEBUG - NOTE from PE    0: Interpolator: Using input file with no time dimension - ozone_1990_notime_zero.nc
2025-03-12 10:31:57,879 - isca - DEBUG - Initializing src field : ozone_1990
2025-03-12 10:31:57,881 - isca - DEBUG - 
2025-03-12 10:31:57,882 - isca - DEBUG - -----------------------------------
2025-03-12 10:31:57,882 - isca - DEBUG - ____                       _
2025-03-12 10:31:57,882 - isca - DEBUG - / ___|  ___   ___ _ __ __ _| |_ ___  ___
2025-03-12 10:31:57,882 - isca - DEBUG - \___ \ / _ \ / __|  __/ _` | __/ _ \/ __|
2025-03-12 10:31:57,882 - isca - DEBUG - ___) | (_) | (__| | | (_| | ||  __/\__ \
2025-03-12 10:31:57,882 - isca - DEBUG - |____/ \___/ \___|_|  \__,_|\__\___||___/
2025-03-12 10:31:57,882 - isca - DEBUG - 
2025-03-12 10:31:57,882 - isca - DEBUG - Initialised Socrates v17.03
2025-03-12 10:31:57,882 - isca - DEBUG - Stellar constant =    1400.00000000000
2025-03-12 10:31:57,882 - isca - DEBUG - Longwave spectral file =
2025-03-12 10:31:57,882 - isca - DEBUG - /proj/bolinc/users/x_ryabo/socrates_edited_for_isca/spectral_files_for_GCMs/Sun
2025-03-12 10:31:57,882 - isca - DEBUG - /miniSuran_lw.sf WITH           16  bands
2025-03-12 10:31:57,882 - isca - DEBUG - Longwave hires spectral file =
2025-03-12 10:31:57,882 - isca - DEBUG - /proj/bolinc/users/x_ryabo/socrates_edited_for_isca/spectral_files_for_GCMs/Sun
2025-03-12 10:31:57,882 - isca - DEBUG - /miniSuran_lw.sf WITH           16  bands
2025-03-12 10:31:57,882 - isca - DEBUG - Shortwave spectral file =
2025-03-12 10:31:57,882 - isca - DEBUG - /proj/bolinc/users/x_ryabo/socrates_edited_for_isca/spectral_files_for_GCMs/Sun
2025-03-12 10:31:57,882 - isca - DEBUG - /miniSuran_sw.sf WITH           16  bands
2025-03-12 10:31:57,882 - isca - DEBUG - Shortwave hires spectral file =
2025-03-12 10:31:57,882 - isca - DEBUG - /proj/bolinc/users/x_ryabo/socrates_edited_for_isca/spectral_files_for_GCMs/Sun
2025-03-12 10:31:57,882 - isca - DEBUG - /miniSuran_sw.sf WITH           16  bands
2025-03-12 10:31:57,882 - isca - DEBUG - 
2025-03-12 10:31:57,883 - isca - DEBUG - -----------------------------------
2025-03-12 10:31:57,883 - isca - DEBUG - 
2025-03-12 10:32:31,218 - isca - DEBUG - Integration completed through  1681 days     0 seconds
2025-03-12 10:33:04,470 - isca - DEBUG - Integration completed through  1682 days     0 seconds
2025-03-12 10:33:37,576 - isca - DEBUG - Integration completed through  1683 days     0 seconds
2025-03-12 10:34:10,561 - isca - DEBUG - Integration completed through  1684 days     0 seconds
2025-03-12 10:34:44,088 - isca - DEBUG - Integration completed through  1685 days     0 seconds
2025-03-12 10:35:17,457 - isca - DEBUG - Integration completed through  1686 days     0 seconds
2025-03-12 10:35:51,233 - isca - DEBUG - Integration completed through  1687 days     0 seconds
2025-03-12 10:36:24,963 - isca - DEBUG - Integration completed through  1688 days     0 seconds
2025-03-12 10:36:57,854 - isca - DEBUG - Integration completed through  1689 days     0 seconds
2025-03-12 10:37:30,830 - isca - DEBUG - Integration completed through  1690 days     0 seconds
2025-03-12 10:38:03,790 - isca - DEBUG - Integration completed through  1691 days     0 seconds
2025-03-12 10:38:36,805 - isca - DEBUG - Integration completed through  1692 days     0 seconds
2025-03-12 10:39:09,992 - isca - DEBUG - Integration completed through  1693 days     0 seconds
2025-03-12 10:39:42,807 - isca - DEBUG - Integration completed through  1694 days     0 seconds
2025-03-12 10:40:15,684 - isca - DEBUG - Integration completed through  1695 days     0 seconds
2025-03-12 10:40:48,742 - isca - DEBUG - Integration completed through  1696 days     0 seconds
2025-03-12 10:41:22,205 - isca - DEBUG - Integration completed through  1697 days     0 seconds
2025-03-12 10:41:55,247 - isca - DEBUG - Integration completed through  1698 days     0 seconds
2025-03-12 10:42:28,431 - isca - DEBUG - Integration completed through  1699 days     0 seconds
2025-03-12 10:43:01,724 - isca - DEBUG - Integration completed through  1700 days     0 seconds
2025-03-12 10:43:35,025 - isca - DEBUG - Integration completed through  1701 days     0 seconds
2025-03-12 10:44:08,369 - isca - DEBUG - Integration completed through  1702 days     0 seconds
2025-03-12 10:44:41,705 - isca - DEBUG - Integration completed through  1703 days     0 seconds
2025-03-12 10:45:15,200 - isca - DEBUG - Integration completed through  1704 days     0 seconds
2025-03-12 10:45:48,711 - isca - DEBUG - Integration completed through  1705 days     0 seconds
2025-03-12 10:46:21,738 - isca - DEBUG - Integration completed through  1706 days     0 seconds
2025-03-12 10:46:54,822 - isca - DEBUG - Integration completed through  1707 days     0 seconds
2025-03-12 10:47:28,176 - isca - DEBUG - Integration completed through  1708 days     0 seconds
2025-03-12 10:48:01,371 - isca - DEBUG - Integration completed through  1709 days     0 seconds
2025-03-12 10:48:34,441 - isca - DEBUG - Integration completed through  1710 days     0 seconds
2025-03-12 10:48:34,448 - isca - DEBUG - 
2025-03-12 10:48:34,449 - isca - WARNING - WARNING from PE    0: diag_util_mod::opening_file: module/field_name (socrates/soc_toa_sw_down_clr) NOT registered
2025-03-12 10:48:34,449 - isca - DEBUG - 
2025-03-12 10:48:34,449 - isca - DEBUG - 
2025-03-12 10:48:34,449 - isca - WARNING - WARNING from PE    0: diag_util_mod::opening_file: module/field_name (socrates/soc_toa_sw_down_clr) NOT registered
2025-03-12 10:48:34,449 - isca - DEBUG - 
2025-03-12 10:48:34,449 - isca - DEBUG - 
2025-03-12 10:48:34,449 - isca - WARNING - WARNING from PE    0: diag_util_mod::opening_file: module/field_name (cloud_simple/rh_min) NOT registered
2025-03-12 10:48:34,449 - isca - DEBUG - 
2025-03-12 10:48:34,449 - isca - DEBUG - 
2025-03-12 10:48:34,449 - isca - WARNING - WARNING from PE    0: diag_util_mod::opening_file: module/field_name (cloud_simple/rh_min) NOT registered
2025-03-12 10:48:34,449 - isca - DEBUG - 
2025-03-12 10:48:34,459 - isca - DEBUG - NOTE from PE    0: MPP_IO_SET_STACK_SIZE: stack size set to     327680.
2025-03-12 10:48:34,554 - isca - DEBUG - MPP_DOMAINS_STACK high water mark=       40960
2025-03-12 10:48:34,554 - isca - DEBUG - 
2025-03-12 10:48:34,554 - isca - DEBUG - Tabulating mpp_clock statistics across     16 PEs...
2025-03-12 10:48:34,554 - isca - DEBUG - 
2025-03-12 10:48:34,554 - isca - DEBUG - tmin          tmax          tavg          tstd  tfrac grain pemin pemax
2025-03-12 10:48:34,555 - isca - DEBUG - Total runtime                       997.938808    997.944848    997.941298      0.001528  1.000     0     0    15
2025-03-12 10:48:34,555 - isca - DEBUG - MPP_STACK high water mark=           0
2025-03-12 10:48:34,743 - isca - INFO - Run 57 complete
2025-03-12 10:48:35,723 - isca - DEBUG - atmos_monthly.nc combined and copied to data directory
2025-03-12 10:48:38,620 - isca - INFO - Restart archive created at /proj/bolinc/users/x_ryabo/Isca-Ryan_outputs/planetb_presentdayEarth_rot0_Sun_noO3/restarts/res0057.tar.gz
2025-03-12 10:48:38,633 - isca - INFO - Writing namelist to '/proj/bolinc/users/x_ryabo/Isca-Ryan_outputs/planetb_presentdayEarth_rot0_Sun_noO3/run0057/input.nml'
2025-03-12 10:48:38,635 - isca - INFO - Writing field_table to '/proj/bolinc/users/x_ryabo/Isca-Ryan_outputs/planetb_presentdayEarth_rot0_Sun_noO3/run0057/field_table'
2025-03-12 10:48:38,646 - isca - INFO - Writing diag_table to '/proj/bolinc/users/x_ryabo/Isca-Ryan_outputs/planetb_presentdayEarth_rot0_Sun_noO3/run0057/diag_table'
2025-03-12 10:48:39,040 - isca - INFO - Emptied run directory '/home/x_ryabo/Isca-Ryan_tmp/experiment/planetb_presentdayEarth_rot0_Sun_noO3/run'
2025-03-12 10:48:39,059 - isca - INFO - Emptied run directory '/home/x_ryabo/Isca-Ryan_tmp/experiment/planetb_presentdayEarth_rot0_Sun_noO3/run'
2025-03-12 10:48:39,174 - isca - INFO - Writing namelist to '/home/x_ryabo/Isca-Ryan_tmp/experiment/planetb_presentdayEarth_rot0_Sun_noO3/run/input.nml'
2025-03-12 10:48:39,176 - isca - INFO - Writing field_table to '/home/x_ryabo/Isca-Ryan_tmp/experiment/planetb_presentdayEarth_rot0_Sun_noO3/run/field_table'
2025-03-12 10:48:39,185 - isca - INFO - Writing diag_table to '/home/x_ryabo/Isca-Ryan_tmp/experiment/planetb_presentdayEarth_rot0_Sun_noO3/run/diag_table'
2025-03-12 10:48:39,197 - isca - INFO - Using restart file '/proj/bolinc/users/x_ryabo/Isca-Ryan_outputs/planetb_presentdayEarth_rot0_Sun_noO3/restarts/res0057.tar.gz'
2025-03-12 10:48:39,563 - isca - INFO - Restart /proj/bolinc/users/x_ryabo/Isca-Ryan_outputs/planetb_presentdayEarth_rot0_Sun_noO3/restarts/res0057.tar.gz extracted to /home/x_ryabo/Isca-Ryan_tmp/experiment/planetb_presentdayEarth_rot0_Sun_noO3/run/INPUT
2025-03-12 10:48:39,564 - isca - INFO - Beginning run 58
2025-03-12 10:48:39,575 - isca - INFO - process running as 3950584
2025-03-12 10:48:39,576 - isca - DEBUG - loadmodules for Isca on NSC cluster Tetralith
2025-03-12 10:48:39,576 - isca - DEBUG - mpiifort
2025-03-12 10:48:39,676 - isca - DEBUG - The following modules were not unloaded:
2025-03-12 10:48:39,676 - isca - DEBUG - (Use "module --force purge" to unload all):
2025-03-12 10:48:39,676 - isca - DEBUG - 
2025-03-12 10:48:39,676 - isca - DEBUG - 1) hpc/.1.10.1
2025-03-12 10:48:39,775 - isca - DEBUG - ***************************************************
2025-03-12 10:48:39,775 - isca - DEBUG - You have loaded a buildenv module
2025-03-12 10:48:39,775 - isca - DEBUG - ***************************************************
2025-03-12 10:48:39,775 - isca - DEBUG - The buldenv-intel module makes available:
2025-03-12 10:48:39,775 - isca - DEBUG - - Compilers: icc, ifort, etc.
2025-03-12 10:48:39,775 - isca - DEBUG - - Mpi library with mpi-wrapped compilers: intel mpi with mpicc, mpifort, etc.
2025-03-12 10:48:39,775 - isca - DEBUG - - Numerical libraries: intel MKL
2025-03-12 10:48:39,775 - isca - DEBUG - 
2025-03-12 10:48:39,775 - isca - DEBUG - It also makes a set of dependency library modules available via
2025-03-12 10:48:39,775 - isca - DEBUG - the regular module command. Just do:
2025-03-12 10:48:39,775 - isca - DEBUG - module avail
2025-03-12 10:48:39,775 - isca - DEBUG - to see what is available.
2025-03-12 10:48:39,775 - isca - DEBUG - 
2025-03-12 10:48:39,775 - isca - DEBUG - NOTE: You shoud never load build environments inside submitted jobs.
2025-03-12 10:48:39,775 - isca - DEBUG - (with the single exception of when using supercomputer time to compile code.)
2025-03-12 10:48:39,775 - isca - DEBUG - 
2025-03-12 10:48:40,985 - isca - DEBUG - NOTE from PE    0: MPP_DOMAINS_SET_STACK_SIZE: stack size set to    32768.
2025-03-12 10:48:40,985 - isca - DEBUG - &MPP_IO_NML
2025-03-12 10:48:40,986 - isca - DEBUG - HEADER_BUFFER_VAL       =       16384,
2025-03-12 10:48:40,986 - isca - DEBUG - GLOBAL_FIELD_ON_ROOT_PE = T,
2025-03-12 10:48:40,986 - isca - DEBUG - IO_CLOCKS_ON    = F,
2025-03-12 10:48:40,986 - isca - DEBUG - SHUFFLE =           0,
2025-03-12 10:48:40,986 - isca - DEBUG - DEFLATE_LEVEL   =          -1
2025-03-12 10:48:40,986 - isca - DEBUG - /
2025-03-12 10:48:40,988 - isca - DEBUG - NOTE from PE    0: MPP_IO_SET_STACK_SIZE: stack size set to     131072.
2025-03-12 10:48:40,989 - isca - DEBUG - NOTE from PE    0: MPP_DOMAINS_SET_STACK_SIZE: stack size set to   600000.
2025-03-12 10:48:40,996 - isca - DEBUG - starting            1  OpenMP threads per MPI-task
2025-03-12 10:48:40,998 - isca - DEBUG - ATMOS MODEL DOMAIN DECOMPOSITION
2025-03-12 10:48:40,999 - isca - DEBUG - X-AXIS =  128
2025-03-12 10:48:40,999 - isca - DEBUG - Y-AXIS =    4   4   4   4   4   4   4   4   4   4   4   4   4   4   4   4
2025-03-12 10:48:41,048 - isca - DEBUG - NOTE from PE    0: cloud_simple: Using SimCloud cloud scheme
2025-03-12 10:48:41,049 - isca - DEBUG - 
2025-03-12 10:48:41,049 - isca - DEBUG - 
2025-03-12 10:48:41,049 - isca - WARNING - WARNING from PE   13: socrates_init: dt_rad does not fit into one day an integer number of times
2025-03-12 10:48:41,049 - isca - DEBUG - 
2025-03-12 10:48:41,049 - isca - DEBUG - 
2025-03-12 10:48:41,049 - isca - WARNING - WARNING from PE   12: socrates_init: dt_rad does not fit into one day an integer number of times
2025-03-12 10:48:41,049 - isca - DEBUG - 
2025-03-12 10:48:41,049 - isca - WARNING - WARNING from PE   11: socrates_init: dt_rad does not fit into one day an integer number of times
2025-03-12 10:48:41,049 - isca - DEBUG - 
2025-03-12 10:48:41,049 - isca - DEBUG - 
2025-03-12 10:48:41,049 - isca - WARNING - WARNING from PE   15: socrates_init: dt_rad does not fit into one day an integer number of times
2025-03-12 10:48:41,049 - isca - DEBUG - 
2025-03-12 10:48:41,050 - isca - DEBUG - 
2025-03-12 10:48:41,050 - isca - WARNING - WARNING from PE   14: socrates_init: dt_rad does not fit into one day an integer number of times
2025-03-12 10:48:41,050 - isca - DEBUG - 
2025-03-12 10:48:41,050 - isca - DEBUG - 
2025-03-12 10:48:41,050 - isca - WARNING - WARNING from PE    8: socrates_init: dt_rad does not fit into one day an integer number of times
2025-03-12 10:48:41,050 - isca - DEBUG - 
2025-03-12 10:48:41,050 - isca - DEBUG - 
2025-03-12 10:48:41,050 - isca - WARNING - WARNING from PE    9: socrates_init: dt_rad does not fit into one day an integer number of times
2025-03-12 10:48:41,050 - isca - DEBUG - 
2025-03-12 10:48:41,050 - isca - DEBUG - 
2025-03-12 10:48:41,050 - isca - DEBUG - 
2025-03-12 10:48:41,050 - isca - WARNING - WARNING from PE   10: socrates_init: dt_rad does not fit into one day an integer number of times
2025-03-12 10:48:41,050 - isca - DEBUG - 
2025-03-12 10:48:41,050 - isca - WARNING - WARNING from PE    7: socrates_init: dt_rad does not fit into one day an integer number of times
2025-03-12 10:48:41,050 - isca - DEBUG - 
2025-03-12 10:48:41,050 - isca - DEBUG - NOTE from PE    0: ls_cloud: Using linear cloud fraction diagnostic formula.
2025-03-12 10:48:41,051 - isca - DEBUG - NOTE from PE    0: cloud_cover: The cloud overlap assumption is MAXIMUM-RANDOM
2025-03-12 10:48:41,051 - isca - DEBUG - NOTE from PE    0: idealized_moist_phys: Using Frierson Quasi-Equilibrium convection scheme.
2025-03-12 10:48:41,053 - isca - DEBUG - 
2025-03-12 10:48:41,053 - isca - DEBUG - 
2025-03-12 10:48:41,053 - isca - WARNING - WARNING from PE    3: socrates_init: dt_rad does not fit into one day an integer number of times
2025-03-12 10:48:41,053 - isca - DEBUG - 
2025-03-12 10:48:41,053 - isca - DEBUG - 
2025-03-12 10:48:41,053 - isca - WARNING - WARNING from PE    4: socrates_init: dt_rad does not fit into one day an integer number of times
2025-03-12 10:48:41,053 - isca - DEBUG - 
2025-03-12 10:48:41,053 - isca - WARNING - WARNING from PE    2: socrates_init: dt_rad does not fit into one day an integer number of times
2025-03-12 10:48:41,053 - isca - DEBUG - 
2025-03-12 10:48:41,053 - isca - DEBUG - 
2025-03-12 10:48:41,053 - isca - WARNING - WARNING from PE    1: socrates_init: dt_rad does not fit into one day an integer number of times
2025-03-12 10:48:41,053 - isca - DEBUG - 
2025-03-12 10:48:41,054 - isca - DEBUG - 
2025-03-12 10:48:41,054 - isca - WARNING - WARNING from PE    5: socrates_init: dt_rad does not fit into one day an integer number of times
2025-03-12 10:48:41,054 - isca - DEBUG - 
2025-03-12 10:48:41,054 - isca - DEBUG - 
2025-03-12 10:48:41,055 - isca - WARNING - WARNING from PE    6: socrates_init: dt_rad does not fit into one day an integer number of times
2025-03-12 10:48:41,055 - isca - DEBUG - 
2025-03-12 10:48:41,060 - isca - DEBUG - 
2025-03-12 10:48:41,060 - isca - WARNING - WARNING from PE    0: socrates_init: dt_rad does not fit into one day an integer number of times
2025-03-12 10:48:41,061 - isca - DEBUG - 
2025-03-12 10:48:41,061 - isca - DEBUG - 
2025-03-12 10:48:41,061 - isca - WARNING - WARNING from PE    0: socrates_init: dt_rad does not fit into one day an integer number of times
2025-03-12 10:48:41,061 - isca - DEBUG - 
2025-03-12 10:48:41,061 - isca - DEBUG - 
2025-03-12 10:48:41,061 - isca - WARNING - WARNING from PE    0: socrates_init: lw_hires_spectral_filename is unset, making equal to lw_spectral_filename
2025-03-12 10:48:41,061 - isca - DEBUG - 
2025-03-12 10:48:41,062 - isca - DEBUG - 
2025-03-12 10:48:41,062 - isca - WARNING - WARNING from PE    0: socrates_init: lw_hires_spectral_filename is unset, making equal to lw_spectral_filename
2025-03-12 10:48:41,062 - isca - DEBUG - 
2025-03-12 10:48:41,062 - isca - DEBUG - 
2025-03-12 10:48:41,062 - isca - WARNING - WARNING from PE    0: socrates_init: sw_hires_spectral_filename is unset, making equal to sw_spectral_filename
2025-03-12 10:48:41,062 - isca - DEBUG - 
2025-03-12 10:48:41,062 - isca - DEBUG - 
2025-03-12 10:48:41,062 - isca - WARNING - WARNING from PE    0: socrates_init: sw_hires_spectral_filename is unset, making equal to sw_spectral_filename
2025-03-12 10:48:41,062 - isca - DEBUG - 
2025-03-12 10:48:42,243 - isca - DEBUG - NOTE from PE    0: Interpolator: Using input file with no time dimension - ozone_1990_notime_zero.nc
2025-03-12 10:48:42,243 - isca - DEBUG - Initializing src field : ozone_1990
2025-03-12 10:48:42,245 - isca - DEBUG - 
2025-03-12 10:48:42,245 - isca - DEBUG - -----------------------------------
2025-03-12 10:48:42,245 - isca - DEBUG - ____                       _
2025-03-12 10:48:42,245 - isca - DEBUG - / ___|  ___   ___ _ __ __ _| |_ ___  ___
2025-03-12 10:48:42,245 - isca - DEBUG - \___ \ / _ \ / __|  __/ _` | __/ _ \/ __|
2025-03-12 10:48:42,245 - isca - DEBUG - ___) | (_) | (__| | | (_| | ||  __/\__ \
2025-03-12 10:48:42,245 - isca - DEBUG - |____/ \___/ \___|_|  \__,_|\__\___||___/
2025-03-12 10:48:42,245 - isca - DEBUG - 
2025-03-12 10:48:42,246 - isca - DEBUG - Initialised Socrates v17.03
2025-03-12 10:48:42,246 - isca - DEBUG - Stellar constant =    1400.00000000000
2025-03-12 10:48:42,246 - isca - DEBUG - Longwave spectral file =
2025-03-12 10:48:42,246 - isca - DEBUG - /proj/bolinc/users/x_ryabo/socrates_edited_for_isca/spectral_files_for_GCMs/Sun
2025-03-12 10:48:42,246 - isca - DEBUG - /miniSuran_lw.sf WITH           16  bands
2025-03-12 10:48:42,246 - isca - DEBUG - Longwave hires spectral file =
2025-03-12 10:48:42,246 - isca - DEBUG - /proj/bolinc/users/x_ryabo/socrates_edited_for_isca/spectral_files_for_GCMs/Sun
2025-03-12 10:48:42,246 - isca - DEBUG - /miniSuran_lw.sf WITH           16  bands
2025-03-12 10:48:42,246 - isca - DEBUG - Shortwave spectral file =
2025-03-12 10:48:42,246 - isca - DEBUG - /proj/bolinc/users/x_ryabo/socrates_edited_for_isca/spectral_files_for_GCMs/Sun
2025-03-12 10:48:42,246 - isca - DEBUG - /miniSuran_sw.sf WITH           16  bands
2025-03-12 10:48:42,246 - isca - DEBUG - Shortwave hires spectral file =
2025-03-12 10:48:42,246 - isca - DEBUG - /proj/bolinc/users/x_ryabo/socrates_edited_for_isca/spectral_files_for_GCMs/Sun
2025-03-12 10:48:42,246 - isca - DEBUG - /miniSuran_sw.sf WITH           16  bands
2025-03-12 10:48:42,246 - isca - DEBUG - 
2025-03-12 10:48:42,246 - isca - DEBUG - -----------------------------------
2025-03-12 10:48:42,246 - isca - DEBUG - 
2025-03-12 10:49:15,299 - isca - DEBUG - Integration completed through  1711 days     0 seconds
2025-03-12 10:49:48,168 - isca - DEBUG - Integration completed through  1712 days     0 seconds
2025-03-12 10:50:21,006 - isca - DEBUG - Integration completed through  1713 days     0 seconds
2025-03-12 10:50:53,707 - isca - DEBUG - Integration completed through  1714 days     0 seconds
2025-03-12 10:51:26,584 - isca - DEBUG - Integration completed through  1715 days     0 seconds
2025-03-12 10:51:59,715 - isca - DEBUG - Integration completed through  1716 days     0 seconds
