/home/x_ryabo/Isca-Ryan/exp/presentday_1540_Sun_noO3_1950/socrates_aquaplanet_cloud.py:65: DeprecationWarning: Calling np.sum(generator) is deprecated, and in the future will give a different result. Use np.sum(np.fromiter(generator)) or the python sum builtin instead.
  molar_mass_air = sum((fraction * molecular_weights[gas]) for gas, fraction in atmosphere.items())
2025-06-13 13:31:36,113 - isca - INFO - RRTM compilation disabled.
2025-06-13 13:31:36,129 - isca - INFO - Socrates source code already in correct place. Continuing.
2025-06-13 13:31:36,134 - isca - DEBUG - Making directory '/home/x_ryabo/Isca-Ryan_tmp/experiment/presentday_1540_Sun_noO3_1950'
2025-06-13 13:31:36,200 - isca - WARNING - Tried to remove run directory but it doesnt exist
2025-06-13 13:31:36,208 - isca - INFO - Emptied run directory '/home/x_ryabo/Isca-Ryan_tmp/experiment/presentday_1540_Sun_noO3_1950/run'
2025-06-13 13:31:36,223 - isca - INFO - Writing path_names to '/home/x_ryabo/Isca-Ryan_tmp/codebase/_home_x_ryabo_Isca-Ryan/build/soc_isca/path_names'
2025-06-13 13:31:36,243 - isca - INFO - Running compiler
2025-06-13 13:31:36,251 - isca - INFO - loadmodules for Isca on NSC cluster Tetralith
2025-06-13 13:31:36,252 - isca - INFO - mpiifort
2025-06-13 13:31:37,012 - isca - INFO - The following modules were not unloaded:
2025-06-13 13:31:37,012 - isca - INFO - (Use "module --force purge" to unload all):
2025-06-13 13:31:37,012 - isca - INFO - 1) hpc/.1.10.1
2025-06-13 13:31:37,132 - isca - INFO - ***************************************************
2025-06-13 13:31:37,132 - isca - INFO - You have loaded a buildenv module
2025-06-13 13:31:37,132 - isca - INFO - ***************************************************
2025-06-13 13:31:37,132 - isca - INFO - The buldenv-intel module makes available:
2025-06-13 13:31:37,132 - isca - INFO - - Compilers: icc, ifort, etc.
2025-06-13 13:31:37,132 - isca - INFO - - Mpi library with mpi-wrapped compilers: intel mpi with mpicc, mpifort, etc.
2025-06-13 13:31:37,132 - isca - INFO - - Numerical libraries: intel MKL
2025-06-13 13:31:37,132 - isca - INFO - It also makes a set of dependency library modules available via
2025-06-13 13:31:37,132 - isca - INFO - the regular module command. Just do:
2025-06-13 13:31:37,132 - isca - INFO - module avail
2025-06-13 13:31:37,132 - isca - INFO - to see what is available.
2025-06-13 13:31:37,132 - isca - INFO - NOTE: You shoud never load build environments inside submitted jobs.
2025-06-13 13:31:37,132 - isca - INFO - (with the single exception of when using supercomputer time to compile code.)
2025-06-13 13:31:37,496 - isca - INFO - /home/x_ryabo/Isca-Ryan_tmp/codebase/_home_x_ryabo_Isca-Ryan/build/soc_isca/path_names
2025-06-13 13:31:39,164 - isca - INFO - .................................................................................................................................................................................................................................................................................................................................................................................................................................................... Makefile is ready.
2025-06-13 13:31:39,374 - isca - INFO - make: Nothing to be done for 'all'.
2025-06-13 13:31:39,516 - isca - INFO - make: 'soc_isca.x' is up to date.
2025-06-13 13:31:39,521 - isca - INFO - Compilation complete.
2025-06-13 13:31:39,542 - isca - INFO - Emptied run directory '/home/x_ryabo/Isca-Ryan_tmp/experiment/presentday_1540_Sun_noO3_1950/run'
2025-06-13 13:31:39,548 - isca - WARNING - Data for run 700 already exists but overwrite_data is False. Stopping.
2025-06-13 13:31:39,564 - isca - INFO - Emptied run directory '/home/x_ryabo/Isca-Ryan_tmp/experiment/presentday_1540_Sun_noO3_1950/run'
2025-06-13 13:31:40,431 - isca - INFO - Writing namelist to '/home/x_ryabo/Isca-Ryan_tmp/experiment/presentday_1540_Sun_noO3_1950/run/input.nml'
2025-06-13 13:31:40,435 - isca - INFO - Writing field_table to '/home/x_ryabo/Isca-Ryan_tmp/experiment/presentday_1540_Sun_noO3_1950/run/field_table'
2025-06-13 13:31:40,451 - isca - INFO - Writing diag_table to '/home/x_ryabo/Isca-Ryan_tmp/experiment/presentday_1540_Sun_noO3_1950/run/diag_table'
2025-06-13 13:31:40,465 - isca - INFO - Using restart file '/proj/bolinc/users/x_ryabo/Isca-Ryan_outputs/presentday_1540_Sun_noO3_1950/restarts/res0700.tar.gz'
2025-06-13 13:31:41,713 - isca - INFO - Restart /proj/bolinc/users/x_ryabo/Isca-Ryan_outputs/presentday_1540_Sun_noO3_1950/restarts/res0700.tar.gz extracted to /home/x_ryabo/Isca-Ryan_tmp/experiment/presentday_1540_Sun_noO3_1950/run/INPUT
2025-06-13 13:31:41,716 - isca - INFO - Beginning run 701
2025-06-13 13:31:41,726 - isca - INFO - process running as 977149
2025-06-13 13:31:41,728 - isca - DEBUG - loadmodules for Isca on NSC cluster Tetralith
2025-06-13 13:31:41,728 - isca - DEBUG - mpiifort
2025-06-13 13:31:41,983 - isca - DEBUG - The following modules were not unloaded:
2025-06-13 13:31:41,983 - isca - DEBUG - (Use "module --force purge" to unload all):
2025-06-13 13:31:41,983 - isca - DEBUG - 
2025-06-13 13:31:41,983 - isca - DEBUG - 1) hpc/.1.10.1
2025-06-13 13:31:42,084 - isca - DEBUG - ***************************************************
2025-06-13 13:31:42,084 - isca - DEBUG - You have loaded a buildenv module
2025-06-13 13:31:42,085 - isca - DEBUG - ***************************************************
2025-06-13 13:31:42,085 - isca - DEBUG - The buldenv-intel module makes available:
2025-06-13 13:31:42,085 - isca - DEBUG - - Compilers: icc, ifort, etc.
2025-06-13 13:31:42,085 - isca - DEBUG - - Mpi library with mpi-wrapped compilers: intel mpi with mpicc, mpifort, etc.
2025-06-13 13:31:42,085 - isca - DEBUG - - Numerical libraries: intel MKL
2025-06-13 13:31:42,085 - isca - DEBUG - 
2025-06-13 13:31:42,085 - isca - DEBUG - It also makes a set of dependency library modules available via
2025-06-13 13:31:42,085 - isca - DEBUG - the regular module command. Just do:
2025-06-13 13:31:42,085 - isca - DEBUG - module avail
2025-06-13 13:31:42,085 - isca - DEBUG - to see what is available.
2025-06-13 13:31:42,085 - isca - DEBUG - 
2025-06-13 13:31:42,085 - isca - DEBUG - NOTE: You shoud never load build environments inside submitted jobs.
2025-06-13 13:31:42,085 - isca - DEBUG - (with the single exception of when using supercomputer time to compile code.)
2025-06-13 13:31:42,085 - isca - DEBUG - 
2025-06-13 13:31:43,887 - isca - DEBUG - NOTE from PE    0: MPP_DOMAINS_SET_STACK_SIZE: stack size set to    32768.
2025-06-13 13:31:43,887 - isca - DEBUG - &MPP_IO_NML
2025-06-13 13:31:43,887 - isca - DEBUG - HEADER_BUFFER_VAL       =       16384,
2025-06-13 13:31:43,887 - isca - DEBUG - GLOBAL_FIELD_ON_ROOT_PE = T,
2025-06-13 13:31:43,887 - isca - DEBUG - IO_CLOCKS_ON    = F,
2025-06-13 13:31:43,887 - isca - DEBUG - SHUFFLE =           0,
2025-06-13 13:31:43,887 - isca - DEBUG - DEFLATE_LEVEL   =          -1
2025-06-13 13:31:43,888 - isca - DEBUG - /
2025-06-13 13:31:43,889 - isca - DEBUG - NOTE from PE    0: MPP_IO_SET_STACK_SIZE: stack size set to     131072.
2025-06-13 13:31:43,890 - isca - DEBUG - NOTE from PE    0: MPP_DOMAINS_SET_STACK_SIZE: stack size set to   600000.
2025-06-13 13:31:43,897 - isca - DEBUG - starting            1  OpenMP threads per MPI-task
2025-06-13 13:31:43,898 - isca - DEBUG - ATMOS MODEL DOMAIN DECOMPOSITION
2025-06-13 13:31:43,898 - isca - DEBUG - X-AXIS =  128
2025-06-13 13:31:43,899 - isca - DEBUG - Y-AXIS =    4   4   4   4   4   4   4   4   4   4   4   4   4   4   4   4
2025-06-13 13:31:43,955 - isca - DEBUG - 
2025-06-13 13:31:43,955 - isca - WARNING - WARNING from PE   13: socrates_init: dt_rad does not fit into one day an integer number of times
2025-06-13 13:31:43,955 - isca - DEBUG - 
2025-06-13 13:31:43,956 - isca - DEBUG - 
2025-06-13 13:31:43,956 - isca - WARNING - WARNING from PE   14: socrates_init: dt_rad does not fit into one day an integer number of times
2025-06-13 13:31:43,956 - isca - DEBUG - 
2025-06-13 13:31:43,956 - isca - DEBUG - 
2025-06-13 13:31:43,956 - isca - WARNING - WARNING from PE    9: socrates_init: dt_rad does not fit into one day an integer number of times
2025-06-13 13:31:43,956 - isca - DEBUG - 
2025-06-13 13:31:43,956 - isca - DEBUG - 
2025-06-13 13:31:43,956 - isca - WARNING - WARNING from PE   15: socrates_init: dt_rad does not fit into one day an integer number of times
2025-06-13 13:31:43,956 - isca - DEBUG - 
2025-06-13 13:31:43,956 - isca - DEBUG - 
2025-06-13 13:31:43,956 - isca - WARNING - WARNING from PE   12: socrates_init: dt_rad does not fit into one day an integer number of times
2025-06-13 13:31:43,956 - isca - DEBUG - 
2025-06-13 13:31:43,959 - isca - DEBUG - 
2025-06-13 13:31:43,959 - isca - WARNING - WARNING from PE   11: socrates_init: dt_rad does not fit into one day an integer number of times
2025-06-13 13:31:43,959 - isca - DEBUG - 
2025-06-13 13:31:43,959 - isca - DEBUG - NOTE from PE    0: cloud_simple: Using SimCloud cloud scheme
2025-06-13 13:31:43,960 - isca - DEBUG - NOTE from PE    0: ls_cloud: Using linear cloud fraction diagnostic formula.
2025-06-13 13:31:43,960 - isca - DEBUG - NOTE from PE    0: cloud_cover: The cloud overlap assumption is MAXIMUM-RANDOM
2025-06-13 13:31:43,961 - isca - DEBUG - NOTE from PE    0: idealized_moist_phys: Using Frierson Quasi-Equilibrium convection scheme.
2025-06-13 13:31:43,962 - isca - DEBUG - 
2025-06-13 13:31:43,962 - isca - WARNING - WARNING from PE    8: socrates_init: dt_rad does not fit into one day an integer number of times
2025-06-13 13:31:43,962 - isca - DEBUG - 
2025-06-13 13:31:43,964 - isca - DEBUG - 
2025-06-13 13:31:43,964 - isca - WARNING - WARNING from PE   10: socrates_init: dt_rad does not fit into one day an integer number of times
2025-06-13 13:31:43,964 - isca - DEBUG - 
2025-06-13 13:31:43,964 - isca - DEBUG - 
2025-06-13 13:31:43,964 - isca - DEBUG - 
2025-06-13 13:31:43,965 - isca - WARNING - WARNING from PE    7: socrates_init: dt_rad does not fit into one day an integer number of times
2025-06-13 13:31:43,965 - isca - DEBUG - 
2025-06-13 13:31:43,965 - isca - DEBUG - 
2025-06-13 13:31:43,965 - isca - WARNING - WARNING from PE    2: socrates_init: dt_rad does not fit into one day an integer number of times
2025-06-13 13:31:43,965 - isca - DEBUG - 
2025-06-13 13:31:43,965 - isca - WARNING - WARNING from PE    3: socrates_init: dt_rad does not fit into one day an integer number of times
2025-06-13 13:31:43,965 - isca - DEBUG - 
2025-06-13 13:31:43,965 - isca - DEBUG - 
2025-06-13 13:31:43,965 - isca - WARNING - WARNING from PE    5: socrates_init: dt_rad does not fit into one day an integer number of times
2025-06-13 13:31:43,965 - isca - DEBUG - 
2025-06-13 13:31:43,965 - isca - DEBUG - 
2025-06-13 13:31:43,965 - isca - WARNING - WARNING from PE    4: socrates_init: dt_rad does not fit into one day an integer number of times
2025-06-13 13:31:43,965 - isca - DEBUG - 
2025-06-13 13:31:43,965 - isca - DEBUG - 
2025-06-13 13:31:43,965 - isca - WARNING - WARNING from PE    1: socrates_init: dt_rad does not fit into one day an integer number of times
2025-06-13 13:31:43,965 - isca - DEBUG - 
2025-06-13 13:31:43,968 - isca - DEBUG - 
2025-06-13 13:31:43,968 - isca - WARNING - WARNING from PE    6: socrates_init: dt_rad does not fit into one day an integer number of times
2025-06-13 13:31:43,968 - isca - DEBUG - 
2025-06-13 13:31:43,969 - isca - DEBUG - 
2025-06-13 13:31:43,969 - isca - WARNING - WARNING from PE    0: socrates_init: dt_rad does not fit into one day an integer number of times
2025-06-13 13:31:43,969 - isca - DEBUG - 
2025-06-13 13:31:43,969 - isca - DEBUG - 
2025-06-13 13:31:43,969 - isca - WARNING - WARNING from PE    0: socrates_init: dt_rad does not fit into one day an integer number of times
2025-06-13 13:31:43,969 - isca - DEBUG - 
2025-06-13 13:31:43,969 - isca - DEBUG - 
2025-06-13 13:31:43,969 - isca - WARNING - WARNING from PE    0: socrates_init: lw_hires_spectral_filename is unset, making equal to lw_spectral_filename
2025-06-13 13:31:43,969 - isca - DEBUG - 
2025-06-13 13:31:43,969 - isca - DEBUG - 
2025-06-13 13:31:43,969 - isca - WARNING - WARNING from PE    0: socrates_init: lw_hires_spectral_filename is unset, making equal to lw_spectral_filename
2025-06-13 13:31:43,969 - isca - DEBUG - 
2025-06-13 13:31:43,969 - isca - DEBUG - 
2025-06-13 13:31:43,969 - isca - WARNING - WARNING from PE    0: socrates_init: sw_hires_spectral_filename is unset, making equal to sw_spectral_filename
2025-06-13 13:31:43,969 - isca - DEBUG - 
2025-06-13 13:31:43,970 - isca - DEBUG - 
2025-06-13 13:31:43,970 - isca - WARNING - WARNING from PE    0: socrates_init: sw_hires_spectral_filename is unset, making equal to sw_spectral_filename
2025-06-13 13:31:43,970 - isca - DEBUG - 
2025-06-13 13:31:45,024 - isca - DEBUG - NOTE from PE    0: Interpolator: Using input file with no time dimension - ozone_1990_notime_zero.nc
2025-06-13 13:31:45,024 - isca - DEBUG - Initializing src field : ozone_1990
2025-06-13 13:31:45,026 - isca - DEBUG - 
2025-06-13 13:31:45,026 - isca - DEBUG - -----------------------------------
2025-06-13 13:31:45,026 - isca - DEBUG - ____                       _
2025-06-13 13:31:45,026 - isca - DEBUG - / ___|  ___   ___ _ __ __ _| |_ ___  ___
2025-06-13 13:31:45,026 - isca - DEBUG - \___ \ / _ \ / __|  __/ _` | __/ _ \/ __|
2025-06-13 13:31:45,026 - isca - DEBUG - ___) | (_) | (__| | | (_| | ||  __/\__ \
2025-06-13 13:31:45,026 - isca - DEBUG - |____/ \___/ \___|_|  \__,_|\__\___||___/
2025-06-13 13:31:45,026 - isca - DEBUG - 
2025-06-13 13:31:45,027 - isca - DEBUG - Initialised Socrates v17.03
2025-06-13 13:31:45,027 - isca - DEBUG - Stellar constant =    1950.00000000000
2025-06-13 13:31:45,027 - isca - DEBUG - Longwave spectral file =
2025-06-13 13:31:45,027 - isca - DEBUG - /proj/bolinc/users/x_ryabo/socrates_edited_for_isca/spectral_files_for_GCMs/Sun
2025-06-13 13:31:45,027 - isca - DEBUG - /miniSuran_lw.sf WITH           16  bands
2025-06-13 13:31:45,027 - isca - DEBUG - Longwave hires spectral file =
2025-06-13 13:31:45,027 - isca - DEBUG - /proj/bolinc/users/x_ryabo/socrates_edited_for_isca/spectral_files_for_GCMs/Sun
2025-06-13 13:31:45,027 - isca - DEBUG - /miniSuran_lw.sf WITH           16  bands
2025-06-13 13:31:45,027 - isca - DEBUG - Shortwave spectral file =
2025-06-13 13:31:45,027 - isca - DEBUG - /proj/bolinc/users/x_ryabo/socrates_edited_for_isca/spectral_files_for_GCMs/Sun
2025-06-13 13:31:45,027 - isca - DEBUG - /miniSuran_sw.sf WITH           16  bands
2025-06-13 13:31:45,027 - isca - DEBUG - Shortwave hires spectral file =
2025-06-13 13:31:45,027 - isca - DEBUG - /proj/bolinc/users/x_ryabo/socrates_edited_for_isca/spectral_files_for_GCMs/Sun
2025-06-13 13:31:45,027 - isca - DEBUG - /miniSuran_sw.sf WITH           16  bands
2025-06-13 13:31:45,027 - isca - DEBUG - 
2025-06-13 13:31:45,027 - isca - DEBUG - -----------------------------------
2025-06-13 13:31:45,027 - isca - DEBUG - 
2025-06-13 13:32:25,226 - isca - DEBUG - Integration completed through 21001 days     0 seconds
2025-06-13 13:33:05,113 - isca - DEBUG - Integration completed through 21002 days     0 seconds
2025-06-13 13:33:44,853 - isca - DEBUG - Integration completed through 21003 days     0 seconds
2025-06-13 13:34:24,652 - isca - DEBUG - Integration completed through 21004 days     0 seconds
2025-06-13 13:35:04,800 - isca - DEBUG - Integration completed through 21005 days     0 seconds
2025-06-13 13:35:44,855 - isca - DEBUG - Integration completed through 21006 days     0 seconds
2025-06-13 13:36:25,194 - isca - DEBUG - Integration completed through 21007 days     0 seconds
2025-06-13 13:37:05,349 - isca - DEBUG - Integration completed through 21008 days     0 seconds
2025-06-13 13:37:45,315 - isca - DEBUG - Integration completed through 21009 days     0 seconds
2025-06-13 13:38:25,259 - isca - DEBUG - Integration completed through 21010 days     0 seconds
2025-06-13 13:39:05,011 - isca - DEBUG - Integration completed through 21011 days     0 seconds
2025-06-13 13:39:45,370 - isca - DEBUG - Integration completed through 21012 days     0 seconds
2025-06-13 13:40:25,761 - isca - DEBUG - Integration completed through 21013 days     0 seconds
2025-06-13 13:41:05,943 - isca - DEBUG - Integration completed through 21014 days     0 seconds
2025-06-13 13:41:45,909 - isca - DEBUG - Integration completed through 21015 days     0 seconds
2025-06-13 13:42:25,630 - isca - DEBUG - Integration completed through 21016 days     0 seconds
2025-06-13 13:43:05,650 - isca - DEBUG - Integration completed through 21017 days     0 seconds
2025-06-13 13:43:45,831 - isca - DEBUG - Integration completed through 21018 days     0 seconds
2025-06-13 13:44:26,020 - isca - DEBUG - Integration completed through 21019 days     0 seconds
2025-06-13 13:45:06,388 - isca - DEBUG - Integration completed through 21020 days     0 seconds
2025-06-13 13:45:46,523 - isca - DEBUG - Integration completed through 21021 days     0 seconds
2025-06-13 13:46:26,260 - isca - DEBUG - Integration completed through 21022 days     0 seconds
2025-06-13 13:47:05,972 - isca - DEBUG - Integration completed through 21023 days     0 seconds
2025-06-13 13:47:45,792 - isca - DEBUG - Integration completed through 21024 days     0 seconds
2025-06-13 13:48:25,544 - isca - DEBUG - Integration completed through 21025 days     0 seconds
2025-06-13 13:49:05,603 - isca - DEBUG - Integration completed through 21026 days     0 seconds
2025-06-13 13:49:45,904 - isca - DEBUG - Integration completed through 21027 days     0 seconds
2025-06-13 13:50:25,769 - isca - DEBUG - Integration completed through 21028 days     0 seconds
2025-06-13 13:51:05,700 - isca - DEBUG - Integration completed through 21029 days     0 seconds
2025-06-13 13:51:46,062 - isca - DEBUG - Integration completed through 21030 days     0 seconds
2025-06-13 13:51:46,072 - isca - DEBUG - 
2025-06-13 13:51:46,072 - isca - WARNING - WARNING from PE    0: diag_util_mod::opening_file: module/field_name (socrates/soc_toa_sw_down_clr) NOT registered
2025-06-13 13:51:46,072 - isca - DEBUG - 
2025-06-13 13:51:46,072 - isca - DEBUG - 
2025-06-13 13:51:46,072 - isca - WARNING - WARNING from PE    0: diag_util_mod::opening_file: module/field_name (cloud_simple/rh_min) NOT registered
2025-06-13 13:51:46,072 - isca - DEBUG - 
2025-06-13 13:51:46,072 - isca - DEBUG - 
2025-06-13 13:51:46,072 - isca - WARNING - WARNING from PE    0: diag_util_mod::opening_file: module/field_name (socrates/soc_toa_sw_down_clr) NOT registered
2025-06-13 13:51:46,072 - isca - DEBUG - 
2025-06-13 13:51:46,073 - isca - DEBUG - 
2025-06-13 13:51:46,073 - isca - WARNING - WARNING from PE    0: diag_util_mod::opening_file: module/field_name (cloud_simple/rh_min) NOT registered
2025-06-13 13:51:46,073 - isca - DEBUG - 
2025-06-13 13:51:46,082 - isca - DEBUG - NOTE from PE    0: MPP_IO_SET_STACK_SIZE: stack size set to     393216.
2025-06-13 13:51:46,203 - isca - DEBUG - MPP_DOMAINS_STACK high water mark=       49152
2025-06-13 13:51:46,203 - isca - DEBUG - 
2025-06-13 13:51:46,203 - isca - DEBUG - Tabulating mpp_clock statistics across     16 PEs...
2025-06-13 13:51:46,203 - isca - DEBUG - 
2025-06-13 13:51:46,203 - isca - DEBUG - tmin          tmax          tavg          tstd  tfrac grain pemin pemax
2025-06-13 13:51:46,204 - isca - DEBUG - Total runtime                      1202.313939   1202.320565   1202.316878      0.001775  1.000     0     0    15
2025-06-13 13:51:46,204 - isca - DEBUG - MPP_STACK high water mark=           0
2025-06-13 13:51:46,379 - isca - INFO - Run 701 complete
2025-06-13 13:51:47,312 - isca - DEBUG - atmos_monthly.nc combined and copied to data directory
2025-06-13 13:51:50,537 - isca - INFO - Restart archive created at /proj/bolinc/users/x_ryabo/Isca-Ryan_outputs/presentday_1540_Sun_noO3_1950/restarts/res0701.tar.gz
2025-06-13 13:51:50,549 - isca - INFO - Writing namelist to '/proj/bolinc/users/x_ryabo/Isca-Ryan_outputs/presentday_1540_Sun_noO3_1950/run0701/input.nml'
2025-06-13 13:51:50,552 - isca - INFO - Writing field_table to '/proj/bolinc/users/x_ryabo/Isca-Ryan_outputs/presentday_1540_Sun_noO3_1950/run0701/field_table'
2025-06-13 13:51:50,562 - isca - INFO - Writing diag_table to '/proj/bolinc/users/x_ryabo/Isca-Ryan_outputs/presentday_1540_Sun_noO3_1950/run0701/diag_table'
2025-06-13 13:51:50,882 - isca - INFO - Emptied run directory '/home/x_ryabo/Isca-Ryan_tmp/experiment/presentday_1540_Sun_noO3_1950/run'
2025-06-13 13:51:50,901 - isca - INFO - Emptied run directory '/home/x_ryabo/Isca-Ryan_tmp/experiment/presentday_1540_Sun_noO3_1950/run'
2025-06-13 13:51:51,109 - isca - INFO - Writing namelist to '/home/x_ryabo/Isca-Ryan_tmp/experiment/presentday_1540_Sun_noO3_1950/run/input.nml'
2025-06-13 13:51:51,111 - isca - INFO - Writing field_table to '/home/x_ryabo/Isca-Ryan_tmp/experiment/presentday_1540_Sun_noO3_1950/run/field_table'
2025-06-13 13:51:51,121 - isca - INFO - Writing diag_table to '/home/x_ryabo/Isca-Ryan_tmp/experiment/presentday_1540_Sun_noO3_1950/run/diag_table'
2025-06-13 13:51:51,133 - isca - INFO - Using restart file '/proj/bolinc/users/x_ryabo/Isca-Ryan_outputs/presentday_1540_Sun_noO3_1950/restarts/res0701.tar.gz'
2025-06-13 13:51:51,549 - isca - INFO - Restart /proj/bolinc/users/x_ryabo/Isca-Ryan_outputs/presentday_1540_Sun_noO3_1950/restarts/res0701.tar.gz extracted to /home/x_ryabo/Isca-Ryan_tmp/experiment/presentday_1540_Sun_noO3_1950/run/INPUT
2025-06-13 13:51:51,550 - isca - INFO - Beginning run 702
2025-06-13 13:51:51,559 - isca - INFO - process running as 978122
2025-06-13 13:51:51,560 - isca - DEBUG - loadmodules for Isca on NSC cluster Tetralith
2025-06-13 13:51:51,560 - isca - DEBUG - mpiifort
2025-06-13 13:51:51,660 - isca - DEBUG - The following modules were not unloaded:
2025-06-13 13:51:51,660 - isca - DEBUG - (Use "module --force purge" to unload all):
2025-06-13 13:51:51,660 - isca - DEBUG - 
2025-06-13 13:51:51,660 - isca - DEBUG - 1) hpc/.1.10.1
2025-06-13 13:51:51,757 - isca - DEBUG - ***************************************************
2025-06-13 13:51:51,757 - isca - DEBUG - You have loaded a buildenv module
2025-06-13 13:51:51,757 - isca - DEBUG - ***************************************************
2025-06-13 13:51:51,757 - isca - DEBUG - The buldenv-intel module makes available:
2025-06-13 13:51:51,757 - isca - DEBUG - - Compilers: icc, ifort, etc.
2025-06-13 13:51:51,757 - isca - DEBUG - - Mpi library with mpi-wrapped compilers: intel mpi with mpicc, mpifort, etc.
2025-06-13 13:51:51,757 - isca - DEBUG - - Numerical libraries: intel MKL
2025-06-13 13:51:51,757 - isca - DEBUG - 
2025-06-13 13:51:51,758 - isca - DEBUG - It also makes a set of dependency library modules available via
2025-06-13 13:51:51,758 - isca - DEBUG - the regular module command. Just do:
2025-06-13 13:51:51,758 - isca - DEBUG - module avail
2025-06-13 13:51:51,758 - isca - DEBUG - to see what is available.
2025-06-13 13:51:51,758 - isca - DEBUG - 
2025-06-13 13:51:51,758 - isca - DEBUG - NOTE: You shoud never load build environments inside submitted jobs.
2025-06-13 13:51:51,758 - isca - DEBUG - (with the single exception of when using supercomputer time to compile code.)
2025-06-13 13:51:51,758 - isca - DEBUG - 
2025-06-13 13:51:52,963 - isca - DEBUG - NOTE from PE    0: MPP_DOMAINS_SET_STACK_SIZE: stack size set to    32768.
2025-06-13 13:51:52,964 - isca - DEBUG - &MPP_IO_NML
2025-06-13 13:51:52,964 - isca - DEBUG - HEADER_BUFFER_VAL       =       16384,
2025-06-13 13:51:52,964 - isca - DEBUG - GLOBAL_FIELD_ON_ROOT_PE = T,
2025-06-13 13:51:52,964 - isca - DEBUG - IO_CLOCKS_ON    = F,
2025-06-13 13:51:52,964 - isca - DEBUG - SHUFFLE =           0,
2025-06-13 13:51:52,964 - isca - DEBUG - DEFLATE_LEVEL   =          -1
2025-06-13 13:51:52,964 - isca - DEBUG - /
2025-06-13 13:51:52,965 - isca - DEBUG - NOTE from PE    0: MPP_IO_SET_STACK_SIZE: stack size set to     131072.
2025-06-13 13:51:52,966 - isca - DEBUG - NOTE from PE    0: MPP_DOMAINS_SET_STACK_SIZE: stack size set to   600000.
2025-06-13 13:51:52,975 - isca - DEBUG - starting            1  OpenMP threads per MPI-task
2025-06-13 13:51:52,977 - isca - DEBUG - ATMOS MODEL DOMAIN DECOMPOSITION
2025-06-13 13:51:52,977 - isca - DEBUG - X-AXIS =  128
2025-06-13 13:51:52,977 - isca - DEBUG - Y-AXIS =    4   4   4   4   4   4   4   4   4   4   4   4   4   4   4   4
2025-06-13 13:51:53,026 - isca - DEBUG - NOTE from PE    0: cloud_simple: Using SimCloud cloud scheme
2025-06-13 13:51:53,028 - isca - DEBUG - NOTE from PE    0: ls_cloud: Using linear cloud fraction diagnostic formula.
2025-06-13 13:51:53,028 - isca - DEBUG - NOTE from PE    0: cloud_cover: The cloud overlap assumption is MAXIMUM-RANDOM
2025-06-13 13:51:53,028 - isca - DEBUG - NOTE from PE    0: idealized_moist_phys: Using Frierson Quasi-Equilibrium convection scheme.
2025-06-13 13:51:53,029 - isca - DEBUG - 
2025-06-13 13:51:53,029 - isca - DEBUG - 
2025-06-13 13:51:53,029 - isca - WARNING - WARNING from PE   10: socrates_init: dt_rad does not fit into one day an integer number of times
2025-06-13 13:51:53,029 - isca - DEBUG - 
2025-06-13 13:51:53,029 - isca - WARNING - WARNING from PE    8: socrates_init: dt_rad does not fit into one day an integer number of times
2025-06-13 13:51:53,029 - isca - DEBUG - 
2025-06-13 13:51:53,029 - isca - WARNING - WARNING from PE   12: socrates_init: dt_rad does not fit into one day an integer number of times
2025-06-13 13:51:53,029 - isca - DEBUG - 
2025-06-13 13:51:53,029 - isca - DEBUG - 
2025-06-13 13:51:53,029 - isca - WARNING - WARNING from PE   14: socrates_init: dt_rad does not fit into one day an integer number of times
2025-06-13 13:51:53,029 - isca - DEBUG - 
2025-06-13 13:51:53,029 - isca - DEBUG - 
2025-06-13 13:51:53,029 - isca - WARNING - WARNING from PE    9: socrates_init: dt_rad does not fit into one day an integer number of times
2025-06-13 13:51:53,029 - isca - DEBUG - 
2025-06-13 13:51:53,029 - isca - DEBUG - 
2025-06-13 13:51:53,029 - isca - DEBUG - 
2025-06-13 13:51:53,029 - isca - WARNING - WARNING from PE   13: socrates_init: dt_rad does not fit into one day an integer number of times
2025-06-13 13:51:53,030 - isca - DEBUG - 
2025-06-13 13:51:53,030 - isca - DEBUG - 
2025-06-13 13:51:53,030 - isca - WARNING - WARNING from PE   15: socrates_init: dt_rad does not fit into one day an integer number of times
2025-06-13 13:51:53,030 - isca - DEBUG - 
2025-06-13 13:51:53,030 - isca - DEBUG - 
2025-06-13 13:51:53,030 - isca - WARNING - WARNING from PE   11: socrates_init: dt_rad does not fit into one day an integer number of times
2025-06-13 13:51:53,030 - isca - DEBUG - 
2025-06-13 13:51:53,031 - isca - DEBUG - 
2025-06-13 13:51:53,031 - isca - WARNING - WARNING from PE    5: socrates_init: dt_rad does not fit into one day an integer number of times
2025-06-13 13:51:53,031 - isca - DEBUG - 
2025-06-13 13:51:53,031 - isca - DEBUG - 
2025-06-13 13:51:53,031 - isca - WARNING - WARNING from PE    3: socrates_init: dt_rad does not fit into one day an integer number of times
2025-06-13 13:51:53,032 - isca - DEBUG - 
2025-06-13 13:51:53,032 - isca - DEBUG - 
2025-06-13 13:51:53,032 - isca - DEBUG - 
2025-06-13 13:51:53,032 - isca - WARNING - WARNING from PE    6: socrates_init: dt_rad does not fit into one day an integer number of times
2025-06-13 13:51:53,032 - isca - DEBUG - 
2025-06-13 13:51:53,032 - isca - WARNING - WARNING from PE    1: socrates_init: dt_rad does not fit into one day an integer number of times
2025-06-13 13:51:53,032 - isca - DEBUG - 
2025-06-13 13:51:53,032 - isca - DEBUG - 
2025-06-13 13:51:53,032 - isca - WARNING - WARNING from PE    7: socrates_init: dt_rad does not fit into one day an integer number of times
2025-06-13 13:51:53,032 - isca - DEBUG - 
2025-06-13 13:51:53,032 - isca - WARNING - WARNING from PE    4: socrates_init: dt_rad does not fit into one day an integer number of times
2025-06-13 13:51:53,032 - isca - DEBUG - 
2025-06-13 13:51:53,032 - isca - DEBUG - 
2025-06-13 13:51:53,032 - isca - DEBUG - 
2025-06-13 13:51:53,032 - isca - WARNING - WARNING from PE    2: socrates_init: dt_rad does not fit into one day an integer number of times
2025-06-13 13:51:53,032 - isca - DEBUG - 
2025-06-13 13:51:53,038 - isca - DEBUG - 
2025-06-13 13:51:53,038 - isca - WARNING - WARNING from PE    0: socrates_init: dt_rad does not fit into one day an integer number of times
2025-06-13 13:51:53,038 - isca - DEBUG - 
2025-06-13 13:51:53,038 - isca - DEBUG - 
2025-06-13 13:51:53,038 - isca - WARNING - WARNING from PE    0: socrates_init: dt_rad does not fit into one day an integer number of times
2025-06-13 13:51:53,038 - isca - DEBUG - 
2025-06-13 13:51:53,038 - isca - DEBUG - 
2025-06-13 13:51:53,038 - isca - WARNING - WARNING from PE    0: socrates_init: lw_hires_spectral_filename is unset, making equal to lw_spectral_filename
2025-06-13 13:51:53,038 - isca - DEBUG - 
2025-06-13 13:51:53,038 - isca - DEBUG - 
2025-06-13 13:51:53,038 - isca - WARNING - WARNING from PE    0: socrates_init: lw_hires_spectral_filename is unset, making equal to lw_spectral_filename
2025-06-13 13:51:53,038 - isca - DEBUG - 
2025-06-13 13:51:53,038 - isca - DEBUG - 
2025-06-13 13:51:53,038 - isca - WARNING - WARNING from PE    0: socrates_init: sw_hires_spectral_filename is unset, making equal to sw_spectral_filename
2025-06-13 13:51:53,038 - isca - DEBUG - 
2025-06-13 13:51:53,038 - isca - DEBUG - 
2025-06-13 13:51:53,038 - isca - WARNING - WARNING from PE    0: socrates_init: sw_hires_spectral_filename is unset, making equal to sw_spectral_filename
2025-06-13 13:51:53,038 - isca - DEBUG - 
2025-06-13 13:51:54,240 - isca - DEBUG - NOTE from PE    0: Interpolator: Using input file with no time dimension - ozone_1990_notime_zero.nc
2025-06-13 13:51:54,240 - isca - DEBUG - Initializing src field : ozone_1990
2025-06-13 13:51:54,243 - isca - DEBUG - 
2025-06-13 13:51:54,243 - isca - DEBUG - -----------------------------------
2025-06-13 13:51:54,243 - isca - DEBUG - ____                       _
2025-06-13 13:51:54,243 - isca - DEBUG - / ___|  ___   ___ _ __ __ _| |_ ___  ___
2025-06-13 13:51:54,243 - isca - DEBUG - \___ \ / _ \ / __|  __/ _` | __/ _ \/ __|
2025-06-13 13:51:54,243 - isca - DEBUG - ___) | (_) | (__| | | (_| | ||  __/\__ \
2025-06-13 13:51:54,243 - isca - DEBUG - |____/ \___/ \___|_|  \__,_|\__\___||___/
2025-06-13 13:51:54,243 - isca - DEBUG - 
2025-06-13 13:51:54,243 - isca - DEBUG - Initialised Socrates v17.03
2025-06-13 13:51:54,243 - isca - DEBUG - Stellar constant =    1950.00000000000
2025-06-13 13:51:54,243 - isca - DEBUG - Longwave spectral file =
2025-06-13 13:51:54,243 - isca - DEBUG - /proj/bolinc/users/x_ryabo/socrates_edited_for_isca/spectral_files_for_GCMs/Sun
2025-06-13 13:51:54,243 - isca - DEBUG - /miniSuran_lw.sf WITH           16  bands
2025-06-13 13:51:54,243 - isca - DEBUG - Longwave hires spectral file =
2025-06-13 13:51:54,243 - isca - DEBUG - /proj/bolinc/users/x_ryabo/socrates_edited_for_isca/spectral_files_for_GCMs/Sun
2025-06-13 13:51:54,243 - isca - DEBUG - /miniSuran_lw.sf WITH           16  bands
2025-06-13 13:51:54,243 - isca - DEBUG - Shortwave spectral file =
2025-06-13 13:51:54,243 - isca - DEBUG - /proj/bolinc/users/x_ryabo/socrates_edited_for_isca/spectral_files_for_GCMs/Sun
2025-06-13 13:51:54,243 - isca - DEBUG - /miniSuran_sw.sf WITH           16  bands
2025-06-13 13:51:54,243 - isca - DEBUG - Shortwave hires spectral file =
2025-06-13 13:51:54,243 - isca - DEBUG - /proj/bolinc/users/x_ryabo/socrates_edited_for_isca/spectral_files_for_GCMs/Sun
2025-06-13 13:51:54,243 - isca - DEBUG - /miniSuran_sw.sf WITH           16  bands
2025-06-13 13:51:54,243 - isca - DEBUG - 
2025-06-13 13:51:54,243 - isca - DEBUG - -----------------------------------
2025-06-13 13:51:54,243 - isca - DEBUG - 
2025-06-13 13:52:34,588 - isca - DEBUG - Integration completed through 21031 days     0 seconds
2025-06-13 13:53:14,885 - isca - DEBUG - Integration completed through 21032 days     0 seconds
2025-06-13 13:53:54,924 - isca - DEBUG - Integration completed through 21033 days     0 seconds
2025-06-13 13:54:34,994 - isca - DEBUG - Integration completed through 21034 days     0 seconds
2025-06-13 13:55:15,089 - isca - DEBUG - Integration completed through 21035 days     0 seconds
2025-06-13 13:55:55,241 - isca - DEBUG - Integration completed through 21036 days     0 seconds
2025-06-13 13:56:35,210 - isca - DEBUG - Integration completed through 21037 days     0 seconds
2025-06-13 13:57:15,222 - isca - DEBUG - Integration completed through 21038 days     0 seconds
2025-06-13 13:57:55,313 - isca - DEBUG - Integration completed through 21039 days     0 seconds
2025-06-13 13:58:35,564 - isca - DEBUG - Integration completed through 21040 days     0 seconds
2025-06-13 13:59:15,930 - isca - DEBUG - Integration completed through 21041 days     0 seconds
2025-06-13 13:59:56,363 - isca - DEBUG - Integration completed through 21042 days     0 seconds
2025-06-13 14:00:36,353 - isca - DEBUG - Integration completed through 21043 days     0 seconds
2025-06-13 14:01:16,320 - isca - DEBUG - Integration completed through 21044 days     0 seconds
2025-06-13 14:01:56,224 - isca - DEBUG - Integration completed through 21045 days     0 seconds
2025-06-13 14:02:35,947 - isca - DEBUG - Integration completed through 21046 days     0 seconds
2025-06-13 14:03:15,666 - isca - DEBUG - Integration completed through 21047 days     0 seconds
2025-06-13 14:03:55,848 - isca - DEBUG - Integration completed through 21048 days     0 seconds
2025-06-13 14:04:35,663 - isca - DEBUG - Integration completed through 21049 days     0 seconds
2025-06-13 14:05:15,503 - isca - DEBUG - Integration completed through 21050 days     0 seconds
2025-06-13 14:05:55,360 - isca - DEBUG - Integration completed through 21051 days     0 seconds
2025-06-13 14:06:35,359 - isca - DEBUG - Integration completed through 21052 days     0 seconds
2025-06-13 14:07:15,286 - isca - DEBUG - Integration completed through 21053 days     0 seconds
2025-06-13 14:07:55,463 - isca - DEBUG - Integration completed through 21054 days     0 seconds
2025-06-13 14:08:35,641 - isca - DEBUG - Integration completed through 21055 days     0 seconds
2025-06-13 14:09:15,691 - isca - DEBUG - Integration completed through 21056 days     0 seconds
2025-06-13 14:09:55,648 - isca - DEBUG - Integration completed through 21057 days     0 seconds
2025-06-13 14:10:35,575 - isca - DEBUG - Integration completed through 21058 days     0 seconds
2025-06-13 14:11:15,589 - isca - DEBUG - Integration completed through 21059 days     0 seconds
2025-06-13 14:11:55,511 - isca - DEBUG - Integration completed through 21060 days     0 seconds
2025-06-13 14:11:55,569 - isca - DEBUG - 
2025-06-13 14:11:55,569 - isca - WARNING - WARNING from PE    0: diag_util_mod::opening_file: module/field_name (socrates/soc_toa_sw_down_clr) NOT registered
2025-06-13 14:11:55,569 - isca - DEBUG - 
2025-06-13 14:11:55,569 - isca - DEBUG - 
2025-06-13 14:11:55,569 - isca - WARNING - WARNING from PE    0: diag_util_mod::opening_file: module/field_name (socrates/soc_toa_sw_down_clr) NOT registered
2025-06-13 14:11:55,569 - isca - DEBUG - 
2025-06-13 14:11:55,570 - isca - DEBUG - 
2025-06-13 14:11:55,570 - isca - WARNING - WARNING from PE    0: diag_util_mod::opening_file: module/field_name (cloud_simple/rh_min) NOT registered
2025-06-13 14:11:55,570 - isca - DEBUG - 
2025-06-13 14:11:55,570 - isca - DEBUG - 
2025-06-13 14:11:55,570 - isca - WARNING - WARNING from PE    0: diag_util_mod::opening_file: module/field_name (cloud_simple/rh_min) NOT registered
2025-06-13 14:11:55,570 - isca - DEBUG - 
2025-06-13 14:11:55,579 - isca - DEBUG - NOTE from PE    0: MPP_IO_SET_STACK_SIZE: stack size set to     393216.
2025-06-13 14:11:55,699 - isca - DEBUG - MPP_DOMAINS_STACK high water mark=       49152
2025-06-13 14:11:55,699 - isca - DEBUG - 
2025-06-13 14:11:55,699 - isca - DEBUG - Tabulating mpp_clock statistics across     16 PEs...
2025-06-13 14:11:55,699 - isca - DEBUG - 
2025-06-13 14:11:55,700 - isca - DEBUG - tmin          tmax          tavg          tstd  tfrac grain pemin pemax
2025-06-13 14:11:55,700 - isca - DEBUG - Total runtime                      1202.733632   1202.740480   1202.737645      0.001884  1.000     0     0    15
2025-06-13 14:11:55,700 - isca - DEBUG - MPP_STACK high water mark=           0
2025-06-13 14:11:55,880 - isca - INFO - Run 702 complete
2025-06-13 14:11:56,780 - isca - DEBUG - atmos_monthly.nc combined and copied to data directory
2025-06-13 14:11:59,997 - isca - INFO - Restart archive created at /proj/bolinc/users/x_ryabo/Isca-Ryan_outputs/presentday_1540_Sun_noO3_1950/restarts/res0702.tar.gz
2025-06-13 14:12:00,008 - isca - INFO - Writing namelist to '/proj/bolinc/users/x_ryabo/Isca-Ryan_outputs/presentday_1540_Sun_noO3_1950/run0702/input.nml'
2025-06-13 14:12:00,010 - isca - INFO - Writing field_table to '/proj/bolinc/users/x_ryabo/Isca-Ryan_outputs/presentday_1540_Sun_noO3_1950/run0702/field_table'
2025-06-13 14:12:00,059 - isca - INFO - Writing diag_table to '/proj/bolinc/users/x_ryabo/Isca-Ryan_outputs/presentday_1540_Sun_noO3_1950/run0702/diag_table'
2025-06-13 14:12:00,629 - isca - INFO - Emptied run directory '/home/x_ryabo/Isca-Ryan_tmp/experiment/presentday_1540_Sun_noO3_1950/run'
2025-06-13 14:12:00,645 - isca - INFO - Emptied run directory '/home/x_ryabo/Isca-Ryan_tmp/experiment/presentday_1540_Sun_noO3_1950/run'
2025-06-13 14:12:00,852 - isca - INFO - Writing namelist to '/home/x_ryabo/Isca-Ryan_tmp/experiment/presentday_1540_Sun_noO3_1950/run/input.nml'
2025-06-13 14:12:00,854 - isca - INFO - Writing field_table to '/home/x_ryabo/Isca-Ryan_tmp/experiment/presentday_1540_Sun_noO3_1950/run/field_table'
2025-06-13 14:12:00,864 - isca - INFO - Writing diag_table to '/home/x_ryabo/Isca-Ryan_tmp/experiment/presentday_1540_Sun_noO3_1950/run/diag_table'
2025-06-13 14:12:00,876 - isca - INFO - Using restart file '/proj/bolinc/users/x_ryabo/Isca-Ryan_outputs/presentday_1540_Sun_noO3_1950/restarts/res0702.tar.gz'
2025-06-13 14:12:01,291 - isca - INFO - Restart /proj/bolinc/users/x_ryabo/Isca-Ryan_outputs/presentday_1540_Sun_noO3_1950/restarts/res0702.tar.gz extracted to /home/x_ryabo/Isca-Ryan_tmp/experiment/presentday_1540_Sun_noO3_1950/run/INPUT
2025-06-13 14:12:01,292 - isca - INFO - Beginning run 703
2025-06-13 14:12:01,302 - isca - INFO - process running as 979242
2025-06-13 14:12:01,302 - isca - DEBUG - loadmodules for Isca on NSC cluster Tetralith
2025-06-13 14:12:01,305 - isca - DEBUG - mpiifort
2025-06-13 14:12:01,410 - isca - DEBUG - The following modules were not unloaded:
2025-06-13 14:12:01,410 - isca - DEBUG - (Use "module --force purge" to unload all):
2025-06-13 14:12:01,411 - isca - DEBUG - 
2025-06-13 14:12:01,411 - isca - DEBUG - 1) hpc/.1.10.1
2025-06-13 14:12:01,505 - isca - DEBUG - ***************************************************
2025-06-13 14:12:01,505 - isca - DEBUG - You have loaded a buildenv module
2025-06-13 14:12:01,505 - isca - DEBUG - ***************************************************
2025-06-13 14:12:01,505 - isca - DEBUG - The buldenv-intel module makes available:
2025-06-13 14:12:01,505 - isca - DEBUG - - Compilers: icc, ifort, etc.
2025-06-13 14:12:01,505 - isca - DEBUG - - Mpi library with mpi-wrapped compilers: intel mpi with mpicc, mpifort, etc.
2025-06-13 14:12:01,505 - isca - DEBUG - - Numerical libraries: intel MKL
2025-06-13 14:12:01,505 - isca - DEBUG - 
2025-06-13 14:12:01,505 - isca - DEBUG - It also makes a set of dependency library modules available via
2025-06-13 14:12:01,506 - isca - DEBUG - the regular module command. Just do:
2025-06-13 14:12:01,506 - isca - DEBUG - module avail
2025-06-13 14:12:01,506 - isca - DEBUG - to see what is available.
2025-06-13 14:12:01,506 - isca - DEBUG - 
2025-06-13 14:12:01,506 - isca - DEBUG - NOTE: You shoud never load build environments inside submitted jobs.
2025-06-13 14:12:01,506 - isca - DEBUG - (with the single exception of when using supercomputer time to compile code.)
2025-06-13 14:12:01,506 - isca - DEBUG - 
2025-06-13 14:12:03,960 - isca - DEBUG - NOTE from PE    0: MPP_DOMAINS_SET_STACK_SIZE: stack size set to    32768.
2025-06-13 14:12:03,960 - isca - DEBUG - &MPP_IO_NML
2025-06-13 14:12:03,960 - isca - DEBUG - HEADER_BUFFER_VAL       =       16384,
2025-06-13 14:12:03,960 - isca - DEBUG - GLOBAL_FIELD_ON_ROOT_PE = T,
2025-06-13 14:12:03,960 - isca - DEBUG - IO_CLOCKS_ON    = F,
2025-06-13 14:12:03,960 - isca - DEBUG - SHUFFLE =           0,
2025-06-13 14:12:03,960 - isca - DEBUG - DEFLATE_LEVEL   =          -1
2025-06-13 14:12:03,960 - isca - DEBUG - /
2025-06-13 14:12:03,961 - isca - DEBUG - NOTE from PE    0: MPP_IO_SET_STACK_SIZE: stack size set to     131072.
2025-06-13 14:12:03,963 - isca - DEBUG - NOTE from PE    0: MPP_DOMAINS_SET_STACK_SIZE: stack size set to   600000.
2025-06-13 14:12:03,970 - isca - DEBUG - starting            1  OpenMP threads per MPI-task
2025-06-13 14:12:03,972 - isca - DEBUG - ATMOS MODEL DOMAIN DECOMPOSITION
2025-06-13 14:12:03,972 - isca - DEBUG - X-AXIS =  128
2025-06-13 14:12:03,972 - isca - DEBUG - Y-AXIS =    4   4   4   4   4   4   4   4   4   4   4   4   4   4   4   4
2025-06-13 14:12:04,022 - isca - DEBUG - 
2025-06-13 14:12:04,023 - isca - WARNING - WARNING from PE    3: socrates_init: dt_rad does not fit into one day an integer number of times
2025-06-13 14:12:04,023 - isca - DEBUG - 
2025-06-13 14:12:04,024 - isca - DEBUG - 
2025-06-13 14:12:04,024 - isca - DEBUG - 
2025-06-13 14:12:04,024 - isca - WARNING - WARNING from PE    6: socrates_init: dt_rad does not fit into one day an integer number of times
2025-06-13 14:12:04,024 - isca - DEBUG - 
2025-06-13 14:12:04,024 - isca - WARNING - WARNING from PE    4: socrates_init: dt_rad does not fit into one day an integer number of times
2025-06-13 14:12:04,024 - isca - DEBUG - 
2025-06-13 14:12:04,029 - isca - DEBUG - NOTE from PE    0: cloud_simple: Using SimCloud cloud scheme
2025-06-13 14:12:04,030 - isca - DEBUG - NOTE from PE    0: ls_cloud: Using linear cloud fraction diagnostic formula.
2025-06-13 14:12:04,030 - isca - DEBUG - NOTE from PE    0: cloud_cover: The cloud overlap assumption is MAXIMUM-RANDOM
2025-06-13 14:12:04,030 - isca - DEBUG - NOTE from PE    0: idealized_moist_phys: Using Frierson Quasi-Equilibrium convection scheme.
2025-06-13 14:12:04,031 - isca - DEBUG - 
2025-06-13 14:12:04,031 - isca - WARNING - WARNING from PE   14: socrates_init: dt_rad does not fit into one day an integer number of times
2025-06-13 14:12:04,031 - isca - DEBUG - 
2025-06-13 14:12:04,031 - isca - WARNING - WARNING from PE   12: socrates_init: dt_rad does not fit into one day an integer number of times
2025-06-13 14:12:04,031 - isca - DEBUG - 
2025-06-13 14:12:04,031 - isca - DEBUG - 
2025-06-13 14:12:04,031 - isca - WARNING - WARNING from PE    9: socrates_init: dt_rad does not fit into one day an integer number of times
2025-06-13 14:12:04,031 - isca - DEBUG - 
2025-06-13 14:12:04,032 - isca - DEBUG - 
2025-06-13 14:12:04,032 - isca - DEBUG - 
2025-06-13 14:12:04,032 - isca - WARNING - WARNING from PE   15: socrates_init: dt_rad does not fit into one day an integer number of times
2025-06-13 14:12:04,032 - isca - DEBUG - 
2025-06-13 14:12:04,032 - isca - DEBUG - 
2025-06-13 14:12:04,032 - isca - WARNING - WARNING from PE   13: socrates_init: dt_rad does not fit into one day an integer number of times
2025-06-13 14:12:04,032 - isca - DEBUG - 
2025-06-13 14:12:04,032 - isca - DEBUG - 
2025-06-13 14:12:04,032 - isca - WARNING - WARNING from PE   10: socrates_init: dt_rad does not fit into one day an integer number of times
2025-06-13 14:12:04,032 - isca - DEBUG - 
2025-06-13 14:12:04,032 - isca - WARNING - WARNING from PE    8: socrates_init: dt_rad does not fit into one day an integer number of times
2025-06-13 14:12:04,032 - isca - DEBUG - 
2025-06-13 14:12:04,032 - isca - DEBUG - 
2025-06-13 14:12:04,033 - isca - DEBUG - 
2025-06-13 14:12:04,034 - isca - DEBUG - 
2025-06-13 14:12:04,034 - isca - WARNING - WARNING from PE    2: socrates_init: dt_rad does not fit into one day an integer number of times
2025-06-13 14:12:04,034 - isca - DEBUG - 
2025-06-13 14:12:04,034 - isca - WARNING - WARNING from PE    1: socrates_init: dt_rad does not fit into one day an integer number of times
2025-06-13 14:12:04,034 - isca - DEBUG - 
2025-06-13 14:12:04,034 - isca - DEBUG - 
2025-06-13 14:12:04,034 - isca - WARNING - WARNING from PE   11: socrates_init: dt_rad does not fit into one day an integer number of times
2025-06-13 14:12:04,034 - isca - DEBUG - 
2025-06-13 14:12:04,034 - isca - WARNING - WARNING from PE    7: socrates_init: dt_rad does not fit into one day an integer number of times
2025-06-13 14:12:04,034 - isca - DEBUG - 
2025-06-13 14:12:04,035 - isca - DEBUG - 
2025-06-13 14:12:04,035 - isca - DEBUG - 
2025-06-13 14:12:04,035 - isca - WARNING - WARNING from PE    5: socrates_init: dt_rad does not fit into one day an integer number of times
2025-06-13 14:12:04,035 - isca - DEBUG - 
2025-06-13 14:12:04,039 - isca - DEBUG - 
2025-06-13 14:12:04,039 - isca - WARNING - WARNING from PE    0: socrates_init: dt_rad does not fit into one day an integer number of times
2025-06-13 14:12:04,039 - isca - DEBUG - 
2025-06-13 14:12:04,039 - isca - DEBUG - 
2025-06-13 14:12:04,039 - isca - WARNING - WARNING from PE    0: socrates_init: dt_rad does not fit into one day an integer number of times
2025-06-13 14:12:04,039 - isca - DEBUG - 
2025-06-13 14:12:04,039 - isca - DEBUG - 
2025-06-13 14:12:04,039 - isca - WARNING - WARNING from PE    0: socrates_init: lw_hires_spectral_filename is unset, making equal to lw_spectral_filename
2025-06-13 14:12:04,039 - isca - DEBUG - 
2025-06-13 14:12:04,039 - isca - DEBUG - 
2025-06-13 14:12:04,039 - isca - WARNING - WARNING from PE    0: socrates_init: lw_hires_spectral_filename is unset, making equal to lw_spectral_filename
2025-06-13 14:12:04,039 - isca - DEBUG - 
2025-06-13 14:12:04,039 - isca - DEBUG - 
2025-06-13 14:12:04,039 - isca - WARNING - WARNING from PE    0: socrates_init: sw_hires_spectral_filename is unset, making equal to sw_spectral_filename
2025-06-13 14:12:04,039 - isca - DEBUG - 
2025-06-13 14:12:04,039 - isca - DEBUG - 
2025-06-13 14:12:04,039 - isca - WARNING - WARNING from PE    0: socrates_init: sw_hires_spectral_filename is unset, making equal to sw_spectral_filename
2025-06-13 14:12:04,039 - isca - DEBUG - 
2025-06-13 14:12:05,102 - isca - DEBUG - NOTE from PE    0: Interpolator: Using input file with no time dimension - ozone_1990_notime_zero.nc
2025-06-13 14:12:05,102 - isca - DEBUG - Initializing src field : ozone_1990
2025-06-13 14:12:05,104 - isca - DEBUG - 
2025-06-13 14:12:05,104 - isca - DEBUG - -----------------------------------
2025-06-13 14:12:05,104 - isca - DEBUG - ____                       _
2025-06-13 14:12:05,104 - isca - DEBUG - / ___|  ___   ___ _ __ __ _| |_ ___  ___
2025-06-13 14:12:05,104 - isca - DEBUG - \___ \ / _ \ / __|  __/ _` | __/ _ \/ __|
2025-06-13 14:12:05,104 - isca - DEBUG - ___) | (_) | (__| | | (_| | ||  __/\__ \
2025-06-13 14:12:05,104 - isca - DEBUG - |____/ \___/ \___|_|  \__,_|\__\___||___/
2025-06-13 14:12:05,104 - isca - DEBUG - 
2025-06-13 14:12:05,104 - isca - DEBUG - Initialised Socrates v17.03
2025-06-13 14:12:05,104 - isca - DEBUG - Stellar constant =    1950.00000000000
2025-06-13 14:12:05,104 - isca - DEBUG - Longwave spectral file =
2025-06-13 14:12:05,104 - isca - DEBUG - /proj/bolinc/users/x_ryabo/socrates_edited_for_isca/spectral_files_for_GCMs/Sun
2025-06-13 14:12:05,104 - isca - DEBUG - /miniSuran_lw.sf WITH           16  bands
2025-06-13 14:12:05,104 - isca - DEBUG - Longwave hires spectral file =
2025-06-13 14:12:05,105 - isca - DEBUG - /proj/bolinc/users/x_ryabo/socrates_edited_for_isca/spectral_files_for_GCMs/Sun
2025-06-13 14:12:05,105 - isca - DEBUG - /miniSuran_lw.sf WITH           16  bands
2025-06-13 14:12:05,105 - isca - DEBUG - Shortwave spectral file =
2025-06-13 14:12:05,105 - isca - DEBUG - /proj/bolinc/users/x_ryabo/socrates_edited_for_isca/spectral_files_for_GCMs/Sun
2025-06-13 14:12:05,105 - isca - DEBUG - /miniSuran_sw.sf WITH           16  bands
2025-06-13 14:12:05,105 - isca - DEBUG - Shortwave hires spectral file =
2025-06-13 14:12:05,105 - isca - DEBUG - /proj/bolinc/users/x_ryabo/socrates_edited_for_isca/spectral_files_for_GCMs/Sun
2025-06-13 14:12:05,105 - isca - DEBUG - /miniSuran_sw.sf WITH           16  bands
2025-06-13 14:12:05,105 - isca - DEBUG - 
2025-06-13 14:12:05,105 - isca - DEBUG - -----------------------------------
2025-06-13 14:12:05,105 - isca - DEBUG - 
2025-06-13 14:12:44,871 - isca - DEBUG - Integration completed through 21061 days     0 seconds
2025-06-13 14:13:24,878 - isca - DEBUG - Integration completed through 21062 days     0 seconds
2025-06-13 14:14:04,525 - isca - DEBUG - Integration completed through 21063 days     0 seconds
2025-06-13 14:14:44,226 - isca - DEBUG - Integration completed through 21064 days     0 seconds
2025-06-13 14:15:24,032 - isca - DEBUG - Integration completed through 21065 days     0 seconds
2025-06-13 14:16:03,991 - isca - DEBUG - Integration completed through 21066 days     0 seconds
2025-06-13 14:16:44,034 - isca - DEBUG - Integration completed through 21067 days     0 seconds
2025-06-13 14:17:24,111 - isca - DEBUG - Integration completed through 21068 days     0 seconds
2025-06-13 14:18:04,197 - isca - DEBUG - Integration completed through 21069 days     0 seconds
2025-06-13 14:18:44,108 - isca - DEBUG - Integration completed through 21070 days     0 seconds
2025-06-13 14:19:24,102 - isca - DEBUG - Integration completed through 21071 days     0 seconds
2025-06-13 14:20:04,274 - isca - DEBUG - Integration completed through 21072 days     0 seconds
2025-06-13 14:20:44,346 - isca - DEBUG - Integration completed through 21073 days     0 seconds
2025-06-13 14:21:24,293 - isca - DEBUG - Integration completed through 21074 days     0 seconds
2025-06-13 14:22:04,397 - isca - DEBUG - Integration completed through 21075 days     0 seconds
2025-06-13 14:22:44,715 - isca - DEBUG - Integration completed through 21076 days     0 seconds
2025-06-13 14:23:24,831 - isca - DEBUG - Integration completed through 21077 days     0 seconds
2025-06-13 14:24:05,063 - isca - DEBUG - Integration completed through 21078 days     0 seconds
2025-06-13 14:24:45,373 - isca - DEBUG - Integration completed through 21079 days     0 seconds
2025-06-13 14:25:25,447 - isca - DEBUG - Integration completed through 21080 days     0 seconds
2025-06-13 14:26:05,507 - isca - DEBUG - Integration completed through 21081 days     0 seconds
2025-06-13 14:26:45,372 - isca - DEBUG - Integration completed through 21082 days     0 seconds
2025-06-13 14:27:25,577 - isca - DEBUG - Integration completed through 21083 days     0 seconds
2025-06-13 14:28:05,748 - isca - DEBUG - Integration completed through 21084 days     0 seconds
2025-06-13 14:28:46,080 - isca - DEBUG - Integration completed through 21085 days     0 seconds
2025-06-13 14:29:26,085 - isca - DEBUG - Integration completed through 21086 days     0 seconds
2025-06-13 14:30:05,944 - isca - DEBUG - Integration completed through 21087 days     0 seconds
2025-06-13 14:30:45,896 - isca - DEBUG - Integration completed through 21088 days     0 seconds
2025-06-13 14:31:25,860 - isca - DEBUG - Integration completed through 21089 days     0 seconds
2025-06-13 14:32:06,107 - isca - DEBUG - Integration completed through 21090 days     0 seconds
2025-06-13 14:32:06,113 - isca - DEBUG - 
2025-06-13 14:32:06,114 - isca - WARNING - WARNING from PE    0: diag_util_mod::opening_file: module/field_name (socrates/soc_toa_sw_down_clr) NOT registered
2025-06-13 14:32:06,114 - isca - DEBUG - 
2025-06-13 14:32:06,114 - isca - DEBUG - 
2025-06-13 14:32:06,114 - isca - WARNING - WARNING from PE    0: diag_util_mod::opening_file: module/field_name (cloud_simple/rh_min) NOT registered
2025-06-13 14:32:06,114 - isca - DEBUG - 
2025-06-13 14:32:06,114 - isca - DEBUG - 
2025-06-13 14:32:06,114 - isca - WARNING - WARNING from PE    0: diag_util_mod::opening_file: module/field_name (socrates/soc_toa_sw_down_clr) NOT registered
2025-06-13 14:32:06,114 - isca - DEBUG - 
2025-06-13 14:32:06,114 - isca - DEBUG - 
2025-06-13 14:32:06,114 - isca - WARNING - WARNING from PE    0: diag_util_mod::opening_file: module/field_name (cloud_simple/rh_min) NOT registered
2025-06-13 14:32:06,114 - isca - DEBUG - 
2025-06-13 14:32:06,124 - isca - DEBUG - NOTE from PE    0: MPP_IO_SET_STACK_SIZE: stack size set to     393216.
2025-06-13 14:32:06,220 - isca - DEBUG - MPP_DOMAINS_STACK high water mark=       49152
2025-06-13 14:32:06,220 - isca - DEBUG - 
2025-06-13 14:32:06,220 - isca - DEBUG - Tabulating mpp_clock statistics across     16 PEs...
2025-06-13 14:32:06,220 - isca - DEBUG - 
2025-06-13 14:32:06,220 - isca - DEBUG - tmin          tmax          tavg          tstd  tfrac grain pemin pemax
2025-06-13 14:32:06,221 - isca - DEBUG - Total runtime                      1202.257469   1202.264441   1202.261787      0.001817  1.000     0     0    15
2025-06-13 14:32:06,221 - isca - DEBUG - MPP_STACK high water mark=           0
2025-06-13 14:32:06,333 - isca - INFO - Run 703 complete
2025-06-13 14:32:07,206 - isca - DEBUG - atmos_monthly.nc combined and copied to data directory
2025-06-13 14:32:10,406 - isca - INFO - Restart archive created at /proj/bolinc/users/x_ryabo/Isca-Ryan_outputs/presentday_1540_Sun_noO3_1950/restarts/res0703.tar.gz
2025-06-13 14:32:10,417 - isca - INFO - Writing namelist to '/proj/bolinc/users/x_ryabo/Isca-Ryan_outputs/presentday_1540_Sun_noO3_1950/run0703/input.nml'
2025-06-13 14:32:10,419 - isca - INFO - Writing field_table to '/proj/bolinc/users/x_ryabo/Isca-Ryan_outputs/presentday_1540_Sun_noO3_1950/run0703/field_table'
2025-06-13 14:32:10,455 - isca - INFO - Writing diag_table to '/proj/bolinc/users/x_ryabo/Isca-Ryan_outputs/presentday_1540_Sun_noO3_1950/run0703/diag_table'
2025-06-13 14:32:10,736 - isca - INFO - Emptied run directory '/home/x_ryabo/Isca-Ryan_tmp/experiment/presentday_1540_Sun_noO3_1950/run'
2025-06-13 14:32:10,752 - isca - INFO - Emptied run directory '/home/x_ryabo/Isca-Ryan_tmp/experiment/presentday_1540_Sun_noO3_1950/run'
2025-06-13 14:32:10,956 - isca - INFO - Writing namelist to '/home/x_ryabo/Isca-Ryan_tmp/experiment/presentday_1540_Sun_noO3_1950/run/input.nml'
2025-06-13 14:32:10,958 - isca - INFO - Writing field_table to '/home/x_ryabo/Isca-Ryan_tmp/experiment/presentday_1540_Sun_noO3_1950/run/field_table'
2025-06-13 14:32:10,970 - isca - INFO - Writing diag_table to '/home/x_ryabo/Isca-Ryan_tmp/experiment/presentday_1540_Sun_noO3_1950/run/diag_table'
2025-06-13 14:32:10,982 - isca - INFO - Using restart file '/proj/bolinc/users/x_ryabo/Isca-Ryan_outputs/presentday_1540_Sun_noO3_1950/restarts/res0703.tar.gz'
2025-06-13 14:32:11,399 - isca - INFO - Restart /proj/bolinc/users/x_ryabo/Isca-Ryan_outputs/presentday_1540_Sun_noO3_1950/restarts/res0703.tar.gz extracted to /home/x_ryabo/Isca-Ryan_tmp/experiment/presentday_1540_Sun_noO3_1950/run/INPUT
2025-06-13 14:32:11,400 - isca - INFO - Beginning run 704
2025-06-13 14:32:11,410 - isca - INFO - process running as 980230
2025-06-13 14:32:11,410 - isca - DEBUG - loadmodules for Isca on NSC cluster Tetralith
2025-06-13 14:32:11,410 - isca - DEBUG - mpiifort
2025-06-13 14:32:11,513 - isca - DEBUG - The following modules were not unloaded:
2025-06-13 14:32:11,513 - isca - DEBUG - (Use "module --force purge" to unload all):
2025-06-13 14:32:11,513 - isca - DEBUG - 
2025-06-13 14:32:11,513 - isca - DEBUG - 1) hpc/.1.10.1
2025-06-13 14:32:11,613 - isca - DEBUG - ***************************************************
2025-06-13 14:32:11,613 - isca - DEBUG - You have loaded a buildenv module
2025-06-13 14:32:11,613 - isca - DEBUG - ***************************************************
2025-06-13 14:32:11,613 - isca - DEBUG - The buldenv-intel module makes available:
2025-06-13 14:32:11,613 - isca - DEBUG - - Compilers: icc, ifort, etc.
2025-06-13 14:32:11,613 - isca - DEBUG - - Mpi library with mpi-wrapped compilers: intel mpi with mpicc, mpifort, etc.
2025-06-13 14:32:11,613 - isca - DEBUG - - Numerical libraries: intel MKL
2025-06-13 14:32:11,613 - isca - DEBUG - 
2025-06-13 14:32:11,613 - isca - DEBUG - It also makes a set of dependency library modules available via
2025-06-13 14:32:11,613 - isca - DEBUG - the regular module command. Just do:
2025-06-13 14:32:11,613 - isca - DEBUG - module avail
2025-06-13 14:32:11,613 - isca - DEBUG - to see what is available.
2025-06-13 14:32:11,613 - isca - DEBUG - 
2025-06-13 14:32:11,613 - isca - DEBUG - NOTE: You shoud never load build environments inside submitted jobs.
2025-06-13 14:32:11,613 - isca - DEBUG - (with the single exception of when using supercomputer time to compile code.)
2025-06-13 14:32:11,613 - isca - DEBUG - 
2025-06-13 14:32:12,878 - isca - DEBUG - NOTE from PE    0: MPP_DOMAINS_SET_STACK_SIZE: stack size set to    32768.
2025-06-13 14:32:12,878 - isca - DEBUG - &MPP_IO_NML
2025-06-13 14:32:12,878 - isca - DEBUG - HEADER_BUFFER_VAL       =       16384,
2025-06-13 14:32:12,879 - isca - DEBUG - GLOBAL_FIELD_ON_ROOT_PE = T,
2025-06-13 14:32:12,879 - isca - DEBUG - IO_CLOCKS_ON    = F,
2025-06-13 14:32:12,879 - isca - DEBUG - SHUFFLE =           0,
2025-06-13 14:32:12,879 - isca - DEBUG - DEFLATE_LEVEL   =          -1
2025-06-13 14:32:12,879 - isca - DEBUG - /
2025-06-13 14:32:12,880 - isca - DEBUG - NOTE from PE    0: MPP_IO_SET_STACK_SIZE: stack size set to     131072.
2025-06-13 14:32:12,881 - isca - DEBUG - NOTE from PE    0: MPP_DOMAINS_SET_STACK_SIZE: stack size set to   600000.
2025-06-13 14:32:12,887 - isca - DEBUG - starting            1  OpenMP threads per MPI-task
2025-06-13 14:32:12,889 - isca - DEBUG - ATMOS MODEL DOMAIN DECOMPOSITION
2025-06-13 14:32:12,889 - isca - DEBUG - X-AXIS =  128
2025-06-13 14:32:12,889 - isca - DEBUG - Y-AXIS =    4   4   4   4   4   4   4   4   4   4   4   4   4   4   4   4
2025-06-13 14:32:12,941 - isca - DEBUG - 
2025-06-13 14:32:12,941 - isca - WARNING - WARNING from PE    9: socrates_init: dt_rad does not fit into one day an integer number of times
2025-06-13 14:32:12,942 - isca - DEBUG - 
2025-06-13 14:32:12,942 - isca - DEBUG - 
2025-06-13 14:32:12,942 - isca - WARNING - WARNING from PE   12: socrates_init: dt_rad does not fit into one day an integer number of times
2025-06-13 14:32:12,942 - isca - DEBUG - 
2025-06-13 14:32:12,942 - isca - DEBUG - 
2025-06-13 14:32:12,942 - isca - DEBUG - 
2025-06-13 14:32:12,942 - isca - WARNING - WARNING from PE    8: socrates_init: dt_rad does not fit into one day an integer number of times
2025-06-13 14:32:12,942 - isca - DEBUG - 
2025-06-13 14:32:12,942 - isca - DEBUG - 
2025-06-13 14:32:12,942 - isca - WARNING - WARNING from PE   14: socrates_init: dt_rad does not fit into one day an integer number of times
2025-06-13 14:32:12,942 - isca - DEBUG - 
2025-06-13 14:32:12,942 - isca - DEBUG - 
2025-06-13 14:32:12,942 - isca - WARNING - WARNING from PE   10: socrates_init: dt_rad does not fit into one day an integer number of times
2025-06-13 14:32:12,942 - isca - DEBUG - 
2025-06-13 14:32:12,942 - isca - WARNING - WARNING from PE   15: socrates_init: dt_rad does not fit into one day an integer number of times
2025-06-13 14:32:12,942 - isca - DEBUG - 
2025-06-13 14:32:12,942 - isca - DEBUG - 
2025-06-13 14:32:12,942 - isca - WARNING - WARNING from PE   13: socrates_init: dt_rad does not fit into one day an integer number of times
2025-06-13 14:32:12,942 - isca - DEBUG - 
2025-06-13 14:32:12,942 - isca - DEBUG - 
2025-06-13 14:32:12,942 - isca - WARNING - WARNING from PE   11: socrates_init: dt_rad does not fit into one day an integer number of times
2025-06-13 14:32:12,942 - isca - DEBUG - 
2025-06-13 14:32:12,942 - isca - DEBUG - NOTE from PE    0: cloud_simple: Using SimCloud cloud scheme
2025-06-13 14:32:12,944 - isca - DEBUG - NOTE from PE    0: ls_cloud: Using linear cloud fraction diagnostic formula.
2025-06-13 14:32:12,944 - isca - DEBUG - NOTE from PE    0: cloud_cover: The cloud overlap assumption is MAXIMUM-RANDOM
2025-06-13 14:32:12,944 - isca - DEBUG - NOTE from PE    0: idealized_moist_phys: Using Frierson Quasi-Equilibrium convection scheme.
2025-06-13 14:32:12,948 - isca - DEBUG - 
2025-06-13 14:32:12,948 - isca - WARNING - WARNING from PE    3: socrates_init: dt_rad does not fit into one day an integer number of times
2025-06-13 14:32:12,948 - isca - DEBUG - 
2025-06-13 14:32:12,948 - isca - DEBUG - 
2025-06-13 14:32:12,948 - isca - WARNING - WARNING from PE    7: socrates_init: dt_rad does not fit into one day an integer number of times
2025-06-13 14:32:12,948 - isca - DEBUG - 
2025-06-13 14:32:12,948 - isca - DEBUG - 
2025-06-13 14:32:12,948 - isca - WARNING - WARNING from PE    2: socrates_init: dt_rad does not fit into one day an integer number of times
2025-06-13 14:32:12,948 - isca - DEBUG - 
2025-06-13 14:32:12,948 - isca - DEBUG - 
2025-06-13 14:32:12,948 - isca - WARNING - WARNING from PE    5: socrates_init: dt_rad does not fit into one day an integer number of times
2025-06-13 14:32:12,948 - isca - DEBUG - 
2025-06-13 14:32:12,949 - isca - DEBUG - 
2025-06-13 14:32:12,949 - isca - WARNING - WARNING from PE    4: socrates_init: dt_rad does not fit into one day an integer number of times
2025-06-13 14:32:12,949 - isca - DEBUG - 
2025-06-13 14:32:12,949 - isca - DEBUG - 
2025-06-13 14:32:12,949 - isca - WARNING - WARNING from PE    1: socrates_init: dt_rad does not fit into one day an integer number of times
2025-06-13 14:32:12,949 - isca - DEBUG - 
2025-06-13 14:32:12,950 - isca - DEBUG - 
2025-06-13 14:32:12,950 - isca - WARNING - WARNING from PE    6: socrates_init: dt_rad does not fit into one day an integer number of times
2025-06-13 14:32:12,950 - isca - DEBUG - 
2025-06-13 14:32:12,952 - isca - DEBUG - 
2025-06-13 14:32:12,953 - isca - WARNING - WARNING from PE    0: socrates_init: dt_rad does not fit into one day an integer number of times
2025-06-13 14:32:12,953 - isca - DEBUG - 
2025-06-13 14:32:12,953 - isca - DEBUG - 
2025-06-13 14:32:12,953 - isca - WARNING - WARNING from PE    0: socrates_init: dt_rad does not fit into one day an integer number of times
2025-06-13 14:32:12,953 - isca - DEBUG - 
2025-06-13 14:32:12,953 - isca - DEBUG - 
2025-06-13 14:32:12,953 - isca - WARNING - WARNING from PE    0: socrates_init: lw_hires_spectral_filename is unset, making equal to lw_spectral_filename
2025-06-13 14:32:12,953 - isca - DEBUG - 
2025-06-13 14:32:12,953 - isca - DEBUG - 
2025-06-13 14:32:12,953 - isca - WARNING - WARNING from PE    0: socrates_init: lw_hires_spectral_filename is unset, making equal to lw_spectral_filename
2025-06-13 14:32:12,953 - isca - DEBUG - 
2025-06-13 14:32:12,953 - isca - DEBUG - 
2025-06-13 14:32:12,953 - isca - WARNING - WARNING from PE    0: socrates_init: sw_hires_spectral_filename is unset, making equal to sw_spectral_filename
2025-06-13 14:32:12,953 - isca - DEBUG - 
2025-06-13 14:32:12,953 - isca - DEBUG - 
2025-06-13 14:32:12,953 - isca - WARNING - WARNING from PE    0: socrates_init: sw_hires_spectral_filename is unset, making equal to sw_spectral_filename
2025-06-13 14:32:12,953 - isca - DEBUG - 
2025-06-13 14:32:14,011 - isca - DEBUG - NOTE from PE    0: Interpolator: Using input file with no time dimension - ozone_1990_notime_zero.nc
2025-06-13 14:32:14,011 - isca - DEBUG - Initializing src field : ozone_1990
2025-06-13 14:32:14,013 - isca - DEBUG - 
2025-06-13 14:32:14,013 - isca - DEBUG - -----------------------------------
2025-06-13 14:32:14,014 - isca - DEBUG - ____                       _
2025-06-13 14:32:14,014 - isca - DEBUG - / ___|  ___   ___ _ __ __ _| |_ ___  ___
2025-06-13 14:32:14,014 - isca - DEBUG - \___ \ / _ \ / __|  __/ _` | __/ _ \/ __|
2025-06-13 14:32:14,014 - isca - DEBUG - ___) | (_) | (__| | | (_| | ||  __/\__ \
2025-06-13 14:32:14,014 - isca - DEBUG - |____/ \___/ \___|_|  \__,_|\__\___||___/
2025-06-13 14:32:14,014 - isca - DEBUG - 
2025-06-13 14:32:14,014 - isca - DEBUG - Initialised Socrates v17.03
2025-06-13 14:32:14,014 - isca - DEBUG - Stellar constant =    1950.00000000000
2025-06-13 14:32:14,014 - isca - DEBUG - Longwave spectral file =
2025-06-13 14:32:14,014 - isca - DEBUG - /proj/bolinc/users/x_ryabo/socrates_edited_for_isca/spectral_files_for_GCMs/Sun
2025-06-13 14:32:14,014 - isca - DEBUG - /miniSuran_lw.sf WITH           16  bands
2025-06-13 14:32:14,014 - isca - DEBUG - Longwave hires spectral file =
2025-06-13 14:32:14,014 - isca - DEBUG - /proj/bolinc/users/x_ryabo/socrates_edited_for_isca/spectral_files_for_GCMs/Sun
2025-06-13 14:32:14,014 - isca - DEBUG - /miniSuran_lw.sf WITH           16  bands
2025-06-13 14:32:14,014 - isca - DEBUG - Shortwave spectral file =
2025-06-13 14:32:14,014 - isca - DEBUG - /proj/bolinc/users/x_ryabo/socrates_edited_for_isca/spectral_files_for_GCMs/Sun
2025-06-13 14:32:14,014 - isca - DEBUG - /miniSuran_sw.sf WITH           16  bands
2025-06-13 14:32:14,014 - isca - DEBUG - Shortwave hires spectral file =
2025-06-13 14:32:14,014 - isca - DEBUG - /proj/bolinc/users/x_ryabo/socrates_edited_for_isca/spectral_files_for_GCMs/Sun
2025-06-13 14:32:14,014 - isca - DEBUG - /miniSuran_sw.sf WITH           16  bands
2025-06-13 14:32:14,014 - isca - DEBUG - 
2025-06-13 14:32:14,014 - isca - DEBUG - -----------------------------------
2025-06-13 14:32:14,014 - isca - DEBUG - 
2025-06-13 14:32:54,321 - isca - DEBUG - Integration completed through 21091 days     0 seconds
2025-06-13 14:33:34,165 - isca - DEBUG - Integration completed through 21092 days     0 seconds
2025-06-13 14:34:13,940 - isca - DEBUG - Integration completed through 21093 days     0 seconds
2025-06-13 14:34:53,957 - isca - DEBUG - Integration completed through 21094 days     0 seconds
2025-06-13 14:35:34,013 - isca - DEBUG - Integration completed through 21095 days     0 seconds
2025-06-13 14:36:14,050 - isca - DEBUG - Integration completed through 21096 days     0 seconds
2025-06-13 14:36:54,176 - isca - DEBUG - Integration completed through 21097 days     0 seconds
2025-06-13 14:37:34,210 - isca - DEBUG - Integration completed through 21098 days     0 seconds
2025-06-13 14:38:14,286 - isca - DEBUG - Integration completed through 21099 days     0 seconds
2025-06-13 14:38:54,169 - isca - DEBUG - Integration completed through 21100 days     0 seconds
2025-06-13 14:39:34,038 - isca - DEBUG - Integration completed through 21101 days     0 seconds
2025-06-13 14:40:14,120 - isca - DEBUG - Integration completed through 21102 days     0 seconds
2025-06-13 14:40:54,193 - isca - DEBUG - Integration completed through 21103 days     0 seconds
2025-06-13 14:41:34,276 - isca - DEBUG - Integration completed through 21104 days     0 seconds
2025-06-13 14:42:14,128 - isca - DEBUG - Integration completed through 21105 days     0 seconds
2025-06-13 14:42:54,124 - isca - DEBUG - Integration completed through 21106 days     0 seconds
2025-06-13 14:43:34,045 - isca - DEBUG - Integration completed through 21107 days     0 seconds
2025-06-13 14:44:14,027 - isca - DEBUG - Integration completed through 21108 days     0 seconds
2025-06-13 14:44:54,020 - isca - DEBUG - Integration completed through 21109 days     0 seconds
2025-06-13 14:45:34,421 - isca - DEBUG - Integration completed through 21110 days     0 seconds
2025-06-13 14:46:14,575 - isca - DEBUG - Integration completed through 21111 days     0 seconds
2025-06-13 14:46:54,870 - isca - DEBUG - Integration completed through 21112 days     0 seconds
2025-06-13 14:47:35,007 - isca - DEBUG - Integration completed through 21113 days     0 seconds
2025-06-13 14:48:15,154 - isca - DEBUG - Integration completed through 21114 days     0 seconds
2025-06-13 14:48:55,484 - isca - DEBUG - Integration completed through 21115 days     0 seconds
2025-06-13 14:49:35,957 - isca - DEBUG - Integration completed through 21116 days     0 seconds
2025-06-13 14:50:16,346 - isca - DEBUG - Integration completed through 21117 days     0 seconds
2025-06-13 14:50:56,767 - isca - DEBUG - Integration completed through 21118 days     0 seconds
2025-06-13 14:51:36,972 - isca - DEBUG - Integration completed through 21119 days     0 seconds
2025-06-13 14:52:17,284 - isca - DEBUG - Integration completed through 21120 days     0 seconds
2025-06-13 14:52:17,291 - isca - DEBUG - 
2025-06-13 14:52:17,291 - isca - WARNING - WARNING from PE    0: diag_util_mod::opening_file: module/field_name (socrates/soc_toa_sw_down_clr) NOT registered
2025-06-13 14:52:17,291 - isca - DEBUG - 
2025-06-13 14:52:17,291 - isca - DEBUG - 
2025-06-13 14:52:17,291 - isca - WARNING - WARNING from PE    0: diag_util_mod::opening_file: module/field_name (cloud_simple/rh_min) NOT registered
2025-06-13 14:52:17,291 - isca - DEBUG - 
2025-06-13 14:52:17,291 - isca - DEBUG - 
2025-06-13 14:52:17,291 - isca - WARNING - WARNING from PE    0: diag_util_mod::opening_file: module/field_name (socrates/soc_toa_sw_down_clr) NOT registered
2025-06-13 14:52:17,292 - isca - DEBUG - 
2025-06-13 14:52:17,292 - isca - DEBUG - 
2025-06-13 14:52:17,292 - isca - WARNING - WARNING from PE    0: diag_util_mod::opening_file: module/field_name (cloud_simple/rh_min) NOT registered
2025-06-13 14:52:17,292 - isca - DEBUG - 
2025-06-13 14:52:17,301 - isca - DEBUG - NOTE from PE    0: MPP_IO_SET_STACK_SIZE: stack size set to     393216.
2025-06-13 14:52:17,481 - isca - DEBUG - MPP_DOMAINS_STACK high water mark=       49152
2025-06-13 14:52:17,481 - isca - DEBUG - 
2025-06-13 14:52:17,481 - isca - DEBUG - Tabulating mpp_clock statistics across     16 PEs...
2025-06-13 14:52:17,481 - isca - DEBUG - 
2025-06-13 14:52:17,481 - isca - DEBUG - tmin          tmax          tavg          tstd  tfrac grain pemin pemax
2025-06-13 14:52:17,482 - isca - DEBUG - Total runtime                      1204.601029   1204.606528   1204.603635      0.001533  1.000     0     0    15
2025-06-13 14:52:17,482 - isca - DEBUG - MPP_STACK high water mark=           0
2025-06-13 14:52:17,652 - isca - INFO - Run 704 complete
2025-06-13 14:52:18,521 - isca - DEBUG - atmos_monthly.nc combined and copied to data directory
2025-06-13 14:52:21,718 - isca - INFO - Restart archive created at /proj/bolinc/users/x_ryabo/Isca-Ryan_outputs/presentday_1540_Sun_noO3_1950/restarts/res0704.tar.gz
2025-06-13 14:52:21,729 - isca - INFO - Writing namelist to '/proj/bolinc/users/x_ryabo/Isca-Ryan_outputs/presentday_1540_Sun_noO3_1950/run0704/input.nml'
2025-06-13 14:52:21,731 - isca - INFO - Writing field_table to '/proj/bolinc/users/x_ryabo/Isca-Ryan_outputs/presentday_1540_Sun_noO3_1950/run0704/field_table'
2025-06-13 14:52:21,748 - isca - INFO - Writing diag_table to '/proj/bolinc/users/x_ryabo/Isca-Ryan_outputs/presentday_1540_Sun_noO3_1950/run0704/diag_table'
2025-06-13 14:52:22,032 - isca - INFO - Emptied run directory '/home/x_ryabo/Isca-Ryan_tmp/experiment/presentday_1540_Sun_noO3_1950/run'
2025-06-13 14:52:22,049 - isca - INFO - Emptied run directory '/home/x_ryabo/Isca-Ryan_tmp/experiment/presentday_1540_Sun_noO3_1950/run'
2025-06-13 14:52:22,258 - isca - INFO - Writing namelist to '/home/x_ryabo/Isca-Ryan_tmp/experiment/presentday_1540_Sun_noO3_1950/run/input.nml'
2025-06-13 14:52:22,260 - isca - INFO - Writing field_table to '/home/x_ryabo/Isca-Ryan_tmp/experiment/presentday_1540_Sun_noO3_1950/run/field_table'
2025-06-13 14:52:22,270 - isca - INFO - Writing diag_table to '/home/x_ryabo/Isca-Ryan_tmp/experiment/presentday_1540_Sun_noO3_1950/run/diag_table'
2025-06-13 14:52:22,295 - isca - INFO - Using restart file '/proj/bolinc/users/x_ryabo/Isca-Ryan_outputs/presentday_1540_Sun_noO3_1950/restarts/res0704.tar.gz'
2025-06-13 14:52:22,712 - isca - INFO - Restart /proj/bolinc/users/x_ryabo/Isca-Ryan_outputs/presentday_1540_Sun_noO3_1950/restarts/res0704.tar.gz extracted to /home/x_ryabo/Isca-Ryan_tmp/experiment/presentday_1540_Sun_noO3_1950/run/INPUT
2025-06-13 14:52:22,713 - isca - INFO - Beginning run 705
2025-06-13 14:52:22,728 - isca - INFO - process running as 981199
2025-06-13 14:52:22,728 - isca - DEBUG - loadmodules for Isca on NSC cluster Tetralith
2025-06-13 14:52:22,728 - isca - DEBUG - mpiifort
2025-06-13 14:52:22,823 - isca - DEBUG - The following modules were not unloaded:
2025-06-13 14:52:22,824 - isca - DEBUG - (Use "module --force purge" to unload all):
2025-06-13 14:52:22,824 - isca - DEBUG - 
2025-06-13 14:52:22,824 - isca - DEBUG - 1) hpc/.1.10.1
2025-06-13 14:52:22,922 - isca - DEBUG - ***************************************************
2025-06-13 14:52:22,922 - isca - DEBUG - You have loaded a buildenv module
2025-06-13 14:52:22,922 - isca - DEBUG - ***************************************************
2025-06-13 14:52:22,922 - isca - DEBUG - The buldenv-intel module makes available:
2025-06-13 14:52:22,922 - isca - DEBUG - - Compilers: icc, ifort, etc.
2025-06-13 14:52:22,922 - isca - DEBUG - - Mpi library with mpi-wrapped compilers: intel mpi with mpicc, mpifort, etc.
2025-06-13 14:52:22,922 - isca - DEBUG - - Numerical libraries: intel MKL
2025-06-13 14:52:22,922 - isca - DEBUG - 
2025-06-13 14:52:22,922 - isca - DEBUG - It also makes a set of dependency library modules available via
2025-06-13 14:52:22,922 - isca - DEBUG - the regular module command. Just do:
2025-06-13 14:52:22,922 - isca - DEBUG - module avail
2025-06-13 14:52:22,922 - isca - DEBUG - to see what is available.
2025-06-13 14:52:22,922 - isca - DEBUG - 
2025-06-13 14:52:22,922 - isca - DEBUG - NOTE: You shoud never load build environments inside submitted jobs.
2025-06-13 14:52:22,922 - isca - DEBUG - (with the single exception of when using supercomputer time to compile code.)
2025-06-13 14:52:22,922 - isca - DEBUG - 
2025-06-13 14:52:24,138 - isca - DEBUG - NOTE from PE    0: MPP_DOMAINS_SET_STACK_SIZE: stack size set to    32768.
2025-06-13 14:52:24,139 - isca - DEBUG - &MPP_IO_NML
2025-06-13 14:52:24,139 - isca - DEBUG - HEADER_BUFFER_VAL       =       16384,
2025-06-13 14:52:24,139 - isca - DEBUG - GLOBAL_FIELD_ON_ROOT_PE = T,
2025-06-13 14:52:24,139 - isca - DEBUG - IO_CLOCKS_ON    = F,
2025-06-13 14:52:24,139 - isca - DEBUG - SHUFFLE =           0,
2025-06-13 14:52:24,139 - isca - DEBUG - DEFLATE_LEVEL   =          -1
2025-06-13 14:52:24,139 - isca - DEBUG - /
2025-06-13 14:52:24,140 - isca - DEBUG - NOTE from PE    0: MPP_IO_SET_STACK_SIZE: stack size set to     131072.
2025-06-13 14:52:24,141 - isca - DEBUG - NOTE from PE    0: MPP_DOMAINS_SET_STACK_SIZE: stack size set to   600000.
2025-06-13 14:52:24,148 - isca - DEBUG - starting            1  OpenMP threads per MPI-task
2025-06-13 14:52:24,150 - isca - DEBUG - ATMOS MODEL DOMAIN DECOMPOSITION
2025-06-13 14:52:24,150 - isca - DEBUG - X-AXIS =  128
2025-06-13 14:52:24,150 - isca - DEBUG - Y-AXIS =    4   4   4   4   4   4   4   4   4   4   4   4   4   4   4   4
2025-06-13 14:52:24,200 - isca - DEBUG - 
2025-06-13 14:52:24,201 - isca - WARNING - WARNING from PE   15: socrates_init: dt_rad does not fit into one day an integer number of times
2025-06-13 14:52:24,201 - isca - DEBUG - 
2025-06-13 14:52:24,201 - isca - DEBUG - 
2025-06-13 14:52:24,201 - isca - DEBUG - 
2025-06-13 14:52:24,201 - isca - WARNING - WARNING from PE   14: socrates_init: dt_rad does not fit into one day an integer number of times
2025-06-13 14:52:24,201 - isca - DEBUG - 
2025-06-13 14:52:24,201 - isca - DEBUG - 
2025-06-13 14:52:24,201 - isca - WARNING - WARNING from PE   11: socrates_init: dt_rad does not fit into one day an integer number of times
2025-06-13 14:52:24,201 - isca - DEBUG - 
2025-06-13 14:52:24,201 - isca - WARNING - WARNING from PE    9: socrates_init: dt_rad does not fit into one day an integer number of times
2025-06-13 14:52:24,201 - isca - DEBUG - 
2025-06-13 14:52:24,201 - isca - DEBUG - 
2025-06-13 14:52:24,201 - isca - WARNING - WARNING from PE    8: socrates_init: dt_rad does not fit into one day an integer number of times
2025-06-13 14:52:24,201 - isca - DEBUG - 
2025-06-13 14:52:24,201 - isca - DEBUG - 
2025-06-13 14:52:24,202 - isca - WARNING - WARNING from PE   10: socrates_init: dt_rad does not fit into one day an integer number of times
2025-06-13 14:52:24,202 - isca - DEBUG - 
2025-06-13 14:52:24,202 - isca - DEBUG - 
2025-06-13 14:52:24,202 - isca - WARNING - WARNING from PE   12: socrates_init: dt_rad does not fit into one day an integer number of times
2025-06-13 14:52:24,202 - isca - DEBUG - 
2025-06-13 14:52:24,203 - isca - DEBUG - 
2025-06-13 14:52:24,203 - isca - WARNING - WARNING from PE   13: socrates_init: dt_rad does not fit into one day an integer number of times
2025-06-13 14:52:24,203 - isca - DEBUG - 
2025-06-13 14:52:24,204 - isca - DEBUG - NOTE from PE    0: cloud_simple: Using SimCloud cloud scheme
2025-06-13 14:52:24,205 - isca - DEBUG - NOTE from PE    0: ls_cloud: Using linear cloud fraction diagnostic formula.
2025-06-13 14:52:24,205 - isca - DEBUG - NOTE from PE    0: cloud_cover: The cloud overlap assumption is MAXIMUM-RANDOM
2025-06-13 14:52:24,205 - isca - DEBUG - NOTE from PE    0: idealized_moist_phys: Using Frierson Quasi-Equilibrium convection scheme.
2025-06-13 14:52:24,209 - isca - DEBUG - 
2025-06-13 14:52:24,209 - isca - DEBUG - 
2025-06-13 14:52:24,209 - isca - WARNING - WARNING from PE    3: socrates_init: dt_rad does not fit into one day an integer number of times
2025-06-13 14:52:24,209 - isca - DEBUG - 
2025-06-13 14:52:24,209 - isca - WARNING - WARNING from PE    5: socrates_init: dt_rad does not fit into one day an integer number of times
2025-06-13 14:52:24,209 - isca - DEBUG - 
2025-06-13 14:52:24,209 - isca - DEBUG - 
2025-06-13 14:52:24,209 - isca - WARNING - WARNING from PE    4: socrates_init: dt_rad does not fit into one day an integer number of times
2025-06-13 14:52:24,209 - isca - DEBUG - 
2025-06-13 14:52:24,210 - isca - DEBUG - 
2025-06-13 14:52:24,210 - isca - WARNING - WARNING from PE    7: socrates_init: dt_rad does not fit into one day an integer number of times
2025-06-13 14:52:24,210 - isca - DEBUG - 
2025-06-13 14:52:24,210 - isca - DEBUG - 
2025-06-13 14:52:24,210 - isca - WARNING - WARNING from PE    2: socrates_init: dt_rad does not fit into one day an integer number of times
2025-06-13 14:52:24,210 - isca - DEBUG - 
2025-06-13 14:52:24,210 - isca - DEBUG - 
2025-06-13 14:52:24,210 - isca - DEBUG - 
2025-06-13 14:52:24,210 - isca - WARNING - WARNING from PE    1: socrates_init: dt_rad does not fit into one day an integer number of times
2025-06-13 14:52:24,210 - isca - DEBUG - 
2025-06-13 14:52:24,210 - isca - WARNING - WARNING from PE    6: socrates_init: dt_rad does not fit into one day an integer number of times
2025-06-13 14:52:24,210 - isca - DEBUG - 
2025-06-13 14:52:24,214 - isca - DEBUG - 
2025-06-13 14:52:24,215 - isca - WARNING - WARNING from PE    0: socrates_init: dt_rad does not fit into one day an integer number of times
2025-06-13 14:52:24,215 - isca - DEBUG - 
2025-06-13 14:52:24,215 - isca - DEBUG - 
2025-06-13 14:52:24,215 - isca - WARNING - WARNING from PE    0: socrates_init: dt_rad does not fit into one day an integer number of times
2025-06-13 14:52:24,215 - isca - DEBUG - 
2025-06-13 14:52:24,215 - isca - DEBUG - 
2025-06-13 14:52:24,215 - isca - WARNING - WARNING from PE    0: socrates_init: lw_hires_spectral_filename is unset, making equal to lw_spectral_filename
2025-06-13 14:52:24,215 - isca - DEBUG - 
2025-06-13 14:52:24,215 - isca - DEBUG - 
2025-06-13 14:52:24,215 - isca - WARNING - WARNING from PE    0: socrates_init: lw_hires_spectral_filename is unset, making equal to lw_spectral_filename
2025-06-13 14:52:24,215 - isca - DEBUG - 
2025-06-13 14:52:24,215 - isca - DEBUG - 
2025-06-13 14:52:24,215 - isca - WARNING - WARNING from PE    0: socrates_init: sw_hires_spectral_filename is unset, making equal to sw_spectral_filename
2025-06-13 14:52:24,215 - isca - DEBUG - 
2025-06-13 14:52:24,215 - isca - DEBUG - 
2025-06-13 14:52:24,215 - isca - WARNING - WARNING from PE    0: socrates_init: sw_hires_spectral_filename is unset, making equal to sw_spectral_filename
2025-06-13 14:52:24,215 - isca - DEBUG - 
2025-06-13 14:52:25,268 - isca - DEBUG - NOTE from PE    0: Interpolator: Using input file with no time dimension - ozone_1990_notime_zero.nc
2025-06-13 14:52:25,268 - isca - DEBUG - Initializing src field : ozone_1990
2025-06-13 14:52:25,270 - isca - DEBUG - 
2025-06-13 14:52:25,270 - isca - DEBUG - -----------------------------------
2025-06-13 14:52:25,270 - isca - DEBUG - ____                       _
2025-06-13 14:52:25,270 - isca - DEBUG - / ___|  ___   ___ _ __ __ _| |_ ___  ___
2025-06-13 14:52:25,270 - isca - DEBUG - \___ \ / _ \ / __|  __/ _` | __/ _ \/ __|
2025-06-13 14:52:25,271 - isca - DEBUG - ___) | (_) | (__| | | (_| | ||  __/\__ \
2025-06-13 14:52:25,271 - isca - DEBUG - |____/ \___/ \___|_|  \__,_|\__\___||___/
2025-06-13 14:52:25,271 - isca - DEBUG - 
2025-06-13 14:52:25,271 - isca - DEBUG - Initialised Socrates v17.03
2025-06-13 14:52:25,271 - isca - DEBUG - Stellar constant =    1950.00000000000
2025-06-13 14:52:25,271 - isca - DEBUG - Longwave spectral file =
2025-06-13 14:52:25,271 - isca - DEBUG - /proj/bolinc/users/x_ryabo/socrates_edited_for_isca/spectral_files_for_GCMs/Sun
2025-06-13 14:52:25,271 - isca - DEBUG - /miniSuran_lw.sf WITH           16  bands
2025-06-13 14:52:25,271 - isca - DEBUG - Longwave hires spectral file =
2025-06-13 14:52:25,271 - isca - DEBUG - /proj/bolinc/users/x_ryabo/socrates_edited_for_isca/spectral_files_for_GCMs/Sun
2025-06-13 14:52:25,271 - isca - DEBUG - /miniSuran_lw.sf WITH           16  bands
2025-06-13 14:52:25,271 - isca - DEBUG - Shortwave spectral file =
2025-06-13 14:52:25,271 - isca - DEBUG - /proj/bolinc/users/x_ryabo/socrates_edited_for_isca/spectral_files_for_GCMs/Sun
2025-06-13 14:52:25,271 - isca - DEBUG - /miniSuran_sw.sf WITH           16  bands
2025-06-13 14:52:25,271 - isca - DEBUG - Shortwave hires spectral file =
2025-06-13 14:52:25,271 - isca - DEBUG - /proj/bolinc/users/x_ryabo/socrates_edited_for_isca/spectral_files_for_GCMs/Sun
2025-06-13 14:52:25,271 - isca - DEBUG - /miniSuran_sw.sf WITH           16  bands
2025-06-13 14:52:25,271 - isca - DEBUG - 
2025-06-13 14:52:25,271 - isca - DEBUG - -----------------------------------
2025-06-13 14:52:25,271 - isca - DEBUG - 
2025-06-13 14:53:06,099 - isca - DEBUG - Integration completed through 21121 days     0 seconds
2025-06-13 14:53:46,918 - isca - DEBUG - Integration completed through 21122 days     0 seconds
2025-06-13 14:54:27,735 - isca - DEBUG - Integration completed through 21123 days     0 seconds
2025-06-13 14:55:08,896 - isca - DEBUG - Integration completed through 21124 days     0 seconds
2025-06-13 14:55:49,663 - isca - DEBUG - Integration completed through 21125 days     0 seconds
2025-06-13 14:56:30,189 - isca - DEBUG - Integration completed through 21126 days     0 seconds
2025-06-13 14:57:10,760 - isca - DEBUG - Integration completed through 21127 days     0 seconds
2025-06-13 14:57:51,423 - isca - DEBUG - Integration completed through 21128 days     0 seconds
2025-06-13 14:58:32,404 - isca - DEBUG - Integration completed through 21129 days     0 seconds
2025-06-13 14:59:13,258 - isca - DEBUG - Integration completed through 21130 days     0 seconds
2025-06-13 14:59:53,945 - isca - DEBUG - Integration completed through 21131 days     0 seconds
2025-06-13 15:00:34,629 - isca - DEBUG - Integration completed through 21132 days     0 seconds
2025-06-13 15:01:15,462 - isca - DEBUG - Integration completed through 21133 days     0 seconds
2025-06-13 15:01:56,397 - isca - DEBUG - Integration completed through 21134 days     0 seconds
2025-06-13 15:02:37,328 - isca - DEBUG - Integration completed through 21135 days     0 seconds
2025-06-13 15:03:17,941 - isca - DEBUG - Integration completed through 21136 days     0 seconds
2025-06-13 15:03:58,765 - isca - DEBUG - Integration completed through 21137 days     0 seconds
2025-06-13 15:04:39,551 - isca - DEBUG - Integration completed through 21138 days     0 seconds
2025-06-13 15:05:20,465 - isca - DEBUG - Integration completed through 21139 days     0 seconds
2025-06-13 15:06:01,146 - isca - DEBUG - Integration completed through 21140 days     0 seconds
2025-06-13 15:06:42,307 - isca - DEBUG - Integration completed through 21141 days     0 seconds
2025-06-13 15:07:23,583 - isca - DEBUG - Integration completed through 21142 days     0 seconds
2025-06-13 15:08:04,589 - isca - DEBUG - Integration completed through 21143 days     0 seconds
2025-06-13 15:08:45,906 - isca - DEBUG - Integration completed through 21144 days     0 seconds
2025-06-13 15:09:26,886 - isca - DEBUG - Integration completed through 21145 days     0 seconds
2025-06-13 15:10:07,963 - isca - DEBUG - Integration completed through 21146 days     0 seconds
2025-06-13 15:10:48,880 - isca - DEBUG - Integration completed through 21147 days     0 seconds
2025-06-13 15:11:29,892 - isca - DEBUG - Integration completed through 21148 days     0 seconds
2025-06-13 15:12:11,124 - isca - DEBUG - Integration completed through 21149 days     0 seconds
2025-06-13 15:12:52,292 - isca - DEBUG - Integration completed through 21150 days     0 seconds
2025-06-13 15:12:52,356 - isca - DEBUG - 
2025-06-13 15:12:52,356 - isca - WARNING - WARNING from PE    0: diag_util_mod::opening_file: module/field_name (socrates/soc_toa_sw_down_clr) NOT registered
2025-06-13 15:12:52,356 - isca - DEBUG - 
2025-06-13 15:12:52,356 - isca - DEBUG - 
2025-06-13 15:12:52,356 - isca - WARNING - WARNING from PE    0: diag_util_mod::opening_file: module/field_name (cloud_simple/rh_min) NOT registered
2025-06-13 15:12:52,356 - isca - DEBUG - 
2025-06-13 15:12:52,356 - isca - DEBUG - 
2025-06-13 15:12:52,356 - isca - WARNING - WARNING from PE    0: diag_util_mod::opening_file: module/field_name (socrates/soc_toa_sw_down_clr) NOT registered
2025-06-13 15:12:52,356 - isca - DEBUG - 
2025-06-13 15:12:52,356 - isca - DEBUG - 
2025-06-13 15:12:52,356 - isca - WARNING - WARNING from PE    0: diag_util_mod::opening_file: module/field_name (cloud_simple/rh_min) NOT registered
2025-06-13 15:12:52,356 - isca - DEBUG - 
2025-06-13 15:12:52,366 - isca - DEBUG - NOTE from PE    0: MPP_IO_SET_STACK_SIZE: stack size set to     393216.
2025-06-13 15:12:52,459 - isca - DEBUG - MPP_DOMAINS_STACK high water mark=       49152
2025-06-13 15:12:52,459 - isca - DEBUG - 
2025-06-13 15:12:52,459 - isca - DEBUG - Tabulating mpp_clock statistics across     16 PEs...
2025-06-13 15:12:52,459 - isca - DEBUG - 
2025-06-13 15:12:52,459 - isca - DEBUG - tmin          tmax          tavg          tstd  tfrac grain pemin pemax
2025-06-13 15:12:52,459 - isca - DEBUG - Total runtime                      1228.317826   1228.324098   1228.320305      0.001893  1.000     0     0    15
2025-06-13 15:12:52,460 - isca - DEBUG - MPP_STACK high water mark=           0
2025-06-13 15:12:52,573 - isca - INFO - Run 705 complete
2025-06-13 15:12:53,443 - isca - DEBUG - atmos_monthly.nc combined and copied to data directory
2025-06-13 15:12:56,670 - isca - INFO - Restart archive created at /proj/bolinc/users/x_ryabo/Isca-Ryan_outputs/presentday_1540_Sun_noO3_1950/restarts/res0705.tar.gz
2025-06-13 15:12:56,680 - isca - INFO - Writing namelist to '/proj/bolinc/users/x_ryabo/Isca-Ryan_outputs/presentday_1540_Sun_noO3_1950/run0705/input.nml'
2025-06-13 15:12:56,682 - isca - INFO - Writing field_table to '/proj/bolinc/users/x_ryabo/Isca-Ryan_outputs/presentday_1540_Sun_noO3_1950/run0705/field_table'
2025-06-13 15:12:56,691 - isca - INFO - Writing diag_table to '/proj/bolinc/users/x_ryabo/Isca-Ryan_outputs/presentday_1540_Sun_noO3_1950/run0705/diag_table'
2025-06-13 15:12:56,998 - isca - INFO - Emptied run directory '/home/x_ryabo/Isca-Ryan_tmp/experiment/presentday_1540_Sun_noO3_1950/run'
2025-06-13 15:12:57,013 - isca - INFO - Emptied run directory '/home/x_ryabo/Isca-Ryan_tmp/experiment/presentday_1540_Sun_noO3_1950/run'
2025-06-13 15:12:57,219 - isca - INFO - Writing namelist to '/home/x_ryabo/Isca-Ryan_tmp/experiment/presentday_1540_Sun_noO3_1950/run/input.nml'
2025-06-13 15:12:57,221 - isca - INFO - Writing field_table to '/home/x_ryabo/Isca-Ryan_tmp/experiment/presentday_1540_Sun_noO3_1950/run/field_table'
2025-06-13 15:12:57,231 - isca - INFO - Writing diag_table to '/home/x_ryabo/Isca-Ryan_tmp/experiment/presentday_1540_Sun_noO3_1950/run/diag_table'
2025-06-13 15:12:57,243 - isca - INFO - Using restart file '/proj/bolinc/users/x_ryabo/Isca-Ryan_outputs/presentday_1540_Sun_noO3_1950/restarts/res0705.tar.gz'
2025-06-13 15:12:57,658 - isca - INFO - Restart /proj/bolinc/users/x_ryabo/Isca-Ryan_outputs/presentday_1540_Sun_noO3_1950/restarts/res0705.tar.gz extracted to /home/x_ryabo/Isca-Ryan_tmp/experiment/presentday_1540_Sun_noO3_1950/run/INPUT
2025-06-13 15:12:57,659 - isca - INFO - Beginning run 706
2025-06-13 15:12:57,669 - isca - INFO - process running as 982304
2025-06-13 15:12:57,669 - isca - DEBUG - loadmodules for Isca on NSC cluster Tetralith
2025-06-13 15:12:57,669 - isca - DEBUG - mpiifort
2025-06-13 15:12:57,770 - isca - DEBUG - The following modules were not unloaded:
2025-06-13 15:12:57,770 - isca - DEBUG - (Use "module --force purge" to unload all):
2025-06-13 15:12:57,770 - isca - DEBUG - 
2025-06-13 15:12:57,771 - isca - DEBUG - 1) hpc/.1.10.1
2025-06-13 15:12:57,868 - isca - DEBUG - ***************************************************
2025-06-13 15:12:57,868 - isca - DEBUG - You have loaded a buildenv module
2025-06-13 15:12:57,868 - isca - DEBUG - ***************************************************
2025-06-13 15:12:57,868 - isca - DEBUG - The buldenv-intel module makes available:
2025-06-13 15:12:57,868 - isca - DEBUG - - Compilers: icc, ifort, etc.
2025-06-13 15:12:57,868 - isca - DEBUG - - Mpi library with mpi-wrapped compilers: intel mpi with mpicc, mpifort, etc.
2025-06-13 15:12:57,868 - isca - DEBUG - - Numerical libraries: intel MKL
2025-06-13 15:12:57,868 - isca - DEBUG - 
2025-06-13 15:12:57,868 - isca - DEBUG - It also makes a set of dependency library modules available via
2025-06-13 15:12:57,868 - isca - DEBUG - the regular module command. Just do:
2025-06-13 15:12:57,868 - isca - DEBUG - module avail
2025-06-13 15:12:57,868 - isca - DEBUG - to see what is available.
2025-06-13 15:12:57,868 - isca - DEBUG - 
2025-06-13 15:12:57,868 - isca - DEBUG - NOTE: You shoud never load build environments inside submitted jobs.
2025-06-13 15:12:57,868 - isca - DEBUG - (with the single exception of when using supercomputer time to compile code.)
2025-06-13 15:12:57,868 - isca - DEBUG - 
2025-06-13 15:13:00,103 - isca - DEBUG - NOTE from PE    0: MPP_DOMAINS_SET_STACK_SIZE: stack size set to    32768.
2025-06-13 15:13:00,103 - isca - DEBUG - &MPP_IO_NML
2025-06-13 15:13:00,103 - isca - DEBUG - HEADER_BUFFER_VAL       =       16384,
2025-06-13 15:13:00,103 - isca - DEBUG - GLOBAL_FIELD_ON_ROOT_PE = T,
2025-06-13 15:13:00,103 - isca - DEBUG - IO_CLOCKS_ON    = F,
2025-06-13 15:13:00,103 - isca - DEBUG - SHUFFLE =           0,
2025-06-13 15:13:00,103 - isca - DEBUG - DEFLATE_LEVEL   =          -1
2025-06-13 15:13:00,103 - isca - DEBUG - /
2025-06-13 15:13:00,104 - isca - DEBUG - NOTE from PE    0: MPP_IO_SET_STACK_SIZE: stack size set to     131072.
2025-06-13 15:13:00,105 - isca - DEBUG - NOTE from PE    0: MPP_DOMAINS_SET_STACK_SIZE: stack size set to   600000.
2025-06-13 15:13:00,112 - isca - DEBUG - starting            1  OpenMP threads per MPI-task
2025-06-13 15:13:00,114 - isca - DEBUG - ATMOS MODEL DOMAIN DECOMPOSITION
2025-06-13 15:13:00,114 - isca - DEBUG - X-AXIS =  128
2025-06-13 15:13:00,114 - isca - DEBUG - Y-AXIS =    4   4   4   4   4   4   4   4   4   4   4   4   4   4   4   4
2025-06-13 15:13:00,165 - isca - DEBUG - 
2025-06-13 15:13:00,165 - isca - WARNING - WARNING from PE   14: socrates_init: dt_rad does not fit into one day an integer number of times
2025-06-13 15:13:00,165 - isca - DEBUG - 
2025-06-13 15:13:00,165 - isca - DEBUG - 
2025-06-13 15:13:00,165 - isca - WARNING - WARNING from PE   10: socrates_init: dt_rad does not fit into one day an integer number of times
2025-06-13 15:13:00,165 - isca - DEBUG - 
2025-06-13 15:13:00,166 - isca - WARNING - WARNING from PE    9: socrates_init: dt_rad does not fit into one day an integer number of times
2025-06-13 15:13:00,166 - isca - DEBUG - 
2025-06-13 15:13:00,166 - isca - DEBUG - 
2025-06-13 15:13:00,166 - isca - DEBUG - 
2025-06-13 15:13:00,166 - isca - WARNING - WARNING from PE   12: socrates_init: dt_rad does not fit into one day an integer number of times
2025-06-13 15:13:00,166 - isca - DEBUG - 
2025-06-13 15:13:00,166 - isca - DEBUG - 
2025-06-13 15:13:00,166 - isca - WARNING - WARNING from PE    8: socrates_init: dt_rad does not fit into one day an integer number of times
2025-06-13 15:13:00,166 - isca - DEBUG - 
2025-06-13 15:13:00,166 - isca - DEBUG - 
2025-06-13 15:13:00,166 - isca - WARNING - WARNING from PE   15: socrates_init: dt_rad does not fit into one day an integer number of times
2025-06-13 15:13:00,166 - isca - DEBUG - 
2025-06-13 15:13:00,166 - isca - DEBUG - 
2025-06-13 15:13:00,166 - isca - WARNING - WARNING from PE   11: socrates_init: dt_rad does not fit into one day an integer number of times
2025-06-13 15:13:00,166 - isca - DEBUG - 
2025-06-13 15:13:00,166 - isca - DEBUG - 
2025-06-13 15:13:00,166 - isca - DEBUG - NOTE from PE    0: cloud_simple: Using SimCloud cloud scheme
2025-06-13 15:13:00,166 - isca - WARNING - WARNING from PE   13: socrates_init: dt_rad does not fit into one day an integer number of times
2025-06-13 15:13:00,166 - isca - DEBUG - 
2025-06-13 15:13:00,167 - isca - DEBUG - NOTE from PE    0: ls_cloud: Using linear cloud fraction diagnostic formula.
2025-06-13 15:13:00,167 - isca - DEBUG - NOTE from PE    0: cloud_cover: The cloud overlap assumption is MAXIMUM-RANDOM
2025-06-13 15:13:00,168 - isca - DEBUG - NOTE from PE    0: idealized_moist_phys: Using Frierson Quasi-Equilibrium convection scheme.
2025-06-13 15:13:00,171 - isca - DEBUG - 
2025-06-13 15:13:00,171 - isca - DEBUG - 
2025-06-13 15:13:00,171 - isca - WARNING - WARNING from PE    1: socrates_init: dt_rad does not fit into one day an integer number of times
2025-06-13 15:13:00,171 - isca - DEBUG - 
2025-06-13 15:13:00,171 - isca - WARNING - WARNING from PE    6: socrates_init: dt_rad does not fit into one day an integer number of times
2025-06-13 15:13:00,171 - isca - DEBUG - 
2025-06-13 15:13:00,171 - isca - DEBUG - 
2025-06-13 15:13:00,172 - isca - WARNING - WARNING from PE    7: socrates_init: dt_rad does not fit into one day an integer number of times
2025-06-13 15:13:00,172 - isca - DEBUG - 
2025-06-13 15:13:00,172 - isca - DEBUG - 
2025-06-13 15:13:00,172 - isca - WARNING - WARNING from PE    3: socrates_init: dt_rad does not fit into one day an integer number of times
2025-06-13 15:13:00,172 - isca - DEBUG - 
2025-06-13 15:13:00,172 - isca - DEBUG - 
2025-06-13 15:13:00,172 - isca - DEBUG - 
2025-06-13 15:13:00,172 - isca - WARNING - WARNING from PE    2: socrates_init: dt_rad does not fit into one day an integer number of times
2025-06-13 15:13:00,172 - isca - DEBUG - 
2025-06-13 15:13:00,172 - isca - WARNING - WARNING from PE    4: socrates_init: dt_rad does not fit into one day an integer number of times
2025-06-13 15:13:00,172 - isca - DEBUG - 
2025-06-13 15:13:00,172 - isca - DEBUG - 
2025-06-13 15:13:00,172 - isca - WARNING - WARNING from PE    5: socrates_init: dt_rad does not fit into one day an integer number of times
2025-06-13 15:13:00,172 - isca - DEBUG - 
2025-06-13 15:13:00,176 - isca - DEBUG - 
2025-06-13 15:13:00,177 - isca - WARNING - WARNING from PE    0: socrates_init: dt_rad does not fit into one day an integer number of times
2025-06-13 15:13:00,177 - isca - DEBUG - 
2025-06-13 15:13:00,177 - isca - DEBUG - 
2025-06-13 15:13:00,177 - isca - WARNING - WARNING from PE    0: socrates_init: dt_rad does not fit into one day an integer number of times
2025-06-13 15:13:00,177 - isca - DEBUG - 
2025-06-13 15:13:00,177 - isca - DEBUG - 
2025-06-13 15:13:00,177 - isca - WARNING - WARNING from PE    0: socrates_init: lw_hires_spectral_filename is unset, making equal to lw_spectral_filename
2025-06-13 15:13:00,177 - isca - DEBUG - 
2025-06-13 15:13:00,177 - isca - DEBUG - 
2025-06-13 15:13:00,177 - isca - WARNING - WARNING from PE    0: socrates_init: lw_hires_spectral_filename is unset, making equal to lw_spectral_filename
2025-06-13 15:13:00,177 - isca - DEBUG - 
2025-06-13 15:13:00,177 - isca - DEBUG - 
2025-06-13 15:13:00,177 - isca - WARNING - WARNING from PE    0: socrates_init: sw_hires_spectral_filename is unset, making equal to sw_spectral_filename
2025-06-13 15:13:00,177 - isca - DEBUG - 
2025-06-13 15:13:00,177 - isca - DEBUG - 
2025-06-13 15:13:00,177 - isca - WARNING - WARNING from PE    0: socrates_init: sw_hires_spectral_filename is unset, making equal to sw_spectral_filename
2025-06-13 15:13:00,177 - isca - DEBUG - 
2025-06-13 15:13:01,228 - isca - DEBUG - NOTE from PE    0: Interpolator: Using input file with no time dimension - ozone_1990_notime_zero.nc
2025-06-13 15:13:01,228 - isca - DEBUG - Initializing src field : ozone_1990
2025-06-13 15:13:01,230 - isca - DEBUG - 
2025-06-13 15:13:01,230 - isca - DEBUG - -----------------------------------
2025-06-13 15:13:01,230 - isca - DEBUG - ____                       _
2025-06-13 15:13:01,230 - isca - DEBUG - / ___|  ___   ___ _ __ __ _| |_ ___  ___
2025-06-13 15:13:01,230 - isca - DEBUG - \___ \ / _ \ / __|  __/ _` | __/ _ \/ __|
2025-06-13 15:13:01,230 - isca - DEBUG - ___) | (_) | (__| | | (_| | ||  __/\__ \
2025-06-13 15:13:01,230 - isca - DEBUG - |____/ \___/ \___|_|  \__,_|\__\___||___/
2025-06-13 15:13:01,230 - isca - DEBUG - 
2025-06-13 15:13:01,230 - isca - DEBUG - Initialised Socrates v17.03
2025-06-13 15:13:01,230 - isca - DEBUG - Stellar constant =    1950.00000000000
2025-06-13 15:13:01,230 - isca - DEBUG - Longwave spectral file =
2025-06-13 15:13:01,230 - isca - DEBUG - /proj/bolinc/users/x_ryabo/socrates_edited_for_isca/spectral_files_for_GCMs/Sun
2025-06-13 15:13:01,230 - isca - DEBUG - /miniSuran_lw.sf WITH           16  bands
2025-06-13 15:13:01,230 - isca - DEBUG - Longwave hires spectral file =
2025-06-13 15:13:01,230 - isca - DEBUG - /proj/bolinc/users/x_ryabo/socrates_edited_for_isca/spectral_files_for_GCMs/Sun
2025-06-13 15:13:01,230 - isca - DEBUG - /miniSuran_lw.sf WITH           16  bands
2025-06-13 15:13:01,230 - isca - DEBUG - Shortwave spectral file =
2025-06-13 15:13:01,230 - isca - DEBUG - /proj/bolinc/users/x_ryabo/socrates_edited_for_isca/spectral_files_for_GCMs/Sun
2025-06-13 15:13:01,230 - isca - DEBUG - /miniSuran_sw.sf WITH           16  bands
2025-06-13 15:13:01,230 - isca - DEBUG - Shortwave hires spectral file =
2025-06-13 15:13:01,231 - isca - DEBUG - /proj/bolinc/users/x_ryabo/socrates_edited_for_isca/spectral_files_for_GCMs/Sun
2025-06-13 15:13:01,231 - isca - DEBUG - /miniSuran_sw.sf WITH           16  bands
2025-06-13 15:13:01,231 - isca - DEBUG - 
2025-06-13 15:13:01,231 - isca - DEBUG - -----------------------------------
2025-06-13 15:13:01,231 - isca - DEBUG - 
2025-06-13 15:13:42,040 - isca - DEBUG - Integration completed through 21151 days     0 seconds
2025-06-13 15:14:22,584 - isca - DEBUG - Integration completed through 21152 days     0 seconds
2025-06-13 15:15:02,713 - isca - DEBUG - Integration completed through 21153 days     0 seconds
2025-06-13 15:15:43,015 - isca - DEBUG - Integration completed through 21154 days     0 seconds
2025-06-13 15:16:22,953 - isca - DEBUG - Integration completed through 21155 days     0 seconds
2025-06-13 15:17:03,138 - isca - DEBUG - Integration completed through 21156 days     0 seconds
2025-06-13 15:17:43,237 - isca - DEBUG - Integration completed through 21157 days     0 seconds
2025-06-13 15:18:23,550 - isca - DEBUG - Integration completed through 21158 days     0 seconds
2025-06-13 15:19:04,342 - isca - DEBUG - Integration completed through 21159 days     0 seconds
2025-06-13 15:19:44,671 - isca - DEBUG - Integration completed through 21160 days     0 seconds
2025-06-13 15:20:24,949 - isca - DEBUG - Integration completed through 21161 days     0 seconds
2025-06-13 15:21:05,357 - isca - DEBUG - Integration completed through 21162 days     0 seconds
2025-06-13 15:21:45,910 - isca - DEBUG - Integration completed through 21163 days     0 seconds
2025-06-13 15:22:26,161 - isca - DEBUG - Integration completed through 21164 days     0 seconds
2025-06-13 15:23:06,355 - isca - DEBUG - Integration completed through 21165 days     0 seconds
2025-06-13 15:23:46,595 - isca - DEBUG - Integration completed through 21166 days     0 seconds
2025-06-13 15:24:26,967 - isca - DEBUG - Integration completed through 21167 days     0 seconds
2025-06-13 15:25:06,894 - isca - DEBUG - Integration completed through 21168 days     0 seconds
2025-06-13 15:25:46,939 - isca - DEBUG - Integration completed through 21169 days     0 seconds
2025-06-13 15:26:27,201 - isca - DEBUG - Integration completed through 21170 days     0 seconds
2025-06-13 15:27:07,118 - isca - DEBUG - Integration completed through 21171 days     0 seconds
2025-06-13 15:27:47,346 - isca - DEBUG - Integration completed through 21172 days     0 seconds
2025-06-13 15:28:27,502 - isca - DEBUG - Integration completed through 21173 days     0 seconds
2025-06-13 15:29:07,732 - isca - DEBUG - Integration completed through 21174 days     0 seconds
2025-06-13 15:29:47,940 - isca - DEBUG - Integration completed through 21175 days     0 seconds
2025-06-13 15:30:28,082 - isca - DEBUG - Integration completed through 21176 days     0 seconds
2025-06-13 15:31:08,422 - isca - DEBUG - Integration completed through 21177 days     0 seconds
2025-06-13 15:31:48,707 - isca - DEBUG - Integration completed through 21178 days     0 seconds
2025-06-13 15:32:28,794 - isca - DEBUG - Integration completed through 21179 days     0 seconds
2025-06-13 15:33:08,844 - isca - DEBUG - Integration completed through 21180 days     0 seconds
2025-06-13 15:33:08,851 - isca - DEBUG - 
2025-06-13 15:33:08,851 - isca - WARNING - WARNING from PE    0: diag_util_mod::opening_file: module/field_name (socrates/soc_toa_sw_down_clr) NOT registered
2025-06-13 15:33:08,851 - isca - DEBUG - 
2025-06-13 15:33:08,851 - isca - DEBUG - 
2025-06-13 15:33:08,851 - isca - WARNING - WARNING from PE    0: diag_util_mod::opening_file: module/field_name (cloud_simple/rh_min) NOT registered
2025-06-13 15:33:08,851 - isca - DEBUG - 
2025-06-13 15:33:08,851 - isca - DEBUG - 
2025-06-13 15:33:08,851 - isca - WARNING - WARNING from PE    0: diag_util_mod::opening_file: module/field_name (socrates/soc_toa_sw_down_clr) NOT registered
2025-06-13 15:33:08,851 - isca - DEBUG - 
2025-06-13 15:33:08,851 - isca - DEBUG - 
2025-06-13 15:33:08,852 - isca - WARNING - WARNING from PE    0: diag_util_mod::opening_file: module/field_name (cloud_simple/rh_min) NOT registered
2025-06-13 15:33:08,852 - isca - DEBUG - 
2025-06-13 15:33:08,862 - isca - DEBUG - NOTE from PE    0: MPP_IO_SET_STACK_SIZE: stack size set to     393216.
2025-06-13 15:33:08,997 - isca - DEBUG - MPP_DOMAINS_STACK high water mark=       49152
2025-06-13 15:33:08,997 - isca - DEBUG - 
2025-06-13 15:33:08,997 - isca - DEBUG - Tabulating mpp_clock statistics across     16 PEs...
2025-06-13 15:33:08,997 - isca - DEBUG - 
2025-06-13 15:33:08,997 - isca - DEBUG - tmin          tmax          tavg          tstd  tfrac grain pemin pemax
2025-06-13 15:33:08,998 - isca - DEBUG - Total runtime                      1208.891323   1208.898502   1208.894650      0.001961  1.000     0     0    15
2025-06-13 15:33:08,998 - isca - DEBUG - MPP_STACK high water mark=           0
2025-06-13 15:33:09,196 - isca - INFO - Run 706 complete
2025-06-13 15:33:10,050 - isca - DEBUG - atmos_monthly.nc combined and copied to data directory
2025-06-13 15:33:13,288 - isca - INFO - Restart archive created at /proj/bolinc/users/x_ryabo/Isca-Ryan_outputs/presentday_1540_Sun_noO3_1950/restarts/res0706.tar.gz
2025-06-13 15:33:13,299 - isca - INFO - Writing namelist to '/proj/bolinc/users/x_ryabo/Isca-Ryan_outputs/presentday_1540_Sun_noO3_1950/run0706/input.nml'
2025-06-13 15:33:13,301 - isca - INFO - Writing field_table to '/proj/bolinc/users/x_ryabo/Isca-Ryan_outputs/presentday_1540_Sun_noO3_1950/run0706/field_table'
2025-06-13 15:33:13,311 - isca - INFO - Writing diag_table to '/proj/bolinc/users/x_ryabo/Isca-Ryan_outputs/presentday_1540_Sun_noO3_1950/run0706/diag_table'
2025-06-13 15:33:13,551 - isca - INFO - Emptied run directory '/home/x_ryabo/Isca-Ryan_tmp/experiment/presentday_1540_Sun_noO3_1950/run'
2025-06-13 15:33:13,570 - isca - INFO - Emptied run directory '/home/x_ryabo/Isca-Ryan_tmp/experiment/presentday_1540_Sun_noO3_1950/run'
2025-06-13 15:33:13,779 - isca - INFO - Writing namelist to '/home/x_ryabo/Isca-Ryan_tmp/experiment/presentday_1540_Sun_noO3_1950/run/input.nml'
2025-06-13 15:33:13,781 - isca - INFO - Writing field_table to '/home/x_ryabo/Isca-Ryan_tmp/experiment/presentday_1540_Sun_noO3_1950/run/field_table'
2025-06-13 15:33:13,791 - isca - INFO - Writing diag_table to '/home/x_ryabo/Isca-Ryan_tmp/experiment/presentday_1540_Sun_noO3_1950/run/diag_table'
2025-06-13 15:33:13,805 - isca - INFO - Using restart file '/proj/bolinc/users/x_ryabo/Isca-Ryan_outputs/presentday_1540_Sun_noO3_1950/restarts/res0706.tar.gz'
2025-06-13 15:33:14,221 - isca - INFO - Restart /proj/bolinc/users/x_ryabo/Isca-Ryan_outputs/presentday_1540_Sun_noO3_1950/restarts/res0706.tar.gz extracted to /home/x_ryabo/Isca-Ryan_tmp/experiment/presentday_1540_Sun_noO3_1950/run/INPUT
2025-06-13 15:33:14,222 - isca - INFO - Beginning run 707
2025-06-13 15:33:14,231 - isca - INFO - process running as 983296
2025-06-13 15:33:14,232 - isca - DEBUG - loadmodules for Isca on NSC cluster Tetralith
2025-06-13 15:33:14,232 - isca - DEBUG - mpiifort
2025-06-13 15:33:14,331 - isca - DEBUG - The following modules were not unloaded:
2025-06-13 15:33:14,331 - isca - DEBUG - (Use "module --force purge" to unload all):
2025-06-13 15:33:14,331 - isca - DEBUG - 
2025-06-13 15:33:14,331 - isca - DEBUG - 1) hpc/.1.10.1
2025-06-13 15:33:14,428 - isca - DEBUG - ***************************************************
2025-06-13 15:33:14,428 - isca - DEBUG - You have loaded a buildenv module
2025-06-13 15:33:14,428 - isca - DEBUG - ***************************************************
2025-06-13 15:33:14,428 - isca - DEBUG - The buldenv-intel module makes available:
2025-06-13 15:33:14,428 - isca - DEBUG - - Compilers: icc, ifort, etc.
2025-06-13 15:33:14,428 - isca - DEBUG - - Mpi library with mpi-wrapped compilers: intel mpi with mpicc, mpifort, etc.
2025-06-13 15:33:14,428 - isca - DEBUG - - Numerical libraries: intel MKL
2025-06-13 15:33:14,428 - isca - DEBUG - 
2025-06-13 15:33:14,428 - isca - DEBUG - It also makes a set of dependency library modules available via
2025-06-13 15:33:14,428 - isca - DEBUG - the regular module command. Just do:
2025-06-13 15:33:14,428 - isca - DEBUG - module avail
2025-06-13 15:33:14,428 - isca - DEBUG - to see what is available.
2025-06-13 15:33:14,428 - isca - DEBUG - 
2025-06-13 15:33:14,428 - isca - DEBUG - NOTE: You shoud never load build environments inside submitted jobs.
2025-06-13 15:33:14,428 - isca - DEBUG - (with the single exception of when using supercomputer time to compile code.)
2025-06-13 15:33:14,428 - isca - DEBUG - 
2025-06-13 15:33:15,861 - isca - DEBUG - NOTE from PE    0: MPP_DOMAINS_SET_STACK_SIZE: stack size set to    32768.
2025-06-13 15:33:15,861 - isca - DEBUG - &MPP_IO_NML
2025-06-13 15:33:15,861 - isca - DEBUG - HEADER_BUFFER_VAL       =       16384,
2025-06-13 15:33:15,861 - isca - DEBUG - GLOBAL_FIELD_ON_ROOT_PE = T,
2025-06-13 15:33:15,861 - isca - DEBUG - IO_CLOCKS_ON    = F,
2025-06-13 15:33:15,861 - isca - DEBUG - SHUFFLE =           0,
2025-06-13 15:33:15,861 - isca - DEBUG - DEFLATE_LEVEL   =          -1
2025-06-13 15:33:15,861 - isca - DEBUG - /
2025-06-13 15:33:15,863 - isca - DEBUG - NOTE from PE    0: MPP_IO_SET_STACK_SIZE: stack size set to     131072.
2025-06-13 15:33:15,863 - isca - DEBUG - NOTE from PE    0: MPP_DOMAINS_SET_STACK_SIZE: stack size set to   600000.
2025-06-13 15:33:15,871 - isca - DEBUG - starting            1  OpenMP threads per MPI-task
2025-06-13 15:33:15,872 - isca - DEBUG - ATMOS MODEL DOMAIN DECOMPOSITION
2025-06-13 15:33:15,872 - isca - DEBUG - X-AXIS =  128
2025-06-13 15:33:15,872 - isca - DEBUG - Y-AXIS =    4   4   4   4   4   4   4   4   4   4   4   4   4   4   4   4
2025-06-13 15:33:15,926 - isca - DEBUG - 
2025-06-13 15:33:15,926 - isca - WARNING - WARNING from PE    9: socrates_init: dt_rad does not fit into one day an integer number of times
2025-06-13 15:33:15,926 - isca - DEBUG - 
2025-06-13 15:33:15,926 - isca - DEBUG - 
2025-06-13 15:33:15,926 - isca - DEBUG - 
2025-06-13 15:33:15,926 - isca - WARNING - WARNING from PE    8: socrates_init: dt_rad does not fit into one day an integer number of times
2025-06-13 15:33:15,926 - isca - DEBUG - 
2025-06-13 15:33:15,926 - isca - DEBUG - 
2025-06-13 15:33:15,926 - isca - WARNING - WARNING from PE   15: socrates_init: dt_rad does not fit into one day an integer number of times
2025-06-13 15:33:15,926 - isca - DEBUG - 
2025-06-13 15:33:15,926 - isca - WARNING - WARNING from PE   12: socrates_init: dt_rad does not fit into one day an integer number of times
2025-06-13 15:33:15,926 - isca - DEBUG - 
2025-06-13 15:33:15,926 - isca - DEBUG - 
2025-06-13 15:33:15,926 - isca - WARNING - WARNING from PE   14: socrates_init: dt_rad does not fit into one day an integer number of times
2025-06-13 15:33:15,926 - isca - DEBUG - 
2025-06-13 15:33:15,927 - isca - DEBUG - 
2025-06-13 15:33:15,927 - isca - WARNING - WARNING from PE   10: socrates_init: dt_rad does not fit into one day an integer number of times
2025-06-13 15:33:15,927 - isca - DEBUG - 
2025-06-13 15:33:15,927 - isca - DEBUG - 
2025-06-13 15:33:15,927 - isca - WARNING - WARNING from PE   11: socrates_init: dt_rad does not fit into one day an integer number of times
2025-06-13 15:33:15,927 - isca - DEBUG - 
2025-06-13 15:33:15,927 - isca - DEBUG - NOTE from PE    0: cloud_simple: Using SimCloud cloud scheme
2025-06-13 15:33:15,927 - isca - DEBUG - 
2025-06-13 15:33:15,927 - isca - WARNING - WARNING from PE   13: socrates_init: dt_rad does not fit into one day an integer number of times
2025-06-13 15:33:15,927 - isca - DEBUG - 
2025-06-13 15:33:15,928 - isca - DEBUG - NOTE from PE    0: ls_cloud: Using linear cloud fraction diagnostic formula.
2025-06-13 15:33:15,928 - isca - DEBUG - NOTE from PE    0: cloud_cover: The cloud overlap assumption is MAXIMUM-RANDOM
2025-06-13 15:33:15,928 - isca - DEBUG - NOTE from PE    0: idealized_moist_phys: Using Frierson Quasi-Equilibrium convection scheme.
2025-06-13 15:33:15,931 - isca - DEBUG - 
2025-06-13 15:33:15,931 - isca - DEBUG - 
2025-06-13 15:33:15,931 - isca - WARNING - WARNING from PE    3: socrates_init: dt_rad does not fit into one day an integer number of times
2025-06-13 15:33:15,931 - isca - DEBUG - 
2025-06-13 15:33:15,931 - isca - DEBUG - 
2025-06-13 15:33:15,931 - isca - WARNING - WARNING from PE    4: socrates_init: dt_rad does not fit into one day an integer number of times
2025-06-13 15:33:15,931 - isca - DEBUG - 
2025-06-13 15:33:15,931 - isca - WARNING - WARNING from PE    5: socrates_init: dt_rad does not fit into one day an integer number of times
2025-06-13 15:33:15,931 - isca - DEBUG - 
2025-06-13 15:33:15,931 - isca - DEBUG - 
2025-06-13 15:33:15,931 - isca - WARNING - WARNING from PE    1: socrates_init: dt_rad does not fit into one day an integer number of times
2025-06-13 15:33:15,931 - isca - DEBUG - 
2025-06-13 15:33:15,932 - isca - DEBUG - 
2025-06-13 15:33:15,932 - isca - WARNING - WARNING from PE    6: socrates_init: dt_rad does not fit into one day an integer number of times
2025-06-13 15:33:15,932 - isca - DEBUG - 
2025-06-13 15:33:15,932 - isca - DEBUG - 
2025-06-13 15:33:15,932 - isca - WARNING - WARNING from PE    2: socrates_init: dt_rad does not fit into one day an integer number of times
2025-06-13 15:33:15,932 - isca - DEBUG - 
2025-06-13 15:33:15,932 - isca - DEBUG - 
2025-06-13 15:33:15,932 - isca - WARNING - WARNING from PE    7: socrates_init: dt_rad does not fit into one day an integer number of times
2025-06-13 15:33:15,932 - isca - DEBUG - 
2025-06-13 15:33:15,937 - isca - DEBUG - 
2025-06-13 15:33:15,937 - isca - WARNING - WARNING from PE    0: socrates_init: dt_rad does not fit into one day an integer number of times
2025-06-13 15:33:15,937 - isca - DEBUG - 
2025-06-13 15:33:15,937 - isca - DEBUG - 
2025-06-13 15:33:15,937 - isca - WARNING - WARNING from PE    0: socrates_init: dt_rad does not fit into one day an integer number of times
2025-06-13 15:33:15,937 - isca - DEBUG - 
2025-06-13 15:33:15,937 - isca - DEBUG - 
2025-06-13 15:33:15,937 - isca - WARNING - WARNING from PE    0: socrates_init: lw_hires_spectral_filename is unset, making equal to lw_spectral_filename
2025-06-13 15:33:15,937 - isca - DEBUG - 
2025-06-13 15:33:15,937 - isca - DEBUG - 
2025-06-13 15:33:15,937 - isca - WARNING - WARNING from PE    0: socrates_init: lw_hires_spectral_filename is unset, making equal to lw_spectral_filename
2025-06-13 15:33:15,937 - isca - DEBUG - 
2025-06-13 15:33:15,937 - isca - DEBUG - 
2025-06-13 15:33:15,937 - isca - WARNING - WARNING from PE    0: socrates_init: sw_hires_spectral_filename is unset, making equal to sw_spectral_filename
2025-06-13 15:33:15,937 - isca - DEBUG - 
2025-06-13 15:33:15,937 - isca - DEBUG - 
2025-06-13 15:33:15,938 - isca - WARNING - WARNING from PE    0: socrates_init: sw_hires_spectral_filename is unset, making equal to sw_spectral_filename
2025-06-13 15:33:15,938 - isca - DEBUG - 
2025-06-13 15:33:16,985 - isca - DEBUG - NOTE from PE    0: Interpolator: Using input file with no time dimension - ozone_1990_notime_zero.nc
2025-06-13 15:33:16,985 - isca - DEBUG - Initializing src field : ozone_1990
2025-06-13 15:33:16,988 - isca - DEBUG - 
2025-06-13 15:33:16,988 - isca - DEBUG - -----------------------------------
2025-06-13 15:33:16,988 - isca - DEBUG - ____                       _
2025-06-13 15:33:16,988 - isca - DEBUG - / ___|  ___   ___ _ __ __ _| |_ ___  ___
2025-06-13 15:33:16,988 - isca - DEBUG - \___ \ / _ \ / __|  __/ _` | __/ _ \/ __|
2025-06-13 15:33:16,988 - isca - DEBUG - ___) | (_) | (__| | | (_| | ||  __/\__ \
2025-06-13 15:33:16,988 - isca - DEBUG - |____/ \___/ \___|_|  \__,_|\__\___||___/
2025-06-13 15:33:16,988 - isca - DEBUG - 
2025-06-13 15:33:16,988 - isca - DEBUG - Initialised Socrates v17.03
2025-06-13 15:33:16,988 - isca - DEBUG - Stellar constant =    1950.00000000000
2025-06-13 15:33:16,988 - isca - DEBUG - Longwave spectral file =
2025-06-13 15:33:16,988 - isca - DEBUG - /proj/bolinc/users/x_ryabo/socrates_edited_for_isca/spectral_files_for_GCMs/Sun
2025-06-13 15:33:16,988 - isca - DEBUG - /miniSuran_lw.sf WITH           16  bands
2025-06-13 15:33:16,988 - isca - DEBUG - Longwave hires spectral file =
2025-06-13 15:33:16,988 - isca - DEBUG - /proj/bolinc/users/x_ryabo/socrates_edited_for_isca/spectral_files_for_GCMs/Sun
2025-06-13 15:33:16,988 - isca - DEBUG - /miniSuran_lw.sf WITH           16  bands
2025-06-13 15:33:16,988 - isca - DEBUG - Shortwave spectral file =
2025-06-13 15:33:16,988 - isca - DEBUG - /proj/bolinc/users/x_ryabo/socrates_edited_for_isca/spectral_files_for_GCMs/Sun
2025-06-13 15:33:16,988 - isca - DEBUG - /miniSuran_sw.sf WITH           16  bands
2025-06-13 15:33:16,988 - isca - DEBUG - Shortwave hires spectral file =
2025-06-13 15:33:16,988 - isca - DEBUG - /proj/bolinc/users/x_ryabo/socrates_edited_for_isca/spectral_files_for_GCMs/Sun
2025-06-13 15:33:16,988 - isca - DEBUG - /miniSuran_sw.sf WITH           16  bands
2025-06-13 15:33:16,988 - isca - DEBUG - 
2025-06-13 15:33:16,988 - isca - DEBUG - -----------------------------------
2025-06-13 15:33:16,988 - isca - DEBUG - 
2025-06-13 15:33:57,802 - isca - DEBUG - Integration completed through 21181 days     0 seconds
2025-06-13 15:34:38,649 - isca - DEBUG - Integration completed through 21182 days     0 seconds
2025-06-13 15:35:19,216 - isca - DEBUG - Integration completed through 21183 days     0 seconds
2025-06-13 15:35:59,610 - isca - DEBUG - Integration completed through 21184 days     0 seconds
2025-06-13 15:36:40,185 - isca - DEBUG - Integration completed through 21185 days     0 seconds
2025-06-13 15:37:20,473 - isca - DEBUG - Integration completed through 21186 days     0 seconds
2025-06-13 15:38:00,843 - isca - DEBUG - Integration completed through 21187 days     0 seconds
2025-06-13 15:38:41,427 - isca - DEBUG - Integration completed through 21188 days     0 seconds
2025-06-13 15:39:22,063 - isca - DEBUG - Integration completed through 21189 days     0 seconds
2025-06-13 15:40:02,383 - isca - DEBUG - Integration completed through 21190 days     0 seconds
2025-06-13 15:40:42,702 - isca - DEBUG - Integration completed through 21191 days     0 seconds
2025-06-13 15:41:23,371 - isca - DEBUG - Integration completed through 21192 days     0 seconds
2025-06-13 15:42:03,694 - isca - DEBUG - Integration completed through 21193 days     0 seconds
2025-06-13 15:42:43,886 - isca - DEBUG - Integration completed through 21194 days     0 seconds
2025-06-13 15:43:24,391 - isca - DEBUG - Integration completed through 21195 days     0 seconds
2025-06-13 15:44:04,346 - isca - DEBUG - Integration completed through 21196 days     0 seconds
2025-06-13 15:44:44,884 - isca - DEBUG - Integration completed through 21197 days     0 seconds
2025-06-13 15:45:25,227 - isca - DEBUG - Integration completed through 21198 days     0 seconds
2025-06-13 15:46:05,516 - isca - DEBUG - Integration completed through 21199 days     0 seconds
2025-06-13 15:46:46,144 - isca - DEBUG - Integration completed through 21200 days     0 seconds
2025-06-13 15:47:26,805 - isca - DEBUG - Integration completed through 21201 days     0 seconds
2025-06-13 15:48:07,266 - isca - DEBUG - Integration completed through 21202 days     0 seconds
2025-06-13 15:48:47,551 - isca - DEBUG - Integration completed through 21203 days     0 seconds
2025-06-13 15:49:28,143 - isca - DEBUG - Integration completed through 21204 days     0 seconds
2025-06-13 15:50:08,547 - isca - DEBUG - Integration completed through 21205 days     0 seconds
2025-06-13 15:50:49,004 - isca - DEBUG - Integration completed through 21206 days     0 seconds
2025-06-13 15:51:29,598 - isca - DEBUG - Integration completed through 21207 days     0 seconds
2025-06-13 15:52:10,003 - isca - DEBUG - Integration completed through 21208 days     0 seconds
2025-06-13 15:52:50,294 - isca - DEBUG - Integration completed through 21209 days     0 seconds
2025-06-13 15:53:30,772 - isca - DEBUG - Integration completed through 21210 days     0 seconds
2025-06-13 15:53:30,779 - isca - DEBUG - 
2025-06-13 15:53:30,780 - isca - WARNING - WARNING from PE    0: diag_util_mod::opening_file: module/field_name (socrates/soc_toa_sw_down_clr) NOT registered
2025-06-13 15:53:30,780 - isca - DEBUG - 
2025-06-13 15:53:30,780 - isca - DEBUG - 
2025-06-13 15:53:30,780 - isca - WARNING - WARNING from PE    0: diag_util_mod::opening_file: module/field_name (cloud_simple/rh_min) NOT registered
2025-06-13 15:53:30,780 - isca - DEBUG - 
2025-06-13 15:53:30,780 - isca - DEBUG - 
2025-06-13 15:53:30,780 - isca - WARNING - WARNING from PE    0: diag_util_mod::opening_file: module/field_name (socrates/soc_toa_sw_down_clr) NOT registered
2025-06-13 15:53:30,780 - isca - DEBUG - 
2025-06-13 15:53:30,780 - isca - DEBUG - 
2025-06-13 15:53:30,780 - isca - WARNING - WARNING from PE    0: diag_util_mod::opening_file: module/field_name (cloud_simple/rh_min) NOT registered
2025-06-13 15:53:30,780 - isca - DEBUG - 
2025-06-13 15:53:30,790 - isca - DEBUG - NOTE from PE    0: MPP_IO_SET_STACK_SIZE: stack size set to     393216.
2025-06-13 15:53:30,917 - isca - DEBUG - MPP_DOMAINS_STACK high water mark=       49152
2025-06-13 15:53:30,917 - isca - DEBUG - 
2025-06-13 15:53:30,917 - isca - DEBUG - Tabulating mpp_clock statistics across     16 PEs...
2025-06-13 15:53:30,917 - isca - DEBUG - 
2025-06-13 15:53:30,917 - isca - DEBUG - tmin          tmax          tavg          tstd  tfrac grain pemin pemax
2025-06-13 15:53:30,918 - isca - DEBUG - Total runtime                      1215.054684   1215.060940   1215.058259      0.001694  1.000     0     0    15
2025-06-13 15:53:30,918 - isca - DEBUG - MPP_STACK high water mark=           0
2025-06-13 15:53:31,085 - isca - INFO - Run 707 complete
2025-06-13 15:53:31,964 - isca - DEBUG - atmos_monthly.nc combined and copied to data directory
2025-06-13 15:53:35,153 - isca - INFO - Restart archive created at /proj/bolinc/users/x_ryabo/Isca-Ryan_outputs/presentday_1540_Sun_noO3_1950/restarts/res0707.tar.gz
2025-06-13 15:53:35,163 - isca - INFO - Writing namelist to '/proj/bolinc/users/x_ryabo/Isca-Ryan_outputs/presentday_1540_Sun_noO3_1950/run0707/input.nml'
2025-06-13 15:53:35,165 - isca - INFO - Writing field_table to '/proj/bolinc/users/x_ryabo/Isca-Ryan_outputs/presentday_1540_Sun_noO3_1950/run0707/field_table'
2025-06-13 15:53:35,174 - isca - INFO - Writing diag_table to '/proj/bolinc/users/x_ryabo/Isca-Ryan_outputs/presentday_1540_Sun_noO3_1950/run0707/diag_table'
2025-06-13 15:53:35,443 - isca - INFO - Emptied run directory '/home/x_ryabo/Isca-Ryan_tmp/experiment/presentday_1540_Sun_noO3_1950/run'
2025-06-13 15:53:35,459 - isca - INFO - Emptied run directory '/home/x_ryabo/Isca-Ryan_tmp/experiment/presentday_1540_Sun_noO3_1950/run'
2025-06-13 15:53:35,668 - isca - INFO - Writing namelist to '/home/x_ryabo/Isca-Ryan_tmp/experiment/presentday_1540_Sun_noO3_1950/run/input.nml'
2025-06-13 15:53:35,670 - isca - INFO - Writing field_table to '/home/x_ryabo/Isca-Ryan_tmp/experiment/presentday_1540_Sun_noO3_1950/run/field_table'
2025-06-13 15:53:35,680 - isca - INFO - Writing diag_table to '/home/x_ryabo/Isca-Ryan_tmp/experiment/presentday_1540_Sun_noO3_1950/run/diag_table'
2025-06-13 15:53:35,693 - isca - INFO - Using restart file '/proj/bolinc/users/x_ryabo/Isca-Ryan_outputs/presentday_1540_Sun_noO3_1950/restarts/res0707.tar.gz'
2025-06-13 15:53:36,109 - isca - INFO - Restart /proj/bolinc/users/x_ryabo/Isca-Ryan_outputs/presentday_1540_Sun_noO3_1950/restarts/res0707.tar.gz extracted to /home/x_ryabo/Isca-Ryan_tmp/experiment/presentday_1540_Sun_noO3_1950/run/INPUT
2025-06-13 15:53:36,109 - isca - INFO - Beginning run 708
2025-06-13 15:53:36,119 - isca - INFO - process running as 984268
2025-06-13 15:53:36,119 - isca - DEBUG - loadmodules for Isca on NSC cluster Tetralith
2025-06-13 15:53:36,119 - isca - DEBUG - mpiifort
2025-06-13 15:53:36,219 - isca - DEBUG - The following modules were not unloaded:
2025-06-13 15:53:36,219 - isca - DEBUG - (Use "module --force purge" to unload all):
2025-06-13 15:53:36,220 - isca - DEBUG - 
2025-06-13 15:53:36,220 - isca - DEBUG - 1) hpc/.1.10.1
2025-06-13 15:53:36,318 - isca - DEBUG - ***************************************************
2025-06-13 15:53:36,318 - isca - DEBUG - You have loaded a buildenv module
2025-06-13 15:53:36,319 - isca - DEBUG - ***************************************************
2025-06-13 15:53:36,319 - isca - DEBUG - The buldenv-intel module makes available:
2025-06-13 15:53:36,319 - isca - DEBUG - - Compilers: icc, ifort, etc.
2025-06-13 15:53:36,319 - isca - DEBUG - - Mpi library with mpi-wrapped compilers: intel mpi with mpicc, mpifort, etc.
2025-06-13 15:53:36,319 - isca - DEBUG - - Numerical libraries: intel MKL
2025-06-13 15:53:36,319 - isca - DEBUG - 
2025-06-13 15:53:36,319 - isca - DEBUG - It also makes a set of dependency library modules available via
2025-06-13 15:53:36,319 - isca - DEBUG - the regular module command. Just do:
2025-06-13 15:53:36,319 - isca - DEBUG - module avail
2025-06-13 15:53:36,319 - isca - DEBUG - to see what is available.
2025-06-13 15:53:36,319 - isca - DEBUG - 
2025-06-13 15:53:36,319 - isca - DEBUG - NOTE: You shoud never load build environments inside submitted jobs.
2025-06-13 15:53:36,319 - isca - DEBUG - (with the single exception of when using supercomputer time to compile code.)
2025-06-13 15:53:36,319 - isca - DEBUG - 
2025-06-13 15:53:37,517 - isca - DEBUG - NOTE from PE    0: MPP_DOMAINS_SET_STACK_SIZE: stack size set to    32768.
2025-06-13 15:53:37,518 - isca - DEBUG - &MPP_IO_NML
2025-06-13 15:53:37,518 - isca - DEBUG - HEADER_BUFFER_VAL       =       16384,
2025-06-13 15:53:37,518 - isca - DEBUG - GLOBAL_FIELD_ON_ROOT_PE = T,
2025-06-13 15:53:37,518 - isca - DEBUG - IO_CLOCKS_ON    = F,
2025-06-13 15:53:37,518 - isca - DEBUG - SHUFFLE =           0,
2025-06-13 15:53:37,518 - isca - DEBUG - DEFLATE_LEVEL   =          -1
2025-06-13 15:53:37,518 - isca - DEBUG - /
2025-06-13 15:53:37,519 - isca - DEBUG - NOTE from PE    0: MPP_IO_SET_STACK_SIZE: stack size set to     131072.
2025-06-13 15:53:37,520 - isca - DEBUG - NOTE from PE    0: MPP_DOMAINS_SET_STACK_SIZE: stack size set to   600000.
2025-06-13 15:53:37,527 - isca - DEBUG - starting            1  OpenMP threads per MPI-task
2025-06-13 15:53:37,528 - isca - DEBUG - ATMOS MODEL DOMAIN DECOMPOSITION
2025-06-13 15:53:37,529 - isca - DEBUG - X-AXIS =  128
2025-06-13 15:53:37,529 - isca - DEBUG - Y-AXIS =    4   4   4   4   4   4   4   4   4   4   4   4   4   4   4   4
2025-06-13 15:53:37,586 - isca - DEBUG - NOTE from PE    0: cloud_simple: Using SimCloud cloud scheme
2025-06-13 15:53:37,587 - isca - DEBUG - NOTE from PE    0: ls_cloud: Using linear cloud fraction diagnostic formula.
2025-06-13 15:53:37,587 - isca - DEBUG - NOTE from PE    0: cloud_cover: The cloud overlap assumption is MAXIMUM-RANDOM
2025-06-13 15:53:37,587 - isca - DEBUG - NOTE from PE    0: idealized_moist_phys: Using Frierson Quasi-Equilibrium convection scheme.
2025-06-13 15:53:37,589 - isca - DEBUG - 
2025-06-13 15:53:37,589 - isca - WARNING - WARNING from PE    8: socrates_init: dt_rad does not fit into one day an integer number of times
2025-06-13 15:53:37,589 - isca - DEBUG - 
2025-06-13 15:53:37,589 - isca - DEBUG - 
2025-06-13 15:53:37,589 - isca - DEBUG - 
2025-06-13 15:53:37,589 - isca - WARNING - WARNING from PE   15: socrates_init: dt_rad does not fit into one day an integer number of times
2025-06-13 15:53:37,589 - isca - DEBUG - 
2025-06-13 15:53:37,589 - isca - WARNING - WARNING from PE   14: socrates_init: dt_rad does not fit into one day an integer number of times
2025-06-13 15:53:37,589 - isca - DEBUG - 
2025-06-13 15:53:37,589 - isca - DEBUG - 
2025-06-13 15:53:37,590 - isca - WARNING - WARNING from PE   13: socrates_init: dt_rad does not fit into one day an integer number of times
2025-06-13 15:53:37,590 - isca - DEBUG - 
2025-06-13 15:53:37,590 - isca - DEBUG - 
2025-06-13 15:53:37,590 - isca - WARNING - WARNING from PE   10: socrates_init: dt_rad does not fit into one day an integer number of times
2025-06-13 15:53:37,590 - isca - DEBUG - 
2025-06-13 15:53:37,590 - isca - DEBUG - 
2025-06-13 15:53:37,590 - isca - WARNING - WARNING from PE   12: socrates_init: dt_rad does not fit into one day an integer number of times
2025-06-13 15:53:37,590 - isca - DEBUG - 
2025-06-13 15:53:37,590 - isca - DEBUG - 
2025-06-13 15:53:37,590 - isca - WARNING - WARNING from PE   11: socrates_init: dt_rad does not fit into one day an integer number of times
2025-06-13 15:53:37,590 - isca - DEBUG - 
2025-06-13 15:53:37,591 - isca - DEBUG - 
2025-06-13 15:53:37,591 - isca - DEBUG - 
2025-06-13 15:53:37,591 - isca - WARNING - WARNING from PE    6: socrates_init: dt_rad does not fit into one day an integer number of times
2025-06-13 15:53:37,591 - isca - DEBUG - 
2025-06-13 15:53:37,591 - isca - WARNING - WARNING from PE    5: socrates_init: dt_rad does not fit into one day an integer number of times
2025-06-13 15:53:37,591 - isca - DEBUG - 
2025-06-13 15:53:37,591 - isca - DEBUG - 
2025-06-13 15:53:37,591 - isca - WARNING - WARNING from PE    7: socrates_init: dt_rad does not fit into one day an integer number of times
2025-06-13 15:53:37,591 - isca - DEBUG - 
2025-06-13 15:53:37,591 - isca - WARNING - WARNING from PE    1: socrates_init: dt_rad does not fit into one day an integer number of times
2025-06-13 15:53:37,591 - isca - DEBUG - 
2025-06-13 15:53:37,591 - isca - DEBUG - 
2025-06-13 15:53:37,591 - isca - WARNING - WARNING from PE    3: socrates_init: dt_rad does not fit into one day an integer number of times
2025-06-13 15:53:37,591 - isca - DEBUG - 
2025-06-13 15:53:37,591 - isca - DEBUG - 
2025-06-13 15:53:37,592 - isca - DEBUG - 
2025-06-13 15:53:37,592 - isca - WARNING - WARNING from PE    4: socrates_init: dt_rad does not fit into one day an integer number of times
2025-06-13 15:53:37,592 - isca - DEBUG - 
2025-06-13 15:53:37,592 - isca - DEBUG - 
2025-06-13 15:53:37,592 - isca - WARNING - WARNING from PE    2: socrates_init: dt_rad does not fit into one day an integer number of times
2025-06-13 15:53:37,592 - isca - DEBUG - 
2025-06-13 15:53:37,592 - isca - DEBUG - 
2025-06-13 15:53:37,592 - isca - WARNING - WARNING from PE    9: socrates_init: dt_rad does not fit into one day an integer number of times
2025-06-13 15:53:37,592 - isca - DEBUG - 
2025-06-13 15:53:37,596 - isca - DEBUG - 
2025-06-13 15:53:37,596 - isca - WARNING - WARNING from PE    0: socrates_init: dt_rad does not fit into one day an integer number of times
2025-06-13 15:53:37,596 - isca - DEBUG - 
2025-06-13 15:53:37,596 - isca - DEBUG - 
2025-06-13 15:53:37,596 - isca - WARNING - WARNING from PE    0: socrates_init: dt_rad does not fit into one day an integer number of times
2025-06-13 15:53:37,596 - isca - DEBUG - 
2025-06-13 15:53:37,596 - isca - DEBUG - 
2025-06-13 15:53:37,596 - isca - WARNING - WARNING from PE    0: socrates_init: lw_hires_spectral_filename is unset, making equal to lw_spectral_filename
2025-06-13 15:53:37,596 - isca - DEBUG - 
2025-06-13 15:53:37,596 - isca - DEBUG - 
2025-06-13 15:53:37,596 - isca - WARNING - WARNING from PE    0: socrates_init: lw_hires_spectral_filename is unset, making equal to lw_spectral_filename
2025-06-13 15:53:37,596 - isca - DEBUG - 
2025-06-13 15:53:37,596 - isca - DEBUG - 
2025-06-13 15:53:37,596 - isca - WARNING - WARNING from PE    0: socrates_init: sw_hires_spectral_filename is unset, making equal to sw_spectral_filename
2025-06-13 15:53:37,596 - isca - DEBUG - 
2025-06-13 15:53:37,596 - isca - DEBUG - 
2025-06-13 15:53:37,596 - isca - WARNING - WARNING from PE    0: socrates_init: sw_hires_spectral_filename is unset, making equal to sw_spectral_filename
2025-06-13 15:53:37,596 - isca - DEBUG - 
2025-06-13 15:53:38,645 - isca - DEBUG - NOTE from PE    0: Interpolator: Using input file with no time dimension - ozone_1990_notime_zero.nc
2025-06-13 15:53:38,645 - isca - DEBUG - Initializing src field : ozone_1990
2025-06-13 15:53:38,647 - isca - DEBUG - 
2025-06-13 15:53:38,647 - isca - DEBUG - -----------------------------------
2025-06-13 15:53:38,647 - isca - DEBUG - ____                       _
2025-06-13 15:53:38,647 - isca - DEBUG - / ___|  ___   ___ _ __ __ _| |_ ___  ___
2025-06-13 15:53:38,647 - isca - DEBUG - \___ \ / _ \ / __|  __/ _` | __/ _ \/ __|
2025-06-13 15:53:38,647 - isca - DEBUG - ___) | (_) | (__| | | (_| | ||  __/\__ \
2025-06-13 15:53:38,647 - isca - DEBUG - |____/ \___/ \___|_|  \__,_|\__\___||___/
2025-06-13 15:53:38,648 - isca - DEBUG - 
2025-06-13 15:53:38,648 - isca - DEBUG - Initialised Socrates v17.03
2025-06-13 15:53:38,648 - isca - DEBUG - Stellar constant =    1950.00000000000
2025-06-13 15:53:38,648 - isca - DEBUG - Longwave spectral file =
2025-06-13 15:53:38,648 - isca - DEBUG - /proj/bolinc/users/x_ryabo/socrates_edited_for_isca/spectral_files_for_GCMs/Sun
2025-06-13 15:53:38,648 - isca - DEBUG - /miniSuran_lw.sf WITH           16  bands
2025-06-13 15:53:38,648 - isca - DEBUG - Longwave hires spectral file =
2025-06-13 15:53:38,648 - isca - DEBUG - /proj/bolinc/users/x_ryabo/socrates_edited_for_isca/spectral_files_for_GCMs/Sun
2025-06-13 15:53:38,648 - isca - DEBUG - /miniSuran_lw.sf WITH           16  bands
2025-06-13 15:53:38,648 - isca - DEBUG - Shortwave spectral file =
2025-06-13 15:53:38,648 - isca - DEBUG - /proj/bolinc/users/x_ryabo/socrates_edited_for_isca/spectral_files_for_GCMs/Sun
2025-06-13 15:53:38,648 - isca - DEBUG - /miniSuran_sw.sf WITH           16  bands
2025-06-13 15:53:38,648 - isca - DEBUG - Shortwave hires spectral file =
2025-06-13 15:53:38,648 - isca - DEBUG - /proj/bolinc/users/x_ryabo/socrates_edited_for_isca/spectral_files_for_GCMs/Sun
2025-06-13 15:53:38,648 - isca - DEBUG - /miniSuran_sw.sf WITH           16  bands
2025-06-13 15:53:38,648 - isca - DEBUG - 
2025-06-13 15:53:38,648 - isca - DEBUG - -----------------------------------
2025-06-13 15:53:38,648 - isca - DEBUG - 
2025-06-13 15:54:19,601 - isca - DEBUG - Integration completed through 21211 days     0 seconds
2025-06-13 15:55:00,629 - isca - DEBUG - Integration completed through 21212 days     0 seconds
2025-06-13 15:55:41,650 - isca - DEBUG - Integration completed through 21213 days     0 seconds
2025-06-13 15:56:22,599 - isca - DEBUG - Integration completed through 21214 days     0 seconds
2025-06-13 15:57:03,636 - isca - DEBUG - Integration completed through 21215 days     0 seconds
2025-06-13 15:57:44,243 - isca - DEBUG - Integration completed through 21216 days     0 seconds
2025-06-13 15:58:24,790 - isca - DEBUG - Integration completed through 21217 days     0 seconds
2025-06-13 15:59:05,225 - isca - DEBUG - Integration completed through 21218 days     0 seconds
2025-06-13 15:59:45,534 - isca - DEBUG - Integration completed through 21219 days     0 seconds
2025-06-13 16:00:25,854 - isca - DEBUG - Integration completed through 21220 days     0 seconds
2025-06-13 16:01:06,080 - isca - DEBUG - Integration completed through 21221 days     0 seconds
2025-06-13 16:01:46,282 - isca - DEBUG - Integration completed through 21222 days     0 seconds
2025-06-13 16:02:26,761 - isca - DEBUG - Integration completed through 21223 days     0 seconds
2025-06-13 16:03:07,505 - isca - DEBUG - Integration completed through 21224 days     0 seconds
2025-06-13 16:03:48,269 - isca - DEBUG - Integration completed through 21225 days     0 seconds
2025-06-13 16:04:28,899 - isca - DEBUG - Integration completed through 21226 days     0 seconds
2025-06-13 16:05:09,541 - isca - DEBUG - Integration completed through 21227 days     0 seconds
2025-06-13 16:05:50,281 - isca - DEBUG - Integration completed through 21228 days     0 seconds
2025-06-13 16:06:30,984 - isca - DEBUG - Integration completed through 21229 days     0 seconds
2025-06-13 16:07:11,220 - isca - DEBUG - Integration completed through 21230 days     0 seconds
2025-06-13 16:07:51,730 - isca - DEBUG - Integration completed through 21231 days     0 seconds
2025-06-13 16:08:32,170 - isca - DEBUG - Integration completed through 21232 days     0 seconds
2025-06-13 16:09:12,711 - isca - DEBUG - Integration completed through 21233 days     0 seconds
2025-06-13 16:09:53,260 - isca - DEBUG - Integration completed through 21234 days     0 seconds
2025-06-13 16:10:33,827 - isca - DEBUG - Integration completed through 21235 days     0 seconds
2025-06-13 16:11:14,072 - isca - DEBUG - Integration completed through 21236 days     0 seconds
2025-06-13 16:11:54,473 - isca - DEBUG - Integration completed through 21237 days     0 seconds
2025-06-13 16:12:34,886 - isca - DEBUG - Integration completed through 21238 days     0 seconds
2025-06-13 16:13:15,426 - isca - DEBUG - Integration completed through 21239 days     0 seconds
2025-06-13 16:13:56,150 - isca - DEBUG - Integration completed through 21240 days     0 seconds
2025-06-13 16:13:56,257 - isca - DEBUG - 
2025-06-13 16:13:56,257 - isca - WARNING - WARNING from PE    0: diag_util_mod::opening_file: module/field_name (socrates/soc_toa_sw_down_clr) NOT registered
2025-06-13 16:13:56,257 - isca - DEBUG - 
2025-06-13 16:13:56,257 - isca - DEBUG - 
2025-06-13 16:13:56,257 - isca - WARNING - WARNING from PE    0: diag_util_mod::opening_file: module/field_name (cloud_simple/rh_min) NOT registered
2025-06-13 16:13:56,257 - isca - DEBUG - 
2025-06-13 16:13:56,257 - isca - DEBUG - 
2025-06-13 16:13:56,257 - isca - WARNING - WARNING from PE    0: diag_util_mod::opening_file: module/field_name (socrates/soc_toa_sw_down_clr) NOT registered
2025-06-13 16:13:56,258 - isca - DEBUG - 
2025-06-13 16:13:56,258 - isca - DEBUG - 
2025-06-13 16:13:56,258 - isca - WARNING - WARNING from PE    0: diag_util_mod::opening_file: module/field_name (cloud_simple/rh_min) NOT registered
2025-06-13 16:13:56,258 - isca - DEBUG - 
2025-06-13 16:13:56,267 - isca - DEBUG - NOTE from PE    0: MPP_IO_SET_STACK_SIZE: stack size set to     393216.
2025-06-13 16:13:56,407 - isca - DEBUG - MPP_DOMAINS_STACK high water mark=       49152
2025-06-13 16:13:56,408 - isca - DEBUG - 
2025-06-13 16:13:56,408 - isca - DEBUG - Tabulating mpp_clock statistics across     16 PEs...
2025-06-13 16:13:56,408 - isca - DEBUG - 
2025-06-13 16:13:56,408 - isca - DEBUG - tmin          tmax          tavg          tstd  tfrac grain pemin pemax
2025-06-13 16:13:56,408 - isca - DEBUG - Total runtime                      1218.887177   1218.894860   1218.890605      0.001795  1.000     0     0    15
2025-06-13 16:13:56,408 - isca - DEBUG - MPP_STACK high water mark=           0
2025-06-13 16:13:56,595 - isca - INFO - Run 708 complete
2025-06-13 16:13:57,545 - isca - DEBUG - atmos_monthly.nc combined and copied to data directory
2025-06-13 16:14:00,769 - isca - INFO - Restart archive created at /proj/bolinc/users/x_ryabo/Isca-Ryan_outputs/presentday_1540_Sun_noO3_1950/restarts/res0708.tar.gz
2025-06-13 16:14:00,780 - isca - INFO - Writing namelist to '/proj/bolinc/users/x_ryabo/Isca-Ryan_outputs/presentday_1540_Sun_noO3_1950/run0708/input.nml'
2025-06-13 16:14:00,782 - isca - INFO - Writing field_table to '/proj/bolinc/users/x_ryabo/Isca-Ryan_outputs/presentday_1540_Sun_noO3_1950/run0708/field_table'
2025-06-13 16:14:00,828 - isca - INFO - Writing diag_table to '/proj/bolinc/users/x_ryabo/Isca-Ryan_outputs/presentday_1540_Sun_noO3_1950/run0708/diag_table'
2025-06-13 16:14:01,066 - isca - INFO - Emptied run directory '/home/x_ryabo/Isca-Ryan_tmp/experiment/presentday_1540_Sun_noO3_1950/run'
2025-06-13 16:14:01,082 - isca - INFO - Emptied run directory '/home/x_ryabo/Isca-Ryan_tmp/experiment/presentday_1540_Sun_noO3_1950/run'
2025-06-13 16:14:01,290 - isca - INFO - Writing namelist to '/home/x_ryabo/Isca-Ryan_tmp/experiment/presentday_1540_Sun_noO3_1950/run/input.nml'
2025-06-13 16:14:01,292 - isca - INFO - Writing field_table to '/home/x_ryabo/Isca-Ryan_tmp/experiment/presentday_1540_Sun_noO3_1950/run/field_table'
2025-06-13 16:14:01,302 - isca - INFO - Writing diag_table to '/home/x_ryabo/Isca-Ryan_tmp/experiment/presentday_1540_Sun_noO3_1950/run/diag_table'
2025-06-13 16:14:01,315 - isca - INFO - Using restart file '/proj/bolinc/users/x_ryabo/Isca-Ryan_outputs/presentday_1540_Sun_noO3_1950/restarts/res0708.tar.gz'
2025-06-13 16:14:01,729 - isca - INFO - Restart /proj/bolinc/users/x_ryabo/Isca-Ryan_outputs/presentday_1540_Sun_noO3_1950/restarts/res0708.tar.gz extracted to /home/x_ryabo/Isca-Ryan_tmp/experiment/presentday_1540_Sun_noO3_1950/run/INPUT
2025-06-13 16:14:01,730 - isca - INFO - Beginning run 709
2025-06-13 16:14:01,742 - isca - INFO - process running as 985320
2025-06-13 16:14:01,742 - isca - DEBUG - loadmodules for Isca on NSC cluster Tetralith
2025-06-13 16:14:01,742 - isca - DEBUG - mpiifort
2025-06-13 16:14:01,841 - isca - DEBUG - The following modules were not unloaded:
2025-06-13 16:14:01,841 - isca - DEBUG - (Use "module --force purge" to unload all):
2025-06-13 16:14:01,841 - isca - DEBUG - 
2025-06-13 16:14:01,842 - isca - DEBUG - 1) hpc/.1.10.1
2025-06-13 16:14:01,953 - isca - DEBUG - ***************************************************
2025-06-13 16:14:01,953 - isca - DEBUG - You have loaded a buildenv module
2025-06-13 16:14:01,953 - isca - DEBUG - ***************************************************
2025-06-13 16:14:01,953 - isca - DEBUG - The buldenv-intel module makes available:
2025-06-13 16:14:01,953 - isca - DEBUG - - Compilers: icc, ifort, etc.
2025-06-13 16:14:01,953 - isca - DEBUG - - Mpi library with mpi-wrapped compilers: intel mpi with mpicc, mpifort, etc.
2025-06-13 16:14:01,953 - isca - DEBUG - - Numerical libraries: intel MKL
2025-06-13 16:14:01,953 - isca - DEBUG - 
2025-06-13 16:14:01,953 - isca - DEBUG - It also makes a set of dependency library modules available via
2025-06-13 16:14:01,953 - isca - DEBUG - the regular module command. Just do:
2025-06-13 16:14:01,953 - isca - DEBUG - module avail
2025-06-13 16:14:01,953 - isca - DEBUG - to see what is available.
2025-06-13 16:14:01,953 - isca - DEBUG - 
2025-06-13 16:14:01,953 - isca - DEBUG - NOTE: You shoud never load build environments inside submitted jobs.
2025-06-13 16:14:01,953 - isca - DEBUG - (with the single exception of when using supercomputer time to compile code.)
2025-06-13 16:14:01,953 - isca - DEBUG - 
2025-06-13 16:14:05,287 - isca - DEBUG - NOTE from PE    0: MPP_DOMAINS_SET_STACK_SIZE: stack size set to    32768.
2025-06-13 16:14:05,288 - isca - DEBUG - &MPP_IO_NML
2025-06-13 16:14:05,288 - isca - DEBUG - HEADER_BUFFER_VAL       =       16384,
2025-06-13 16:14:05,288 - isca - DEBUG - GLOBAL_FIELD_ON_ROOT_PE = T,
2025-06-13 16:14:05,288 - isca - DEBUG - IO_CLOCKS_ON    = F,
2025-06-13 16:14:05,288 - isca - DEBUG - SHUFFLE =           0,
2025-06-13 16:14:05,288 - isca - DEBUG - DEFLATE_LEVEL   =          -1
2025-06-13 16:14:05,288 - isca - DEBUG - /
2025-06-13 16:14:05,289 - isca - DEBUG - NOTE from PE    0: MPP_IO_SET_STACK_SIZE: stack size set to     131072.
2025-06-13 16:14:05,290 - isca - DEBUG - NOTE from PE    0: MPP_DOMAINS_SET_STACK_SIZE: stack size set to   600000.
2025-06-13 16:14:05,297 - isca - DEBUG - starting            1  OpenMP threads per MPI-task
2025-06-13 16:14:05,299 - isca - DEBUG - ATMOS MODEL DOMAIN DECOMPOSITION
2025-06-13 16:14:05,299 - isca - DEBUG - X-AXIS =  128
2025-06-13 16:14:05,299 - isca - DEBUG - Y-AXIS =    4   4   4   4   4   4   4   4   4   4   4   4   4   4   4   4
2025-06-13 16:14:05,352 - isca - DEBUG - NOTE from PE    0: cloud_simple: Using SimCloud cloud scheme
2025-06-13 16:14:05,353 - isca - DEBUG - NOTE from PE    0: ls_cloud: Using linear cloud fraction diagnostic formula.
2025-06-13 16:14:05,354 - isca - DEBUG - NOTE from PE    0: cloud_cover: The cloud overlap assumption is MAXIMUM-RANDOM
2025-06-13 16:14:05,354 - isca - DEBUG - NOTE from PE    0: idealized_moist_phys: Using Frierson Quasi-Equilibrium convection scheme.
2025-06-13 16:14:05,355 - isca - DEBUG - 
2025-06-13 16:14:05,355 - isca - WARNING - WARNING from PE    8: socrates_init: dt_rad does not fit into one day an integer number of times
2025-06-13 16:14:05,355 - isca - DEBUG - 
2025-06-13 16:14:05,355 - isca - DEBUG - 
2025-06-13 16:14:05,356 - isca - WARNING - WARNING from PE    9: socrates_init: dt_rad does not fit into one day an integer number of times
2025-06-13 16:14:05,356 - isca - DEBUG - 
2025-06-13 16:14:05,356 - isca - DEBUG - 
2025-06-13 16:14:05,356 - isca - WARNING - WARNING from PE   10: socrates_init: dt_rad does not fit into one day an integer number of times
2025-06-13 16:14:05,356 - isca - DEBUG - 
2025-06-13 16:14:05,356 - isca - DEBUG - 
2025-06-13 16:14:05,356 - isca - WARNING - WARNING from PE   11: socrates_init: dt_rad does not fit into one day an integer number of times
2025-06-13 16:14:05,356 - isca - DEBUG - 
2025-06-13 16:14:05,356 - isca - DEBUG - 
2025-06-13 16:14:05,356 - isca - WARNING - WARNING from PE   15: socrates_init: dt_rad does not fit into one day an integer number of times
2025-06-13 16:14:05,356 - isca - DEBUG - 
2025-06-13 16:14:05,356 - isca - DEBUG - 
2025-06-13 16:14:05,356 - isca - DEBUG - 
2025-06-13 16:14:05,356 - isca - WARNING - WARNING from PE   12: socrates_init: dt_rad does not fit into one day an integer number of times
2025-06-13 16:14:05,356 - isca - DEBUG - 
2025-06-13 16:14:05,356 - isca - WARNING - WARNING from PE   14: socrates_init: dt_rad does not fit into one day an integer number of times
2025-06-13 16:14:05,356 - isca - DEBUG - 
2025-06-13 16:14:05,357 - isca - DEBUG - 
2025-06-13 16:14:05,357 - isca - WARNING - WARNING from PE   13: socrates_init: dt_rad does not fit into one day an integer number of times
2025-06-13 16:14:05,357 - isca - DEBUG - 
2025-06-13 16:14:05,358 - isca - DEBUG - 
2025-06-13 16:14:05,358 - isca - WARNING - WARNING from PE    3: socrates_init: dt_rad does not fit into one day an integer number of times
2025-06-13 16:14:05,358 - isca - DEBUG - 
2025-06-13 16:14:05,358 - isca - DEBUG - 
2025-06-13 16:14:05,358 - isca - DEBUG - 
2025-06-13 16:14:05,358 - isca - WARNING - WARNING from PE    2: socrates_init: dt_rad does not fit into one day an integer number of times
2025-06-13 16:14:05,358 - isca - DEBUG - 
2025-06-13 16:14:05,358 - isca - DEBUG - 
2025-06-13 16:14:05,358 - isca - WARNING - WARNING from PE    5: socrates_init: dt_rad does not fit into one day an integer number of times
2025-06-13 16:14:05,358 - isca - DEBUG - 
2025-06-13 16:14:05,358 - isca - WARNING - WARNING from PE    7: socrates_init: dt_rad does not fit into one day an integer number of times
2025-06-13 16:14:05,358 - isca - DEBUG - 
2025-06-13 16:14:05,358 - isca - DEBUG - 
2025-06-13 16:14:05,358 - isca - WARNING - WARNING from PE    6: socrates_init: dt_rad does not fit into one day an integer number of times
2025-06-13 16:14:05,358 - isca - DEBUG - 
2025-06-13 16:14:05,358 - isca - DEBUG - 
2025-06-13 16:14:05,358 - isca - WARNING - WARNING from PE    1: socrates_init: dt_rad does not fit into one day an integer number of times
2025-06-13 16:14:05,358 - isca - DEBUG - 
2025-06-13 16:14:05,358 - isca - DEBUG - 
2025-06-13 16:14:05,358 - isca - WARNING - WARNING from PE    4: socrates_init: dt_rad does not fit into one day an integer number of times
2025-06-13 16:14:05,358 - isca - DEBUG - 
2025-06-13 16:14:05,362 - isca - DEBUG - 
2025-06-13 16:14:05,363 - isca - WARNING - WARNING from PE    0: socrates_init: dt_rad does not fit into one day an integer number of times
2025-06-13 16:14:05,363 - isca - DEBUG - 
2025-06-13 16:14:05,363 - isca - DEBUG - 
2025-06-13 16:14:05,363 - isca - WARNING - WARNING from PE    0: socrates_init: dt_rad does not fit into one day an integer number of times
2025-06-13 16:14:05,363 - isca - DEBUG - 
2025-06-13 16:14:05,363 - isca - DEBUG - 
2025-06-13 16:14:05,363 - isca - WARNING - WARNING from PE    0: socrates_init: lw_hires_spectral_filename is unset, making equal to lw_spectral_filename
2025-06-13 16:14:05,363 - isca - DEBUG - 
2025-06-13 16:14:05,363 - isca - DEBUG - 
2025-06-13 16:14:05,363 - isca - WARNING - WARNING from PE    0: socrates_init: lw_hires_spectral_filename is unset, making equal to lw_spectral_filename
2025-06-13 16:14:05,363 - isca - DEBUG - 
2025-06-13 16:14:05,363 - isca - DEBUG - 
2025-06-13 16:14:05,363 - isca - WARNING - WARNING from PE    0: socrates_init: sw_hires_spectral_filename is unset, making equal to sw_spectral_filename
2025-06-13 16:14:05,363 - isca - DEBUG - 
2025-06-13 16:14:05,363 - isca - DEBUG - 
2025-06-13 16:14:05,363 - isca - WARNING - WARNING from PE    0: socrates_init: sw_hires_spectral_filename is unset, making equal to sw_spectral_filename
2025-06-13 16:14:05,363 - isca - DEBUG - 
2025-06-13 16:14:06,422 - isca - DEBUG - NOTE from PE    0: Interpolator: Using input file with no time dimension - ozone_1990_notime_zero.nc
2025-06-13 16:14:06,422 - isca - DEBUG - Initializing src field : ozone_1990
2025-06-13 16:14:06,424 - isca - DEBUG - 
2025-06-13 16:14:06,424 - isca - DEBUG - -----------------------------------
2025-06-13 16:14:06,424 - isca - DEBUG - ____                       _
2025-06-13 16:14:06,424 - isca - DEBUG - / ___|  ___   ___ _ __ __ _| |_ ___  ___
2025-06-13 16:14:06,424 - isca - DEBUG - \___ \ / _ \ / __|  __/ _` | __/ _ \/ __|
2025-06-13 16:14:06,425 - isca - DEBUG - ___) | (_) | (__| | | (_| | ||  __/\__ \
2025-06-13 16:14:06,425 - isca - DEBUG - |____/ \___/ \___|_|  \__,_|\__\___||___/
2025-06-13 16:14:06,425 - isca - DEBUG - 
2025-06-13 16:14:06,425 - isca - DEBUG - Initialised Socrates v17.03
2025-06-13 16:14:06,425 - isca - DEBUG - Stellar constant =    1950.00000000000
2025-06-13 16:14:06,425 - isca - DEBUG - Longwave spectral file =
2025-06-13 16:14:06,425 - isca - DEBUG - /proj/bolinc/users/x_ryabo/socrates_edited_for_isca/spectral_files_for_GCMs/Sun
2025-06-13 16:14:06,425 - isca - DEBUG - /miniSuran_lw.sf WITH           16  bands
2025-06-13 16:14:06,425 - isca - DEBUG - Longwave hires spectral file =
2025-06-13 16:14:06,425 - isca - DEBUG - /proj/bolinc/users/x_ryabo/socrates_edited_for_isca/spectral_files_for_GCMs/Sun
2025-06-13 16:14:06,425 - isca - DEBUG - /miniSuran_lw.sf WITH           16  bands
2025-06-13 16:14:06,425 - isca - DEBUG - Shortwave spectral file =
2025-06-13 16:14:06,425 - isca - DEBUG - /proj/bolinc/users/x_ryabo/socrates_edited_for_isca/spectral_files_for_GCMs/Sun
2025-06-13 16:14:06,425 - isca - DEBUG - /miniSuran_sw.sf WITH           16  bands
2025-06-13 16:14:06,425 - isca - DEBUG - Shortwave hires spectral file =
2025-06-13 16:14:06,425 - isca - DEBUG - /proj/bolinc/users/x_ryabo/socrates_edited_for_isca/spectral_files_for_GCMs/Sun
2025-06-13 16:14:06,425 - isca - DEBUG - /miniSuran_sw.sf WITH           16  bands
2025-06-13 16:14:06,425 - isca - DEBUG - 
2025-06-13 16:14:06,425 - isca - DEBUG - -----------------------------------
2025-06-13 16:14:06,425 - isca - DEBUG - 
2025-06-13 16:14:47,067 - isca - DEBUG - Integration completed through 21241 days     0 seconds
2025-06-13 16:15:27,594 - isca - DEBUG - Integration completed through 21242 days     0 seconds
2025-06-13 16:16:08,229 - isca - DEBUG - Integration completed through 21243 days     0 seconds
2025-06-13 16:16:48,899 - isca - DEBUG - Integration completed through 21244 days     0 seconds
2025-06-13 16:17:29,140 - isca - DEBUG - Integration completed through 21245 days     0 seconds
2025-06-13 16:18:09,593 - isca - DEBUG - Integration completed through 21246 days     0 seconds
2025-06-13 16:18:50,235 - isca - DEBUG - Integration completed through 21247 days     0 seconds
2025-06-13 16:19:30,786 - isca - DEBUG - Integration completed through 21248 days     0 seconds
2025-06-13 16:20:11,627 - isca - DEBUG - Integration completed through 21249 days     0 seconds
2025-06-13 16:20:52,279 - isca - DEBUG - Integration completed through 21250 days     0 seconds
2025-06-13 16:21:32,288 - isca - DEBUG - Integration completed through 21251 days     0 seconds
2025-06-13 16:22:12,416 - isca - DEBUG - Integration completed through 21252 days     0 seconds
2025-06-13 16:22:52,625 - isca - DEBUG - Integration completed through 21253 days     0 seconds
2025-06-13 16:23:33,040 - isca - DEBUG - Integration completed through 21254 days     0 seconds
2025-06-13 16:24:13,336 - isca - DEBUG - Integration completed through 21255 days     0 seconds
2025-06-13 16:24:53,713 - isca - DEBUG - Integration completed through 21256 days     0 seconds
2025-06-13 16:25:34,095 - isca - DEBUG - Integration completed through 21257 days     0 seconds
2025-06-13 16:26:14,377 - isca - DEBUG - Integration completed through 21258 days     0 seconds
2025-06-13 16:26:54,828 - isca - DEBUG - Integration completed through 21259 days     0 seconds
2025-06-13 16:27:35,532 - isca - DEBUG - Integration completed through 21260 days     0 seconds
2025-06-13 16:28:15,902 - isca - DEBUG - Integration completed through 21261 days     0 seconds
2025-06-13 16:28:56,303 - isca - DEBUG - Integration completed through 21262 days     0 seconds
2025-06-13 16:29:36,987 - isca - DEBUG - Integration completed through 21263 days     0 seconds
2025-06-13 16:30:17,712 - isca - DEBUG - Integration completed through 21264 days     0 seconds
2025-06-13 16:30:58,427 - isca - DEBUG - Integration completed through 21265 days     0 seconds
2025-06-13 16:31:39,051 - isca - DEBUG - Integration completed through 21266 days     0 seconds
2025-06-13 16:32:19,745 - isca - DEBUG - Integration completed through 21267 days     0 seconds
2025-06-13 16:33:00,231 - isca - DEBUG - Integration completed through 21268 days     0 seconds
2025-06-13 16:33:40,494 - isca - DEBUG - Integration completed through 21269 days     0 seconds
2025-06-13 16:34:20,911 - isca - DEBUG - Integration completed through 21270 days     0 seconds
2025-06-13 16:34:20,918 - isca - DEBUG - 
2025-06-13 16:34:20,919 - isca - WARNING - WARNING from PE    0: diag_util_mod::opening_file: module/field_name (socrates/soc_toa_sw_down_clr) NOT registered
2025-06-13 16:34:20,919 - isca - DEBUG - 
2025-06-13 16:34:20,919 - isca - DEBUG - 
2025-06-13 16:34:20,919 - isca - WARNING - WARNING from PE    0: diag_util_mod::opening_file: module/field_name (cloud_simple/rh_min) NOT registered
2025-06-13 16:34:20,919 - isca - DEBUG - 
2025-06-13 16:34:20,919 - isca - DEBUG - 
2025-06-13 16:34:20,919 - isca - WARNING - WARNING from PE    0: diag_util_mod::opening_file: module/field_name (socrates/soc_toa_sw_down_clr) NOT registered
2025-06-13 16:34:20,919 - isca - DEBUG - 
2025-06-13 16:34:20,919 - isca - DEBUG - 
2025-06-13 16:34:20,919 - isca - WARNING - WARNING from PE    0: diag_util_mod::opening_file: module/field_name (cloud_simple/rh_min) NOT registered
2025-06-13 16:34:20,919 - isca - DEBUG - 
2025-06-13 16:34:20,929 - isca - DEBUG - NOTE from PE    0: MPP_IO_SET_STACK_SIZE: stack size set to     393216.
2025-06-13 16:34:21,051 - isca - DEBUG - MPP_DOMAINS_STACK high water mark=       49152
2025-06-13 16:34:21,051 - isca - DEBUG - 
2025-06-13 16:34:21,051 - isca - DEBUG - Tabulating mpp_clock statistics across     16 PEs...
2025-06-13 16:34:21,051 - isca - DEBUG - 
2025-06-13 16:34:21,051 - isca - DEBUG - tmin          tmax          tavg          tstd  tfrac grain pemin pemax
2025-06-13 16:34:21,052 - isca - DEBUG - Total runtime                      1215.761975   1215.767216   1215.764733      0.001688  1.000     0     0    15
2025-06-13 16:34:21,052 - isca - DEBUG - MPP_STACK high water mark=           0
2025-06-13 16:34:21,184 - isca - INFO - Run 709 complete
2025-06-13 16:34:22,077 - isca - DEBUG - atmos_monthly.nc combined and copied to data directory
2025-06-13 16:34:25,299 - isca - INFO - Restart archive created at /proj/bolinc/users/x_ryabo/Isca-Ryan_outputs/presentday_1540_Sun_noO3_1950/restarts/res0709.tar.gz
2025-06-13 16:34:25,310 - isca - INFO - Writing namelist to '/proj/bolinc/users/x_ryabo/Isca-Ryan_outputs/presentday_1540_Sun_noO3_1950/run0709/input.nml'
2025-06-13 16:34:25,312 - isca - INFO - Writing field_table to '/proj/bolinc/users/x_ryabo/Isca-Ryan_outputs/presentday_1540_Sun_noO3_1950/run0709/field_table'
2025-06-13 16:34:25,321 - isca - INFO - Writing diag_table to '/proj/bolinc/users/x_ryabo/Isca-Ryan_outputs/presentday_1540_Sun_noO3_1950/run0709/diag_table'
2025-06-13 16:34:25,594 - isca - INFO - Emptied run directory '/home/x_ryabo/Isca-Ryan_tmp/experiment/presentday_1540_Sun_noO3_1950/run'
2025-06-13 16:34:25,610 - isca - INFO - Emptied run directory '/home/x_ryabo/Isca-Ryan_tmp/experiment/presentday_1540_Sun_noO3_1950/run'
2025-06-13 16:34:25,817 - isca - INFO - Writing namelist to '/home/x_ryabo/Isca-Ryan_tmp/experiment/presentday_1540_Sun_noO3_1950/run/input.nml'
2025-06-13 16:34:25,819 - isca - INFO - Writing field_table to '/home/x_ryabo/Isca-Ryan_tmp/experiment/presentday_1540_Sun_noO3_1950/run/field_table'
2025-06-13 16:34:25,831 - isca - INFO - Writing diag_table to '/home/x_ryabo/Isca-Ryan_tmp/experiment/presentday_1540_Sun_noO3_1950/run/diag_table'
2025-06-13 16:34:25,843 - isca - INFO - Using restart file '/proj/bolinc/users/x_ryabo/Isca-Ryan_outputs/presentday_1540_Sun_noO3_1950/restarts/res0709.tar.gz'
2025-06-13 16:34:26,258 - isca - INFO - Restart /proj/bolinc/users/x_ryabo/Isca-Ryan_outputs/presentday_1540_Sun_noO3_1950/restarts/res0709.tar.gz extracted to /home/x_ryabo/Isca-Ryan_tmp/experiment/presentday_1540_Sun_noO3_1950/run/INPUT
2025-06-13 16:34:26,259 - isca - INFO - Beginning run 710
2025-06-13 16:34:26,268 - isca - INFO - process running as 986312
2025-06-13 16:34:26,269 - isca - DEBUG - loadmodules for Isca on NSC cluster Tetralith
2025-06-13 16:34:26,269 - isca - DEBUG - mpiifort
2025-06-13 16:34:26,371 - isca - DEBUG - The following modules were not unloaded:
2025-06-13 16:34:26,372 - isca - DEBUG - (Use "module --force purge" to unload all):
2025-06-13 16:34:26,372 - isca - DEBUG - 
2025-06-13 16:34:26,372 - isca - DEBUG - 1) hpc/.1.10.1
2025-06-13 16:34:26,469 - isca - DEBUG - ***************************************************
2025-06-13 16:34:26,469 - isca - DEBUG - You have loaded a buildenv module
2025-06-13 16:34:26,469 - isca - DEBUG - ***************************************************
2025-06-13 16:34:26,469 - isca - DEBUG - The buldenv-intel module makes available:
2025-06-13 16:34:26,469 - isca - DEBUG - - Compilers: icc, ifort, etc.
2025-06-13 16:34:26,469 - isca - DEBUG - - Mpi library with mpi-wrapped compilers: intel mpi with mpicc, mpifort, etc.
2025-06-13 16:34:26,469 - isca - DEBUG - - Numerical libraries: intel MKL
2025-06-13 16:34:26,469 - isca - DEBUG - 
2025-06-13 16:34:26,469 - isca - DEBUG - It also makes a set of dependency library modules available via
2025-06-13 16:34:26,469 - isca - DEBUG - the regular module command. Just do:
2025-06-13 16:34:26,469 - isca - DEBUG - module avail
2025-06-13 16:34:26,469 - isca - DEBUG - to see what is available.
2025-06-13 16:34:26,469 - isca - DEBUG - 
2025-06-13 16:34:26,469 - isca - DEBUG - NOTE: You shoud never load build environments inside submitted jobs.
2025-06-13 16:34:26,469 - isca - DEBUG - (with the single exception of when using supercomputer time to compile code.)
2025-06-13 16:34:26,469 - isca - DEBUG - 
2025-06-13 16:34:27,663 - isca - DEBUG - NOTE from PE    0: MPP_DOMAINS_SET_STACK_SIZE: stack size set to    32768.
2025-06-13 16:34:27,664 - isca - DEBUG - &MPP_IO_NML
2025-06-13 16:34:27,664 - isca - DEBUG - HEADER_BUFFER_VAL       =       16384,
2025-06-13 16:34:27,664 - isca - DEBUG - GLOBAL_FIELD_ON_ROOT_PE = T,
2025-06-13 16:34:27,664 - isca - DEBUG - IO_CLOCKS_ON    = F,
2025-06-13 16:34:27,664 - isca - DEBUG - SHUFFLE =           0,
2025-06-13 16:34:27,664 - isca - DEBUG - DEFLATE_LEVEL   =          -1
2025-06-13 16:34:27,664 - isca - DEBUG - /
2025-06-13 16:34:27,665 - isca - DEBUG - NOTE from PE    0: MPP_IO_SET_STACK_SIZE: stack size set to     131072.
2025-06-13 16:34:27,666 - isca - DEBUG - NOTE from PE    0: MPP_DOMAINS_SET_STACK_SIZE: stack size set to   600000.
2025-06-13 16:34:27,673 - isca - DEBUG - starting            1  OpenMP threads per MPI-task
2025-06-13 16:34:27,675 - isca - DEBUG - ATMOS MODEL DOMAIN DECOMPOSITION
2025-06-13 16:34:27,675 - isca - DEBUG - X-AXIS =  128
2025-06-13 16:34:27,675 - isca - DEBUG - Y-AXIS =    4   4   4   4   4   4   4   4   4   4   4   4   4   4   4   4
2025-06-13 16:34:27,723 - isca - DEBUG - 
2025-06-13 16:34:27,724 - isca - WARNING - WARNING from PE    5: socrates_init: dt_rad does not fit into one day an integer number of times
2025-06-13 16:34:27,724 - isca - DEBUG - 
2025-06-13 16:34:27,727 - isca - DEBUG - 
2025-06-13 16:34:27,727 - isca - WARNING - WARNING from PE    9: socrates_init: dt_rad does not fit into one day an integer number of times
2025-06-13 16:34:27,727 - isca - DEBUG - 
2025-06-13 16:34:27,727 - isca - DEBUG - 
2025-06-13 16:34:27,727 - isca - WARNING - WARNING from PE   15: socrates_init: dt_rad does not fit into one day an integer number of times
2025-06-13 16:34:27,727 - isca - DEBUG - 
2025-06-13 16:34:27,728 - isca - DEBUG - 
2025-06-13 16:34:27,728 - isca - WARNING - WARNING from PE   12: socrates_init: dt_rad does not fit into one day an integer number of times
2025-06-13 16:34:27,728 - isca - DEBUG - 
2025-06-13 16:34:27,728 - isca - DEBUG - 
2025-06-13 16:34:27,728 - isca - WARNING - WARNING from PE    8: socrates_init: dt_rad does not fit into one day an integer number of times
2025-06-13 16:34:27,728 - isca - DEBUG - 
2025-06-13 16:34:27,728 - isca - DEBUG - 
2025-06-13 16:34:27,728 - isca - WARNING - WARNING from PE   14: socrates_init: dt_rad does not fit into one day an integer number of times
2025-06-13 16:34:27,728 - isca - DEBUG - 
2025-06-13 16:34:27,730 - isca - DEBUG - NOTE from PE    0: cloud_simple: Using SimCloud cloud scheme
2025-06-13 16:34:27,731 - isca - DEBUG - NOTE from PE    0: ls_cloud: Using linear cloud fraction diagnostic formula.
2025-06-13 16:34:27,732 - isca - DEBUG - NOTE from PE    0: cloud_cover: The cloud overlap assumption is MAXIMUM-RANDOM
2025-06-13 16:34:27,732 - isca - DEBUG - NOTE from PE    0: idealized_moist_phys: Using Frierson Quasi-Equilibrium convection scheme.
2025-06-13 16:34:27,733 - isca - DEBUG - 
2025-06-13 16:34:27,733 - isca - WARNING - WARNING from PE   11: socrates_init: dt_rad does not fit into one day an integer number of times
2025-06-13 16:34:27,733 - isca - DEBUG - 
2025-06-13 16:34:27,735 - isca - DEBUG - 
2025-06-13 16:34:27,735 - isca - DEBUG - 
2025-06-13 16:34:27,736 - isca - WARNING - WARNING from PE    4: socrates_init: dt_rad does not fit into one day an integer number of times
2025-06-13 16:34:27,736 - isca - DEBUG - 
2025-06-13 16:34:27,736 - isca - WARNING - WARNING from PE    2: socrates_init: dt_rad does not fit into one day an integer number of times
2025-06-13 16:34:27,736 - isca - DEBUG - 
2025-06-13 16:34:27,736 - isca - DEBUG - 
2025-06-13 16:34:27,736 - isca - WARNING - WARNING from PE   10: socrates_init: dt_rad does not fit into one day an integer number of times
2025-06-13 16:34:27,736 - isca - DEBUG - 
2025-06-13 16:34:27,736 - isca - DEBUG - 
2025-06-13 16:34:27,736 - isca - WARNING - WARNING from PE   13: socrates_init: dt_rad does not fit into one day an integer number of times
2025-06-13 16:34:27,736 - isca - DEBUG - 
2025-06-13 16:34:27,736 - isca - DEBUG - 
2025-06-13 16:34:27,736 - isca - WARNING - WARNING from PE    7: socrates_init: dt_rad does not fit into one day an integer number of times
2025-06-13 16:34:27,736 - isca - DEBUG - 
2025-06-13 16:34:27,736 - isca - DEBUG - 
2025-06-13 16:34:27,736 - isca - WARNING - WARNING from PE    1: socrates_init: dt_rad does not fit into one day an integer number of times
2025-06-13 16:34:27,736 - isca - DEBUG - 
2025-06-13 16:34:27,736 - isca - DEBUG - 
2025-06-13 16:34:27,736 - isca - WARNING - WARNING from PE    6: socrates_init: dt_rad does not fit into one day an integer number of times
2025-06-13 16:34:27,736 - isca - DEBUG - 
2025-06-13 16:34:27,736 - isca - WARNING - WARNING from PE    3: socrates_init: dt_rad does not fit into one day an integer number of times
2025-06-13 16:34:27,736 - isca - DEBUG - 
2025-06-13 16:34:27,736 - isca - DEBUG - 
2025-06-13 16:34:27,741 - isca - DEBUG - 
2025-06-13 16:34:27,741 - isca - WARNING - WARNING from PE    0: socrates_init: dt_rad does not fit into one day an integer number of times
2025-06-13 16:34:27,741 - isca - DEBUG - 
2025-06-13 16:34:27,741 - isca - DEBUG - 
2025-06-13 16:34:27,741 - isca - WARNING - WARNING from PE    0: socrates_init: dt_rad does not fit into one day an integer number of times
2025-06-13 16:34:27,741 - isca - DEBUG - 
2025-06-13 16:34:27,741 - isca - DEBUG - 
2025-06-13 16:34:27,741 - isca - WARNING - WARNING from PE    0: socrates_init: lw_hires_spectral_filename is unset, making equal to lw_spectral_filename
2025-06-13 16:34:27,741 - isca - DEBUG - 
2025-06-13 16:34:27,741 - isca - DEBUG - 
2025-06-13 16:34:27,741 - isca - WARNING - WARNING from PE    0: socrates_init: lw_hires_spectral_filename is unset, making equal to lw_spectral_filename
2025-06-13 16:34:27,741 - isca - DEBUG - 
2025-06-13 16:34:27,741 - isca - DEBUG - 
2025-06-13 16:34:27,741 - isca - WARNING - WARNING from PE    0: socrates_init: sw_hires_spectral_filename is unset, making equal to sw_spectral_filename
2025-06-13 16:34:27,741 - isca - DEBUG - 
2025-06-13 16:34:27,741 - isca - DEBUG - 
2025-06-13 16:34:27,741 - isca - WARNING - WARNING from PE    0: socrates_init: sw_hires_spectral_filename is unset, making equal to sw_spectral_filename
2025-06-13 16:34:27,741 - isca - DEBUG - 
2025-06-13 16:34:28,786 - isca - DEBUG - NOTE from PE    0: Interpolator: Using input file with no time dimension - ozone_1990_notime_zero.nc
2025-06-13 16:34:28,786 - isca - DEBUG - Initializing src field : ozone_1990
2025-06-13 16:34:28,788 - isca - DEBUG - 
2025-06-13 16:34:28,788 - isca - DEBUG - -----------------------------------
2025-06-13 16:34:28,788 - isca - DEBUG - ____                       _
2025-06-13 16:34:28,788 - isca - DEBUG - / ___|  ___   ___ _ __ __ _| |_ ___  ___
2025-06-13 16:34:28,788 - isca - DEBUG - \___ \ / _ \ / __|  __/ _` | __/ _ \/ __|
2025-06-13 16:34:28,788 - isca - DEBUG - ___) | (_) | (__| | | (_| | ||  __/\__ \
2025-06-13 16:34:28,788 - isca - DEBUG - |____/ \___/ \___|_|  \__,_|\__\___||___/
2025-06-13 16:34:28,788 - isca - DEBUG - 
2025-06-13 16:34:28,788 - isca - DEBUG - Initialised Socrates v17.03
2025-06-13 16:34:28,788 - isca - DEBUG - Stellar constant =    1950.00000000000
2025-06-13 16:34:28,788 - isca - DEBUG - Longwave spectral file =
2025-06-13 16:34:28,788 - isca - DEBUG - /proj/bolinc/users/x_ryabo/socrates_edited_for_isca/spectral_files_for_GCMs/Sun
2025-06-13 16:34:28,788 - isca - DEBUG - /miniSuran_lw.sf WITH           16  bands
2025-06-13 16:34:28,789 - isca - DEBUG - Longwave hires spectral file =
2025-06-13 16:34:28,789 - isca - DEBUG - /proj/bolinc/users/x_ryabo/socrates_edited_for_isca/spectral_files_for_GCMs/Sun
2025-06-13 16:34:28,789 - isca - DEBUG - /miniSuran_lw.sf WITH           16  bands
2025-06-13 16:34:28,789 - isca - DEBUG - Shortwave spectral file =
2025-06-13 16:34:28,789 - isca - DEBUG - /proj/bolinc/users/x_ryabo/socrates_edited_for_isca/spectral_files_for_GCMs/Sun
2025-06-13 16:34:28,789 - isca - DEBUG - /miniSuran_sw.sf WITH           16  bands
2025-06-13 16:34:28,789 - isca - DEBUG - Shortwave hires spectral file =
2025-06-13 16:34:28,789 - isca - DEBUG - /proj/bolinc/users/x_ryabo/socrates_edited_for_isca/spectral_files_for_GCMs/Sun
2025-06-13 16:34:28,789 - isca - DEBUG - /miniSuran_sw.sf WITH           16  bands
2025-06-13 16:34:28,789 - isca - DEBUG - 
2025-06-13 16:34:28,789 - isca - DEBUG - -----------------------------------
2025-06-13 16:34:28,789 - isca - DEBUG - 
2025-06-13 16:35:09,176 - isca - DEBUG - Integration completed through 21271 days     0 seconds
2025-06-13 16:35:49,241 - isca - DEBUG - Integration completed through 21272 days     0 seconds
2025-06-13 16:36:29,573 - isca - DEBUG - Integration completed through 21273 days     0 seconds
2025-06-13 16:37:09,703 - isca - DEBUG - Integration completed through 21274 days     0 seconds
2025-06-13 16:37:49,988 - isca - DEBUG - Integration completed through 21275 days     0 seconds
2025-06-13 16:38:30,603 - isca - DEBUG - Integration completed through 21276 days     0 seconds
2025-06-13 16:39:10,906 - isca - DEBUG - Integration completed through 21277 days     0 seconds
2025-06-13 16:39:51,108 - isca - DEBUG - Integration completed through 21278 days     0 seconds
2025-06-13 16:40:31,325 - isca - DEBUG - Integration completed through 21279 days     0 seconds
2025-06-13 16:41:11,436 - isca - DEBUG - Integration completed through 21280 days     0 seconds
2025-06-13 16:41:51,621 - isca - DEBUG - Integration completed through 21281 days     0 seconds
2025-06-13 16:42:31,982 - isca - DEBUG - Integration completed through 21282 days     0 seconds
2025-06-13 16:43:12,480 - isca - DEBUG - Integration completed through 21283 days     0 seconds
2025-06-13 16:43:53,310 - isca - DEBUG - Integration completed through 21284 days     0 seconds
2025-06-13 16:44:33,997 - isca - DEBUG - Integration completed through 21285 days     0 seconds
2025-06-13 16:45:14,805 - isca - DEBUG - Integration completed through 21286 days     0 seconds
2025-06-13 16:45:55,445 - isca - DEBUG - Integration completed through 21287 days     0 seconds
2025-06-13 16:46:36,065 - isca - DEBUG - Integration completed through 21288 days     0 seconds
2025-06-13 16:47:16,441 - isca - DEBUG - Integration completed through 21289 days     0 seconds
2025-06-13 16:47:56,744 - isca - DEBUG - Integration completed through 21290 days     0 seconds
2025-06-13 16:48:37,053 - isca - DEBUG - Integration completed through 21291 days     0 seconds
2025-06-13 16:49:17,248 - isca - DEBUG - Integration completed through 21292 days     0 seconds
2025-06-13 16:49:57,607 - isca - DEBUG - Integration completed through 21293 days     0 seconds
2025-06-13 16:50:37,987 - isca - DEBUG - Integration completed through 21294 days     0 seconds
2025-06-13 16:51:18,527 - isca - DEBUG - Integration completed through 21295 days     0 seconds
2025-06-13 16:51:59,147 - isca - DEBUG - Integration completed through 21296 days     0 seconds
2025-06-13 16:52:39,548 - isca - DEBUG - Integration completed through 21297 days     0 seconds
2025-06-13 16:53:19,999 - isca - DEBUG - Integration completed through 21298 days     0 seconds
2025-06-13 16:54:00,242 - isca - DEBUG - Integration completed through 21299 days     0 seconds
2025-06-13 16:54:40,437 - isca - DEBUG - Integration completed through 21300 days     0 seconds
2025-06-13 16:54:40,445 - isca - DEBUG - 
2025-06-13 16:54:40,445 - isca - WARNING - WARNING from PE    0: diag_util_mod::opening_file: module/field_name (socrates/soc_toa_sw_down_clr) NOT registered
2025-06-13 16:54:40,445 - isca - DEBUG - 
2025-06-13 16:54:40,445 - isca - WARNING - WARNING from PE    0: diag_util_mod::opening_file: module/field_name (socrates/soc_toa_sw_down_clr) NOT registered
2025-06-13 16:54:40,445 - isca - DEBUG - 
2025-06-13 16:54:40,445 - isca - DEBUG - 
2025-06-13 16:54:40,445 - isca - WARNING - WARNING from PE    0: diag_util_mod::opening_file: module/field_name (cloud_simple/rh_min) NOT registered
2025-06-13 16:54:40,445 - isca - DEBUG - 
2025-06-13 16:54:40,445 - isca - DEBUG - 
2025-06-13 16:54:40,445 - isca - DEBUG - 
2025-06-13 16:54:40,445 - isca - WARNING - WARNING from PE    0: diag_util_mod::opening_file: module/field_name (cloud_simple/rh_min) NOT registered
2025-06-13 16:54:40,445 - isca - DEBUG - 
2025-06-13 16:54:40,455 - isca - DEBUG - NOTE from PE    0: MPP_IO_SET_STACK_SIZE: stack size set to     393216.
2025-06-13 16:54:40,544 - isca - DEBUG - MPP_DOMAINS_STACK high water mark=       49152
2025-06-13 16:54:40,544 - isca - DEBUG - 
2025-06-13 16:54:40,544 - isca - DEBUG - Tabulating mpp_clock statistics across     16 PEs...
2025-06-13 16:54:40,544 - isca - DEBUG - 
2025-06-13 16:54:40,544 - isca - DEBUG - tmin          tmax          tavg          tstd  tfrac grain pemin pemax
2025-06-13 16:54:40,545 - isca - DEBUG - Total runtime                      1212.879621   1212.885312   1212.882314      0.001749  1.000     0     0    15
2025-06-13 16:54:40,545 - isca - DEBUG - MPP_STACK high water mark=           0
2025-06-13 16:54:40,704 - isca - INFO - Run 710 complete
2025-06-13 16:54:41,569 - isca - DEBUG - atmos_monthly.nc combined and copied to data directory
2025-06-13 16:54:44,766 - isca - INFO - Restart archive created at /proj/bolinc/users/x_ryabo/Isca-Ryan_outputs/presentday_1540_Sun_noO3_1950/restarts/res0710.tar.gz
2025-06-13 16:54:44,777 - isca - INFO - Writing namelist to '/proj/bolinc/users/x_ryabo/Isca-Ryan_outputs/presentday_1540_Sun_noO3_1950/run0710/input.nml'
2025-06-13 16:54:44,779 - isca - INFO - Writing field_table to '/proj/bolinc/users/x_ryabo/Isca-Ryan_outputs/presentday_1540_Sun_noO3_1950/run0710/field_table'
2025-06-13 16:54:44,788 - isca - INFO - Writing diag_table to '/proj/bolinc/users/x_ryabo/Isca-Ryan_outputs/presentday_1540_Sun_noO3_1950/run0710/diag_table'
2025-06-13 16:54:45,040 - isca - INFO - Emptied run directory '/home/x_ryabo/Isca-Ryan_tmp/experiment/presentday_1540_Sun_noO3_1950/run'
2025-06-13 16:54:45,056 - isca - INFO - Emptied run directory '/home/x_ryabo/Isca-Ryan_tmp/experiment/presentday_1540_Sun_noO3_1950/run'
2025-06-13 16:54:45,268 - isca - INFO - Writing namelist to '/home/x_ryabo/Isca-Ryan_tmp/experiment/presentday_1540_Sun_noO3_1950/run/input.nml'
2025-06-13 16:54:45,270 - isca - INFO - Writing field_table to '/home/x_ryabo/Isca-Ryan_tmp/experiment/presentday_1540_Sun_noO3_1950/run/field_table'
2025-06-13 16:54:45,280 - isca - INFO - Writing diag_table to '/home/x_ryabo/Isca-Ryan_tmp/experiment/presentday_1540_Sun_noO3_1950/run/diag_table'
2025-06-13 16:54:45,315 - isca - INFO - Using restart file '/proj/bolinc/users/x_ryabo/Isca-Ryan_outputs/presentday_1540_Sun_noO3_1950/restarts/res0710.tar.gz'
2025-06-13 16:54:45,732 - isca - INFO - Restart /proj/bolinc/users/x_ryabo/Isca-Ryan_outputs/presentday_1540_Sun_noO3_1950/restarts/res0710.tar.gz extracted to /home/x_ryabo/Isca-Ryan_tmp/experiment/presentday_1540_Sun_noO3_1950/run/INPUT
2025-06-13 16:54:45,732 - isca - INFO - Beginning run 711
2025-06-13 16:54:45,745 - isca - INFO - process running as 987365
2025-06-13 16:54:45,745 - isca - DEBUG - loadmodules for Isca on NSC cluster Tetralith
2025-06-13 16:54:45,746 - isca - DEBUG - mpiifort
2025-06-13 16:54:45,844 - isca - DEBUG - The following modules were not unloaded:
2025-06-13 16:54:45,844 - isca - DEBUG - (Use "module --force purge" to unload all):
2025-06-13 16:54:45,845 - isca - DEBUG - 
2025-06-13 16:54:45,845 - isca - DEBUG - 1) hpc/.1.10.1
2025-06-13 16:54:45,940 - isca - DEBUG - ***************************************************
2025-06-13 16:54:45,940 - isca - DEBUG - You have loaded a buildenv module
2025-06-13 16:54:45,941 - isca - DEBUG - ***************************************************
2025-06-13 16:54:45,941 - isca - DEBUG - The buldenv-intel module makes available:
2025-06-13 16:54:45,941 - isca - DEBUG - - Compilers: icc, ifort, etc.
2025-06-13 16:54:45,941 - isca - DEBUG - - Mpi library with mpi-wrapped compilers: intel mpi with mpicc, mpifort, etc.
2025-06-13 16:54:45,941 - isca - DEBUG - - Numerical libraries: intel MKL
2025-06-13 16:54:45,941 - isca - DEBUG - 
2025-06-13 16:54:45,941 - isca - DEBUG - It also makes a set of dependency library modules available via
2025-06-13 16:54:45,941 - isca - DEBUG - the regular module command. Just do:
2025-06-13 16:54:45,941 - isca - DEBUG - module avail
2025-06-13 16:54:45,941 - isca - DEBUG - to see what is available.
2025-06-13 16:54:45,941 - isca - DEBUG - 
2025-06-13 16:54:45,941 - isca - DEBUG - NOTE: You shoud never load build environments inside submitted jobs.
2025-06-13 16:54:45,941 - isca - DEBUG - (with the single exception of when using supercomputer time to compile code.)
2025-06-13 16:54:45,941 - isca - DEBUG - 
2025-06-13 16:54:47,147 - isca - DEBUG - NOTE from PE    0: MPP_DOMAINS_SET_STACK_SIZE: stack size set to    32768.
2025-06-13 16:54:47,147 - isca - DEBUG - &MPP_IO_NML
2025-06-13 16:54:47,147 - isca - DEBUG - HEADER_BUFFER_VAL       =       16384,
2025-06-13 16:54:47,147 - isca - DEBUG - GLOBAL_FIELD_ON_ROOT_PE = T,
2025-06-13 16:54:47,147 - isca - DEBUG - IO_CLOCKS_ON    = F,
2025-06-13 16:54:47,147 - isca - DEBUG - SHUFFLE =           0,
2025-06-13 16:54:47,147 - isca - DEBUG - DEFLATE_LEVEL   =          -1
2025-06-13 16:54:47,147 - isca - DEBUG - /
2025-06-13 16:54:47,149 - isca - DEBUG - NOTE from PE    0: MPP_IO_SET_STACK_SIZE: stack size set to     131072.
2025-06-13 16:54:47,149 - isca - DEBUG - NOTE from PE    0: MPP_DOMAINS_SET_STACK_SIZE: stack size set to   600000.
2025-06-13 16:54:47,157 - isca - DEBUG - starting            1  OpenMP threads per MPI-task
2025-06-13 16:54:47,158 - isca - DEBUG - ATMOS MODEL DOMAIN DECOMPOSITION
2025-06-13 16:54:47,159 - isca - DEBUG - X-AXIS =  128
2025-06-13 16:54:47,159 - isca - DEBUG - Y-AXIS =    4   4   4   4   4   4   4   4   4   4   4   4   4   4   4   4
2025-06-13 16:54:47,209 - isca - DEBUG - NOTE from PE    0: cloud_simple: Using SimCloud cloud scheme
2025-06-13 16:54:47,210 - isca - DEBUG - 
2025-06-13 16:54:47,210 - isca - WARNING - WARNING from PE   10: socrates_init: dt_rad does not fit into one day an integer number of times
2025-06-13 16:54:47,210 - isca - DEBUG - 
2025-06-13 16:54:47,210 - isca - DEBUG - 
2025-06-13 16:54:47,210 - isca - WARNING - WARNING from PE   13: socrates_init: dt_rad does not fit into one day an integer number of times
2025-06-13 16:54:47,210 - isca - DEBUG - 
2025-06-13 16:54:47,210 - isca - DEBUG - 
2025-06-13 16:54:47,210 - isca - DEBUG - NOTE from PE    0: ls_cloud: Using linear cloud fraction diagnostic formula.
2025-06-13 16:54:47,210 - isca - DEBUG - 
2025-06-13 16:54:47,210 - isca - WARNING - WARNING from PE   12: socrates_init: dt_rad does not fit into one day an integer number of times
2025-06-13 16:54:47,210 - isca - DEBUG - 
2025-06-13 16:54:47,210 - isca - WARNING - WARNING from PE   15: socrates_init: dt_rad does not fit into one day an integer number of times
2025-06-13 16:54:47,210 - isca - DEBUG - 
2025-06-13 16:54:47,211 - isca - DEBUG - 
2025-06-13 16:54:47,211 - isca - WARNING - WARNING from PE    9: socrates_init: dt_rad does not fit into one day an integer number of times
2025-06-13 16:54:47,211 - isca - DEBUG - 
2025-06-13 16:54:47,211 - isca - DEBUG - 
2025-06-13 16:54:47,211 - isca - DEBUG - NOTE from PE    0: cloud_cover: The cloud overlap assumption is MAXIMUM-RANDOM
2025-06-13 16:54:47,211 - isca - WARNING - WARNING from PE    8: socrates_init: dt_rad does not fit into one day an integer number of times
2025-06-13 16:54:47,211 - isca - DEBUG - NOTE from PE    0: idealized_moist_phys: Using Frierson Quasi-Equilibrium convection scheme.
2025-06-13 16:54:47,211 - isca - DEBUG - 
2025-06-13 16:54:47,211 - isca - DEBUG - 
2025-06-13 16:54:47,211 - isca - WARNING - WARNING from PE   11: socrates_init: dt_rad does not fit into one day an integer number of times
2025-06-13 16:54:47,211 - isca - DEBUG - 
2025-06-13 16:54:47,211 - isca - DEBUG - 
2025-06-13 16:54:47,212 - isca - WARNING - WARNING from PE   14: socrates_init: dt_rad does not fit into one day an integer number of times
2025-06-13 16:54:47,212 - isca - DEBUG - 
2025-06-13 16:54:47,214 - isca - DEBUG - 
2025-06-13 16:54:47,214 - isca - DEBUG - 
2025-06-13 16:54:47,214 - isca - WARNING - WARNING from PE    4: socrates_init: dt_rad does not fit into one day an integer number of times
2025-06-13 16:54:47,214 - isca - DEBUG - 
2025-06-13 16:54:47,214 - isca - WARNING - WARNING from PE    1: socrates_init: dt_rad does not fit into one day an integer number of times
2025-06-13 16:54:47,214 - isca - DEBUG - 
2025-06-13 16:54:47,214 - isca - DEBUG - 
2025-06-13 16:54:47,214 - isca - WARNING - WARNING from PE    3: socrates_init: dt_rad does not fit into one day an integer number of times
2025-06-13 16:54:47,214 - isca - DEBUG - 
2025-06-13 16:54:47,214 - isca - DEBUG - 
2025-06-13 16:54:47,214 - isca - WARNING - WARNING from PE    6: socrates_init: dt_rad does not fit into one day an integer number of times
2025-06-13 16:54:47,214 - isca - DEBUG - 
2025-06-13 16:54:47,215 - isca - DEBUG - 
2025-06-13 16:54:47,215 - isca - WARNING - WARNING from PE    5: socrates_init: dt_rad does not fit into one day an integer number of times
2025-06-13 16:54:47,215 - isca - DEBUG - 
2025-06-13 16:54:47,215 - isca - DEBUG - 
2025-06-13 16:54:47,215 - isca - WARNING - WARNING from PE    2: socrates_init: dt_rad does not fit into one day an integer number of times
2025-06-13 16:54:47,215 - isca - DEBUG - 
2025-06-13 16:54:47,215 - isca - DEBUG - 
2025-06-13 16:54:47,215 - isca - WARNING - WARNING from PE    7: socrates_init: dt_rad does not fit into one day an integer number of times
2025-06-13 16:54:47,215 - isca - DEBUG - 
2025-06-13 16:54:47,219 - isca - DEBUG - 
2025-06-13 16:54:47,219 - isca - WARNING - WARNING from PE    0: socrates_init: dt_rad does not fit into one day an integer number of times
2025-06-13 16:54:47,219 - isca - DEBUG - 
2025-06-13 16:54:47,219 - isca - DEBUG - 
2025-06-13 16:54:47,219 - isca - WARNING - WARNING from PE    0: socrates_init: dt_rad does not fit into one day an integer number of times
2025-06-13 16:54:47,219 - isca - DEBUG - 
2025-06-13 16:54:47,219 - isca - DEBUG - 
2025-06-13 16:54:47,219 - isca - WARNING - WARNING from PE    0: socrates_init: lw_hires_spectral_filename is unset, making equal to lw_spectral_filename
2025-06-13 16:54:47,219 - isca - DEBUG - 
2025-06-13 16:54:47,219 - isca - DEBUG - 
2025-06-13 16:54:47,219 - isca - WARNING - WARNING from PE    0: socrates_init: lw_hires_spectral_filename is unset, making equal to lw_spectral_filename
2025-06-13 16:54:47,219 - isca - DEBUG - 
2025-06-13 16:54:47,220 - isca - DEBUG - 
2025-06-13 16:54:47,220 - isca - WARNING - WARNING from PE    0: socrates_init: sw_hires_spectral_filename is unset, making equal to sw_spectral_filename
2025-06-13 16:54:47,220 - isca - DEBUG - 
2025-06-13 16:54:47,220 - isca - DEBUG - 
2025-06-13 16:54:47,220 - isca - WARNING - WARNING from PE    0: socrates_init: sw_hires_spectral_filename is unset, making equal to sw_spectral_filename
2025-06-13 16:54:47,220 - isca - DEBUG - 
2025-06-13 16:54:48,272 - isca - DEBUG - NOTE from PE    0: Interpolator: Using input file with no time dimension - ozone_1990_notime_zero.nc
2025-06-13 16:54:48,272 - isca - DEBUG - Initializing src field : ozone_1990
2025-06-13 16:54:48,274 - isca - DEBUG - 
2025-06-13 16:54:48,274 - isca - DEBUG - -----------------------------------
2025-06-13 16:54:48,274 - isca - DEBUG - ____                       _
2025-06-13 16:54:48,274 - isca - DEBUG - / ___|  ___   ___ _ __ __ _| |_ ___  ___
2025-06-13 16:54:48,274 - isca - DEBUG - \___ \ / _ \ / __|  __/ _` | __/ _ \/ __|
2025-06-13 16:54:48,274 - isca - DEBUG - ___) | (_) | (__| | | (_| | ||  __/\__ \
2025-06-13 16:54:48,274 - isca - DEBUG - |____/ \___/ \___|_|  \__,_|\__\___||___/
2025-06-13 16:54:48,274 - isca - DEBUG - 
2025-06-13 16:54:48,275 - isca - DEBUG - Initialised Socrates v17.03
2025-06-13 16:54:48,275 - isca - DEBUG - Stellar constant =    1950.00000000000
2025-06-13 16:54:48,275 - isca - DEBUG - Longwave spectral file =
2025-06-13 16:54:48,275 - isca - DEBUG - /proj/bolinc/users/x_ryabo/socrates_edited_for_isca/spectral_files_for_GCMs/Sun
2025-06-13 16:54:48,275 - isca - DEBUG - /miniSuran_lw.sf WITH           16  bands
2025-06-13 16:54:48,275 - isca - DEBUG - Longwave hires spectral file =
2025-06-13 16:54:48,275 - isca - DEBUG - /proj/bolinc/users/x_ryabo/socrates_edited_for_isca/spectral_files_for_GCMs/Sun
2025-06-13 16:54:48,275 - isca - DEBUG - /miniSuran_lw.sf WITH           16  bands
2025-06-13 16:54:48,275 - isca - DEBUG - Shortwave spectral file =
2025-06-13 16:54:48,275 - isca - DEBUG - /proj/bolinc/users/x_ryabo/socrates_edited_for_isca/spectral_files_for_GCMs/Sun
2025-06-13 16:54:48,275 - isca - DEBUG - /miniSuran_sw.sf WITH           16  bands
2025-06-13 16:54:48,275 - isca - DEBUG - Shortwave hires spectral file =
2025-06-13 16:54:48,275 - isca - DEBUG - /proj/bolinc/users/x_ryabo/socrates_edited_for_isca/spectral_files_for_GCMs/Sun
2025-06-13 16:54:48,275 - isca - DEBUG - /miniSuran_sw.sf WITH           16  bands
2025-06-13 16:54:48,275 - isca - DEBUG - 
2025-06-13 16:54:48,275 - isca - DEBUG - -----------------------------------
2025-06-13 16:54:48,275 - isca - DEBUG - 
2025-06-13 16:55:28,647 - isca - DEBUG - Integration completed through 21301 days     0 seconds
2025-06-13 16:56:08,740 - isca - DEBUG - Integration completed through 21302 days     0 seconds
2025-06-13 16:56:48,886 - isca - DEBUG - Integration completed through 21303 days     0 seconds
2025-06-13 16:57:28,933 - isca - DEBUG - Integration completed through 21304 days     0 seconds
2025-06-13 16:58:09,308 - isca - DEBUG - Integration completed through 21305 days     0 seconds
2025-06-13 16:58:49,893 - isca - DEBUG - Integration completed through 21306 days     0 seconds
2025-06-13 16:59:30,298 - isca - DEBUG - Integration completed through 21307 days     0 seconds
2025-06-13 17:00:10,725 - isca - DEBUG - Integration completed through 21308 days     0 seconds
2025-06-13 17:00:51,095 - isca - DEBUG - Integration completed through 21309 days     0 seconds
2025-06-13 17:01:31,223 - isca - DEBUG - Integration completed through 21310 days     0 seconds
2025-06-13 17:02:11,536 - isca - DEBUG - Integration completed through 21311 days     0 seconds
2025-06-13 17:02:51,913 - isca - DEBUG - Integration completed through 21312 days     0 seconds
2025-06-13 17:03:32,327 - isca - DEBUG - Integration completed through 21313 days     0 seconds
2025-06-13 17:04:12,648 - isca - DEBUG - Integration completed through 21314 days     0 seconds
2025-06-13 17:04:53,025 - isca - DEBUG - Integration completed through 21315 days     0 seconds
2025-06-13 17:05:33,250 - isca - DEBUG - Integration completed through 21316 days     0 seconds
2025-06-13 17:06:13,705 - isca - DEBUG - Integration completed through 21317 days     0 seconds
2025-06-13 17:06:54,142 - isca - DEBUG - Integration completed through 21318 days     0 seconds
2025-06-13 17:07:34,704 - isca - DEBUG - Integration completed through 21319 days     0 seconds
2025-06-13 17:08:15,204 - isca - DEBUG - Integration completed through 21320 days     0 seconds
2025-06-13 17:08:55,631 - isca - DEBUG - Integration completed through 21321 days     0 seconds
2025-06-13 17:09:35,900 - isca - DEBUG - Integration completed through 21322 days     0 seconds
2025-06-13 17:10:16,132 - isca - DEBUG - Integration completed through 21323 days     0 seconds
2025-06-13 17:10:56,541 - isca - DEBUG - Integration completed through 21324 days     0 seconds
2025-06-13 17:11:36,864 - isca - DEBUG - Integration completed through 21325 days     0 seconds
2025-06-13 17:12:17,448 - isca - DEBUG - Integration completed through 21326 days     0 seconds
2025-06-13 17:12:57,840 - isca - DEBUG - Integration completed through 21327 days     0 seconds
2025-06-13 17:13:38,501 - isca - DEBUG - Integration completed through 21328 days     0 seconds
2025-06-13 17:14:19,017 - isca - DEBUG - Integration completed through 21329 days     0 seconds
2025-06-13 17:14:59,598 - isca - DEBUG - Integration completed through 21330 days     0 seconds
2025-06-13 17:14:59,666 - isca - DEBUG - 
2025-06-13 17:14:59,666 - isca - WARNING - WARNING from PE    0: diag_util_mod::opening_file: module/field_name (socrates/soc_toa_sw_down_clr) NOT registered
2025-06-13 17:14:59,666 - isca - DEBUG - 
2025-06-13 17:14:59,666 - isca - DEBUG - 
2025-06-13 17:14:59,666 - isca - WARNING - WARNING from PE    0: diag_util_mod::opening_file: module/field_name (cloud_simple/rh_min) NOT registered
2025-06-13 17:14:59,666 - isca - DEBUG - 
2025-06-13 17:14:59,666 - isca - DEBUG - 
2025-06-13 17:14:59,666 - isca - WARNING - WARNING from PE    0: diag_util_mod::opening_file: module/field_name (socrates/soc_toa_sw_down_clr) NOT registered
2025-06-13 17:14:59,666 - isca - DEBUG - 
2025-06-13 17:14:59,667 - isca - DEBUG - 
2025-06-13 17:14:59,667 - isca - WARNING - WARNING from PE    0: diag_util_mod::opening_file: module/field_name (cloud_simple/rh_min) NOT registered
2025-06-13 17:14:59,667 - isca - DEBUG - 
2025-06-13 17:14:59,676 - isca - DEBUG - NOTE from PE    0: MPP_IO_SET_STACK_SIZE: stack size set to     393216.
2025-06-13 17:14:59,770 - isca - DEBUG - MPP_DOMAINS_STACK high water mark=       49152
2025-06-13 17:14:59,770 - isca - DEBUG - 
2025-06-13 17:14:59,770 - isca - DEBUG - Tabulating mpp_clock statistics across     16 PEs...
2025-06-13 17:14:59,770 - isca - DEBUG - 
2025-06-13 17:14:59,770 - isca - DEBUG - tmin          tmax          tavg          tstd  tfrac grain pemin pemax
2025-06-13 17:14:59,771 - isca - DEBUG - Total runtime                      1212.620927   1212.626912   1212.623442      0.001420  1.000     0     0    15
2025-06-13 17:14:59,771 - isca - DEBUG - MPP_STACK high water mark=           0
2025-06-13 17:14:59,939 - isca - INFO - Run 711 complete
2025-06-13 17:15:00,904 - isca - DEBUG - atmos_monthly.nc combined and copied to data directory
2025-06-13 17:15:04,152 - isca - INFO - Restart archive created at /proj/bolinc/users/x_ryabo/Isca-Ryan_outputs/presentday_1540_Sun_noO3_1950/restarts/res0711.tar.gz
2025-06-13 17:15:04,162 - isca - INFO - Writing namelist to '/proj/bolinc/users/x_ryabo/Isca-Ryan_outputs/presentday_1540_Sun_noO3_1950/run0711/input.nml'
2025-06-13 17:15:04,194 - isca - INFO - Writing field_table to '/proj/bolinc/users/x_ryabo/Isca-Ryan_outputs/presentday_1540_Sun_noO3_1950/run0711/field_table'
2025-06-13 17:15:04,204 - isca - INFO - Writing diag_table to '/proj/bolinc/users/x_ryabo/Isca-Ryan_outputs/presentday_1540_Sun_noO3_1950/run0711/diag_table'
2025-06-13 17:15:04,442 - isca - INFO - Emptied run directory '/home/x_ryabo/Isca-Ryan_tmp/experiment/presentday_1540_Sun_noO3_1950/run'
2025-06-13 17:15:04,459 - isca - INFO - Emptied run directory '/home/x_ryabo/Isca-Ryan_tmp/experiment/presentday_1540_Sun_noO3_1950/run'
2025-06-13 17:15:04,669 - isca - INFO - Writing namelist to '/home/x_ryabo/Isca-Ryan_tmp/experiment/presentday_1540_Sun_noO3_1950/run/input.nml'
2025-06-13 17:15:04,671 - isca - INFO - Writing field_table to '/home/x_ryabo/Isca-Ryan_tmp/experiment/presentday_1540_Sun_noO3_1950/run/field_table'
2025-06-13 17:15:04,681 - isca - INFO - Writing diag_table to '/home/x_ryabo/Isca-Ryan_tmp/experiment/presentday_1540_Sun_noO3_1950/run/diag_table'
2025-06-13 17:15:04,693 - isca - INFO - Using restart file '/proj/bolinc/users/x_ryabo/Isca-Ryan_outputs/presentday_1540_Sun_noO3_1950/restarts/res0711.tar.gz'
2025-06-13 17:15:05,107 - isca - INFO - Restart /proj/bolinc/users/x_ryabo/Isca-Ryan_outputs/presentday_1540_Sun_noO3_1950/restarts/res0711.tar.gz extracted to /home/x_ryabo/Isca-Ryan_tmp/experiment/presentday_1540_Sun_noO3_1950/run/INPUT
2025-06-13 17:15:05,108 - isca - INFO - Beginning run 712
2025-06-13 17:15:05,119 - isca - INFO - process running as 988404
2025-06-13 17:15:05,119 - isca - DEBUG - loadmodules for Isca on NSC cluster Tetralith
2025-06-13 17:15:05,119 - isca - DEBUG - mpiifort
2025-06-13 17:15:05,218 - isca - DEBUG - The following modules were not unloaded:
2025-06-13 17:15:05,219 - isca - DEBUG - (Use "module --force purge" to unload all):
2025-06-13 17:15:05,219 - isca - DEBUG - 
2025-06-13 17:15:05,219 - isca - DEBUG - 1) hpc/.1.10.1
2025-06-13 17:15:05,315 - isca - DEBUG - ***************************************************
2025-06-13 17:15:05,315 - isca - DEBUG - You have loaded a buildenv module
2025-06-13 17:15:05,315 - isca - DEBUG - ***************************************************
2025-06-13 17:15:05,315 - isca - DEBUG - The buldenv-intel module makes available:
2025-06-13 17:15:05,316 - isca - DEBUG - - Compilers: icc, ifort, etc.
2025-06-13 17:15:05,316 - isca - DEBUG - - Mpi library with mpi-wrapped compilers: intel mpi with mpicc, mpifort, etc.
2025-06-13 17:15:05,316 - isca - DEBUG - - Numerical libraries: intel MKL
2025-06-13 17:15:05,316 - isca - DEBUG - 
2025-06-13 17:15:05,316 - isca - DEBUG - It also makes a set of dependency library modules available via
2025-06-13 17:15:05,316 - isca - DEBUG - the regular module command. Just do:
2025-06-13 17:15:05,316 - isca - DEBUG - module avail
2025-06-13 17:15:05,316 - isca - DEBUG - to see what is available.
2025-06-13 17:15:05,316 - isca - DEBUG - 
2025-06-13 17:15:05,316 - isca - DEBUG - NOTE: You shoud never load build environments inside submitted jobs.
2025-06-13 17:15:05,316 - isca - DEBUG - (with the single exception of when using supercomputer time to compile code.)
2025-06-13 17:15:05,316 - isca - DEBUG - 
2025-06-13 17:15:06,521 - isca - DEBUG - NOTE from PE    0: MPP_DOMAINS_SET_STACK_SIZE: stack size set to    32768.
2025-06-13 17:15:06,521 - isca - DEBUG - &MPP_IO_NML
2025-06-13 17:15:06,521 - isca - DEBUG - HEADER_BUFFER_VAL       =       16384,
2025-06-13 17:15:06,522 - isca - DEBUG - GLOBAL_FIELD_ON_ROOT_PE = T,
2025-06-13 17:15:06,522 - isca - DEBUG - IO_CLOCKS_ON    = F,
2025-06-13 17:15:06,522 - isca - DEBUG - SHUFFLE =           0,
2025-06-13 17:15:06,522 - isca - DEBUG - DEFLATE_LEVEL   =          -1
2025-06-13 17:15:06,522 - isca - DEBUG - /
2025-06-13 17:15:06,523 - isca - DEBUG - NOTE from PE    0: MPP_IO_SET_STACK_SIZE: stack size set to     131072.
2025-06-13 17:15:06,524 - isca - DEBUG - NOTE from PE    0: MPP_DOMAINS_SET_STACK_SIZE: stack size set to   600000.
2025-06-13 17:15:06,531 - isca - DEBUG - starting            1  OpenMP threads per MPI-task
2025-06-13 17:15:06,533 - isca - DEBUG - ATMOS MODEL DOMAIN DECOMPOSITION
2025-06-13 17:15:06,533 - isca - DEBUG - X-AXIS =  128
2025-06-13 17:15:06,533 - isca - DEBUG - Y-AXIS =    4   4   4   4   4   4   4   4   4   4   4   4   4   4   4   4
2025-06-13 17:15:06,585 - isca - DEBUG - 
2025-06-13 17:15:06,586 - isca - DEBUG - 
2025-06-13 17:15:06,586 - isca - WARNING - WARNING from PE   13: socrates_init: dt_rad does not fit into one day an integer number of times
2025-06-13 17:15:06,586 - isca - DEBUG - 
2025-06-13 17:15:06,586 - isca - DEBUG - 
2025-06-13 17:15:06,586 - isca - WARNING - WARNING from PE    9: socrates_init: dt_rad does not fit into one day an integer number of times
2025-06-13 17:15:06,586 - isca - DEBUG - 
2025-06-13 17:15:06,586 - isca - WARNING - WARNING from PE    8: socrates_init: dt_rad does not fit into one day an integer number of times
2025-06-13 17:15:06,586 - isca - DEBUG - 
2025-06-13 17:15:06,586 - isca - DEBUG - 
2025-06-13 17:15:06,586 - isca - DEBUG - NOTE from PE    0: cloud_simple: Using SimCloud cloud scheme
2025-06-13 17:15:06,586 - isca - DEBUG - 
2025-06-13 17:15:06,586 - isca - WARNING - WARNING from PE   15: socrates_init: dt_rad does not fit into one day an integer number of times
2025-06-13 17:15:06,586 - isca - DEBUG - 
2025-06-13 17:15:06,586 - isca - WARNING - WARNING from PE   14: socrates_init: dt_rad does not fit into one day an integer number of times
2025-06-13 17:15:06,586 - isca - DEBUG - 
2025-06-13 17:15:06,586 - isca - DEBUG - 
2025-06-13 17:15:06,586 - isca - WARNING - WARNING from PE   12: socrates_init: dt_rad does not fit into one day an integer number of times
2025-06-13 17:15:06,586 - isca - DEBUG - 
2025-06-13 17:15:06,587 - isca - DEBUG - NOTE from PE    0: ls_cloud: Using linear cloud fraction diagnostic formula.
2025-06-13 17:15:06,588 - isca - DEBUG - NOTE from PE    0: cloud_cover: The cloud overlap assumption is MAXIMUM-RANDOM
2025-06-13 17:15:06,588 - isca - DEBUG - NOTE from PE    0: idealized_moist_phys: Using Frierson Quasi-Equilibrium convection scheme.
2025-06-13 17:15:06,589 - isca - DEBUG - 
2025-06-13 17:15:06,589 - isca - WARNING - WARNING from PE   11: socrates_init: dt_rad does not fit into one day an integer number of times
2025-06-13 17:15:06,589 - isca - DEBUG - 
2025-06-13 17:15:06,589 - isca - WARNING - WARNING from PE   10: socrates_init: dt_rad does not fit into one day an integer number of times
2025-06-13 17:15:06,589 - isca - DEBUG - 
2025-06-13 17:15:06,589 - isca - DEBUG - 
2025-06-13 17:15:06,592 - isca - DEBUG - 
2025-06-13 17:15:06,592 - isca - DEBUG - 
2025-06-13 17:15:06,592 - isca - WARNING - WARNING from PE    2: socrates_init: dt_rad does not fit into one day an integer number of times
2025-06-13 17:15:06,592 - isca - DEBUG - 
2025-06-13 17:15:06,592 - isca - DEBUG - 
2025-06-13 17:15:06,592 - isca - WARNING - WARNING from PE    4: socrates_init: dt_rad does not fit into one day an integer number of times
2025-06-13 17:15:06,592 - isca - DEBUG - 
2025-06-13 17:15:06,592 - isca - WARNING - WARNING from PE    7: socrates_init: dt_rad does not fit into one day an integer number of times
2025-06-13 17:15:06,592 - isca - DEBUG - 
2025-06-13 17:15:06,592 - isca - DEBUG - 
2025-06-13 17:15:06,592 - isca - WARNING - WARNING from PE    5: socrates_init: dt_rad does not fit into one day an integer number of times
2025-06-13 17:15:06,592 - isca - DEBUG - 
2025-06-13 17:15:06,592 - isca - DEBUG - 
2025-06-13 17:15:06,592 - isca - WARNING - WARNING from PE    1: socrates_init: dt_rad does not fit into one day an integer number of times
2025-06-13 17:15:06,592 - isca - DEBUG - 
2025-06-13 17:15:06,592 - isca - DEBUG - 
2025-06-13 17:15:06,592 - isca - WARNING - WARNING from PE    3: socrates_init: dt_rad does not fit into one day an integer number of times
2025-06-13 17:15:06,592 - isca - DEBUG - 
2025-06-13 17:15:06,592 - isca - DEBUG - 
2025-06-13 17:15:06,592 - isca - WARNING - WARNING from PE    6: socrates_init: dt_rad does not fit into one day an integer number of times
2025-06-13 17:15:06,592 - isca - DEBUG - 
2025-06-13 17:15:06,597 - isca - DEBUG - 
2025-06-13 17:15:06,597 - isca - WARNING - WARNING from PE    0: socrates_init: dt_rad does not fit into one day an integer number of times
2025-06-13 17:15:06,597 - isca - DEBUG - 
2025-06-13 17:15:06,597 - isca - DEBUG - 
2025-06-13 17:15:06,597 - isca - WARNING - WARNING from PE    0: socrates_init: dt_rad does not fit into one day an integer number of times
2025-06-13 17:15:06,597 - isca - DEBUG - 
2025-06-13 17:15:06,597 - isca - DEBUG - 
2025-06-13 17:15:06,597 - isca - WARNING - WARNING from PE    0: socrates_init: lw_hires_spectral_filename is unset, making equal to lw_spectral_filename
2025-06-13 17:15:06,597 - isca - DEBUG - 
2025-06-13 17:15:06,597 - isca - DEBUG - 
2025-06-13 17:15:06,597 - isca - WARNING - WARNING from PE    0: socrates_init: lw_hires_spectral_filename is unset, making equal to lw_spectral_filename
2025-06-13 17:15:06,597 - isca - DEBUG - 
2025-06-13 17:15:06,597 - isca - DEBUG - 
2025-06-13 17:15:06,597 - isca - WARNING - WARNING from PE    0: socrates_init: sw_hires_spectral_filename is unset, making equal to sw_spectral_filename
2025-06-13 17:15:06,597 - isca - DEBUG - 
2025-06-13 17:15:06,597 - isca - DEBUG - 
2025-06-13 17:15:06,597 - isca - WARNING - WARNING from PE    0: socrates_init: sw_hires_spectral_filename is unset, making equal to sw_spectral_filename
2025-06-13 17:15:06,597 - isca - DEBUG - 
2025-06-13 17:15:07,650 - isca - DEBUG - NOTE from PE    0: Interpolator: Using input file with no time dimension - ozone_1990_notime_zero.nc
2025-06-13 17:15:07,650 - isca - DEBUG - Initializing src field : ozone_1990
2025-06-13 17:15:07,652 - isca - DEBUG - 
2025-06-13 17:15:07,652 - isca - DEBUG - -----------------------------------
2025-06-13 17:15:07,652 - isca - DEBUG - ____                       _
2025-06-13 17:15:07,652 - isca - DEBUG - / ___|  ___   ___ _ __ __ _| |_ ___  ___
2025-06-13 17:15:07,652 - isca - DEBUG - \___ \ / _ \ / __|  __/ _` | __/ _ \/ __|
2025-06-13 17:15:07,652 - isca - DEBUG - ___) | (_) | (__| | | (_| | ||  __/\__ \
2025-06-13 17:15:07,652 - isca - DEBUG - |____/ \___/ \___|_|  \__,_|\__\___||___/
2025-06-13 17:15:07,652 - isca - DEBUG - 
2025-06-13 17:15:07,652 - isca - DEBUG - Initialised Socrates v17.03
2025-06-13 17:15:07,652 - isca - DEBUG - Stellar constant =    1950.00000000000
2025-06-13 17:15:07,652 - isca - DEBUG - Longwave spectral file =
2025-06-13 17:15:07,653 - isca - DEBUG - /proj/bolinc/users/x_ryabo/socrates_edited_for_isca/spectral_files_for_GCMs/Sun
2025-06-13 17:15:07,653 - isca - DEBUG - /miniSuran_lw.sf WITH           16  bands
2025-06-13 17:15:07,653 - isca - DEBUG - Longwave hires spectral file =
2025-06-13 17:15:07,653 - isca - DEBUG - /proj/bolinc/users/x_ryabo/socrates_edited_for_isca/spectral_files_for_GCMs/Sun
2025-06-13 17:15:07,653 - isca - DEBUG - /miniSuran_lw.sf WITH           16  bands
2025-06-13 17:15:07,653 - isca - DEBUG - Shortwave spectral file =
2025-06-13 17:15:07,653 - isca - DEBUG - /proj/bolinc/users/x_ryabo/socrates_edited_for_isca/spectral_files_for_GCMs/Sun
2025-06-13 17:15:07,653 - isca - DEBUG - /miniSuran_sw.sf WITH           16  bands
2025-06-13 17:15:07,653 - isca - DEBUG - Shortwave hires spectral file =
2025-06-13 17:15:07,653 - isca - DEBUG - /proj/bolinc/users/x_ryabo/socrates_edited_for_isca/spectral_files_for_GCMs/Sun
2025-06-13 17:15:07,653 - isca - DEBUG - /miniSuran_sw.sf WITH           16  bands
2025-06-13 17:15:07,653 - isca - DEBUG - 
2025-06-13 17:15:07,653 - isca - DEBUG - -----------------------------------
2025-06-13 17:15:07,653 - isca - DEBUG - 
2025-06-13 17:15:48,582 - isca - DEBUG - Integration completed through 21331 days     0 seconds
2025-06-13 17:16:29,304 - isca - DEBUG - Integration completed through 21332 days     0 seconds
2025-06-13 17:17:09,904 - isca - DEBUG - Integration completed through 21333 days     0 seconds
2025-06-13 17:17:50,546 - isca - DEBUG - Integration completed through 21334 days     0 seconds
2025-06-13 17:18:31,063 - isca - DEBUG - Integration completed through 21335 days     0 seconds
2025-06-13 17:19:11,364 - isca - DEBUG - Integration completed through 21336 days     0 seconds
2025-06-13 17:19:51,725 - isca - DEBUG - Integration completed through 21337 days     0 seconds
2025-06-13 17:20:32,230 - isca - DEBUG - Integration completed through 21338 days     0 seconds
2025-06-13 17:21:12,699 - isca - DEBUG - Integration completed through 21339 days     0 seconds
2025-06-13 17:21:55,896 - isca - DEBUG - Integration completed through 21340 days     0 seconds
2025-06-13 17:22:40,827 - isca - DEBUG - Integration completed through 21341 days     0 seconds
2025-06-13 17:23:25,481 - isca - DEBUG - Integration completed through 21342 days     0 seconds
2025-06-13 17:24:10,707 - isca - DEBUG - Integration completed through 21343 days     0 seconds
2025-06-13 17:24:56,246 - isca - DEBUG - Integration completed through 21344 days     0 seconds
2025-06-13 17:25:41,767 - isca - DEBUG - Integration completed through 21345 days     0 seconds
2025-06-13 17:26:26,903 - isca - DEBUG - Integration completed through 21346 days     0 seconds
2025-06-13 17:27:12,036 - isca - DEBUG - Integration completed through 21347 days     0 seconds
2025-06-13 17:27:57,254 - isca - DEBUG - Integration completed through 21348 days     0 seconds
2025-06-13 17:28:42,765 - isca - DEBUG - Integration completed through 21349 days     0 seconds
2025-06-13 17:29:28,097 - isca - DEBUG - Integration completed through 21350 days     0 seconds
2025-06-13 17:30:13,355 - isca - DEBUG - Integration completed through 21351 days     0 seconds
2025-06-13 17:30:58,743 - isca - DEBUG - Integration completed through 21352 days     0 seconds
2025-06-13 17:31:44,080 - isca - DEBUG - Integration completed through 21353 days     0 seconds
2025-06-13 17:32:29,285 - isca - DEBUG - Integration completed through 21354 days     0 seconds
2025-06-13 17:33:14,386 - isca - DEBUG - Integration completed through 21355 days     0 seconds
2025-06-13 17:33:59,582 - isca - DEBUG - Integration completed through 21356 days     0 seconds
2025-06-13 17:34:44,780 - isca - DEBUG - Integration completed through 21357 days     0 seconds
2025-06-13 17:35:29,974 - isca - DEBUG - Integration completed through 21358 days     0 seconds
2025-06-13 17:36:15,287 - isca - DEBUG - Integration completed through 21359 days     0 seconds
2025-06-13 17:37:00,669 - isca - DEBUG - Integration completed through 21360 days     0 seconds
2025-06-13 17:37:00,678 - isca - DEBUG - 
2025-06-13 17:37:00,678 - isca - WARNING - WARNING from PE    0: diag_util_mod::opening_file: module/field_name (socrates/soc_toa_sw_down_clr) NOT registered
2025-06-13 17:37:00,678 - isca - DEBUG - 
2025-06-13 17:37:00,678 - isca - DEBUG - 
2025-06-13 17:37:00,678 - isca - WARNING - WARNING from PE    0: diag_util_mod::opening_file: module/field_name (socrates/soc_toa_sw_down_clr) NOT registered
2025-06-13 17:37:00,678 - isca - DEBUG - 
2025-06-13 17:37:00,678 - isca - DEBUG - 
2025-06-13 17:37:00,678 - isca - WARNING - WARNING from PE    0: diag_util_mod::opening_file: module/field_name (cloud_simple/rh_min) NOT registered
2025-06-13 17:37:00,678 - isca - DEBUG - 
2025-06-13 17:37:00,678 - isca - DEBUG - 
2025-06-13 17:37:00,678 - isca - WARNING - WARNING from PE    0: diag_util_mod::opening_file: module/field_name (cloud_simple/rh_min) NOT registered
2025-06-13 17:37:00,679 - isca - DEBUG - 
2025-06-13 17:37:00,690 - isca - DEBUG - NOTE from PE    0: MPP_IO_SET_STACK_SIZE: stack size set to     393216.
2025-06-13 17:37:00,802 - isca - DEBUG - MPP_DOMAINS_STACK high water mark=       49152
2025-06-13 17:37:00,802 - isca - DEBUG - 
2025-06-13 17:37:00,802 - isca - DEBUG - Tabulating mpp_clock statistics across     16 PEs...
2025-06-13 17:37:00,802 - isca - DEBUG - 
2025-06-13 17:37:00,802 - isca - DEBUG - tmin          tmax          tavg          tstd  tfrac grain pemin pemax
2025-06-13 17:37:00,802 - isca - DEBUG - Total runtime                      1314.276653   1314.284265   1314.280458      0.002046  1.000     0     0    15
2025-06-13 17:37:00,802 - isca - DEBUG - MPP_STACK high water mark=           0
2025-06-13 17:37:00,950 - isca - INFO - Run 712 complete
2025-06-13 17:37:02,020 - isca - DEBUG - atmos_monthly.nc combined and copied to data directory
2025-06-13 17:37:05,224 - isca - INFO - Restart archive created at /proj/bolinc/users/x_ryabo/Isca-Ryan_outputs/presentday_1540_Sun_noO3_1950/restarts/res0712.tar.gz
2025-06-13 17:37:05,234 - isca - INFO - Writing namelist to '/proj/bolinc/users/x_ryabo/Isca-Ryan_outputs/presentday_1540_Sun_noO3_1950/run0712/input.nml'
2025-06-13 17:37:05,236 - isca - INFO - Writing field_table to '/proj/bolinc/users/x_ryabo/Isca-Ryan_outputs/presentday_1540_Sun_noO3_1950/run0712/field_table'
2025-06-13 17:37:05,246 - isca - INFO - Writing diag_table to '/proj/bolinc/users/x_ryabo/Isca-Ryan_outputs/presentday_1540_Sun_noO3_1950/run0712/diag_table'
2025-06-13 17:37:05,695 - isca - INFO - Emptied run directory '/home/x_ryabo/Isca-Ryan_tmp/experiment/presentday_1540_Sun_noO3_1950/run'
2025-06-13 17:37:05,715 - isca - INFO - Emptied run directory '/home/x_ryabo/Isca-Ryan_tmp/experiment/presentday_1540_Sun_noO3_1950/run'
2025-06-13 17:37:05,923 - isca - INFO - Writing namelist to '/home/x_ryabo/Isca-Ryan_tmp/experiment/presentday_1540_Sun_noO3_1950/run/input.nml'
2025-06-13 17:37:05,925 - isca - INFO - Writing field_table to '/home/x_ryabo/Isca-Ryan_tmp/experiment/presentday_1540_Sun_noO3_1950/run/field_table'
2025-06-13 17:37:05,935 - isca - INFO - Writing diag_table to '/home/x_ryabo/Isca-Ryan_tmp/experiment/presentday_1540_Sun_noO3_1950/run/diag_table'
2025-06-13 17:37:05,965 - isca - INFO - Using restart file '/proj/bolinc/users/x_ryabo/Isca-Ryan_outputs/presentday_1540_Sun_noO3_1950/restarts/res0712.tar.gz'
2025-06-13 17:37:06,385 - isca - INFO - Restart /proj/bolinc/users/x_ryabo/Isca-Ryan_outputs/presentday_1540_Sun_noO3_1950/restarts/res0712.tar.gz extracted to /home/x_ryabo/Isca-Ryan_tmp/experiment/presentday_1540_Sun_noO3_1950/run/INPUT
2025-06-13 17:37:06,386 - isca - INFO - Beginning run 713
2025-06-13 17:37:06,395 - isca - INFO - process running as 992546
2025-06-13 17:37:06,396 - isca - DEBUG - loadmodules for Isca on NSC cluster Tetralith
2025-06-13 17:37:06,396 - isca - DEBUG - mpiifort
2025-06-13 17:37:06,495 - isca - DEBUG - The following modules were not unloaded:
2025-06-13 17:37:06,495 - isca - DEBUG - (Use "module --force purge" to unload all):
2025-06-13 17:37:06,495 - isca - DEBUG - 
2025-06-13 17:37:06,495 - isca - DEBUG - 1) hpc/.1.10.1
2025-06-13 17:37:06,591 - isca - DEBUG - ***************************************************
2025-06-13 17:37:06,591 - isca - DEBUG - You have loaded a buildenv module
2025-06-13 17:37:06,591 - isca - DEBUG - ***************************************************
2025-06-13 17:37:06,591 - isca - DEBUG - The buldenv-intel module makes available:
2025-06-13 17:37:06,591 - isca - DEBUG - - Compilers: icc, ifort, etc.
2025-06-13 17:37:06,591 - isca - DEBUG - - Mpi library with mpi-wrapped compilers: intel mpi with mpicc, mpifort, etc.
2025-06-13 17:37:06,591 - isca - DEBUG - - Numerical libraries: intel MKL
2025-06-13 17:37:06,591 - isca - DEBUG - 
2025-06-13 17:37:06,592 - isca - DEBUG - It also makes a set of dependency library modules available via
2025-06-13 17:37:06,592 - isca - DEBUG - the regular module command. Just do:
2025-06-13 17:37:06,592 - isca - DEBUG - module avail
2025-06-13 17:37:06,592 - isca - DEBUG - to see what is available.
2025-06-13 17:37:06,592 - isca - DEBUG - 
2025-06-13 17:37:06,592 - isca - DEBUG - NOTE: You shoud never load build environments inside submitted jobs.
2025-06-13 17:37:06,592 - isca - DEBUG - (with the single exception of when using supercomputer time to compile code.)
2025-06-13 17:37:06,592 - isca - DEBUG - 
2025-06-13 17:37:07,833 - isca - DEBUG - NOTE from PE    0: MPP_DOMAINS_SET_STACK_SIZE: stack size set to    32768.
2025-06-13 17:37:07,834 - isca - DEBUG - &MPP_IO_NML
2025-06-13 17:37:07,834 - isca - DEBUG - HEADER_BUFFER_VAL       =       16384,
2025-06-13 17:37:07,834 - isca - DEBUG - GLOBAL_FIELD_ON_ROOT_PE = T,
2025-06-13 17:37:07,834 - isca - DEBUG - IO_CLOCKS_ON    = F,
2025-06-13 17:37:07,834 - isca - DEBUG - SHUFFLE =           0,
2025-06-13 17:37:07,834 - isca - DEBUG - DEFLATE_LEVEL   =          -1
2025-06-13 17:37:07,834 - isca - DEBUG - /
2025-06-13 17:37:07,835 - isca - DEBUG - NOTE from PE    0: MPP_IO_SET_STACK_SIZE: stack size set to     131072.
2025-06-13 17:37:07,836 - isca - DEBUG - NOTE from PE    0: MPP_DOMAINS_SET_STACK_SIZE: stack size set to   600000.
2025-06-13 17:37:07,844 - isca - DEBUG - starting            1  OpenMP threads per MPI-task
2025-06-13 17:37:07,846 - isca - DEBUG - ATMOS MODEL DOMAIN DECOMPOSITION
2025-06-13 17:37:07,846 - isca - DEBUG - X-AXIS =  128
2025-06-13 17:37:07,846 - isca - DEBUG - Y-AXIS =    4   4   4   4   4   4   4   4   4   4   4   4   4   4   4   4
2025-06-13 17:37:07,897 - isca - DEBUG - NOTE from PE    0: cloud_simple: Using SimCloud cloud scheme
2025-06-13 17:37:07,898 - isca - DEBUG - NOTE from PE    0: ls_cloud: Using linear cloud fraction diagnostic formula.
2025-06-13 17:37:07,898 - isca - DEBUG - NOTE from PE    0: cloud_cover: The cloud overlap assumption is MAXIMUM-RANDOM
2025-06-13 17:37:07,898 - isca - DEBUG - NOTE from PE    0: idealized_moist_phys: Using Frierson Quasi-Equilibrium convection scheme.
2025-06-13 17:37:07,899 - isca - DEBUG - 
2025-06-13 17:37:07,899 - isca - WARNING - WARNING from PE   14: socrates_init: dt_rad does not fit into one day an integer number of times
2025-06-13 17:37:07,899 - isca - DEBUG - 
2025-06-13 17:37:07,899 - isca - DEBUG - 
2025-06-13 17:37:07,899 - isca - WARNING - WARNING from PE   15: socrates_init: dt_rad does not fit into one day an integer number of times
2025-06-13 17:37:07,899 - isca - DEBUG - 
2025-06-13 17:37:07,899 - isca - DEBUG - 
2025-06-13 17:37:07,899 - isca - WARNING - WARNING from PE    8: socrates_init: dt_rad does not fit into one day an integer number of times
2025-06-13 17:37:07,899 - isca - DEBUG - 
2025-06-13 17:37:07,899 - isca - DEBUG - 
2025-06-13 17:37:07,899 - isca - WARNING - WARNING from PE   12: socrates_init: dt_rad does not fit into one day an integer number of times
2025-06-13 17:37:07,899 - isca - DEBUG - 
2025-06-13 17:37:07,900 - isca - DEBUG - 
2025-06-13 17:37:07,900 - isca - WARNING - WARNING from PE    9: socrates_init: dt_rad does not fit into one day an integer number of times
2025-06-13 17:37:07,900 - isca - DEBUG - 
2025-06-13 17:37:07,900 - isca - DEBUG - 
2025-06-13 17:37:07,900 - isca - WARNING - WARNING from PE   13: socrates_init: dt_rad does not fit into one day an integer number of times
2025-06-13 17:37:07,900 - isca - DEBUG - 
2025-06-13 17:37:07,900 - isca - DEBUG - 
2025-06-13 17:37:07,900 - isca - WARNING - WARNING from PE   10: socrates_init: dt_rad does not fit into one day an integer number of times
2025-06-13 17:37:07,900 - isca - DEBUG - 
2025-06-13 17:37:07,900 - isca - DEBUG - 
2025-06-13 17:37:07,900 - isca - WARNING - WARNING from PE   11: socrates_init: dt_rad does not fit into one day an integer number of times
2025-06-13 17:37:07,900 - isca - DEBUG - 
2025-06-13 17:37:07,903 - isca - DEBUG - 
2025-06-13 17:37:07,903 - isca - WARNING - WARNING from PE    4: socrates_init: dt_rad does not fit into one day an integer number of times
2025-06-13 17:37:07,903 - isca - DEBUG - 
2025-06-13 17:37:07,903 - isca - DEBUG - 
2025-06-13 17:37:07,903 - isca - WARNING - WARNING from PE    3: socrates_init: dt_rad does not fit into one day an integer number of times
2025-06-13 17:37:07,903 - isca - DEBUG - 
2025-06-13 17:37:07,903 - isca - DEBUG - 
2025-06-13 17:37:07,903 - isca - WARNING - WARNING from PE    1: socrates_init: dt_rad does not fit into one day an integer number of times
2025-06-13 17:37:07,903 - isca - DEBUG - 
2025-06-13 17:37:07,903 - isca - DEBUG - 
2025-06-13 17:37:07,903 - isca - DEBUG - 
2025-06-13 17:37:07,903 - isca - WARNING - WARNING from PE    6: socrates_init: dt_rad does not fit into one day an integer number of times
2025-06-13 17:37:07,903 - isca - DEBUG - 
2025-06-13 17:37:07,903 - isca - WARNING - WARNING from PE    2: socrates_init: dt_rad does not fit into one day an integer number of times
2025-06-13 17:37:07,903 - isca - DEBUG - 
2025-06-13 17:37:07,903 - isca - DEBUG - 
2025-06-13 17:37:07,904 - isca - WARNING - WARNING from PE    5: socrates_init: dt_rad does not fit into one day an integer number of times
2025-06-13 17:37:07,904 - isca - DEBUG - 
2025-06-13 17:37:07,904 - isca - DEBUG - 
2025-06-13 17:37:07,904 - isca - WARNING - WARNING from PE    7: socrates_init: dt_rad does not fit into one day an integer number of times
2025-06-13 17:37:07,904 - isca - DEBUG - 
2025-06-13 17:37:07,908 - isca - DEBUG - 
2025-06-13 17:37:07,908 - isca - WARNING - WARNING from PE    0: socrates_init: dt_rad does not fit into one day an integer number of times
2025-06-13 17:37:07,908 - isca - DEBUG - 
2025-06-13 17:37:07,908 - isca - DEBUG - 
2025-06-13 17:37:07,908 - isca - WARNING - WARNING from PE    0: socrates_init: dt_rad does not fit into one day an integer number of times
2025-06-13 17:37:07,908 - isca - DEBUG - 
2025-06-13 17:37:07,908 - isca - DEBUG - 
2025-06-13 17:37:07,908 - isca - WARNING - WARNING from PE    0: socrates_init: lw_hires_spectral_filename is unset, making equal to lw_spectral_filename
2025-06-13 17:37:07,908 - isca - DEBUG - 
2025-06-13 17:37:07,908 - isca - DEBUG - 
2025-06-13 17:37:07,908 - isca - WARNING - WARNING from PE    0: socrates_init: sw_hires_spectral_filename is unset, making equal to sw_spectral_filename
2025-06-13 17:37:07,908 - isca - DEBUG - 
2025-06-13 17:37:07,908 - isca - DEBUG - 
2025-06-13 17:37:07,908 - isca - WARNING - WARNING from PE    0: socrates_init: lw_hires_spectral_filename is unset, making equal to lw_spectral_filename
2025-06-13 17:37:07,908 - isca - DEBUG - 
2025-06-13 17:37:07,908 - isca - DEBUG - 
2025-06-13 17:37:07,908 - isca - WARNING - WARNING from PE    0: socrates_init: sw_hires_spectral_filename is unset, making equal to sw_spectral_filename
2025-06-13 17:37:07,908 - isca - DEBUG - 
2025-06-13 17:37:09,101 - isca - DEBUG - NOTE from PE    0: Interpolator: Using input file with no time dimension - ozone_1990_notime_zero.nc
2025-06-13 17:37:09,101 - isca - DEBUG - Initializing src field : ozone_1990
2025-06-13 17:37:09,103 - isca - DEBUG - 
2025-06-13 17:37:09,103 - isca - DEBUG - -----------------------------------
2025-06-13 17:37:09,103 - isca - DEBUG - ____                       _
2025-06-13 17:37:09,103 - isca - DEBUG - / ___|  ___   ___ _ __ __ _| |_ ___  ___
2025-06-13 17:37:09,104 - isca - DEBUG - \___ \ / _ \ / __|  __/ _` | __/ _ \/ __|
2025-06-13 17:37:09,104 - isca - DEBUG - ___) | (_) | (__| | | (_| | ||  __/\__ \
2025-06-13 17:37:09,104 - isca - DEBUG - |____/ \___/ \___|_|  \__,_|\__\___||___/
2025-06-13 17:37:09,104 - isca - DEBUG - 
2025-06-13 17:37:09,104 - isca - DEBUG - Initialised Socrates v17.03
2025-06-13 17:37:09,104 - isca - DEBUG - Stellar constant =    1950.00000000000
2025-06-13 17:37:09,104 - isca - DEBUG - Longwave spectral file =
2025-06-13 17:37:09,104 - isca - DEBUG - /proj/bolinc/users/x_ryabo/socrates_edited_for_isca/spectral_files_for_GCMs/Sun
2025-06-13 17:37:09,104 - isca - DEBUG - /miniSuran_lw.sf WITH           16  bands
2025-06-13 17:37:09,104 - isca - DEBUG - Longwave hires spectral file =
2025-06-13 17:37:09,104 - isca - DEBUG - /proj/bolinc/users/x_ryabo/socrates_edited_for_isca/spectral_files_for_GCMs/Sun
2025-06-13 17:37:09,104 - isca - DEBUG - /miniSuran_lw.sf WITH           16  bands
2025-06-13 17:37:09,104 - isca - DEBUG - Shortwave spectral file =
2025-06-13 17:37:09,104 - isca - DEBUG - /proj/bolinc/users/x_ryabo/socrates_edited_for_isca/spectral_files_for_GCMs/Sun
2025-06-13 17:37:09,104 - isca - DEBUG - /miniSuran_sw.sf WITH           16  bands
2025-06-13 17:37:09,104 - isca - DEBUG - Shortwave hires spectral file =
2025-06-13 17:37:09,104 - isca - DEBUG - /proj/bolinc/users/x_ryabo/socrates_edited_for_isca/spectral_files_for_GCMs/Sun
2025-06-13 17:37:09,104 - isca - DEBUG - /miniSuran_sw.sf WITH           16  bands
2025-06-13 17:37:09,104 - isca - DEBUG - 
2025-06-13 17:37:09,104 - isca - DEBUG - -----------------------------------
2025-06-13 17:37:09,104 - isca - DEBUG - 
2025-06-13 17:37:54,521 - isca - DEBUG - Integration completed through 21361 days     0 seconds
2025-06-13 17:38:39,770 - isca - DEBUG - Integration completed through 21362 days     0 seconds
2025-06-13 17:39:25,222 - isca - DEBUG - Integration completed through 21363 days     0 seconds
2025-06-13 17:40:10,357 - isca - DEBUG - Integration completed through 21364 days     0 seconds
2025-06-13 17:40:55,536 - isca - DEBUG - Integration completed through 21365 days     0 seconds
2025-06-13 17:41:40,638 - isca - DEBUG - Integration completed through 21366 days     0 seconds
2025-06-13 17:42:26,144 - isca - DEBUG - Integration completed through 21367 days     0 seconds
2025-06-13 17:43:11,414 - isca - DEBUG - Integration completed through 21368 days     0 seconds
2025-06-13 17:43:56,445 - isca - DEBUG - Integration completed through 21369 days     0 seconds
2025-06-13 17:44:41,604 - isca - DEBUG - Integration completed through 21370 days     0 seconds
2025-06-13 17:45:26,836 - isca - DEBUG - Integration completed through 21371 days     0 seconds
2025-06-13 17:46:12,130 - isca - DEBUG - Integration completed through 21372 days     0 seconds
2025-06-13 17:46:57,465 - isca - DEBUG - Integration completed through 21373 days     0 seconds
2025-06-13 17:47:43,040 - isca - DEBUG - Integration completed through 21374 days     0 seconds
2025-06-13 17:48:28,539 - isca - DEBUG - Integration completed through 21375 days     0 seconds
2025-06-13 17:49:13,863 - isca - DEBUG - Integration completed through 21376 days     0 seconds
2025-06-13 17:49:59,214 - isca - DEBUG - Integration completed through 21377 days     0 seconds
2025-06-13 17:50:45,472 - isca - DEBUG - Integration completed through 21378 days     0 seconds
2025-06-13 17:51:31,788 - isca - DEBUG - Integration completed through 21379 days     0 seconds
2025-06-13 17:52:17,505 - isca - DEBUG - Integration completed through 21380 days     0 seconds
2025-06-13 17:53:03,346 - isca - DEBUG - Integration completed through 21381 days     0 seconds
2025-06-13 17:53:50,082 - isca - DEBUG - Integration completed through 21382 days     0 seconds
2025-06-13 17:54:36,714 - isca - DEBUG - Integration completed through 21383 days     0 seconds
2025-06-13 17:55:23,294 - isca - DEBUG - Integration completed through 21384 days     0 seconds
2025-06-13 17:56:09,908 - isca - DEBUG - Integration completed through 21385 days     0 seconds
2025-06-13 17:56:56,410 - isca - DEBUG - Integration completed through 21386 days     0 seconds
2025-06-13 17:57:42,673 - isca - DEBUG - Integration completed through 21387 days     0 seconds
2025-06-13 17:58:29,140 - isca - DEBUG - Integration completed through 21388 days     0 seconds
2025-06-13 17:59:15,677 - isca - DEBUG - Integration completed through 21389 days     0 seconds
2025-06-13 18:00:01,865 - isca - DEBUG - Integration completed through 21390 days     0 seconds
2025-06-13 18:00:01,873 - isca - DEBUG - 
2025-06-13 18:00:01,873 - isca - WARNING - WARNING from PE    0: diag_util_mod::opening_file: module/field_name (socrates/soc_toa_sw_down_clr) NOT registered
2025-06-13 18:00:01,873 - isca - DEBUG - 
2025-06-13 18:00:01,873 - isca - DEBUG - 
2025-06-13 18:00:01,874 - isca - WARNING - WARNING from PE    0: diag_util_mod::opening_file: module/field_name (socrates/soc_toa_sw_down_clr) NOT registered
2025-06-13 18:00:01,874 - isca - DEBUG - 
2025-06-13 18:00:01,874 - isca - DEBUG - 
2025-06-13 18:00:01,874 - isca - WARNING - WARNING from PE    0: diag_util_mod::opening_file: module/field_name (cloud_simple/rh_min) NOT registered
2025-06-13 18:00:01,874 - isca - DEBUG - 
2025-06-13 18:00:01,874 - isca - DEBUG - 
2025-06-13 18:00:01,874 - isca - WARNING - WARNING from PE    0: diag_util_mod::opening_file: module/field_name (cloud_simple/rh_min) NOT registered
2025-06-13 18:00:01,874 - isca - DEBUG - 
2025-06-13 18:00:01,885 - isca - DEBUG - NOTE from PE    0: MPP_IO_SET_STACK_SIZE: stack size set to     393216.
2025-06-13 18:00:02,000 - isca - DEBUG - MPP_DOMAINS_STACK high water mark=       49152
2025-06-13 18:00:02,000 - isca - DEBUG - 
2025-06-13 18:00:02,000 - isca - DEBUG - Tabulating mpp_clock statistics across     16 PEs...
2025-06-13 18:00:02,000 - isca - DEBUG - 
2025-06-13 18:00:02,000 - isca - DEBUG - tmin          tmax          tavg          tstd  tfrac grain pemin pemax
2025-06-13 18:00:02,001 - isca - DEBUG - Total runtime                      1374.163005   1374.171804   1374.168205      0.002466  1.000     0     0    15
2025-06-13 18:00:02,001 - isca - DEBUG - MPP_STACK high water mark=           0
2025-06-13 18:00:02,139 - isca - INFO - Run 713 complete
2025-06-13 18:00:03,035 - isca - DEBUG - atmos_monthly.nc combined and copied to data directory
2025-06-13 18:00:06,285 - isca - INFO - Restart archive created at /proj/bolinc/users/x_ryabo/Isca-Ryan_outputs/presentday_1540_Sun_noO3_1950/restarts/res0713.tar.gz
2025-06-13 18:00:06,296 - isca - INFO - Writing namelist to '/proj/bolinc/users/x_ryabo/Isca-Ryan_outputs/presentday_1540_Sun_noO3_1950/run0713/input.nml'
2025-06-13 18:00:06,298 - isca - INFO - Writing field_table to '/proj/bolinc/users/x_ryabo/Isca-Ryan_outputs/presentday_1540_Sun_noO3_1950/run0713/field_table'
2025-06-13 18:00:06,308 - isca - INFO - Writing diag_table to '/proj/bolinc/users/x_ryabo/Isca-Ryan_outputs/presentday_1540_Sun_noO3_1950/run0713/diag_table'
2025-06-13 18:00:06,561 - isca - INFO - Emptied run directory '/home/x_ryabo/Isca-Ryan_tmp/experiment/presentday_1540_Sun_noO3_1950/run'
2025-06-13 18:00:06,578 - isca - INFO - Emptied run directory '/home/x_ryabo/Isca-Ryan_tmp/experiment/presentday_1540_Sun_noO3_1950/run'
2025-06-13 18:00:06,790 - isca - INFO - Writing namelist to '/home/x_ryabo/Isca-Ryan_tmp/experiment/presentday_1540_Sun_noO3_1950/run/input.nml'
2025-06-13 18:00:06,792 - isca - INFO - Writing field_table to '/home/x_ryabo/Isca-Ryan_tmp/experiment/presentday_1540_Sun_noO3_1950/run/field_table'
2025-06-13 18:00:06,802 - isca - INFO - Writing diag_table to '/home/x_ryabo/Isca-Ryan_tmp/experiment/presentday_1540_Sun_noO3_1950/run/diag_table'
2025-06-13 18:00:06,824 - isca - INFO - Using restart file '/proj/bolinc/users/x_ryabo/Isca-Ryan_outputs/presentday_1540_Sun_noO3_1950/restarts/res0713.tar.gz'
2025-06-13 18:00:07,240 - isca - INFO - Restart /proj/bolinc/users/x_ryabo/Isca-Ryan_outputs/presentday_1540_Sun_noO3_1950/restarts/res0713.tar.gz extracted to /home/x_ryabo/Isca-Ryan_tmp/experiment/presentday_1540_Sun_noO3_1950/run/INPUT
2025-06-13 18:00:07,241 - isca - INFO - Beginning run 714
2025-06-13 18:00:07,253 - isca - INFO - process running as 994043
2025-06-13 18:00:07,254 - isca - DEBUG - loadmodules for Isca on NSC cluster Tetralith
2025-06-13 18:00:07,254 - isca - DEBUG - mpiifort
2025-06-13 18:00:07,350 - isca - DEBUG - The following modules were not unloaded:
2025-06-13 18:00:07,350 - isca - DEBUG - (Use "module --force purge" to unload all):
2025-06-13 18:00:07,350 - isca - DEBUG - 
2025-06-13 18:00:07,350 - isca - DEBUG - 1) hpc/.1.10.1
2025-06-13 18:00:07,449 - isca - DEBUG - ***************************************************
2025-06-13 18:00:07,449 - isca - DEBUG - You have loaded a buildenv module
2025-06-13 18:00:07,449 - isca - DEBUG - ***************************************************
2025-06-13 18:00:07,449 - isca - DEBUG - The buldenv-intel module makes available:
2025-06-13 18:00:07,449 - isca - DEBUG - - Compilers: icc, ifort, etc.
2025-06-13 18:00:07,449 - isca - DEBUG - - Mpi library with mpi-wrapped compilers: intel mpi with mpicc, mpifort, etc.
2025-06-13 18:00:07,449 - isca - DEBUG - - Numerical libraries: intel MKL
2025-06-13 18:00:07,449 - isca - DEBUG - 
2025-06-13 18:00:07,449 - isca - DEBUG - It also makes a set of dependency library modules available via
2025-06-13 18:00:07,449 - isca - DEBUG - the regular module command. Just do:
2025-06-13 18:00:07,449 - isca - DEBUG - module avail
2025-06-13 18:00:07,449 - isca - DEBUG - to see what is available.
2025-06-13 18:00:07,449 - isca - DEBUG - 
2025-06-13 18:00:07,449 - isca - DEBUG - NOTE: You shoud never load build environments inside submitted jobs.
2025-06-13 18:00:07,449 - isca - DEBUG - (with the single exception of when using supercomputer time to compile code.)
2025-06-13 18:00:07,449 - isca - DEBUG - 
2025-06-13 18:00:08,658 - isca - DEBUG - NOTE from PE    0: MPP_DOMAINS_SET_STACK_SIZE: stack size set to    32768.
2025-06-13 18:00:08,658 - isca - DEBUG - &MPP_IO_NML
2025-06-13 18:00:08,658 - isca - DEBUG - HEADER_BUFFER_VAL       =       16384,
2025-06-13 18:00:08,658 - isca - DEBUG - GLOBAL_FIELD_ON_ROOT_PE = T,
2025-06-13 18:00:08,658 - isca - DEBUG - IO_CLOCKS_ON    = F,
2025-06-13 18:00:08,658 - isca - DEBUG - SHUFFLE =           0,
2025-06-13 18:00:08,658 - isca - DEBUG - DEFLATE_LEVEL   =          -1
2025-06-13 18:00:08,658 - isca - DEBUG - /
2025-06-13 18:00:08,660 - isca - DEBUG - NOTE from PE    0: MPP_IO_SET_STACK_SIZE: stack size set to     131072.
2025-06-13 18:00:08,661 - isca - DEBUG - NOTE from PE    0: MPP_DOMAINS_SET_STACK_SIZE: stack size set to   600000.
2025-06-13 18:00:08,669 - isca - DEBUG - starting            1  OpenMP threads per MPI-task
2025-06-13 18:00:08,671 - isca - DEBUG - ATMOS MODEL DOMAIN DECOMPOSITION
2025-06-13 18:00:08,671 - isca - DEBUG - X-AXIS =  128
2025-06-13 18:00:08,671 - isca - DEBUG - Y-AXIS =    4   4   4   4   4   4   4   4   4   4   4   4   4   4   4   4
2025-06-13 18:00:08,722 - isca - DEBUG - NOTE from PE    0: cloud_simple: Using SimCloud cloud scheme
2025-06-13 18:00:08,723 - isca - DEBUG - 
2025-06-13 18:00:08,723 - isca - WARNING - WARNING from PE   10: socrates_init: dt_rad does not fit into one day an integer number of times
2025-06-13 18:00:08,723 - isca - DEBUG - 
2025-06-13 18:00:08,723 - isca - DEBUG - 
2025-06-13 18:00:08,723 - isca - WARNING - WARNING from PE   13: socrates_init: dt_rad does not fit into one day an integer number of times
2025-06-13 18:00:08,723 - isca - DEBUG - 
2025-06-13 18:00:08,723 - isca - DEBUG - 
2025-06-13 18:00:08,723 - isca - WARNING - WARNING from PE   14: socrates_init: dt_rad does not fit into one day an integer number of times
2025-06-13 18:00:08,723 - isca - DEBUG - 
2025-06-13 18:00:08,723 - isca - DEBUG - 
2025-06-13 18:00:08,723 - isca - WARNING - WARNING from PE   12: socrates_init: dt_rad does not fit into one day an integer number of times
2025-06-13 18:00:08,723 - isca - DEBUG - 
2025-06-13 18:00:08,723 - isca - DEBUG - 
2025-06-13 18:00:08,723 - isca - WARNING - WARNING from PE   15: socrates_init: dt_rad does not fit into one day an integer number of times
2025-06-13 18:00:08,723 - isca - DEBUG - 
2025-06-13 18:00:08,723 - isca - DEBUG - 
2025-06-13 18:00:08,723 - isca - WARNING - WARNING from PE    9: socrates_init: dt_rad does not fit into one day an integer number of times
2025-06-13 18:00:08,723 - isca - DEBUG - 
2025-06-13 18:00:08,723 - isca - DEBUG - 
2025-06-13 18:00:08,723 - isca - WARNING - WARNING from PE   11: socrates_init: dt_rad does not fit into one day an integer number of times
2025-06-13 18:00:08,723 - isca - DEBUG - 
2025-06-13 18:00:08,723 - isca - DEBUG - NOTE from PE    0: ls_cloud: Using linear cloud fraction diagnostic formula.
2025-06-13 18:00:08,724 - isca - DEBUG - NOTE from PE    0: cloud_cover: The cloud overlap assumption is MAXIMUM-RANDOM
2025-06-13 18:00:08,724 - isca - DEBUG - NOTE from PE    0: idealized_moist_phys: Using Frierson Quasi-Equilibrium convection scheme.
2025-06-13 18:00:08,724 - isca - DEBUG - 
2025-06-13 18:00:08,724 - isca - WARNING - WARNING from PE    8: socrates_init: dt_rad does not fit into one day an integer number of times
2025-06-13 18:00:08,724 - isca - DEBUG - 
2025-06-13 18:00:08,727 - isca - DEBUG - 
2025-06-13 18:00:08,727 - isca - WARNING - WARNING from PE    3: socrates_init: dt_rad does not fit into one day an integer number of times
2025-06-13 18:00:08,727 - isca - DEBUG - 
2025-06-13 18:00:08,728 - isca - DEBUG - 
2025-06-13 18:00:08,728 - isca - WARNING - WARNING from PE    2: socrates_init: dt_rad does not fit into one day an integer number of times
2025-06-13 18:00:08,728 - isca - DEBUG - 
2025-06-13 18:00:08,728 - isca - DEBUG - 
2025-06-13 18:00:08,728 - isca - WARNING - WARNING from PE    5: socrates_init: dt_rad does not fit into one day an integer number of times
2025-06-13 18:00:08,728 - isca - DEBUG - 
2025-06-13 18:00:08,728 - isca - DEBUG - 
2025-06-13 18:00:08,728 - isca - WARNING - WARNING from PE    1: socrates_init: dt_rad does not fit into one day an integer number of times
2025-06-13 18:00:08,728 - isca - DEBUG - 
2025-06-13 18:00:08,728 - isca - DEBUG - 
2025-06-13 18:00:08,728 - isca - WARNING - WARNING from PE    7: socrates_init: dt_rad does not fit into one day an integer number of times
2025-06-13 18:00:08,728 - isca - DEBUG - 
2025-06-13 18:00:08,728 - isca - DEBUG - 
2025-06-13 18:00:08,728 - isca - DEBUG - 
2025-06-13 18:00:08,728 - isca - WARNING - WARNING from PE    4: socrates_init: dt_rad does not fit into one day an integer number of times
2025-06-13 18:00:08,729 - isca - DEBUG - 
2025-06-13 18:00:08,729 - isca - WARNING - WARNING from PE    6: socrates_init: dt_rad does not fit into one day an integer number of times
2025-06-13 18:00:08,729 - isca - DEBUG - 
2025-06-13 18:00:08,733 - isca - DEBUG - 
2025-06-13 18:00:08,733 - isca - WARNING - WARNING from PE    0: socrates_init: dt_rad does not fit into one day an integer number of times
2025-06-13 18:00:08,733 - isca - DEBUG - 
2025-06-13 18:00:08,733 - isca - DEBUG - 
2025-06-13 18:00:08,733 - isca - WARNING - WARNING from PE    0: socrates_init: dt_rad does not fit into one day an integer number of times
2025-06-13 18:00:08,733 - isca - DEBUG - 
2025-06-13 18:00:08,733 - isca - DEBUG - 
2025-06-13 18:00:08,733 - isca - WARNING - WARNING from PE    0: socrates_init: lw_hires_spectral_filename is unset, making equal to lw_spectral_filename
2025-06-13 18:00:08,734 - isca - DEBUG - 
2025-06-13 18:00:08,734 - isca - DEBUG - 
2025-06-13 18:00:08,734 - isca - WARNING - WARNING from PE    0: socrates_init: lw_hires_spectral_filename is unset, making equal to lw_spectral_filename
2025-06-13 18:00:08,734 - isca - DEBUG - 
2025-06-13 18:00:08,734 - isca - DEBUG - 
2025-06-13 18:00:08,734 - isca - WARNING - WARNING from PE    0: socrates_init: sw_hires_spectral_filename is unset, making equal to sw_spectral_filename
2025-06-13 18:00:08,734 - isca - DEBUG - 
2025-06-13 18:00:08,734 - isca - DEBUG - 
2025-06-13 18:00:08,734 - isca - WARNING - WARNING from PE    0: socrates_init: sw_hires_spectral_filename is unset, making equal to sw_spectral_filename
2025-06-13 18:00:08,734 - isca - DEBUG - 
2025-06-13 18:00:09,944 - isca - DEBUG - NOTE from PE    0: Interpolator: Using input file with no time dimension - ozone_1990_notime_zero.nc
2025-06-13 18:00:09,944 - isca - DEBUG - Initializing src field : ozone_1990
2025-06-13 18:00:09,946 - isca - DEBUG - 
2025-06-13 18:00:09,946 - isca - DEBUG - -----------------------------------
2025-06-13 18:00:09,946 - isca - DEBUG - ____                       _
2025-06-13 18:00:09,947 - isca - DEBUG - / ___|  ___   ___ _ __ __ _| |_ ___  ___
2025-06-13 18:00:09,947 - isca - DEBUG - \___ \ / _ \ / __|  __/ _` | __/ _ \/ __|
2025-06-13 18:00:09,947 - isca - DEBUG - ___) | (_) | (__| | | (_| | ||  __/\__ \
2025-06-13 18:00:09,947 - isca - DEBUG - |____/ \___/ \___|_|  \__,_|\__\___||___/
2025-06-13 18:00:09,947 - isca - DEBUG - 
2025-06-13 18:00:09,947 - isca - DEBUG - Initialised Socrates v17.03
2025-06-13 18:00:09,947 - isca - DEBUG - Stellar constant =    1950.00000000000
2025-06-13 18:00:09,947 - isca - DEBUG - Longwave spectral file =
2025-06-13 18:00:09,947 - isca - DEBUG - /proj/bolinc/users/x_ryabo/socrates_edited_for_isca/spectral_files_for_GCMs/Sun
2025-06-13 18:00:09,947 - isca - DEBUG - /miniSuran_lw.sf WITH           16  bands
2025-06-13 18:00:09,947 - isca - DEBUG - Longwave hires spectral file =
2025-06-13 18:00:09,947 - isca - DEBUG - /proj/bolinc/users/x_ryabo/socrates_edited_for_isca/spectral_files_for_GCMs/Sun
2025-06-13 18:00:09,947 - isca - DEBUG - /miniSuran_lw.sf WITH           16  bands
2025-06-13 18:00:09,947 - isca - DEBUG - Shortwave spectral file =
2025-06-13 18:00:09,947 - isca - DEBUG - /proj/bolinc/users/x_ryabo/socrates_edited_for_isca/spectral_files_for_GCMs/Sun
2025-06-13 18:00:09,947 - isca - DEBUG - /miniSuran_sw.sf WITH           16  bands
2025-06-13 18:00:09,947 - isca - DEBUG - Shortwave hires spectral file =
2025-06-13 18:00:09,947 - isca - DEBUG - /proj/bolinc/users/x_ryabo/socrates_edited_for_isca/spectral_files_for_GCMs/Sun
2025-06-13 18:00:09,947 - isca - DEBUG - /miniSuran_sw.sf WITH           16  bands
2025-06-13 18:00:09,947 - isca - DEBUG - 
2025-06-13 18:00:09,947 - isca - DEBUG - -----------------------------------
2025-06-13 18:00:09,947 - isca - DEBUG - 
2025-06-13 18:00:56,595 - isca - DEBUG - Integration completed through 21391 days     0 seconds
2025-06-13 18:01:43,153 - isca - DEBUG - Integration completed through 21392 days     0 seconds
2025-06-13 18:02:29,825 - isca - DEBUG - Integration completed through 21393 days     0 seconds
2025-06-13 18:03:16,507 - isca - DEBUG - Integration completed through 21394 days     0 seconds
2025-06-13 18:04:03,210 - isca - DEBUG - Integration completed through 21395 days     0 seconds
2025-06-13 18:04:50,094 - isca - DEBUG - Integration completed through 21396 days     0 seconds
2025-06-13 18:05:36,865 - isca - DEBUG - Integration completed through 21397 days     0 seconds
2025-06-13 18:06:23,393 - isca - DEBUG - Integration completed through 21398 days     0 seconds
2025-06-13 18:07:09,723 - isca - DEBUG - Integration completed through 21399 days     0 seconds
2025-06-13 18:07:56,020 - isca - DEBUG - Integration completed through 21400 days     0 seconds
2025-06-13 18:08:42,289 - isca - DEBUG - Integration completed through 21401 days     0 seconds
2025-06-13 18:09:28,523 - isca - DEBUG - Integration completed through 21402 days     0 seconds
2025-06-13 18:10:14,846 - isca - DEBUG - Integration completed through 21403 days     0 seconds
2025-06-13 18:11:01,138 - isca - DEBUG - Integration completed through 21404 days     0 seconds
2025-06-13 18:11:47,601 - isca - DEBUG - Integration completed through 21405 days     0 seconds
2025-06-13 18:12:34,038 - isca - DEBUG - Integration completed through 21406 days     0 seconds
2025-06-13 18:13:20,421 - isca - DEBUG - Integration completed through 21407 days     0 seconds
2025-06-13 18:14:06,720 - isca - DEBUG - Integration completed through 21408 days     0 seconds
2025-06-13 18:14:53,339 - isca - DEBUG - Integration completed through 21409 days     0 seconds
2025-06-13 18:15:39,916 - isca - DEBUG - Integration completed through 21410 days     0 seconds
2025-06-13 18:16:26,452 - isca - DEBUG - Integration completed through 21411 days     0 seconds
2025-06-13 18:17:12,939 - isca - DEBUG - Integration completed through 21412 days     0 seconds
2025-06-13 18:17:59,550 - isca - DEBUG - Integration completed through 21413 days     0 seconds
2025-06-13 18:18:46,194 - isca - DEBUG - Integration completed through 21414 days     0 seconds
2025-06-13 18:19:32,725 - isca - DEBUG - Integration completed through 21415 days     0 seconds
2025-06-13 18:20:19,169 - isca - DEBUG - Integration completed through 21416 days     0 seconds
2025-06-13 18:21:05,657 - isca - DEBUG - Integration completed through 21417 days     0 seconds
2025-06-13 18:21:52,106 - isca - DEBUG - Integration completed through 21418 days     0 seconds
2025-06-13 18:22:38,159 - isca - DEBUG - Integration completed through 21419 days     0 seconds
2025-06-13 18:23:24,331 - isca - DEBUG - Integration completed through 21420 days     0 seconds
2025-06-13 18:23:24,351 - isca - DEBUG - 
2025-06-13 18:23:24,352 - isca - WARNING - WARNING from PE    0: diag_util_mod::opening_file: module/field_name (socrates/soc_toa_sw_down_clr) NOT registered
2025-06-13 18:23:24,352 - isca - DEBUG - 
2025-06-13 18:23:24,352 - isca - DEBUG - 
2025-06-13 18:23:24,352 - isca - WARNING - WARNING from PE    0: diag_util_mod::opening_file: module/field_name (socrates/soc_toa_sw_down_clr) NOT registered
2025-06-13 18:23:24,352 - isca - DEBUG - 
2025-06-13 18:23:24,352 - isca - DEBUG - 
2025-06-13 18:23:24,352 - isca - WARNING - WARNING from PE    0: diag_util_mod::opening_file: module/field_name (cloud_simple/rh_min) NOT registered
2025-06-13 18:23:24,352 - isca - DEBUG - 
2025-06-13 18:23:24,352 - isca - DEBUG - 
2025-06-13 18:23:24,352 - isca - WARNING - WARNING from PE    0: diag_util_mod::opening_file: module/field_name (cloud_simple/rh_min) NOT registered
2025-06-13 18:23:24,352 - isca - DEBUG - 
2025-06-13 18:23:24,362 - isca - DEBUG - NOTE from PE    0: MPP_IO_SET_STACK_SIZE: stack size set to     393216.
2025-06-13 18:23:24,494 - isca - DEBUG - MPP_DOMAINS_STACK high water mark=       49152
2025-06-13 18:23:24,494 - isca - DEBUG - 
2025-06-13 18:23:24,494 - isca - DEBUG - Tabulating mpp_clock statistics across     16 PEs...
2025-06-13 18:23:24,494 - isca - DEBUG - 
2025-06-13 18:23:24,494 - isca - DEBUG - tmin          tmax          tavg          tstd  tfrac grain pemin pemax
2025-06-13 18:23:24,495 - isca - DEBUG - Total runtime                      1395.832308   1395.841215   1395.837244      0.002229  1.000     0     0    15
2025-06-13 18:23:24,495 - isca - DEBUG - MPP_STACK high water mark=           0
2025-06-13 18:23:24,659 - isca - INFO - Run 714 complete
2025-06-13 18:23:25,487 - isca - DEBUG - atmos_monthly.nc combined and copied to data directory
2025-06-13 18:23:28,701 - isca - INFO - Restart archive created at /proj/bolinc/users/x_ryabo/Isca-Ryan_outputs/presentday_1540_Sun_noO3_1950/restarts/res0714.tar.gz
2025-06-13 18:23:28,712 - isca - INFO - Writing namelist to '/proj/bolinc/users/x_ryabo/Isca-Ryan_outputs/presentday_1540_Sun_noO3_1950/run0714/input.nml'
2025-06-13 18:23:28,714 - isca - INFO - Writing field_table to '/proj/bolinc/users/x_ryabo/Isca-Ryan_outputs/presentday_1540_Sun_noO3_1950/run0714/field_table'
2025-06-13 18:23:28,742 - isca - INFO - Writing diag_table to '/proj/bolinc/users/x_ryabo/Isca-Ryan_outputs/presentday_1540_Sun_noO3_1950/run0714/diag_table'
2025-06-13 18:23:29,416 - isca - INFO - Emptied run directory '/home/x_ryabo/Isca-Ryan_tmp/experiment/presentday_1540_Sun_noO3_1950/run'
2025-06-13 18:23:29,433 - isca - INFO - Emptied run directory '/home/x_ryabo/Isca-Ryan_tmp/experiment/presentday_1540_Sun_noO3_1950/run'
2025-06-13 18:23:29,643 - isca - INFO - Writing namelist to '/home/x_ryabo/Isca-Ryan_tmp/experiment/presentday_1540_Sun_noO3_1950/run/input.nml'
2025-06-13 18:23:29,645 - isca - INFO - Writing field_table to '/home/x_ryabo/Isca-Ryan_tmp/experiment/presentday_1540_Sun_noO3_1950/run/field_table'
2025-06-13 18:23:29,658 - isca - INFO - Writing diag_table to '/home/x_ryabo/Isca-Ryan_tmp/experiment/presentday_1540_Sun_noO3_1950/run/diag_table'
2025-06-13 18:23:29,670 - isca - INFO - Using restart file '/proj/bolinc/users/x_ryabo/Isca-Ryan_outputs/presentday_1540_Sun_noO3_1950/restarts/res0714.tar.gz'
2025-06-13 18:23:30,088 - isca - INFO - Restart /proj/bolinc/users/x_ryabo/Isca-Ryan_outputs/presentday_1540_Sun_noO3_1950/restarts/res0714.tar.gz extracted to /home/x_ryabo/Isca-Ryan_tmp/experiment/presentday_1540_Sun_noO3_1950/run/INPUT
2025-06-13 18:23:30,090 - isca - INFO - Beginning run 715
2025-06-13 18:23:30,100 - isca - INFO - process running as 995346
2025-06-13 18:23:30,101 - isca - DEBUG - loadmodules for Isca on NSC cluster Tetralith
2025-06-13 18:23:30,101 - isca - DEBUG - mpiifort
2025-06-13 18:23:30,204 - isca - DEBUG - The following modules were not unloaded:
2025-06-13 18:23:30,204 - isca - DEBUG - (Use "module --force purge" to unload all):
2025-06-13 18:23:30,204 - isca - DEBUG - 
2025-06-13 18:23:30,204 - isca - DEBUG - 1) hpc/.1.10.1
2025-06-13 18:23:30,300 - isca - DEBUG - ***************************************************
2025-06-13 18:23:30,300 - isca - DEBUG - You have loaded a buildenv module
2025-06-13 18:23:30,300 - isca - DEBUG - ***************************************************
2025-06-13 18:23:30,300 - isca - DEBUG - The buldenv-intel module makes available:
2025-06-13 18:23:30,300 - isca - DEBUG - - Compilers: icc, ifort, etc.
2025-06-13 18:23:30,300 - isca - DEBUG - - Mpi library with mpi-wrapped compilers: intel mpi with mpicc, mpifort, etc.
2025-06-13 18:23:30,300 - isca - DEBUG - - Numerical libraries: intel MKL
2025-06-13 18:23:30,300 - isca - DEBUG - 
2025-06-13 18:23:30,300 - isca - DEBUG - It also makes a set of dependency library modules available via
2025-06-13 18:23:30,300 - isca - DEBUG - the regular module command. Just do:
2025-06-13 18:23:30,300 - isca - DEBUG - module avail
2025-06-13 18:23:30,300 - isca - DEBUG - to see what is available.
2025-06-13 18:23:30,300 - isca - DEBUG - 
2025-06-13 18:23:30,300 - isca - DEBUG - NOTE: You shoud never load build environments inside submitted jobs.
2025-06-13 18:23:30,300 - isca - DEBUG - (with the single exception of when using supercomputer time to compile code.)
2025-06-13 18:23:30,300 - isca - DEBUG - 
2025-06-13 18:23:31,540 - isca - DEBUG - NOTE from PE    0: MPP_DOMAINS_SET_STACK_SIZE: stack size set to    32768.
2025-06-13 18:23:31,540 - isca - DEBUG - &MPP_IO_NML
2025-06-13 18:23:31,540 - isca - DEBUG - HEADER_BUFFER_VAL       =       16384,
2025-06-13 18:23:31,540 - isca - DEBUG - GLOBAL_FIELD_ON_ROOT_PE = T,
2025-06-13 18:23:31,540 - isca - DEBUG - IO_CLOCKS_ON    = F,
2025-06-13 18:23:31,540 - isca - DEBUG - SHUFFLE =           0,
2025-06-13 18:23:31,540 - isca - DEBUG - DEFLATE_LEVEL   =          -1
2025-06-13 18:23:31,540 - isca - DEBUG - /
2025-06-13 18:23:31,542 - isca - DEBUG - NOTE from PE    0: MPP_IO_SET_STACK_SIZE: stack size set to     131072.
2025-06-13 18:23:31,542 - isca - DEBUG - NOTE from PE    0: MPP_DOMAINS_SET_STACK_SIZE: stack size set to   600000.
2025-06-13 18:23:31,551 - isca - DEBUG - starting            1  OpenMP threads per MPI-task
2025-06-13 18:23:31,553 - isca - DEBUG - ATMOS MODEL DOMAIN DECOMPOSITION
2025-06-13 18:23:31,553 - isca - DEBUG - X-AXIS =  128
2025-06-13 18:23:31,553 - isca - DEBUG - Y-AXIS =    4   4   4   4   4   4   4   4   4   4   4   4   4   4   4   4
2025-06-13 18:23:31,603 - isca - DEBUG - 
2025-06-13 18:23:31,603 - isca - WARNING - WARNING from PE   12: socrates_init: dt_rad does not fit into one day an integer number of times
2025-06-13 18:23:31,603 - isca - DEBUG - 
2025-06-13 18:23:31,603 - isca - DEBUG - 
2025-06-13 18:23:31,603 - isca - DEBUG - 
2025-06-13 18:23:31,603 - isca - WARNING - WARNING from PE    9: socrates_init: dt_rad does not fit into one day an integer number of times
2025-06-13 18:23:31,603 - isca - DEBUG - 
2025-06-13 18:23:31,604 - isca - DEBUG - 
2025-06-13 18:23:31,604 - isca - WARNING - WARNING from PE   13: socrates_init: dt_rad does not fit into one day an integer number of times
2025-06-13 18:23:31,604 - isca - DEBUG - 
2025-06-13 18:23:31,604 - isca - WARNING - WARNING from PE   11: socrates_init: dt_rad does not fit into one day an integer number of times
2025-06-13 18:23:31,604 - isca - DEBUG - 
2025-06-13 18:23:31,604 - isca - DEBUG - 
2025-06-13 18:23:31,604 - isca - WARNING - WARNING from PE    8: socrates_init: dt_rad does not fit into one day an integer number of times
2025-06-13 18:23:31,604 - isca - DEBUG - 
2025-06-13 18:23:31,604 - isca - DEBUG - 
2025-06-13 18:23:31,604 - isca - WARNING - WARNING from PE   15: socrates_init: dt_rad does not fit into one day an integer number of times
2025-06-13 18:23:31,604 - isca - DEBUG - 
2025-06-13 18:23:31,604 - isca - DEBUG - 
2025-06-13 18:23:31,604 - isca - WARNING - WARNING from PE   10: socrates_init: dt_rad does not fit into one day an integer number of times
2025-06-13 18:23:31,604 - isca - DEBUG - 
2025-06-13 18:23:31,605 - isca - DEBUG - 
2025-06-13 18:23:31,605 - isca - WARNING - WARNING from PE   14: socrates_init: dt_rad does not fit into one day an integer number of times
2025-06-13 18:23:31,605 - isca - DEBUG - NOTE from PE    0: cloud_simple: Using SimCloud cloud scheme
2025-06-13 18:23:31,605 - isca - DEBUG - 
2025-06-13 18:23:31,606 - isca - DEBUG - NOTE from PE    0: ls_cloud: Using linear cloud fraction diagnostic formula.
2025-06-13 18:23:31,607 - isca - DEBUG - NOTE from PE    0: cloud_cover: The cloud overlap assumption is MAXIMUM-RANDOM
2025-06-13 18:23:31,607 - isca - DEBUG - NOTE from PE    0: idealized_moist_phys: Using Frierson Quasi-Equilibrium convection scheme.
2025-06-13 18:23:31,610 - isca - DEBUG - 
2025-06-13 18:23:31,610 - isca - WARNING - WARNING from PE    1: socrates_init: dt_rad does not fit into one day an integer number of times
2025-06-13 18:23:31,610 - isca - DEBUG - 
2025-06-13 18:23:31,611 - isca - DEBUG - 
2025-06-13 18:23:31,611 - isca - WARNING - WARNING from PE    7: socrates_init: dt_rad does not fit into one day an integer number of times
2025-06-13 18:23:31,611 - isca - DEBUG - 
2025-06-13 18:23:31,611 - isca - WARNING - WARNING from PE    5: socrates_init: dt_rad does not fit into one day an integer number of times
2025-06-13 18:23:31,611 - isca - DEBUG - 
2025-06-13 18:23:31,611 - isca - DEBUG - 
2025-06-13 18:23:31,612 - isca - DEBUG - 
2025-06-13 18:23:31,612 - isca - WARNING - WARNING from PE    6: socrates_init: dt_rad does not fit into one day an integer number of times
2025-06-13 18:23:31,612 - isca - DEBUG - 
2025-06-13 18:23:31,612 - isca - DEBUG - 
2025-06-13 18:23:31,612 - isca - WARNING - WARNING from PE    2: socrates_init: dt_rad does not fit into one day an integer number of times
2025-06-13 18:23:31,612 - isca - DEBUG - 
2025-06-13 18:23:31,612 - isca - DEBUG - 
2025-06-13 18:23:31,612 - isca - DEBUG - 
2025-06-13 18:23:31,612 - isca - WARNING - WARNING from PE    4: socrates_init: dt_rad does not fit into one day an integer number of times
2025-06-13 18:23:31,612 - isca - DEBUG - 
2025-06-13 18:23:31,612 - isca - WARNING - WARNING from PE    3: socrates_init: dt_rad does not fit into one day an integer number of times
2025-06-13 18:23:31,612 - isca - DEBUG - 
2025-06-13 18:23:31,617 - isca - DEBUG - 
2025-06-13 18:23:31,617 - isca - WARNING - WARNING from PE    0: socrates_init: dt_rad does not fit into one day an integer number of times
2025-06-13 18:23:31,617 - isca - DEBUG - 
2025-06-13 18:23:31,617 - isca - DEBUG - 
2025-06-13 18:23:31,617 - isca - WARNING - WARNING from PE    0: socrates_init: dt_rad does not fit into one day an integer number of times
2025-06-13 18:23:31,617 - isca - DEBUG - 
2025-06-13 18:23:31,617 - isca - DEBUG - 
2025-06-13 18:23:31,617 - isca - WARNING - WARNING from PE    0: socrates_init: lw_hires_spectral_filename is unset, making equal to lw_spectral_filename
2025-06-13 18:23:31,617 - isca - DEBUG - 
2025-06-13 18:23:31,617 - isca - DEBUG - 
2025-06-13 18:23:31,617 - isca - WARNING - WARNING from PE    0: socrates_init: lw_hires_spectral_filename is unset, making equal to lw_spectral_filename
2025-06-13 18:23:31,617 - isca - DEBUG - 
2025-06-13 18:23:31,617 - isca - DEBUG - 
2025-06-13 18:23:31,617 - isca - WARNING - WARNING from PE    0: socrates_init: sw_hires_spectral_filename is unset, making equal to sw_spectral_filename
2025-06-13 18:23:31,617 - isca - DEBUG - 
2025-06-13 18:23:31,617 - isca - DEBUG - 
2025-06-13 18:23:31,617 - isca - WARNING - WARNING from PE    0: socrates_init: sw_hires_spectral_filename is unset, making equal to sw_spectral_filename
2025-06-13 18:23:31,617 - isca - DEBUG - 
2025-06-13 18:23:32,834 - isca - DEBUG - NOTE from PE    0: Interpolator: Using input file with no time dimension - ozone_1990_notime_zero.nc
2025-06-13 18:23:32,834 - isca - DEBUG - Initializing src field : ozone_1990
2025-06-13 18:23:32,836 - isca - DEBUG - 
2025-06-13 18:23:32,836 - isca - DEBUG - -----------------------------------
2025-06-13 18:23:32,836 - isca - DEBUG - ____                       _
2025-06-13 18:23:32,836 - isca - DEBUG - / ___|  ___   ___ _ __ __ _| |_ ___  ___
2025-06-13 18:23:32,836 - isca - DEBUG - \___ \ / _ \ / __|  __/ _` | __/ _ \/ __|
2025-06-13 18:23:32,836 - isca - DEBUG - ___) | (_) | (__| | | (_| | ||  __/\__ \
2025-06-13 18:23:32,836 - isca - DEBUG - |____/ \___/ \___|_|  \__,_|\__\___||___/
2025-06-13 18:23:32,836 - isca - DEBUG - 
2025-06-13 18:23:32,836 - isca - DEBUG - Initialised Socrates v17.03
2025-06-13 18:23:32,837 - isca - DEBUG - Stellar constant =    1950.00000000000
2025-06-13 18:23:32,837 - isca - DEBUG - Longwave spectral file =
2025-06-13 18:23:32,837 - isca - DEBUG - /proj/bolinc/users/x_ryabo/socrates_edited_for_isca/spectral_files_for_GCMs/Sun
2025-06-13 18:23:32,837 - isca - DEBUG - /miniSuran_lw.sf WITH           16  bands
2025-06-13 18:23:32,837 - isca - DEBUG - Longwave hires spectral file =
2025-06-13 18:23:32,837 - isca - DEBUG - /proj/bolinc/users/x_ryabo/socrates_edited_for_isca/spectral_files_for_GCMs/Sun
2025-06-13 18:23:32,837 - isca - DEBUG - /miniSuran_lw.sf WITH           16  bands
2025-06-13 18:23:32,837 - isca - DEBUG - Shortwave spectral file =
2025-06-13 18:23:32,837 - isca - DEBUG - /proj/bolinc/users/x_ryabo/socrates_edited_for_isca/spectral_files_for_GCMs/Sun
2025-06-13 18:23:32,837 - isca - DEBUG - /miniSuran_sw.sf WITH           16  bands
2025-06-13 18:23:32,837 - isca - DEBUG - Shortwave hires spectral file =
2025-06-13 18:23:32,837 - isca - DEBUG - /proj/bolinc/users/x_ryabo/socrates_edited_for_isca/spectral_files_for_GCMs/Sun
2025-06-13 18:23:32,837 - isca - DEBUG - /miniSuran_sw.sf WITH           16  bands
2025-06-13 18:23:32,837 - isca - DEBUG - 
2025-06-13 18:23:32,837 - isca - DEBUG - -----------------------------------
2025-06-13 18:23:32,837 - isca - DEBUG - 
2025-06-13 18:24:20,194 - isca - DEBUG - Integration completed through 21421 days     0 seconds
2025-06-13 18:25:07,394 - isca - DEBUG - Integration completed through 21422 days     0 seconds
2025-06-13 18:25:54,362 - isca - DEBUG - Integration completed through 21423 days     0 seconds
2025-06-13 18:26:41,392 - isca - DEBUG - Integration completed through 21424 days     0 seconds
2025-06-13 18:27:27,648 - isca - DEBUG - Integration completed through 21425 days     0 seconds
2025-06-13 18:28:14,687 - isca - DEBUG - Integration completed through 21426 days     0 seconds
2025-06-13 18:29:01,584 - isca - DEBUG - Integration completed through 21427 days     0 seconds
2025-06-13 18:29:48,593 - isca - DEBUG - Integration completed through 21428 days     0 seconds
2025-06-13 18:30:35,636 - isca - DEBUG - Integration completed through 21429 days     0 seconds
2025-06-13 18:31:22,570 - isca - DEBUG - Integration completed through 21430 days     0 seconds
2025-06-13 18:32:09,228 - isca - DEBUG - Integration completed through 21431 days     0 seconds
2025-06-13 18:32:55,930 - isca - DEBUG - Integration completed through 21432 days     0 seconds
2025-06-13 18:33:42,933 - isca - DEBUG - Integration completed through 21433 days     0 seconds
2025-06-13 18:34:29,828 - isca - DEBUG - Integration completed through 21434 days     0 seconds
2025-06-13 18:35:16,998 - isca - DEBUG - Integration completed through 21435 days     0 seconds
2025-06-13 18:36:04,206 - isca - DEBUG - Integration completed through 21436 days     0 seconds
2025-06-13 18:36:51,401 - isca - DEBUG - Integration completed through 21437 days     0 seconds
2025-06-13 18:37:38,439 - isca - DEBUG - Integration completed through 21438 days     0 seconds
2025-06-13 18:38:25,390 - isca - DEBUG - Integration completed through 21439 days     0 seconds
2025-06-13 18:39:12,148 - isca - DEBUG - Integration completed through 21440 days     0 seconds
2025-06-13 18:39:58,978 - isca - DEBUG - Integration completed through 21441 days     0 seconds
2025-06-13 18:40:45,664 - isca - DEBUG - Integration completed through 21442 days     0 seconds
2025-06-13 18:41:32,534 - isca - DEBUG - Integration completed through 21443 days     0 seconds
2025-06-13 18:42:19,311 - isca - DEBUG - Integration completed through 21444 days     0 seconds
2025-06-13 18:43:06,237 - isca - DEBUG - Integration completed through 21445 days     0 seconds
2025-06-13 18:43:52,916 - isca - DEBUG - Integration completed through 21446 days     0 seconds
2025-06-13 18:44:39,809 - isca - DEBUG - Integration completed through 21447 days     0 seconds
2025-06-13 18:45:26,594 - isca - DEBUG - Integration completed through 21448 days     0 seconds
2025-06-13 18:46:13,470 - isca - DEBUG - Integration completed through 21449 days     0 seconds
2025-06-13 18:47:00,283 - isca - DEBUG - Integration completed through 21450 days     0 seconds
2025-06-13 18:47:00,290 - isca - DEBUG - 
2025-06-13 18:47:00,291 - isca - WARNING - WARNING from PE    0: diag_util_mod::opening_file: module/field_name (socrates/soc_toa_sw_down_clr) NOT registered
2025-06-13 18:47:00,291 - isca - DEBUG - 
2025-06-13 18:47:00,291 - isca - DEBUG - 
2025-06-13 18:47:00,291 - isca - WARNING - WARNING from PE    0: diag_util_mod::opening_file: module/field_name (cloud_simple/rh_min) NOT registered
2025-06-13 18:47:00,291 - isca - DEBUG - 
2025-06-13 18:47:00,291 - isca - DEBUG - 
2025-06-13 18:47:00,291 - isca - WARNING - WARNING from PE    0: diag_util_mod::opening_file: module/field_name (socrates/soc_toa_sw_down_clr) NOT registered
2025-06-13 18:47:00,291 - isca - DEBUG - 
2025-06-13 18:47:00,291 - isca - DEBUG - 
2025-06-13 18:47:00,291 - isca - WARNING - WARNING from PE    0: diag_util_mod::opening_file: module/field_name (cloud_simple/rh_min) NOT registered
2025-06-13 18:47:00,291 - isca - DEBUG - 
2025-06-13 18:47:00,302 - isca - DEBUG - NOTE from PE    0: MPP_IO_SET_STACK_SIZE: stack size set to     393216.
2025-06-13 18:47:00,430 - isca - DEBUG - MPP_DOMAINS_STACK high water mark=       49152
2025-06-13 18:47:00,430 - isca - DEBUG - 
2025-06-13 18:47:00,430 - isca - DEBUG - Tabulating mpp_clock statistics across     16 PEs...
2025-06-13 18:47:00,430 - isca - DEBUG - 
2025-06-13 18:47:00,430 - isca - DEBUG - tmin          tmax          tavg          tstd  tfrac grain pemin pemax
2025-06-13 18:47:00,431 - isca - DEBUG - Total runtime                      1408.887104   1408.894918   1408.891013      0.002312  1.000     0     0    15
2025-06-13 18:47:00,431 - isca - DEBUG - MPP_STACK high water mark=           0
2025-06-13 18:47:00,549 - isca - INFO - Run 715 complete
2025-06-13 18:47:01,405 - isca - DEBUG - atmos_monthly.nc combined and copied to data directory
2025-06-13 18:47:04,646 - isca - INFO - Restart archive created at /proj/bolinc/users/x_ryabo/Isca-Ryan_outputs/presentday_1540_Sun_noO3_1950/restarts/res0715.tar.gz
2025-06-13 18:47:04,657 - isca - INFO - Writing namelist to '/proj/bolinc/users/x_ryabo/Isca-Ryan_outputs/presentday_1540_Sun_noO3_1950/run0715/input.nml'
2025-06-13 18:47:04,659 - isca - INFO - Writing field_table to '/proj/bolinc/users/x_ryabo/Isca-Ryan_outputs/presentday_1540_Sun_noO3_1950/run0715/field_table'
2025-06-13 18:47:04,670 - isca - INFO - Writing diag_table to '/proj/bolinc/users/x_ryabo/Isca-Ryan_outputs/presentday_1540_Sun_noO3_1950/run0715/diag_table'
2025-06-13 18:47:04,901 - isca - INFO - Emptied run directory '/home/x_ryabo/Isca-Ryan_tmp/experiment/presentday_1540_Sun_noO3_1950/run'
2025-06-13 18:47:04,918 - isca - INFO - Emptied run directory '/home/x_ryabo/Isca-Ryan_tmp/experiment/presentday_1540_Sun_noO3_1950/run'
2025-06-13 18:47:05,128 - isca - INFO - Writing namelist to '/home/x_ryabo/Isca-Ryan_tmp/experiment/presentday_1540_Sun_noO3_1950/run/input.nml'
2025-06-13 18:47:05,130 - isca - INFO - Writing field_table to '/home/x_ryabo/Isca-Ryan_tmp/experiment/presentday_1540_Sun_noO3_1950/run/field_table'
2025-06-13 18:47:05,140 - isca - INFO - Writing diag_table to '/home/x_ryabo/Isca-Ryan_tmp/experiment/presentday_1540_Sun_noO3_1950/run/diag_table'
2025-06-13 18:47:05,152 - isca - INFO - Using restart file '/proj/bolinc/users/x_ryabo/Isca-Ryan_outputs/presentday_1540_Sun_noO3_1950/restarts/res0715.tar.gz'
2025-06-13 18:47:05,564 - isca - INFO - Restart /proj/bolinc/users/x_ryabo/Isca-Ryan_outputs/presentday_1540_Sun_noO3_1950/restarts/res0715.tar.gz extracted to /home/x_ryabo/Isca-Ryan_tmp/experiment/presentday_1540_Sun_noO3_1950/run/INPUT
2025-06-13 18:47:05,565 - isca - INFO - Beginning run 716
2025-06-13 18:47:05,578 - isca - INFO - process running as 996443
2025-06-13 18:47:05,579 - isca - DEBUG - loadmodules for Isca on NSC cluster Tetralith
2025-06-13 18:47:05,579 - isca - DEBUG - mpiifort
2025-06-13 18:47:05,675 - isca - DEBUG - The following modules were not unloaded:
2025-06-13 18:47:05,675 - isca - DEBUG - (Use "module --force purge" to unload all):
2025-06-13 18:47:05,675 - isca - DEBUG - 
2025-06-13 18:47:05,675 - isca - DEBUG - 1) hpc/.1.10.1
2025-06-13 18:47:05,772 - isca - DEBUG - ***************************************************
2025-06-13 18:47:05,773 - isca - DEBUG - You have loaded a buildenv module
2025-06-13 18:47:05,773 - isca - DEBUG - ***************************************************
2025-06-13 18:47:05,773 - isca - DEBUG - The buldenv-intel module makes available:
2025-06-13 18:47:05,773 - isca - DEBUG - - Compilers: icc, ifort, etc.
2025-06-13 18:47:05,773 - isca - DEBUG - - Mpi library with mpi-wrapped compilers: intel mpi with mpicc, mpifort, etc.
2025-06-13 18:47:05,773 - isca - DEBUG - - Numerical libraries: intel MKL
2025-06-13 18:47:05,773 - isca - DEBUG - 
2025-06-13 18:47:05,773 - isca - DEBUG - It also makes a set of dependency library modules available via
2025-06-13 18:47:05,773 - isca - DEBUG - the regular module command. Just do:
2025-06-13 18:47:05,773 - isca - DEBUG - module avail
2025-06-13 18:47:05,773 - isca - DEBUG - to see what is available.
2025-06-13 18:47:05,773 - isca - DEBUG - 
2025-06-13 18:47:05,773 - isca - DEBUG - NOTE: You shoud never load build environments inside submitted jobs.
2025-06-13 18:47:05,773 - isca - DEBUG - (with the single exception of when using supercomputer time to compile code.)
2025-06-13 18:47:05,773 - isca - DEBUG - 
2025-06-13 18:47:10,683 - isca - DEBUG - NOTE from PE    0: MPP_DOMAINS_SET_STACK_SIZE: stack size set to    32768.
2025-06-13 18:47:10,684 - isca - DEBUG - &MPP_IO_NML
2025-06-13 18:47:10,684 - isca - DEBUG - HEADER_BUFFER_VAL       =       16384,
2025-06-13 18:47:10,684 - isca - DEBUG - GLOBAL_FIELD_ON_ROOT_PE = T,
2025-06-13 18:47:10,684 - isca - DEBUG - IO_CLOCKS_ON    = F,
2025-06-13 18:47:10,684 - isca - DEBUG - SHUFFLE =           0,
2025-06-13 18:47:10,684 - isca - DEBUG - DEFLATE_LEVEL   =          -1
2025-06-13 18:47:10,684 - isca - DEBUG - /
2025-06-13 18:47:10,686 - isca - DEBUG - NOTE from PE    0: MPP_IO_SET_STACK_SIZE: stack size set to     131072.
2025-06-13 18:47:10,687 - isca - DEBUG - NOTE from PE    0: MPP_DOMAINS_SET_STACK_SIZE: stack size set to   600000.
2025-06-13 18:47:10,695 - isca - DEBUG - starting            1  OpenMP threads per MPI-task
2025-06-13 18:47:10,697 - isca - DEBUG - ATMOS MODEL DOMAIN DECOMPOSITION
2025-06-13 18:47:10,697 - isca - DEBUG - X-AXIS =  128
2025-06-13 18:47:10,697 - isca - DEBUG - Y-AXIS =    4   4   4   4   4   4   4   4   4   4   4   4   4   4   4   4
2025-06-13 18:47:10,748 - isca - DEBUG - 
2025-06-13 18:47:10,748 - isca - WARNING - WARNING from PE    9: socrates_init: dt_rad does not fit into one day an integer number of times
2025-06-13 18:47:10,748 - isca - DEBUG - 
2025-06-13 18:47:10,748 - isca - DEBUG - 
2025-06-13 18:47:10,748 - isca - WARNING - WARNING from PE   14: socrates_init: dt_rad does not fit into one day an integer number of times
2025-06-13 18:47:10,748 - isca - DEBUG - 
2025-06-13 18:47:10,748 - isca - DEBUG - 
2025-06-13 18:47:10,748 - isca - WARNING - WARNING from PE   13: socrates_init: dt_rad does not fit into one day an integer number of times
2025-06-13 18:47:10,748 - isca - DEBUG - 
2025-06-13 18:47:10,749 - isca - DEBUG - 
2025-06-13 18:47:10,749 - isca - DEBUG - 
2025-06-13 18:47:10,749 - isca - WARNING - WARNING from PE   11: socrates_init: dt_rad does not fit into one day an integer number of times
2025-06-13 18:47:10,749 - isca - DEBUG - 
2025-06-13 18:47:10,749 - isca - WARNING - WARNING from PE   12: socrates_init: dt_rad does not fit into one day an integer number of times
2025-06-13 18:47:10,749 - isca - DEBUG - 
2025-06-13 18:47:10,749 - isca - DEBUG - 
2025-06-13 18:47:10,749 - isca - WARNING - WARNING from PE   15: socrates_init: dt_rad does not fit into one day an integer number of times
2025-06-13 18:47:10,749 - isca - DEBUG - 
2025-06-13 18:47:10,749 - isca - DEBUG - 
2025-06-13 18:47:10,749 - isca - WARNING - WARNING from PE    8: socrates_init: dt_rad does not fit into one day an integer number of times
2025-06-13 18:47:10,749 - isca - DEBUG - 
2025-06-13 18:47:10,749 - isca - DEBUG - 
2025-06-13 18:47:10,749 - isca - WARNING - WARNING from PE   10: socrates_init: dt_rad does not fit into one day an integer number of times
2025-06-13 18:47:10,749 - isca - DEBUG - 
2025-06-13 18:47:10,751 - isca - DEBUG - NOTE from PE    0: cloud_simple: Using SimCloud cloud scheme
2025-06-13 18:47:10,752 - isca - DEBUG - NOTE from PE    0: ls_cloud: Using linear cloud fraction diagnostic formula.
2025-06-13 18:47:10,752 - isca - DEBUG - NOTE from PE    0: cloud_cover: The cloud overlap assumption is MAXIMUM-RANDOM
2025-06-13 18:47:10,752 - isca - DEBUG - NOTE from PE    0: idealized_moist_phys: Using Frierson Quasi-Equilibrium convection scheme.
2025-06-13 18:47:10,756 - isca - DEBUG - 
2025-06-13 18:47:10,757 - isca - WARNING - WARNING from PE    5: socrates_init: dt_rad does not fit into one day an integer number of times
2025-06-13 18:47:10,757 - isca - DEBUG - 
2025-06-13 18:47:10,757 - isca - WARNING - WARNING from PE    4: socrates_init: dt_rad does not fit into one day an integer number of times
2025-06-13 18:47:10,757 - isca - DEBUG - 
2025-06-13 18:47:10,757 - isca - DEBUG - 
2025-06-13 18:47:10,757 - isca - WARNING - WARNING from PE    6: socrates_init: dt_rad does not fit into one day an integer number of times
2025-06-13 18:47:10,757 - isca - DEBUG - 
2025-06-13 18:47:10,757 - isca - DEBUG - 
2025-06-13 18:47:10,757 - isca - DEBUG - 
2025-06-13 18:47:10,757 - isca - WARNING - WARNING from PE    7: socrates_init: dt_rad does not fit into one day an integer number of times
2025-06-13 18:47:10,757 - isca - DEBUG - 
2025-06-13 18:47:10,757 - isca - DEBUG - 
2025-06-13 18:47:10,757 - isca - WARNING - WARNING from PE    1: socrates_init: dt_rad does not fit into one day an integer number of times
2025-06-13 18:47:10,757 - isca - DEBUG - 
2025-06-13 18:47:10,757 - isca - DEBUG - 
2025-06-13 18:47:10,757 - isca - WARNING - WARNING from PE    2: socrates_init: dt_rad does not fit into one day an integer number of times
2025-06-13 18:47:10,757 - isca - DEBUG - 
2025-06-13 18:47:10,757 - isca - DEBUG - 
2025-06-13 18:47:10,757 - isca - WARNING - WARNING from PE    3: socrates_init: dt_rad does not fit into one day an integer number of times
2025-06-13 18:47:10,757 - isca - DEBUG - 
2025-06-13 18:47:10,762 - isca - DEBUG - 
2025-06-13 18:47:10,762 - isca - WARNING - WARNING from PE    0: socrates_init: dt_rad does not fit into one day an integer number of times
2025-06-13 18:47:10,762 - isca - DEBUG - 
2025-06-13 18:47:10,762 - isca - DEBUG - 
2025-06-13 18:47:10,762 - isca - WARNING - WARNING from PE    0: socrates_init: dt_rad does not fit into one day an integer number of times
2025-06-13 18:47:10,762 - isca - DEBUG - 
2025-06-13 18:47:10,762 - isca - DEBUG - 
2025-06-13 18:47:10,762 - isca - WARNING - WARNING from PE    0: socrates_init: lw_hires_spectral_filename is unset, making equal to lw_spectral_filename
2025-06-13 18:47:10,763 - isca - DEBUG - 
2025-06-13 18:47:10,763 - isca - DEBUG - 
2025-06-13 18:47:10,763 - isca - WARNING - WARNING from PE    0: socrates_init: lw_hires_spectral_filename is unset, making equal to lw_spectral_filename
2025-06-13 18:47:10,763 - isca - DEBUG - 
2025-06-13 18:47:10,763 - isca - DEBUG - 
2025-06-13 18:47:10,763 - isca - WARNING - WARNING from PE    0: socrates_init: sw_hires_spectral_filename is unset, making equal to sw_spectral_filename
2025-06-13 18:47:10,763 - isca - DEBUG - 
2025-06-13 18:47:10,763 - isca - DEBUG - 
2025-06-13 18:47:10,763 - isca - WARNING - WARNING from PE    0: socrates_init: sw_hires_spectral_filename is unset, making equal to sw_spectral_filename
2025-06-13 18:47:10,763 - isca - DEBUG - 
2025-06-13 18:47:11,989 - isca - DEBUG - NOTE from PE    0: Interpolator: Using input file with no time dimension - ozone_1990_notime_zero.nc
2025-06-13 18:47:11,989 - isca - DEBUG - Initializing src field : ozone_1990
2025-06-13 18:47:11,992 - isca - DEBUG - 
2025-06-13 18:47:11,992 - isca - DEBUG - -----------------------------------
2025-06-13 18:47:11,992 - isca - DEBUG - ____                       _
2025-06-13 18:47:11,992 - isca - DEBUG - / ___|  ___   ___ _ __ __ _| |_ ___  ___
2025-06-13 18:47:11,992 - isca - DEBUG - \___ \ / _ \ / __|  __/ _` | __/ _ \/ __|
2025-06-13 18:47:11,992 - isca - DEBUG - ___) | (_) | (__| | | (_| | ||  __/\__ \
2025-06-13 18:47:11,992 - isca - DEBUG - |____/ \___/ \___|_|  \__,_|\__\___||___/
2025-06-13 18:47:11,992 - isca - DEBUG - 
2025-06-13 18:47:11,992 - isca - DEBUG - Initialised Socrates v17.03
2025-06-13 18:47:11,992 - isca - DEBUG - Stellar constant =    1950.00000000000
2025-06-13 18:47:11,992 - isca - DEBUG - Longwave spectral file =
2025-06-13 18:47:11,992 - isca - DEBUG - /proj/bolinc/users/x_ryabo/socrates_edited_for_isca/spectral_files_for_GCMs/Sun
2025-06-13 18:47:11,992 - isca - DEBUG - /miniSuran_lw.sf WITH           16  bands
2025-06-13 18:47:11,992 - isca - DEBUG - Longwave hires spectral file =
2025-06-13 18:47:11,992 - isca - DEBUG - /proj/bolinc/users/x_ryabo/socrates_edited_for_isca/spectral_files_for_GCMs/Sun
2025-06-13 18:47:11,992 - isca - DEBUG - /miniSuran_lw.sf WITH           16  bands
2025-06-13 18:47:11,992 - isca - DEBUG - Shortwave spectral file =
2025-06-13 18:47:11,993 - isca - DEBUG - /proj/bolinc/users/x_ryabo/socrates_edited_for_isca/spectral_files_for_GCMs/Sun
2025-06-13 18:47:11,993 - isca - DEBUG - /miniSuran_sw.sf WITH           16  bands
2025-06-13 18:47:11,993 - isca - DEBUG - Shortwave hires spectral file =
2025-06-13 18:47:11,993 - isca - DEBUG - /proj/bolinc/users/x_ryabo/socrates_edited_for_isca/spectral_files_for_GCMs/Sun
2025-06-13 18:47:11,993 - isca - DEBUG - /miniSuran_sw.sf WITH           16  bands
2025-06-13 18:47:11,993 - isca - DEBUG - 
2025-06-13 18:47:11,993 - isca - DEBUG - -----------------------------------
2025-06-13 18:47:11,993 - isca - DEBUG - 
2025-06-13 18:47:58,857 - isca - DEBUG - Integration completed through 21451 days     0 seconds
2025-06-13 18:48:45,456 - isca - DEBUG - Integration completed through 21452 days     0 seconds
2025-06-13 18:49:31,720 - isca - DEBUG - Integration completed through 21453 days     0 seconds
2025-06-13 18:50:18,505 - isca - DEBUG - Integration completed through 21454 days     0 seconds
2025-06-13 18:51:05,250 - isca - DEBUG - Integration completed through 21455 days     0 seconds
2025-06-13 18:51:51,881 - isca - DEBUG - Integration completed through 21456 days     0 seconds
2025-06-13 18:52:38,172 - isca - DEBUG - Integration completed through 21457 days     0 seconds
2025-06-13 18:53:24,528 - isca - DEBUG - Integration completed through 21458 days     0 seconds
2025-06-13 18:54:11,056 - isca - DEBUG - Integration completed through 21459 days     0 seconds
2025-06-13 18:54:57,624 - isca - DEBUG - Integration completed through 21460 days     0 seconds
2025-06-13 18:55:44,152 - isca - DEBUG - Integration completed through 21461 days     0 seconds
2025-06-13 18:56:30,541 - isca - DEBUG - Integration completed through 21462 days     0 seconds
2025-06-13 18:57:16,981 - isca - DEBUG - Integration completed through 21463 days     0 seconds
2025-06-13 18:58:03,499 - isca - DEBUG - Integration completed through 21464 days     0 seconds
2025-06-13 18:58:50,361 - isca - DEBUG - Integration completed through 21465 days     0 seconds
2025-06-13 18:59:37,295 - isca - DEBUG - Integration completed through 21466 days     0 seconds
2025-06-13 19:00:24,143 - isca - DEBUG - Integration completed through 21467 days     0 seconds
2025-06-13 19:01:10,960 - isca - DEBUG - Integration completed through 21468 days     0 seconds
2025-06-13 19:01:57,806 - isca - DEBUG - Integration completed through 21469 days     0 seconds
2025-06-13 19:02:44,771 - isca - DEBUG - Integration completed through 21470 days     0 seconds
2025-06-13 19:03:31,756 - isca - DEBUG - Integration completed through 21471 days     0 seconds
2025-06-13 19:04:18,885 - isca - DEBUG - Integration completed through 21472 days     0 seconds
2025-06-13 19:05:05,786 - isca - DEBUG - Integration completed through 21473 days     0 seconds
2025-06-13 19:05:52,423 - isca - DEBUG - Integration completed through 21474 days     0 seconds
2025-06-13 19:06:39,253 - isca - DEBUG - Integration completed through 21475 days     0 seconds
2025-06-13 19:07:25,957 - isca - DEBUG - Integration completed through 21476 days     0 seconds
2025-06-13 19:08:12,619 - isca - DEBUG - Integration completed through 21477 days     0 seconds
2025-06-13 19:08:58,988 - isca - DEBUG - Integration completed through 21478 days     0 seconds
2025-06-13 19:09:45,546 - isca - DEBUG - Integration completed through 21479 days     0 seconds
2025-06-13 19:10:32,387 - isca - DEBUG - Integration completed through 21480 days     0 seconds
2025-06-13 19:10:32,395 - isca - DEBUG - 
2025-06-13 19:10:32,395 - isca - WARNING - WARNING from PE    0: diag_util_mod::opening_file: module/field_name (socrates/soc_toa_sw_down_clr) NOT registered
2025-06-13 19:10:32,395 - isca - DEBUG - 
2025-06-13 19:10:32,395 - isca - DEBUG - 
2025-06-13 19:10:32,395 - isca - WARNING - WARNING from PE    0: diag_util_mod::opening_file: module/field_name (cloud_simple/rh_min) NOT registered
2025-06-13 19:10:32,395 - isca - DEBUG - 
2025-06-13 19:10:32,395 - isca - DEBUG - 
2025-06-13 19:10:32,395 - isca - WARNING - WARNING from PE    0: diag_util_mod::opening_file: module/field_name (socrates/soc_toa_sw_down_clr) NOT registered
2025-06-13 19:10:32,395 - isca - DEBUG - 
2025-06-13 19:10:32,395 - isca - DEBUG - 
2025-06-13 19:10:32,395 - isca - WARNING - WARNING from PE    0: diag_util_mod::opening_file: module/field_name (cloud_simple/rh_min) NOT registered
2025-06-13 19:10:32,395 - isca - DEBUG - 
2025-06-13 19:10:32,407 - isca - DEBUG - NOTE from PE    0: MPP_IO_SET_STACK_SIZE: stack size set to     393216.
2025-06-13 19:10:32,543 - isca - DEBUG - MPP_DOMAINS_STACK high water mark=       49152
2025-06-13 19:10:32,543 - isca - DEBUG - 
2025-06-13 19:10:32,543 - isca - DEBUG - Tabulating mpp_clock statistics across     16 PEs...
2025-06-13 19:10:32,543 - isca - DEBUG - 
2025-06-13 19:10:32,543 - isca - DEBUG - tmin          tmax          tavg          tstd  tfrac grain pemin pemax
2025-06-13 19:10:32,543 - isca - DEBUG - Total runtime                      1401.856762   1401.864276   1401.861065      0.002243  1.000     0     0    15
2025-06-13 19:10:32,543 - isca - DEBUG - MPP_STACK high water mark=           0
2025-06-13 19:10:32,690 - isca - INFO - Run 716 complete
2025-06-13 19:10:33,552 - isca - DEBUG - atmos_monthly.nc combined and copied to data directory
2025-06-13 19:10:36,800 - isca - INFO - Restart archive created at /proj/bolinc/users/x_ryabo/Isca-Ryan_outputs/presentday_1540_Sun_noO3_1950/restarts/res0716.tar.gz
2025-06-13 19:10:36,810 - isca - INFO - Writing namelist to '/proj/bolinc/users/x_ryabo/Isca-Ryan_outputs/presentday_1540_Sun_noO3_1950/run0716/input.nml'
2025-06-13 19:10:36,846 - isca - INFO - Writing field_table to '/proj/bolinc/users/x_ryabo/Isca-Ryan_outputs/presentday_1540_Sun_noO3_1950/run0716/field_table'
2025-06-13 19:10:36,856 - isca - INFO - Writing diag_table to '/proj/bolinc/users/x_ryabo/Isca-Ryan_outputs/presentday_1540_Sun_noO3_1950/run0716/diag_table'
2025-06-13 19:10:37,090 - isca - INFO - Emptied run directory '/home/x_ryabo/Isca-Ryan_tmp/experiment/presentday_1540_Sun_noO3_1950/run'
2025-06-13 19:10:37,107 - isca - INFO - Emptied run directory '/home/x_ryabo/Isca-Ryan_tmp/experiment/presentday_1540_Sun_noO3_1950/run'
2025-06-13 19:10:37,317 - isca - INFO - Writing namelist to '/home/x_ryabo/Isca-Ryan_tmp/experiment/presentday_1540_Sun_noO3_1950/run/input.nml'
2025-06-13 19:10:37,319 - isca - INFO - Writing field_table to '/home/x_ryabo/Isca-Ryan_tmp/experiment/presentday_1540_Sun_noO3_1950/run/field_table'
2025-06-13 19:10:37,329 - isca - INFO - Writing diag_table to '/home/x_ryabo/Isca-Ryan_tmp/experiment/presentday_1540_Sun_noO3_1950/run/diag_table'
2025-06-13 19:10:37,341 - isca - INFO - Using restart file '/proj/bolinc/users/x_ryabo/Isca-Ryan_outputs/presentday_1540_Sun_noO3_1950/restarts/res0716.tar.gz'
2025-06-13 19:10:37,755 - isca - INFO - Restart /proj/bolinc/users/x_ryabo/Isca-Ryan_outputs/presentday_1540_Sun_noO3_1950/restarts/res0716.tar.gz extracted to /home/x_ryabo/Isca-Ryan_tmp/experiment/presentday_1540_Sun_noO3_1950/run/INPUT
2025-06-13 19:10:37,755 - isca - INFO - Beginning run 717
2025-06-13 19:10:37,766 - isca - INFO - process running as 997699
2025-06-13 19:10:37,766 - isca - DEBUG - loadmodules for Isca on NSC cluster Tetralith
2025-06-13 19:10:37,766 - isca - DEBUG - mpiifort
2025-06-13 19:10:37,864 - isca - DEBUG - The following modules were not unloaded:
2025-06-13 19:10:37,865 - isca - DEBUG - (Use "module --force purge" to unload all):
2025-06-13 19:10:37,865 - isca - DEBUG - 
2025-06-13 19:10:37,865 - isca - DEBUG - 1) hpc/.1.10.1
2025-06-13 19:10:37,961 - isca - DEBUG - ***************************************************
2025-06-13 19:10:37,961 - isca - DEBUG - You have loaded a buildenv module
2025-06-13 19:10:37,961 - isca - DEBUG - ***************************************************
2025-06-13 19:10:37,961 - isca - DEBUG - The buldenv-intel module makes available:
2025-06-13 19:10:37,961 - isca - DEBUG - - Compilers: icc, ifort, etc.
2025-06-13 19:10:37,961 - isca - DEBUG - - Mpi library with mpi-wrapped compilers: intel mpi with mpicc, mpifort, etc.
2025-06-13 19:10:37,961 - isca - DEBUG - - Numerical libraries: intel MKL
2025-06-13 19:10:37,961 - isca - DEBUG - 
2025-06-13 19:10:37,961 - isca - DEBUG - It also makes a set of dependency library modules available via
2025-06-13 19:10:37,961 - isca - DEBUG - the regular module command. Just do:
2025-06-13 19:10:37,961 - isca - DEBUG - module avail
2025-06-13 19:10:37,961 - isca - DEBUG - to see what is available.
2025-06-13 19:10:37,961 - isca - DEBUG - 
2025-06-13 19:10:37,961 - isca - DEBUG - NOTE: You shoud never load build environments inside submitted jobs.
2025-06-13 19:10:37,961 - isca - DEBUG - (with the single exception of when using supercomputer time to compile code.)
2025-06-13 19:10:37,961 - isca - DEBUG - 
2025-06-13 19:10:39,177 - isca - DEBUG - NOTE from PE    0: MPP_DOMAINS_SET_STACK_SIZE: stack size set to    32768.
2025-06-13 19:10:39,177 - isca - DEBUG - &MPP_IO_NML
2025-06-13 19:10:39,177 - isca - DEBUG - HEADER_BUFFER_VAL       =       16384,
2025-06-13 19:10:39,177 - isca - DEBUG - GLOBAL_FIELD_ON_ROOT_PE = T,
2025-06-13 19:10:39,177 - isca - DEBUG - IO_CLOCKS_ON    = F,
2025-06-13 19:10:39,177 - isca - DEBUG - SHUFFLE =           0,
2025-06-13 19:10:39,177 - isca - DEBUG - DEFLATE_LEVEL   =          -1
2025-06-13 19:10:39,177 - isca - DEBUG - /
2025-06-13 19:10:39,179 - isca - DEBUG - NOTE from PE    0: MPP_IO_SET_STACK_SIZE: stack size set to     131072.
2025-06-13 19:10:39,180 - isca - DEBUG - NOTE from PE    0: MPP_DOMAINS_SET_STACK_SIZE: stack size set to   600000.
2025-06-13 19:10:39,188 - isca - DEBUG - starting            1  OpenMP threads per MPI-task
2025-06-13 19:10:39,190 - isca - DEBUG - ATMOS MODEL DOMAIN DECOMPOSITION
2025-06-13 19:10:39,190 - isca - DEBUG - X-AXIS =  128
2025-06-13 19:10:39,190 - isca - DEBUG - Y-AXIS =    4   4   4   4   4   4   4   4   4   4   4   4   4   4   4   4
2025-06-13 19:10:39,241 - isca - DEBUG - 
2025-06-13 19:10:39,241 - isca - WARNING - WARNING from PE   13: socrates_init: dt_rad does not fit into one day an integer number of times
2025-06-13 19:10:39,241 - isca - DEBUG - 
2025-06-13 19:10:39,241 - isca - DEBUG - 
2025-06-13 19:10:39,241 - isca - WARNING - WARNING from PE   11: socrates_init: dt_rad does not fit into one day an integer number of times
2025-06-13 19:10:39,241 - isca - DEBUG - 
2025-06-13 19:10:39,241 - isca - DEBUG - 
2025-06-13 19:10:39,241 - isca - WARNING - WARNING from PE   15: socrates_init: dt_rad does not fit into one day an integer number of times
2025-06-13 19:10:39,241 - isca - DEBUG - 
2025-06-13 19:10:39,241 - isca - DEBUG - NOTE from PE    0: cloud_simple: Using SimCloud cloud scheme
2025-06-13 19:10:39,241 - isca - DEBUG - 
2025-06-13 19:10:39,241 - isca - WARNING - WARNING from PE    9: socrates_init: dt_rad does not fit into one day an integer number of times
2025-06-13 19:10:39,241 - isca - DEBUG - 
2025-06-13 19:10:39,241 - isca - DEBUG - 
2025-06-13 19:10:39,241 - isca - WARNING - WARNING from PE   14: socrates_init: dt_rad does not fit into one day an integer number of times
2025-06-13 19:10:39,241 - isca - DEBUG - 
2025-06-13 19:10:39,242 - isca - DEBUG - 
2025-06-13 19:10:39,242 - isca - WARNING - WARNING from PE   10: socrates_init: dt_rad does not fit into one day an integer number of times
2025-06-13 19:10:39,242 - isca - DEBUG - 
2025-06-13 19:10:39,242 - isca - DEBUG - 
2025-06-13 19:10:39,242 - isca - WARNING - WARNING from PE   12: socrates_init: dt_rad does not fit into one day an integer number of times
2025-06-13 19:10:39,242 - isca - DEBUG - 
2025-06-13 19:10:39,242 - isca - DEBUG - 
2025-06-13 19:10:39,242 - isca - WARNING - WARNING from PE    8: socrates_init: dt_rad does not fit into one day an integer number of times
2025-06-13 19:10:39,242 - isca - DEBUG - 
2025-06-13 19:10:39,242 - isca - DEBUG - NOTE from PE    0: ls_cloud: Using linear cloud fraction diagnostic formula.
2025-06-13 19:10:39,243 - isca - DEBUG - NOTE from PE    0: cloud_cover: The cloud overlap assumption is MAXIMUM-RANDOM
2025-06-13 19:10:39,243 - isca - DEBUG - NOTE from PE    0: idealized_moist_phys: Using Frierson Quasi-Equilibrium convection scheme.
2025-06-13 19:10:39,247 - isca - DEBUG - 
2025-06-13 19:10:39,247 - isca - WARNING - WARNING from PE    1: socrates_init: dt_rad does not fit into one day an integer number of times
2025-06-13 19:10:39,247 - isca - DEBUG - 
2025-06-13 19:10:39,247 - isca - DEBUG - 
2025-06-13 19:10:39,247 - isca - WARNING - WARNING from PE    6: socrates_init: dt_rad does not fit into one day an integer number of times
2025-06-13 19:10:39,247 - isca - DEBUG - 
2025-06-13 19:10:39,248 - isca - WARNING - WARNING from PE    2: socrates_init: dt_rad does not fit into one day an integer number of times
2025-06-13 19:10:39,248 - isca - DEBUG - 
2025-06-13 19:10:39,248 - isca - DEBUG - 
2025-06-13 19:10:39,248 - isca - DEBUG - 
2025-06-13 19:10:39,248 - isca - WARNING - WARNING from PE    7: socrates_init: dt_rad does not fit into one day an integer number of times
2025-06-13 19:10:39,248 - isca - DEBUG - 
2025-06-13 19:10:39,248 - isca - DEBUG - 
2025-06-13 19:10:39,248 - isca - WARNING - WARNING from PE    4: socrates_init: dt_rad does not fit into one day an integer number of times
2025-06-13 19:10:39,248 - isca - DEBUG - 
2025-06-13 19:10:39,248 - isca - DEBUG - 
2025-06-13 19:10:39,248 - isca - WARNING - WARNING from PE    5: socrates_init: dt_rad does not fit into one day an integer number of times
2025-06-13 19:10:39,248 - isca - DEBUG - 
2025-06-13 19:10:39,248 - isca - DEBUG - 
2025-06-13 19:10:39,248 - isca - WARNING - WARNING from PE    3: socrates_init: dt_rad does not fit into one day an integer number of times
2025-06-13 19:10:39,248 - isca - DEBUG - 
2025-06-13 19:10:39,252 - isca - DEBUG - 
2025-06-13 19:10:39,253 - isca - WARNING - WARNING from PE    0: socrates_init: dt_rad does not fit into one day an integer number of times
2025-06-13 19:10:39,253 - isca - DEBUG - 
2025-06-13 19:10:39,253 - isca - DEBUG - 
2025-06-13 19:10:39,253 - isca - WARNING - WARNING from PE    0: socrates_init: dt_rad does not fit into one day an integer number of times
2025-06-13 19:10:39,253 - isca - DEBUG - 
2025-06-13 19:10:39,253 - isca - DEBUG - 
2025-06-13 19:10:39,253 - isca - WARNING - WARNING from PE    0: socrates_init: lw_hires_spectral_filename is unset, making equal to lw_spectral_filename
2025-06-13 19:10:39,253 - isca - DEBUG - 
2025-06-13 19:10:39,253 - isca - DEBUG - 
2025-06-13 19:10:39,253 - isca - WARNING - WARNING from PE    0: socrates_init: lw_hires_spectral_filename is unset, making equal to lw_spectral_filename
2025-06-13 19:10:39,253 - isca - DEBUG - 
2025-06-13 19:10:39,253 - isca - DEBUG - 
2025-06-13 19:10:39,253 - isca - WARNING - WARNING from PE    0: socrates_init: sw_hires_spectral_filename is unset, making equal to sw_spectral_filename
2025-06-13 19:10:39,253 - isca - DEBUG - 
2025-06-13 19:10:39,253 - isca - DEBUG - 
2025-06-13 19:10:39,253 - isca - WARNING - WARNING from PE    0: socrates_init: sw_hires_spectral_filename is unset, making equal to sw_spectral_filename
2025-06-13 19:10:39,253 - isca - DEBUG - 
2025-06-13 19:10:40,490 - isca - DEBUG - NOTE from PE    0: Interpolator: Using input file with no time dimension - ozone_1990_notime_zero.nc
2025-06-13 19:10:40,490 - isca - DEBUG - Initializing src field : ozone_1990
2025-06-13 19:10:40,492 - isca - DEBUG - 
2025-06-13 19:10:40,492 - isca - DEBUG - -----------------------------------
2025-06-13 19:10:40,492 - isca - DEBUG - ____                       _
2025-06-13 19:10:40,492 - isca - DEBUG - / ___|  ___   ___ _ __ __ _| |_ ___  ___
2025-06-13 19:10:40,493 - isca - DEBUG - \___ \ / _ \ / __|  __/ _` | __/ _ \/ __|
2025-06-13 19:10:40,493 - isca - DEBUG - ___) | (_) | (__| | | (_| | ||  __/\__ \
2025-06-13 19:10:40,493 - isca - DEBUG - |____/ \___/ \___|_|  \__,_|\__\___||___/
2025-06-13 19:10:40,493 - isca - DEBUG - 
2025-06-13 19:10:40,493 - isca - DEBUG - Initialised Socrates v17.03
2025-06-13 19:10:40,493 - isca - DEBUG - Stellar constant =    1950.00000000000
2025-06-13 19:10:40,493 - isca - DEBUG - Longwave spectral file =
2025-06-13 19:10:40,493 - isca - DEBUG - /proj/bolinc/users/x_ryabo/socrates_edited_for_isca/spectral_files_for_GCMs/Sun
2025-06-13 19:10:40,493 - isca - DEBUG - /miniSuran_lw.sf WITH           16  bands
2025-06-13 19:10:40,493 - isca - DEBUG - Longwave hires spectral file =
2025-06-13 19:10:40,493 - isca - DEBUG - /proj/bolinc/users/x_ryabo/socrates_edited_for_isca/spectral_files_for_GCMs/Sun
2025-06-13 19:10:40,493 - isca - DEBUG - /miniSuran_lw.sf WITH           16  bands
2025-06-13 19:10:40,493 - isca - DEBUG - Shortwave spectral file =
2025-06-13 19:10:40,493 - isca - DEBUG - /proj/bolinc/users/x_ryabo/socrates_edited_for_isca/spectral_files_for_GCMs/Sun
2025-06-13 19:10:40,493 - isca - DEBUG - /miniSuran_sw.sf WITH           16  bands
2025-06-13 19:10:40,493 - isca - DEBUG - Shortwave hires spectral file =
2025-06-13 19:10:40,493 - isca - DEBUG - /proj/bolinc/users/x_ryabo/socrates_edited_for_isca/spectral_files_for_GCMs/Sun
2025-06-13 19:10:40,493 - isca - DEBUG - /miniSuran_sw.sf WITH           16  bands
2025-06-13 19:10:40,493 - isca - DEBUG - 
2025-06-13 19:10:40,493 - isca - DEBUG - -----------------------------------
2025-06-13 19:10:40,493 - isca - DEBUG - 
2025-06-13 19:11:27,599 - isca - DEBUG - Integration completed through 21481 days     0 seconds
2025-06-13 19:12:14,838 - isca - DEBUG - Integration completed through 21482 days     0 seconds
2025-06-13 19:13:02,056 - isca - DEBUG - Integration completed through 21483 days     0 seconds
2025-06-13 19:13:49,238 - isca - DEBUG - Integration completed through 21484 days     0 seconds
2025-06-13 19:14:36,461 - isca - DEBUG - Integration completed through 21485 days     0 seconds
2025-06-13 19:15:23,475 - isca - DEBUG - Integration completed through 21486 days     0 seconds
2025-06-13 19:16:10,519 - isca - DEBUG - Integration completed through 21487 days     0 seconds
2025-06-13 19:16:57,552 - isca - DEBUG - Integration completed through 21488 days     0 seconds
2025-06-13 19:17:44,575 - isca - DEBUG - Integration completed through 21489 days     0 seconds
2025-06-13 19:18:31,367 - isca - DEBUG - Integration completed through 21490 days     0 seconds
2025-06-13 19:19:18,376 - isca - DEBUG - Integration completed through 21491 days     0 seconds
2025-06-13 19:20:05,280 - isca - DEBUG - Integration completed through 21492 days     0 seconds
2025-06-13 19:20:52,034 - isca - DEBUG - Integration completed through 21493 days     0 seconds
2025-06-13 19:21:38,434 - isca - DEBUG - Integration completed through 21494 days     0 seconds
2025-06-13 19:22:24,744 - isca - DEBUG - Integration completed through 21495 days     0 seconds
2025-06-13 19:23:11,145 - isca - DEBUG - Integration completed through 21496 days     0 seconds
2025-06-13 19:23:57,636 - isca - DEBUG - Integration completed through 21497 days     0 seconds
2025-06-13 19:24:44,211 - isca - DEBUG - Integration completed through 21498 days     0 seconds
2025-06-13 19:25:30,671 - isca - DEBUG - Integration completed through 21499 days     0 seconds
2025-06-13 19:26:17,003 - isca - DEBUG - Integration completed through 21500 days     0 seconds
2025-06-13 19:27:02,932 - isca - DEBUG - Integration completed through 21501 days     0 seconds
2025-06-13 19:27:48,718 - isca - DEBUG - Integration completed through 21502 days     0 seconds
2025-06-13 19:28:34,876 - isca - DEBUG - Integration completed through 21503 days     0 seconds
2025-06-13 19:29:21,095 - isca - DEBUG - Integration completed through 21504 days     0 seconds
2025-06-13 19:30:07,367 - isca - DEBUG - Integration completed through 21505 days     0 seconds
2025-06-13 19:30:53,674 - isca - DEBUG - Integration completed through 21506 days     0 seconds
2025-06-13 19:31:40,005 - isca - DEBUG - Integration completed through 21507 days     0 seconds
2025-06-13 19:32:26,540 - isca - DEBUG - Integration completed through 21508 days     0 seconds
2025-06-13 19:33:12,808 - isca - DEBUG - Integration completed through 21509 days     0 seconds
2025-06-13 19:33:58,764 - isca - DEBUG - Integration completed through 21510 days     0 seconds
2025-06-13 19:33:58,772 - isca - DEBUG - 
2025-06-13 19:33:58,772 - isca - WARNING - WARNING from PE    0: diag_util_mod::opening_file: module/field_name (socrates/soc_toa_sw_down_clr) NOT registered
2025-06-13 19:33:58,772 - isca - DEBUG - 
2025-06-13 19:33:58,772 - isca - DEBUG - 
2025-06-13 19:33:58,772 - isca - WARNING - WARNING from PE    0: diag_util_mod::opening_file: module/field_name (cloud_simple/rh_min) NOT registered
2025-06-13 19:33:58,772 - isca - DEBUG - 
2025-06-13 19:33:58,772 - isca - DEBUG - 
2025-06-13 19:33:58,772 - isca - WARNING - WARNING from PE    0: diag_util_mod::opening_file: module/field_name (socrates/soc_toa_sw_down_clr) NOT registered
2025-06-13 19:33:58,772 - isca - DEBUG - 
2025-06-13 19:33:58,772 - isca - DEBUG - 
2025-06-13 19:33:58,772 - isca - WARNING - WARNING from PE    0: diag_util_mod::opening_file: module/field_name (cloud_simple/rh_min) NOT registered
2025-06-13 19:33:58,772 - isca - DEBUG - 
2025-06-13 19:33:58,783 - isca - DEBUG - NOTE from PE    0: MPP_IO_SET_STACK_SIZE: stack size set to     393216.
2025-06-13 19:33:58,948 - isca - DEBUG - MPP_DOMAINS_STACK high water mark=       49152
2025-06-13 19:33:58,948 - isca - DEBUG - 
2025-06-13 19:33:58,948 - isca - DEBUG - Tabulating mpp_clock statistics across     16 PEs...
2025-06-13 19:33:58,949 - isca - DEBUG - 
2025-06-13 19:33:58,949 - isca - DEBUG - tmin          tmax          tavg          tstd  tfrac grain pemin pemax
2025-06-13 19:33:58,949 - isca - DEBUG - Total runtime                      1399.768634   1399.776375   1399.772225      0.002096  1.000     0     0    15
2025-06-13 19:33:58,949 - isca - DEBUG - MPP_STACK high water mark=           0
2025-06-13 19:33:59,107 - isca - INFO - Run 717 complete
2025-06-13 19:33:59,922 - isca - DEBUG - atmos_monthly.nc combined and copied to data directory
2025-06-13 19:34:03,173 - isca - INFO - Restart archive created at /proj/bolinc/users/x_ryabo/Isca-Ryan_outputs/presentday_1540_Sun_noO3_1950/restarts/res0717.tar.gz
2025-06-13 19:34:03,184 - isca - INFO - Writing namelist to '/proj/bolinc/users/x_ryabo/Isca-Ryan_outputs/presentday_1540_Sun_noO3_1950/run0717/input.nml'
2025-06-13 19:34:03,186 - isca - INFO - Writing field_table to '/proj/bolinc/users/x_ryabo/Isca-Ryan_outputs/presentday_1540_Sun_noO3_1950/run0717/field_table'
2025-06-13 19:34:03,196 - isca - INFO - Writing diag_table to '/proj/bolinc/users/x_ryabo/Isca-Ryan_outputs/presentday_1540_Sun_noO3_1950/run0717/diag_table'
2025-06-13 19:34:03,473 - isca - INFO - Emptied run directory '/home/x_ryabo/Isca-Ryan_tmp/experiment/presentday_1540_Sun_noO3_1950/run'
2025-06-13 19:34:03,492 - isca - INFO - Emptied run directory '/home/x_ryabo/Isca-Ryan_tmp/experiment/presentday_1540_Sun_noO3_1950/run'
2025-06-13 19:34:03,701 - isca - INFO - Writing namelist to '/home/x_ryabo/Isca-Ryan_tmp/experiment/presentday_1540_Sun_noO3_1950/run/input.nml'
2025-06-13 19:34:03,703 - isca - INFO - Writing field_table to '/home/x_ryabo/Isca-Ryan_tmp/experiment/presentday_1540_Sun_noO3_1950/run/field_table'
2025-06-13 19:34:03,714 - isca - INFO - Writing diag_table to '/home/x_ryabo/Isca-Ryan_tmp/experiment/presentday_1540_Sun_noO3_1950/run/diag_table'
2025-06-13 19:34:03,729 - isca - INFO - Using restart file '/proj/bolinc/users/x_ryabo/Isca-Ryan_outputs/presentday_1540_Sun_noO3_1950/restarts/res0717.tar.gz'
2025-06-13 19:34:04,144 - isca - INFO - Restart /proj/bolinc/users/x_ryabo/Isca-Ryan_outputs/presentday_1540_Sun_noO3_1950/restarts/res0717.tar.gz extracted to /home/x_ryabo/Isca-Ryan_tmp/experiment/presentday_1540_Sun_noO3_1950/run/INPUT
2025-06-13 19:34:04,144 - isca - INFO - Beginning run 718
2025-06-13 19:34:04,154 - isca - INFO - process running as 998881
2025-06-13 19:34:04,154 - isca - DEBUG - loadmodules for Isca on NSC cluster Tetralith
2025-06-13 19:34:04,155 - isca - DEBUG - mpiifort
2025-06-13 19:34:04,253 - isca - DEBUG - The following modules were not unloaded:
2025-06-13 19:34:04,254 - isca - DEBUG - (Use "module --force purge" to unload all):
2025-06-13 19:34:04,254 - isca - DEBUG - 
2025-06-13 19:34:04,254 - isca - DEBUG - 1) hpc/.1.10.1
2025-06-13 19:34:04,350 - isca - DEBUG - ***************************************************
2025-06-13 19:34:04,350 - isca - DEBUG - You have loaded a buildenv module
2025-06-13 19:34:04,350 - isca - DEBUG - ***************************************************
2025-06-13 19:34:04,350 - isca - DEBUG - The buldenv-intel module makes available:
2025-06-13 19:34:04,350 - isca - DEBUG - - Compilers: icc, ifort, etc.
2025-06-13 19:34:04,350 - isca - DEBUG - - Mpi library with mpi-wrapped compilers: intel mpi with mpicc, mpifort, etc.
2025-06-13 19:34:04,350 - isca - DEBUG - - Numerical libraries: intel MKL
2025-06-13 19:34:04,350 - isca - DEBUG - 
2025-06-13 19:34:04,350 - isca - DEBUG - It also makes a set of dependency library modules available via
2025-06-13 19:34:04,350 - isca - DEBUG - the regular module command. Just do:
2025-06-13 19:34:04,350 - isca - DEBUG - module avail
2025-06-13 19:34:04,350 - isca - DEBUG - to see what is available.
2025-06-13 19:34:04,350 - isca - DEBUG - 
2025-06-13 19:34:04,350 - isca - DEBUG - NOTE: You shoud never load build environments inside submitted jobs.
2025-06-13 19:34:04,350 - isca - DEBUG - (with the single exception of when using supercomputer time to compile code.)
2025-06-13 19:34:04,350 - isca - DEBUG - 
2025-06-13 19:34:05,544 - isca - DEBUG - NOTE from PE    0: MPP_DOMAINS_SET_STACK_SIZE: stack size set to    32768.
2025-06-13 19:34:05,544 - isca - DEBUG - &MPP_IO_NML
2025-06-13 19:34:05,544 - isca - DEBUG - HEADER_BUFFER_VAL       =       16384,
2025-06-13 19:34:05,544 - isca - DEBUG - GLOBAL_FIELD_ON_ROOT_PE = T,
2025-06-13 19:34:05,544 - isca - DEBUG - IO_CLOCKS_ON    = F,
2025-06-13 19:34:05,544 - isca - DEBUG - SHUFFLE =           0,
2025-06-13 19:34:05,544 - isca - DEBUG - DEFLATE_LEVEL   =          -1
2025-06-13 19:34:05,544 - isca - DEBUG - /
2025-06-13 19:34:05,546 - isca - DEBUG - NOTE from PE    0: MPP_IO_SET_STACK_SIZE: stack size set to     131072.
2025-06-13 19:34:05,547 - isca - DEBUG - NOTE from PE    0: MPP_DOMAINS_SET_STACK_SIZE: stack size set to   600000.
2025-06-13 19:34:05,555 - isca - DEBUG - starting            1  OpenMP threads per MPI-task
2025-06-13 19:34:05,557 - isca - DEBUG - ATMOS MODEL DOMAIN DECOMPOSITION
2025-06-13 19:34:05,557 - isca - DEBUG - X-AXIS =  128
2025-06-13 19:34:05,557 - isca - DEBUG - Y-AXIS =    4   4   4   4   4   4   4   4   4   4   4   4   4   4   4   4
2025-06-13 19:34:05,605 - isca - DEBUG - 
2025-06-13 19:34:05,605 - isca - WARNING - WARNING from PE   10: socrates_init: dt_rad does not fit into one day an integer number of times
2025-06-13 19:34:05,605 - isca - DEBUG - 
2025-06-13 19:34:05,606 - isca - DEBUG - 
2025-06-13 19:34:05,606 - isca - DEBUG - 
2025-06-13 19:34:05,606 - isca - WARNING - WARNING from PE    8: socrates_init: dt_rad does not fit into one day an integer number of times
2025-06-13 19:34:05,606 - isca - DEBUG - 
2025-06-13 19:34:05,606 - isca - WARNING - WARNING from PE   11: socrates_init: dt_rad does not fit into one day an integer number of times
2025-06-13 19:34:05,606 - isca - DEBUG - 
2025-06-13 19:34:05,606 - isca - DEBUG - 
2025-06-13 19:34:05,607 - isca - WARNING - WARNING from PE   13: socrates_init: dt_rad does not fit into one day an integer number of times
2025-06-13 19:34:05,607 - isca - DEBUG - 
2025-06-13 19:34:05,607 - isca - DEBUG - 
2025-06-13 19:34:05,607 - isca - WARNING - WARNING from PE   14: socrates_init: dt_rad does not fit into one day an integer number of times
2025-06-13 19:34:05,607 - isca - DEBUG - 
2025-06-13 19:34:05,607 - isca - DEBUG - 
2025-06-13 19:34:05,607 - isca - WARNING - WARNING from PE    9: socrates_init: dt_rad does not fit into one day an integer number of times
2025-06-13 19:34:05,607 - isca - DEBUG - 
2025-06-13 19:34:05,607 - isca - DEBUG - 
2025-06-13 19:34:05,607 - isca - WARNING - WARNING from PE   12: socrates_init: dt_rad does not fit into one day an integer number of times
2025-06-13 19:34:05,607 - isca - DEBUG - 
2025-06-13 19:34:05,607 - isca - DEBUG - 
2025-06-13 19:34:05,607 - isca - WARNING - WARNING from PE   15: socrates_init: dt_rad does not fit into one day an integer number of times
2025-06-13 19:34:05,607 - isca - DEBUG - 
2025-06-13 19:34:05,608 - isca - DEBUG - NOTE from PE    0: cloud_simple: Using SimCloud cloud scheme
2025-06-13 19:34:05,610 - isca - DEBUG - NOTE from PE    0: ls_cloud: Using linear cloud fraction diagnostic formula.
2025-06-13 19:34:05,610 - isca - DEBUG - NOTE from PE    0: cloud_cover: The cloud overlap assumption is MAXIMUM-RANDOM
2025-06-13 19:34:05,610 - isca - DEBUG - NOTE from PE    0: idealized_moist_phys: Using Frierson Quasi-Equilibrium convection scheme.
2025-06-13 19:34:05,614 - isca - DEBUG - 
2025-06-13 19:34:05,614 - isca - DEBUG - 
2025-06-13 19:34:05,614 - isca - WARNING - WARNING from PE    5: socrates_init: dt_rad does not fit into one day an integer number of times
2025-06-13 19:34:05,614 - isca - DEBUG - 
2025-06-13 19:34:05,614 - isca - WARNING - WARNING from PE    3: socrates_init: dt_rad does not fit into one day an integer number of times
2025-06-13 19:34:05,614 - isca - DEBUG - 
2025-06-13 19:34:05,614 - isca - DEBUG - 
2025-06-13 19:34:05,614 - isca - WARNING - WARNING from PE    7: socrates_init: dt_rad does not fit into one day an integer number of times
2025-06-13 19:34:05,615 - isca - DEBUG - 
2025-06-13 19:34:05,615 - isca - DEBUG - 
2025-06-13 19:34:05,615 - isca - WARNING - WARNING from PE    4: socrates_init: dt_rad does not fit into one day an integer number of times
2025-06-13 19:34:05,615 - isca - DEBUG - 
2025-06-13 19:34:05,615 - isca - DEBUG - 
2025-06-13 19:34:05,615 - isca - WARNING - WARNING from PE    6: socrates_init: dt_rad does not fit into one day an integer number of times
2025-06-13 19:34:05,615 - isca - DEBUG - 
2025-06-13 19:34:05,615 - isca - DEBUG - 
2025-06-13 19:34:05,615 - isca - WARNING - WARNING from PE    2: socrates_init: dt_rad does not fit into one day an integer number of times
2025-06-13 19:34:05,615 - isca - DEBUG - 
2025-06-13 19:34:05,615 - isca - DEBUG - 
2025-06-13 19:34:05,615 - isca - WARNING - WARNING from PE    1: socrates_init: dt_rad does not fit into one day an integer number of times
2025-06-13 19:34:05,615 - isca - DEBUG - 
2025-06-13 19:34:05,620 - isca - DEBUG - 
2025-06-13 19:34:05,621 - isca - WARNING - WARNING from PE    0: socrates_init: dt_rad does not fit into one day an integer number of times
2025-06-13 19:34:05,621 - isca - DEBUG - 
2025-06-13 19:34:05,621 - isca - DEBUG - 
2025-06-13 19:34:05,621 - isca - WARNING - WARNING from PE    0: socrates_init: dt_rad does not fit into one day an integer number of times
2025-06-13 19:34:05,621 - isca - DEBUG - 
2025-06-13 19:34:05,621 - isca - DEBUG - 
2025-06-13 19:34:05,621 - isca - WARNING - WARNING from PE    0: socrates_init: lw_hires_spectral_filename is unset, making equal to lw_spectral_filename
2025-06-13 19:34:05,621 - isca - DEBUG - 
2025-06-13 19:34:05,621 - isca - DEBUG - 
2025-06-13 19:34:05,621 - isca - WARNING - WARNING from PE    0: socrates_init: lw_hires_spectral_filename is unset, making equal to lw_spectral_filename
2025-06-13 19:34:05,621 - isca - DEBUG - 
2025-06-13 19:34:05,621 - isca - DEBUG - 
2025-06-13 19:34:05,621 - isca - WARNING - WARNING from PE    0: socrates_init: sw_hires_spectral_filename is unset, making equal to sw_spectral_filename
2025-06-13 19:34:05,621 - isca - DEBUG - 
2025-06-13 19:34:05,621 - isca - DEBUG - 
2025-06-13 19:34:05,621 - isca - WARNING - WARNING from PE    0: socrates_init: sw_hires_spectral_filename is unset, making equal to sw_spectral_filename
2025-06-13 19:34:05,621 - isca - DEBUG - 
2025-06-13 19:34:06,839 - isca - DEBUG - NOTE from PE    0: Interpolator: Using input file with no time dimension - ozone_1990_notime_zero.nc
2025-06-13 19:34:06,839 - isca - DEBUG - Initializing src field : ozone_1990
2025-06-13 19:34:06,842 - isca - DEBUG - 
2025-06-13 19:34:06,842 - isca - DEBUG - -----------------------------------
2025-06-13 19:34:06,842 - isca - DEBUG - ____                       _
2025-06-13 19:34:06,842 - isca - DEBUG - / ___|  ___   ___ _ __ __ _| |_ ___  ___
2025-06-13 19:34:06,842 - isca - DEBUG - \___ \ / _ \ / __|  __/ _` | __/ _ \/ __|
2025-06-13 19:34:06,842 - isca - DEBUG - ___) | (_) | (__| | | (_| | ||  __/\__ \
2025-06-13 19:34:06,842 - isca - DEBUG - |____/ \___/ \___|_|  \__,_|\__\___||___/
2025-06-13 19:34:06,842 - isca - DEBUG - 
2025-06-13 19:34:06,842 - isca - DEBUG - Initialised Socrates v17.03
2025-06-13 19:34:06,842 - isca - DEBUG - Stellar constant =    1950.00000000000
2025-06-13 19:34:06,842 - isca - DEBUG - Longwave spectral file =
2025-06-13 19:34:06,842 - isca - DEBUG - /proj/bolinc/users/x_ryabo/socrates_edited_for_isca/spectral_files_for_GCMs/Sun
2025-06-13 19:34:06,842 - isca - DEBUG - /miniSuran_lw.sf WITH           16  bands
2025-06-13 19:34:06,842 - isca - DEBUG - Longwave hires spectral file =
2025-06-13 19:34:06,842 - isca - DEBUG - /proj/bolinc/users/x_ryabo/socrates_edited_for_isca/spectral_files_for_GCMs/Sun
2025-06-13 19:34:06,842 - isca - DEBUG - /miniSuran_lw.sf WITH           16  bands
2025-06-13 19:34:06,842 - isca - DEBUG - Shortwave spectral file =
2025-06-13 19:34:06,842 - isca - DEBUG - /proj/bolinc/users/x_ryabo/socrates_edited_for_isca/spectral_files_for_GCMs/Sun
2025-06-13 19:34:06,843 - isca - DEBUG - /miniSuran_sw.sf WITH           16  bands
2025-06-13 19:34:06,843 - isca - DEBUG - Shortwave hires spectral file =
2025-06-13 19:34:06,843 - isca - DEBUG - /proj/bolinc/users/x_ryabo/socrates_edited_for_isca/spectral_files_for_GCMs/Sun
2025-06-13 19:34:06,843 - isca - DEBUG - /miniSuran_sw.sf WITH           16  bands
2025-06-13 19:34:06,843 - isca - DEBUG - 
2025-06-13 19:34:06,843 - isca - DEBUG - -----------------------------------
2025-06-13 19:34:06,843 - isca - DEBUG - 
2025-06-13 19:34:53,358 - isca - DEBUG - Integration completed through 21511 days     0 seconds
2025-06-13 19:35:40,004 - isca - DEBUG - Integration completed through 21512 days     0 seconds
2025-06-13 19:36:26,344 - isca - DEBUG - Integration completed through 21513 days     0 seconds
2025-06-13 19:37:12,795 - isca - DEBUG - Integration completed through 21514 days     0 seconds
2025-06-13 19:37:59,392 - isca - DEBUG - Integration completed through 21515 days     0 seconds
2025-06-13 19:38:45,964 - isca - DEBUG - Integration completed through 21516 days     0 seconds
2025-06-13 19:39:32,767 - isca - DEBUG - Integration completed through 21517 days     0 seconds
2025-06-13 19:40:19,708 - isca - DEBUG - Integration completed through 21518 days     0 seconds
2025-06-13 19:41:05,966 - isca - DEBUG - Integration completed through 21519 days     0 seconds
2025-06-13 19:41:52,405 - isca - DEBUG - Integration completed through 21520 days     0 seconds
2025-06-13 19:42:38,836 - isca - DEBUG - Integration completed through 21521 days     0 seconds
2025-06-13 19:43:24,984 - isca - DEBUG - Integration completed through 21522 days     0 seconds
2025-06-13 19:44:11,323 - isca - DEBUG - Integration completed through 21523 days     0 seconds
2025-06-13 19:44:57,549 - isca - DEBUG - Integration completed through 21524 days     0 seconds
2025-06-13 19:45:43,774 - isca - DEBUG - Integration completed through 21525 days     0 seconds
2025-06-13 19:46:29,861 - isca - DEBUG - Integration completed through 21526 days     0 seconds
2025-06-13 19:47:15,894 - isca - DEBUG - Integration completed through 21527 days     0 seconds
2025-06-13 19:48:02,001 - isca - DEBUG - Integration completed through 21528 days     0 seconds
2025-06-13 19:48:48,122 - isca - DEBUG - Integration completed through 21529 days     0 seconds
2025-06-13 19:49:34,174 - isca - DEBUG - Integration completed through 21530 days     0 seconds
2025-06-13 19:50:20,164 - isca - DEBUG - Integration completed through 21531 days     0 seconds
2025-06-13 19:51:06,376 - isca - DEBUG - Integration completed through 21532 days     0 seconds
2025-06-13 19:51:52,534 - isca - DEBUG - Integration completed through 21533 days     0 seconds
2025-06-13 19:52:38,802 - isca - DEBUG - Integration completed through 21534 days     0 seconds
2025-06-13 19:53:25,248 - isca - DEBUG - Integration completed through 21535 days     0 seconds
2025-06-13 19:54:11,451 - isca - DEBUG - Integration completed through 21536 days     0 seconds
2025-06-13 19:54:57,757 - isca - DEBUG - Integration completed through 21537 days     0 seconds
2025-06-13 19:55:44,380 - isca - DEBUG - Integration completed through 21538 days     0 seconds
2025-06-13 19:56:30,496 - isca - DEBUG - Integration completed through 21539 days     0 seconds
2025-06-13 19:57:16,283 - isca - DEBUG - Integration completed through 21540 days     0 seconds
2025-06-13 19:57:16,290 - isca - DEBUG - 
2025-06-13 19:57:16,291 - isca - WARNING - WARNING from PE    0: diag_util_mod::opening_file: module/field_name (socrates/soc_toa_sw_down_clr) NOT registered
2025-06-13 19:57:16,291 - isca - DEBUG - 
2025-06-13 19:57:16,291 - isca - DEBUG - 
2025-06-13 19:57:16,291 - isca - WARNING - WARNING from PE    0: diag_util_mod::opening_file: module/field_name (socrates/soc_toa_sw_down_clr) NOT registered
2025-06-13 19:57:16,291 - isca - DEBUG - 
2025-06-13 19:57:16,291 - isca - DEBUG - 
2025-06-13 19:57:16,291 - isca - WARNING - WARNING from PE    0: diag_util_mod::opening_file: module/field_name (cloud_simple/rh_min) NOT registered
2025-06-13 19:57:16,291 - isca - DEBUG - 
2025-06-13 19:57:16,291 - isca - DEBUG - 
2025-06-13 19:57:16,291 - isca - WARNING - WARNING from PE    0: diag_util_mod::opening_file: module/field_name (cloud_simple/rh_min) NOT registered
2025-06-13 19:57:16,291 - isca - DEBUG - 
2025-06-13 19:57:16,302 - isca - DEBUG - NOTE from PE    0: MPP_IO_SET_STACK_SIZE: stack size set to     393216.
2025-06-13 19:57:16,422 - isca - DEBUG - MPP_DOMAINS_STACK high water mark=       49152
2025-06-13 19:57:16,423 - isca - DEBUG - 
2025-06-13 19:57:16,423 - isca - DEBUG - Tabulating mpp_clock statistics across     16 PEs...
2025-06-13 19:57:16,423 - isca - DEBUG - 
2025-06-13 19:57:16,423 - isca - DEBUG - tmin          tmax          tavg          tstd  tfrac grain pemin pemax
2025-06-13 19:57:16,423 - isca - DEBUG - Total runtime                      1390.875765   1390.883016   1390.879013      0.001802  1.000     0     0    15
2025-06-13 19:57:16,423 - isca - DEBUG - MPP_STACK high water mark=           0
2025-06-13 19:57:16,581 - isca - INFO - Run 718 complete
2025-06-13 19:57:17,439 - isca - DEBUG - atmos_monthly.nc combined and copied to data directory
2025-06-13 19:57:20,667 - isca - INFO - Restart archive created at /proj/bolinc/users/x_ryabo/Isca-Ryan_outputs/presentday_1540_Sun_noO3_1950/restarts/res0718.tar.gz
2025-06-13 19:57:20,678 - isca - INFO - Writing namelist to '/proj/bolinc/users/x_ryabo/Isca-Ryan_outputs/presentday_1540_Sun_noO3_1950/run0718/input.nml'
2025-06-13 19:57:20,680 - isca - INFO - Writing field_table to '/proj/bolinc/users/x_ryabo/Isca-Ryan_outputs/presentday_1540_Sun_noO3_1950/run0718/field_table'
2025-06-13 19:57:20,690 - isca - INFO - Writing diag_table to '/proj/bolinc/users/x_ryabo/Isca-Ryan_outputs/presentday_1540_Sun_noO3_1950/run0718/diag_table'
2025-06-13 19:57:20,952 - isca - INFO - Emptied run directory '/home/x_ryabo/Isca-Ryan_tmp/experiment/presentday_1540_Sun_noO3_1950/run'
2025-06-13 19:57:20,969 - isca - INFO - Emptied run directory '/home/x_ryabo/Isca-Ryan_tmp/experiment/presentday_1540_Sun_noO3_1950/run'
2025-06-13 19:57:21,178 - isca - INFO - Writing namelist to '/home/x_ryabo/Isca-Ryan_tmp/experiment/presentday_1540_Sun_noO3_1950/run/input.nml'
2025-06-13 19:57:21,179 - isca - INFO - Writing field_table to '/home/x_ryabo/Isca-Ryan_tmp/experiment/presentday_1540_Sun_noO3_1950/run/field_table'
2025-06-13 19:57:21,190 - isca - INFO - Writing diag_table to '/home/x_ryabo/Isca-Ryan_tmp/experiment/presentday_1540_Sun_noO3_1950/run/diag_table'
2025-06-13 19:57:21,201 - isca - INFO - Using restart file '/proj/bolinc/users/x_ryabo/Isca-Ryan_outputs/presentday_1540_Sun_noO3_1950/restarts/res0718.tar.gz'
2025-06-13 19:57:21,615 - isca - INFO - Restart /proj/bolinc/users/x_ryabo/Isca-Ryan_outputs/presentday_1540_Sun_noO3_1950/restarts/res0718.tar.gz extracted to /home/x_ryabo/Isca-Ryan_tmp/experiment/presentday_1540_Sun_noO3_1950/run/INPUT
2025-06-13 19:57:21,615 - isca - INFO - Beginning run 719
2025-06-13 19:57:21,628 - isca - INFO - process running as 999993
2025-06-13 19:57:21,628 - isca - DEBUG - loadmodules for Isca on NSC cluster Tetralith
2025-06-13 19:57:21,628 - isca - DEBUG - mpiifort
2025-06-13 19:57:21,725 - isca - DEBUG - The following modules were not unloaded:
2025-06-13 19:57:21,725 - isca - DEBUG - (Use "module --force purge" to unload all):
2025-06-13 19:57:21,725 - isca - DEBUG - 
2025-06-13 19:57:21,726 - isca - DEBUG - 1) hpc/.1.10.1
2025-06-13 19:57:21,820 - isca - DEBUG - ***************************************************
2025-06-13 19:57:21,821 - isca - DEBUG - You have loaded a buildenv module
2025-06-13 19:57:21,821 - isca - DEBUG - ***************************************************
2025-06-13 19:57:21,821 - isca - DEBUG - The buldenv-intel module makes available:
2025-06-13 19:57:21,821 - isca - DEBUG - - Compilers: icc, ifort, etc.
2025-06-13 19:57:21,821 - isca - DEBUG - - Mpi library with mpi-wrapped compilers: intel mpi with mpicc, mpifort, etc.
2025-06-13 19:57:21,821 - isca - DEBUG - - Numerical libraries: intel MKL
2025-06-13 19:57:21,821 - isca - DEBUG - 
2025-06-13 19:57:21,821 - isca - DEBUG - It also makes a set of dependency library modules available via
2025-06-13 19:57:21,821 - isca - DEBUG - the regular module command. Just do:
2025-06-13 19:57:21,821 - isca - DEBUG - module avail
2025-06-13 19:57:21,821 - isca - DEBUG - to see what is available.
2025-06-13 19:57:21,821 - isca - DEBUG - 
2025-06-13 19:57:21,821 - isca - DEBUG - NOTE: You shoud never load build environments inside submitted jobs.
2025-06-13 19:57:21,821 - isca - DEBUG - (with the single exception of when using supercomputer time to compile code.)
2025-06-13 19:57:21,821 - isca - DEBUG - 
2025-06-13 19:57:28,240 - isca - DEBUG - NOTE from PE    0: MPP_DOMAINS_SET_STACK_SIZE: stack size set to    32768.
2025-06-13 19:57:28,240 - isca - DEBUG - &MPP_IO_NML
2025-06-13 19:57:28,240 - isca - DEBUG - HEADER_BUFFER_VAL       =       16384,
2025-06-13 19:57:28,241 - isca - DEBUG - GLOBAL_FIELD_ON_ROOT_PE = T,
2025-06-13 19:57:28,241 - isca - DEBUG - IO_CLOCKS_ON    = F,
2025-06-13 19:57:28,241 - isca - DEBUG - SHUFFLE =           0,
2025-06-13 19:57:28,241 - isca - DEBUG - DEFLATE_LEVEL   =          -1
2025-06-13 19:57:28,241 - isca - DEBUG - /
2025-06-13 19:57:28,242 - isca - DEBUG - NOTE from PE    0: MPP_IO_SET_STACK_SIZE: stack size set to     131072.
2025-06-13 19:57:28,243 - isca - DEBUG - NOTE from PE    0: MPP_DOMAINS_SET_STACK_SIZE: stack size set to   600000.
2025-06-13 19:57:28,251 - isca - DEBUG - starting            1  OpenMP threads per MPI-task
2025-06-13 19:57:28,253 - isca - DEBUG - ATMOS MODEL DOMAIN DECOMPOSITION
2025-06-13 19:57:28,253 - isca - DEBUG - X-AXIS =  128
2025-06-13 19:57:28,253 - isca - DEBUG - Y-AXIS =    4   4   4   4   4   4   4   4   4   4   4   4   4   4   4   4
2025-06-13 19:57:28,304 - isca - DEBUG - NOTE from PE    0: cloud_simple: Using SimCloud cloud scheme
2025-06-13 19:57:28,305 - isca - DEBUG - 
2025-06-13 19:57:28,305 - isca - WARNING - WARNING from PE    8: socrates_init: dt_rad does not fit into one day an integer number of times
2025-06-13 19:57:28,305 - isca - DEBUG - 
2025-06-13 19:57:28,306 - isca - WARNING - WARNING from PE   12: socrates_init: dt_rad does not fit into one day an integer number of times
2025-06-13 19:57:28,306 - isca - DEBUG - 
2025-06-13 19:57:28,306 - isca - DEBUG - 
2025-06-13 19:57:28,306 - isca - DEBUG - 
2025-06-13 19:57:28,306 - isca - WARNING - WARNING from PE   14: socrates_init: dt_rad does not fit into one day an integer number of times
2025-06-13 19:57:28,306 - isca - DEBUG - 
2025-06-13 19:57:28,306 - isca - DEBUG - 
2025-06-13 19:57:28,306 - isca - WARNING - WARNING from PE   10: socrates_init: dt_rad does not fit into one day an integer number of times
2025-06-13 19:57:28,306 - isca - DEBUG - 
2025-06-13 19:57:28,306 - isca - DEBUG - 
2025-06-13 19:57:28,306 - isca - WARNING - WARNING from PE   11: socrates_init: dt_rad does not fit into one day an integer number of times
2025-06-13 19:57:28,306 - isca - DEBUG - 
2025-06-13 19:57:28,306 - isca - DEBUG - 
2025-06-13 19:57:28,306 - isca - WARNING - WARNING from PE   13: socrates_init: dt_rad does not fit into one day an integer number of times
2025-06-13 19:57:28,306 - isca - DEBUG - 
2025-06-13 19:57:28,306 - isca - DEBUG - 
2025-06-13 19:57:28,306 - isca - WARNING - WARNING from PE   15: socrates_init: dt_rad does not fit into one day an integer number of times
2025-06-13 19:57:28,306 - isca - DEBUG - 
2025-06-13 19:57:28,306 - isca - DEBUG - NOTE from PE    0: ls_cloud: Using linear cloud fraction diagnostic formula.
2025-06-13 19:57:28,306 - isca - DEBUG - NOTE from PE    0: cloud_cover: The cloud overlap assumption is MAXIMUM-RANDOM
2025-06-13 19:57:28,306 - isca - DEBUG - NOTE from PE    0: idealized_moist_phys: Using Frierson Quasi-Equilibrium convection scheme.
2025-06-13 19:57:28,307 - isca - DEBUG - 
2025-06-13 19:57:28,307 - isca - WARNING - WARNING from PE    9: socrates_init: dt_rad does not fit into one day an integer number of times
2025-06-13 19:57:28,307 - isca - DEBUG - 
2025-06-13 19:57:28,309 - isca - DEBUG - 
2025-06-13 19:57:28,309 - isca - WARNING - WARNING from PE    1: socrates_init: dt_rad does not fit into one day an integer number of times
2025-06-13 19:57:28,309 - isca - DEBUG - 
2025-06-13 19:57:28,311 - isca - DEBUG - 
2025-06-13 19:57:28,311 - isca - WARNING - WARNING from PE    4: socrates_init: dt_rad does not fit into one day an integer number of times
2025-06-13 19:57:28,311 - isca - DEBUG - 
2025-06-13 19:57:28,311 - isca - DEBUG - 
2025-06-13 19:57:28,311 - isca - DEBUG - 
2025-06-13 19:57:28,311 - isca - WARNING - WARNING from PE    3: socrates_init: dt_rad does not fit into one day an integer number of times
2025-06-13 19:57:28,311 - isca - DEBUG - 
2025-06-13 19:57:28,311 - isca - DEBUG - 
2025-06-13 19:57:28,311 - isca - WARNING - WARNING from PE    7: socrates_init: dt_rad does not fit into one day an integer number of times
2025-06-13 19:57:28,311 - isca - DEBUG - 
2025-06-13 19:57:28,311 - isca - WARNING - WARNING from PE    2: socrates_init: dt_rad does not fit into one day an integer number of times
2025-06-13 19:57:28,311 - isca - DEBUG - 
2025-06-13 19:57:28,311 - isca - DEBUG - 
2025-06-13 19:57:28,311 - isca - WARNING - WARNING from PE    6: socrates_init: dt_rad does not fit into one day an integer number of times
2025-06-13 19:57:28,311 - isca - DEBUG - 
2025-06-13 19:57:28,311 - isca - DEBUG - 
2025-06-13 19:57:28,311 - isca - WARNING - WARNING from PE    5: socrates_init: dt_rad does not fit into one day an integer number of times
2025-06-13 19:57:28,312 - isca - DEBUG - 
2025-06-13 19:57:28,316 - isca - DEBUG - 
2025-06-13 19:57:28,316 - isca - WARNING - WARNING from PE    0: socrates_init: dt_rad does not fit into one day an integer number of times
2025-06-13 19:57:28,316 - isca - DEBUG - 
2025-06-13 19:57:28,316 - isca - DEBUG - 
2025-06-13 19:57:28,316 - isca - WARNING - WARNING from PE    0: socrates_init: dt_rad does not fit into one day an integer number of times
2025-06-13 19:57:28,316 - isca - DEBUG - 
2025-06-13 19:57:28,316 - isca - DEBUG - 
2025-06-13 19:57:28,316 - isca - WARNING - WARNING from PE    0: socrates_init: lw_hires_spectral_filename is unset, making equal to lw_spectral_filename
2025-06-13 19:57:28,316 - isca - DEBUG - 
2025-06-13 19:57:28,316 - isca - DEBUG - 
2025-06-13 19:57:28,316 - isca - WARNING - WARNING from PE    0: socrates_init: lw_hires_spectral_filename is unset, making equal to lw_spectral_filename
2025-06-13 19:57:28,316 - isca - DEBUG - 
2025-06-13 19:57:28,316 - isca - DEBUG - 
2025-06-13 19:57:28,316 - isca - WARNING - WARNING from PE    0: socrates_init: sw_hires_spectral_filename is unset, making equal to sw_spectral_filename
2025-06-13 19:57:28,316 - isca - DEBUG - 
2025-06-13 19:57:28,316 - isca - DEBUG - 
2025-06-13 19:57:28,316 - isca - WARNING - WARNING from PE    0: socrates_init: sw_hires_spectral_filename is unset, making equal to sw_spectral_filename
2025-06-13 19:57:28,316 - isca - DEBUG - 
2025-06-13 19:57:29,532 - isca - DEBUG - NOTE from PE    0: Interpolator: Using input file with no time dimension - ozone_1990_notime_zero.nc
2025-06-13 19:57:29,532 - isca - DEBUG - Initializing src field : ozone_1990
2025-06-13 19:57:29,535 - isca - DEBUG - 
2025-06-13 19:57:29,535 - isca - DEBUG - -----------------------------------
2025-06-13 19:57:29,535 - isca - DEBUG - ____                       _
2025-06-13 19:57:29,535 - isca - DEBUG - / ___|  ___   ___ _ __ __ _| |_ ___  ___
2025-06-13 19:57:29,535 - isca - DEBUG - \___ \ / _ \ / __|  __/ _` | __/ _ \/ __|
2025-06-13 19:57:29,535 - isca - DEBUG - ___) | (_) | (__| | | (_| | ||  __/\__ \
2025-06-13 19:57:29,535 - isca - DEBUG - |____/ \___/ \___|_|  \__,_|\__\___||___/
2025-06-13 19:57:29,535 - isca - DEBUG - 
2025-06-13 19:57:29,535 - isca - DEBUG - Initialised Socrates v17.03
2025-06-13 19:57:29,535 - isca - DEBUG - Stellar constant =    1950.00000000000
2025-06-13 19:57:29,535 - isca - DEBUG - Longwave spectral file =
2025-06-13 19:57:29,535 - isca - DEBUG - /proj/bolinc/users/x_ryabo/socrates_edited_for_isca/spectral_files_for_GCMs/Sun
2025-06-13 19:57:29,535 - isca - DEBUG - /miniSuran_lw.sf WITH           16  bands
2025-06-13 19:57:29,535 - isca - DEBUG - Longwave hires spectral file =
2025-06-13 19:57:29,535 - isca - DEBUG - /proj/bolinc/users/x_ryabo/socrates_edited_for_isca/spectral_files_for_GCMs/Sun
2025-06-13 19:57:29,535 - isca - DEBUG - /miniSuran_lw.sf WITH           16  bands
2025-06-13 19:57:29,535 - isca - DEBUG - Shortwave spectral file =
2025-06-13 19:57:29,535 - isca - DEBUG - /proj/bolinc/users/x_ryabo/socrates_edited_for_isca/spectral_files_for_GCMs/Sun
2025-06-13 19:57:29,535 - isca - DEBUG - /miniSuran_sw.sf WITH           16  bands
2025-06-13 19:57:29,535 - isca - DEBUG - Shortwave hires spectral file =
2025-06-13 19:57:29,535 - isca - DEBUG - /proj/bolinc/users/x_ryabo/socrates_edited_for_isca/spectral_files_for_GCMs/Sun
2025-06-13 19:57:29,535 - isca - DEBUG - /miniSuran_sw.sf WITH           16  bands
2025-06-13 19:57:29,535 - isca - DEBUG - 
2025-06-13 19:57:29,535 - isca - DEBUG - -----------------------------------
2025-06-13 19:57:29,535 - isca - DEBUG - 
2025-06-13 19:58:15,163 - isca - DEBUG - Integration completed through 21541 days     0 seconds
2025-06-13 19:59:01,415 - isca - DEBUG - Integration completed through 21542 days     0 seconds
2025-06-13 19:59:47,999 - isca - DEBUG - Integration completed through 21543 days     0 seconds
2025-06-13 20:00:34,427 - isca - DEBUG - Integration completed through 21544 days     0 seconds
2025-06-13 20:01:20,487 - isca - DEBUG - Integration completed through 21545 days     0 seconds
2025-06-13 20:02:05,953 - isca - DEBUG - Integration completed through 21546 days     0 seconds
2025-06-13 20:02:50,767 - isca - DEBUG - Integration completed through 21547 days     0 seconds
2025-06-13 20:03:35,682 - isca - DEBUG - Integration completed through 21548 days     0 seconds
2025-06-13 20:04:20,362 - isca - DEBUG - Integration completed through 21549 days     0 seconds
2025-06-13 20:05:04,886 - isca - DEBUG - Integration completed through 21550 days     0 seconds
2025-06-13 20:05:49,313 - isca - DEBUG - Integration completed through 21551 days     0 seconds
2025-06-13 20:06:33,642 - isca - DEBUG - Integration completed through 21552 days     0 seconds
2025-06-13 20:07:17,965 - isca - DEBUG - Integration completed through 21553 days     0 seconds
2025-06-13 20:08:01,792 - isca - DEBUG - Integration completed through 21554 days     0 seconds
2025-06-13 20:08:45,930 - isca - DEBUG - Integration completed through 21555 days     0 seconds
2025-06-13 20:09:30,581 - isca - DEBUG - Integration completed through 21556 days     0 seconds
2025-06-13 20:10:16,473 - isca - DEBUG - Integration completed through 21557 days     0 seconds
2025-06-13 20:11:02,203 - isca - DEBUG - Integration completed through 21558 days     0 seconds
2025-06-13 20:11:47,786 - isca - DEBUG - Integration completed through 21559 days     0 seconds
2025-06-13 20:12:33,391 - isca - DEBUG - Integration completed through 21560 days     0 seconds
2025-06-13 20:13:19,134 - isca - DEBUG - Integration completed through 21561 days     0 seconds
2025-06-13 20:14:04,898 - isca - DEBUG - Integration completed through 21562 days     0 seconds
2025-06-13 20:14:50,435 - isca - DEBUG - Integration completed through 21563 days     0 seconds
2025-06-13 20:15:36,053 - isca - DEBUG - Integration completed through 21564 days     0 seconds
2025-06-13 20:16:22,029 - isca - DEBUG - Integration completed through 21565 days     0 seconds
2025-06-13 20:17:07,925 - isca - DEBUG - Integration completed through 21566 days     0 seconds
2025-06-13 20:17:53,289 - isca - DEBUG - Integration completed through 21567 days     0 seconds
2025-06-13 20:18:38,865 - isca - DEBUG - Integration completed through 21568 days     0 seconds
2025-06-13 20:19:24,524 - isca - DEBUG - Integration completed through 21569 days     0 seconds
2025-06-13 20:20:10,468 - isca - DEBUG - Integration completed through 21570 days     0 seconds
2025-06-13 20:20:10,477 - isca - DEBUG - 
2025-06-13 20:20:10,477 - isca - WARNING - WARNING from PE    0: diag_util_mod::opening_file: module/field_name (socrates/soc_toa_sw_down_clr) NOT registered
2025-06-13 20:20:10,477 - isca - DEBUG - 
2025-06-13 20:20:10,477 - isca - DEBUG - 
2025-06-13 20:20:10,477 - isca - WARNING - WARNING from PE    0: diag_util_mod::opening_file: module/field_name (socrates/soc_toa_sw_down_clr) NOT registered
2025-06-13 20:20:10,477 - isca - DEBUG - 
2025-06-13 20:20:10,477 - isca - DEBUG - 
2025-06-13 20:20:10,477 - isca - WARNING - WARNING from PE    0: diag_util_mod::opening_file: module/field_name (cloud_simple/rh_min) NOT registered
2025-06-13 20:20:10,477 - isca - DEBUG - 
2025-06-13 20:20:10,477 - isca - DEBUG - 
2025-06-13 20:20:10,477 - isca - WARNING - WARNING from PE    0: diag_util_mod::opening_file: module/field_name (cloud_simple/rh_min) NOT registered
2025-06-13 20:20:10,477 - isca - DEBUG - 
2025-06-13 20:20:10,489 - isca - DEBUG - NOTE from PE    0: MPP_IO_SET_STACK_SIZE: stack size set to     393216.
2025-06-13 20:20:10,588 - isca - DEBUG - MPP_DOMAINS_STACK high water mark=       49152
2025-06-13 20:20:10,588 - isca - DEBUG - 
2025-06-13 20:20:10,588 - isca - DEBUG - Tabulating mpp_clock statistics across     16 PEs...
2025-06-13 20:20:10,588 - isca - DEBUG - 
2025-06-13 20:20:10,588 - isca - DEBUG - tmin          tmax          tavg          tstd  tfrac grain pemin pemax
2025-06-13 20:20:10,589 - isca - DEBUG - Total runtime                      1362.343890   1362.353897   1362.349188      0.002478  1.000     0     0    15
2025-06-13 20:20:10,589 - isca - DEBUG - MPP_STACK high water mark=           0
2025-06-13 20:20:10,720 - isca - INFO - Run 719 complete
2025-06-13 20:20:11,598 - isca - DEBUG - atmos_monthly.nc combined and copied to data directory
2025-06-13 20:20:14,857 - isca - INFO - Restart archive created at /proj/bolinc/users/x_ryabo/Isca-Ryan_outputs/presentday_1540_Sun_noO3_1950/restarts/res0719.tar.gz
2025-06-13 20:20:14,868 - isca - INFO - Writing namelist to '/proj/bolinc/users/x_ryabo/Isca-Ryan_outputs/presentday_1540_Sun_noO3_1950/run0719/input.nml'
2025-06-13 20:20:14,897 - isca - INFO - Writing field_table to '/proj/bolinc/users/x_ryabo/Isca-Ryan_outputs/presentday_1540_Sun_noO3_1950/run0719/field_table'
2025-06-13 20:20:14,940 - isca - INFO - Writing diag_table to '/proj/bolinc/users/x_ryabo/Isca-Ryan_outputs/presentday_1540_Sun_noO3_1950/run0719/diag_table'
2025-06-13 20:20:15,200 - isca - INFO - Emptied run directory '/home/x_ryabo/Isca-Ryan_tmp/experiment/presentday_1540_Sun_noO3_1950/run'
2025-06-13 20:20:15,251 - isca - INFO - Emptied run directory '/home/x_ryabo/Isca-Ryan_tmp/experiment/presentday_1540_Sun_noO3_1950/run'
2025-06-13 20:20:15,461 - isca - INFO - Writing namelist to '/home/x_ryabo/Isca-Ryan_tmp/experiment/presentday_1540_Sun_noO3_1950/run/input.nml'
2025-06-13 20:20:15,463 - isca - INFO - Writing field_table to '/home/x_ryabo/Isca-Ryan_tmp/experiment/presentday_1540_Sun_noO3_1950/run/field_table'
2025-06-13 20:20:15,475 - isca - INFO - Writing diag_table to '/home/x_ryabo/Isca-Ryan_tmp/experiment/presentday_1540_Sun_noO3_1950/run/diag_table'
2025-06-13 20:20:15,487 - isca - INFO - Using restart file '/proj/bolinc/users/x_ryabo/Isca-Ryan_outputs/presentday_1540_Sun_noO3_1950/restarts/res0719.tar.gz'
2025-06-13 20:20:15,905 - isca - INFO - Restart /proj/bolinc/users/x_ryabo/Isca-Ryan_outputs/presentday_1540_Sun_noO3_1950/restarts/res0719.tar.gz extracted to /home/x_ryabo/Isca-Ryan_tmp/experiment/presentday_1540_Sun_noO3_1950/run/INPUT
2025-06-13 20:20:15,906 - isca - INFO - Beginning run 720
2025-06-13 20:20:15,916 - isca - INFO - process running as 1001974
2025-06-13 20:20:15,916 - isca - DEBUG - loadmodules for Isca on NSC cluster Tetralith
2025-06-13 20:20:15,916 - isca - DEBUG - mpiifort
2025-06-13 20:20:16,016 - isca - DEBUG - The following modules were not unloaded:
2025-06-13 20:20:16,016 - isca - DEBUG - (Use "module --force purge" to unload all):
2025-06-13 20:20:16,016 - isca - DEBUG - 
2025-06-13 20:20:16,016 - isca - DEBUG - 1) hpc/.1.10.1
2025-06-13 20:20:16,112 - isca - DEBUG - ***************************************************
2025-06-13 20:20:16,112 - isca - DEBUG - You have loaded a buildenv module
2025-06-13 20:20:16,112 - isca - DEBUG - ***************************************************
2025-06-13 20:20:16,112 - isca - DEBUG - The buldenv-intel module makes available:
2025-06-13 20:20:16,112 - isca - DEBUG - - Compilers: icc, ifort, etc.
2025-06-13 20:20:16,112 - isca - DEBUG - - Mpi library with mpi-wrapped compilers: intel mpi with mpicc, mpifort, etc.
2025-06-13 20:20:16,112 - isca - DEBUG - - Numerical libraries: intel MKL
2025-06-13 20:20:16,112 - isca - DEBUG - 
2025-06-13 20:20:16,112 - isca - DEBUG - It also makes a set of dependency library modules available via
2025-06-13 20:20:16,112 - isca - DEBUG - the regular module command. Just do:
2025-06-13 20:20:16,112 - isca - DEBUG - module avail
2025-06-13 20:20:16,112 - isca - DEBUG - to see what is available.
2025-06-13 20:20:16,112 - isca - DEBUG - 
2025-06-13 20:20:16,112 - isca - DEBUG - NOTE: You shoud never load build environments inside submitted jobs.
2025-06-13 20:20:16,112 - isca - DEBUG - (with the single exception of when using supercomputer time to compile code.)
2025-06-13 20:20:16,112 - isca - DEBUG - 
2025-06-13 20:20:17,321 - isca - DEBUG - NOTE from PE    0: MPP_DOMAINS_SET_STACK_SIZE: stack size set to    32768.
2025-06-13 20:20:17,321 - isca - DEBUG - &MPP_IO_NML
2025-06-13 20:20:17,321 - isca - DEBUG - HEADER_BUFFER_VAL       =       16384,
2025-06-13 20:20:17,321 - isca - DEBUG - GLOBAL_FIELD_ON_ROOT_PE = T,
2025-06-13 20:20:17,321 - isca - DEBUG - IO_CLOCKS_ON    = F,
2025-06-13 20:20:17,321 - isca - DEBUG - SHUFFLE =           0,
2025-06-13 20:20:17,321 - isca - DEBUG - DEFLATE_LEVEL   =          -1
2025-06-13 20:20:17,321 - isca - DEBUG - /
2025-06-13 20:20:17,322 - isca - DEBUG - NOTE from PE    0: MPP_IO_SET_STACK_SIZE: stack size set to     131072.
2025-06-13 20:20:17,323 - isca - DEBUG - NOTE from PE    0: MPP_DOMAINS_SET_STACK_SIZE: stack size set to   600000.
2025-06-13 20:20:17,331 - isca - DEBUG - starting            1  OpenMP threads per MPI-task
2025-06-13 20:20:17,333 - isca - DEBUG - ATMOS MODEL DOMAIN DECOMPOSITION
2025-06-13 20:20:17,333 - isca - DEBUG - X-AXIS =  128
2025-06-13 20:20:17,333 - isca - DEBUG - Y-AXIS =    4   4   4   4   4   4   4   4   4   4   4   4   4   4   4   4
2025-06-13 20:20:17,383 - isca - DEBUG - 
2025-06-13 20:20:17,384 - isca - WARNING - WARNING from PE   12: socrates_init: dt_rad does not fit into one day an integer number of times
2025-06-13 20:20:17,384 - isca - DEBUG - 
2025-06-13 20:20:17,384 - isca - DEBUG - 
2025-06-13 20:20:17,384 - isca - WARNING - WARNING from PE   11: socrates_init: dt_rad does not fit into one day an integer number of times
2025-06-13 20:20:17,384 - isca - DEBUG - 
2025-06-13 20:20:17,384 - isca - DEBUG - 
2025-06-13 20:20:17,384 - isca - WARNING - WARNING from PE   13: socrates_init: dt_rad does not fit into one day an integer number of times
2025-06-13 20:20:17,384 - isca - DEBUG - 
2025-06-13 20:20:17,384 - isca - DEBUG - NOTE from PE    0: cloud_simple: Using SimCloud cloud scheme
2025-06-13 20:20:17,384 - isca - DEBUG - 
2025-06-13 20:20:17,384 - isca - WARNING - WARNING from PE   14: socrates_init: dt_rad does not fit into one day an integer number of times
2025-06-13 20:20:17,384 - isca - DEBUG - 
2025-06-13 20:20:17,384 - isca - DEBUG - 
2025-06-13 20:20:17,384 - isca - DEBUG - 
2025-06-13 20:20:17,384 - isca - WARNING - WARNING from PE   15: socrates_init: dt_rad does not fit into one day an integer number of times
2025-06-13 20:20:17,384 - isca - DEBUG - 
2025-06-13 20:20:17,384 - isca - WARNING - WARNING from PE    9: socrates_init: dt_rad does not fit into one day an integer number of times
2025-06-13 20:20:17,384 - isca - DEBUG - 
2025-06-13 20:20:17,384 - isca - DEBUG - 
2025-06-13 20:20:17,384 - isca - WARNING - WARNING from PE   10: socrates_init: dt_rad does not fit into one day an integer number of times
2025-06-13 20:20:17,384 - isca - DEBUG - 
2025-06-13 20:20:17,384 - isca - DEBUG - 
2025-06-13 20:20:17,384 - isca - WARNING - WARNING from PE    8: socrates_init: dt_rad does not fit into one day an integer number of times
2025-06-13 20:20:17,384 - isca - DEBUG - 
2025-06-13 20:20:17,385 - isca - DEBUG - NOTE from PE    0: ls_cloud: Using linear cloud fraction diagnostic formula.
2025-06-13 20:20:17,385 - isca - DEBUG - NOTE from PE    0: cloud_cover: The cloud overlap assumption is MAXIMUM-RANDOM
2025-06-13 20:20:17,385 - isca - DEBUG - NOTE from PE    0: idealized_moist_phys: Using Frierson Quasi-Equilibrium convection scheme.
2025-06-13 20:20:17,389 - isca - DEBUG - 
2025-06-13 20:20:17,389 - isca - DEBUG - 
2025-06-13 20:20:17,389 - isca - WARNING - WARNING from PE    2: socrates_init: dt_rad does not fit into one day an integer number of times
2025-06-13 20:20:17,390 - isca - DEBUG - 
2025-06-13 20:20:17,390 - isca - WARNING - WARNING from PE    6: socrates_init: dt_rad does not fit into one day an integer number of times
2025-06-13 20:20:17,390 - isca - DEBUG - 
2025-06-13 20:20:17,390 - isca - DEBUG - 
2025-06-13 20:20:17,390 - isca - WARNING - WARNING from PE    4: socrates_init: dt_rad does not fit into one day an integer number of times
2025-06-13 20:20:17,390 - isca - DEBUG - 
2025-06-13 20:20:17,390 - isca - DEBUG - 
2025-06-13 20:20:17,390 - isca - WARNING - WARNING from PE    1: socrates_init: dt_rad does not fit into one day an integer number of times
2025-06-13 20:20:17,390 - isca - DEBUG - 
2025-06-13 20:20:17,390 - isca - DEBUG - 
2025-06-13 20:20:17,390 - isca - WARNING - WARNING from PE    7: socrates_init: dt_rad does not fit into one day an integer number of times
2025-06-13 20:20:17,390 - isca - DEBUG - 
2025-06-13 20:20:17,390 - isca - DEBUG - 
2025-06-13 20:20:17,390 - isca - WARNING - WARNING from PE    5: socrates_init: dt_rad does not fit into one day an integer number of times
2025-06-13 20:20:17,390 - isca - DEBUG - 
2025-06-13 20:20:17,390 - isca - DEBUG - 
2025-06-13 20:20:17,390 - isca - WARNING - WARNING from PE    3: socrates_init: dt_rad does not fit into one day an integer number of times
2025-06-13 20:20:17,390 - isca - DEBUG - 
2025-06-13 20:20:17,395 - isca - DEBUG - 
2025-06-13 20:20:17,395 - isca - WARNING - WARNING from PE    0: socrates_init: dt_rad does not fit into one day an integer number of times
2025-06-13 20:20:17,395 - isca - DEBUG - 
2025-06-13 20:20:17,395 - isca - DEBUG - 
2025-06-13 20:20:17,395 - isca - WARNING - WARNING from PE    0: socrates_init: dt_rad does not fit into one day an integer number of times
2025-06-13 20:20:17,395 - isca - DEBUG - 
2025-06-13 20:20:17,395 - isca - DEBUG - 
2025-06-13 20:20:17,395 - isca - WARNING - WARNING from PE    0: socrates_init: lw_hires_spectral_filename is unset, making equal to lw_spectral_filename
2025-06-13 20:20:17,395 - isca - DEBUG - 
2025-06-13 20:20:17,395 - isca - DEBUG - 
2025-06-13 20:20:17,395 - isca - WARNING - WARNING from PE    0: socrates_init: lw_hires_spectral_filename is unset, making equal to lw_spectral_filename
2025-06-13 20:20:17,395 - isca - DEBUG - 
2025-06-13 20:20:17,395 - isca - DEBUG - 
2025-06-13 20:20:17,395 - isca - WARNING - WARNING from PE    0: socrates_init: sw_hires_spectral_filename is unset, making equal to sw_spectral_filename
2025-06-13 20:20:17,395 - isca - DEBUG - 
2025-06-13 20:20:17,395 - isca - DEBUG - 
2025-06-13 20:20:17,395 - isca - WARNING - WARNING from PE    0: socrates_init: sw_hires_spectral_filename is unset, making equal to sw_spectral_filename
2025-06-13 20:20:17,395 - isca - DEBUG - 
2025-06-13 20:20:18,590 - isca - DEBUG - NOTE from PE    0: Interpolator: Using input file with no time dimension - ozone_1990_notime_zero.nc
2025-06-13 20:20:18,590 - isca - DEBUG - Initializing src field : ozone_1990
2025-06-13 20:20:18,592 - isca - DEBUG - 
2025-06-13 20:20:18,592 - isca - DEBUG - -----------------------------------
2025-06-13 20:20:18,592 - isca - DEBUG - ____                       _
2025-06-13 20:20:18,592 - isca - DEBUG - / ___|  ___   ___ _ __ __ _| |_ ___  ___
2025-06-13 20:20:18,592 - isca - DEBUG - \___ \ / _ \ / __|  __/ _` | __/ _ \/ __|
2025-06-13 20:20:18,592 - isca - DEBUG - ___) | (_) | (__| | | (_| | ||  __/\__ \
2025-06-13 20:20:18,592 - isca - DEBUG - |____/ \___/ \___|_|  \__,_|\__\___||___/
2025-06-13 20:20:18,592 - isca - DEBUG - 
2025-06-13 20:20:18,592 - isca - DEBUG - Initialised Socrates v17.03
2025-06-13 20:20:18,593 - isca - DEBUG - Stellar constant =    1950.00000000000
2025-06-13 20:20:18,593 - isca - DEBUG - Longwave spectral file =
2025-06-13 20:20:18,593 - isca - DEBUG - /proj/bolinc/users/x_ryabo/socrates_edited_for_isca/spectral_files_for_GCMs/Sun
2025-06-13 20:20:18,593 - isca - DEBUG - /miniSuran_lw.sf WITH           16  bands
2025-06-13 20:20:18,593 - isca - DEBUG - Longwave hires spectral file =
2025-06-13 20:20:18,593 - isca - DEBUG - /proj/bolinc/users/x_ryabo/socrates_edited_for_isca/spectral_files_for_GCMs/Sun
2025-06-13 20:20:18,593 - isca - DEBUG - /miniSuran_lw.sf WITH           16  bands
2025-06-13 20:20:18,593 - isca - DEBUG - Shortwave spectral file =
2025-06-13 20:20:18,593 - isca - DEBUG - /proj/bolinc/users/x_ryabo/socrates_edited_for_isca/spectral_files_for_GCMs/Sun
2025-06-13 20:20:18,593 - isca - DEBUG - /miniSuran_sw.sf WITH           16  bands
2025-06-13 20:20:18,593 - isca - DEBUG - Shortwave hires spectral file =
2025-06-13 20:20:18,593 - isca - DEBUG - /proj/bolinc/users/x_ryabo/socrates_edited_for_isca/spectral_files_for_GCMs/Sun
2025-06-13 20:20:18,593 - isca - DEBUG - /miniSuran_sw.sf WITH           16  bands
2025-06-13 20:20:18,593 - isca - DEBUG - 
2025-06-13 20:20:18,593 - isca - DEBUG - -----------------------------------
2025-06-13 20:20:18,593 - isca - DEBUG - 
2025-06-13 20:21:04,494 - isca - DEBUG - Integration completed through 21571 days     0 seconds
2025-06-13 20:21:49,987 - isca - DEBUG - Integration completed through 21572 days     0 seconds
2025-06-13 20:22:35,800 - isca - DEBUG - Integration completed through 21573 days     0 seconds
2025-06-13 20:23:21,718 - isca - DEBUG - Integration completed through 21574 days     0 seconds
2025-06-13 20:24:08,026 - isca - DEBUG - Integration completed through 21575 days     0 seconds
2025-06-13 20:24:54,462 - isca - DEBUG - Integration completed through 21576 days     0 seconds
2025-06-13 20:25:40,639 - isca - DEBUG - Integration completed through 21577 days     0 seconds
2025-06-13 20:26:26,860 - isca - DEBUG - Integration completed through 21578 days     0 seconds
2025-06-13 20:27:12,895 - isca - DEBUG - Integration completed through 21579 days     0 seconds
2025-06-13 20:27:59,005 - isca - DEBUG - Integration completed through 21580 days     0 seconds
2025-06-13 20:28:45,313 - isca - DEBUG - Integration completed through 21581 days     0 seconds
2025-06-13 20:29:31,445 - isca - DEBUG - Integration completed through 21582 days     0 seconds
2025-06-13 20:30:17,515 - isca - DEBUG - Integration completed through 21583 days     0 seconds
2025-06-13 20:31:03,394 - isca - DEBUG - Integration completed through 21584 days     0 seconds
2025-06-13 20:31:49,628 - isca - DEBUG - Integration completed through 21585 days     0 seconds
2025-06-13 20:32:35,963 - isca - DEBUG - Integration completed through 21586 days     0 seconds
2025-06-13 20:33:22,481 - isca - DEBUG - Integration completed through 21587 days     0 seconds
2025-06-13 20:34:08,912 - isca - DEBUG - Integration completed through 21588 days     0 seconds
2025-06-13 20:34:55,310 - isca - DEBUG - Integration completed through 21589 days     0 seconds
2025-06-13 20:35:41,841 - isca - DEBUG - Integration completed through 21590 days     0 seconds
2025-06-13 20:36:28,218 - isca - DEBUG - Integration completed through 21591 days     0 seconds
2025-06-13 20:37:14,622 - isca - DEBUG - Integration completed through 21592 days     0 seconds
2025-06-13 20:38:01,045 - isca - DEBUG - Integration completed through 21593 days     0 seconds
2025-06-13 20:38:47,007 - isca - DEBUG - Integration completed through 21594 days     0 seconds
2025-06-13 20:39:32,880 - isca - DEBUG - Integration completed through 21595 days     0 seconds
2025-06-13 20:40:18,951 - isca - DEBUG - Integration completed through 21596 days     0 seconds
2025-06-13 20:41:05,105 - isca - DEBUG - Integration completed through 21597 days     0 seconds
2025-06-13 20:41:51,342 - isca - DEBUG - Integration completed through 21598 days     0 seconds
2025-06-13 20:42:37,157 - isca - DEBUG - Integration completed through 21599 days     0 seconds
2025-06-13 20:43:23,231 - isca - DEBUG - Integration completed through 21600 days     0 seconds
2025-06-13 20:43:23,240 - isca - DEBUG - 
2025-06-13 20:43:23,240 - isca - WARNING - WARNING from PE    0: diag_util_mod::opening_file: module/field_name (socrates/soc_toa_sw_down_clr) NOT registered
2025-06-13 20:43:23,240 - isca - DEBUG - 
2025-06-13 20:43:23,240 - isca - DEBUG - 
2025-06-13 20:43:23,240 - isca - WARNING - WARNING from PE    0: diag_util_mod::opening_file: module/field_name (socrates/soc_toa_sw_down_clr) NOT registered
2025-06-13 20:43:23,240 - isca - DEBUG - 
2025-06-13 20:43:23,240 - isca - DEBUG - 
2025-06-13 20:43:23,241 - isca - WARNING - WARNING from PE    0: diag_util_mod::opening_file: module/field_name (cloud_simple/rh_min) NOT registered
2025-06-13 20:43:23,241 - isca - DEBUG - 
2025-06-13 20:43:23,241 - isca - DEBUG - 
2025-06-13 20:43:23,241 - isca - WARNING - WARNING from PE    0: diag_util_mod::opening_file: module/field_name (cloud_simple/rh_min) NOT registered
2025-06-13 20:43:23,241 - isca - DEBUG - 
2025-06-13 20:43:23,252 - isca - DEBUG - NOTE from PE    0: MPP_IO_SET_STACK_SIZE: stack size set to     393216.
2025-06-13 20:43:23,354 - isca - DEBUG - MPP_DOMAINS_STACK high water mark=       49152
2025-06-13 20:43:23,354 - isca - DEBUG - 
2025-06-13 20:43:23,354 - isca - DEBUG - Tabulating mpp_clock statistics across     16 PEs...
2025-06-13 20:43:23,354 - isca - DEBUG - 
2025-06-13 20:43:23,355 - isca - DEBUG - tmin          tmax          tavg          tstd  tfrac grain pemin pemax
2025-06-13 20:43:23,355 - isca - DEBUG - Total runtime                      1386.029381   1386.036913   1386.033444      0.002204  1.000     0     0    15
2025-06-13 20:43:23,355 - isca - DEBUG - MPP_STACK high water mark=           0
2025-06-13 20:43:23,532 - isca - INFO - Run 720 complete
2025-06-13 20:43:24,498 - isca - DEBUG - atmos_monthly.nc combined and copied to data directory
2025-06-13 20:43:27,759 - isca - INFO - Restart archive created at /proj/bolinc/users/x_ryabo/Isca-Ryan_outputs/presentday_1540_Sun_noO3_1950/restarts/res0720.tar.gz
2025-06-13 20:43:27,770 - isca - INFO - Writing namelist to '/proj/bolinc/users/x_ryabo/Isca-Ryan_outputs/presentday_1540_Sun_noO3_1950/run0720/input.nml'
2025-06-13 20:43:27,791 - isca - INFO - Writing field_table to '/proj/bolinc/users/x_ryabo/Isca-Ryan_outputs/presentday_1540_Sun_noO3_1950/run0720/field_table'
2025-06-13 20:43:27,801 - isca - INFO - Writing diag_table to '/proj/bolinc/users/x_ryabo/Isca-Ryan_outputs/presentday_1540_Sun_noO3_1950/run0720/diag_table'
2025-06-13 20:43:28,030 - isca - INFO - Emptied run directory '/home/x_ryabo/Isca-Ryan_tmp/experiment/presentday_1540_Sun_noO3_1950/run'
2025-06-13 20:43:28,048 - isca - INFO - Emptied run directory '/home/x_ryabo/Isca-Ryan_tmp/experiment/presentday_1540_Sun_noO3_1950/run'
2025-06-13 20:43:28,259 - isca - INFO - Writing namelist to '/home/x_ryabo/Isca-Ryan_tmp/experiment/presentday_1540_Sun_noO3_1950/run/input.nml'
2025-06-13 20:43:28,260 - isca - INFO - Writing field_table to '/home/x_ryabo/Isca-Ryan_tmp/experiment/presentday_1540_Sun_noO3_1950/run/field_table'
2025-06-13 20:43:28,271 - isca - INFO - Writing diag_table to '/home/x_ryabo/Isca-Ryan_tmp/experiment/presentday_1540_Sun_noO3_1950/run/diag_table'
2025-06-13 20:43:28,282 - isca - INFO - Using restart file '/proj/bolinc/users/x_ryabo/Isca-Ryan_outputs/presentday_1540_Sun_noO3_1950/restarts/res0720.tar.gz'
2025-06-13 20:43:28,699 - isca - INFO - Restart /proj/bolinc/users/x_ryabo/Isca-Ryan_outputs/presentday_1540_Sun_noO3_1950/restarts/res0720.tar.gz extracted to /home/x_ryabo/Isca-Ryan_tmp/experiment/presentday_1540_Sun_noO3_1950/run/INPUT
2025-06-13 20:43:28,699 - isca - INFO - Beginning run 721
2025-06-13 20:43:28,712 - isca - INFO - process running as 1003172
2025-06-13 20:43:28,713 - isca - DEBUG - loadmodules for Isca on NSC cluster Tetralith
2025-06-13 20:43:28,713 - isca - DEBUG - mpiifort
2025-06-13 20:43:28,809 - isca - DEBUG - The following modules were not unloaded:
2025-06-13 20:43:28,809 - isca - DEBUG - (Use "module --force purge" to unload all):
2025-06-13 20:43:28,809 - isca - DEBUG - 
2025-06-13 20:43:28,809 - isca - DEBUG - 1) hpc/.1.10.1
2025-06-13 20:43:28,905 - isca - DEBUG - ***************************************************
2025-06-13 20:43:28,905 - isca - DEBUG - You have loaded a buildenv module
2025-06-13 20:43:28,905 - isca - DEBUG - ***************************************************
2025-06-13 20:43:28,905 - isca - DEBUG - The buldenv-intel module makes available:
2025-06-13 20:43:28,905 - isca - DEBUG - - Compilers: icc, ifort, etc.
2025-06-13 20:43:28,905 - isca - DEBUG - - Mpi library with mpi-wrapped compilers: intel mpi with mpicc, mpifort, etc.
2025-06-13 20:43:28,905 - isca - DEBUG - - Numerical libraries: intel MKL
2025-06-13 20:43:28,905 - isca - DEBUG - 
2025-06-13 20:43:28,905 - isca - DEBUG - It also makes a set of dependency library modules available via
2025-06-13 20:43:28,905 - isca - DEBUG - the regular module command. Just do:
2025-06-13 20:43:28,905 - isca - DEBUG - module avail
2025-06-13 20:43:28,905 - isca - DEBUG - to see what is available.
2025-06-13 20:43:28,905 - isca - DEBUG - 
2025-06-13 20:43:28,905 - isca - DEBUG - NOTE: You shoud never load build environments inside submitted jobs.
2025-06-13 20:43:28,905 - isca - DEBUG - (with the single exception of when using supercomputer time to compile code.)
2025-06-13 20:43:28,905 - isca - DEBUG - 
2025-06-13 20:43:30,110 - isca - DEBUG - NOTE from PE    0: MPP_DOMAINS_SET_STACK_SIZE: stack size set to    32768.
2025-06-13 20:43:30,110 - isca - DEBUG - &MPP_IO_NML
2025-06-13 20:43:30,110 - isca - DEBUG - HEADER_BUFFER_VAL       =       16384,
2025-06-13 20:43:30,110 - isca - DEBUG - GLOBAL_FIELD_ON_ROOT_PE = T,
2025-06-13 20:43:30,110 - isca - DEBUG - IO_CLOCKS_ON    = F,
2025-06-13 20:43:30,110 - isca - DEBUG - SHUFFLE =           0,
2025-06-13 20:43:30,110 - isca - DEBUG - DEFLATE_LEVEL   =          -1
2025-06-13 20:43:30,110 - isca - DEBUG - /
2025-06-13 20:43:30,112 - isca - DEBUG - NOTE from PE    0: MPP_IO_SET_STACK_SIZE: stack size set to     131072.
2025-06-13 20:43:30,113 - isca - DEBUG - NOTE from PE    0: MPP_DOMAINS_SET_STACK_SIZE: stack size set to   600000.
2025-06-13 20:43:30,121 - isca - DEBUG - starting            1  OpenMP threads per MPI-task
2025-06-13 20:43:30,123 - isca - DEBUG - ATMOS MODEL DOMAIN DECOMPOSITION
2025-06-13 20:43:30,123 - isca - DEBUG - X-AXIS =  128
2025-06-13 20:43:30,123 - isca - DEBUG - Y-AXIS =    4   4   4   4   4   4   4   4   4   4   4   4   4   4   4   4
2025-06-13 20:43:30,172 - isca - DEBUG - 
2025-06-13 20:43:30,172 - isca - DEBUG - 
2025-06-13 20:43:30,172 - isca - WARNING - WARNING from PE   10: socrates_init: dt_rad does not fit into one day an integer number of times
2025-06-13 20:43:30,173 - isca - DEBUG - 
2025-06-13 20:43:30,173 - isca - DEBUG - 
2025-06-13 20:43:30,173 - isca - WARNING - WARNING from PE   15: socrates_init: dt_rad does not fit into one day an integer number of times
2025-06-13 20:43:30,173 - isca - DEBUG - 
2025-06-13 20:43:30,173 - isca - DEBUG - 
2025-06-13 20:43:30,173 - isca - WARNING - WARNING from PE    8: socrates_init: dt_rad does not fit into one day an integer number of times
2025-06-13 20:43:30,173 - isca - DEBUG - 
2025-06-13 20:43:30,173 - isca - WARNING - WARNING from PE    9: socrates_init: dt_rad does not fit into one day an integer number of times
2025-06-13 20:43:30,173 - isca - DEBUG - 
2025-06-13 20:43:30,173 - isca - DEBUG - 
2025-06-13 20:43:30,173 - isca - WARNING - WARNING from PE   12: socrates_init: dt_rad does not fit into one day an integer number of times
2025-06-13 20:43:30,173 - isca - DEBUG - 
2025-06-13 20:43:30,173 - isca - DEBUG - 
2025-06-13 20:43:30,173 - isca - WARNING - WARNING from PE   14: socrates_init: dt_rad does not fit into one day an integer number of times
2025-06-13 20:43:30,173 - isca - DEBUG - 
2025-06-13 20:43:30,173 - isca - DEBUG - 
2025-06-13 20:43:30,173 - isca - WARNING - WARNING from PE   11: socrates_init: dt_rad does not fit into one day an integer number of times
2025-06-13 20:43:30,173 - isca - DEBUG - 
2025-06-13 20:43:30,173 - isca - DEBUG - 
2025-06-13 20:43:30,173 - isca - WARNING - WARNING from PE   13: socrates_init: dt_rad does not fit into one day an integer number of times
2025-06-13 20:43:30,173 - isca - DEBUG - 
2025-06-13 20:43:30,176 - isca - DEBUG - NOTE from PE    0: cloud_simple: Using SimCloud cloud scheme
2025-06-13 20:43:30,178 - isca - DEBUG - NOTE from PE    0: ls_cloud: Using linear cloud fraction diagnostic formula.
2025-06-13 20:43:30,178 - isca - DEBUG - NOTE from PE    0: cloud_cover: The cloud overlap assumption is MAXIMUM-RANDOM
2025-06-13 20:43:30,178 - isca - DEBUG - NOTE from PE    0: idealized_moist_phys: Using Frierson Quasi-Equilibrium convection scheme.
2025-06-13 20:43:30,182 - isca - DEBUG - 
2025-06-13 20:43:30,182 - isca - WARNING - WARNING from PE    4: socrates_init: dt_rad does not fit into one day an integer number of times
2025-06-13 20:43:30,182 - isca - DEBUG - 
2025-06-13 20:43:30,182 - isca - DEBUG - 
2025-06-13 20:43:30,182 - isca - WARNING - WARNING from PE    7: socrates_init: dt_rad does not fit into one day an integer number of times
2025-06-13 20:43:30,182 - isca - DEBUG - 
2025-06-13 20:43:30,182 - isca - DEBUG - 
2025-06-13 20:43:30,182 - isca - WARNING - WARNING from PE    2: socrates_init: dt_rad does not fit into one day an integer number of times
2025-06-13 20:43:30,182 - isca - DEBUG - 
2025-06-13 20:43:30,183 - isca - DEBUG - 
2025-06-13 20:43:30,183 - isca - WARNING - WARNING from PE    1: socrates_init: dt_rad does not fit into one day an integer number of times
2025-06-13 20:43:30,183 - isca - DEBUG - 
2025-06-13 20:43:30,183 - isca - DEBUG - 
2025-06-13 20:43:30,183 - isca - WARNING - WARNING from PE    5: socrates_init: dt_rad does not fit into one day an integer number of times
2025-06-13 20:43:30,183 - isca - DEBUG - 
2025-06-13 20:43:30,183 - isca - DEBUG - 
2025-06-13 20:43:30,183 - isca - WARNING - WARNING from PE    6: socrates_init: dt_rad does not fit into one day an integer number of times
2025-06-13 20:43:30,183 - isca - DEBUG - 
2025-06-13 20:43:30,183 - isca - DEBUG - 
2025-06-13 20:43:30,183 - isca - WARNING - WARNING from PE    3: socrates_init: dt_rad does not fit into one day an integer number of times
2025-06-13 20:43:30,183 - isca - DEBUG - 
2025-06-13 20:43:30,187 - isca - DEBUG - 
2025-06-13 20:43:30,187 - isca - WARNING - WARNING from PE    0: socrates_init: dt_rad does not fit into one day an integer number of times
2025-06-13 20:43:30,187 - isca - DEBUG - 
2025-06-13 20:43:30,187 - isca - DEBUG - 
2025-06-13 20:43:30,187 - isca - WARNING - WARNING from PE    0: socrates_init: dt_rad does not fit into one day an integer number of times
2025-06-13 20:43:30,187 - isca - DEBUG - 
2025-06-13 20:43:30,187 - isca - DEBUG - 
2025-06-13 20:43:30,187 - isca - WARNING - WARNING from PE    0: socrates_init: lw_hires_spectral_filename is unset, making equal to lw_spectral_filename
2025-06-13 20:43:30,187 - isca - DEBUG - 
2025-06-13 20:43:30,187 - isca - DEBUG - 
2025-06-13 20:43:30,187 - isca - WARNING - WARNING from PE    0: socrates_init: lw_hires_spectral_filename is unset, making equal to lw_spectral_filename
2025-06-13 20:43:30,187 - isca - DEBUG - 
2025-06-13 20:43:30,187 - isca - DEBUG - 
2025-06-13 20:43:30,187 - isca - WARNING - WARNING from PE    0: socrates_init: sw_hires_spectral_filename is unset, making equal to sw_spectral_filename
2025-06-13 20:43:30,188 - isca - DEBUG - 
2025-06-13 20:43:30,188 - isca - DEBUG - 
2025-06-13 20:43:30,188 - isca - WARNING - WARNING from PE    0: socrates_init: sw_hires_spectral_filename is unset, making equal to sw_spectral_filename
2025-06-13 20:43:30,188 - isca - DEBUG - 
2025-06-13 20:43:31,404 - isca - DEBUG - NOTE from PE    0: Interpolator: Using input file with no time dimension - ozone_1990_notime_zero.nc
2025-06-13 20:43:31,404 - isca - DEBUG - Initializing src field : ozone_1990
2025-06-13 20:43:31,406 - isca - DEBUG - 
2025-06-13 20:43:31,406 - isca - DEBUG - -----------------------------------
2025-06-13 20:43:31,406 - isca - DEBUG - ____                       _
2025-06-13 20:43:31,406 - isca - DEBUG - / ___|  ___   ___ _ __ __ _| |_ ___  ___
2025-06-13 20:43:31,406 - isca - DEBUG - \___ \ / _ \ / __|  __/ _` | __/ _ \/ __|
2025-06-13 20:43:31,406 - isca - DEBUG - ___) | (_) | (__| | | (_| | ||  __/\__ \
2025-06-13 20:43:31,406 - isca - DEBUG - |____/ \___/ \___|_|  \__,_|\__\___||___/
2025-06-13 20:43:31,406 - isca - DEBUG - 
2025-06-13 20:43:31,406 - isca - DEBUG - Initialised Socrates v17.03
2025-06-13 20:43:31,406 - isca - DEBUG - Stellar constant =    1950.00000000000
2025-06-13 20:43:31,406 - isca - DEBUG - Longwave spectral file =
2025-06-13 20:43:31,406 - isca - DEBUG - /proj/bolinc/users/x_ryabo/socrates_edited_for_isca/spectral_files_for_GCMs/Sun
2025-06-13 20:43:31,407 - isca - DEBUG - /miniSuran_lw.sf WITH           16  bands
2025-06-13 20:43:31,407 - isca - DEBUG - Longwave hires spectral file =
2025-06-13 20:43:31,407 - isca - DEBUG - /proj/bolinc/users/x_ryabo/socrates_edited_for_isca/spectral_files_for_GCMs/Sun
2025-06-13 20:43:31,407 - isca - DEBUG - /miniSuran_lw.sf WITH           16  bands
2025-06-13 20:43:31,407 - isca - DEBUG - Shortwave spectral file =
2025-06-13 20:43:31,407 - isca - DEBUG - /proj/bolinc/users/x_ryabo/socrates_edited_for_isca/spectral_files_for_GCMs/Sun
2025-06-13 20:43:31,407 - isca - DEBUG - /miniSuran_sw.sf WITH           16  bands
2025-06-13 20:43:31,407 - isca - DEBUG - Shortwave hires spectral file =
2025-06-13 20:43:31,407 - isca - DEBUG - /proj/bolinc/users/x_ryabo/socrates_edited_for_isca/spectral_files_for_GCMs/Sun
2025-06-13 20:43:31,407 - isca - DEBUG - /miniSuran_sw.sf WITH           16  bands
2025-06-13 20:43:31,407 - isca - DEBUG - 
2025-06-13 20:43:31,407 - isca - DEBUG - -----------------------------------
2025-06-13 20:43:31,407 - isca - DEBUG - 
2025-06-13 20:44:17,746 - isca - DEBUG - Integration completed through 21601 days     0 seconds
2025-06-13 20:45:04,091 - isca - DEBUG - Integration completed through 21602 days     0 seconds
2025-06-13 20:45:50,211 - isca - DEBUG - Integration completed through 21603 days     0 seconds
2025-06-13 20:46:36,304 - isca - DEBUG - Integration completed through 21604 days     0 seconds
2025-06-13 20:47:22,394 - isca - DEBUG - Integration completed through 21605 days     0 seconds
2025-06-13 20:48:08,706 - isca - DEBUG - Integration completed through 21606 days     0 seconds
2025-06-13 20:48:54,692 - isca - DEBUG - Integration completed through 21607 days     0 seconds
2025-06-13 20:49:41,007 - isca - DEBUG - Integration completed through 21608 days     0 seconds
2025-06-13 20:50:27,404 - isca - DEBUG - Integration completed through 21609 days     0 seconds
2025-06-13 20:51:13,635 - isca - DEBUG - Integration completed through 21610 days     0 seconds
2025-06-13 20:51:59,558 - isca - DEBUG - Integration completed through 21611 days     0 seconds
2025-06-13 20:52:45,759 - isca - DEBUG - Integration completed through 21612 days     0 seconds
2025-06-13 20:53:31,798 - isca - DEBUG - Integration completed through 21613 days     0 seconds
2025-06-13 20:54:17,701 - isca - DEBUG - Integration completed through 21614 days     0 seconds
2025-06-13 20:55:04,006 - isca - DEBUG - Integration completed through 21615 days     0 seconds
2025-06-13 20:55:50,764 - isca - DEBUG - Integration completed through 21616 days     0 seconds
2025-06-13 20:56:37,444 - isca - DEBUG - Integration completed through 21617 days     0 seconds
2025-06-13 20:57:23,440 - isca - DEBUG - Integration completed through 21618 days     0 seconds
2025-06-13 20:58:09,727 - isca - DEBUG - Integration completed through 21619 days     0 seconds
2025-06-13 20:58:56,061 - isca - DEBUG - Integration completed through 21620 days     0 seconds
2025-06-13 20:59:42,467 - isca - DEBUG - Integration completed through 21621 days     0 seconds
2025-06-13 21:00:28,841 - isca - DEBUG - Integration completed through 21622 days     0 seconds
2025-06-13 21:01:15,179 - isca - DEBUG - Integration completed through 21623 days     0 seconds
2025-06-13 21:02:01,476 - isca - DEBUG - Integration completed through 21624 days     0 seconds
2025-06-13 21:02:47,815 - isca - DEBUG - Integration completed through 21625 days     0 seconds
2025-06-13 21:03:34,068 - isca - DEBUG - Integration completed through 21626 days     0 seconds
2025-06-13 21:04:20,276 - isca - DEBUG - Integration completed through 21627 days     0 seconds
2025-06-13 21:05:06,567 - isca - DEBUG - Integration completed through 21628 days     0 seconds
2025-06-13 21:05:52,716 - isca - DEBUG - Integration completed through 21629 days     0 seconds
2025-06-13 21:06:38,887 - isca - DEBUG - Integration completed through 21630 days     0 seconds
2025-06-13 21:06:38,895 - isca - DEBUG - 
2025-06-13 21:06:38,895 - isca - WARNING - WARNING from PE    0: diag_util_mod::opening_file: module/field_name (socrates/soc_toa_sw_down_clr) NOT registered
2025-06-13 21:06:38,895 - isca - DEBUG - 
2025-06-13 21:06:38,895 - isca - DEBUG - 
2025-06-13 21:06:38,895 - isca - WARNING - WARNING from PE    0: diag_util_mod::opening_file: module/field_name (cloud_simple/rh_min) NOT registered
2025-06-13 21:06:38,895 - isca - DEBUG - 
2025-06-13 21:06:38,895 - isca - DEBUG - 
2025-06-13 21:06:38,895 - isca - WARNING - WARNING from PE    0: diag_util_mod::opening_file: module/field_name (socrates/soc_toa_sw_down_clr) NOT registered
2025-06-13 21:06:38,895 - isca - DEBUG - 
2025-06-13 21:06:38,895 - isca - DEBUG - 
2025-06-13 21:06:38,895 - isca - WARNING - WARNING from PE    0: diag_util_mod::opening_file: module/field_name (cloud_simple/rh_min) NOT registered
2025-06-13 21:06:38,895 - isca - DEBUG - 
2025-06-13 21:06:38,905 - isca - DEBUG - NOTE from PE    0: MPP_IO_SET_STACK_SIZE: stack size set to     393216.
2025-06-13 21:06:39,044 - isca - DEBUG - MPP_DOMAINS_STACK high water mark=       49152
2025-06-13 21:06:39,045 - isca - DEBUG - 
2025-06-13 21:06:39,045 - isca - DEBUG - Tabulating mpp_clock statistics across     16 PEs...
2025-06-13 21:06:39,045 - isca - DEBUG - 
2025-06-13 21:06:39,045 - isca - DEBUG - tmin          tmax          tavg          tstd  tfrac grain pemin pemax
2025-06-13 21:06:39,045 - isca - DEBUG - Total runtime                      1388.930445   1388.940241   1388.935776      0.002355  1.000     0     0    15
2025-06-13 21:06:39,045 - isca - DEBUG - MPP_STACK high water mark=           0
2025-06-13 21:06:39,161 - isca - INFO - Run 721 complete
2025-06-13 21:06:39,998 - isca - DEBUG - atmos_monthly.nc combined and copied to data directory
2025-06-13 21:06:43,267 - isca - INFO - Restart archive created at /proj/bolinc/users/x_ryabo/Isca-Ryan_outputs/presentday_1540_Sun_noO3_1950/restarts/res0721.tar.gz
2025-06-13 21:06:43,279 - isca - INFO - Writing namelist to '/proj/bolinc/users/x_ryabo/Isca-Ryan_outputs/presentday_1540_Sun_noO3_1950/run0721/input.nml'
2025-06-13 21:06:43,281 - isca - INFO - Writing field_table to '/proj/bolinc/users/x_ryabo/Isca-Ryan_outputs/presentday_1540_Sun_noO3_1950/run0721/field_table'
2025-06-13 21:06:43,291 - isca - INFO - Writing diag_table to '/proj/bolinc/users/x_ryabo/Isca-Ryan_outputs/presentday_1540_Sun_noO3_1950/run0721/diag_table'
2025-06-13 21:06:43,524 - isca - INFO - Emptied run directory '/home/x_ryabo/Isca-Ryan_tmp/experiment/presentday_1540_Sun_noO3_1950/run'
2025-06-13 21:06:43,541 - isca - INFO - Emptied run directory '/home/x_ryabo/Isca-Ryan_tmp/experiment/presentday_1540_Sun_noO3_1950/run'
2025-06-13 21:06:43,750 - isca - INFO - Writing namelist to '/home/x_ryabo/Isca-Ryan_tmp/experiment/presentday_1540_Sun_noO3_1950/run/input.nml'
2025-06-13 21:06:43,752 - isca - INFO - Writing field_table to '/home/x_ryabo/Isca-Ryan_tmp/experiment/presentday_1540_Sun_noO3_1950/run/field_table'
2025-06-13 21:06:43,762 - isca - INFO - Writing diag_table to '/home/x_ryabo/Isca-Ryan_tmp/experiment/presentday_1540_Sun_noO3_1950/run/diag_table'
2025-06-13 21:06:43,774 - isca - INFO - Using restart file '/proj/bolinc/users/x_ryabo/Isca-Ryan_outputs/presentday_1540_Sun_noO3_1950/restarts/res0721.tar.gz'
2025-06-13 21:06:44,188 - isca - INFO - Restart /proj/bolinc/users/x_ryabo/Isca-Ryan_outputs/presentday_1540_Sun_noO3_1950/restarts/res0721.tar.gz extracted to /home/x_ryabo/Isca-Ryan_tmp/experiment/presentday_1540_Sun_noO3_1950/run/INPUT
2025-06-13 21:06:44,189 - isca - INFO - Beginning run 722
2025-06-13 21:06:44,199 - isca - INFO - process running as 1004362
2025-06-13 21:06:44,200 - isca - DEBUG - loadmodules for Isca on NSC cluster Tetralith
2025-06-13 21:06:44,200 - isca - DEBUG - mpiifort
2025-06-13 21:06:44,299 - isca - DEBUG - The following modules were not unloaded:
2025-06-13 21:06:44,299 - isca - DEBUG - (Use "module --force purge" to unload all):
2025-06-13 21:06:44,299 - isca - DEBUG - 
2025-06-13 21:06:44,299 - isca - DEBUG - 1) hpc/.1.10.1
2025-06-13 21:06:44,395 - isca - DEBUG - ***************************************************
2025-06-13 21:06:44,395 - isca - DEBUG - You have loaded a buildenv module
2025-06-13 21:06:44,395 - isca - DEBUG - ***************************************************
2025-06-13 21:06:44,395 - isca - DEBUG - The buldenv-intel module makes available:
2025-06-13 21:06:44,395 - isca - DEBUG - - Compilers: icc, ifort, etc.
2025-06-13 21:06:44,395 - isca - DEBUG - - Mpi library with mpi-wrapped compilers: intel mpi with mpicc, mpifort, etc.
2025-06-13 21:06:44,396 - isca - DEBUG - - Numerical libraries: intel MKL
2025-06-13 21:06:44,396 - isca - DEBUG - 
2025-06-13 21:06:44,396 - isca - DEBUG - It also makes a set of dependency library modules available via
2025-06-13 21:06:44,396 - isca - DEBUG - the regular module command. Just do:
2025-06-13 21:06:44,396 - isca - DEBUG - module avail
2025-06-13 21:06:44,396 - isca - DEBUG - to see what is available.
2025-06-13 21:06:44,396 - isca - DEBUG - 
2025-06-13 21:06:44,396 - isca - DEBUG - NOTE: You shoud never load build environments inside submitted jobs.
2025-06-13 21:06:44,396 - isca - DEBUG - (with the single exception of when using supercomputer time to compile code.)
2025-06-13 21:06:44,396 - isca - DEBUG - 
2025-06-13 21:06:45,606 - isca - DEBUG - NOTE from PE    0: MPP_DOMAINS_SET_STACK_SIZE: stack size set to    32768.
2025-06-13 21:06:45,607 - isca - DEBUG - &MPP_IO_NML
2025-06-13 21:06:45,607 - isca - DEBUG - HEADER_BUFFER_VAL       =       16384,
2025-06-13 21:06:45,607 - isca - DEBUG - GLOBAL_FIELD_ON_ROOT_PE = T,
2025-06-13 21:06:45,607 - isca - DEBUG - IO_CLOCKS_ON    = F,
2025-06-13 21:06:45,607 - isca - DEBUG - SHUFFLE =           0,
2025-06-13 21:06:45,607 - isca - DEBUG - DEFLATE_LEVEL   =          -1
2025-06-13 21:06:45,607 - isca - DEBUG - /
2025-06-13 21:06:45,608 - isca - DEBUG - NOTE from PE    0: MPP_IO_SET_STACK_SIZE: stack size set to     131072.
2025-06-13 21:06:45,609 - isca - DEBUG - NOTE from PE    0: MPP_DOMAINS_SET_STACK_SIZE: stack size set to   600000.
2025-06-13 21:06:45,617 - isca - DEBUG - starting            1  OpenMP threads per MPI-task
2025-06-13 21:06:45,619 - isca - DEBUG - ATMOS MODEL DOMAIN DECOMPOSITION
2025-06-13 21:06:45,620 - isca - DEBUG - X-AXIS =  128
2025-06-13 21:06:45,620 - isca - DEBUG - Y-AXIS =    4   4   4   4   4   4   4   4   4   4   4   4   4   4   4   4
2025-06-13 21:06:45,673 - isca - DEBUG - 
2025-06-13 21:06:45,674 - isca - WARNING - WARNING from PE    8: socrates_init: dt_rad does not fit into one day an integer number of times
2025-06-13 21:06:45,674 - isca - DEBUG - 
2025-06-13 21:06:45,674 - isca - DEBUG - 
2025-06-13 21:06:45,674 - isca - WARNING - WARNING from PE   13: socrates_init: dt_rad does not fit into one day an integer number of times
2025-06-13 21:06:45,674 - isca - DEBUG - 
2025-06-13 21:06:45,674 - isca - DEBUG - 
2025-06-13 21:06:45,674 - isca - WARNING - WARNING from PE   12: socrates_init: dt_rad does not fit into one day an integer number of times
2025-06-13 21:06:45,674 - isca - DEBUG - 
2025-06-13 21:06:45,674 - isca - DEBUG - 
2025-06-13 21:06:45,674 - isca - WARNING - WARNING from PE   10: socrates_init: dt_rad does not fit into one day an integer number of times
2025-06-13 21:06:45,674 - isca - DEBUG - 
2025-06-13 21:06:45,674 - isca - DEBUG - 
2025-06-13 21:06:45,674 - isca - WARNING - WARNING from PE   15: socrates_init: dt_rad does not fit into one day an integer number of times
2025-06-13 21:06:45,674 - isca - DEBUG - 
2025-06-13 21:06:45,674 - isca - DEBUG - 
2025-06-13 21:06:45,674 - isca - WARNING - WARNING from PE   14: socrates_init: dt_rad does not fit into one day an integer number of times
2025-06-13 21:06:45,674 - isca - DEBUG - 
2025-06-13 21:06:45,674 - isca - DEBUG - 
2025-06-13 21:06:45,674 - isca - DEBUG - NOTE from PE    0: cloud_simple: Using SimCloud cloud scheme
2025-06-13 21:06:45,674 - isca - WARNING - WARNING from PE    9: socrates_init: dt_rad does not fit into one day an integer number of times
2025-06-13 21:06:45,674 - isca - DEBUG - 
2025-06-13 21:06:45,674 - isca - WARNING - WARNING from PE   11: socrates_init: dt_rad does not fit into one day an integer number of times
2025-06-13 21:06:45,674 - isca - DEBUG - 
2025-06-13 21:06:45,674 - isca - DEBUG - 
2025-06-13 21:06:45,675 - isca - DEBUG - NOTE from PE    0: ls_cloud: Using linear cloud fraction diagnostic formula.
2025-06-13 21:06:45,676 - isca - DEBUG - NOTE from PE    0: cloud_cover: The cloud overlap assumption is MAXIMUM-RANDOM
2025-06-13 21:06:45,676 - isca - DEBUG - NOTE from PE    0: idealized_moist_phys: Using Frierson Quasi-Equilibrium convection scheme.
2025-06-13 21:06:45,680 - isca - DEBUG - 
2025-06-13 21:06:45,680 - isca - WARNING - WARNING from PE    7: socrates_init: dt_rad does not fit into one day an integer number of times
2025-06-13 21:06:45,680 - isca - DEBUG - 
2025-06-13 21:06:45,680 - isca - WARNING - WARNING from PE    6: socrates_init: dt_rad does not fit into one day an integer number of times
2025-06-13 21:06:45,680 - isca - DEBUG - 
2025-06-13 21:06:45,680 - isca - DEBUG - 
2025-06-13 21:06:45,680 - isca - DEBUG - 
2025-06-13 21:06:45,680 - isca - DEBUG - 
2025-06-13 21:06:45,680 - isca - WARNING - WARNING from PE    5: socrates_init: dt_rad does not fit into one day an integer number of times
2025-06-13 21:06:45,680 - isca - DEBUG - 
2025-06-13 21:06:45,680 - isca - WARNING - WARNING from PE    3: socrates_init: dt_rad does not fit into one day an integer number of times
2025-06-13 21:06:45,680 - isca - DEBUG - 
2025-06-13 21:06:45,681 - isca - DEBUG - 
2025-06-13 21:06:45,681 - isca - WARNING - WARNING from PE    1: socrates_init: dt_rad does not fit into one day an integer number of times
2025-06-13 21:06:45,681 - isca - DEBUG - 
2025-06-13 21:06:45,681 - isca - DEBUG - 
2025-06-13 21:06:45,681 - isca - WARNING - WARNING from PE    2: socrates_init: dt_rad does not fit into one day an integer number of times
2025-06-13 21:06:45,681 - isca - DEBUG - 
2025-06-13 21:06:45,681 - isca - DEBUG - 
2025-06-13 21:06:45,681 - isca - WARNING - WARNING from PE    4: socrates_init: dt_rad does not fit into one day an integer number of times
2025-06-13 21:06:45,681 - isca - DEBUG - 
2025-06-13 21:06:45,685 - isca - DEBUG - 
2025-06-13 21:06:45,685 - isca - WARNING - WARNING from PE    0: socrates_init: dt_rad does not fit into one day an integer number of times
2025-06-13 21:06:45,685 - isca - DEBUG - 
2025-06-13 21:06:45,685 - isca - DEBUG - 
2025-06-13 21:06:45,685 - isca - WARNING - WARNING from PE    0: socrates_init: dt_rad does not fit into one day an integer number of times
2025-06-13 21:06:45,685 - isca - DEBUG - 
2025-06-13 21:06:45,685 - isca - DEBUG - 
2025-06-13 21:06:45,685 - isca - WARNING - WARNING from PE    0: socrates_init: lw_hires_spectral_filename is unset, making equal to lw_spectral_filename
2025-06-13 21:06:45,685 - isca - DEBUG - 
2025-06-13 21:06:45,685 - isca - DEBUG - 
2025-06-13 21:06:45,685 - isca - WARNING - WARNING from PE    0: socrates_init: lw_hires_spectral_filename is unset, making equal to lw_spectral_filename
2025-06-13 21:06:45,685 - isca - DEBUG - 
2025-06-13 21:06:45,685 - isca - DEBUG - 
2025-06-13 21:06:45,685 - isca - WARNING - WARNING from PE    0: socrates_init: sw_hires_spectral_filename is unset, making equal to sw_spectral_filename
2025-06-13 21:06:45,685 - isca - DEBUG - 
2025-06-13 21:06:45,686 - isca - DEBUG - 
2025-06-13 21:06:45,686 - isca - WARNING - WARNING from PE    0: socrates_init: sw_hires_spectral_filename is unset, making equal to sw_spectral_filename
2025-06-13 21:06:45,686 - isca - DEBUG - 
2025-06-13 21:06:46,893 - isca - DEBUG - NOTE from PE    0: Interpolator: Using input file with no time dimension - ozone_1990_notime_zero.nc
2025-06-13 21:06:46,894 - isca - DEBUG - Initializing src field : ozone_1990
2025-06-13 21:06:46,896 - isca - DEBUG - 
2025-06-13 21:06:46,896 - isca - DEBUG - -----------------------------------
2025-06-13 21:06:46,896 - isca - DEBUG - ____                       _
2025-06-13 21:06:46,896 - isca - DEBUG - / ___|  ___   ___ _ __ __ _| |_ ___  ___
2025-06-13 21:06:46,896 - isca - DEBUG - \___ \ / _ \ / __|  __/ _` | __/ _ \/ __|
2025-06-13 21:06:46,896 - isca - DEBUG - ___) | (_) | (__| | | (_| | ||  __/\__ \
2025-06-13 21:06:46,896 - isca - DEBUG - |____/ \___/ \___|_|  \__,_|\__\___||___/
2025-06-13 21:06:46,896 - isca - DEBUG - 
2025-06-13 21:06:46,896 - isca - DEBUG - Initialised Socrates v17.03
2025-06-13 21:06:46,896 - isca - DEBUG - Stellar constant =    1950.00000000000
2025-06-13 21:06:46,896 - isca - DEBUG - Longwave spectral file =
2025-06-13 21:06:46,896 - isca - DEBUG - /proj/bolinc/users/x_ryabo/socrates_edited_for_isca/spectral_files_for_GCMs/Sun
2025-06-13 21:06:46,896 - isca - DEBUG - /miniSuran_lw.sf WITH           16  bands
2025-06-13 21:06:46,896 - isca - DEBUG - Longwave hires spectral file =
2025-06-13 21:06:46,896 - isca - DEBUG - /proj/bolinc/users/x_ryabo/socrates_edited_for_isca/spectral_files_for_GCMs/Sun
2025-06-13 21:06:46,896 - isca - DEBUG - /miniSuran_lw.sf WITH           16  bands
2025-06-13 21:06:46,896 - isca - DEBUG - Shortwave spectral file =
2025-06-13 21:06:46,896 - isca - DEBUG - /proj/bolinc/users/x_ryabo/socrates_edited_for_isca/spectral_files_for_GCMs/Sun
2025-06-13 21:06:46,897 - isca - DEBUG - /miniSuran_sw.sf WITH           16  bands
2025-06-13 21:06:46,897 - isca - DEBUG - Shortwave hires spectral file =
2025-06-13 21:06:46,897 - isca - DEBUG - /proj/bolinc/users/x_ryabo/socrates_edited_for_isca/spectral_files_for_GCMs/Sun
2025-06-13 21:06:46,897 - isca - DEBUG - /miniSuran_sw.sf WITH           16  bands
2025-06-13 21:06:46,897 - isca - DEBUG - 
2025-06-13 21:06:46,897 - isca - DEBUG - -----------------------------------
2025-06-13 21:06:46,897 - isca - DEBUG - 
2025-06-13 21:07:32,979 - isca - DEBUG - Integration completed through 21631 days     0 seconds
2025-06-13 21:08:19,111 - isca - DEBUG - Integration completed through 21632 days     0 seconds
2025-06-13 21:09:05,210 - isca - DEBUG - Integration completed through 21633 days     0 seconds
2025-06-13 21:09:51,240 - isca - DEBUG - Integration completed through 21634 days     0 seconds
2025-06-13 21:10:37,357 - isca - DEBUG - Integration completed through 21635 days     0 seconds
2025-06-13 21:11:23,531 - isca - DEBUG - Integration completed through 21636 days     0 seconds
2025-06-13 21:12:09,923 - isca - DEBUG - Integration completed through 21637 days     0 seconds
2025-06-13 21:12:56,116 - isca - DEBUG - Integration completed through 21638 days     0 seconds
2025-06-13 21:13:42,253 - isca - DEBUG - Integration completed through 21639 days     0 seconds
2025-06-13 21:14:28,741 - isca - DEBUG - Integration completed through 21640 days     0 seconds
2025-06-13 21:15:15,339 - isca - DEBUG - Integration completed through 21641 days     0 seconds
2025-06-13 21:16:01,656 - isca - DEBUG - Integration completed through 21642 days     0 seconds
2025-06-13 21:16:48,111 - isca - DEBUG - Integration completed through 21643 days     0 seconds
2025-06-13 21:17:34,626 - isca - DEBUG - Integration completed through 21644 days     0 seconds
2025-06-13 21:18:21,080 - isca - DEBUG - Integration completed through 21645 days     0 seconds
2025-06-13 21:19:07,514 - isca - DEBUG - Integration completed through 21646 days     0 seconds
2025-06-13 21:19:53,559 - isca - DEBUG - Integration completed through 21647 days     0 seconds
2025-06-13 21:20:39,662 - isca - DEBUG - Integration completed through 21648 days     0 seconds
2025-06-13 21:21:25,719 - isca - DEBUG - Integration completed through 21649 days     0 seconds
2025-06-13 21:22:11,841 - isca - DEBUG - Integration completed through 21650 days     0 seconds
2025-06-13 21:22:58,265 - isca - DEBUG - Integration completed through 21651 days     0 seconds
2025-06-13 21:23:44,773 - isca - DEBUG - Integration completed through 21652 days     0 seconds
2025-06-13 21:24:30,813 - isca - DEBUG - Integration completed through 21653 days     0 seconds
2025-06-13 21:25:17,548 - isca - DEBUG - Integration completed through 21654 days     0 seconds
2025-06-13 21:26:04,343 - isca - DEBUG - Integration completed through 21655 days     0 seconds
2025-06-13 21:26:51,043 - isca - DEBUG - Integration completed through 21656 days     0 seconds
2025-06-13 21:27:37,275 - isca - DEBUG - Integration completed through 21657 days     0 seconds
2025-06-13 21:28:23,174 - isca - DEBUG - Integration completed through 21658 days     0 seconds
2025-06-13 21:29:09,493 - isca - DEBUG - Integration completed through 21659 days     0 seconds
2025-06-13 21:29:56,158 - isca - DEBUG - Integration completed through 21660 days     0 seconds
2025-06-13 21:29:56,165 - isca - DEBUG - 
2025-06-13 21:29:56,166 - isca - WARNING - WARNING from PE    0: diag_util_mod::opening_file: module/field_name (socrates/soc_toa_sw_down_clr) NOT registered
2025-06-13 21:29:56,166 - isca - DEBUG - 
2025-06-13 21:29:56,166 - isca - DEBUG - 
2025-06-13 21:29:56,166 - isca - WARNING - WARNING from PE    0: diag_util_mod::opening_file: module/field_name (socrates/soc_toa_sw_down_clr) NOT registered
2025-06-13 21:29:56,166 - isca - DEBUG - 
2025-06-13 21:29:56,166 - isca - DEBUG - 
2025-06-13 21:29:56,166 - isca - WARNING - WARNING from PE    0: diag_util_mod::opening_file: module/field_name (cloud_simple/rh_min) NOT registered
2025-06-13 21:29:56,166 - isca - DEBUG - 
2025-06-13 21:29:56,166 - isca - DEBUG - 
2025-06-13 21:29:56,166 - isca - WARNING - WARNING from PE    0: diag_util_mod::opening_file: module/field_name (cloud_simple/rh_min) NOT registered
2025-06-13 21:29:56,166 - isca - DEBUG - 
2025-06-13 21:29:56,176 - isca - DEBUG - NOTE from PE    0: MPP_IO_SET_STACK_SIZE: stack size set to     393216.
2025-06-13 21:29:56,290 - isca - DEBUG - MPP_DOMAINS_STACK high water mark=       49152
2025-06-13 21:29:56,290 - isca - DEBUG - 
2025-06-13 21:29:56,290 - isca - DEBUG - Tabulating mpp_clock statistics across     16 PEs...
2025-06-13 21:29:56,290 - isca - DEBUG - 
2025-06-13 21:29:56,290 - isca - DEBUG - tmin          tmax          tavg          tstd  tfrac grain pemin pemax
2025-06-13 21:29:56,291 - isca - DEBUG - Total runtime                      1390.681146   1390.687741   1390.684094      0.001843  1.000     0     0    15
2025-06-13 21:29:56,291 - isca - DEBUG - MPP_STACK high water mark=           0
2025-06-13 21:29:56,410 - isca - INFO - Run 722 complete
2025-06-13 21:29:57,328 - isca - DEBUG - atmos_monthly.nc combined and copied to data directory
2025-06-13 21:30:00,583 - isca - INFO - Restart archive created at /proj/bolinc/users/x_ryabo/Isca-Ryan_outputs/presentday_1540_Sun_noO3_1950/restarts/res0722.tar.gz
2025-06-13 21:30:00,600 - isca - INFO - Writing namelist to '/proj/bolinc/users/x_ryabo/Isca-Ryan_outputs/presentday_1540_Sun_noO3_1950/run0722/input.nml'
2025-06-13 21:30:00,602 - isca - INFO - Writing field_table to '/proj/bolinc/users/x_ryabo/Isca-Ryan_outputs/presentday_1540_Sun_noO3_1950/run0722/field_table'
2025-06-13 21:30:00,612 - isca - INFO - Writing diag_table to '/proj/bolinc/users/x_ryabo/Isca-Ryan_outputs/presentday_1540_Sun_noO3_1950/run0722/diag_table'
2025-06-13 21:30:00,841 - isca - INFO - Emptied run directory '/home/x_ryabo/Isca-Ryan_tmp/experiment/presentday_1540_Sun_noO3_1950/run'
2025-06-13 21:30:00,861 - isca - INFO - Emptied run directory '/home/x_ryabo/Isca-Ryan_tmp/experiment/presentday_1540_Sun_noO3_1950/run'
2025-06-13 21:30:01,070 - isca - INFO - Writing namelist to '/home/x_ryabo/Isca-Ryan_tmp/experiment/presentday_1540_Sun_noO3_1950/run/input.nml'
2025-06-13 21:30:01,071 - isca - INFO - Writing field_table to '/home/x_ryabo/Isca-Ryan_tmp/experiment/presentday_1540_Sun_noO3_1950/run/field_table'
2025-06-13 21:30:01,082 - isca - INFO - Writing diag_table to '/home/x_ryabo/Isca-Ryan_tmp/experiment/presentday_1540_Sun_noO3_1950/run/diag_table'
2025-06-13 21:30:01,097 - isca - INFO - Using restart file '/proj/bolinc/users/x_ryabo/Isca-Ryan_outputs/presentday_1540_Sun_noO3_1950/restarts/res0722.tar.gz'
2025-06-13 21:30:01,512 - isca - INFO - Restart /proj/bolinc/users/x_ryabo/Isca-Ryan_outputs/presentday_1540_Sun_noO3_1950/restarts/res0722.tar.gz extracted to /home/x_ryabo/Isca-Ryan_tmp/experiment/presentday_1540_Sun_noO3_1950/run/INPUT
2025-06-13 21:30:01,513 - isca - INFO - Beginning run 723
2025-06-13 21:30:01,523 - isca - INFO - process running as 1005531
2025-06-13 21:30:01,523 - isca - DEBUG - loadmodules for Isca on NSC cluster Tetralith
2025-06-13 21:30:01,524 - isca - DEBUG - mpiifort
2025-06-13 21:30:01,623 - isca - DEBUG - The following modules were not unloaded:
2025-06-13 21:30:01,623 - isca - DEBUG - (Use "module --force purge" to unload all):
2025-06-13 21:30:01,623 - isca - DEBUG - 
2025-06-13 21:30:01,624 - isca - DEBUG - 1) hpc/.1.10.1
2025-06-13 21:30:01,721 - isca - DEBUG - ***************************************************
2025-06-13 21:30:01,721 - isca - DEBUG - You have loaded a buildenv module
2025-06-13 21:30:01,722 - isca - DEBUG - ***************************************************
2025-06-13 21:30:01,722 - isca - DEBUG - The buldenv-intel module makes available:
2025-06-13 21:30:01,722 - isca - DEBUG - - Compilers: icc, ifort, etc.
2025-06-13 21:30:01,722 - isca - DEBUG - - Mpi library with mpi-wrapped compilers: intel mpi with mpicc, mpifort, etc.
2025-06-13 21:30:01,722 - isca - DEBUG - - Numerical libraries: intel MKL
2025-06-13 21:30:01,722 - isca - DEBUG - 
2025-06-13 21:30:01,722 - isca - DEBUG - It also makes a set of dependency library modules available via
2025-06-13 21:30:01,722 - isca - DEBUG - the regular module command. Just do:
2025-06-13 21:30:01,722 - isca - DEBUG - module avail
2025-06-13 21:30:01,722 - isca - DEBUG - to see what is available.
2025-06-13 21:30:01,722 - isca - DEBUG - 
2025-06-13 21:30:01,722 - isca - DEBUG - NOTE: You shoud never load build environments inside submitted jobs.
2025-06-13 21:30:01,722 - isca - DEBUG - (with the single exception of when using supercomputer time to compile code.)
2025-06-13 21:30:01,722 - isca - DEBUG - 
2025-06-13 21:30:02,944 - isca - DEBUG - NOTE from PE    0: MPP_DOMAINS_SET_STACK_SIZE: stack size set to    32768.
2025-06-13 21:30:02,945 - isca - DEBUG - &MPP_IO_NML
2025-06-13 21:30:02,945 - isca - DEBUG - HEADER_BUFFER_VAL       =       16384,
2025-06-13 21:30:02,945 - isca - DEBUG - GLOBAL_FIELD_ON_ROOT_PE = T,
2025-06-13 21:30:02,945 - isca - DEBUG - IO_CLOCKS_ON    = F,
2025-06-13 21:30:02,945 - isca - DEBUG - SHUFFLE =           0,
2025-06-13 21:30:02,945 - isca - DEBUG - DEFLATE_LEVEL   =          -1
2025-06-13 21:30:02,945 - isca - DEBUG - /
2025-06-13 21:30:02,947 - isca - DEBUG - NOTE from PE    0: MPP_IO_SET_STACK_SIZE: stack size set to     131072.
2025-06-13 21:30:02,948 - isca - DEBUG - NOTE from PE    0: MPP_DOMAINS_SET_STACK_SIZE: stack size set to   600000.
2025-06-13 21:30:02,955 - isca - DEBUG - starting            1  OpenMP threads per MPI-task
2025-06-13 21:30:02,958 - isca - DEBUG - ATMOS MODEL DOMAIN DECOMPOSITION
2025-06-13 21:30:02,958 - isca - DEBUG - X-AXIS =  128
2025-06-13 21:30:02,958 - isca - DEBUG - Y-AXIS =    4   4   4   4   4   4   4   4   4   4   4   4   4   4   4   4
2025-06-13 21:30:03,007 - isca - DEBUG - 
2025-06-13 21:30:03,007 - isca - WARNING - WARNING from PE    8: socrates_init: dt_rad does not fit into one day an integer number of times
2025-06-13 21:30:03,007 - isca - DEBUG - 
2025-06-13 21:30:03,007 - isca - DEBUG - 
2025-06-13 21:30:03,007 - isca - WARNING - WARNING from PE    9: socrates_init: dt_rad does not fit into one day an integer number of times
2025-06-13 21:30:03,007 - isca - DEBUG - 
2025-06-13 21:30:03,007 - isca - DEBUG - 
2025-06-13 21:30:03,007 - isca - DEBUG - 
2025-06-13 21:30:03,007 - isca - WARNING - WARNING from PE   13: socrates_init: dt_rad does not fit into one day an integer number of times
2025-06-13 21:30:03,007 - isca - DEBUG - 
2025-06-13 21:30:03,007 - isca - DEBUG - 
2025-06-13 21:30:03,007 - isca - WARNING - WARNING from PE   14: socrates_init: dt_rad does not fit into one day an integer number of times
2025-06-13 21:30:03,007 - isca - DEBUG - 
2025-06-13 21:30:03,007 - isca - DEBUG - 
2025-06-13 21:30:03,007 - isca - WARNING - WARNING from PE   11: socrates_init: dt_rad does not fit into one day an integer number of times
2025-06-13 21:30:03,008 - isca - DEBUG - 
2025-06-13 21:30:03,008 - isca - WARNING - WARNING from PE   15: socrates_init: dt_rad does not fit into one day an integer number of times
2025-06-13 21:30:03,008 - isca - DEBUG - 
2025-06-13 21:30:03,008 - isca - DEBUG - 
2025-06-13 21:30:03,008 - isca - WARNING - WARNING from PE   12: socrates_init: dt_rad does not fit into one day an integer number of times
2025-06-13 21:30:03,008 - isca - DEBUG - 
2025-06-13 21:30:03,008 - isca - DEBUG - 
2025-06-13 21:30:03,008 - isca - WARNING - WARNING from PE   10: socrates_init: dt_rad does not fit into one day an integer number of times
2025-06-13 21:30:03,008 - isca - DEBUG - 
2025-06-13 21:30:03,009 - isca - DEBUG - NOTE from PE    0: cloud_simple: Using SimCloud cloud scheme
2025-06-13 21:30:03,011 - isca - DEBUG - NOTE from PE    0: ls_cloud: Using linear cloud fraction diagnostic formula.
2025-06-13 21:30:03,011 - isca - DEBUG - NOTE from PE    0: cloud_cover: The cloud overlap assumption is MAXIMUM-RANDOM
2025-06-13 21:30:03,011 - isca - DEBUG - NOTE from PE    0: idealized_moist_phys: Using Frierson Quasi-Equilibrium convection scheme.
2025-06-13 21:30:03,014 - isca - DEBUG - 
2025-06-13 21:30:03,014 - isca - WARNING - WARNING from PE    4: socrates_init: dt_rad does not fit into one day an integer number of times
2025-06-13 21:30:03,014 - isca - DEBUG - 
2025-06-13 21:30:03,015 - isca - DEBUG - 
2025-06-13 21:30:03,015 - isca - DEBUG - 
2025-06-13 21:30:03,015 - isca - WARNING - WARNING from PE    7: socrates_init: dt_rad does not fit into one day an integer number of times
2025-06-13 21:30:03,015 - isca - DEBUG - 
2025-06-13 21:30:03,015 - isca - WARNING - WARNING from PE    5: socrates_init: dt_rad does not fit into one day an integer number of times
2025-06-13 21:30:03,015 - isca - DEBUG - 
2025-06-13 21:30:03,015 - isca - DEBUG - 
2025-06-13 21:30:03,015 - isca - WARNING - WARNING from PE    1: socrates_init: dt_rad does not fit into one day an integer number of times
2025-06-13 21:30:03,015 - isca - DEBUG - 
2025-06-13 21:30:03,015 - isca - DEBUG - 
2025-06-13 21:30:03,015 - isca - WARNING - WARNING from PE    2: socrates_init: dt_rad does not fit into one day an integer number of times
2025-06-13 21:30:03,015 - isca - DEBUG - 
2025-06-13 21:30:03,015 - isca - DEBUG - 
2025-06-13 21:30:03,015 - isca - WARNING - WARNING from PE    6: socrates_init: dt_rad does not fit into one day an integer number of times
2025-06-13 21:30:03,015 - isca - DEBUG - 
2025-06-13 21:30:03,016 - isca - DEBUG - 
2025-06-13 21:30:03,016 - isca - WARNING - WARNING from PE    3: socrates_init: dt_rad does not fit into one day an integer number of times
2025-06-13 21:30:03,016 - isca - DEBUG - 
2025-06-13 21:30:03,021 - isca - DEBUG - 
2025-06-13 21:30:03,021 - isca - WARNING - WARNING from PE    0: socrates_init: dt_rad does not fit into one day an integer number of times
2025-06-13 21:30:03,021 - isca - DEBUG - 
2025-06-13 21:30:03,021 - isca - DEBUG - 
2025-06-13 21:30:03,021 - isca - WARNING - WARNING from PE    0: socrates_init: dt_rad does not fit into one day an integer number of times
2025-06-13 21:30:03,021 - isca - DEBUG - 
2025-06-13 21:30:03,021 - isca - DEBUG - 
2025-06-13 21:30:03,021 - isca - WARNING - WARNING from PE    0: socrates_init: lw_hires_spectral_filename is unset, making equal to lw_spectral_filename
2025-06-13 21:30:03,021 - isca - DEBUG - 
2025-06-13 21:30:03,021 - isca - DEBUG - 
2025-06-13 21:30:03,021 - isca - WARNING - WARNING from PE    0: socrates_init: lw_hires_spectral_filename is unset, making equal to lw_spectral_filename
2025-06-13 21:30:03,021 - isca - DEBUG - 
2025-06-13 21:30:03,021 - isca - DEBUG - 
2025-06-13 21:30:03,022 - isca - WARNING - WARNING from PE    0: socrates_init: sw_hires_spectral_filename is unset, making equal to sw_spectral_filename
2025-06-13 21:30:03,022 - isca - DEBUG - 
2025-06-13 21:30:03,022 - isca - DEBUG - 
2025-06-13 21:30:03,022 - isca - WARNING - WARNING from PE    0: socrates_init: sw_hires_spectral_filename is unset, making equal to sw_spectral_filename
2025-06-13 21:30:03,022 - isca - DEBUG - 
2025-06-13 21:30:04,233 - isca - DEBUG - NOTE from PE    0: Interpolator: Using input file with no time dimension - ozone_1990_notime_zero.nc
2025-06-13 21:30:04,233 - isca - DEBUG - Initializing src field : ozone_1990
2025-06-13 21:30:04,235 - isca - DEBUG - 
2025-06-13 21:30:04,235 - isca - DEBUG - -----------------------------------
2025-06-13 21:30:04,235 - isca - DEBUG - ____                       _
2025-06-13 21:30:04,235 - isca - DEBUG - / ___|  ___   ___ _ __ __ _| |_ ___  ___
2025-06-13 21:30:04,235 - isca - DEBUG - \___ \ / _ \ / __|  __/ _` | __/ _ \/ __|
2025-06-13 21:30:04,236 - isca - DEBUG - ___) | (_) | (__| | | (_| | ||  __/\__ \
2025-06-13 21:30:04,236 - isca - DEBUG - |____/ \___/ \___|_|  \__,_|\__\___||___/
2025-06-13 21:30:04,236 - isca - DEBUG - 
2025-06-13 21:30:04,236 - isca - DEBUG - Initialised Socrates v17.03
2025-06-13 21:30:04,236 - isca - DEBUG - Stellar constant =    1950.00000000000
2025-06-13 21:30:04,236 - isca - DEBUG - Longwave spectral file =
2025-06-13 21:30:04,236 - isca - DEBUG - /proj/bolinc/users/x_ryabo/socrates_edited_for_isca/spectral_files_for_GCMs/Sun
2025-06-13 21:30:04,236 - isca - DEBUG - /miniSuran_lw.sf WITH           16  bands
2025-06-13 21:30:04,236 - isca - DEBUG - Longwave hires spectral file =
2025-06-13 21:30:04,236 - isca - DEBUG - /proj/bolinc/users/x_ryabo/socrates_edited_for_isca/spectral_files_for_GCMs/Sun
2025-06-13 21:30:04,236 - isca - DEBUG - /miniSuran_lw.sf WITH           16  bands
2025-06-13 21:30:04,236 - isca - DEBUG - Shortwave spectral file =
2025-06-13 21:30:04,236 - isca - DEBUG - /proj/bolinc/users/x_ryabo/socrates_edited_for_isca/spectral_files_for_GCMs/Sun
2025-06-13 21:30:04,236 - isca - DEBUG - /miniSuran_sw.sf WITH           16  bands
2025-06-13 21:30:04,236 - isca - DEBUG - Shortwave hires spectral file =
2025-06-13 21:30:04,236 - isca - DEBUG - /proj/bolinc/users/x_ryabo/socrates_edited_for_isca/spectral_files_for_GCMs/Sun
2025-06-13 21:30:04,236 - isca - DEBUG - /miniSuran_sw.sf WITH           16  bands
2025-06-13 21:30:04,236 - isca - DEBUG - 
2025-06-13 21:30:04,236 - isca - DEBUG - -----------------------------------
2025-06-13 21:30:04,236 - isca - DEBUG - 
2025-06-13 21:30:51,431 - isca - DEBUG - Integration completed through 21661 days     0 seconds
2025-06-13 21:31:38,619 - isca - DEBUG - Integration completed through 21662 days     0 seconds
2025-06-13 21:32:25,795 - isca - DEBUG - Integration completed through 21663 days     0 seconds
2025-06-13 21:33:12,712 - isca - DEBUG - Integration completed through 21664 days     0 seconds
2025-06-13 21:33:59,577 - isca - DEBUG - Integration completed through 21665 days     0 seconds
2025-06-13 21:34:46,797 - isca - DEBUG - Integration completed through 21666 days     0 seconds
2025-06-13 21:35:34,295 - isca - DEBUG - Integration completed through 21667 days     0 seconds
2025-06-13 21:36:21,898 - isca - DEBUG - Integration completed through 21668 days     0 seconds
2025-06-13 21:37:09,252 - isca - DEBUG - Integration completed through 21669 days     0 seconds
2025-06-13 21:37:56,560 - isca - DEBUG - Integration completed through 21670 days     0 seconds
2025-06-13 21:38:43,770 - isca - DEBUG - Integration completed through 21671 days     0 seconds
2025-06-13 21:39:31,095 - isca - DEBUG - Integration completed through 21672 days     0 seconds
2025-06-13 21:40:18,468 - isca - DEBUG - Integration completed through 21673 days     0 seconds
2025-06-13 21:41:05,549 - isca - DEBUG - Integration completed through 21674 days     0 seconds
2025-06-13 21:41:52,584 - isca - DEBUG - Integration completed through 21675 days     0 seconds
2025-06-13 21:42:39,711 - isca - DEBUG - Integration completed through 21676 days     0 seconds
2025-06-13 21:43:26,811 - isca - DEBUG - Integration completed through 21677 days     0 seconds
2025-06-13 21:44:13,885 - isca - DEBUG - Integration completed through 21678 days     0 seconds
2025-06-13 21:45:01,248 - isca - DEBUG - Integration completed through 21679 days     0 seconds
2025-06-13 21:45:48,664 - isca - DEBUG - Integration completed through 21680 days     0 seconds
2025-06-13 21:46:35,814 - isca - DEBUG - Integration completed through 21681 days     0 seconds
2025-06-13 21:47:23,102 - isca - DEBUG - Integration completed through 21682 days     0 seconds
2025-06-13 21:48:10,800 - isca - DEBUG - Integration completed through 21683 days     0 seconds
2025-06-13 21:48:58,532 - isca - DEBUG - Integration completed through 21684 days     0 seconds
2025-06-13 21:49:45,667 - isca - DEBUG - Integration completed through 21685 days     0 seconds
2025-06-13 21:50:32,649 - isca - DEBUG - Integration completed through 21686 days     0 seconds
2025-06-13 21:51:19,583 - isca - DEBUG - Integration completed through 21687 days     0 seconds
2025-06-13 21:52:06,474 - isca - DEBUG - Integration completed through 21688 days     0 seconds
2025-06-13 21:52:53,677 - isca - DEBUG - Integration completed through 21689 days     0 seconds
2025-06-13 21:53:40,919 - isca - DEBUG - Integration completed through 21690 days     0 seconds
2025-06-13 21:53:40,925 - isca - DEBUG - 
2025-06-13 21:53:40,925 - isca - WARNING - WARNING from PE    0: diag_util_mod::opening_file: module/field_name (socrates/soc_toa_sw_down_clr) NOT registered
2025-06-13 21:53:40,925 - isca - DEBUG - 
2025-06-13 21:53:40,925 - isca - DEBUG - 
2025-06-13 21:53:40,925 - isca - WARNING - WARNING from PE    0: diag_util_mod::opening_file: module/field_name (socrates/soc_toa_sw_down_clr) NOT registered
2025-06-13 21:53:40,925 - isca - DEBUG - 
2025-06-13 21:53:40,925 - isca - DEBUG - 
2025-06-13 21:53:40,925 - isca - WARNING - WARNING from PE    0: diag_util_mod::opening_file: module/field_name (cloud_simple/rh_min) NOT registered
2025-06-13 21:53:40,925 - isca - DEBUG - 
2025-06-13 21:53:40,925 - isca - DEBUG - 
2025-06-13 21:53:40,925 - isca - WARNING - WARNING from PE    0: diag_util_mod::opening_file: module/field_name (cloud_simple/rh_min) NOT registered
2025-06-13 21:53:40,925 - isca - DEBUG - 
2025-06-13 21:53:40,937 - isca - DEBUG - NOTE from PE    0: MPP_IO_SET_STACK_SIZE: stack size set to     393216.
2025-06-13 21:53:41,037 - isca - DEBUG - MPP_DOMAINS_STACK high water mark=       49152
2025-06-13 21:53:41,037 - isca - DEBUG - 
2025-06-13 21:53:41,037 - isca - DEBUG - Tabulating mpp_clock statistics across     16 PEs...
2025-06-13 21:53:41,037 - isca - DEBUG - 
2025-06-13 21:53:41,037 - isca - DEBUG - tmin          tmax          tavg          tstd  tfrac grain pemin pemax
2025-06-13 21:53:41,037 - isca - DEBUG - Total runtime                      1418.089924   1418.098149   1418.093337      0.002273  1.000     0     0    15
2025-06-13 21:53:41,038 - isca - DEBUG - MPP_STACK high water mark=           0
2025-06-13 21:53:41,176 - isca - INFO - Run 723 complete
2025-06-13 21:53:42,024 - isca - DEBUG - atmos_monthly.nc combined and copied to data directory
2025-06-13 21:53:45,282 - isca - INFO - Restart archive created at /proj/bolinc/users/x_ryabo/Isca-Ryan_outputs/presentday_1540_Sun_noO3_1950/restarts/res0723.tar.gz
2025-06-13 21:53:45,293 - isca - INFO - Writing namelist to '/proj/bolinc/users/x_ryabo/Isca-Ryan_outputs/presentday_1540_Sun_noO3_1950/run0723/input.nml'
2025-06-13 21:53:45,295 - isca - INFO - Writing field_table to '/proj/bolinc/users/x_ryabo/Isca-Ryan_outputs/presentday_1540_Sun_noO3_1950/run0723/field_table'
2025-06-13 21:53:45,305 - isca - INFO - Writing diag_table to '/proj/bolinc/users/x_ryabo/Isca-Ryan_outputs/presentday_1540_Sun_noO3_1950/run0723/diag_table'
2025-06-13 21:53:45,552 - isca - INFO - Emptied run directory '/home/x_ryabo/Isca-Ryan_tmp/experiment/presentday_1540_Sun_noO3_1950/run'
2025-06-13 21:53:45,569 - isca - INFO - Emptied run directory '/home/x_ryabo/Isca-Ryan_tmp/experiment/presentday_1540_Sun_noO3_1950/run'
2025-06-13 21:53:45,781 - isca - INFO - Writing namelist to '/home/x_ryabo/Isca-Ryan_tmp/experiment/presentday_1540_Sun_noO3_1950/run/input.nml'
2025-06-13 21:53:45,783 - isca - INFO - Writing field_table to '/home/x_ryabo/Isca-Ryan_tmp/experiment/presentday_1540_Sun_noO3_1950/run/field_table'
2025-06-13 21:53:45,793 - isca - INFO - Writing diag_table to '/home/x_ryabo/Isca-Ryan_tmp/experiment/presentday_1540_Sun_noO3_1950/run/diag_table'
2025-06-13 21:53:45,805 - isca - INFO - Using restart file '/proj/bolinc/users/x_ryabo/Isca-Ryan_outputs/presentday_1540_Sun_noO3_1950/restarts/res0723.tar.gz'
2025-06-13 21:53:46,218 - isca - INFO - Restart /proj/bolinc/users/x_ryabo/Isca-Ryan_outputs/presentday_1540_Sun_noO3_1950/restarts/res0723.tar.gz extracted to /home/x_ryabo/Isca-Ryan_tmp/experiment/presentday_1540_Sun_noO3_1950/run/INPUT
2025-06-13 21:53:46,218 - isca - INFO - Beginning run 724
2025-06-13 21:53:46,232 - isca - INFO - process running as 1006668
2025-06-13 21:53:46,232 - isca - DEBUG - loadmodules for Isca on NSC cluster Tetralith
2025-06-13 21:53:46,232 - isca - DEBUG - mpiifort
2025-06-13 21:53:46,328 - isca - DEBUG - The following modules were not unloaded:
2025-06-13 21:53:46,328 - isca - DEBUG - (Use "module --force purge" to unload all):
2025-06-13 21:53:46,328 - isca - DEBUG - 
2025-06-13 21:53:46,328 - isca - DEBUG - 1) hpc/.1.10.1
2025-06-13 21:53:46,424 - isca - DEBUG - ***************************************************
2025-06-13 21:53:46,424 - isca - DEBUG - You have loaded a buildenv module
2025-06-13 21:53:46,424 - isca - DEBUG - ***************************************************
2025-06-13 21:53:46,424 - isca - DEBUG - The buldenv-intel module makes available:
2025-06-13 21:53:46,424 - isca - DEBUG - - Compilers: icc, ifort, etc.
2025-06-13 21:53:46,424 - isca - DEBUG - - Mpi library with mpi-wrapped compilers: intel mpi with mpicc, mpifort, etc.
2025-06-13 21:53:46,424 - isca - DEBUG - - Numerical libraries: intel MKL
2025-06-13 21:53:46,424 - isca - DEBUG - 
2025-06-13 21:53:46,424 - isca - DEBUG - It also makes a set of dependency library modules available via
2025-06-13 21:53:46,424 - isca - DEBUG - the regular module command. Just do:
2025-06-13 21:53:46,424 - isca - DEBUG - module avail
2025-06-13 21:53:46,424 - isca - DEBUG - to see what is available.
2025-06-13 21:53:46,424 - isca - DEBUG - 
2025-06-13 21:53:46,424 - isca - DEBUG - NOTE: You shoud never load build environments inside submitted jobs.
2025-06-13 21:53:46,424 - isca - DEBUG - (with the single exception of when using supercomputer time to compile code.)
2025-06-13 21:53:46,424 - isca - DEBUG - 
2025-06-13 21:53:49,488 - isca - DEBUG - NOTE from PE    0: MPP_DOMAINS_SET_STACK_SIZE: stack size set to    32768.
2025-06-13 21:53:49,489 - isca - DEBUG - &MPP_IO_NML
2025-06-13 21:53:49,489 - isca - DEBUG - HEADER_BUFFER_VAL       =       16384,
2025-06-13 21:53:49,489 - isca - DEBUG - GLOBAL_FIELD_ON_ROOT_PE = T,
2025-06-13 21:53:49,489 - isca - DEBUG - IO_CLOCKS_ON    = F,
2025-06-13 21:53:49,489 - isca - DEBUG - SHUFFLE =           0,
2025-06-13 21:53:49,489 - isca - DEBUG - DEFLATE_LEVEL   =          -1
2025-06-13 21:53:49,489 - isca - DEBUG - /
2025-06-13 21:53:49,490 - isca - DEBUG - NOTE from PE    0: MPP_IO_SET_STACK_SIZE: stack size set to     131072.
2025-06-13 21:53:49,491 - isca - DEBUG - NOTE from PE    0: MPP_DOMAINS_SET_STACK_SIZE: stack size set to   600000.
2025-06-13 21:53:49,499 - isca - DEBUG - starting            1  OpenMP threads per MPI-task
2025-06-13 21:53:49,501 - isca - DEBUG - ATMOS MODEL DOMAIN DECOMPOSITION
2025-06-13 21:53:49,501 - isca - DEBUG - X-AXIS =  128
2025-06-13 21:53:49,501 - isca - DEBUG - Y-AXIS =    4   4   4   4   4   4   4   4   4   4   4   4   4   4   4   4
2025-06-13 21:53:49,549 - isca - DEBUG - 
2025-06-13 21:53:49,549 - isca - WARNING - WARNING from PE   10: socrates_init: dt_rad does not fit into one day an integer number of times
2025-06-13 21:53:49,549 - isca - DEBUG - 
2025-06-13 21:53:49,549 - isca - DEBUG - 
2025-06-13 21:53:49,550 - isca - DEBUG - 
2025-06-13 21:53:49,550 - isca - WARNING - WARNING from PE   13: socrates_init: dt_rad does not fit into one day an integer number of times
2025-06-13 21:53:49,550 - isca - DEBUG - 
2025-06-13 21:53:49,550 - isca - WARNING - WARNING from PE   12: socrates_init: dt_rad does not fit into one day an integer number of times
2025-06-13 21:53:49,550 - isca - DEBUG - 
2025-06-13 21:53:49,550 - isca - DEBUG - 
2025-06-13 21:53:49,550 - isca - WARNING - WARNING from PE    9: socrates_init: dt_rad does not fit into one day an integer number of times
2025-06-13 21:53:49,550 - isca - DEBUG - 
2025-06-13 21:53:49,550 - isca - DEBUG - 
2025-06-13 21:53:49,550 - isca - WARNING - WARNING from PE   14: socrates_init: dt_rad does not fit into one day an integer number of times
2025-06-13 21:53:49,550 - isca - DEBUG - 
2025-06-13 21:53:49,550 - isca - DEBUG - 
2025-06-13 21:53:49,550 - isca - WARNING - WARNING from PE   15: socrates_init: dt_rad does not fit into one day an integer number of times
2025-06-13 21:53:49,550 - isca - DEBUG - 
2025-06-13 21:53:49,550 - isca - DEBUG - 
2025-06-13 21:53:49,550 - isca - WARNING - WARNING from PE   11: socrates_init: dt_rad does not fit into one day an integer number of times
2025-06-13 21:53:49,550 - isca - DEBUG - 
2025-06-13 21:53:49,550 - isca - DEBUG - 
2025-06-13 21:53:49,550 - isca - WARNING - WARNING from PE    8: socrates_init: dt_rad does not fit into one day an integer number of times
2025-06-13 21:53:49,550 - isca - DEBUG - 
2025-06-13 21:53:49,555 - isca - DEBUG - NOTE from PE    0: cloud_simple: Using SimCloud cloud scheme
2025-06-13 21:53:49,556 - isca - DEBUG - NOTE from PE    0: ls_cloud: Using linear cloud fraction diagnostic formula.
2025-06-13 21:53:49,556 - isca - DEBUG - NOTE from PE    0: cloud_cover: The cloud overlap assumption is MAXIMUM-RANDOM
2025-06-13 21:53:49,556 - isca - DEBUG - NOTE from PE    0: idealized_moist_phys: Using Frierson Quasi-Equilibrium convection scheme.
2025-06-13 21:53:49,561 - isca - DEBUG - 
2025-06-13 21:53:49,561 - isca - WARNING - WARNING from PE    7: socrates_init: dt_rad does not fit into one day an integer number of times
2025-06-13 21:53:49,561 - isca - DEBUG - 
2025-06-13 21:53:49,561 - isca - DEBUG - 
2025-06-13 21:53:49,561 - isca - WARNING - WARNING from PE    5: socrates_init: dt_rad does not fit into one day an integer number of times
2025-06-13 21:53:49,561 - isca - DEBUG - 
2025-06-13 21:53:49,561 - isca - DEBUG - 
2025-06-13 21:53:49,561 - isca - WARNING - WARNING from PE    6: socrates_init: dt_rad does not fit into one day an integer number of times
2025-06-13 21:53:49,561 - isca - DEBUG - 
2025-06-13 21:53:49,561 - isca - WARNING - WARNING from PE    2: socrates_init: dt_rad does not fit into one day an integer number of times
2025-06-13 21:53:49,561 - isca - DEBUG - 
2025-06-13 21:53:49,561 - isca - DEBUG - 
2025-06-13 21:53:49,561 - isca - WARNING - WARNING from PE    3: socrates_init: dt_rad does not fit into one day an integer number of times
2025-06-13 21:53:49,561 - isca - DEBUG - 
2025-06-13 21:53:49,561 - isca - DEBUG - 
2025-06-13 21:53:49,561 - isca - DEBUG - 
2025-06-13 21:53:49,561 - isca - WARNING - WARNING from PE    4: socrates_init: dt_rad does not fit into one day an integer number of times
2025-06-13 21:53:49,561 - isca - DEBUG - 
2025-06-13 21:53:49,561 - isca - DEBUG - 
2025-06-13 21:53:49,561 - isca - WARNING - WARNING from PE    1: socrates_init: dt_rad does not fit into one day an integer number of times
2025-06-13 21:53:49,561 - isca - DEBUG - 
2025-06-13 21:53:49,566 - isca - DEBUG - 
2025-06-13 21:53:49,566 - isca - WARNING - WARNING from PE    0: socrates_init: dt_rad does not fit into one day an integer number of times
2025-06-13 21:53:49,566 - isca - DEBUG - 
2025-06-13 21:53:49,566 - isca - DEBUG - 
2025-06-13 21:53:49,566 - isca - WARNING - WARNING from PE    0: socrates_init: dt_rad does not fit into one day an integer number of times
2025-06-13 21:53:49,566 - isca - DEBUG - 
2025-06-13 21:53:49,566 - isca - DEBUG - 
2025-06-13 21:53:49,566 - isca - WARNING - WARNING from PE    0: socrates_init: lw_hires_spectral_filename is unset, making equal to lw_spectral_filename
2025-06-13 21:53:49,566 - isca - DEBUG - 
2025-06-13 21:53:49,566 - isca - DEBUG - 
2025-06-13 21:53:49,566 - isca - WARNING - WARNING from PE    0: socrates_init: lw_hires_spectral_filename is unset, making equal to lw_spectral_filename
2025-06-13 21:53:49,566 - isca - DEBUG - 
2025-06-13 21:53:49,566 - isca - DEBUG - 
2025-06-13 21:53:49,566 - isca - WARNING - WARNING from PE    0: socrates_init: sw_hires_spectral_filename is unset, making equal to sw_spectral_filename
2025-06-13 21:53:49,566 - isca - DEBUG - 
2025-06-13 21:53:49,566 - isca - DEBUG - 
2025-06-13 21:53:49,566 - isca - WARNING - WARNING from PE    0: socrates_init: sw_hires_spectral_filename is unset, making equal to sw_spectral_filename
2025-06-13 21:53:49,566 - isca - DEBUG - 
2025-06-13 21:53:50,771 - isca - DEBUG - NOTE from PE    0: Interpolator: Using input file with no time dimension - ozone_1990_notime_zero.nc
2025-06-13 21:53:50,771 - isca - DEBUG - Initializing src field : ozone_1990
2025-06-13 21:53:50,773 - isca - DEBUG - 
2025-06-13 21:53:50,773 - isca - DEBUG - -----------------------------------
2025-06-13 21:53:50,773 - isca - DEBUG - ____                       _
2025-06-13 21:53:50,773 - isca - DEBUG - / ___|  ___   ___ _ __ __ _| |_ ___  ___
2025-06-13 21:53:50,773 - isca - DEBUG - \___ \ / _ \ / __|  __/ _` | __/ _ \/ __|
2025-06-13 21:53:50,773 - isca - DEBUG - ___) | (_) | (__| | | (_| | ||  __/\__ \
2025-06-13 21:53:50,773 - isca - DEBUG - |____/ \___/ \___|_|  \__,_|\__\___||___/
2025-06-13 21:53:50,773 - isca - DEBUG - 
2025-06-13 21:53:50,773 - isca - DEBUG - Initialised Socrates v17.03
2025-06-13 21:53:50,773 - isca - DEBUG - Stellar constant =    1950.00000000000
2025-06-13 21:53:50,773 - isca - DEBUG - Longwave spectral file =
2025-06-13 21:53:50,773 - isca - DEBUG - /proj/bolinc/users/x_ryabo/socrates_edited_for_isca/spectral_files_for_GCMs/Sun
2025-06-13 21:53:50,774 - isca - DEBUG - /miniSuran_lw.sf WITH           16  bands
2025-06-13 21:53:50,774 - isca - DEBUG - Longwave hires spectral file =
2025-06-13 21:53:50,774 - isca - DEBUG - /proj/bolinc/users/x_ryabo/socrates_edited_for_isca/spectral_files_for_GCMs/Sun
2025-06-13 21:53:50,774 - isca - DEBUG - /miniSuran_lw.sf WITH           16  bands
2025-06-13 21:53:50,774 - isca - DEBUG - Shortwave spectral file =
2025-06-13 21:53:50,774 - isca - DEBUG - /proj/bolinc/users/x_ryabo/socrates_edited_for_isca/spectral_files_for_GCMs/Sun
2025-06-13 21:53:50,774 - isca - DEBUG - /miniSuran_sw.sf WITH           16  bands
2025-06-13 21:53:50,774 - isca - DEBUG - Shortwave hires spectral file =
2025-06-13 21:53:50,774 - isca - DEBUG - /proj/bolinc/users/x_ryabo/socrates_edited_for_isca/spectral_files_for_GCMs/Sun
2025-06-13 21:53:50,774 - isca - DEBUG - /miniSuran_sw.sf WITH           16  bands
2025-06-13 21:53:50,774 - isca - DEBUG - 
2025-06-13 21:53:50,774 - isca - DEBUG - -----------------------------------
2025-06-13 21:53:50,774 - isca - DEBUG - 
2025-06-13 21:54:37,535 - isca - DEBUG - Integration completed through 21691 days     0 seconds
2025-06-13 21:55:24,159 - isca - DEBUG - Integration completed through 21692 days     0 seconds
2025-06-13 21:56:10,421 - isca - DEBUG - Integration completed through 21693 days     0 seconds
2025-06-13 21:56:56,725 - isca - DEBUG - Integration completed through 21694 days     0 seconds
2025-06-13 21:57:42,676 - isca - DEBUG - Integration completed through 21695 days     0 seconds
2025-06-13 21:58:28,486 - isca - DEBUG - Integration completed through 21696 days     0 seconds
2025-06-13 21:59:14,554 - isca - DEBUG - Integration completed through 21697 days     0 seconds
2025-06-13 22:00:00,969 - isca - DEBUG - Integration completed through 21698 days     0 seconds
2025-06-13 22:00:47,571 - isca - DEBUG - Integration completed through 21699 days     0 seconds
2025-06-13 22:01:34,122 - isca - DEBUG - Integration completed through 21700 days     0 seconds
2025-06-13 22:02:20,448 - isca - DEBUG - Integration completed through 21701 days     0 seconds
2025-06-13 22:03:06,784 - isca - DEBUG - Integration completed through 21702 days     0 seconds
2025-06-13 22:03:53,285 - isca - DEBUG - Integration completed through 21703 days     0 seconds
2025-06-13 22:04:39,591 - isca - DEBUG - Integration completed through 21704 days     0 seconds
2025-06-13 22:05:25,916 - isca - DEBUG - Integration completed through 21705 days     0 seconds
2025-06-13 22:06:12,310 - isca - DEBUG - Integration completed through 21706 days     0 seconds
2025-06-13 22:06:58,722 - isca - DEBUG - Integration completed through 21707 days     0 seconds
2025-06-13 22:07:44,777 - isca - DEBUG - Integration completed through 21708 days     0 seconds
2025-06-13 22:08:31,233 - isca - DEBUG - Integration completed through 21709 days     0 seconds
2025-06-13 22:09:17,665 - isca - DEBUG - Integration completed through 21710 days     0 seconds
2025-06-13 22:10:04,044 - isca - DEBUG - Integration completed through 21711 days     0 seconds
2025-06-13 22:10:50,374 - isca - DEBUG - Integration completed through 21712 days     0 seconds
2025-06-13 22:11:36,775 - isca - DEBUG - Integration completed through 21713 days     0 seconds
2025-06-13 22:12:23,514 - isca - DEBUG - Integration completed through 21714 days     0 seconds
2025-06-13 22:13:09,943 - isca - DEBUG - Integration completed through 21715 days     0 seconds
2025-06-13 22:13:56,547 - isca - DEBUG - Integration completed through 21716 days     0 seconds
2025-06-13 22:14:43,353 - isca - DEBUG - Integration completed through 21717 days     0 seconds
2025-06-13 22:15:29,601 - isca - DEBUG - Integration completed through 21718 days     0 seconds
2025-06-13 22:16:15,672 - isca - DEBUG - Integration completed through 21719 days     0 seconds
2025-06-13 22:17:01,728 - isca - DEBUG - Integration completed through 21720 days     0 seconds
2025-06-13 22:17:01,734 - isca - DEBUG - 
2025-06-13 22:17:01,734 - isca - WARNING - WARNING from PE    0: diag_util_mod::opening_file: module/field_name (socrates/soc_toa_sw_down_clr) NOT registered
2025-06-13 22:17:01,734 - isca - DEBUG - 
2025-06-13 22:17:01,734 - isca - DEBUG - 
2025-06-13 22:17:01,734 - isca - WARNING - WARNING from PE    0: diag_util_mod::opening_file: module/field_name (cloud_simple/rh_min) NOT registered
2025-06-13 22:17:01,734 - isca - DEBUG - 
2025-06-13 22:17:01,734 - isca - DEBUG - 
2025-06-13 22:17:01,734 - isca - WARNING - WARNING from PE    0: diag_util_mod::opening_file: module/field_name (socrates/soc_toa_sw_down_clr) NOT registered
2025-06-13 22:17:01,734 - isca - DEBUG - 
2025-06-13 22:17:01,734 - isca - DEBUG - 
2025-06-13 22:17:01,735 - isca - WARNING - WARNING from PE    0: diag_util_mod::opening_file: module/field_name (cloud_simple/rh_min) NOT registered
2025-06-13 22:17:01,735 - isca - DEBUG - 
2025-06-13 22:17:01,745 - isca - DEBUG - NOTE from PE    0: MPP_IO_SET_STACK_SIZE: stack size set to     393216.
2025-06-13 22:17:01,893 - isca - DEBUG - MPP_DOMAINS_STACK high water mark=       49152
2025-06-13 22:17:01,894 - isca - DEBUG - 
2025-06-13 22:17:01,894 - isca - DEBUG - Tabulating mpp_clock statistics across     16 PEs...
2025-06-13 22:17:01,894 - isca - DEBUG - 
2025-06-13 22:17:01,894 - isca - DEBUG - tmin          tmax          tavg          tstd  tfrac grain pemin pemax
2025-06-13 22:17:01,894 - isca - DEBUG - Total runtime                      1392.401088   1392.409905   1392.406437      0.002387  1.000     0     0    15
2025-06-13 22:17:01,894 - isca - DEBUG - MPP_STACK high water mark=           0
2025-06-13 22:17:02,014 - isca - INFO - Run 724 complete
2025-06-13 22:17:02,835 - isca - DEBUG - atmos_monthly.nc combined and copied to data directory
2025-06-13 22:17:06,066 - isca - INFO - Restart archive created at /proj/bolinc/users/x_ryabo/Isca-Ryan_outputs/presentday_1540_Sun_noO3_1950/restarts/res0724.tar.gz
2025-06-13 22:17:06,077 - isca - INFO - Writing namelist to '/proj/bolinc/users/x_ryabo/Isca-Ryan_outputs/presentday_1540_Sun_noO3_1950/run0724/input.nml'
2025-06-13 22:17:06,080 - isca - INFO - Writing field_table to '/proj/bolinc/users/x_ryabo/Isca-Ryan_outputs/presentday_1540_Sun_noO3_1950/run0724/field_table'
2025-06-13 22:17:06,090 - isca - INFO - Writing diag_table to '/proj/bolinc/users/x_ryabo/Isca-Ryan_outputs/presentday_1540_Sun_noO3_1950/run0724/diag_table'
2025-06-13 22:17:06,324 - isca - INFO - Emptied run directory '/home/x_ryabo/Isca-Ryan_tmp/experiment/presentday_1540_Sun_noO3_1950/run'
2025-06-13 22:17:06,341 - isca - INFO - Emptied run directory '/home/x_ryabo/Isca-Ryan_tmp/experiment/presentday_1540_Sun_noO3_1950/run'
2025-06-13 22:17:06,552 - isca - INFO - Writing namelist to '/home/x_ryabo/Isca-Ryan_tmp/experiment/presentday_1540_Sun_noO3_1950/run/input.nml'
2025-06-13 22:17:06,554 - isca - INFO - Writing field_table to '/home/x_ryabo/Isca-Ryan_tmp/experiment/presentday_1540_Sun_noO3_1950/run/field_table'
2025-06-13 22:17:06,566 - isca - INFO - Writing diag_table to '/home/x_ryabo/Isca-Ryan_tmp/experiment/presentday_1540_Sun_noO3_1950/run/diag_table'
2025-06-13 22:17:06,578 - isca - INFO - Using restart file '/proj/bolinc/users/x_ryabo/Isca-Ryan_outputs/presentday_1540_Sun_noO3_1950/restarts/res0724.tar.gz'
2025-06-13 22:17:06,994 - isca - INFO - Restart /proj/bolinc/users/x_ryabo/Isca-Ryan_outputs/presentday_1540_Sun_noO3_1950/restarts/res0724.tar.gz extracted to /home/x_ryabo/Isca-Ryan_tmp/experiment/presentday_1540_Sun_noO3_1950/run/INPUT
2025-06-13 22:17:06,995 - isca - INFO - Beginning run 725
2025-06-13 22:17:07,005 - isca - INFO - process running as 1007861
2025-06-13 22:17:07,006 - isca - DEBUG - loadmodules for Isca on NSC cluster Tetralith
2025-06-13 22:17:07,006 - isca - DEBUG - mpiifort
2025-06-13 22:17:07,104 - isca - DEBUG - The following modules were not unloaded:
2025-06-13 22:17:07,104 - isca - DEBUG - (Use "module --force purge" to unload all):
2025-06-13 22:17:07,104 - isca - DEBUG - 
2025-06-13 22:17:07,104 - isca - DEBUG - 1) hpc/.1.10.1
2025-06-13 22:17:07,200 - isca - DEBUG - ***************************************************
2025-06-13 22:17:07,200 - isca - DEBUG - You have loaded a buildenv module
2025-06-13 22:17:07,200 - isca - DEBUG - ***************************************************
2025-06-13 22:17:07,200 - isca - DEBUG - The buldenv-intel module makes available:
2025-06-13 22:17:07,200 - isca - DEBUG - - Compilers: icc, ifort, etc.
2025-06-13 22:17:07,200 - isca - DEBUG - - Mpi library with mpi-wrapped compilers: intel mpi with mpicc, mpifort, etc.
2025-06-13 22:17:07,200 - isca - DEBUG - - Numerical libraries: intel MKL
2025-06-13 22:17:07,200 - isca - DEBUG - 
2025-06-13 22:17:07,200 - isca - DEBUG - It also makes a set of dependency library modules available via
2025-06-13 22:17:07,200 - isca - DEBUG - the regular module command. Just do:
2025-06-13 22:17:07,200 - isca - DEBUG - module avail
2025-06-13 22:17:07,200 - isca - DEBUG - to see what is available.
2025-06-13 22:17:07,200 - isca - DEBUG - 
2025-06-13 22:17:07,200 - isca - DEBUG - NOTE: You shoud never load build environments inside submitted jobs.
2025-06-13 22:17:07,200 - isca - DEBUG - (with the single exception of when using supercomputer time to compile code.)
2025-06-13 22:17:07,200 - isca - DEBUG - 
2025-06-13 22:17:08,423 - isca - DEBUG - NOTE from PE    0: MPP_DOMAINS_SET_STACK_SIZE: stack size set to    32768.
2025-06-13 22:17:08,423 - isca - DEBUG - &MPP_IO_NML
2025-06-13 22:17:08,423 - isca - DEBUG - HEADER_BUFFER_VAL       =       16384,
2025-06-13 22:17:08,423 - isca - DEBUG - GLOBAL_FIELD_ON_ROOT_PE = T,
2025-06-13 22:17:08,423 - isca - DEBUG - IO_CLOCKS_ON    = F,
2025-06-13 22:17:08,423 - isca - DEBUG - SHUFFLE =           0,
2025-06-13 22:17:08,423 - isca - DEBUG - DEFLATE_LEVEL   =          -1
2025-06-13 22:17:08,423 - isca - DEBUG - /
2025-06-13 22:17:08,425 - isca - DEBUG - NOTE from PE    0: MPP_IO_SET_STACK_SIZE: stack size set to     131072.
2025-06-13 22:17:08,426 - isca - DEBUG - NOTE from PE    0: MPP_DOMAINS_SET_STACK_SIZE: stack size set to   600000.
2025-06-13 22:17:08,434 - isca - DEBUG - starting            1  OpenMP threads per MPI-task
2025-06-13 22:17:08,436 - isca - DEBUG - ATMOS MODEL DOMAIN DECOMPOSITION
2025-06-13 22:17:08,436 - isca - DEBUG - X-AXIS =  128
2025-06-13 22:17:08,436 - isca - DEBUG - Y-AXIS =    4   4   4   4   4   4   4   4   4   4   4   4   4   4   4   4
2025-06-13 22:17:08,487 - isca - DEBUG - NOTE from PE    0: cloud_simple: Using SimCloud cloud scheme
2025-06-13 22:17:08,488 - isca - DEBUG - NOTE from PE    0: ls_cloud: Using linear cloud fraction diagnostic formula.
2025-06-13 22:17:08,489 - isca - DEBUG - NOTE from PE    0: cloud_cover: The cloud overlap assumption is MAXIMUM-RANDOM
2025-06-13 22:17:08,489 - isca - DEBUG - NOTE from PE    0: idealized_moist_phys: Using Frierson Quasi-Equilibrium convection scheme.
2025-06-13 22:17:08,489 - isca - DEBUG - 
2025-06-13 22:17:08,489 - isca - DEBUG - 
2025-06-13 22:17:08,489 - isca - WARNING - WARNING from PE    9: socrates_init: dt_rad does not fit into one day an integer number of times
2025-06-13 22:17:08,489 - isca - DEBUG - 
2025-06-13 22:17:08,489 - isca - WARNING - WARNING from PE   13: socrates_init: dt_rad does not fit into one day an integer number of times
2025-06-13 22:17:08,489 - isca - DEBUG - 
2025-06-13 22:17:08,489 - isca - DEBUG - 
2025-06-13 22:17:08,489 - isca - WARNING - WARNING from PE   12: socrates_init: dt_rad does not fit into one day an integer number of times
2025-06-13 22:17:08,489 - isca - DEBUG - 
2025-06-13 22:17:08,490 - isca - DEBUG - 
2025-06-13 22:17:08,490 - isca - DEBUG - 
2025-06-13 22:17:08,490 - isca - WARNING - WARNING from PE   14: socrates_init: dt_rad does not fit into one day an integer number of times
2025-06-13 22:17:08,490 - isca - DEBUG - 
2025-06-13 22:17:08,490 - isca - DEBUG - 
2025-06-13 22:17:08,490 - isca - WARNING - WARNING from PE   15: socrates_init: dt_rad does not fit into one day an integer number of times
2025-06-13 22:17:08,490 - isca - DEBUG - 
2025-06-13 22:17:08,490 - isca - WARNING - WARNING from PE    8: socrates_init: dt_rad does not fit into one day an integer number of times
2025-06-13 22:17:08,490 - isca - DEBUG - 
2025-06-13 22:17:08,490 - isca - DEBUG - 
2025-06-13 22:17:08,490 - isca - DEBUG - 
2025-06-13 22:17:08,490 - isca - WARNING - WARNING from PE   11: socrates_init: dt_rad does not fit into one day an integer number of times
2025-06-13 22:17:08,490 - isca - DEBUG - 
2025-06-13 22:17:08,490 - isca - WARNING - WARNING from PE   10: socrates_init: dt_rad does not fit into one day an integer number of times
2025-06-13 22:17:08,490 - isca - DEBUG - 
2025-06-13 22:17:08,492 - isca - DEBUG - 
2025-06-13 22:17:08,492 - isca - WARNING - WARNING from PE    1: socrates_init: dt_rad does not fit into one day an integer number of times
2025-06-13 22:17:08,492 - isca - DEBUG - 
2025-06-13 22:17:08,492 - isca - DEBUG - 
2025-06-13 22:17:08,492 - isca - WARNING - WARNING from PE    3: socrates_init: dt_rad does not fit into one day an integer number of times
2025-06-13 22:17:08,492 - isca - DEBUG - 
2025-06-13 22:17:08,493 - isca - DEBUG - 
2025-06-13 22:17:08,493 - isca - WARNING - WARNING from PE    6: socrates_init: dt_rad does not fit into one day an integer number of times
2025-06-13 22:17:08,493 - isca - DEBUG - 
2025-06-13 22:17:08,493 - isca - DEBUG - 
2025-06-13 22:17:08,493 - isca - DEBUG - 
2025-06-13 22:17:08,493 - isca - WARNING - WARNING from PE    4: socrates_init: dt_rad does not fit into one day an integer number of times
2025-06-13 22:17:08,493 - isca - DEBUG - 
2025-06-13 22:17:08,493 - isca - WARNING - WARNING from PE    5: socrates_init: dt_rad does not fit into one day an integer number of times
2025-06-13 22:17:08,493 - isca - DEBUG - 
2025-06-13 22:17:08,493 - isca - DEBUG - 
2025-06-13 22:17:08,493 - isca - WARNING - WARNING from PE    7: socrates_init: dt_rad does not fit into one day an integer number of times
2025-06-13 22:17:08,493 - isca - DEBUG - 
2025-06-13 22:17:08,493 - isca - DEBUG - 
2025-06-13 22:17:08,493 - isca - WARNING - WARNING from PE    2: socrates_init: dt_rad does not fit into one day an integer number of times
2025-06-13 22:17:08,493 - isca - DEBUG - 
2025-06-13 22:17:08,498 - isca - DEBUG - 
2025-06-13 22:17:08,498 - isca - WARNING - WARNING from PE    0: socrates_init: dt_rad does not fit into one day an integer number of times
2025-06-13 22:17:08,498 - isca - DEBUG - 
2025-06-13 22:17:08,498 - isca - DEBUG - 
2025-06-13 22:17:08,498 - isca - WARNING - WARNING from PE    0: socrates_init: dt_rad does not fit into one day an integer number of times
2025-06-13 22:17:08,498 - isca - DEBUG - 
2025-06-13 22:17:08,498 - isca - DEBUG - 
2025-06-13 22:17:08,498 - isca - WARNING - WARNING from PE    0: socrates_init: lw_hires_spectral_filename is unset, making equal to lw_spectral_filename
2025-06-13 22:17:08,498 - isca - DEBUG - 
2025-06-13 22:17:08,498 - isca - DEBUG - 
2025-06-13 22:17:08,498 - isca - WARNING - WARNING from PE    0: socrates_init: lw_hires_spectral_filename is unset, making equal to lw_spectral_filename
2025-06-13 22:17:08,498 - isca - DEBUG - 
2025-06-13 22:17:08,498 - isca - DEBUG - 
2025-06-13 22:17:08,498 - isca - WARNING - WARNING from PE    0: socrates_init: sw_hires_spectral_filename is unset, making equal to sw_spectral_filename
2025-06-13 22:17:08,498 - isca - DEBUG - 
2025-06-13 22:17:08,498 - isca - DEBUG - 
2025-06-13 22:17:08,498 - isca - WARNING - WARNING from PE    0: socrates_init: sw_hires_spectral_filename is unset, making equal to sw_spectral_filename
2025-06-13 22:17:08,498 - isca - DEBUG - 
2025-06-13 22:17:09,692 - isca - DEBUG - NOTE from PE    0: Interpolator: Using input file with no time dimension - ozone_1990_notime_zero.nc
2025-06-13 22:17:09,692 - isca - DEBUG - Initializing src field : ozone_1990
2025-06-13 22:17:09,695 - isca - DEBUG - 
2025-06-13 22:17:09,695 - isca - DEBUG - -----------------------------------
2025-06-13 22:17:09,695 - isca - DEBUG - ____                       _
2025-06-13 22:17:09,695 - isca - DEBUG - / ___|  ___   ___ _ __ __ _| |_ ___  ___
2025-06-13 22:17:09,695 - isca - DEBUG - \___ \ / _ \ / __|  __/ _` | __/ _ \/ __|
2025-06-13 22:17:09,695 - isca - DEBUG - ___) | (_) | (__| | | (_| | ||  __/\__ \
2025-06-13 22:17:09,695 - isca - DEBUG - |____/ \___/ \___|_|  \__,_|\__\___||___/
2025-06-13 22:17:09,695 - isca - DEBUG - 
2025-06-13 22:17:09,695 - isca - DEBUG - Initialised Socrates v17.03
2025-06-13 22:17:09,695 - isca - DEBUG - Stellar constant =    1950.00000000000
2025-06-13 22:17:09,695 - isca - DEBUG - Longwave spectral file =
2025-06-13 22:17:09,695 - isca - DEBUG - /proj/bolinc/users/x_ryabo/socrates_edited_for_isca/spectral_files_for_GCMs/Sun
2025-06-13 22:17:09,695 - isca - DEBUG - /miniSuran_lw.sf WITH           16  bands
2025-06-13 22:17:09,695 - isca - DEBUG - Longwave hires spectral file =
2025-06-13 22:17:09,695 - isca - DEBUG - /proj/bolinc/users/x_ryabo/socrates_edited_for_isca/spectral_files_for_GCMs/Sun
2025-06-13 22:17:09,695 - isca - DEBUG - /miniSuran_lw.sf WITH           16  bands
2025-06-13 22:17:09,695 - isca - DEBUG - Shortwave spectral file =
2025-06-13 22:17:09,695 - isca - DEBUG - /proj/bolinc/users/x_ryabo/socrates_edited_for_isca/spectral_files_for_GCMs/Sun
2025-06-13 22:17:09,695 - isca - DEBUG - /miniSuran_sw.sf WITH           16  bands
2025-06-13 22:17:09,695 - isca - DEBUG - Shortwave hires spectral file =
2025-06-13 22:17:09,695 - isca - DEBUG - /proj/bolinc/users/x_ryabo/socrates_edited_for_isca/spectral_files_for_GCMs/Sun
2025-06-13 22:17:09,695 - isca - DEBUG - /miniSuran_sw.sf WITH           16  bands
2025-06-13 22:17:09,695 - isca - DEBUG - 
2025-06-13 22:17:09,695 - isca - DEBUG - -----------------------------------
2025-06-13 22:17:09,695 - isca - DEBUG - 
2025-06-13 22:17:55,718 - isca - DEBUG - Integration completed through 21721 days     0 seconds
2025-06-13 22:18:41,925 - isca - DEBUG - Integration completed through 21722 days     0 seconds
2025-06-13 22:19:28,203 - isca - DEBUG - Integration completed through 21723 days     0 seconds
2025-06-13 22:20:14,284 - isca - DEBUG - Integration completed through 21724 days     0 seconds
2025-06-13 22:21:00,296 - isca - DEBUG - Integration completed through 21725 days     0 seconds
2025-06-13 22:21:46,428 - isca - DEBUG - Integration completed through 21726 days     0 seconds
2025-06-13 22:22:32,273 - isca - DEBUG - Integration completed through 21727 days     0 seconds
2025-06-13 22:23:18,089 - isca - DEBUG - Integration completed through 21728 days     0 seconds
2025-06-13 22:24:04,059 - isca - DEBUG - Integration completed through 21729 days     0 seconds
2025-06-13 22:24:50,033 - isca - DEBUG - Integration completed through 21730 days     0 seconds
2025-06-13 22:25:36,143 - isca - DEBUG - Integration completed through 21731 days     0 seconds
2025-06-13 22:26:22,253 - isca - DEBUG - Integration completed through 21732 days     0 seconds
2025-06-13 22:27:08,342 - isca - DEBUG - Integration completed through 21733 days     0 seconds
2025-06-13 22:27:53,899 - isca - DEBUG - Integration completed through 21734 days     0 seconds
2025-06-13 22:28:39,455 - isca - DEBUG - Integration completed through 21735 days     0 seconds
2025-06-13 22:29:25,743 - isca - DEBUG - Integration completed through 21736 days     0 seconds
2025-06-13 22:30:12,232 - isca - DEBUG - Integration completed through 21737 days     0 seconds
2025-06-13 22:30:58,460 - isca - DEBUG - Integration completed through 21738 days     0 seconds
2025-06-13 22:31:44,840 - isca - DEBUG - Integration completed through 21739 days     0 seconds
2025-06-13 22:32:31,573 - isca - DEBUG - Integration completed through 21740 days     0 seconds
2025-06-13 22:33:18,395 - isca - DEBUG - Integration completed through 21741 days     0 seconds
2025-06-13 22:34:05,121 - isca - DEBUG - Integration completed through 21742 days     0 seconds
2025-06-13 22:34:51,883 - isca - DEBUG - Integration completed through 21743 days     0 seconds
2025-06-13 22:35:38,576 - isca - DEBUG - Integration completed through 21744 days     0 seconds
2025-06-13 22:36:25,283 - isca - DEBUG - Integration completed through 21745 days     0 seconds
2025-06-13 22:37:12,024 - isca - DEBUG - Integration completed through 21746 days     0 seconds
2025-06-13 22:37:58,696 - isca - DEBUG - Integration completed through 21747 days     0 seconds
2025-06-13 22:38:45,558 - isca - DEBUG - Integration completed through 21748 days     0 seconds
2025-06-13 22:39:32,143 - isca - DEBUG - Integration completed through 21749 days     0 seconds
2025-06-13 22:40:18,503 - isca - DEBUG - Integration completed through 21750 days     0 seconds
2025-06-13 22:40:18,511 - isca - DEBUG - 
2025-06-13 22:40:18,511 - isca - WARNING - WARNING from PE    0: diag_util_mod::opening_file: module/field_name (socrates/soc_toa_sw_down_clr) NOT registered
2025-06-13 22:40:18,511 - isca - DEBUG - 
2025-06-13 22:40:18,511 - isca - DEBUG - 
2025-06-13 22:40:18,511 - isca - WARNING - WARNING from PE    0: diag_util_mod::opening_file: module/field_name (socrates/soc_toa_sw_down_clr) NOT registered
2025-06-13 22:40:18,511 - isca - DEBUG - 
2025-06-13 22:40:18,511 - isca - DEBUG - 
2025-06-13 22:40:18,511 - isca - WARNING - WARNING from PE    0: diag_util_mod::opening_file: module/field_name (cloud_simple/rh_min) NOT registered
2025-06-13 22:40:18,511 - isca - DEBUG - 
2025-06-13 22:40:18,511 - isca - DEBUG - 
2025-06-13 22:40:18,511 - isca - WARNING - WARNING from PE    0: diag_util_mod::opening_file: module/field_name (cloud_simple/rh_min) NOT registered
2025-06-13 22:40:18,511 - isca - DEBUG - 
2025-06-13 22:40:18,522 - isca - DEBUG - NOTE from PE    0: MPP_IO_SET_STACK_SIZE: stack size set to     393216.
2025-06-13 22:40:18,622 - isca - DEBUG - MPP_DOMAINS_STACK high water mark=       49152
2025-06-13 22:40:18,623 - isca - DEBUG - 
2025-06-13 22:40:18,623 - isca - DEBUG - Tabulating mpp_clock statistics across     16 PEs...
2025-06-13 22:40:18,623 - isca - DEBUG - 
2025-06-13 22:40:18,623 - isca - DEBUG - tmin          tmax          tavg          tstd  tfrac grain pemin pemax
2025-06-13 22:40:18,623 - isca - DEBUG - Total runtime                      1390.197488   1390.205796   1390.201764      0.002338  1.000     0     0    15
2025-06-13 22:40:18,623 - isca - DEBUG - MPP_STACK high water mark=           0
2025-06-13 22:40:18,805 - isca - INFO - Run 725 complete
2025-06-13 22:40:19,680 - isca - DEBUG - atmos_monthly.nc combined and copied to data directory
2025-06-13 22:40:22,936 - isca - INFO - Restart archive created at /proj/bolinc/users/x_ryabo/Isca-Ryan_outputs/presentday_1540_Sun_noO3_1950/restarts/res0725.tar.gz
2025-06-13 22:40:22,947 - isca - INFO - Writing namelist to '/proj/bolinc/users/x_ryabo/Isca-Ryan_outputs/presentday_1540_Sun_noO3_1950/run0725/input.nml'
2025-06-13 22:40:22,949 - isca - INFO - Writing field_table to '/proj/bolinc/users/x_ryabo/Isca-Ryan_outputs/presentday_1540_Sun_noO3_1950/run0725/field_table'
2025-06-13 22:40:22,960 - isca - INFO - Writing diag_table to '/proj/bolinc/users/x_ryabo/Isca-Ryan_outputs/presentday_1540_Sun_noO3_1950/run0725/diag_table'
2025-06-13 22:40:23,197 - isca - INFO - Emptied run directory '/home/x_ryabo/Isca-Ryan_tmp/experiment/presentday_1540_Sun_noO3_1950/run'
2025-06-13 22:40:23,215 - isca - INFO - Emptied run directory '/home/x_ryabo/Isca-Ryan_tmp/experiment/presentday_1540_Sun_noO3_1950/run'
2025-06-13 22:40:23,426 - isca - INFO - Writing namelist to '/home/x_ryabo/Isca-Ryan_tmp/experiment/presentday_1540_Sun_noO3_1950/run/input.nml'
2025-06-13 22:40:23,428 - isca - INFO - Writing field_table to '/home/x_ryabo/Isca-Ryan_tmp/experiment/presentday_1540_Sun_noO3_1950/run/field_table'
2025-06-13 22:40:23,439 - isca - INFO - Writing diag_table to '/home/x_ryabo/Isca-Ryan_tmp/experiment/presentday_1540_Sun_noO3_1950/run/diag_table'
2025-06-13 22:40:23,451 - isca - INFO - Using restart file '/proj/bolinc/users/x_ryabo/Isca-Ryan_outputs/presentday_1540_Sun_noO3_1950/restarts/res0725.tar.gz'
2025-06-13 22:40:23,866 - isca - INFO - Restart /proj/bolinc/users/x_ryabo/Isca-Ryan_outputs/presentday_1540_Sun_noO3_1950/restarts/res0725.tar.gz extracted to /home/x_ryabo/Isca-Ryan_tmp/experiment/presentday_1540_Sun_noO3_1950/run/INPUT
2025-06-13 22:40:23,867 - isca - INFO - Beginning run 726
2025-06-13 22:40:23,880 - isca - INFO - process running as 1008973
2025-06-13 22:40:23,880 - isca - DEBUG - loadmodules for Isca on NSC cluster Tetralith
2025-06-13 22:40:23,880 - isca - DEBUG - mpiifort
2025-06-13 22:40:23,977 - isca - DEBUG - The following modules were not unloaded:
2025-06-13 22:40:23,977 - isca - DEBUG - (Use "module --force purge" to unload all):
2025-06-13 22:40:23,977 - isca - DEBUG - 
2025-06-13 22:40:23,977 - isca - DEBUG - 1) hpc/.1.10.1
2025-06-13 22:40:24,074 - isca - DEBUG - ***************************************************
2025-06-13 22:40:24,074 - isca - DEBUG - You have loaded a buildenv module
2025-06-13 22:40:24,075 - isca - DEBUG - ***************************************************
2025-06-13 22:40:24,075 - isca - DEBUG - The buldenv-intel module makes available:
2025-06-13 22:40:24,075 - isca - DEBUG - - Compilers: icc, ifort, etc.
2025-06-13 22:40:24,075 - isca - DEBUG - - Mpi library with mpi-wrapped compilers: intel mpi with mpicc, mpifort, etc.
2025-06-13 22:40:24,075 - isca - DEBUG - - Numerical libraries: intel MKL
2025-06-13 22:40:24,075 - isca - DEBUG - 
2025-06-13 22:40:24,075 - isca - DEBUG - It also makes a set of dependency library modules available via
2025-06-13 22:40:24,075 - isca - DEBUG - the regular module command. Just do:
2025-06-13 22:40:24,075 - isca - DEBUG - module avail
2025-06-13 22:40:24,075 - isca - DEBUG - to see what is available.
2025-06-13 22:40:24,075 - isca - DEBUG - 
2025-06-13 22:40:24,075 - isca - DEBUG - NOTE: You shoud never load build environments inside submitted jobs.
2025-06-13 22:40:24,075 - isca - DEBUG - (with the single exception of when using supercomputer time to compile code.)
2025-06-13 22:40:24,075 - isca - DEBUG - 
2025-06-13 22:40:25,289 - isca - DEBUG - NOTE from PE    0: MPP_DOMAINS_SET_STACK_SIZE: stack size set to    32768.
2025-06-13 22:40:25,290 - isca - DEBUG - &MPP_IO_NML
2025-06-13 22:40:25,290 - isca - DEBUG - HEADER_BUFFER_VAL       =       16384,
2025-06-13 22:40:25,290 - isca - DEBUG - GLOBAL_FIELD_ON_ROOT_PE = T,
2025-06-13 22:40:25,290 - isca - DEBUG - IO_CLOCKS_ON    = F,
2025-06-13 22:40:25,290 - isca - DEBUG - SHUFFLE =           0,
2025-06-13 22:40:25,290 - isca - DEBUG - DEFLATE_LEVEL   =          -1
2025-06-13 22:40:25,290 - isca - DEBUG - /
2025-06-13 22:40:25,291 - isca - DEBUG - NOTE from PE    0: MPP_IO_SET_STACK_SIZE: stack size set to     131072.
2025-06-13 22:40:25,292 - isca - DEBUG - NOTE from PE    0: MPP_DOMAINS_SET_STACK_SIZE: stack size set to   600000.
2025-06-13 22:40:25,301 - isca - DEBUG - starting            1  OpenMP threads per MPI-task
2025-06-13 22:40:25,303 - isca - DEBUG - ATMOS MODEL DOMAIN DECOMPOSITION
2025-06-13 22:40:25,303 - isca - DEBUG - X-AXIS =  128
2025-06-13 22:40:25,303 - isca - DEBUG - Y-AXIS =    4   4   4   4   4   4   4   4   4   4   4   4   4   4   4   4
2025-06-13 22:40:25,350 - isca - DEBUG - 
2025-06-13 22:40:25,351 - isca - DEBUG - 
2025-06-13 22:40:25,351 - isca - WARNING - WARNING from PE   15: socrates_init: dt_rad does not fit into one day an integer number of times
2025-06-13 22:40:25,351 - isca - DEBUG - 
2025-06-13 22:40:25,351 - isca - WARNING - WARNING from PE   14: socrates_init: dt_rad does not fit into one day an integer number of times
2025-06-13 22:40:25,351 - isca - DEBUG - 
2025-06-13 22:40:25,351 - isca - DEBUG - 
2025-06-13 22:40:25,351 - isca - WARNING - WARNING from PE    9: socrates_init: dt_rad does not fit into one day an integer number of times
2025-06-13 22:40:25,351 - isca - DEBUG - 
2025-06-13 22:40:25,351 - isca - DEBUG - 
2025-06-13 22:40:25,351 - isca - WARNING - WARNING from PE   11: socrates_init: dt_rad does not fit into one day an integer number of times
2025-06-13 22:40:25,351 - isca - DEBUG - 
2025-06-13 22:40:25,351 - isca - DEBUG - 
2025-06-13 22:40:25,351 - isca - WARNING - WARNING from PE    8: socrates_init: dt_rad does not fit into one day an integer number of times
2025-06-13 22:40:25,351 - isca - DEBUG - 
2025-06-13 22:40:25,351 - isca - DEBUG - 
2025-06-13 22:40:25,351 - isca - DEBUG - 
2025-06-13 22:40:25,351 - isca - WARNING - WARNING from PE   12: socrates_init: dt_rad does not fit into one day an integer number of times
2025-06-13 22:40:25,351 - isca - DEBUG - 
2025-06-13 22:40:25,351 - isca - WARNING - WARNING from PE   13: socrates_init: dt_rad does not fit into one day an integer number of times
2025-06-13 22:40:25,351 - isca - DEBUG - 
2025-06-13 22:40:25,352 - isca - DEBUG - 
2025-06-13 22:40:25,352 - isca - WARNING - WARNING from PE   10: socrates_init: dt_rad does not fit into one day an integer number of times
2025-06-13 22:40:25,352 - isca - DEBUG - 
2025-06-13 22:40:25,355 - isca - DEBUG - NOTE from PE    0: cloud_simple: Using SimCloud cloud scheme
2025-06-13 22:40:25,357 - isca - DEBUG - NOTE from PE    0: ls_cloud: Using linear cloud fraction diagnostic formula.
2025-06-13 22:40:25,357 - isca - DEBUG - NOTE from PE    0: cloud_cover: The cloud overlap assumption is MAXIMUM-RANDOM
2025-06-13 22:40:25,358 - isca - DEBUG - NOTE from PE    0: idealized_moist_phys: Using Frierson Quasi-Equilibrium convection scheme.
2025-06-13 22:40:25,361 - isca - DEBUG - 
2025-06-13 22:40:25,361 - isca - DEBUG - 
2025-06-13 22:40:25,361 - isca - WARNING - WARNING from PE    4: socrates_init: dt_rad does not fit into one day an integer number of times
2025-06-13 22:40:25,361 - isca - DEBUG - 
2025-06-13 22:40:25,361 - isca - WARNING - WARNING from PE    3: socrates_init: dt_rad does not fit into one day an integer number of times
2025-06-13 22:40:25,361 - isca - DEBUG - 
2025-06-13 22:40:25,361 - isca - DEBUG - 
2025-06-13 22:40:25,361 - isca - WARNING - WARNING from PE    5: socrates_init: dt_rad does not fit into one day an integer number of times
2025-06-13 22:40:25,361 - isca - DEBUG - 
2025-06-13 22:40:25,362 - isca - DEBUG - 
2025-06-13 22:40:25,362 - isca - WARNING - WARNING from PE    7: socrates_init: dt_rad does not fit into one day an integer number of times
2025-06-13 22:40:25,362 - isca - DEBUG - 
2025-06-13 22:40:25,362 - isca - DEBUG - 
2025-06-13 22:40:25,362 - isca - WARNING - WARNING from PE    2: socrates_init: dt_rad does not fit into one day an integer number of times
2025-06-13 22:40:25,362 - isca - DEBUG - 
2025-06-13 22:40:25,362 - isca - DEBUG - 
2025-06-13 22:40:25,362 - isca - DEBUG - 
2025-06-13 22:40:25,362 - isca - WARNING - WARNING from PE    6: socrates_init: dt_rad does not fit into one day an integer number of times
2025-06-13 22:40:25,362 - isca - DEBUG - 
2025-06-13 22:40:25,362 - isca - WARNING - WARNING from PE    1: socrates_init: dt_rad does not fit into one day an integer number of times
2025-06-13 22:40:25,362 - isca - DEBUG - 
2025-06-13 22:40:25,369 - isca - DEBUG - 
2025-06-13 22:40:25,369 - isca - WARNING - WARNING from PE    0: socrates_init: dt_rad does not fit into one day an integer number of times
2025-06-13 22:40:25,369 - isca - DEBUG - 
2025-06-13 22:40:25,369 - isca - DEBUG - 
2025-06-13 22:40:25,369 - isca - WARNING - WARNING from PE    0: socrates_init: dt_rad does not fit into one day an integer number of times
2025-06-13 22:40:25,370 - isca - DEBUG - 
2025-06-13 22:40:25,370 - isca - DEBUG - 
2025-06-13 22:40:25,370 - isca - WARNING - WARNING from PE    0: socrates_init: lw_hires_spectral_filename is unset, making equal to lw_spectral_filename
2025-06-13 22:40:25,370 - isca - DEBUG - 
2025-06-13 22:40:25,370 - isca - DEBUG - 
2025-06-13 22:40:25,370 - isca - WARNING - WARNING from PE    0: socrates_init: lw_hires_spectral_filename is unset, making equal to lw_spectral_filename
2025-06-13 22:40:25,370 - isca - DEBUG - 
2025-06-13 22:40:25,370 - isca - DEBUG - 
2025-06-13 22:40:25,371 - isca - WARNING - WARNING from PE    0: socrates_init: sw_hires_spectral_filename is unset, making equal to sw_spectral_filename
2025-06-13 22:40:25,371 - isca - DEBUG - 
2025-06-13 22:40:25,371 - isca - DEBUG - 
2025-06-13 22:40:25,371 - isca - WARNING - WARNING from PE    0: socrates_init: sw_hires_spectral_filename is unset, making equal to sw_spectral_filename
2025-06-13 22:40:25,371 - isca - DEBUG - 
2025-06-13 22:40:26,576 - isca - DEBUG - NOTE from PE    0: Interpolator: Using input file with no time dimension - ozone_1990_notime_zero.nc
2025-06-13 22:40:26,576 - isca - DEBUG - Initializing src field : ozone_1990
2025-06-13 22:40:26,579 - isca - DEBUG - 
2025-06-13 22:40:26,579 - isca - DEBUG - -----------------------------------
2025-06-13 22:40:26,579 - isca - DEBUG - ____                       _
2025-06-13 22:40:26,579 - isca - DEBUG - / ___|  ___   ___ _ __ __ _| |_ ___  ___
2025-06-13 22:40:26,579 - isca - DEBUG - \___ \ / _ \ / __|  __/ _` | __/ _ \/ __|
2025-06-13 22:40:26,579 - isca - DEBUG - ___) | (_) | (__| | | (_| | ||  __/\__ \
2025-06-13 22:40:26,580 - isca - DEBUG - |____/ \___/ \___|_|  \__,_|\__\___||___/
2025-06-13 22:40:26,580 - isca - DEBUG - 
2025-06-13 22:40:26,580 - isca - DEBUG - Initialised Socrates v17.03
2025-06-13 22:40:26,580 - isca - DEBUG - Stellar constant =    1950.00000000000
2025-06-13 22:40:26,580 - isca - DEBUG - Longwave spectral file =
2025-06-13 22:40:26,580 - isca - DEBUG - /proj/bolinc/users/x_ryabo/socrates_edited_for_isca/spectral_files_for_GCMs/Sun
2025-06-13 22:40:26,580 - isca - DEBUG - /miniSuran_lw.sf WITH           16  bands
2025-06-13 22:40:26,580 - isca - DEBUG - Longwave hires spectral file =
2025-06-13 22:40:26,580 - isca - DEBUG - /proj/bolinc/users/x_ryabo/socrates_edited_for_isca/spectral_files_for_GCMs/Sun
2025-06-13 22:40:26,581 - isca - DEBUG - /miniSuran_lw.sf WITH           16  bands
2025-06-13 22:40:26,581 - isca - DEBUG - Shortwave spectral file =
2025-06-13 22:40:26,581 - isca - DEBUG - /proj/bolinc/users/x_ryabo/socrates_edited_for_isca/spectral_files_for_GCMs/Sun
2025-06-13 22:40:26,581 - isca - DEBUG - /miniSuran_sw.sf WITH           16  bands
2025-06-13 22:40:26,581 - isca - DEBUG - Shortwave hires spectral file =
2025-06-13 22:40:26,581 - isca - DEBUG - /proj/bolinc/users/x_ryabo/socrates_edited_for_isca/spectral_files_for_GCMs/Sun
2025-06-13 22:40:26,581 - isca - DEBUG - /miniSuran_sw.sf WITH           16  bands
2025-06-13 22:40:26,581 - isca - DEBUG - 
2025-06-13 22:40:26,581 - isca - DEBUG - -----------------------------------
2025-06-13 22:40:26,582 - isca - DEBUG - 
2025-06-13 22:41:12,836 - isca - DEBUG - Integration completed through 21751 days     0 seconds
2025-06-13 22:41:59,083 - isca - DEBUG - Integration completed through 21752 days     0 seconds
2025-06-13 22:42:45,565 - isca - DEBUG - Integration completed through 21753 days     0 seconds
2025-06-13 22:43:32,274 - isca - DEBUG - Integration completed through 21754 days     0 seconds
2025-06-13 22:44:19,135 - isca - DEBUG - Integration completed through 21755 days     0 seconds
2025-06-13 22:45:05,855 - isca - DEBUG - Integration completed through 21756 days     0 seconds
2025-06-13 22:45:52,372 - isca - DEBUG - Integration completed through 21757 days     0 seconds
2025-06-13 22:46:39,021 - isca - DEBUG - Integration completed through 21758 days     0 seconds
2025-06-13 22:47:25,366 - isca - DEBUG - Integration completed through 21759 days     0 seconds
2025-06-13 22:48:11,693 - isca - DEBUG - Integration completed through 21760 days     0 seconds
2025-06-13 22:48:58,163 - isca - DEBUG - Integration completed through 21761 days     0 seconds
2025-06-13 22:49:44,752 - isca - DEBUG - Integration completed through 21762 days     0 seconds
2025-06-13 22:50:30,997 - isca - DEBUG - Integration completed through 21763 days     0 seconds
2025-06-13 22:51:16,726 - isca - DEBUG - Integration completed through 21764 days     0 seconds
2025-06-13 22:52:02,977 - isca - DEBUG - Integration completed through 21765 days     0 seconds
2025-06-13 22:52:49,208 - isca - DEBUG - Integration completed through 21766 days     0 seconds
2025-06-13 22:53:35,438 - isca - DEBUG - Integration completed through 21767 days     0 seconds
2025-06-13 22:54:21,065 - isca - DEBUG - Integration completed through 21768 days     0 seconds
2025-06-13 22:55:07,084 - isca - DEBUG - Integration completed through 21769 days     0 seconds
2025-06-13 22:55:53,145 - isca - DEBUG - Integration completed through 21770 days     0 seconds
2025-06-13 22:56:39,065 - isca - DEBUG - Integration completed through 21771 days     0 seconds
2025-06-13 22:57:24,942 - isca - DEBUG - Integration completed through 21772 days     0 seconds
2025-06-13 22:58:10,525 - isca - DEBUG - Integration completed through 21773 days     0 seconds
2025-06-13 22:58:55,704 - isca - DEBUG - Integration completed through 21774 days     0 seconds
2025-06-13 22:59:41,505 - isca - DEBUG - Integration completed through 21775 days     0 seconds
2025-06-13 23:00:27,336 - isca - DEBUG - Integration completed through 21776 days     0 seconds
2025-06-13 23:01:13,267 - isca - DEBUG - Integration completed through 21777 days     0 seconds
2025-06-13 23:01:59,468 - isca - DEBUG - Integration completed through 21778 days     0 seconds
2025-06-13 23:02:45,644 - isca - DEBUG - Integration completed through 21779 days     0 seconds
2025-06-13 23:03:31,195 - isca - DEBUG - Integration completed through 21780 days     0 seconds
2025-06-13 23:03:31,204 - isca - DEBUG - 
2025-06-13 23:03:31,204 - isca - DEBUG - 
2025-06-13 23:03:31,204 - isca - WARNING - WARNING from PE    0: diag_util_mod::opening_file: module/field_name (socrates/soc_toa_sw_down_clr) NOT registered
2025-06-13 23:03:31,204 - isca - DEBUG - 
2025-06-13 23:03:31,204 - isca - DEBUG - 
2025-06-13 23:03:31,204 - isca - WARNING - WARNING from PE    0: diag_util_mod::opening_file: module/field_name (cloud_simple/rh_min) NOT registered
2025-06-13 23:03:31,204 - isca - WARNING - WARNING from PE    0: diag_util_mod::opening_file: module/field_name (socrates/soc_toa_sw_down_clr) NOT registered
2025-06-13 23:03:31,204 - isca - DEBUG - 
2025-06-13 23:03:31,204 - isca - DEBUG - 
2025-06-13 23:03:31,204 - isca - WARNING - WARNING from PE    0: diag_util_mod::opening_file: module/field_name (cloud_simple/rh_min) NOT registered
2025-06-13 23:03:31,204 - isca - DEBUG - 
2025-06-13 23:03:31,204 - isca - DEBUG - 
2025-06-13 23:03:31,215 - isca - DEBUG - NOTE from PE    0: MPP_IO_SET_STACK_SIZE: stack size set to     393216.
2025-06-13 23:03:31,319 - isca - DEBUG - MPP_DOMAINS_STACK high water mark=       49152
2025-06-13 23:03:31,320 - isca - DEBUG - 
2025-06-13 23:03:31,320 - isca - DEBUG - Tabulating mpp_clock statistics across     16 PEs...
2025-06-13 23:03:31,320 - isca - DEBUG - 
2025-06-13 23:03:31,320 - isca - DEBUG - tmin          tmax          tavg          tstd  tfrac grain pemin pemax
2025-06-13 23:03:31,320 - isca - DEBUG - Total runtime                      1386.027946   1386.035549   1386.031848      0.002320  1.000     0     0    15
2025-06-13 23:03:31,320 - isca - DEBUG - MPP_STACK high water mark=           0
2025-06-13 23:03:31,516 - isca - INFO - Run 726 complete
2025-06-13 23:03:32,399 - isca - DEBUG - atmos_monthly.nc combined and copied to data directory
2025-06-13 23:03:35,660 - isca - INFO - Restart archive created at /proj/bolinc/users/x_ryabo/Isca-Ryan_outputs/presentday_1540_Sun_noO3_1950/restarts/res0726.tar.gz
2025-06-13 23:03:35,671 - isca - INFO - Writing namelist to '/proj/bolinc/users/x_ryabo/Isca-Ryan_outputs/presentday_1540_Sun_noO3_1950/run0726/input.nml'
2025-06-13 23:03:35,673 - isca - INFO - Writing field_table to '/proj/bolinc/users/x_ryabo/Isca-Ryan_outputs/presentday_1540_Sun_noO3_1950/run0726/field_table'
2025-06-13 23:03:35,683 - isca - INFO - Writing diag_table to '/proj/bolinc/users/x_ryabo/Isca-Ryan_outputs/presentday_1540_Sun_noO3_1950/run0726/diag_table'
2025-06-13 23:03:35,961 - isca - INFO - Emptied run directory '/home/x_ryabo/Isca-Ryan_tmp/experiment/presentday_1540_Sun_noO3_1950/run'
2025-06-13 23:03:35,979 - isca - INFO - Emptied run directory '/home/x_ryabo/Isca-Ryan_tmp/experiment/presentday_1540_Sun_noO3_1950/run'
2025-06-13 23:03:36,188 - isca - INFO - Writing namelist to '/home/x_ryabo/Isca-Ryan_tmp/experiment/presentday_1540_Sun_noO3_1950/run/input.nml'
2025-06-13 23:03:36,190 - isca - INFO - Writing field_table to '/home/x_ryabo/Isca-Ryan_tmp/experiment/presentday_1540_Sun_noO3_1950/run/field_table'
2025-06-13 23:03:36,200 - isca - INFO - Writing diag_table to '/home/x_ryabo/Isca-Ryan_tmp/experiment/presentday_1540_Sun_noO3_1950/run/diag_table'
2025-06-13 23:03:36,213 - isca - INFO - Using restart file '/proj/bolinc/users/x_ryabo/Isca-Ryan_outputs/presentday_1540_Sun_noO3_1950/restarts/res0726.tar.gz'
2025-06-13 23:03:36,627 - isca - INFO - Restart /proj/bolinc/users/x_ryabo/Isca-Ryan_outputs/presentday_1540_Sun_noO3_1950/restarts/res0726.tar.gz extracted to /home/x_ryabo/Isca-Ryan_tmp/experiment/presentday_1540_Sun_noO3_1950/run/INPUT
2025-06-13 23:03:36,627 - isca - INFO - Beginning run 727
2025-06-13 23:03:36,638 - isca - INFO - process running as 1011013
2025-06-13 23:03:36,638 - isca - DEBUG - loadmodules for Isca on NSC cluster Tetralith
2025-06-13 23:03:36,638 - isca - DEBUG - mpiifort
2025-06-13 23:03:36,736 - isca - DEBUG - The following modules were not unloaded:
2025-06-13 23:03:36,737 - isca - DEBUG - (Use "module --force purge" to unload all):
2025-06-13 23:03:36,737 - isca - DEBUG - 
2025-06-13 23:03:36,737 - isca - DEBUG - 1) hpc/.1.10.1
2025-06-13 23:03:36,832 - isca - DEBUG - ***************************************************
2025-06-13 23:03:36,832 - isca - DEBUG - You have loaded a buildenv module
2025-06-13 23:03:36,832 - isca - DEBUG - ***************************************************
2025-06-13 23:03:36,832 - isca - DEBUG - The buldenv-intel module makes available:
2025-06-13 23:03:36,832 - isca - DEBUG - - Compilers: icc, ifort, etc.
2025-06-13 23:03:36,833 - isca - DEBUG - - Mpi library with mpi-wrapped compilers: intel mpi with mpicc, mpifort, etc.
2025-06-13 23:03:36,833 - isca - DEBUG - - Numerical libraries: intel MKL
2025-06-13 23:03:36,833 - isca - DEBUG - 
2025-06-13 23:03:36,833 - isca - DEBUG - It also makes a set of dependency library modules available via
2025-06-13 23:03:36,833 - isca - DEBUG - the regular module command. Just do:
2025-06-13 23:03:36,833 - isca - DEBUG - module avail
2025-06-13 23:03:36,833 - isca - DEBUG - to see what is available.
2025-06-13 23:03:36,833 - isca - DEBUG - 
2025-06-13 23:03:36,833 - isca - DEBUG - NOTE: You shoud never load build environments inside submitted jobs.
2025-06-13 23:03:36,833 - isca - DEBUG - (with the single exception of when using supercomputer time to compile code.)
2025-06-13 23:03:36,833 - isca - DEBUG - 
2025-06-13 23:03:38,051 - isca - DEBUG - NOTE from PE    0: MPP_DOMAINS_SET_STACK_SIZE: stack size set to    32768.
2025-06-13 23:03:38,052 - isca - DEBUG - &MPP_IO_NML
2025-06-13 23:03:38,052 - isca - DEBUG - HEADER_BUFFER_VAL       =       16384,
2025-06-13 23:03:38,052 - isca - DEBUG - GLOBAL_FIELD_ON_ROOT_PE = T,
2025-06-13 23:03:38,052 - isca - DEBUG - IO_CLOCKS_ON    = F,
2025-06-13 23:03:38,052 - isca - DEBUG - SHUFFLE =           0,
2025-06-13 23:03:38,052 - isca - DEBUG - DEFLATE_LEVEL   =          -1
2025-06-13 23:03:38,052 - isca - DEBUG - /
2025-06-13 23:03:38,053 - isca - DEBUG - NOTE from PE    0: MPP_IO_SET_STACK_SIZE: stack size set to     131072.
2025-06-13 23:03:38,054 - isca - DEBUG - NOTE from PE    0: MPP_DOMAINS_SET_STACK_SIZE: stack size set to   600000.
2025-06-13 23:03:38,062 - isca - DEBUG - starting            1  OpenMP threads per MPI-task
2025-06-13 23:03:38,064 - isca - DEBUG - ATMOS MODEL DOMAIN DECOMPOSITION
2025-06-13 23:03:38,064 - isca - DEBUG - X-AXIS =  128
2025-06-13 23:03:38,064 - isca - DEBUG - Y-AXIS =    4   4   4   4   4   4   4   4   4   4   4   4   4   4   4   4
2025-06-13 23:03:38,114 - isca - DEBUG - 
2025-06-13 23:03:38,114 - isca - WARNING - WARNING from PE   10: socrates_init: dt_rad does not fit into one day an integer number of times
2025-06-13 23:03:38,114 - isca - DEBUG - 
2025-06-13 23:03:38,114 - isca - DEBUG - 
2025-06-13 23:03:38,114 - isca - WARNING - WARNING from PE   12: socrates_init: dt_rad does not fit into one day an integer number of times
2025-06-13 23:03:38,114 - isca - DEBUG - 
2025-06-13 23:03:38,114 - isca - DEBUG - 
2025-06-13 23:03:38,114 - isca - DEBUG - 
2025-06-13 23:03:38,114 - isca - WARNING - WARNING from PE    8: socrates_init: dt_rad does not fit into one day an integer number of times
2025-06-13 23:03:38,114 - isca - DEBUG - 
2025-06-13 23:03:38,114 - isca - DEBUG - 
2025-06-13 23:03:38,114 - isca - WARNING - WARNING from PE   11: socrates_init: dt_rad does not fit into one day an integer number of times
2025-06-13 23:03:38,114 - isca - DEBUG - 
2025-06-13 23:03:38,114 - isca - DEBUG - 
2025-06-13 23:03:38,114 - isca - WARNING - WARNING from PE   13: socrates_init: dt_rad does not fit into one day an integer number of times
2025-06-13 23:03:38,114 - isca - DEBUG - 
2025-06-13 23:03:38,114 - isca - WARNING - WARNING from PE   15: socrates_init: dt_rad does not fit into one day an integer number of times
2025-06-13 23:03:38,115 - isca - DEBUG - 
2025-06-13 23:03:38,115 - isca - DEBUG - 
2025-06-13 23:03:38,115 - isca - DEBUG - 
2025-06-13 23:03:38,115 - isca - WARNING - WARNING from PE    9: socrates_init: dt_rad does not fit into one day an integer number of times
2025-06-13 23:03:38,115 - isca - DEBUG - 
2025-06-13 23:03:38,115 - isca - WARNING - WARNING from PE   14: socrates_init: dt_rad does not fit into one day an integer number of times
2025-06-13 23:03:38,115 - isca - DEBUG - 
2025-06-13 23:03:38,115 - isca - DEBUG - NOTE from PE    0: cloud_simple: Using SimCloud cloud scheme
2025-06-13 23:03:38,117 - isca - DEBUG - NOTE from PE    0: ls_cloud: Using linear cloud fraction diagnostic formula.
2025-06-13 23:03:38,117 - isca - DEBUG - NOTE from PE    0: cloud_cover: The cloud overlap assumption is MAXIMUM-RANDOM
2025-06-13 23:03:38,117 - isca - DEBUG - NOTE from PE    0: idealized_moist_phys: Using Frierson Quasi-Equilibrium convection scheme.
2025-06-13 23:03:38,121 - isca - DEBUG - 
2025-06-13 23:03:38,121 - isca - WARNING - WARNING from PE    7: socrates_init: dt_rad does not fit into one day an integer number of times
2025-06-13 23:03:38,121 - isca - DEBUG - 
2025-06-13 23:03:38,121 - isca - DEBUG - 
2025-06-13 23:03:38,121 - isca - WARNING - WARNING from PE    5: socrates_init: dt_rad does not fit into one day an integer number of times
2025-06-13 23:03:38,121 - isca - DEBUG - 
2025-06-13 23:03:38,121 - isca - DEBUG - 
2025-06-13 23:03:38,121 - isca - WARNING - WARNING from PE    4: socrates_init: dt_rad does not fit into one day an integer number of times
2025-06-13 23:03:38,121 - isca - DEBUG - 
2025-06-13 23:03:38,121 - isca - DEBUG - 
2025-06-13 23:03:38,121 - isca - WARNING - WARNING from PE    1: socrates_init: dt_rad does not fit into one day an integer number of times
2025-06-13 23:03:38,121 - isca - DEBUG - 
2025-06-13 23:03:38,122 - isca - DEBUG - 
2025-06-13 23:03:38,122 - isca - DEBUG - 
2025-06-13 23:03:38,122 - isca - WARNING - WARNING from PE    2: socrates_init: dt_rad does not fit into one day an integer number of times
2025-06-13 23:03:38,122 - isca - DEBUG - 
2025-06-13 23:03:38,122 - isca - WARNING - WARNING from PE    3: socrates_init: dt_rad does not fit into one day an integer number of times
2025-06-13 23:03:38,122 - isca - DEBUG - 
2025-06-13 23:03:38,122 - isca - DEBUG - 
2025-06-13 23:03:38,122 - isca - WARNING - WARNING from PE    6: socrates_init: dt_rad does not fit into one day an integer number of times
2025-06-13 23:03:38,122 - isca - DEBUG - 
2025-06-13 23:03:38,127 - isca - DEBUG - 
2025-06-13 23:03:38,127 - isca - WARNING - WARNING from PE    0: socrates_init: dt_rad does not fit into one day an integer number of times
2025-06-13 23:03:38,127 - isca - DEBUG - 
2025-06-13 23:03:38,127 - isca - DEBUG - 
2025-06-13 23:03:38,127 - isca - WARNING - WARNING from PE    0: socrates_init: dt_rad does not fit into one day an integer number of times
2025-06-13 23:03:38,127 - isca - DEBUG - 
2025-06-13 23:03:38,127 - isca - DEBUG - 
2025-06-13 23:03:38,127 - isca - WARNING - WARNING from PE    0: socrates_init: lw_hires_spectral_filename is unset, making equal to lw_spectral_filename
2025-06-13 23:03:38,127 - isca - DEBUG - 
2025-06-13 23:03:38,127 - isca - DEBUG - 
2025-06-13 23:03:38,127 - isca - WARNING - WARNING from PE    0: socrates_init: lw_hires_spectral_filename is unset, making equal to lw_spectral_filename
2025-06-13 23:03:38,127 - isca - DEBUG - 
2025-06-13 23:03:38,127 - isca - DEBUG - 
2025-06-13 23:03:38,127 - isca - WARNING - WARNING from PE    0: socrates_init: sw_hires_spectral_filename is unset, making equal to sw_spectral_filename
2025-06-13 23:03:38,127 - isca - DEBUG - 
2025-06-13 23:03:38,128 - isca - DEBUG - 
2025-06-13 23:03:38,128 - isca - WARNING - WARNING from PE    0: socrates_init: sw_hires_spectral_filename is unset, making equal to sw_spectral_filename
2025-06-13 23:03:38,128 - isca - DEBUG - 
2025-06-13 23:03:39,301 - isca - DEBUG - NOTE from PE    0: Interpolator: Using input file with no time dimension - ozone_1990_notime_zero.nc
2025-06-13 23:03:39,301 - isca - DEBUG - Initializing src field : ozone_1990
2025-06-13 23:03:39,303 - isca - DEBUG - 
2025-06-13 23:03:39,304 - isca - DEBUG - -----------------------------------
2025-06-13 23:03:39,304 - isca - DEBUG - ____                       _
2025-06-13 23:03:39,304 - isca - DEBUG - / ___|  ___   ___ _ __ __ _| |_ ___  ___
2025-06-13 23:03:39,304 - isca - DEBUG - \___ \ / _ \ / __|  __/ _` | __/ _ \/ __|
2025-06-13 23:03:39,304 - isca - DEBUG - ___) | (_) | (__| | | (_| | ||  __/\__ \
2025-06-13 23:03:39,304 - isca - DEBUG - |____/ \___/ \___|_|  \__,_|\__\___||___/
2025-06-13 23:03:39,304 - isca - DEBUG - 
2025-06-13 23:03:39,304 - isca - DEBUG - Initialised Socrates v17.03
2025-06-13 23:03:39,304 - isca - DEBUG - Stellar constant =    1950.00000000000
2025-06-13 23:03:39,304 - isca - DEBUG - Longwave spectral file =
2025-06-13 23:03:39,304 - isca - DEBUG - /proj/bolinc/users/x_ryabo/socrates_edited_for_isca/spectral_files_for_GCMs/Sun
2025-06-13 23:03:39,304 - isca - DEBUG - /miniSuran_lw.sf WITH           16  bands
2025-06-13 23:03:39,304 - isca - DEBUG - Longwave hires spectral file =
2025-06-13 23:03:39,304 - isca - DEBUG - /proj/bolinc/users/x_ryabo/socrates_edited_for_isca/spectral_files_for_GCMs/Sun
2025-06-13 23:03:39,304 - isca - DEBUG - /miniSuran_lw.sf WITH           16  bands
2025-06-13 23:03:39,304 - isca - DEBUG - Shortwave spectral file =
2025-06-13 23:03:39,304 - isca - DEBUG - /proj/bolinc/users/x_ryabo/socrates_edited_for_isca/spectral_files_for_GCMs/Sun
2025-06-13 23:03:39,304 - isca - DEBUG - /miniSuran_sw.sf WITH           16  bands
2025-06-13 23:03:39,304 - isca - DEBUG - Shortwave hires spectral file =
2025-06-13 23:03:39,304 - isca - DEBUG - /proj/bolinc/users/x_ryabo/socrates_edited_for_isca/spectral_files_for_GCMs/Sun
2025-06-13 23:03:39,304 - isca - DEBUG - /miniSuran_sw.sf WITH           16  bands
2025-06-13 23:03:39,304 - isca - DEBUG - 
2025-06-13 23:03:39,304 - isca - DEBUG - -----------------------------------
2025-06-13 23:03:39,304 - isca - DEBUG - 
2025-06-13 23:04:25,077 - isca - DEBUG - Integration completed through 21781 days     0 seconds
2025-06-13 23:05:12,192 - isca - DEBUG - Integration completed through 21782 days     0 seconds
2025-06-13 23:05:59,923 - isca - DEBUG - Integration completed through 21783 days     0 seconds
2025-06-13 23:06:47,584 - isca - DEBUG - Integration completed through 21784 days     0 seconds
2025-06-13 23:07:35,012 - isca - DEBUG - Integration completed through 21785 days     0 seconds
2025-06-13 23:08:22,285 - isca - DEBUG - Integration completed through 21786 days     0 seconds
2025-06-13 23:09:09,568 - isca - DEBUG - Integration completed through 21787 days     0 seconds
2025-06-13 23:09:57,131 - isca - DEBUG - Integration completed through 21788 days     0 seconds
2025-06-13 23:10:44,597 - isca - DEBUG - Integration completed through 21789 days     0 seconds
2025-06-13 23:11:32,004 - isca - DEBUG - Integration completed through 21790 days     0 seconds
2025-06-13 23:12:19,408 - isca - DEBUG - Integration completed through 21791 days     0 seconds
2025-06-13 23:13:06,503 - isca - DEBUG - Integration completed through 21792 days     0 seconds
2025-06-13 23:13:53,669 - isca - DEBUG - Integration completed through 21793 days     0 seconds
2025-06-13 23:14:40,779 - isca - DEBUG - Integration completed through 21794 days     0 seconds
2025-06-13 23:15:27,982 - isca - DEBUG - Integration completed through 21795 days     0 seconds
2025-06-13 23:16:15,612 - isca - DEBUG - Integration completed through 21796 days     0 seconds
2025-06-13 23:17:03,462 - isca - DEBUG - Integration completed through 21797 days     0 seconds
2025-06-13 23:17:51,493 - isca - DEBUG - Integration completed through 21798 days     0 seconds
2025-06-13 23:18:39,363 - isca - DEBUG - Integration completed through 21799 days     0 seconds
2025-06-13 23:19:26,971 - isca - DEBUG - Integration completed through 21800 days     0 seconds
2025-06-13 23:20:14,558 - isca - DEBUG - Integration completed through 21801 days     0 seconds
2025-06-13 23:21:02,275 - isca - DEBUG - Integration completed through 21802 days     0 seconds
2025-06-13 23:21:49,974 - isca - DEBUG - Integration completed through 21803 days     0 seconds
2025-06-13 23:22:37,706 - isca - DEBUG - Integration completed through 21804 days     0 seconds
2025-06-13 23:23:25,227 - isca - DEBUG - Integration completed through 21805 days     0 seconds
2025-06-13 23:24:12,638 - isca - DEBUG - Integration completed through 21806 days     0 seconds
2025-06-13 23:24:59,766 - isca - DEBUG - Integration completed through 21807 days     0 seconds
2025-06-13 23:25:46,439 - isca - DEBUG - Integration completed through 21808 days     0 seconds
2025-06-13 23:26:33,493 - isca - DEBUG - Integration completed through 21809 days     0 seconds
2025-06-13 23:27:20,272 - isca - DEBUG - Integration completed through 21810 days     0 seconds
2025-06-13 23:27:20,279 - isca - DEBUG - 
2025-06-13 23:27:20,279 - isca - WARNING - WARNING from PE    0: diag_util_mod::opening_file: module/field_name (socrates/soc_toa_sw_down_clr) NOT registered
2025-06-13 23:27:20,279 - isca - DEBUG - 
2025-06-13 23:27:20,279 - isca - DEBUG - 
2025-06-13 23:27:20,279 - isca - WARNING - WARNING from PE    0: diag_util_mod::opening_file: module/field_name (cloud_simple/rh_min) NOT registered
2025-06-13 23:27:20,279 - isca - DEBUG - 
2025-06-13 23:27:20,279 - isca - DEBUG - 
2025-06-13 23:27:20,279 - isca - WARNING - WARNING from PE    0: diag_util_mod::opening_file: module/field_name (socrates/soc_toa_sw_down_clr) NOT registered
2025-06-13 23:27:20,279 - isca - DEBUG - 
2025-06-13 23:27:20,279 - isca - DEBUG - 
2025-06-13 23:27:20,279 - isca - WARNING - WARNING from PE    0: diag_util_mod::opening_file: module/field_name (cloud_simple/rh_min) NOT registered
2025-06-13 23:27:20,279 - isca - DEBUG - 
2025-06-13 23:27:20,291 - isca - DEBUG - NOTE from PE    0: MPP_IO_SET_STACK_SIZE: stack size set to     393216.
2025-06-13 23:27:20,434 - isca - DEBUG - MPP_DOMAINS_STACK high water mark=       49152
2025-06-13 23:27:20,434 - isca - DEBUG - 
2025-06-13 23:27:20,434 - isca - DEBUG - Tabulating mpp_clock statistics across     16 PEs...
2025-06-13 23:27:20,434 - isca - DEBUG - 
2025-06-13 23:27:20,434 - isca - DEBUG - tmin          tmax          tavg          tstd  tfrac grain pemin pemax
2025-06-13 23:27:20,435 - isca - DEBUG - Total runtime                      1422.377243   1422.386505   1422.382020      0.002376  1.000     0     0    15
2025-06-13 23:27:20,435 - isca - DEBUG - MPP_STACK high water mark=           0
2025-06-13 23:27:20,616 - isca - INFO - Run 727 complete
2025-06-13 23:27:21,517 - isca - DEBUG - atmos_monthly.nc combined and copied to data directory
2025-06-13 23:27:24,839 - isca - INFO - Restart archive created at /proj/bolinc/users/x_ryabo/Isca-Ryan_outputs/presentday_1540_Sun_noO3_1950/restarts/res0727.tar.gz
2025-06-13 23:27:24,851 - isca - INFO - Writing namelist to '/proj/bolinc/users/x_ryabo/Isca-Ryan_outputs/presentday_1540_Sun_noO3_1950/run0727/input.nml'
2025-06-13 23:27:24,853 - isca - INFO - Writing field_table to '/proj/bolinc/users/x_ryabo/Isca-Ryan_outputs/presentday_1540_Sun_noO3_1950/run0727/field_table'
2025-06-13 23:27:24,863 - isca - INFO - Writing diag_table to '/proj/bolinc/users/x_ryabo/Isca-Ryan_outputs/presentday_1540_Sun_noO3_1950/run0727/diag_table'
2025-06-13 23:27:25,117 - isca - INFO - Emptied run directory '/home/x_ryabo/Isca-Ryan_tmp/experiment/presentday_1540_Sun_noO3_1950/run'
2025-06-13 23:27:25,137 - isca - INFO - Emptied run directory '/home/x_ryabo/Isca-Ryan_tmp/experiment/presentday_1540_Sun_noO3_1950/run'
2025-06-13 23:27:25,348 - isca - INFO - Writing namelist to '/home/x_ryabo/Isca-Ryan_tmp/experiment/presentday_1540_Sun_noO3_1950/run/input.nml'
2025-06-13 23:27:25,349 - isca - INFO - Writing field_table to '/home/x_ryabo/Isca-Ryan_tmp/experiment/presentday_1540_Sun_noO3_1950/run/field_table'
2025-06-13 23:27:25,360 - isca - INFO - Writing diag_table to '/home/x_ryabo/Isca-Ryan_tmp/experiment/presentday_1540_Sun_noO3_1950/run/diag_table'
2025-06-13 23:27:25,373 - isca - INFO - Using restart file '/proj/bolinc/users/x_ryabo/Isca-Ryan_outputs/presentday_1540_Sun_noO3_1950/restarts/res0727.tar.gz'
2025-06-13 23:27:25,787 - isca - INFO - Restart /proj/bolinc/users/x_ryabo/Isca-Ryan_outputs/presentday_1540_Sun_noO3_1950/restarts/res0727.tar.gz extracted to /home/x_ryabo/Isca-Ryan_tmp/experiment/presentday_1540_Sun_noO3_1950/run/INPUT
2025-06-13 23:27:25,787 - isca - INFO - Beginning run 728
2025-06-13 23:27:25,798 - isca - INFO - process running as 1014215
2025-06-13 23:27:25,798 - isca - DEBUG - loadmodules for Isca on NSC cluster Tetralith
2025-06-13 23:27:25,798 - isca - DEBUG - mpiifort
2025-06-13 23:27:25,896 - isca - DEBUG - The following modules were not unloaded:
2025-06-13 23:27:25,896 - isca - DEBUG - (Use "module --force purge" to unload all):
2025-06-13 23:27:25,896 - isca - DEBUG - 
2025-06-13 23:27:25,896 - isca - DEBUG - 1) hpc/.1.10.1
2025-06-13 23:27:25,992 - isca - DEBUG - ***************************************************
2025-06-13 23:27:25,992 - isca - DEBUG - You have loaded a buildenv module
2025-06-13 23:27:25,992 - isca - DEBUG - ***************************************************
2025-06-13 23:27:25,992 - isca - DEBUG - The buldenv-intel module makes available:
2025-06-13 23:27:25,992 - isca - DEBUG - - Compilers: icc, ifort, etc.
2025-06-13 23:27:25,992 - isca - DEBUG - - Mpi library with mpi-wrapped compilers: intel mpi with mpicc, mpifort, etc.
2025-06-13 23:27:25,992 - isca - DEBUG - - Numerical libraries: intel MKL
2025-06-13 23:27:25,992 - isca - DEBUG - 
2025-06-13 23:27:25,992 - isca - DEBUG - It also makes a set of dependency library modules available via
2025-06-13 23:27:25,993 - isca - DEBUG - the regular module command. Just do:
2025-06-13 23:27:25,993 - isca - DEBUG - module avail
2025-06-13 23:27:25,993 - isca - DEBUG - to see what is available.
2025-06-13 23:27:25,993 - isca - DEBUG - 
2025-06-13 23:27:25,993 - isca - DEBUG - NOTE: You shoud never load build environments inside submitted jobs.
2025-06-13 23:27:25,993 - isca - DEBUG - (with the single exception of when using supercomputer time to compile code.)
2025-06-13 23:27:25,993 - isca - DEBUG - 
2025-06-13 23:27:27,294 - isca - DEBUG - NOTE from PE    0: MPP_DOMAINS_SET_STACK_SIZE: stack size set to    32768.
2025-06-13 23:27:27,294 - isca - DEBUG - &MPP_IO_NML
2025-06-13 23:27:27,294 - isca - DEBUG - HEADER_BUFFER_VAL       =       16384,
2025-06-13 23:27:27,294 - isca - DEBUG - GLOBAL_FIELD_ON_ROOT_PE = T,
2025-06-13 23:27:27,294 - isca - DEBUG - IO_CLOCKS_ON    = F,
2025-06-13 23:27:27,294 - isca - DEBUG - SHUFFLE =           0,
2025-06-13 23:27:27,294 - isca - DEBUG - DEFLATE_LEVEL   =          -1
2025-06-13 23:27:27,294 - isca - DEBUG - /
2025-06-13 23:27:27,296 - isca - DEBUG - NOTE from PE    0: MPP_IO_SET_STACK_SIZE: stack size set to     131072.
2025-06-13 23:27:27,297 - isca - DEBUG - NOTE from PE    0: MPP_DOMAINS_SET_STACK_SIZE: stack size set to   600000.
2025-06-13 23:27:27,305 - isca - DEBUG - starting            1  OpenMP threads per MPI-task
2025-06-13 23:27:27,308 - isca - DEBUG - ATMOS MODEL DOMAIN DECOMPOSITION
2025-06-13 23:27:27,308 - isca - DEBUG - X-AXIS =  128
2025-06-13 23:27:27,308 - isca - DEBUG - Y-AXIS =    4   4   4   4   4   4   4   4   4   4   4   4   4   4   4   4
2025-06-13 23:27:27,360 - isca - DEBUG - 
2025-06-13 23:27:27,360 - isca - WARNING - WARNING from PE    9: socrates_init: dt_rad does not fit into one day an integer number of times
2025-06-13 23:27:27,360 - isca - DEBUG - 
2025-06-13 23:27:27,360 - isca - DEBUG - 
2025-06-13 23:27:27,360 - isca - WARNING - WARNING from PE   13: socrates_init: dt_rad does not fit into one day an integer number of times
2025-06-13 23:27:27,360 - isca - DEBUG - 
2025-06-13 23:27:27,360 - isca - DEBUG - 
2025-06-13 23:27:27,360 - isca - DEBUG - 
2025-06-13 23:27:27,360 - isca - WARNING - WARNING from PE   15: socrates_init: dt_rad does not fit into one day an integer number of times
2025-06-13 23:27:27,361 - isca - DEBUG - 
2025-06-13 23:27:27,361 - isca - WARNING - WARNING from PE   10: socrates_init: dt_rad does not fit into one day an integer number of times
2025-06-13 23:27:27,361 - isca - DEBUG - 
2025-06-13 23:27:27,361 - isca - DEBUG - 
2025-06-13 23:27:27,361 - isca - WARNING - WARNING from PE   11: socrates_init: dt_rad does not fit into one day an integer number of times
2025-06-13 23:27:27,361 - isca - DEBUG - 
2025-06-13 23:27:27,361 - isca - DEBUG - 
2025-06-13 23:27:27,361 - isca - WARNING - WARNING from PE    8: socrates_init: dt_rad does not fit into one day an integer number of times
2025-06-13 23:27:27,361 - isca - DEBUG - 
2025-06-13 23:27:27,361 - isca - DEBUG - 
2025-06-13 23:27:27,361 - isca - WARNING - WARNING from PE   12: socrates_init: dt_rad does not fit into one day an integer number of times
2025-06-13 23:27:27,361 - isca - DEBUG - NOTE from PE    0: cloud_simple: Using SimCloud cloud scheme
2025-06-13 23:27:27,361 - isca - DEBUG - 
2025-06-13 23:27:27,362 - isca - DEBUG - 
2025-06-13 23:27:27,362 - isca - WARNING - WARNING from PE   14: socrates_init: dt_rad does not fit into one day an integer number of times
2025-06-13 23:27:27,362 - isca - DEBUG - NOTE from PE    0: ls_cloud: Using linear cloud fraction diagnostic formula.
2025-06-13 23:27:27,362 - isca - DEBUG - 
2025-06-13 23:27:27,362 - isca - DEBUG - NOTE from PE    0: cloud_cover: The cloud overlap assumption is MAXIMUM-RANDOM
2025-06-13 23:27:27,363 - isca - DEBUG - NOTE from PE    0: idealized_moist_phys: Using Frierson Quasi-Equilibrium convection scheme.
2025-06-13 23:27:27,367 - isca - DEBUG - 
2025-06-13 23:27:27,367 - isca - WARNING - WARNING from PE    2: socrates_init: dt_rad does not fit into one day an integer number of times
2025-06-13 23:27:27,367 - isca - DEBUG - 
2025-06-13 23:27:27,367 - isca - DEBUG - 
2025-06-13 23:27:27,367 - isca - WARNING - WARNING from PE    5: socrates_init: dt_rad does not fit into one day an integer number of times
2025-06-13 23:27:27,367 - isca - DEBUG - 
2025-06-13 23:27:27,367 - isca - DEBUG - 
2025-06-13 23:27:27,367 - isca - DEBUG - 
2025-06-13 23:27:27,367 - isca - WARNING - WARNING from PE    3: socrates_init: dt_rad does not fit into one day an integer number of times
2025-06-13 23:27:27,367 - isca - DEBUG - 
2025-06-13 23:27:27,367 - isca - DEBUG - 
2025-06-13 23:27:27,367 - isca - WARNING - WARNING from PE    4: socrates_init: dt_rad does not fit into one day an integer number of times
2025-06-13 23:27:27,367 - isca - DEBUG - 
2025-06-13 23:27:27,367 - isca - WARNING - WARNING from PE    7: socrates_init: dt_rad does not fit into one day an integer number of times
2025-06-13 23:27:27,367 - isca - DEBUG - 
2025-06-13 23:27:27,367 - isca - DEBUG - 
2025-06-13 23:27:27,367 - isca - WARNING - WARNING from PE    6: socrates_init: dt_rad does not fit into one day an integer number of times
2025-06-13 23:27:27,367 - isca - DEBUG - 
2025-06-13 23:27:27,367 - isca - DEBUG - 
2025-06-13 23:27:27,367 - isca - WARNING - WARNING from PE    1: socrates_init: dt_rad does not fit into one day an integer number of times
2025-06-13 23:27:27,367 - isca - DEBUG - 
2025-06-13 23:27:27,373 - isca - DEBUG - 
2025-06-13 23:27:27,373 - isca - WARNING - WARNING from PE    0: socrates_init: dt_rad does not fit into one day an integer number of times
2025-06-13 23:27:27,373 - isca - DEBUG - 
2025-06-13 23:27:27,373 - isca - DEBUG - 
2025-06-13 23:27:27,373 - isca - WARNING - WARNING from PE    0: socrates_init: dt_rad does not fit into one day an integer number of times
2025-06-13 23:27:27,373 - isca - DEBUG - 
2025-06-13 23:27:27,373 - isca - DEBUG - 
2025-06-13 23:27:27,373 - isca - WARNING - WARNING from PE    0: socrates_init: lw_hires_spectral_filename is unset, making equal to lw_spectral_filename
2025-06-13 23:27:27,373 - isca - DEBUG - 
2025-06-13 23:27:27,373 - isca - DEBUG - 
2025-06-13 23:27:27,373 - isca - WARNING - WARNING from PE    0: socrates_init: lw_hires_spectral_filename is unset, making equal to lw_spectral_filename
2025-06-13 23:27:27,373 - isca - DEBUG - 
2025-06-13 23:27:27,373 - isca - DEBUG - 
2025-06-13 23:27:27,373 - isca - WARNING - WARNING from PE    0: socrates_init: sw_hires_spectral_filename is unset, making equal to sw_spectral_filename
2025-06-13 23:27:27,373 - isca - DEBUG - 
2025-06-13 23:27:27,373 - isca - DEBUG - 
2025-06-13 23:27:27,373 - isca - WARNING - WARNING from PE    0: socrates_init: sw_hires_spectral_filename is unset, making equal to sw_spectral_filename
2025-06-13 23:27:27,373 - isca - DEBUG - 
2025-06-13 23:27:28,580 - isca - DEBUG - NOTE from PE    0: Interpolator: Using input file with no time dimension - ozone_1990_notime_zero.nc
2025-06-13 23:27:28,580 - isca - DEBUG - Initializing src field : ozone_1990
2025-06-13 23:27:28,583 - isca - DEBUG - 
2025-06-13 23:27:28,583 - isca - DEBUG - -----------------------------------
2025-06-13 23:27:28,583 - isca - DEBUG - ____                       _
2025-06-13 23:27:28,583 - isca - DEBUG - / ___|  ___   ___ _ __ __ _| |_ ___  ___
2025-06-13 23:27:28,583 - isca - DEBUG - \___ \ / _ \ / __|  __/ _` | __/ _ \/ __|
2025-06-13 23:27:28,583 - isca - DEBUG - ___) | (_) | (__| | | (_| | ||  __/\__ \
2025-06-13 23:27:28,583 - isca - DEBUG - |____/ \___/ \___|_|  \__,_|\__\___||___/
2025-06-13 23:27:28,583 - isca - DEBUG - 
2025-06-13 23:27:28,583 - isca - DEBUG - Initialised Socrates v17.03
2025-06-13 23:27:28,583 - isca - DEBUG - Stellar constant =    1950.00000000000
2025-06-13 23:27:28,583 - isca - DEBUG - Longwave spectral file =
2025-06-13 23:27:28,583 - isca - DEBUG - /proj/bolinc/users/x_ryabo/socrates_edited_for_isca/spectral_files_for_GCMs/Sun
2025-06-13 23:27:28,583 - isca - DEBUG - /miniSuran_lw.sf WITH           16  bands
2025-06-13 23:27:28,583 - isca - DEBUG - Longwave hires spectral file =
2025-06-13 23:27:28,583 - isca - DEBUG - /proj/bolinc/users/x_ryabo/socrates_edited_for_isca/spectral_files_for_GCMs/Sun
2025-06-13 23:27:28,583 - isca - DEBUG - /miniSuran_lw.sf WITH           16  bands
2025-06-13 23:27:28,583 - isca - DEBUG - Shortwave spectral file =
2025-06-13 23:27:28,583 - isca - DEBUG - /proj/bolinc/users/x_ryabo/socrates_edited_for_isca/spectral_files_for_GCMs/Sun
2025-06-13 23:27:28,583 - isca - DEBUG - /miniSuran_sw.sf WITH           16  bands
2025-06-13 23:27:28,583 - isca - DEBUG - Shortwave hires spectral file =
2025-06-13 23:27:28,583 - isca - DEBUG - /proj/bolinc/users/x_ryabo/socrates_edited_for_isca/spectral_files_for_GCMs/Sun
2025-06-13 23:27:28,583 - isca - DEBUG - /miniSuran_sw.sf WITH           16  bands
2025-06-13 23:27:28,583 - isca - DEBUG - 
2025-06-13 23:27:28,583 - isca - DEBUG - -----------------------------------
2025-06-13 23:27:28,583 - isca - DEBUG - 
2025-06-13 23:28:14,637 - isca - DEBUG - Integration completed through 21811 days     0 seconds
2025-06-13 23:29:00,324 - isca - DEBUG - Integration completed through 21812 days     0 seconds
2025-06-13 23:29:46,849 - isca - DEBUG - Integration completed through 21813 days     0 seconds
2025-06-13 23:30:33,405 - isca - DEBUG - Integration completed through 21814 days     0 seconds
2025-06-13 23:31:19,763 - isca - DEBUG - Integration completed through 21815 days     0 seconds
2025-06-13 23:32:06,284 - isca - DEBUG - Integration completed through 21816 days     0 seconds
2025-06-13 23:32:52,947 - isca - DEBUG - Integration completed through 21817 days     0 seconds
2025-06-13 23:33:39,651 - isca - DEBUG - Integration completed through 21818 days     0 seconds
2025-06-13 23:34:26,253 - isca - DEBUG - Integration completed through 21819 days     0 seconds
2025-06-13 23:35:12,417 - isca - DEBUG - Integration completed through 21820 days     0 seconds
2025-06-13 23:35:58,619 - isca - DEBUG - Integration completed through 21821 days     0 seconds
2025-06-13 23:36:44,774 - isca - DEBUG - Integration completed through 21822 days     0 seconds
2025-06-13 23:37:30,964 - isca - DEBUG - Integration completed through 21823 days     0 seconds
2025-06-13 23:38:17,130 - isca - DEBUG - Integration completed through 21824 days     0 seconds
2025-06-13 23:39:03,303 - isca - DEBUG - Integration completed through 21825 days     0 seconds
2025-06-13 23:39:49,423 - isca - DEBUG - Integration completed through 21826 days     0 seconds
2025-06-13 23:40:35,577 - isca - DEBUG - Integration completed through 21827 days     0 seconds
2025-06-13 23:41:21,650 - isca - DEBUG - Integration completed through 21828 days     0 seconds
2025-06-13 23:42:07,810 - isca - DEBUG - Integration completed through 21829 days     0 seconds
2025-06-13 23:42:53,890 - isca - DEBUG - Integration completed through 21830 days     0 seconds
2025-06-13 23:43:40,157 - isca - DEBUG - Integration completed through 21831 days     0 seconds
2025-06-13 23:44:26,650 - isca - DEBUG - Integration completed through 21832 days     0 seconds
2025-06-13 23:45:13,215 - isca - DEBUG - Integration completed through 21833 days     0 seconds
2025-06-13 23:45:59,768 - isca - DEBUG - Integration completed through 21834 days     0 seconds
2025-06-13 23:46:46,383 - isca - DEBUG - Integration completed through 21835 days     0 seconds
2025-06-13 23:47:32,801 - isca - DEBUG - Integration completed through 21836 days     0 seconds
2025-06-13 23:48:19,288 - isca - DEBUG - Integration completed through 21837 days     0 seconds
2025-06-13 23:49:06,031 - isca - DEBUG - Integration completed through 21838 days     0 seconds
2025-06-13 23:49:52,741 - isca - DEBUG - Integration completed through 21839 days     0 seconds
2025-06-13 23:50:39,261 - isca - DEBUG - Integration completed through 21840 days     0 seconds
2025-06-13 23:50:39,269 - isca - DEBUG - 
2025-06-13 23:50:39,269 - isca - WARNING - WARNING from PE    0: diag_util_mod::opening_file: module/field_name (socrates/soc_toa_sw_down_clr) NOT registered
2025-06-13 23:50:39,269 - isca - DEBUG - 
2025-06-13 23:50:39,269 - isca - DEBUG - 
2025-06-13 23:50:39,269 - isca - WARNING - WARNING from PE    0: diag_util_mod::opening_file: module/field_name (socrates/soc_toa_sw_down_clr) NOT registered
2025-06-13 23:50:39,269 - isca - DEBUG - 
2025-06-13 23:50:39,269 - isca - DEBUG - 
2025-06-13 23:50:39,269 - isca - WARNING - WARNING from PE    0: diag_util_mod::opening_file: module/field_name (cloud_simple/rh_min) NOT registered
2025-06-13 23:50:39,269 - isca - DEBUG - 
2025-06-13 23:50:39,269 - isca - DEBUG - 
2025-06-13 23:50:39,269 - isca - WARNING - WARNING from PE    0: diag_util_mod::opening_file: module/field_name (cloud_simple/rh_min) NOT registered
2025-06-13 23:50:39,269 - isca - DEBUG - 
2025-06-13 23:50:39,280 - isca - DEBUG - NOTE from PE    0: MPP_IO_SET_STACK_SIZE: stack size set to     393216.
2025-06-13 23:50:39,403 - isca - DEBUG - MPP_DOMAINS_STACK high water mark=       49152
2025-06-13 23:50:39,403 - isca - DEBUG - 
2025-06-13 23:50:39,403 - isca - DEBUG - Tabulating mpp_clock statistics across     16 PEs...
2025-06-13 23:50:39,403 - isca - DEBUG - 
2025-06-13 23:50:39,404 - isca - DEBUG - tmin          tmax          tavg          tstd  tfrac grain pemin pemax
2025-06-13 23:50:39,404 - isca - DEBUG - Total runtime                      1392.108018   1392.115154   1392.112093      0.001837  1.000     0     0    15
2025-06-13 23:50:39,404 - isca - DEBUG - MPP_STACK high water mark=           0
2025-06-13 23:50:39,605 - isca - INFO - Run 728 complete
2025-06-13 23:50:40,463 - isca - DEBUG - atmos_monthly.nc combined and copied to data directory
2025-06-13 23:50:43,787 - isca - INFO - Restart archive created at /proj/bolinc/users/x_ryabo/Isca-Ryan_outputs/presentday_1540_Sun_noO3_1950/restarts/res0728.tar.gz
2025-06-13 23:50:43,798 - isca - INFO - Writing namelist to '/proj/bolinc/users/x_ryabo/Isca-Ryan_outputs/presentday_1540_Sun_noO3_1950/run0728/input.nml'
2025-06-13 23:50:43,800 - isca - INFO - Writing field_table to '/proj/bolinc/users/x_ryabo/Isca-Ryan_outputs/presentday_1540_Sun_noO3_1950/run0728/field_table'
2025-06-13 23:50:43,811 - isca - INFO - Writing diag_table to '/proj/bolinc/users/x_ryabo/Isca-Ryan_outputs/presentday_1540_Sun_noO3_1950/run0728/diag_table'
2025-06-13 23:50:44,045 - isca - INFO - Emptied run directory '/home/x_ryabo/Isca-Ryan_tmp/experiment/presentday_1540_Sun_noO3_1950/run'
2025-06-13 23:50:44,063 - isca - INFO - Emptied run directory '/home/x_ryabo/Isca-Ryan_tmp/experiment/presentday_1540_Sun_noO3_1950/run'
2025-06-13 23:50:44,280 - isca - INFO - Writing namelist to '/home/x_ryabo/Isca-Ryan_tmp/experiment/presentday_1540_Sun_noO3_1950/run/input.nml'
2025-06-13 23:50:44,282 - isca - INFO - Writing field_table to '/home/x_ryabo/Isca-Ryan_tmp/experiment/presentday_1540_Sun_noO3_1950/run/field_table'
2025-06-13 23:50:44,292 - isca - INFO - Writing diag_table to '/home/x_ryabo/Isca-Ryan_tmp/experiment/presentday_1540_Sun_noO3_1950/run/diag_table'
2025-06-13 23:50:44,304 - isca - INFO - Using restart file '/proj/bolinc/users/x_ryabo/Isca-Ryan_outputs/presentday_1540_Sun_noO3_1950/restarts/res0728.tar.gz'
2025-06-13 23:50:44,724 - isca - INFO - Restart /proj/bolinc/users/x_ryabo/Isca-Ryan_outputs/presentday_1540_Sun_noO3_1950/restarts/res0728.tar.gz extracted to /home/x_ryabo/Isca-Ryan_tmp/experiment/presentday_1540_Sun_noO3_1950/run/INPUT
2025-06-13 23:50:44,725 - isca - INFO - Beginning run 729
2025-06-13 23:50:44,738 - isca - INFO - process running as 1016082
2025-06-13 23:50:44,738 - isca - DEBUG - loadmodules for Isca on NSC cluster Tetralith
2025-06-13 23:50:44,738 - isca - DEBUG - mpiifort
2025-06-13 23:50:44,836 - isca - DEBUG - The following modules were not unloaded:
2025-06-13 23:50:44,836 - isca - DEBUG - (Use "module --force purge" to unload all):
2025-06-13 23:50:44,836 - isca - DEBUG - 
2025-06-13 23:50:44,836 - isca - DEBUG - 1) hpc/.1.10.1
2025-06-13 23:50:44,931 - isca - DEBUG - ***************************************************
2025-06-13 23:50:44,931 - isca - DEBUG - You have loaded a buildenv module
2025-06-13 23:50:44,931 - isca - DEBUG - ***************************************************
2025-06-13 23:50:44,931 - isca - DEBUG - The buldenv-intel module makes available:
2025-06-13 23:50:44,932 - isca - DEBUG - - Compilers: icc, ifort, etc.
2025-06-13 23:50:44,932 - isca - DEBUG - - Mpi library with mpi-wrapped compilers: intel mpi with mpicc, mpifort, etc.
2025-06-13 23:50:44,932 - isca - DEBUG - - Numerical libraries: intel MKL
2025-06-13 23:50:44,932 - isca - DEBUG - 
2025-06-13 23:50:44,932 - isca - DEBUG - It also makes a set of dependency library modules available via
2025-06-13 23:50:44,932 - isca - DEBUG - the regular module command. Just do:
2025-06-13 23:50:44,932 - isca - DEBUG - module avail
2025-06-13 23:50:44,932 - isca - DEBUG - to see what is available.
2025-06-13 23:50:44,932 - isca - DEBUG - 
2025-06-13 23:50:44,932 - isca - DEBUG - NOTE: You shoud never load build environments inside submitted jobs.
2025-06-13 23:50:44,932 - isca - DEBUG - (with the single exception of when using supercomputer time to compile code.)
2025-06-13 23:50:44,932 - isca - DEBUG - 
2025-06-13 23:50:46,140 - isca - DEBUG - NOTE from PE    0: MPP_DOMAINS_SET_STACK_SIZE: stack size set to    32768.
2025-06-13 23:50:46,140 - isca - DEBUG - &MPP_IO_NML
2025-06-13 23:50:46,140 - isca - DEBUG - HEADER_BUFFER_VAL       =       16384,
2025-06-13 23:50:46,140 - isca - DEBUG - GLOBAL_FIELD_ON_ROOT_PE = T,
2025-06-13 23:50:46,141 - isca - DEBUG - IO_CLOCKS_ON    = F,
2025-06-13 23:50:46,141 - isca - DEBUG - SHUFFLE =           0,
2025-06-13 23:50:46,141 - isca - DEBUG - DEFLATE_LEVEL   =          -1
2025-06-13 23:50:46,141 - isca - DEBUG - /
2025-06-13 23:50:46,142 - isca - DEBUG - NOTE from PE    0: MPP_IO_SET_STACK_SIZE: stack size set to     131072.
2025-06-13 23:50:46,143 - isca - DEBUG - NOTE from PE    0: MPP_DOMAINS_SET_STACK_SIZE: stack size set to   600000.
2025-06-13 23:50:46,151 - isca - DEBUG - starting            1  OpenMP threads per MPI-task
2025-06-13 23:50:46,153 - isca - DEBUG - ATMOS MODEL DOMAIN DECOMPOSITION
2025-06-13 23:50:46,153 - isca - DEBUG - X-AXIS =  128
2025-06-13 23:50:46,153 - isca - DEBUG - Y-AXIS =    4   4   4   4   4   4   4   4   4   4   4   4   4   4   4   4
2025-06-13 23:50:46,204 - isca - DEBUG - NOTE from PE    0: cloud_simple: Using SimCloud cloud scheme
2025-06-13 23:50:46,205 - isca - DEBUG - NOTE from PE    0: ls_cloud: Using linear cloud fraction diagnostic formula.
2025-06-13 23:50:46,206 - isca - DEBUG - 
2025-06-13 23:50:46,206 - isca - DEBUG - NOTE from PE    0: cloud_cover: The cloud overlap assumption is MAXIMUM-RANDOM
2025-06-13 23:50:46,206 - isca - DEBUG - NOTE from PE    0: idealized_moist_phys: Using Frierson Quasi-Equilibrium convection scheme.
2025-06-13 23:50:46,206 - isca - DEBUG - 
2025-06-13 23:50:46,206 - isca - WARNING - WARNING from PE   15: socrates_init: dt_rad does not fit into one day an integer number of times
2025-06-13 23:50:46,206 - isca - DEBUG - 
2025-06-13 23:50:46,206 - isca - WARNING - WARNING from PE   10: socrates_init: dt_rad does not fit into one day an integer number of times
2025-06-13 23:50:46,206 - isca - DEBUG - 
2025-06-13 23:50:46,206 - isca - DEBUG - 
2025-06-13 23:50:46,206 - isca - WARNING - WARNING from PE   12: socrates_init: dt_rad does not fit into one day an integer number of times
2025-06-13 23:50:46,206 - isca - DEBUG - 
2025-06-13 23:50:46,206 - isca - WARNING - WARNING from PE    8: socrates_init: dt_rad does not fit into one day an integer number of times
2025-06-13 23:50:46,206 - isca - DEBUG - 
2025-06-13 23:50:46,206 - isca - DEBUG - 
2025-06-13 23:50:46,206 - isca - WARNING - WARNING from PE    9: socrates_init: dt_rad does not fit into one day an integer number of times
2025-06-13 23:50:46,206 - isca - DEBUG - 
2025-06-13 23:50:46,207 - isca - DEBUG - 
2025-06-13 23:50:46,207 - isca - DEBUG - 
2025-06-13 23:50:46,207 - isca - WARNING - WARNING from PE   11: socrates_init: dt_rad does not fit into one day an integer number of times
2025-06-13 23:50:46,207 - isca - DEBUG - 
2025-06-13 23:50:46,207 - isca - DEBUG - 
2025-06-13 23:50:46,207 - isca - WARNING - WARNING from PE   13: socrates_init: dt_rad does not fit into one day an integer number of times
2025-06-13 23:50:46,207 - isca - DEBUG - 
2025-06-13 23:50:46,207 - isca - DEBUG - 
2025-06-13 23:50:46,207 - isca - WARNING - WARNING from PE   14: socrates_init: dt_rad does not fit into one day an integer number of times
2025-06-13 23:50:46,207 - isca - DEBUG - 
2025-06-13 23:50:46,208 - isca - DEBUG - 
2025-06-13 23:50:46,209 - isca - WARNING - WARNING from PE    7: socrates_init: dt_rad does not fit into one day an integer number of times
2025-06-13 23:50:46,209 - isca - DEBUG - 
2025-06-13 23:50:46,210 - isca - DEBUG - 
2025-06-13 23:50:46,210 - isca - WARNING - WARNING from PE    6: socrates_init: dt_rad does not fit into one day an integer number of times
2025-06-13 23:50:46,210 - isca - DEBUG - 
2025-06-13 23:50:46,210 - isca - DEBUG - 
2025-06-13 23:50:46,210 - isca - WARNING - WARNING from PE    2: socrates_init: dt_rad does not fit into one day an integer number of times
2025-06-13 23:50:46,210 - isca - DEBUG - 
2025-06-13 23:50:46,210 - isca - DEBUG - 
2025-06-13 23:50:46,210 - isca - DEBUG - 
2025-06-13 23:50:46,210 - isca - WARNING - WARNING from PE    5: socrates_init: dt_rad does not fit into one day an integer number of times
2025-06-13 23:50:46,210 - isca - DEBUG - 
2025-06-13 23:50:46,210 - isca - WARNING - WARNING from PE    3: socrates_init: dt_rad does not fit into one day an integer number of times
2025-06-13 23:50:46,210 - isca - DEBUG - 
2025-06-13 23:50:46,210 - isca - DEBUG - 
2025-06-13 23:50:46,210 - isca - DEBUG - 
2025-06-13 23:50:46,210 - isca - WARNING - WARNING from PE    4: socrates_init: dt_rad does not fit into one day an integer number of times
2025-06-13 23:50:46,210 - isca - DEBUG - 
2025-06-13 23:50:46,211 - isca - WARNING - WARNING from PE    1: socrates_init: dt_rad does not fit into one day an integer number of times
2025-06-13 23:50:46,211 - isca - DEBUG - 
2025-06-13 23:50:46,215 - isca - DEBUG - 
2025-06-13 23:50:46,216 - isca - WARNING - WARNING from PE    0: socrates_init: dt_rad does not fit into one day an integer number of times
2025-06-13 23:50:46,216 - isca - DEBUG - 
2025-06-13 23:50:46,216 - isca - DEBUG - 
2025-06-13 23:50:46,216 - isca - WARNING - WARNING from PE    0: socrates_init: dt_rad does not fit into one day an integer number of times
2025-06-13 23:50:46,216 - isca - DEBUG - 
2025-06-13 23:50:46,216 - isca - DEBUG - 
2025-06-13 23:50:46,216 - isca - WARNING - WARNING from PE    0: socrates_init: lw_hires_spectral_filename is unset, making equal to lw_spectral_filename
2025-06-13 23:50:46,216 - isca - DEBUG - 
2025-06-13 23:50:46,216 - isca - DEBUG - 
2025-06-13 23:50:46,216 - isca - WARNING - WARNING from PE    0: socrates_init: lw_hires_spectral_filename is unset, making equal to lw_spectral_filename
2025-06-13 23:50:46,216 - isca - DEBUG - 
2025-06-13 23:50:46,216 - isca - DEBUG - 
2025-06-13 23:50:46,216 - isca - WARNING - WARNING from PE    0: socrates_init: sw_hires_spectral_filename is unset, making equal to sw_spectral_filename
2025-06-13 23:50:46,216 - isca - DEBUG - 
2025-06-13 23:50:46,216 - isca - DEBUG - 
2025-06-13 23:50:46,216 - isca - WARNING - WARNING from PE    0: socrates_init: sw_hires_spectral_filename is unset, making equal to sw_spectral_filename
2025-06-13 23:50:46,216 - isca - DEBUG - 
2025-06-13 23:50:47,421 - isca - DEBUG - NOTE from PE    0: Interpolator: Using input file with no time dimension - ozone_1990_notime_zero.nc
2025-06-13 23:50:47,421 - isca - DEBUG - Initializing src field : ozone_1990
2025-06-13 23:50:47,423 - isca - DEBUG - 
2025-06-13 23:50:47,423 - isca - DEBUG - -----------------------------------
2025-06-13 23:50:47,423 - isca - DEBUG - ____                       _
2025-06-13 23:50:47,423 - isca - DEBUG - / ___|  ___   ___ _ __ __ _| |_ ___  ___
2025-06-13 23:50:47,423 - isca - DEBUG - \___ \ / _ \ / __|  __/ _` | __/ _ \/ __|
2025-06-13 23:50:47,423 - isca - DEBUG - ___) | (_) | (__| | | (_| | ||  __/\__ \
2025-06-13 23:50:47,423 - isca - DEBUG - |____/ \___/ \___|_|  \__,_|\__\___||___/
2025-06-13 23:50:47,423 - isca - DEBUG - 
2025-06-13 23:50:47,423 - isca - DEBUG - Initialised Socrates v17.03
2025-06-13 23:50:47,423 - isca - DEBUG - Stellar constant =    1950.00000000000
2025-06-13 23:50:47,423 - isca - DEBUG - Longwave spectral file =
2025-06-13 23:50:47,423 - isca - DEBUG - /proj/bolinc/users/x_ryabo/socrates_edited_for_isca/spectral_files_for_GCMs/Sun
2025-06-13 23:50:47,423 - isca - DEBUG - /miniSuran_lw.sf WITH           16  bands
2025-06-13 23:50:47,423 - isca - DEBUG - Longwave hires spectral file =
2025-06-13 23:50:47,423 - isca - DEBUG - /proj/bolinc/users/x_ryabo/socrates_edited_for_isca/spectral_files_for_GCMs/Sun
2025-06-13 23:50:47,423 - isca - DEBUG - /miniSuran_lw.sf WITH           16  bands
2025-06-13 23:50:47,423 - isca - DEBUG - Shortwave spectral file =
2025-06-13 23:50:47,423 - isca - DEBUG - /proj/bolinc/users/x_ryabo/socrates_edited_for_isca/spectral_files_for_GCMs/Sun
2025-06-13 23:50:47,423 - isca - DEBUG - /miniSuran_sw.sf WITH           16  bands
2025-06-13 23:50:47,423 - isca - DEBUG - Shortwave hires spectral file =
2025-06-13 23:50:47,423 - isca - DEBUG - /proj/bolinc/users/x_ryabo/socrates_edited_for_isca/spectral_files_for_GCMs/Sun
2025-06-13 23:50:47,423 - isca - DEBUG - /miniSuran_sw.sf WITH           16  bands
2025-06-13 23:50:47,423 - isca - DEBUG - 
2025-06-13 23:50:47,423 - isca - DEBUG - -----------------------------------
2025-06-13 23:50:47,423 - isca - DEBUG - 
2025-06-13 23:51:33,724 - isca - DEBUG - Integration completed through 21841 days     0 seconds
2025-06-13 23:52:19,975 - isca - DEBUG - Integration completed through 21842 days     0 seconds
2025-06-13 23:53:06,357 - isca - DEBUG - Integration completed through 21843 days     0 seconds
2025-06-13 23:53:52,703 - isca - DEBUG - Integration completed through 21844 days     0 seconds
2025-06-13 23:54:38,359 - isca - DEBUG - Integration completed through 21845 days     0 seconds
2025-06-13 23:55:23,524 - isca - DEBUG - Integration completed through 21846 days     0 seconds
2025-06-13 23:56:08,629 - isca - DEBUG - Integration completed through 21847 days     0 seconds
2025-06-13 23:56:53,823 - isca - DEBUG - Integration completed through 21848 days     0 seconds
2025-06-13 23:57:38,741 - isca - DEBUG - Integration completed through 21849 days     0 seconds
2025-06-13 23:58:23,572 - isca - DEBUG - Integration completed through 21850 days     0 seconds
2025-06-13 23:59:08,542 - isca - DEBUG - Integration completed through 21851 days     0 seconds
2025-06-13 23:59:53,760 - isca - DEBUG - Integration completed through 21852 days     0 seconds
2025-06-14 00:00:38,714 - isca - DEBUG - Integration completed through 21853 days     0 seconds
2025-06-14 00:01:23,854 - isca - DEBUG - Integration completed through 21854 days     0 seconds
2025-06-14 00:02:08,937 - isca - DEBUG - Integration completed through 21855 days     0 seconds
2025-06-14 00:02:54,063 - isca - DEBUG - Integration completed through 21856 days     0 seconds
2025-06-14 00:03:39,161 - isca - DEBUG - Integration completed through 21857 days     0 seconds
2025-06-14 00:04:24,544 - isca - DEBUG - Integration completed through 21858 days     0 seconds
2025-06-14 00:05:09,546 - isca - DEBUG - Integration completed through 21859 days     0 seconds
2025-06-14 00:05:54,367 - isca - DEBUG - Integration completed through 21860 days     0 seconds
2025-06-14 00:06:38,664 - isca - DEBUG - Integration completed through 21861 days     0 seconds
2025-06-14 00:07:23,745 - isca - DEBUG - Integration completed through 21862 days     0 seconds
2025-06-14 00:08:08,634 - isca - DEBUG - Integration completed through 21863 days     0 seconds
2025-06-14 00:08:53,663 - isca - DEBUG - Integration completed through 21864 days     0 seconds
2025-06-14 00:09:38,505 - isca - DEBUG - Integration completed through 21865 days     0 seconds
2025-06-14 00:10:23,325 - isca - DEBUG - Integration completed through 21866 days     0 seconds
2025-06-14 00:11:08,381 - isca - DEBUG - Integration completed through 21867 days     0 seconds
2025-06-14 00:11:53,076 - isca - DEBUG - Integration completed through 21868 days     0 seconds
2025-06-14 00:12:37,836 - isca - DEBUG - Integration completed through 21869 days     0 seconds
2025-06-14 00:13:22,757 - isca - DEBUG - Integration completed through 21870 days     0 seconds
2025-06-14 00:13:22,765 - isca - DEBUG - 
2025-06-14 00:13:22,765 - isca - WARNING - WARNING from PE    0: diag_util_mod::opening_file: module/field_name (socrates/soc_toa_sw_down_clr) NOT registered
2025-06-14 00:13:22,765 - isca - DEBUG - 
2025-06-14 00:13:22,765 - isca - DEBUG - 
2025-06-14 00:13:22,765 - isca - WARNING - WARNING from PE    0: diag_util_mod::opening_file: module/field_name (cloud_simple/rh_min) NOT registered
2025-06-14 00:13:22,765 - isca - DEBUG - 
2025-06-14 00:13:22,765 - isca - DEBUG - 
2025-06-14 00:13:22,765 - isca - WARNING - WARNING from PE    0: diag_util_mod::opening_file: module/field_name (socrates/soc_toa_sw_down_clr) NOT registered
2025-06-14 00:13:22,765 - isca - DEBUG - 
2025-06-14 00:13:22,765 - isca - DEBUG - 
2025-06-14 00:13:22,765 - isca - WARNING - WARNING from PE    0: diag_util_mod::opening_file: module/field_name (cloud_simple/rh_min) NOT registered
2025-06-14 00:13:22,765 - isca - DEBUG - 
2025-06-14 00:13:22,776 - isca - DEBUG - NOTE from PE    0: MPP_IO_SET_STACK_SIZE: stack size set to     393216.
2025-06-14 00:13:22,874 - isca - DEBUG - MPP_DOMAINS_STACK high water mark=       49152
2025-06-14 00:13:22,875 - isca - DEBUG - 
2025-06-14 00:13:22,875 - isca - DEBUG - Tabulating mpp_clock statistics across     16 PEs...
2025-06-14 00:13:22,875 - isca - DEBUG - 
2025-06-14 00:13:22,875 - isca - DEBUG - tmin          tmax          tavg          tstd  tfrac grain pemin pemax
2025-06-14 00:13:22,875 - isca - DEBUG - Total runtime                      1356.731347   1356.739590   1356.735623      0.002167  1.000     0     0    15
2025-06-14 00:13:22,875 - isca - DEBUG - MPP_STACK high water mark=           0
2025-06-14 00:13:23,041 - isca - INFO - Run 729 complete
2025-06-14 00:13:23,868 - isca - DEBUG - atmos_monthly.nc combined and copied to data directory
2025-06-14 00:13:27,208 - isca - INFO - Restart archive created at /proj/bolinc/users/x_ryabo/Isca-Ryan_outputs/presentday_1540_Sun_noO3_1950/restarts/res0729.tar.gz
2025-06-14 00:13:27,220 - isca - INFO - Writing namelist to '/proj/bolinc/users/x_ryabo/Isca-Ryan_outputs/presentday_1540_Sun_noO3_1950/run0729/input.nml'
2025-06-14 00:13:27,222 - isca - INFO - Writing field_table to '/proj/bolinc/users/x_ryabo/Isca-Ryan_outputs/presentday_1540_Sun_noO3_1950/run0729/field_table'
2025-06-14 00:13:27,232 - isca - INFO - Writing diag_table to '/proj/bolinc/users/x_ryabo/Isca-Ryan_outputs/presentday_1540_Sun_noO3_1950/run0729/diag_table'
2025-06-14 00:13:27,483 - isca - INFO - Emptied run directory '/home/x_ryabo/Isca-Ryan_tmp/experiment/presentday_1540_Sun_noO3_1950/run'
2025-06-14 00:13:27,501 - isca - INFO - Emptied run directory '/home/x_ryabo/Isca-Ryan_tmp/experiment/presentday_1540_Sun_noO3_1950/run'
2025-06-14 00:13:27,713 - isca - INFO - Writing namelist to '/home/x_ryabo/Isca-Ryan_tmp/experiment/presentday_1540_Sun_noO3_1950/run/input.nml'
2025-06-14 00:13:27,715 - isca - INFO - Writing field_table to '/home/x_ryabo/Isca-Ryan_tmp/experiment/presentday_1540_Sun_noO3_1950/run/field_table'
2025-06-14 00:13:27,728 - isca - INFO - Writing diag_table to '/home/x_ryabo/Isca-Ryan_tmp/experiment/presentday_1540_Sun_noO3_1950/run/diag_table'
2025-06-14 00:13:27,739 - isca - INFO - Using restart file '/proj/bolinc/users/x_ryabo/Isca-Ryan_outputs/presentday_1540_Sun_noO3_1950/restarts/res0729.tar.gz'
2025-06-14 00:13:28,155 - isca - INFO - Restart /proj/bolinc/users/x_ryabo/Isca-Ryan_outputs/presentday_1540_Sun_noO3_1950/restarts/res0729.tar.gz extracted to /home/x_ryabo/Isca-Ryan_tmp/experiment/presentday_1540_Sun_noO3_1950/run/INPUT
2025-06-14 00:13:28,155 - isca - INFO - Beginning run 730
2025-06-14 00:13:28,166 - isca - INFO - process running as 1017486
2025-06-14 00:13:28,166 - isca - DEBUG - loadmodules for Isca on NSC cluster Tetralith
2025-06-14 00:13:28,166 - isca - DEBUG - mpiifort
2025-06-14 00:13:28,266 - isca - DEBUG - The following modules were not unloaded:
2025-06-14 00:13:28,266 - isca - DEBUG - (Use "module --force purge" to unload all):
2025-06-14 00:13:28,266 - isca - DEBUG - 
2025-06-14 00:13:28,266 - isca - DEBUG - 1) hpc/.1.10.1
2025-06-14 00:13:28,362 - isca - DEBUG - ***************************************************
2025-06-14 00:13:28,362 - isca - DEBUG - You have loaded a buildenv module
2025-06-14 00:13:28,362 - isca - DEBUG - ***************************************************
2025-06-14 00:13:28,362 - isca - DEBUG - The buldenv-intel module makes available:
2025-06-14 00:13:28,362 - isca - DEBUG - - Compilers: icc, ifort, etc.
2025-06-14 00:13:28,362 - isca - DEBUG - - Mpi library with mpi-wrapped compilers: intel mpi with mpicc, mpifort, etc.
2025-06-14 00:13:28,362 - isca - DEBUG - - Numerical libraries: intel MKL
2025-06-14 00:13:28,362 - isca - DEBUG - 
2025-06-14 00:13:28,362 - isca - DEBUG - It also makes a set of dependency library modules available via
2025-06-14 00:13:28,362 - isca - DEBUG - the regular module command. Just do:
2025-06-14 00:13:28,362 - isca - DEBUG - module avail
2025-06-14 00:13:28,362 - isca - DEBUG - to see what is available.
2025-06-14 00:13:28,362 - isca - DEBUG - 
2025-06-14 00:13:28,362 - isca - DEBUG - NOTE: You shoud never load build environments inside submitted jobs.
2025-06-14 00:13:28,362 - isca - DEBUG - (with the single exception of when using supercomputer time to compile code.)
2025-06-14 00:13:28,362 - isca - DEBUG - 
2025-06-14 00:13:29,559 - isca - DEBUG - NOTE from PE    0: MPP_DOMAINS_SET_STACK_SIZE: stack size set to    32768.
2025-06-14 00:13:29,559 - isca - DEBUG - &MPP_IO_NML
2025-06-14 00:13:29,559 - isca - DEBUG - HEADER_BUFFER_VAL       =       16384,
2025-06-14 00:13:29,560 - isca - DEBUG - GLOBAL_FIELD_ON_ROOT_PE = T,
2025-06-14 00:13:29,560 - isca - DEBUG - IO_CLOCKS_ON    = F,
2025-06-14 00:13:29,560 - isca - DEBUG - SHUFFLE =           0,
2025-06-14 00:13:29,560 - isca - DEBUG - DEFLATE_LEVEL   =          -1
2025-06-14 00:13:29,560 - isca - DEBUG - /
2025-06-14 00:13:29,561 - isca - DEBUG - NOTE from PE    0: MPP_IO_SET_STACK_SIZE: stack size set to     131072.
2025-06-14 00:13:29,562 - isca - DEBUG - NOTE from PE    0: MPP_DOMAINS_SET_STACK_SIZE: stack size set to   600000.
2025-06-14 00:13:29,569 - isca - DEBUG - starting            1  OpenMP threads per MPI-task
2025-06-14 00:13:29,571 - isca - DEBUG - ATMOS MODEL DOMAIN DECOMPOSITION
2025-06-14 00:13:29,571 - isca - DEBUG - X-AXIS =  128
2025-06-14 00:13:29,571 - isca - DEBUG - Y-AXIS =    4   4   4   4   4   4   4   4   4   4   4   4   4   4   4   4
2025-06-14 00:13:29,620 - isca - DEBUG - 
2025-06-14 00:13:29,620 - isca - WARNING - WARNING from PE   10: socrates_init: dt_rad does not fit into one day an integer number of times
2025-06-14 00:13:29,620 - isca - DEBUG - 
2025-06-14 00:13:29,621 - isca - DEBUG - 
2025-06-14 00:13:29,621 - isca - WARNING - WARNING from PE   15: socrates_init: dt_rad does not fit into one day an integer number of times
2025-06-14 00:13:29,621 - isca - DEBUG - 
2025-06-14 00:13:29,621 - isca - WARNING - WARNING from PE    9: socrates_init: dt_rad does not fit into one day an integer number of times
2025-06-14 00:13:29,621 - isca - DEBUG - 
2025-06-14 00:13:29,621 - isca - DEBUG - 
2025-06-14 00:13:29,621 - isca - DEBUG - 
2025-06-14 00:13:29,621 - isca - WARNING - WARNING from PE   13: socrates_init: dt_rad does not fit into one day an integer number of times
2025-06-14 00:13:29,621 - isca - DEBUG - 
2025-06-14 00:13:29,621 - isca - DEBUG - NOTE from PE    0: cloud_simple: Using SimCloud cloud scheme
2025-06-14 00:13:29,621 - isca - DEBUG - 
2025-06-14 00:13:29,621 - isca - WARNING - WARNING from PE   12: socrates_init: dt_rad does not fit into one day an integer number of times
2025-06-14 00:13:29,622 - isca - DEBUG - 
2025-06-14 00:13:29,622 - isca - DEBUG - 
2025-06-14 00:13:29,622 - isca - WARNING - WARNING from PE    8: socrates_init: dt_rad does not fit into one day an integer number of times
2025-06-14 00:13:29,622 - isca - DEBUG - 
2025-06-14 00:13:29,622 - isca - DEBUG - 
2025-06-14 00:13:29,622 - isca - WARNING - WARNING from PE   11: socrates_init: dt_rad does not fit into one day an integer number of times
2025-06-14 00:13:29,622 - isca - DEBUG - 
2025-06-14 00:13:29,622 - isca - DEBUG - 
2025-06-14 00:13:29,622 - isca - WARNING - WARNING from PE   14: socrates_init: dt_rad does not fit into one day an integer number of times
2025-06-14 00:13:29,622 - isca - DEBUG - 
2025-06-14 00:13:29,623 - isca - DEBUG - NOTE from PE    0: ls_cloud: Using linear cloud fraction diagnostic formula.
2025-06-14 00:13:29,623 - isca - DEBUG - NOTE from PE    0: cloud_cover: The cloud overlap assumption is MAXIMUM-RANDOM
2025-06-14 00:13:29,623 - isca - DEBUG - NOTE from PE    0: idealized_moist_phys: Using Frierson Quasi-Equilibrium convection scheme.
2025-06-14 00:13:29,627 - isca - DEBUG - 
2025-06-14 00:13:29,627 - isca - WARNING - WARNING from PE    3: socrates_init: dt_rad does not fit into one day an integer number of times
2025-06-14 00:13:29,627 - isca - DEBUG - 
2025-06-14 00:13:29,627 - isca - WARNING - WARNING from PE    5: socrates_init: dt_rad does not fit into one day an integer number of times
2025-06-14 00:13:29,627 - isca - DEBUG - 
2025-06-14 00:13:29,627 - isca - DEBUG - 
2025-06-14 00:13:29,627 - isca - DEBUG - 
2025-06-14 00:13:29,627 - isca - WARNING - WARNING from PE    4: socrates_init: dt_rad does not fit into one day an integer number of times
2025-06-14 00:13:29,627 - isca - DEBUG - 
2025-06-14 00:13:29,627 - isca - DEBUG - 
2025-06-14 00:13:29,627 - isca - WARNING - WARNING from PE    2: socrates_init: dt_rad does not fit into one day an integer number of times
2025-06-14 00:13:29,627 - isca - DEBUG - 
2025-06-14 00:13:29,627 - isca - DEBUG - 
2025-06-14 00:13:29,627 - isca - WARNING - WARNING from PE    7: socrates_init: dt_rad does not fit into one day an integer number of times
2025-06-14 00:13:29,627 - isca - DEBUG - 
2025-06-14 00:13:29,628 - isca - DEBUG - 
2025-06-14 00:13:29,628 - isca - DEBUG - 
2025-06-14 00:13:29,628 - isca - WARNING - WARNING from PE    1: socrates_init: dt_rad does not fit into one day an integer number of times
2025-06-14 00:13:29,628 - isca - DEBUG - 
2025-06-14 00:13:29,628 - isca - WARNING - WARNING from PE    6: socrates_init: dt_rad does not fit into one day an integer number of times
2025-06-14 00:13:29,628 - isca - DEBUG - 
2025-06-14 00:13:29,632 - isca - DEBUG - 
2025-06-14 00:13:29,632 - isca - WARNING - WARNING from PE    0: socrates_init: dt_rad does not fit into one day an integer number of times
2025-06-14 00:13:29,632 - isca - DEBUG - 
2025-06-14 00:13:29,632 - isca - DEBUG - 
2025-06-14 00:13:29,632 - isca - WARNING - WARNING from PE    0: socrates_init: dt_rad does not fit into one day an integer number of times
2025-06-14 00:13:29,632 - isca - DEBUG - 
2025-06-14 00:13:29,632 - isca - DEBUG - 
2025-06-14 00:13:29,632 - isca - WARNING - WARNING from PE    0: socrates_init: lw_hires_spectral_filename is unset, making equal to lw_spectral_filename
2025-06-14 00:13:29,632 - isca - DEBUG - 
2025-06-14 00:13:29,632 - isca - DEBUG - 
2025-06-14 00:13:29,632 - isca - WARNING - WARNING from PE    0: socrates_init: lw_hires_spectral_filename is unset, making equal to lw_spectral_filename
2025-06-14 00:13:29,633 - isca - DEBUG - 
2025-06-14 00:13:29,633 - isca - DEBUG - 
2025-06-14 00:13:29,633 - isca - WARNING - WARNING from PE    0: socrates_init: sw_hires_spectral_filename is unset, making equal to sw_spectral_filename
2025-06-14 00:13:29,633 - isca - DEBUG - 
2025-06-14 00:13:29,633 - isca - DEBUG - 
2025-06-14 00:13:29,633 - isca - WARNING - WARNING from PE    0: socrates_init: sw_hires_spectral_filename is unset, making equal to sw_spectral_filename
2025-06-14 00:13:29,633 - isca - DEBUG - 
2025-06-14 00:13:30,816 - isca - DEBUG - NOTE from PE    0: Interpolator: Using input file with no time dimension - ozone_1990_notime_zero.nc
2025-06-14 00:13:30,816 - isca - DEBUG - Initializing src field : ozone_1990
2025-06-14 00:13:30,818 - isca - DEBUG - 
2025-06-14 00:13:30,819 - isca - DEBUG - -----------------------------------
2025-06-14 00:13:30,819 - isca - DEBUG - ____                       _
2025-06-14 00:13:30,819 - isca - DEBUG - / ___|  ___   ___ _ __ __ _| |_ ___  ___
2025-06-14 00:13:30,819 - isca - DEBUG - \___ \ / _ \ / __|  __/ _` | __/ _ \/ __|
2025-06-14 00:13:30,819 - isca - DEBUG - ___) | (_) | (__| | | (_| | ||  __/\__ \
2025-06-14 00:13:30,819 - isca - DEBUG - |____/ \___/ \___|_|  \__,_|\__\___||___/
2025-06-14 00:13:30,819 - isca - DEBUG - 
2025-06-14 00:13:30,819 - isca - DEBUG - Initialised Socrates v17.03
2025-06-14 00:13:30,819 - isca - DEBUG - Stellar constant =    1950.00000000000
2025-06-14 00:13:30,819 - isca - DEBUG - Longwave spectral file =
2025-06-14 00:13:30,819 - isca - DEBUG - /proj/bolinc/users/x_ryabo/socrates_edited_for_isca/spectral_files_for_GCMs/Sun
2025-06-14 00:13:30,819 - isca - DEBUG - /miniSuran_lw.sf WITH           16  bands
2025-06-14 00:13:30,819 - isca - DEBUG - Longwave hires spectral file =
2025-06-14 00:13:30,819 - isca - DEBUG - /proj/bolinc/users/x_ryabo/socrates_edited_for_isca/spectral_files_for_GCMs/Sun
2025-06-14 00:13:30,819 - isca - DEBUG - /miniSuran_lw.sf WITH           16  bands
2025-06-14 00:13:30,819 - isca - DEBUG - Shortwave spectral file =
2025-06-14 00:13:30,819 - isca - DEBUG - /proj/bolinc/users/x_ryabo/socrates_edited_for_isca/spectral_files_for_GCMs/Sun
2025-06-14 00:13:30,819 - isca - DEBUG - /miniSuran_sw.sf WITH           16  bands
2025-06-14 00:13:30,819 - isca - DEBUG - Shortwave hires spectral file =
2025-06-14 00:13:30,819 - isca - DEBUG - /proj/bolinc/users/x_ryabo/socrates_edited_for_isca/spectral_files_for_GCMs/Sun
2025-06-14 00:13:30,819 - isca - DEBUG - /miniSuran_sw.sf WITH           16  bands
2025-06-14 00:13:30,819 - isca - DEBUG - 
2025-06-14 00:13:30,819 - isca - DEBUG - -----------------------------------
2025-06-14 00:13:30,819 - isca - DEBUG - 
2025-06-14 00:14:16,120 - isca - DEBUG - Integration completed through 21871 days     0 seconds
2025-06-14 00:15:00,940 - isca - DEBUG - Integration completed through 21872 days     0 seconds
2025-06-14 00:15:45,723 - isca - DEBUG - Integration completed through 21873 days     0 seconds
2025-06-14 00:16:30,671 - isca - DEBUG - Integration completed through 21874 days     0 seconds
2025-06-14 00:17:15,404 - isca - DEBUG - Integration completed through 21875 days     0 seconds
2025-06-14 00:18:00,183 - isca - DEBUG - Integration completed through 21876 days     0 seconds
2025-06-14 00:18:45,585 - isca - DEBUG - Integration completed through 21877 days     0 seconds
2025-06-14 00:19:30,784 - isca - DEBUG - Integration completed through 21878 days     0 seconds
2025-06-14 00:20:16,015 - isca - DEBUG - Integration completed through 21879 days     0 seconds
2025-06-14 00:21:01,220 - isca - DEBUG - Integration completed through 21880 days     0 seconds
2025-06-14 00:21:46,270 - isca - DEBUG - Integration completed through 21881 days     0 seconds
2025-06-14 00:22:31,197 - isca - DEBUG - Integration completed through 21882 days     0 seconds
2025-06-14 00:23:16,494 - isca - DEBUG - Integration completed through 21883 days     0 seconds
2025-06-14 00:24:01,169 - isca - DEBUG - Integration completed through 21884 days     0 seconds
2025-06-14 00:24:45,645 - isca - DEBUG - Integration completed through 21885 days     0 seconds
2025-06-14 00:25:30,221 - isca - DEBUG - Integration completed through 21886 days     0 seconds
2025-06-14 00:26:14,104 - isca - DEBUG - Integration completed through 21887 days     0 seconds
2025-06-14 00:26:56,857 - isca - DEBUG - Integration completed through 21888 days     0 seconds
2025-06-14 00:27:39,778 - isca - DEBUG - Integration completed through 21889 days     0 seconds
2025-06-14 00:28:22,258 - isca - DEBUG - Integration completed through 21890 days     0 seconds
2025-06-14 00:29:05,420 - isca - DEBUG - Integration completed through 21891 days     0 seconds
2025-06-14 00:29:48,078 - isca - DEBUG - Integration completed through 21892 days     0 seconds
2025-06-14 00:30:30,903 - isca - DEBUG - Integration completed through 21893 days     0 seconds
2025-06-14 00:31:13,574 - isca - DEBUG - Integration completed through 21894 days     0 seconds
2025-06-14 00:31:56,801 - isca - DEBUG - Integration completed through 21895 days     0 seconds
2025-06-14 00:32:39,854 - isca - DEBUG - Integration completed through 21896 days     0 seconds
2025-06-14 00:33:22,593 - isca - DEBUG - Integration completed through 21897 days     0 seconds
2025-06-14 00:34:05,602 - isca - DEBUG - Integration completed through 21898 days     0 seconds
2025-06-14 00:34:48,288 - isca - DEBUG - Integration completed through 21899 days     0 seconds
2025-06-14 00:35:30,721 - isca - DEBUG - Integration completed through 21900 days     0 seconds
2025-06-14 00:35:30,728 - isca - DEBUG - 
2025-06-14 00:35:30,729 - isca - WARNING - WARNING from PE    0: diag_util_mod::opening_file: module/field_name (socrates/soc_toa_sw_down_clr) NOT registered
2025-06-14 00:35:30,729 - isca - DEBUG - 
2025-06-14 00:35:30,729 - isca - DEBUG - 
2025-06-14 00:35:30,729 - isca - WARNING - WARNING from PE    0: diag_util_mod::opening_file: module/field_name (cloud_simple/rh_min) NOT registered
2025-06-14 00:35:30,729 - isca - DEBUG - 
2025-06-14 00:35:30,729 - isca - DEBUG - 
2025-06-14 00:35:30,729 - isca - WARNING - WARNING from PE    0: diag_util_mod::opening_file: module/field_name (socrates/soc_toa_sw_down_clr) NOT registered
2025-06-14 00:35:30,729 - isca - DEBUG - 
2025-06-14 00:35:30,729 - isca - DEBUG - 
2025-06-14 00:35:30,729 - isca - WARNING - WARNING from PE    0: diag_util_mod::opening_file: module/field_name (cloud_simple/rh_min) NOT registered
2025-06-14 00:35:30,729 - isca - DEBUG - 
2025-06-14 00:35:30,739 - isca - DEBUG - NOTE from PE    0: MPP_IO_SET_STACK_SIZE: stack size set to     393216.
2025-06-14 00:35:30,841 - isca - DEBUG - MPP_DOMAINS_STACK high water mark=       49152
2025-06-14 00:35:30,841 - isca - DEBUG - 
2025-06-14 00:35:30,841 - isca - DEBUG - Tabulating mpp_clock statistics across     16 PEs...
2025-06-14 00:35:30,841 - isca - DEBUG - 
2025-06-14 00:35:30,841 - isca - DEBUG - tmin          tmax          tavg          tstd  tfrac grain pemin pemax
2025-06-14 00:35:30,841 - isca - DEBUG - Total runtime                      1321.278595   1321.286792   1321.281977      0.002432  1.000     0     0    15
2025-06-14 00:35:30,842 - isca - DEBUG - MPP_STACK high water mark=           0
2025-06-14 00:35:30,952 - isca - INFO - Run 730 complete
2025-06-14 00:35:31,802 - isca - DEBUG - atmos_monthly.nc combined and copied to data directory
2025-06-14 00:35:35,203 - isca - INFO - Restart archive created at /proj/bolinc/users/x_ryabo/Isca-Ryan_outputs/presentday_1540_Sun_noO3_1950/restarts/res0730.tar.gz
2025-06-14 00:35:35,214 - isca - INFO - Writing namelist to '/proj/bolinc/users/x_ryabo/Isca-Ryan_outputs/presentday_1540_Sun_noO3_1950/run0730/input.nml'
2025-06-14 00:35:35,216 - isca - INFO - Writing field_table to '/proj/bolinc/users/x_ryabo/Isca-Ryan_outputs/presentday_1540_Sun_noO3_1950/run0730/field_table'
2025-06-14 00:35:35,226 - isca - INFO - Writing diag_table to '/proj/bolinc/users/x_ryabo/Isca-Ryan_outputs/presentday_1540_Sun_noO3_1950/run0730/diag_table'
2025-06-14 00:35:35,459 - isca - INFO - Emptied run directory '/home/x_ryabo/Isca-Ryan_tmp/experiment/presentday_1540_Sun_noO3_1950/run'
2025-06-14 00:35:35,479 - isca - INFO - Emptied run directory '/home/x_ryabo/Isca-Ryan_tmp/experiment/presentday_1540_Sun_noO3_1950/run'
2025-06-14 00:35:35,706 - isca - INFO - Writing namelist to '/home/x_ryabo/Isca-Ryan_tmp/experiment/presentday_1540_Sun_noO3_1950/run/input.nml'
2025-06-14 00:35:35,708 - isca - INFO - Writing field_table to '/home/x_ryabo/Isca-Ryan_tmp/experiment/presentday_1540_Sun_noO3_1950/run/field_table'
2025-06-14 00:35:35,718 - isca - INFO - Writing diag_table to '/home/x_ryabo/Isca-Ryan_tmp/experiment/presentday_1540_Sun_noO3_1950/run/diag_table'
2025-06-14 00:35:35,730 - isca - INFO - Using restart file '/proj/bolinc/users/x_ryabo/Isca-Ryan_outputs/presentday_1540_Sun_noO3_1950/restarts/res0730.tar.gz'
2025-06-14 00:35:36,154 - isca - INFO - Restart /proj/bolinc/users/x_ryabo/Isca-Ryan_outputs/presentday_1540_Sun_noO3_1950/restarts/res0730.tar.gz extracted to /home/x_ryabo/Isca-Ryan_tmp/experiment/presentday_1540_Sun_noO3_1950/run/INPUT
2025-06-14 00:35:36,155 - isca - INFO - Beginning run 731
2025-06-14 00:35:36,168 - isca - INFO - process running as 1018788
2025-06-14 00:35:36,168 - isca - DEBUG - loadmodules for Isca on NSC cluster Tetralith
2025-06-14 00:35:36,168 - isca - DEBUG - mpiifort
2025-06-14 00:35:36,264 - isca - DEBUG - The following modules were not unloaded:
2025-06-14 00:35:36,264 - isca - DEBUG - (Use "module --force purge" to unload all):
2025-06-14 00:35:36,264 - isca - DEBUG - 
2025-06-14 00:35:36,265 - isca - DEBUG - 1) hpc/.1.10.1
2025-06-14 00:35:36,360 - isca - DEBUG - ***************************************************
2025-06-14 00:35:36,360 - isca - DEBUG - You have loaded a buildenv module
2025-06-14 00:35:36,361 - isca - DEBUG - ***************************************************
2025-06-14 00:35:36,361 - isca - DEBUG - The buldenv-intel module makes available:
2025-06-14 00:35:36,361 - isca - DEBUG - - Compilers: icc, ifort, etc.
2025-06-14 00:35:36,361 - isca - DEBUG - - Mpi library with mpi-wrapped compilers: intel mpi with mpicc, mpifort, etc.
2025-06-14 00:35:36,361 - isca - DEBUG - - Numerical libraries: intel MKL
2025-06-14 00:35:36,361 - isca - DEBUG - 
2025-06-14 00:35:36,361 - isca - DEBUG - It also makes a set of dependency library modules available via
2025-06-14 00:35:36,361 - isca - DEBUG - the regular module command. Just do:
2025-06-14 00:35:36,361 - isca - DEBUG - module avail
2025-06-14 00:35:36,361 - isca - DEBUG - to see what is available.
2025-06-14 00:35:36,361 - isca - DEBUG - 
2025-06-14 00:35:36,361 - isca - DEBUG - NOTE: You shoud never load build environments inside submitted jobs.
2025-06-14 00:35:36,361 - isca - DEBUG - (with the single exception of when using supercomputer time to compile code.)
2025-06-14 00:35:36,361 - isca - DEBUG - 
2025-06-14 00:35:37,589 - isca - DEBUG - NOTE from PE    0: MPP_DOMAINS_SET_STACK_SIZE: stack size set to    32768.
2025-06-14 00:35:37,589 - isca - DEBUG - &MPP_IO_NML
2025-06-14 00:35:37,589 - isca - DEBUG - HEADER_BUFFER_VAL       =       16384,
2025-06-14 00:35:37,590 - isca - DEBUG - GLOBAL_FIELD_ON_ROOT_PE = T,
2025-06-14 00:35:37,590 - isca - DEBUG - IO_CLOCKS_ON    = F,
2025-06-14 00:35:37,590 - isca - DEBUG - SHUFFLE =           0,
2025-06-14 00:35:37,590 - isca - DEBUG - DEFLATE_LEVEL   =          -1
2025-06-14 00:35:37,590 - isca - DEBUG - /
2025-06-14 00:35:37,591 - isca - DEBUG - NOTE from PE    0: MPP_IO_SET_STACK_SIZE: stack size set to     131072.
2025-06-14 00:35:37,592 - isca - DEBUG - NOTE from PE    0: MPP_DOMAINS_SET_STACK_SIZE: stack size set to   600000.
2025-06-14 00:35:37,599 - isca - DEBUG - starting            1  OpenMP threads per MPI-task
2025-06-14 00:35:37,601 - isca - DEBUG - ATMOS MODEL DOMAIN DECOMPOSITION
2025-06-14 00:35:37,601 - isca - DEBUG - X-AXIS =  128
2025-06-14 00:35:37,601 - isca - DEBUG - Y-AXIS =    4   4   4   4   4   4   4   4   4   4   4   4   4   4   4   4
2025-06-14 00:35:37,651 - isca - DEBUG - 
2025-06-14 00:35:37,651 - isca - WARNING - WARNING from PE   11: socrates_init: dt_rad does not fit into one day an integer number of times
2025-06-14 00:35:37,651 - isca - DEBUG - 
2025-06-14 00:35:37,651 - isca - DEBUG - 
2025-06-14 00:35:37,651 - isca - WARNING - WARNING from PE   13: socrates_init: dt_rad does not fit into one day an integer number of times
2025-06-14 00:35:37,651 - isca - DEBUG - 
2025-06-14 00:35:37,651 - isca - DEBUG - 
2025-06-14 00:35:37,651 - isca - WARNING - WARNING from PE   15: socrates_init: dt_rad does not fit into one day an integer number of times
2025-06-14 00:35:37,651 - isca - DEBUG - 
2025-06-14 00:35:37,652 - isca - DEBUG - 
2025-06-14 00:35:37,652 - isca - WARNING - WARNING from PE    8: socrates_init: dt_rad does not fit into one day an integer number of times
2025-06-14 00:35:37,652 - isca - DEBUG - 
2025-06-14 00:35:37,652 - isca - DEBUG - 
2025-06-14 00:35:37,652 - isca - WARNING - WARNING from PE    9: socrates_init: dt_rad does not fit into one day an integer number of times
2025-06-14 00:35:37,652 - isca - DEBUG - 
2025-06-14 00:35:37,652 - isca - DEBUG - NOTE from PE    0: cloud_simple: Using SimCloud cloud scheme
2025-06-14 00:35:37,652 - isca - DEBUG - 
2025-06-14 00:35:37,652 - isca - WARNING - WARNING from PE   12: socrates_init: dt_rad does not fit into one day an integer number of times
2025-06-14 00:35:37,652 - isca - DEBUG - 
2025-06-14 00:35:37,652 - isca - DEBUG - 
2025-06-14 00:35:37,652 - isca - WARNING - WARNING from PE   14: socrates_init: dt_rad does not fit into one day an integer number of times
2025-06-14 00:35:37,652 - isca - DEBUG - 
2025-06-14 00:35:37,652 - isca - DEBUG - 
2025-06-14 00:35:37,652 - isca - WARNING - WARNING from PE   10: socrates_init: dt_rad does not fit into one day an integer number of times
2025-06-14 00:35:37,652 - isca - DEBUG - 
2025-06-14 00:35:37,653 - isca - DEBUG - NOTE from PE    0: ls_cloud: Using linear cloud fraction diagnostic formula.
2025-06-14 00:35:37,653 - isca - DEBUG - NOTE from PE    0: cloud_cover: The cloud overlap assumption is MAXIMUM-RANDOM
2025-06-14 00:35:37,653 - isca - DEBUG - NOTE from PE    0: idealized_moist_phys: Using Frierson Quasi-Equilibrium convection scheme.
2025-06-14 00:35:37,658 - isca - DEBUG - 
2025-06-14 00:35:37,658 - isca - DEBUG - 
2025-06-14 00:35:37,658 - isca - WARNING - WARNING from PE    5: socrates_init: dt_rad does not fit into one day an integer number of times
2025-06-14 00:35:37,658 - isca - DEBUG - 
2025-06-14 00:35:37,658 - isca - WARNING - WARNING from PE    4: socrates_init: dt_rad does not fit into one day an integer number of times
2025-06-14 00:35:37,658 - isca - DEBUG - 
2025-06-14 00:35:37,658 - isca - DEBUG - 
2025-06-14 00:35:37,658 - isca - WARNING - WARNING from PE    1: socrates_init: dt_rad does not fit into one day an integer number of times
2025-06-14 00:35:37,658 - isca - DEBUG - 
2025-06-14 00:35:37,658 - isca - DEBUG - 
2025-06-14 00:35:37,658 - isca - WARNING - WARNING from PE    3: socrates_init: dt_rad does not fit into one day an integer number of times
2025-06-14 00:35:37,658 - isca - DEBUG - 
2025-06-14 00:35:37,658 - isca - DEBUG - 
2025-06-14 00:35:37,658 - isca - WARNING - WARNING from PE    6: socrates_init: dt_rad does not fit into one day an integer number of times
2025-06-14 00:35:37,658 - isca - DEBUG - 
2025-06-14 00:35:37,658 - isca - DEBUG - 
2025-06-14 00:35:37,658 - isca - WARNING - WARNING from PE    2: socrates_init: dt_rad does not fit into one day an integer number of times
2025-06-14 00:35:37,659 - isca - DEBUG - 
2025-06-14 00:35:37,659 - isca - DEBUG - 
2025-06-14 00:35:37,659 - isca - WARNING - WARNING from PE    7: socrates_init: dt_rad does not fit into one day an integer number of times
2025-06-14 00:35:37,659 - isca - DEBUG - 
2025-06-14 00:35:37,663 - isca - DEBUG - 
2025-06-14 00:35:37,663 - isca - WARNING - WARNING from PE    0: socrates_init: dt_rad does not fit into one day an integer number of times
2025-06-14 00:35:37,663 - isca - DEBUG - 
2025-06-14 00:35:37,663 - isca - DEBUG - 
2025-06-14 00:35:37,663 - isca - WARNING - WARNING from PE    0: socrates_init: dt_rad does not fit into one day an integer number of times
2025-06-14 00:35:37,663 - isca - DEBUG - 
2025-06-14 00:35:37,663 - isca - DEBUG - 
2025-06-14 00:35:37,663 - isca - WARNING - WARNING from PE    0: socrates_init: lw_hires_spectral_filename is unset, making equal to lw_spectral_filename
2025-06-14 00:35:37,663 - isca - DEBUG - 
2025-06-14 00:35:37,663 - isca - DEBUG - 
2025-06-14 00:35:37,663 - isca - WARNING - WARNING from PE    0: socrates_init: lw_hires_spectral_filename is unset, making equal to lw_spectral_filename
2025-06-14 00:35:37,663 - isca - DEBUG - 
2025-06-14 00:35:37,663 - isca - DEBUG - 
2025-06-14 00:35:37,663 - isca - WARNING - WARNING from PE    0: socrates_init: sw_hires_spectral_filename is unset, making equal to sw_spectral_filename
2025-06-14 00:35:37,663 - isca - DEBUG - 
2025-06-14 00:35:37,663 - isca - DEBUG - 
2025-06-14 00:35:37,663 - isca - WARNING - WARNING from PE    0: socrates_init: sw_hires_spectral_filename is unset, making equal to sw_spectral_filename
2025-06-14 00:35:37,663 - isca - DEBUG - 
2025-06-14 00:35:38,756 - isca - DEBUG - NOTE from PE    0: Interpolator: Using input file with no time dimension - ozone_1990_notime_zero.nc
2025-06-14 00:35:38,756 - isca - DEBUG - Initializing src field : ozone_1990
2025-06-14 00:35:38,758 - isca - DEBUG - 
2025-06-14 00:35:38,758 - isca - DEBUG - -----------------------------------
2025-06-14 00:35:38,758 - isca - DEBUG - ____                       _
2025-06-14 00:35:38,758 - isca - DEBUG - / ___|  ___   ___ _ __ __ _| |_ ___  ___
2025-06-14 00:35:38,758 - isca - DEBUG - \___ \ / _ \ / __|  __/ _` | __/ _ \/ __|
2025-06-14 00:35:38,758 - isca - DEBUG - ___) | (_) | (__| | | (_| | ||  __/\__ \
2025-06-14 00:35:38,758 - isca - DEBUG - |____/ \___/ \___|_|  \__,_|\__\___||___/
2025-06-14 00:35:38,758 - isca - DEBUG - 
2025-06-14 00:35:38,758 - isca - DEBUG - Initialised Socrates v17.03
2025-06-14 00:35:38,758 - isca - DEBUG - Stellar constant =    1950.00000000000
2025-06-14 00:35:38,758 - isca - DEBUG - Longwave spectral file =
2025-06-14 00:35:38,758 - isca - DEBUG - /proj/bolinc/users/x_ryabo/socrates_edited_for_isca/spectral_files_for_GCMs/Sun
2025-06-14 00:35:38,758 - isca - DEBUG - /miniSuran_lw.sf WITH           16  bands
2025-06-14 00:35:38,758 - isca - DEBUG - Longwave hires spectral file =
2025-06-14 00:35:38,758 - isca - DEBUG - /proj/bolinc/users/x_ryabo/socrates_edited_for_isca/spectral_files_for_GCMs/Sun
2025-06-14 00:35:38,758 - isca - DEBUG - /miniSuran_lw.sf WITH           16  bands
2025-06-14 00:35:38,758 - isca - DEBUG - Shortwave spectral file =
2025-06-14 00:35:38,758 - isca - DEBUG - /proj/bolinc/users/x_ryabo/socrates_edited_for_isca/spectral_files_for_GCMs/Sun
2025-06-14 00:35:38,758 - isca - DEBUG - /miniSuran_sw.sf WITH           16  bands
2025-06-14 00:35:38,758 - isca - DEBUG - Shortwave hires spectral file =
2025-06-14 00:35:38,759 - isca - DEBUG - /proj/bolinc/users/x_ryabo/socrates_edited_for_isca/spectral_files_for_GCMs/Sun
2025-06-14 00:35:38,759 - isca - DEBUG - /miniSuran_sw.sf WITH           16  bands
2025-06-14 00:35:38,759 - isca - DEBUG - 
2025-06-14 00:35:38,759 - isca - DEBUG - -----------------------------------
2025-06-14 00:35:38,759 - isca - DEBUG - 
2025-06-14 00:36:21,947 - isca - DEBUG - Integration completed through 21901 days     0 seconds
2025-06-14 00:37:05,036 - isca - DEBUG - Integration completed through 21902 days     0 seconds
2025-06-14 00:37:48,221 - isca - DEBUG - Integration completed through 21903 days     0 seconds
2025-06-14 00:38:31,246 - isca - DEBUG - Integration completed through 21904 days     0 seconds
2025-06-14 00:39:14,113 - isca - DEBUG - Integration completed through 21905 days     0 seconds
2025-06-14 00:39:57,352 - isca - DEBUG - Integration completed through 21906 days     0 seconds
2025-06-14 00:40:40,598 - isca - DEBUG - Integration completed through 21907 days     0 seconds
2025-06-14 00:41:23,720 - isca - DEBUG - Integration completed through 21908 days     0 seconds
2025-06-14 00:42:06,773 - isca - DEBUG - Integration completed through 21909 days     0 seconds
2025-06-14 00:42:49,868 - isca - DEBUG - Integration completed through 21910 days     0 seconds
2025-06-14 00:43:33,023 - isca - DEBUG - Integration completed through 21911 days     0 seconds
2025-06-14 00:44:16,239 - isca - DEBUG - Integration completed through 21912 days     0 seconds
2025-06-14 00:44:59,697 - isca - DEBUG - Integration completed through 21913 days     0 seconds
2025-06-14 00:45:43,018 - isca - DEBUG - Integration completed through 21914 days     0 seconds
2025-06-14 00:46:26,389 - isca - DEBUG - Integration completed through 21915 days     0 seconds
2025-06-14 00:47:09,848 - isca - DEBUG - Integration completed through 21916 days     0 seconds
2025-06-14 00:47:53,325 - isca - DEBUG - Integration completed through 21917 days     0 seconds
2025-06-14 00:48:37,111 - isca - DEBUG - Integration completed through 21918 days     0 seconds
2025-06-14 00:49:20,861 - isca - DEBUG - Integration completed through 21919 days     0 seconds
2025-06-14 00:50:04,520 - isca - DEBUG - Integration completed through 21920 days     0 seconds
2025-06-14 00:50:48,149 - isca - DEBUG - Integration completed through 21921 days     0 seconds
2025-06-14 00:51:31,670 - isca - DEBUG - Integration completed through 21922 days     0 seconds
2025-06-14 00:52:15,381 - isca - DEBUG - Integration completed through 21923 days     0 seconds
2025-06-14 00:52:59,168 - isca - DEBUG - Integration completed through 21924 days     0 seconds
2025-06-14 00:53:42,868 - isca - DEBUG - Integration completed through 21925 days     0 seconds
2025-06-14 00:54:26,617 - isca - DEBUG - Integration completed through 21926 days     0 seconds
2025-06-14 00:55:10,376 - isca - DEBUG - Integration completed through 21927 days     0 seconds
2025-06-14 00:55:54,173 - isca - DEBUG - Integration completed through 21928 days     0 seconds
2025-06-14 00:56:37,707 - isca - DEBUG - Integration completed through 21929 days     0 seconds
2025-06-14 00:57:21,072 - isca - DEBUG - Integration completed through 21930 days     0 seconds
2025-06-14 00:57:21,081 - isca - DEBUG - 
2025-06-14 00:57:21,081 - isca - WARNING - WARNING from PE    0: diag_util_mod::opening_file: module/field_name (socrates/soc_toa_sw_down_clr) NOT registered
2025-06-14 00:57:21,081 - isca - DEBUG - 
2025-06-14 00:57:21,081 - isca - DEBUG - 
2025-06-14 00:57:21,081 - isca - WARNING - WARNING from PE    0: diag_util_mod::opening_file: module/field_name (cloud_simple/rh_min) NOT registered
2025-06-14 00:57:21,081 - isca - DEBUG - 
2025-06-14 00:57:21,081 - isca - DEBUG - 
2025-06-14 00:57:21,081 - isca - WARNING - WARNING from PE    0: diag_util_mod::opening_file: module/field_name (socrates/soc_toa_sw_down_clr) NOT registered
2025-06-14 00:57:21,081 - isca - DEBUG - 
2025-06-14 00:57:21,082 - isca - DEBUG - 
2025-06-14 00:57:21,082 - isca - WARNING - WARNING from PE    0: diag_util_mod::opening_file: module/field_name (cloud_simple/rh_min) NOT registered
2025-06-14 00:57:21,082 - isca - DEBUG - 
2025-06-14 00:57:21,092 - isca - DEBUG - NOTE from PE    0: MPP_IO_SET_STACK_SIZE: stack size set to     393216.
2025-06-14 00:57:21,251 - isca - DEBUG - MPP_DOMAINS_STACK high water mark=       49152
2025-06-14 00:57:21,251 - isca - DEBUG - 
2025-06-14 00:57:21,251 - isca - DEBUG - Tabulating mpp_clock statistics across     16 PEs...
2025-06-14 00:57:21,252 - isca - DEBUG - 
2025-06-14 00:57:21,252 - isca - DEBUG - tmin          tmax          tavg          tstd  tfrac grain pemin pemax
2025-06-14 00:57:21,252 - isca - DEBUG - Total runtime                      1303.657694   1303.667835   1303.663177      0.002321  1.000     0     0    15
2025-06-14 00:57:21,252 - isca - DEBUG - MPP_STACK high water mark=           0
2025-06-14 00:57:21,401 - isca - INFO - Run 731 complete
2025-06-14 00:57:22,257 - isca - DEBUG - atmos_monthly.nc combined and copied to data directory
2025-06-14 00:57:25,650 - isca - INFO - Restart archive created at /proj/bolinc/users/x_ryabo/Isca-Ryan_outputs/presentday_1540_Sun_noO3_1950/restarts/res0731.tar.gz
2025-06-14 00:57:25,663 - isca - INFO - Writing namelist to '/proj/bolinc/users/x_ryabo/Isca-Ryan_outputs/presentday_1540_Sun_noO3_1950/run0731/input.nml'
2025-06-14 00:57:25,665 - isca - INFO - Writing field_table to '/proj/bolinc/users/x_ryabo/Isca-Ryan_outputs/presentday_1540_Sun_noO3_1950/run0731/field_table'
2025-06-14 00:57:25,677 - isca - INFO - Writing diag_table to '/proj/bolinc/users/x_ryabo/Isca-Ryan_outputs/presentday_1540_Sun_noO3_1950/run0731/diag_table'
2025-06-14 00:57:25,912 - isca - INFO - Emptied run directory '/home/x_ryabo/Isca-Ryan_tmp/experiment/presentday_1540_Sun_noO3_1950/run'
2025-06-14 00:57:25,930 - isca - INFO - Emptied run directory '/home/x_ryabo/Isca-Ryan_tmp/experiment/presentday_1540_Sun_noO3_1950/run'
2025-06-14 00:57:26,145 - isca - INFO - Writing namelist to '/home/x_ryabo/Isca-Ryan_tmp/experiment/presentday_1540_Sun_noO3_1950/run/input.nml'
2025-06-14 00:57:26,146 - isca - INFO - Writing field_table to '/home/x_ryabo/Isca-Ryan_tmp/experiment/presentday_1540_Sun_noO3_1950/run/field_table'
2025-06-14 00:57:26,157 - isca - INFO - Writing diag_table to '/home/x_ryabo/Isca-Ryan_tmp/experiment/presentday_1540_Sun_noO3_1950/run/diag_table'
2025-06-14 00:57:26,169 - isca - INFO - Using restart file '/proj/bolinc/users/x_ryabo/Isca-Ryan_outputs/presentday_1540_Sun_noO3_1950/restarts/res0731.tar.gz'
2025-06-14 00:57:26,583 - isca - INFO - Restart /proj/bolinc/users/x_ryabo/Isca-Ryan_outputs/presentday_1540_Sun_noO3_1950/restarts/res0731.tar.gz extracted to /home/x_ryabo/Isca-Ryan_tmp/experiment/presentday_1540_Sun_noO3_1950/run/INPUT
2025-06-14 00:57:26,584 - isca - INFO - Beginning run 732
2025-06-14 00:57:26,594 - isca - INFO - process running as 1019875
2025-06-14 00:57:26,595 - isca - DEBUG - loadmodules for Isca on NSC cluster Tetralith
2025-06-14 00:57:26,595 - isca - DEBUG - mpiifort
2025-06-14 00:57:26,692 - isca - DEBUG - The following modules were not unloaded:
2025-06-14 00:57:26,692 - isca - DEBUG - (Use "module --force purge" to unload all):
2025-06-14 00:57:26,692 - isca - DEBUG - 
2025-06-14 00:57:26,692 - isca - DEBUG - 1) hpc/.1.10.1
2025-06-14 00:57:26,788 - isca - DEBUG - ***************************************************
2025-06-14 00:57:26,788 - isca - DEBUG - You have loaded a buildenv module
2025-06-14 00:57:26,788 - isca - DEBUG - ***************************************************
2025-06-14 00:57:26,788 - isca - DEBUG - The buldenv-intel module makes available:
2025-06-14 00:57:26,788 - isca - DEBUG - - Compilers: icc, ifort, etc.
2025-06-14 00:57:26,789 - isca - DEBUG - - Mpi library with mpi-wrapped compilers: intel mpi with mpicc, mpifort, etc.
2025-06-14 00:57:26,789 - isca - DEBUG - - Numerical libraries: intel MKL
2025-06-14 00:57:26,789 - isca - DEBUG - 
2025-06-14 00:57:26,789 - isca - DEBUG - It also makes a set of dependency library modules available via
2025-06-14 00:57:26,789 - isca - DEBUG - the regular module command. Just do:
2025-06-14 00:57:26,789 - isca - DEBUG - module avail
2025-06-14 00:57:26,789 - isca - DEBUG - to see what is available.
2025-06-14 00:57:26,789 - isca - DEBUG - 
2025-06-14 00:57:26,789 - isca - DEBUG - NOTE: You shoud never load build environments inside submitted jobs.
2025-06-14 00:57:26,789 - isca - DEBUG - (with the single exception of when using supercomputer time to compile code.)
2025-06-14 00:57:26,789 - isca - DEBUG - 
2025-06-14 00:57:27,995 - isca - DEBUG - NOTE from PE    0: MPP_DOMAINS_SET_STACK_SIZE: stack size set to    32768.
2025-06-14 00:57:27,995 - isca - DEBUG - &MPP_IO_NML
2025-06-14 00:57:27,995 - isca - DEBUG - HEADER_BUFFER_VAL       =       16384,
2025-06-14 00:57:27,995 - isca - DEBUG - GLOBAL_FIELD_ON_ROOT_PE = T,
2025-06-14 00:57:27,995 - isca - DEBUG - IO_CLOCKS_ON    = F,
2025-06-14 00:57:27,995 - isca - DEBUG - SHUFFLE =           0,
2025-06-14 00:57:27,995 - isca - DEBUG - DEFLATE_LEVEL   =          -1
2025-06-14 00:57:27,995 - isca - DEBUG - /
2025-06-14 00:57:27,996 - isca - DEBUG - NOTE from PE    0: MPP_IO_SET_STACK_SIZE: stack size set to     131072.
2025-06-14 00:57:27,997 - isca - DEBUG - NOTE from PE    0: MPP_DOMAINS_SET_STACK_SIZE: stack size set to   600000.
2025-06-14 00:57:28,005 - isca - DEBUG - starting            1  OpenMP threads per MPI-task
2025-06-14 00:57:28,007 - isca - DEBUG - ATMOS MODEL DOMAIN DECOMPOSITION
2025-06-14 00:57:28,007 - isca - DEBUG - X-AXIS =  128
2025-06-14 00:57:28,007 - isca - DEBUG - Y-AXIS =    4   4   4   4   4   4   4   4   4   4   4   4   4   4   4   4
2025-06-14 00:57:28,058 - isca - DEBUG - 
2025-06-14 00:57:28,058 - isca - WARNING - WARNING from PE   11: socrates_init: dt_rad does not fit into one day an integer number of times
2025-06-14 00:57:28,058 - isca - DEBUG - 
2025-06-14 00:57:28,058 - isca - DEBUG - 
2025-06-14 00:57:28,058 - isca - WARNING - WARNING from PE   14: socrates_init: dt_rad does not fit into one day an integer number of times
2025-06-14 00:57:28,058 - isca - DEBUG - 
2025-06-14 00:57:28,058 - isca - DEBUG - 
2025-06-14 00:57:28,058 - isca - DEBUG - 
2025-06-14 00:57:28,058 - isca - WARNING - WARNING from PE    9: socrates_init: dt_rad does not fit into one day an integer number of times
2025-06-14 00:57:28,058 - isca - DEBUG - 
2025-06-14 00:57:28,059 - isca - DEBUG - 
2025-06-14 00:57:28,059 - isca - WARNING - WARNING from PE   15: socrates_init: dt_rad does not fit into one day an integer number of times
2025-06-14 00:57:28,059 - isca - DEBUG - 
2025-06-14 00:57:28,059 - isca - WARNING - WARNING from PE    8: socrates_init: dt_rad does not fit into one day an integer number of times
2025-06-14 00:57:28,059 - isca - DEBUG - 
2025-06-14 00:57:28,059 - isca - DEBUG - 
2025-06-14 00:57:28,059 - isca - WARNING - WARNING from PE   12: socrates_init: dt_rad does not fit into one day an integer number of times
2025-06-14 00:57:28,059 - isca - DEBUG - 
2025-06-14 00:57:28,059 - isca - DEBUG - 
2025-06-14 00:57:28,059 - isca - WARNING - WARNING from PE   10: socrates_init: dt_rad does not fit into one day an integer number of times
2025-06-14 00:57:28,059 - isca - DEBUG - 
2025-06-14 00:57:28,059 - isca - DEBUG - NOTE from PE    0: cloud_simple: Using SimCloud cloud scheme
2025-06-14 00:57:28,060 - isca - DEBUG - 
2025-06-14 00:57:28,060 - isca - WARNING - WARNING from PE   13: socrates_init: dt_rad does not fit into one day an integer number of times
2025-06-14 00:57:28,060 - isca - DEBUG - 
2025-06-14 00:57:28,060 - isca - DEBUG - NOTE from PE    0: ls_cloud: Using linear cloud fraction diagnostic formula.
2025-06-14 00:57:28,061 - isca - DEBUG - NOTE from PE    0: cloud_cover: The cloud overlap assumption is MAXIMUM-RANDOM
2025-06-14 00:57:28,061 - isca - DEBUG - NOTE from PE    0: idealized_moist_phys: Using Frierson Quasi-Equilibrium convection scheme.
2025-06-14 00:57:28,065 - isca - DEBUG - 
2025-06-14 00:57:28,065 - isca - WARNING - WARNING from PE    2: socrates_init: dt_rad does not fit into one day an integer number of times
2025-06-14 00:57:28,065 - isca - DEBUG - 
2025-06-14 00:57:28,065 - isca - DEBUG - 
2025-06-14 00:57:28,065 - isca - DEBUG - 
2025-06-14 00:57:28,065 - isca - WARNING - WARNING from PE    7: socrates_init: dt_rad does not fit into one day an integer number of times
2025-06-14 00:57:28,065 - isca - DEBUG - 
2025-06-14 00:57:28,065 - isca - DEBUG - 
2025-06-14 00:57:28,065 - isca - WARNING - WARNING from PE    5: socrates_init: dt_rad does not fit into one day an integer number of times
2025-06-14 00:57:28,065 - isca - DEBUG - 
2025-06-14 00:57:28,065 - isca - DEBUG - 
2025-06-14 00:57:28,065 - isca - WARNING - WARNING from PE    6: socrates_init: dt_rad does not fit into one day an integer number of times
2025-06-14 00:57:28,065 - isca - DEBUG - 
2025-06-14 00:57:28,065 - isca - WARNING - WARNING from PE    3: socrates_init: dt_rad does not fit into one day an integer number of times
2025-06-14 00:57:28,065 - isca - DEBUG - 
2025-06-14 00:57:28,066 - isca - DEBUG - 
2025-06-14 00:57:28,066 - isca - WARNING - WARNING from PE    1: socrates_init: dt_rad does not fit into one day an integer number of times
2025-06-14 00:57:28,066 - isca - DEBUG - 
2025-06-14 00:57:28,066 - isca - DEBUG - 
2025-06-14 00:57:28,066 - isca - WARNING - WARNING from PE    4: socrates_init: dt_rad does not fit into one day an integer number of times
2025-06-14 00:57:28,066 - isca - DEBUG - 
2025-06-14 00:57:28,069 - isca - DEBUG - 
2025-06-14 00:57:28,070 - isca - WARNING - WARNING from PE    0: socrates_init: dt_rad does not fit into one day an integer number of times
2025-06-14 00:57:28,070 - isca - DEBUG - 
2025-06-14 00:57:28,070 - isca - DEBUG - 
2025-06-14 00:57:28,070 - isca - WARNING - WARNING from PE    0: socrates_init: dt_rad does not fit into one day an integer number of times
2025-06-14 00:57:28,070 - isca - DEBUG - 
2025-06-14 00:57:28,070 - isca - DEBUG - 
2025-06-14 00:57:28,070 - isca - WARNING - WARNING from PE    0: socrates_init: lw_hires_spectral_filename is unset, making equal to lw_spectral_filename
2025-06-14 00:57:28,070 - isca - DEBUG - 
2025-06-14 00:57:28,070 - isca - DEBUG - 
2025-06-14 00:57:28,070 - isca - WARNING - WARNING from PE    0: socrates_init: lw_hires_spectral_filename is unset, making equal to lw_spectral_filename
2025-06-14 00:57:28,070 - isca - DEBUG - 
2025-06-14 00:57:28,070 - isca - DEBUG - 
2025-06-14 00:57:28,070 - isca - WARNING - WARNING from PE    0: socrates_init: sw_hires_spectral_filename is unset, making equal to sw_spectral_filename
2025-06-14 00:57:28,070 - isca - DEBUG - 
2025-06-14 00:57:28,070 - isca - DEBUG - 
2025-06-14 00:57:28,070 - isca - WARNING - WARNING from PE    0: socrates_init: sw_hires_spectral_filename is unset, making equal to sw_spectral_filename
2025-06-14 00:57:28,070 - isca - DEBUG - 
2025-06-14 00:57:29,163 - isca - DEBUG - NOTE from PE    0: Interpolator: Using input file with no time dimension - ozone_1990_notime_zero.nc
2025-06-14 00:57:29,163 - isca - DEBUG - Initializing src field : ozone_1990
2025-06-14 00:57:29,165 - isca - DEBUG - 
2025-06-14 00:57:29,165 - isca - DEBUG - -----------------------------------
2025-06-14 00:57:29,165 - isca - DEBUG - ____                       _
2025-06-14 00:57:29,165 - isca - DEBUG - / ___|  ___   ___ _ __ __ _| |_ ___  ___
2025-06-14 00:57:29,165 - isca - DEBUG - \___ \ / _ \ / __|  __/ _` | __/ _ \/ __|
2025-06-14 00:57:29,165 - isca - DEBUG - ___) | (_) | (__| | | (_| | ||  __/\__ \
2025-06-14 00:57:29,165 - isca - DEBUG - |____/ \___/ \___|_|  \__,_|\__\___||___/
2025-06-14 00:57:29,165 - isca - DEBUG - 
2025-06-14 00:57:29,165 - isca - DEBUG - Initialised Socrates v17.03
2025-06-14 00:57:29,165 - isca - DEBUG - Stellar constant =    1950.00000000000
2025-06-14 00:57:29,165 - isca - DEBUG - Longwave spectral file =
2025-06-14 00:57:29,165 - isca - DEBUG - /proj/bolinc/users/x_ryabo/socrates_edited_for_isca/spectral_files_for_GCMs/Sun
2025-06-14 00:57:29,165 - isca - DEBUG - /miniSuran_lw.sf WITH           16  bands
2025-06-14 00:57:29,165 - isca - DEBUG - Longwave hires spectral file =
2025-06-14 00:57:29,165 - isca - DEBUG - /proj/bolinc/users/x_ryabo/socrates_edited_for_isca/spectral_files_for_GCMs/Sun
2025-06-14 00:57:29,165 - isca - DEBUG - /miniSuran_lw.sf WITH           16  bands
2025-06-14 00:57:29,166 - isca - DEBUG - Shortwave spectral file =
2025-06-14 00:57:29,166 - isca - DEBUG - /proj/bolinc/users/x_ryabo/socrates_edited_for_isca/spectral_files_for_GCMs/Sun
2025-06-14 00:57:29,166 - isca - DEBUG - /miniSuran_sw.sf WITH           16  bands
2025-06-14 00:57:29,166 - isca - DEBUG - Shortwave hires spectral file =
2025-06-14 00:57:29,166 - isca - DEBUG - /proj/bolinc/users/x_ryabo/socrates_edited_for_isca/spectral_files_for_GCMs/Sun
2025-06-14 00:57:29,166 - isca - DEBUG - /miniSuran_sw.sf WITH           16  bands
2025-06-14 00:57:29,166 - isca - DEBUG - 
2025-06-14 00:57:29,166 - isca - DEBUG - -----------------------------------
2025-06-14 00:57:29,166 - isca - DEBUG - 
2025-06-14 00:58:12,727 - isca - DEBUG - Integration completed through 21931 days     0 seconds
2025-06-14 00:58:56,443 - isca - DEBUG - Integration completed through 21932 days     0 seconds
2025-06-14 00:59:40,222 - isca - DEBUG - Integration completed through 21933 days     0 seconds
2025-06-14 01:00:24,234 - isca - DEBUG - Integration completed through 21934 days     0 seconds
2025-06-14 01:01:08,341 - isca - DEBUG - Integration completed through 21935 days     0 seconds
2025-06-14 01:01:52,204 - isca - DEBUG - Integration completed through 21936 days     0 seconds
2025-06-14 01:02:36,252 - isca - DEBUG - Integration completed through 21937 days     0 seconds
2025-06-14 01:03:20,432 - isca - DEBUG - Integration completed through 21938 days     0 seconds
2025-06-14 01:04:04,385 - isca - DEBUG - Integration completed through 21939 days     0 seconds
2025-06-14 01:04:48,249 - isca - DEBUG - Integration completed through 21940 days     0 seconds
2025-06-14 01:05:31,941 - isca - DEBUG - Integration completed through 21941 days     0 seconds
2025-06-14 01:06:15,701 - isca - DEBUG - Integration completed through 21942 days     0 seconds
2025-06-14 01:06:59,543 - isca - DEBUG - Integration completed through 21943 days     0 seconds
2025-06-14 01:07:43,282 - isca - DEBUG - Integration completed through 21944 days     0 seconds
2025-06-14 01:08:26,781 - isca - DEBUG - Integration completed through 21945 days     0 seconds
2025-06-14 01:09:09,740 - isca - DEBUG - Integration completed through 21946 days     0 seconds
2025-06-14 01:09:52,911 - isca - DEBUG - Integration completed through 21947 days     0 seconds
2025-06-14 01:10:35,908 - isca - DEBUG - Integration completed through 21948 days     0 seconds
2025-06-14 01:11:18,968 - isca - DEBUG - Integration completed through 21949 days     0 seconds
2025-06-14 01:12:02,058 - isca - DEBUG - Integration completed through 21950 days     0 seconds
2025-06-14 01:12:45,271 - isca - DEBUG - Integration completed through 21951 days     0 seconds
2025-06-14 01:13:28,227 - isca - DEBUG - Integration completed through 21952 days     0 seconds
2025-06-14 01:14:11,096 - isca - DEBUG - Integration completed through 21953 days     0 seconds
2025-06-14 01:14:54,133 - isca - DEBUG - Integration completed through 21954 days     0 seconds
2025-06-14 01:15:36,903 - isca - DEBUG - Integration completed through 21955 days     0 seconds
2025-06-14 01:16:19,542 - isca - DEBUG - Integration completed through 21956 days     0 seconds
2025-06-14 01:17:02,010 - isca - DEBUG - Integration completed through 21957 days     0 seconds
2025-06-14 01:17:44,912 - isca - DEBUG - Integration completed through 21958 days     0 seconds
2025-06-14 01:18:27,769 - isca - DEBUG - Integration completed through 21959 days     0 seconds
2025-06-14 01:19:10,357 - isca - DEBUG - Integration completed through 21960 days     0 seconds
2025-06-14 01:19:10,365 - isca - DEBUG - 
2025-06-14 01:19:10,365 - isca - WARNING - WARNING from PE    0: diag_util_mod::opening_file: module/field_name (socrates/soc_toa_sw_down_clr) NOT registered
2025-06-14 01:19:10,365 - isca - DEBUG - 
2025-06-14 01:19:10,365 - isca - DEBUG - 
2025-06-14 01:19:10,365 - isca - WARNING - WARNING from PE    0: diag_util_mod::opening_file: module/field_name (cloud_simple/rh_min) NOT registered
2025-06-14 01:19:10,365 - isca - DEBUG - 
2025-06-14 01:19:10,365 - isca - DEBUG - 
2025-06-14 01:19:10,366 - isca - WARNING - WARNING from PE    0: diag_util_mod::opening_file: module/field_name (socrates/soc_toa_sw_down_clr) NOT registered
2025-06-14 01:19:10,366 - isca - DEBUG - 
2025-06-14 01:19:10,366 - isca - DEBUG - 
2025-06-14 01:19:10,366 - isca - WARNING - WARNING from PE    0: diag_util_mod::opening_file: module/field_name (cloud_simple/rh_min) NOT registered
2025-06-14 01:19:10,366 - isca - DEBUG - 
2025-06-14 01:19:10,375 - isca - DEBUG - NOTE from PE    0: MPP_IO_SET_STACK_SIZE: stack size set to     393216.
2025-06-14 01:19:10,469 - isca - DEBUG - MPP_DOMAINS_STACK high water mark=       49152
2025-06-14 01:19:10,469 - isca - DEBUG - 
2025-06-14 01:19:10,469 - isca - DEBUG - Tabulating mpp_clock statistics across     16 PEs...
2025-06-14 01:19:10,469 - isca - DEBUG - 
2025-06-14 01:19:10,469 - isca - DEBUG - tmin          tmax          tavg          tstd  tfrac grain pemin pemax
2025-06-14 01:19:10,469 - isca - DEBUG - Total runtime                      1302.471818   1302.477631   1302.475103      0.001635  1.000     0     0    15
2025-06-14 01:19:10,470 - isca - DEBUG - MPP_STACK high water mark=           0
2025-06-14 01:19:10,653 - isca - INFO - Run 732 complete
2025-06-14 01:19:11,493 - isca - DEBUG - atmos_monthly.nc combined and copied to data directory
2025-06-14 01:19:14,982 - isca - INFO - Restart archive created at /proj/bolinc/users/x_ryabo/Isca-Ryan_outputs/presentday_1540_Sun_noO3_1950/restarts/res0732.tar.gz
2025-06-14 01:19:14,994 - isca - INFO - Writing namelist to '/proj/bolinc/users/x_ryabo/Isca-Ryan_outputs/presentday_1540_Sun_noO3_1950/run0732/input.nml'
2025-06-14 01:19:14,996 - isca - INFO - Writing field_table to '/proj/bolinc/users/x_ryabo/Isca-Ryan_outputs/presentday_1540_Sun_noO3_1950/run0732/field_table'
2025-06-14 01:19:15,006 - isca - INFO - Writing diag_table to '/proj/bolinc/users/x_ryabo/Isca-Ryan_outputs/presentday_1540_Sun_noO3_1950/run0732/diag_table'
2025-06-14 01:19:15,237 - isca - INFO - Emptied run directory '/home/x_ryabo/Isca-Ryan_tmp/experiment/presentday_1540_Sun_noO3_1950/run'
2025-06-14 01:19:15,257 - isca - INFO - Emptied run directory '/home/x_ryabo/Isca-Ryan_tmp/experiment/presentday_1540_Sun_noO3_1950/run'
2025-06-14 01:19:15,469 - isca - INFO - Writing namelist to '/home/x_ryabo/Isca-Ryan_tmp/experiment/presentday_1540_Sun_noO3_1950/run/input.nml'
2025-06-14 01:19:15,471 - isca - INFO - Writing field_table to '/home/x_ryabo/Isca-Ryan_tmp/experiment/presentday_1540_Sun_noO3_1950/run/field_table'
2025-06-14 01:19:15,481 - isca - INFO - Writing diag_table to '/home/x_ryabo/Isca-Ryan_tmp/experiment/presentday_1540_Sun_noO3_1950/run/diag_table'
2025-06-14 01:19:15,499 - isca - INFO - Using restart file '/proj/bolinc/users/x_ryabo/Isca-Ryan_outputs/presentday_1540_Sun_noO3_1950/restarts/res0732.tar.gz'
2025-06-14 01:19:15,913 - isca - INFO - Restart /proj/bolinc/users/x_ryabo/Isca-Ryan_outputs/presentday_1540_Sun_noO3_1950/restarts/res0732.tar.gz extracted to /home/x_ryabo/Isca-Ryan_tmp/experiment/presentday_1540_Sun_noO3_1950/run/INPUT
2025-06-14 01:19:15,914 - isca - INFO - Beginning run 733
2025-06-14 01:19:15,924 - isca - INFO - process running as 1021105
2025-06-14 01:19:15,925 - isca - DEBUG - loadmodules for Isca on NSC cluster Tetralith
2025-06-14 01:19:15,925 - isca - DEBUG - mpiifort
2025-06-14 01:19:16,023 - isca - DEBUG - The following modules were not unloaded:
2025-06-14 01:19:16,023 - isca - DEBUG - (Use "module --force purge" to unload all):
2025-06-14 01:19:16,023 - isca - DEBUG - 
2025-06-14 01:19:16,023 - isca - DEBUG - 1) hpc/.1.10.1
2025-06-14 01:19:16,118 - isca - DEBUG - ***************************************************
2025-06-14 01:19:16,118 - isca - DEBUG - You have loaded a buildenv module
2025-06-14 01:19:16,118 - isca - DEBUG - ***************************************************
2025-06-14 01:19:16,118 - isca - DEBUG - The buldenv-intel module makes available:
2025-06-14 01:19:16,118 - isca - DEBUG - - Compilers: icc, ifort, etc.
2025-06-14 01:19:16,118 - isca - DEBUG - - Mpi library with mpi-wrapped compilers: intel mpi with mpicc, mpifort, etc.
2025-06-14 01:19:16,118 - isca - DEBUG - - Numerical libraries: intel MKL
2025-06-14 01:19:16,118 - isca - DEBUG - 
2025-06-14 01:19:16,118 - isca - DEBUG - It also makes a set of dependency library modules available via
2025-06-14 01:19:16,118 - isca - DEBUG - the regular module command. Just do:
2025-06-14 01:19:16,118 - isca - DEBUG - module avail
2025-06-14 01:19:16,118 - isca - DEBUG - to see what is available.
2025-06-14 01:19:16,118 - isca - DEBUG - 
2025-06-14 01:19:16,119 - isca - DEBUG - NOTE: You shoud never load build environments inside submitted jobs.
2025-06-14 01:19:16,119 - isca - DEBUG - (with the single exception of when using supercomputer time to compile code.)
2025-06-14 01:19:16,119 - isca - DEBUG - 
2025-06-14 01:19:17,323 - isca - DEBUG - NOTE from PE    0: MPP_DOMAINS_SET_STACK_SIZE: stack size set to    32768.
2025-06-14 01:19:17,323 - isca - DEBUG - &MPP_IO_NML
2025-06-14 01:19:17,323 - isca - DEBUG - HEADER_BUFFER_VAL       =       16384,
2025-06-14 01:19:17,323 - isca - DEBUG - GLOBAL_FIELD_ON_ROOT_PE = T,
2025-06-14 01:19:17,324 - isca - DEBUG - IO_CLOCKS_ON    = F,
2025-06-14 01:19:17,324 - isca - DEBUG - SHUFFLE =           0,
2025-06-14 01:19:17,324 - isca - DEBUG - DEFLATE_LEVEL   =          -1
2025-06-14 01:19:17,324 - isca - DEBUG - /
2025-06-14 01:19:17,325 - isca - DEBUG - NOTE from PE    0: MPP_IO_SET_STACK_SIZE: stack size set to     131072.
2025-06-14 01:19:17,326 - isca - DEBUG - NOTE from PE    0: MPP_DOMAINS_SET_STACK_SIZE: stack size set to   600000.
2025-06-14 01:19:17,333 - isca - DEBUG - starting            1  OpenMP threads per MPI-task
2025-06-14 01:19:17,335 - isca - DEBUG - ATMOS MODEL DOMAIN DECOMPOSITION
2025-06-14 01:19:17,335 - isca - DEBUG - X-AXIS =  128
2025-06-14 01:19:17,335 - isca - DEBUG - Y-AXIS =    4   4   4   4   4   4   4   4   4   4   4   4   4   4   4   4
2025-06-14 01:19:17,387 - isca - DEBUG - NOTE from PE    0: cloud_simple: Using SimCloud cloud scheme
2025-06-14 01:19:17,388 - isca - DEBUG - 
2025-06-14 01:19:17,388 - isca - WARNING - WARNING from PE   13: socrates_init: dt_rad does not fit into one day an integer number of times
2025-06-14 01:19:17,388 - isca - DEBUG - 
2025-06-14 01:19:17,388 - isca - DEBUG - 
2025-06-14 01:19:17,388 - isca - WARNING - WARNING from PE   12: socrates_init: dt_rad does not fit into one day an integer number of times
2025-06-14 01:19:17,388 - isca - DEBUG - 
2025-06-14 01:19:17,388 - isca - DEBUG - NOTE from PE    0: ls_cloud: Using linear cloud fraction diagnostic formula.
2025-06-14 01:19:17,388 - isca - DEBUG - 
2025-06-14 01:19:17,388 - isca - WARNING - WARNING from PE   15: socrates_init: dt_rad does not fit into one day an integer number of times
2025-06-14 01:19:17,388 - isca - DEBUG - 
2025-06-14 01:19:17,388 - isca - DEBUG - 
2025-06-14 01:19:17,388 - isca - DEBUG - NOTE from PE    0: cloud_cover: The cloud overlap assumption is MAXIMUM-RANDOM
2025-06-14 01:19:17,388 - isca - DEBUG - NOTE from PE    0: idealized_moist_phys: Using Frierson Quasi-Equilibrium convection scheme.
2025-06-14 01:19:17,388 - isca - WARNING - WARNING from PE    9: socrates_init: dt_rad does not fit into one day an integer number of times
2025-06-14 01:19:17,388 - isca - DEBUG - 
2025-06-14 01:19:17,388 - isca - DEBUG - 
2025-06-14 01:19:17,388 - isca - WARNING - WARNING from PE   11: socrates_init: dt_rad does not fit into one day an integer number of times
2025-06-14 01:19:17,388 - isca - DEBUG - 
2025-06-14 01:19:17,389 - isca - DEBUG - 
2025-06-14 01:19:17,389 - isca - WARNING - WARNING from PE    8: socrates_init: dt_rad does not fit into one day an integer number of times
2025-06-14 01:19:17,389 - isca - DEBUG - 
2025-06-14 01:19:17,389 - isca - DEBUG - 
2025-06-14 01:19:17,389 - isca - WARNING - WARNING from PE   14: socrates_init: dt_rad does not fit into one day an integer number of times
2025-06-14 01:19:17,389 - isca - DEBUG - 
2025-06-14 01:19:17,389 - isca - DEBUG - 
2025-06-14 01:19:17,389 - isca - WARNING - WARNING from PE   10: socrates_init: dt_rad does not fit into one day an integer number of times
2025-06-14 01:19:17,389 - isca - DEBUG - 
2025-06-14 01:19:17,392 - isca - DEBUG - 
2025-06-14 01:19:17,392 - isca - WARNING - WARNING from PE    7: socrates_init: dt_rad does not fit into one day an integer number of times
2025-06-14 01:19:17,392 - isca - DEBUG - 
2025-06-14 01:19:17,392 - isca - WARNING - WARNING from PE    4: socrates_init: dt_rad does not fit into one day an integer number of times
2025-06-14 01:19:17,392 - isca - DEBUG - 
2025-06-14 01:19:17,392 - isca - DEBUG - 
2025-06-14 01:19:17,392 - isca - DEBUG - 
2025-06-14 01:19:17,392 - isca - WARNING - WARNING from PE    2: socrates_init: dt_rad does not fit into one day an integer number of times
2025-06-14 01:19:17,392 - isca - DEBUG - 
2025-06-14 01:19:17,392 - isca - DEBUG - 
2025-06-14 01:19:17,392 - isca - WARNING - WARNING from PE    6: socrates_init: dt_rad does not fit into one day an integer number of times
2025-06-14 01:19:17,393 - isca - DEBUG - 
2025-06-14 01:19:17,393 - isca - DEBUG - 
2025-06-14 01:19:17,393 - isca - WARNING - WARNING from PE    1: socrates_init: dt_rad does not fit into one day an integer number of times
2025-06-14 01:19:17,393 - isca - DEBUG - 
2025-06-14 01:19:17,393 - isca - DEBUG - 
2025-06-14 01:19:17,393 - isca - WARNING - WARNING from PE    3: socrates_init: dt_rad does not fit into one day an integer number of times
2025-06-14 01:19:17,393 - isca - DEBUG - 
2025-06-14 01:19:17,393 - isca - DEBUG - 
2025-06-14 01:19:17,393 - isca - WARNING - WARNING from PE    5: socrates_init: dt_rad does not fit into one day an integer number of times
2025-06-14 01:19:17,393 - isca - DEBUG - 
2025-06-14 01:19:17,397 - isca - DEBUG - 
2025-06-14 01:19:17,397 - isca - WARNING - WARNING from PE    0: socrates_init: dt_rad does not fit into one day an integer number of times
2025-06-14 01:19:17,397 - isca - DEBUG - 
2025-06-14 01:19:17,397 - isca - DEBUG - 
2025-06-14 01:19:17,397 - isca - WARNING - WARNING from PE    0: socrates_init: dt_rad does not fit into one day an integer number of times
2025-06-14 01:19:17,397 - isca - DEBUG - 
2025-06-14 01:19:17,397 - isca - DEBUG - 
2025-06-14 01:19:17,397 - isca - WARNING - WARNING from PE    0: socrates_init: lw_hires_spectral_filename is unset, making equal to lw_spectral_filename
2025-06-14 01:19:17,397 - isca - DEBUG - 
2025-06-14 01:19:17,397 - isca - DEBUG - 
2025-06-14 01:19:17,397 - isca - WARNING - WARNING from PE    0: socrates_init: lw_hires_spectral_filename is unset, making equal to lw_spectral_filename
2025-06-14 01:19:17,397 - isca - DEBUG - 
2025-06-14 01:19:17,397 - isca - DEBUG - 
2025-06-14 01:19:17,397 - isca - WARNING - WARNING from PE    0: socrates_init: sw_hires_spectral_filename is unset, making equal to sw_spectral_filename
2025-06-14 01:19:17,397 - isca - DEBUG - 
2025-06-14 01:19:17,398 - isca - DEBUG - 
2025-06-14 01:19:17,398 - isca - WARNING - WARNING from PE    0: socrates_init: sw_hires_spectral_filename is unset, making equal to sw_spectral_filename
2025-06-14 01:19:17,398 - isca - DEBUG - 
2025-06-14 01:19:18,480 - isca - DEBUG - NOTE from PE    0: Interpolator: Using input file with no time dimension - ozone_1990_notime_zero.nc
2025-06-14 01:19:18,480 - isca - DEBUG - Initializing src field : ozone_1990
2025-06-14 01:19:18,482 - isca - DEBUG - 
2025-06-14 01:19:18,482 - isca - DEBUG - -----------------------------------
2025-06-14 01:19:18,482 - isca - DEBUG - ____                       _
2025-06-14 01:19:18,482 - isca - DEBUG - / ___|  ___   ___ _ __ __ _| |_ ___  ___
2025-06-14 01:19:18,482 - isca - DEBUG - \___ \ / _ \ / __|  __/ _` | __/ _ \/ __|
2025-06-14 01:19:18,482 - isca - DEBUG - ___) | (_) | (__| | | (_| | ||  __/\__ \
2025-06-14 01:19:18,482 - isca - DEBUG - |____/ \___/ \___|_|  \__,_|\__\___||___/
2025-06-14 01:19:18,482 - isca - DEBUG - 
2025-06-14 01:19:18,482 - isca - DEBUG - Initialised Socrates v17.03
2025-06-14 01:19:18,482 - isca - DEBUG - Stellar constant =    1950.00000000000
2025-06-14 01:19:18,482 - isca - DEBUG - Longwave spectral file =
2025-06-14 01:19:18,482 - isca - DEBUG - /proj/bolinc/users/x_ryabo/socrates_edited_for_isca/spectral_files_for_GCMs/Sun
2025-06-14 01:19:18,482 - isca - DEBUG - /miniSuran_lw.sf WITH           16  bands
2025-06-14 01:19:18,482 - isca - DEBUG - Longwave hires spectral file =
2025-06-14 01:19:18,482 - isca - DEBUG - /proj/bolinc/users/x_ryabo/socrates_edited_for_isca/spectral_files_for_GCMs/Sun
2025-06-14 01:19:18,482 - isca - DEBUG - /miniSuran_lw.sf WITH           16  bands
2025-06-14 01:19:18,482 - isca - DEBUG - Shortwave spectral file =
2025-06-14 01:19:18,482 - isca - DEBUG - /proj/bolinc/users/x_ryabo/socrates_edited_for_isca/spectral_files_for_GCMs/Sun
2025-06-14 01:19:18,482 - isca - DEBUG - /miniSuran_sw.sf WITH           16  bands
2025-06-14 01:19:18,482 - isca - DEBUG - Shortwave hires spectral file =
2025-06-14 01:19:18,482 - isca - DEBUG - /proj/bolinc/users/x_ryabo/socrates_edited_for_isca/spectral_files_for_GCMs/Sun
2025-06-14 01:19:18,482 - isca - DEBUG - /miniSuran_sw.sf WITH           16  bands
2025-06-14 01:19:18,483 - isca - DEBUG - 
2025-06-14 01:19:18,483 - isca - DEBUG - -----------------------------------
2025-06-14 01:19:18,483 - isca - DEBUG - 
2025-06-14 01:20:01,529 - isca - DEBUG - Integration completed through 21961 days     0 seconds
2025-06-14 01:20:44,446 - isca - DEBUG - Integration completed through 21962 days     0 seconds
2025-06-14 01:21:27,299 - isca - DEBUG - Integration completed through 21963 days     0 seconds
2025-06-14 01:22:09,899 - isca - DEBUG - Integration completed through 21964 days     0 seconds
2025-06-14 01:22:52,658 - isca - DEBUG - Integration completed through 21965 days     0 seconds
2025-06-14 01:23:35,409 - isca - DEBUG - Integration completed through 21966 days     0 seconds
2025-06-14 01:24:18,471 - isca - DEBUG - Integration completed through 21967 days     0 seconds
2025-06-14 01:25:01,512 - isca - DEBUG - Integration completed through 21968 days     0 seconds
2025-06-14 01:25:44,593 - isca - DEBUG - Integration completed through 21969 days     0 seconds
2025-06-14 01:26:27,523 - isca - DEBUG - Integration completed through 21970 days     0 seconds
2025-06-14 01:27:10,376 - isca - DEBUG - Integration completed through 21971 days     0 seconds
2025-06-14 01:27:53,236 - isca - DEBUG - Integration completed through 21972 days     0 seconds
2025-06-14 01:28:36,446 - isca - DEBUG - Integration completed through 21973 days     0 seconds
2025-06-14 01:29:19,707 - isca - DEBUG - Integration completed through 21974 days     0 seconds
2025-06-14 01:30:02,868 - isca - DEBUG - Integration completed through 21975 days     0 seconds
2025-06-14 01:30:45,809 - isca - DEBUG - Integration completed through 21976 days     0 seconds
2025-06-14 01:31:28,710 - isca - DEBUG - Integration completed through 21977 days     0 seconds
2025-06-14 01:32:11,814 - isca - DEBUG - Integration completed through 21978 days     0 seconds
2025-06-14 01:32:55,116 - isca - DEBUG - Integration completed through 21979 days     0 seconds
2025-06-14 01:33:38,466 - isca - DEBUG - Integration completed through 21980 days     0 seconds
2025-06-14 01:34:21,645 - isca - DEBUG - Integration completed through 21981 days     0 seconds
2025-06-14 01:35:04,726 - isca - DEBUG - Integration completed through 21982 days     0 seconds
2025-06-14 01:35:47,663 - isca - DEBUG - Integration completed through 21983 days     0 seconds
2025-06-14 01:36:30,765 - isca - DEBUG - Integration completed through 21984 days     0 seconds
2025-06-14 01:37:14,008 - isca - DEBUG - Integration completed through 21985 days     0 seconds
2025-06-14 01:37:56,955 - isca - DEBUG - Integration completed through 21986 days     0 seconds
2025-06-14 01:38:40,081 - isca - DEBUG - Integration completed through 21987 days     0 seconds
2025-06-14 01:39:23,010 - isca - DEBUG - Integration completed through 21988 days     0 seconds
2025-06-14 01:40:05,893 - isca - DEBUG - Integration completed through 21989 days     0 seconds
2025-06-14 01:40:48,804 - isca - DEBUG - Integration completed through 21990 days     0 seconds
2025-06-14 01:40:48,811 - isca - DEBUG - 
2025-06-14 01:40:48,811 - isca - WARNING - WARNING from PE    0: diag_util_mod::opening_file: module/field_name (socrates/soc_toa_sw_down_clr) NOT registered
2025-06-14 01:40:48,811 - isca - DEBUG - 
2025-06-14 01:40:48,811 - isca - DEBUG - 
2025-06-14 01:40:48,811 - isca - WARNING - WARNING from PE    0: diag_util_mod::opening_file: module/field_name (cloud_simple/rh_min) NOT registered
2025-06-14 01:40:48,811 - isca - DEBUG - 
2025-06-14 01:40:48,811 - isca - DEBUG - 
2025-06-14 01:40:48,811 - isca - WARNING - WARNING from PE    0: diag_util_mod::opening_file: module/field_name (socrates/soc_toa_sw_down_clr) NOT registered
2025-06-14 01:40:48,811 - isca - DEBUG - 
2025-06-14 01:40:48,811 - isca - DEBUG - 
2025-06-14 01:40:48,811 - isca - WARNING - WARNING from PE    0: diag_util_mod::opening_file: module/field_name (cloud_simple/rh_min) NOT registered
2025-06-14 01:40:48,811 - isca - DEBUG - 
2025-06-14 01:40:48,822 - isca - DEBUG - NOTE from PE    0: MPP_IO_SET_STACK_SIZE: stack size set to     393216.
2025-06-14 01:40:48,942 - isca - DEBUG - MPP_DOMAINS_STACK high water mark=       49152
2025-06-14 01:40:48,942 - isca - DEBUG - 
2025-06-14 01:40:48,942 - isca - DEBUG - Tabulating mpp_clock statistics across     16 PEs...
2025-06-14 01:40:48,942 - isca - DEBUG - 
2025-06-14 01:40:48,942 - isca - DEBUG - tmin          tmax          tavg          tstd  tfrac grain pemin pemax
2025-06-14 01:40:48,942 - isca - DEBUG - Total runtime                      1291.615285   1291.623876   1291.620249      0.002262  1.000     0     0    15
2025-06-14 01:40:48,943 - isca - DEBUG - MPP_STACK high water mark=           0
2025-06-14 01:40:49,063 - isca - INFO - Run 733 complete
2025-06-14 01:40:49,904 - isca - DEBUG - atmos_monthly.nc combined and copied to data directory
2025-06-14 01:40:53,383 - isca - INFO - Restart archive created at /proj/bolinc/users/x_ryabo/Isca-Ryan_outputs/presentday_1540_Sun_noO3_1950/restarts/res0733.tar.gz
2025-06-14 01:40:53,394 - isca - INFO - Writing namelist to '/proj/bolinc/users/x_ryabo/Isca-Ryan_outputs/presentday_1540_Sun_noO3_1950/run0733/input.nml'
2025-06-14 01:40:53,396 - isca - INFO - Writing field_table to '/proj/bolinc/users/x_ryabo/Isca-Ryan_outputs/presentday_1540_Sun_noO3_1950/run0733/field_table'
2025-06-14 01:40:53,406 - isca - INFO - Writing diag_table to '/proj/bolinc/users/x_ryabo/Isca-Ryan_outputs/presentday_1540_Sun_noO3_1950/run0733/diag_table'
2025-06-14 01:40:53,636 - isca - INFO - Emptied run directory '/home/x_ryabo/Isca-Ryan_tmp/experiment/presentday_1540_Sun_noO3_1950/run'
2025-06-14 01:40:53,653 - isca - INFO - Emptied run directory '/home/x_ryabo/Isca-Ryan_tmp/experiment/presentday_1540_Sun_noO3_1950/run'
2025-06-14 01:40:53,865 - isca - INFO - Writing namelist to '/home/x_ryabo/Isca-Ryan_tmp/experiment/presentday_1540_Sun_noO3_1950/run/input.nml'
2025-06-14 01:40:53,866 - isca - INFO - Writing field_table to '/home/x_ryabo/Isca-Ryan_tmp/experiment/presentday_1540_Sun_noO3_1950/run/field_table'
2025-06-14 01:40:53,877 - isca - INFO - Writing diag_table to '/home/x_ryabo/Isca-Ryan_tmp/experiment/presentday_1540_Sun_noO3_1950/run/diag_table'
2025-06-14 01:40:53,889 - isca - INFO - Using restart file '/proj/bolinc/users/x_ryabo/Isca-Ryan_outputs/presentday_1540_Sun_noO3_1950/restarts/res0733.tar.gz'
2025-06-14 01:40:54,302 - isca - INFO - Restart /proj/bolinc/users/x_ryabo/Isca-Ryan_outputs/presentday_1540_Sun_noO3_1950/restarts/res0733.tar.gz extracted to /home/x_ryabo/Isca-Ryan_tmp/experiment/presentday_1540_Sun_noO3_1950/run/INPUT
2025-06-14 01:40:54,302 - isca - INFO - Beginning run 734
2025-06-14 01:40:54,316 - isca - INFO - process running as 1022151
2025-06-14 01:40:54,316 - isca - DEBUG - loadmodules for Isca on NSC cluster Tetralith
2025-06-14 01:40:54,316 - isca - DEBUG - mpiifort
2025-06-14 01:40:54,413 - isca - DEBUG - The following modules were not unloaded:
2025-06-14 01:40:54,413 - isca - DEBUG - (Use "module --force purge" to unload all):
2025-06-14 01:40:54,413 - isca - DEBUG - 
2025-06-14 01:40:54,413 - isca - DEBUG - 1) hpc/.1.10.1
2025-06-14 01:40:54,509 - isca - DEBUG - ***************************************************
2025-06-14 01:40:54,509 - isca - DEBUG - You have loaded a buildenv module
2025-06-14 01:40:54,509 - isca - DEBUG - ***************************************************
2025-06-14 01:40:54,509 - isca - DEBUG - The buldenv-intel module makes available:
2025-06-14 01:40:54,509 - isca - DEBUG - - Compilers: icc, ifort, etc.
2025-06-14 01:40:54,509 - isca - DEBUG - - Mpi library with mpi-wrapped compilers: intel mpi with mpicc, mpifort, etc.
2025-06-14 01:40:54,510 - isca - DEBUG - - Numerical libraries: intel MKL
2025-06-14 01:40:54,510 - isca - DEBUG - 
2025-06-14 01:40:54,510 - isca - DEBUG - It also makes a set of dependency library modules available via
2025-06-14 01:40:54,510 - isca - DEBUG - the regular module command. Just do:
2025-06-14 01:40:54,510 - isca - DEBUG - module avail
2025-06-14 01:40:54,510 - isca - DEBUG - to see what is available.
2025-06-14 01:40:54,510 - isca - DEBUG - 
2025-06-14 01:40:54,510 - isca - DEBUG - NOTE: You shoud never load build environments inside submitted jobs.
2025-06-14 01:40:54,510 - isca - DEBUG - (with the single exception of when using supercomputer time to compile code.)
2025-06-14 01:40:54,510 - isca - DEBUG - 
2025-06-14 01:40:55,716 - isca - DEBUG - NOTE from PE    0: MPP_DOMAINS_SET_STACK_SIZE: stack size set to    32768.
2025-06-14 01:40:55,716 - isca - DEBUG - &MPP_IO_NML
2025-06-14 01:40:55,716 - isca - DEBUG - HEADER_BUFFER_VAL       =       16384,
2025-06-14 01:40:55,716 - isca - DEBUG - GLOBAL_FIELD_ON_ROOT_PE = T,
2025-06-14 01:40:55,716 - isca - DEBUG - IO_CLOCKS_ON    = F,
2025-06-14 01:40:55,716 - isca - DEBUG - SHUFFLE =           0,
2025-06-14 01:40:55,716 - isca - DEBUG - DEFLATE_LEVEL   =          -1
2025-06-14 01:40:55,716 - isca - DEBUG - /
2025-06-14 01:40:55,717 - isca - DEBUG - NOTE from PE    0: MPP_IO_SET_STACK_SIZE: stack size set to     131072.
2025-06-14 01:40:55,718 - isca - DEBUG - NOTE from PE    0: MPP_DOMAINS_SET_STACK_SIZE: stack size set to   600000.
2025-06-14 01:40:55,726 - isca - DEBUG - starting            1  OpenMP threads per MPI-task
2025-06-14 01:40:55,728 - isca - DEBUG - ATMOS MODEL DOMAIN DECOMPOSITION
2025-06-14 01:40:55,728 - isca - DEBUG - X-AXIS =  128
2025-06-14 01:40:55,728 - isca - DEBUG - Y-AXIS =    4   4   4   4   4   4   4   4   4   4   4   4   4   4   4   4
2025-06-14 01:40:55,777 - isca - DEBUG - NOTE from PE    0: cloud_simple: Using SimCloud cloud scheme
2025-06-14 01:40:55,778 - isca - DEBUG - 
2025-06-14 01:40:55,778 - isca - WARNING - WARNING from PE   13: socrates_init: dt_rad does not fit into one day an integer number of times
2025-06-14 01:40:55,778 - isca - DEBUG - 
2025-06-14 01:40:55,778 - isca - DEBUG - NOTE from PE    0: ls_cloud: Using linear cloud fraction diagnostic formula.
2025-06-14 01:40:55,779 - isca - DEBUG - NOTE from PE    0: cloud_cover: The cloud overlap assumption is MAXIMUM-RANDOM
2025-06-14 01:40:55,779 - isca - DEBUG - NOTE from PE    0: idealized_moist_phys: Using Frierson Quasi-Equilibrium convection scheme.
2025-06-14 01:40:55,779 - isca - DEBUG - 
2025-06-14 01:40:55,780 - isca - WARNING - WARNING from PE   12: socrates_init: dt_rad does not fit into one day an integer number of times
2025-06-14 01:40:55,780 - isca - DEBUG - 
2025-06-14 01:40:55,780 - isca - DEBUG - 
2025-06-14 01:40:55,780 - isca - DEBUG - 
2025-06-14 01:40:55,780 - isca - WARNING - WARNING from PE   15: socrates_init: dt_rad does not fit into one day an integer number of times
2025-06-14 01:40:55,780 - isca - DEBUG - 
2025-06-14 01:40:55,780 - isca - WARNING - WARNING from PE    8: socrates_init: dt_rad does not fit into one day an integer number of times
2025-06-14 01:40:55,780 - isca - DEBUG - 
2025-06-14 01:40:55,780 - isca - WARNING - WARNING from PE   10: socrates_init: dt_rad does not fit into one day an integer number of times
2025-06-14 01:40:55,780 - isca - DEBUG - 
2025-06-14 01:40:55,780 - isca - DEBUG - 
2025-06-14 01:40:55,780 - isca - DEBUG - 
2025-06-14 01:40:55,780 - isca - WARNING - WARNING from PE   11: socrates_init: dt_rad does not fit into one day an integer number of times
2025-06-14 01:40:55,781 - isca - DEBUG - 
2025-06-14 01:40:55,781 - isca - DEBUG - 
2025-06-14 01:40:55,781 - isca - WARNING - WARNING from PE   14: socrates_init: dt_rad does not fit into one day an integer number of times
2025-06-14 01:40:55,781 - isca - DEBUG - 
2025-06-14 01:40:55,782 - isca - DEBUG - 
2025-06-14 01:40:55,782 - isca - WARNING - WARNING from PE    9: socrates_init: dt_rad does not fit into one day an integer number of times
2025-06-14 01:40:55,782 - isca - DEBUG - 
2025-06-14 01:40:55,783 - isca - DEBUG - 
2025-06-14 01:40:55,783 - isca - WARNING - WARNING from PE    5: socrates_init: dt_rad does not fit into one day an integer number of times
2025-06-14 01:40:55,783 - isca - DEBUG - 
2025-06-14 01:40:55,783 - isca - DEBUG - 
2025-06-14 01:40:55,783 - isca - DEBUG - 
2025-06-14 01:40:55,783 - isca - WARNING - WARNING from PE    3: socrates_init: dt_rad does not fit into one day an integer number of times
2025-06-14 01:40:55,783 - isca - DEBUG - 
2025-06-14 01:40:55,783 - isca - WARNING - WARNING from PE    7: socrates_init: dt_rad does not fit into one day an integer number of times
2025-06-14 01:40:55,783 - isca - DEBUG - 
2025-06-14 01:40:55,783 - isca - DEBUG - 
2025-06-14 01:40:55,783 - isca - WARNING - WARNING from PE    1: socrates_init: dt_rad does not fit into one day an integer number of times
2025-06-14 01:40:55,783 - isca - DEBUG - 
2025-06-14 01:40:55,783 - isca - WARNING - WARNING from PE    2: socrates_init: dt_rad does not fit into one day an integer number of times
2025-06-14 01:40:55,783 - isca - DEBUG - 
2025-06-14 01:40:55,783 - isca - DEBUG - 
2025-06-14 01:40:55,783 - isca - DEBUG - 
2025-06-14 01:40:55,783 - isca - DEBUG - 
2025-06-14 01:40:55,783 - isca - WARNING - WARNING from PE    6: socrates_init: dt_rad does not fit into one day an integer number of times
2025-06-14 01:40:55,783 - isca - DEBUG - 
2025-06-14 01:40:55,784 - isca - WARNING - WARNING from PE    4: socrates_init: dt_rad does not fit into one day an integer number of times
2025-06-14 01:40:55,784 - isca - DEBUG - 
2025-06-14 01:40:55,788 - isca - DEBUG - 
2025-06-14 01:40:55,788 - isca - WARNING - WARNING from PE    0: socrates_init: dt_rad does not fit into one day an integer number of times
2025-06-14 01:40:55,788 - isca - DEBUG - 
2025-06-14 01:40:55,788 - isca - DEBUG - 
2025-06-14 01:40:55,788 - isca - WARNING - WARNING from PE    0: socrates_init: dt_rad does not fit into one day an integer number of times
2025-06-14 01:40:55,788 - isca - DEBUG - 
2025-06-14 01:40:55,788 - isca - DEBUG - 
2025-06-14 01:40:55,788 - isca - WARNING - WARNING from PE    0: socrates_init: lw_hires_spectral_filename is unset, making equal to lw_spectral_filename
2025-06-14 01:40:55,788 - isca - DEBUG - 
2025-06-14 01:40:55,788 - isca - DEBUG - 
2025-06-14 01:40:55,788 - isca - WARNING - WARNING from PE    0: socrates_init: lw_hires_spectral_filename is unset, making equal to lw_spectral_filename
2025-06-14 01:40:55,788 - isca - DEBUG - 
2025-06-14 01:40:55,788 - isca - DEBUG - 
2025-06-14 01:40:55,788 - isca - WARNING - WARNING from PE    0: socrates_init: sw_hires_spectral_filename is unset, making equal to sw_spectral_filename
2025-06-14 01:40:55,788 - isca - DEBUG - 
2025-06-14 01:40:55,788 - isca - DEBUG - 
2025-06-14 01:40:55,788 - isca - WARNING - WARNING from PE    0: socrates_init: sw_hires_spectral_filename is unset, making equal to sw_spectral_filename
2025-06-14 01:40:55,788 - isca - DEBUG - 
2025-06-14 01:40:56,866 - isca - DEBUG - NOTE from PE    0: Interpolator: Using input file with no time dimension - ozone_1990_notime_zero.nc
2025-06-14 01:40:56,867 - isca - DEBUG - Initializing src field : ozone_1990
2025-06-14 01:40:56,868 - isca - DEBUG - 
2025-06-14 01:40:56,868 - isca - DEBUG - -----------------------------------
2025-06-14 01:40:56,868 - isca - DEBUG - ____                       _
2025-06-14 01:40:56,868 - isca - DEBUG - / ___|  ___   ___ _ __ __ _| |_ ___  ___
2025-06-14 01:40:56,868 - isca - DEBUG - \___ \ / _ \ / __|  __/ _` | __/ _ \/ __|
2025-06-14 01:40:56,868 - isca - DEBUG - ___) | (_) | (__| | | (_| | ||  __/\__ \
2025-06-14 01:40:56,868 - isca - DEBUG - |____/ \___/ \___|_|  \__,_|\__\___||___/
2025-06-14 01:40:56,868 - isca - DEBUG - 
2025-06-14 01:40:56,868 - isca - DEBUG - Initialised Socrates v17.03
2025-06-14 01:40:56,868 - isca - DEBUG - Stellar constant =    1950.00000000000
2025-06-14 01:40:56,869 - isca - DEBUG - Longwave spectral file =
2025-06-14 01:40:56,869 - isca - DEBUG - /proj/bolinc/users/x_ryabo/socrates_edited_for_isca/spectral_files_for_GCMs/Sun
2025-06-14 01:40:56,869 - isca - DEBUG - /miniSuran_lw.sf WITH           16  bands
2025-06-14 01:40:56,869 - isca - DEBUG - Longwave hires spectral file =
2025-06-14 01:40:56,869 - isca - DEBUG - /proj/bolinc/users/x_ryabo/socrates_edited_for_isca/spectral_files_for_GCMs/Sun
2025-06-14 01:40:56,869 - isca - DEBUG - /miniSuran_lw.sf WITH           16  bands
2025-06-14 01:40:56,869 - isca - DEBUG - Shortwave spectral file =
2025-06-14 01:40:56,869 - isca - DEBUG - /proj/bolinc/users/x_ryabo/socrates_edited_for_isca/spectral_files_for_GCMs/Sun
2025-06-14 01:40:56,869 - isca - DEBUG - /miniSuran_sw.sf WITH           16  bands
2025-06-14 01:40:56,869 - isca - DEBUG - Shortwave hires spectral file =
2025-06-14 01:40:56,869 - isca - DEBUG - /proj/bolinc/users/x_ryabo/socrates_edited_for_isca/spectral_files_for_GCMs/Sun
2025-06-14 01:40:56,869 - isca - DEBUG - /miniSuran_sw.sf WITH           16  bands
2025-06-14 01:40:56,869 - isca - DEBUG - 
2025-06-14 01:40:56,869 - isca - DEBUG - -----------------------------------
2025-06-14 01:40:56,869 - isca - DEBUG - 
2025-06-14 01:41:40,160 - isca - DEBUG - Integration completed through 21991 days     0 seconds
2025-06-14 01:42:23,043 - isca - DEBUG - Integration completed through 21992 days     0 seconds
2025-06-14 01:43:05,954 - isca - DEBUG - Integration completed through 21993 days     0 seconds
2025-06-14 01:43:48,851 - isca - DEBUG - Integration completed through 21994 days     0 seconds
2025-06-14 01:44:31,793 - isca - DEBUG - Integration completed through 21995 days     0 seconds
2025-06-14 01:45:14,679 - isca - DEBUG - Integration completed through 21996 days     0 seconds
2025-06-14 01:45:57,601 - isca - DEBUG - Integration completed through 21997 days     0 seconds
2025-06-14 01:46:40,330 - isca - DEBUG - Integration completed through 21998 days     0 seconds
2025-06-14 01:47:22,976 - isca - DEBUG - Integration completed through 21999 days     0 seconds
2025-06-14 01:48:05,846 - isca - DEBUG - Integration completed through 22000 days     0 seconds
2025-06-14 01:48:48,557 - isca - DEBUG - Integration completed through 22001 days     0 seconds
2025-06-14 01:49:31,207 - isca - DEBUG - Integration completed through 22002 days     0 seconds
2025-06-14 01:50:14,122 - isca - DEBUG - Integration completed through 22003 days     0 seconds
2025-06-14 01:50:57,102 - isca - DEBUG - Integration completed through 22004 days     0 seconds
2025-06-14 01:51:39,815 - isca - DEBUG - Integration completed through 22005 days     0 seconds
2025-06-14 01:52:22,435 - isca - DEBUG - Integration completed through 22006 days     0 seconds
2025-06-14 01:53:05,074 - isca - DEBUG - Integration completed through 22007 days     0 seconds
2025-06-14 01:53:47,689 - isca - DEBUG - Integration completed through 22008 days     0 seconds
2025-06-14 01:54:30,405 - isca - DEBUG - Integration completed through 22009 days     0 seconds
2025-06-14 01:55:13,115 - isca - DEBUG - Integration completed through 22010 days     0 seconds
2025-06-14 01:55:55,812 - isca - DEBUG - Integration completed through 22011 days     0 seconds
2025-06-14 01:56:38,707 - isca - DEBUG - Integration completed through 22012 days     0 seconds
2025-06-14 01:57:21,291 - isca - DEBUG - Integration completed through 22013 days     0 seconds
2025-06-14 01:58:03,591 - isca - DEBUG - Integration completed through 22014 days     0 seconds
2025-06-14 01:58:45,877 - isca - DEBUG - Integration completed through 22015 days     0 seconds
2025-06-14 01:59:28,144 - isca - DEBUG - Integration completed through 22016 days     0 seconds
2025-06-14 02:00:10,461 - isca - DEBUG - Integration completed through 22017 days     0 seconds
2025-06-14 02:00:53,016 - isca - DEBUG - Integration completed through 22018 days     0 seconds
2025-06-14 02:01:35,841 - isca - DEBUG - Integration completed through 22019 days     0 seconds
2025-06-14 02:02:18,598 - isca - DEBUG - Integration completed through 22020 days     0 seconds
2025-06-14 02:02:18,605 - isca - DEBUG - 
2025-06-14 02:02:18,605 - isca - WARNING - WARNING from PE    0: diag_util_mod::opening_file: module/field_name (socrates/soc_toa_sw_down_clr) NOT registered
2025-06-14 02:02:18,605 - isca - DEBUG - 
2025-06-14 02:02:18,605 - isca - DEBUG - 
2025-06-14 02:02:18,606 - isca - WARNING - WARNING from PE    0: diag_util_mod::opening_file: module/field_name (cloud_simple/rh_min) NOT registered
2025-06-14 02:02:18,606 - isca - DEBUG - 
2025-06-14 02:02:18,606 - isca - DEBUG - 
2025-06-14 02:02:18,606 - isca - WARNING - WARNING from PE    0: diag_util_mod::opening_file: module/field_name (socrates/soc_toa_sw_down_clr) NOT registered
2025-06-14 02:02:18,606 - isca - DEBUG - 
2025-06-14 02:02:18,606 - isca - DEBUG - 
2025-06-14 02:02:18,606 - isca - WARNING - WARNING from PE    0: diag_util_mod::opening_file: module/field_name (cloud_simple/rh_min) NOT registered
2025-06-14 02:02:18,606 - isca - DEBUG - 
2025-06-14 02:02:18,616 - isca - DEBUG - NOTE from PE    0: MPP_IO_SET_STACK_SIZE: stack size set to     393216.
2025-06-14 02:02:18,743 - isca - DEBUG - MPP_DOMAINS_STACK high water mark=       49152
2025-06-14 02:02:18,743 - isca - DEBUG - 
2025-06-14 02:02:18,743 - isca - DEBUG - Tabulating mpp_clock statistics across     16 PEs...
2025-06-14 02:02:18,743 - isca - DEBUG - 
2025-06-14 02:02:18,743 - isca - DEBUG - tmin          tmax          tavg          tstd  tfrac grain pemin pemax
2025-06-14 02:02:18,744 - isca - DEBUG - Total runtime                      1283.024736   1283.032679   1283.029047      0.002152  1.000     0     0    15
2025-06-14 02:02:18,744 - isca - DEBUG - MPP_STACK high water mark=           0
2025-06-14 02:02:18,934 - isca - INFO - Run 734 complete
2025-06-14 02:02:19,763 - isca - DEBUG - atmos_monthly.nc combined and copied to data directory
2025-06-14 02:02:23,220 - isca - INFO - Restart archive created at /proj/bolinc/users/x_ryabo/Isca-Ryan_outputs/presentday_1540_Sun_noO3_1950/restarts/res0734.tar.gz
2025-06-14 02:02:23,231 - isca - INFO - Writing namelist to '/proj/bolinc/users/x_ryabo/Isca-Ryan_outputs/presentday_1540_Sun_noO3_1950/run0734/input.nml'
2025-06-14 02:02:23,234 - isca - INFO - Writing field_table to '/proj/bolinc/users/x_ryabo/Isca-Ryan_outputs/presentday_1540_Sun_noO3_1950/run0734/field_table'
2025-06-14 02:02:23,244 - isca - INFO - Writing diag_table to '/proj/bolinc/users/x_ryabo/Isca-Ryan_outputs/presentday_1540_Sun_noO3_1950/run0734/diag_table'
2025-06-14 02:02:23,478 - isca - INFO - Emptied run directory '/home/x_ryabo/Isca-Ryan_tmp/experiment/presentday_1540_Sun_noO3_1950/run'
2025-06-14 02:02:23,495 - isca - INFO - Emptied run directory '/home/x_ryabo/Isca-Ryan_tmp/experiment/presentday_1540_Sun_noO3_1950/run'
2025-06-14 02:02:23,708 - isca - INFO - Writing namelist to '/home/x_ryabo/Isca-Ryan_tmp/experiment/presentday_1540_Sun_noO3_1950/run/input.nml'
2025-06-14 02:02:23,710 - isca - INFO - Writing field_table to '/home/x_ryabo/Isca-Ryan_tmp/experiment/presentday_1540_Sun_noO3_1950/run/field_table'
2025-06-14 02:02:23,722 - isca - INFO - Writing diag_table to '/home/x_ryabo/Isca-Ryan_tmp/experiment/presentday_1540_Sun_noO3_1950/run/diag_table'
2025-06-14 02:02:23,735 - isca - INFO - Using restart file '/proj/bolinc/users/x_ryabo/Isca-Ryan_outputs/presentday_1540_Sun_noO3_1950/restarts/res0734.tar.gz'
2025-06-14 02:02:24,148 - isca - INFO - Restart /proj/bolinc/users/x_ryabo/Isca-Ryan_outputs/presentday_1540_Sun_noO3_1950/restarts/res0734.tar.gz extracted to /home/x_ryabo/Isca-Ryan_tmp/experiment/presentday_1540_Sun_noO3_1950/run/INPUT
2025-06-14 02:02:24,149 - isca - INFO - Beginning run 735
2025-06-14 02:02:24,160 - isca - INFO - process running as 1023182
2025-06-14 02:02:24,160 - isca - DEBUG - loadmodules for Isca on NSC cluster Tetralith
2025-06-14 02:02:24,160 - isca - DEBUG - mpiifort
2025-06-14 02:02:24,259 - isca - DEBUG - The following modules were not unloaded:
2025-06-14 02:02:24,259 - isca - DEBUG - (Use "module --force purge" to unload all):
2025-06-14 02:02:24,259 - isca - DEBUG - 
2025-06-14 02:02:24,259 - isca - DEBUG - 1) hpc/.1.10.1
2025-06-14 02:02:24,358 - isca - DEBUG - ***************************************************
2025-06-14 02:02:24,358 - isca - DEBUG - You have loaded a buildenv module
2025-06-14 02:02:24,358 - isca - DEBUG - ***************************************************
2025-06-14 02:02:24,358 - isca - DEBUG - The buldenv-intel module makes available:
2025-06-14 02:02:24,358 - isca - DEBUG - - Compilers: icc, ifort, etc.
2025-06-14 02:02:24,358 - isca - DEBUG - - Mpi library with mpi-wrapped compilers: intel mpi with mpicc, mpifort, etc.
2025-06-14 02:02:24,358 - isca - DEBUG - - Numerical libraries: intel MKL
2025-06-14 02:02:24,358 - isca - DEBUG - 
2025-06-14 02:02:24,358 - isca - DEBUG - It also makes a set of dependency library modules available via
2025-06-14 02:02:24,358 - isca - DEBUG - the regular module command. Just do:
2025-06-14 02:02:24,358 - isca - DEBUG - module avail
2025-06-14 02:02:24,358 - isca - DEBUG - to see what is available.
2025-06-14 02:02:24,358 - isca - DEBUG - 
2025-06-14 02:02:24,358 - isca - DEBUG - NOTE: You shoud never load build environments inside submitted jobs.
2025-06-14 02:02:24,358 - isca - DEBUG - (with the single exception of when using supercomputer time to compile code.)
2025-06-14 02:02:24,358 - isca - DEBUG - 
2025-06-14 02:02:28,508 - isca - DEBUG - NOTE from PE    0: MPP_DOMAINS_SET_STACK_SIZE: stack size set to    32768.
2025-06-14 02:02:28,508 - isca - DEBUG - &MPP_IO_NML
2025-06-14 02:02:28,508 - isca - DEBUG - HEADER_BUFFER_VAL       =       16384,
2025-06-14 02:02:28,508 - isca - DEBUG - GLOBAL_FIELD_ON_ROOT_PE = T,
2025-06-14 02:02:28,508 - isca - DEBUG - IO_CLOCKS_ON    = F,
2025-06-14 02:02:28,508 - isca - DEBUG - SHUFFLE =           0,
2025-06-14 02:02:28,508 - isca - DEBUG - DEFLATE_LEVEL   =          -1
2025-06-14 02:02:28,508 - isca - DEBUG - /
2025-06-14 02:02:28,509 - isca - DEBUG - NOTE from PE    0: MPP_IO_SET_STACK_SIZE: stack size set to     131072.
2025-06-14 02:02:28,510 - isca - DEBUG - NOTE from PE    0: MPP_DOMAINS_SET_STACK_SIZE: stack size set to   600000.
2025-06-14 02:02:28,517 - isca - DEBUG - starting            1  OpenMP threads per MPI-task
2025-06-14 02:02:28,519 - isca - DEBUG - ATMOS MODEL DOMAIN DECOMPOSITION
2025-06-14 02:02:28,519 - isca - DEBUG - X-AXIS =  128
2025-06-14 02:02:28,519 - isca - DEBUG - Y-AXIS =    4   4   4   4   4   4   4   4   4   4   4   4   4   4   4   4
2025-06-14 02:02:28,570 - isca - DEBUG - NOTE from PE    0: cloud_simple: Using SimCloud cloud scheme
2025-06-14 02:02:28,571 - isca - DEBUG - NOTE from PE    0: ls_cloud: Using linear cloud fraction diagnostic formula.
2025-06-14 02:02:28,571 - isca - DEBUG - NOTE from PE    0: cloud_cover: The cloud overlap assumption is MAXIMUM-RANDOM
2025-06-14 02:02:28,572 - isca - DEBUG - NOTE from PE    0: idealized_moist_phys: Using Frierson Quasi-Equilibrium convection scheme.
2025-06-14 02:02:28,574 - isca - DEBUG - 
2025-06-14 02:02:28,574 - isca - DEBUG - 
2025-06-14 02:02:28,574 - isca - WARNING - WARNING from PE   15: socrates_init: dt_rad does not fit into one day an integer number of times
2025-06-14 02:02:28,574 - isca - DEBUG - 
2025-06-14 02:02:28,574 - isca - WARNING - WARNING from PE   12: socrates_init: dt_rad does not fit into one day an integer number of times
2025-06-14 02:02:28,574 - isca - DEBUG - 
2025-06-14 02:02:28,574 - isca - DEBUG - 
2025-06-14 02:02:28,574 - isca - WARNING - WARNING from PE    8: socrates_init: dt_rad does not fit into one day an integer number of times
2025-06-14 02:02:28,574 - isca - DEBUG - 
2025-06-14 02:02:28,574 - isca - DEBUG - 
2025-06-14 02:02:28,574 - isca - WARNING - WARNING from PE   10: socrates_init: dt_rad does not fit into one day an integer number of times
2025-06-14 02:02:28,574 - isca - DEBUG - 
2025-06-14 02:02:28,574 - isca - DEBUG - 
2025-06-14 02:02:28,575 - isca - WARNING - WARNING from PE   11: socrates_init: dt_rad does not fit into one day an integer number of times
2025-06-14 02:02:28,575 - isca - DEBUG - 
2025-06-14 02:02:28,575 - isca - DEBUG - 
2025-06-14 02:02:28,575 - isca - DEBUG - 
2025-06-14 02:02:28,575 - isca - WARNING - WARNING from PE   14: socrates_init: dt_rad does not fit into one day an integer number of times
2025-06-14 02:02:28,575 - isca - DEBUG - 
2025-06-14 02:02:28,575 - isca - WARNING - WARNING from PE   13: socrates_init: dt_rad does not fit into one day an integer number of times
2025-06-14 02:02:28,575 - isca - DEBUG - 
2025-06-14 02:02:28,575 - isca - DEBUG - 
2025-06-14 02:02:28,575 - isca - DEBUG - 
2025-06-14 02:02:28,575 - isca - WARNING - WARNING from PE    9: socrates_init: dt_rad does not fit into one day an integer number of times
2025-06-14 02:02:28,575 - isca - DEBUG - 
2025-06-14 02:02:28,575 - isca - WARNING - WARNING from PE    2: socrates_init: dt_rad does not fit into one day an integer number of times
2025-06-14 02:02:28,575 - isca - DEBUG - 
2025-06-14 02:02:28,575 - isca - WARNING - WARNING from PE    7: socrates_init: dt_rad does not fit into one day an integer number of times
2025-06-14 02:02:28,575 - isca - DEBUG - 
2025-06-14 02:02:28,575 - isca - DEBUG - 
2025-06-14 02:02:28,575 - isca - DEBUG - 
2025-06-14 02:02:28,575 - isca - WARNING - WARNING from PE    4: socrates_init: dt_rad does not fit into one day an integer number of times
2025-06-14 02:02:28,576 - isca - DEBUG - 
2025-06-14 02:02:28,576 - isca - DEBUG - 
2025-06-14 02:02:28,576 - isca - WARNING - WARNING from PE    3: socrates_init: dt_rad does not fit into one day an integer number of times
2025-06-14 02:02:28,576 - isca - DEBUG - 
2025-06-14 02:02:28,576 - isca - DEBUG - 
2025-06-14 02:02:28,576 - isca - WARNING - WARNING from PE    6: socrates_init: dt_rad does not fit into one day an integer number of times
2025-06-14 02:02:28,576 - isca - DEBUG - 
2025-06-14 02:02:28,576 - isca - DEBUG - 
2025-06-14 02:02:28,576 - isca - DEBUG - 
2025-06-14 02:02:28,576 - isca - WARNING - WARNING from PE    1: socrates_init: dt_rad does not fit into one day an integer number of times
2025-06-14 02:02:28,576 - isca - DEBUG - 
2025-06-14 02:02:28,576 - isca - WARNING - WARNING from PE    5: socrates_init: dt_rad does not fit into one day an integer number of times
2025-06-14 02:02:28,576 - isca - DEBUG - 
2025-06-14 02:02:28,580 - isca - DEBUG - 
2025-06-14 02:02:28,580 - isca - WARNING - WARNING from PE    0: socrates_init: dt_rad does not fit into one day an integer number of times
2025-06-14 02:02:28,580 - isca - DEBUG - 
2025-06-14 02:02:28,580 - isca - DEBUG - 
2025-06-14 02:02:28,580 - isca - WARNING - WARNING from PE    0: socrates_init: dt_rad does not fit into one day an integer number of times
2025-06-14 02:02:28,580 - isca - DEBUG - 
2025-06-14 02:02:28,580 - isca - DEBUG - 
2025-06-14 02:02:28,580 - isca - WARNING - WARNING from PE    0: socrates_init: lw_hires_spectral_filename is unset, making equal to lw_spectral_filename
2025-06-14 02:02:28,580 - isca - DEBUG - 
2025-06-14 02:02:28,580 - isca - DEBUG - 
2025-06-14 02:02:28,580 - isca - WARNING - WARNING from PE    0: socrates_init: lw_hires_spectral_filename is unset, making equal to lw_spectral_filename
2025-06-14 02:02:28,581 - isca - DEBUG - 
2025-06-14 02:02:28,581 - isca - DEBUG - 
2025-06-14 02:02:28,581 - isca - WARNING - WARNING from PE    0: socrates_init: sw_hires_spectral_filename is unset, making equal to sw_spectral_filename
2025-06-14 02:02:28,581 - isca - DEBUG - 
2025-06-14 02:02:28,581 - isca - DEBUG - 
2025-06-14 02:02:28,581 - isca - WARNING - WARNING from PE    0: socrates_init: sw_hires_spectral_filename is unset, making equal to sw_spectral_filename
2025-06-14 02:02:28,581 - isca - DEBUG - 
2025-06-14 02:02:29,663 - isca - DEBUG - NOTE from PE    0: Interpolator: Using input file with no time dimension - ozone_1990_notime_zero.nc
2025-06-14 02:02:29,663 - isca - DEBUG - Initializing src field : ozone_1990
2025-06-14 02:02:29,665 - isca - DEBUG - 
2025-06-14 02:02:29,665 - isca - DEBUG - -----------------------------------
2025-06-14 02:02:29,665 - isca - DEBUG - ____                       _
2025-06-14 02:02:29,665 - isca - DEBUG - / ___|  ___   ___ _ __ __ _| |_ ___  ___
2025-06-14 02:02:29,665 - isca - DEBUG - \___ \ / _ \ / __|  __/ _` | __/ _ \/ __|
2025-06-14 02:02:29,665 - isca - DEBUG - ___) | (_) | (__| | | (_| | ||  __/\__ \
2025-06-14 02:02:29,666 - isca - DEBUG - |____/ \___/ \___|_|  \__,_|\__\___||___/
2025-06-14 02:02:29,666 - isca - DEBUG - 
2025-06-14 02:02:29,666 - isca - DEBUG - Initialised Socrates v17.03
2025-06-14 02:02:29,666 - isca - DEBUG - Stellar constant =    1950.00000000000
2025-06-14 02:02:29,666 - isca - DEBUG - Longwave spectral file =
2025-06-14 02:02:29,666 - isca - DEBUG - /proj/bolinc/users/x_ryabo/socrates_edited_for_isca/spectral_files_for_GCMs/Sun
2025-06-14 02:02:29,666 - isca - DEBUG - /miniSuran_lw.sf WITH           16  bands
2025-06-14 02:02:29,666 - isca - DEBUG - Longwave hires spectral file =
2025-06-14 02:02:29,666 - isca - DEBUG - /proj/bolinc/users/x_ryabo/socrates_edited_for_isca/spectral_files_for_GCMs/Sun
2025-06-14 02:02:29,666 - isca - DEBUG - /miniSuran_lw.sf WITH           16  bands
2025-06-14 02:02:29,666 - isca - DEBUG - Shortwave spectral file =
2025-06-14 02:02:29,666 - isca - DEBUG - /proj/bolinc/users/x_ryabo/socrates_edited_for_isca/spectral_files_for_GCMs/Sun
2025-06-14 02:02:29,666 - isca - DEBUG - /miniSuran_sw.sf WITH           16  bands
2025-06-14 02:02:29,666 - isca - DEBUG - Shortwave hires spectral file =
2025-06-14 02:02:29,666 - isca - DEBUG - /proj/bolinc/users/x_ryabo/socrates_edited_for_isca/spectral_files_for_GCMs/Sun
2025-06-14 02:02:29,666 - isca - DEBUG - /miniSuran_sw.sf WITH           16  bands
2025-06-14 02:02:29,666 - isca - DEBUG - 
2025-06-14 02:02:29,666 - isca - DEBUG - -----------------------------------
2025-06-14 02:02:29,666 - isca - DEBUG - 
2025-06-14 02:03:12,375 - isca - DEBUG - Integration completed through 22021 days     0 seconds
2025-06-14 02:03:55,144 - isca - DEBUG - Integration completed through 22022 days     0 seconds
2025-06-14 02:04:37,709 - isca - DEBUG - Integration completed through 22023 days     0 seconds
2025-06-14 02:05:20,370 - isca - DEBUG - Integration completed through 22024 days     0 seconds
2025-06-14 02:06:03,213 - isca - DEBUG - Integration completed through 22025 days     0 seconds
2025-06-14 02:06:46,315 - isca - DEBUG - Integration completed through 22026 days     0 seconds
2025-06-14 02:07:29,409 - isca - DEBUG - Integration completed through 22027 days     0 seconds
2025-06-14 02:08:12,286 - isca - DEBUG - Integration completed through 22028 days     0 seconds
2025-06-14 02:08:55,510 - isca - DEBUG - Integration completed through 22029 days     0 seconds
2025-06-14 02:09:38,559 - isca - DEBUG - Integration completed through 22030 days     0 seconds
2025-06-14 02:10:21,841 - isca - DEBUG - Integration completed through 22031 days     0 seconds
2025-06-14 02:11:05,042 - isca - DEBUG - Integration completed through 22032 days     0 seconds
2025-06-14 02:11:48,076 - isca - DEBUG - Integration completed through 22033 days     0 seconds
2025-06-14 02:12:31,023 - isca - DEBUG - Integration completed through 22034 days     0 seconds
2025-06-14 02:13:14,022 - isca - DEBUG - Integration completed through 22035 days     0 seconds
2025-06-14 02:13:56,991 - isca - DEBUG - Integration completed through 22036 days     0 seconds
2025-06-14 02:14:40,114 - isca - DEBUG - Integration completed through 22037 days     0 seconds
2025-06-14 02:15:23,195 - isca - DEBUG - Integration completed through 22038 days     0 seconds
2025-06-14 02:16:06,261 - isca - DEBUG - Integration completed through 22039 days     0 seconds
2025-06-14 02:16:49,363 - isca - DEBUG - Integration completed through 22040 days     0 seconds
2025-06-14 02:17:32,437 - isca - DEBUG - Integration completed through 22041 days     0 seconds
2025-06-14 02:18:15,499 - isca - DEBUG - Integration completed through 22042 days     0 seconds
2025-06-14 02:18:58,442 - isca - DEBUG - Integration completed through 22043 days     0 seconds
2025-06-14 02:19:41,385 - isca - DEBUG - Integration completed through 22044 days     0 seconds
2025-06-14 02:20:24,451 - isca - DEBUG - Integration completed through 22045 days     0 seconds
2025-06-14 02:21:07,570 - isca - DEBUG - Integration completed through 22046 days     0 seconds
2025-06-14 02:21:50,834 - isca - DEBUG - Integration completed through 22047 days     0 seconds
2025-06-14 02:22:34,163 - isca - DEBUG - Integration completed through 22048 days     0 seconds
2025-06-14 02:23:17,141 - isca - DEBUG - Integration completed through 22049 days     0 seconds
2025-06-14 02:24:00,198 - isca - DEBUG - Integration completed through 22050 days     0 seconds
2025-06-14 02:24:00,206 - isca - DEBUG - 
2025-06-14 02:24:00,207 - isca - WARNING - WARNING from PE    0: diag_util_mod::opening_file: module/field_name (socrates/soc_toa_sw_down_clr) NOT registered
2025-06-14 02:24:00,207 - isca - DEBUG - 
2025-06-14 02:24:00,207 - isca - DEBUG - 
2025-06-14 02:24:00,207 - isca - WARNING - WARNING from PE    0: diag_util_mod::opening_file: module/field_name (socrates/soc_toa_sw_down_clr) NOT registered
2025-06-14 02:24:00,207 - isca - DEBUG - 
2025-06-14 02:24:00,207 - isca - DEBUG - 
2025-06-14 02:24:00,207 - isca - WARNING - WARNING from PE    0: diag_util_mod::opening_file: module/field_name (cloud_simple/rh_min) NOT registered
2025-06-14 02:24:00,207 - isca - DEBUG - 
2025-06-14 02:24:00,207 - isca - DEBUG - 
2025-06-14 02:24:00,207 - isca - WARNING - WARNING from PE    0: diag_util_mod::opening_file: module/field_name (cloud_simple/rh_min) NOT registered
2025-06-14 02:24:00,207 - isca - DEBUG - 
2025-06-14 02:24:00,217 - isca - DEBUG - NOTE from PE    0: MPP_IO_SET_STACK_SIZE: stack size set to     393216.
2025-06-14 02:24:00,353 - isca - DEBUG - MPP_DOMAINS_STACK high water mark=       49152
2025-06-14 02:24:00,353 - isca - DEBUG - 
2025-06-14 02:24:00,354 - isca - DEBUG - Tabulating mpp_clock statistics across     16 PEs...
2025-06-14 02:24:00,354 - isca - DEBUG - 
2025-06-14 02:24:00,354 - isca - DEBUG - tmin          tmax          tavg          tstd  tfrac grain pemin pemax
2025-06-14 02:24:00,354 - isca - DEBUG - Total runtime                      1291.843496   1291.849986   1291.846840      0.001897  1.000     0     0    15
2025-06-14 02:24:00,354 - isca - DEBUG - MPP_STACK high water mark=           0
2025-06-14 02:24:00,486 - isca - INFO - Run 735 complete
2025-06-14 02:24:01,464 - isca - DEBUG - atmos_monthly.nc combined and copied to data directory
2025-06-14 02:24:04,912 - isca - INFO - Restart archive created at /proj/bolinc/users/x_ryabo/Isca-Ryan_outputs/presentday_1540_Sun_noO3_1950/restarts/res0735.tar.gz
2025-06-14 02:24:04,924 - isca - INFO - Writing namelist to '/proj/bolinc/users/x_ryabo/Isca-Ryan_outputs/presentday_1540_Sun_noO3_1950/run0735/input.nml'
2025-06-14 02:24:04,926 - isca - INFO - Writing field_table to '/proj/bolinc/users/x_ryabo/Isca-Ryan_outputs/presentday_1540_Sun_noO3_1950/run0735/field_table'
2025-06-14 02:24:04,936 - isca - INFO - Writing diag_table to '/proj/bolinc/users/x_ryabo/Isca-Ryan_outputs/presentday_1540_Sun_noO3_1950/run0735/diag_table'
2025-06-14 02:24:05,171 - isca - INFO - Emptied run directory '/home/x_ryabo/Isca-Ryan_tmp/experiment/presentday_1540_Sun_noO3_1950/run'
2025-06-14 02:24:05,189 - isca - INFO - Emptied run directory '/home/x_ryabo/Isca-Ryan_tmp/experiment/presentday_1540_Sun_noO3_1950/run'
2025-06-14 02:24:05,403 - isca - INFO - Writing namelist to '/home/x_ryabo/Isca-Ryan_tmp/experiment/presentday_1540_Sun_noO3_1950/run/input.nml'
2025-06-14 02:24:05,405 - isca - INFO - Writing field_table to '/home/x_ryabo/Isca-Ryan_tmp/experiment/presentday_1540_Sun_noO3_1950/run/field_table'
2025-06-14 02:24:05,415 - isca - INFO - Writing diag_table to '/home/x_ryabo/Isca-Ryan_tmp/experiment/presentday_1540_Sun_noO3_1950/run/diag_table'
2025-06-14 02:24:05,428 - isca - INFO - Using restart file '/proj/bolinc/users/x_ryabo/Isca-Ryan_outputs/presentday_1540_Sun_noO3_1950/restarts/res0735.tar.gz'
2025-06-14 02:24:05,840 - isca - INFO - Restart /proj/bolinc/users/x_ryabo/Isca-Ryan_outputs/presentday_1540_Sun_noO3_1950/restarts/res0735.tar.gz extracted to /home/x_ryabo/Isca-Ryan_tmp/experiment/presentday_1540_Sun_noO3_1950/run/INPUT
2025-06-14 02:24:05,841 - isca - INFO - Beginning run 736
2025-06-14 02:24:05,854 - isca - INFO - process running as 1024317
2025-06-14 02:24:05,854 - isca - DEBUG - loadmodules for Isca on NSC cluster Tetralith
2025-06-14 02:24:05,854 - isca - DEBUG - mpiifort
2025-06-14 02:24:05,949 - isca - DEBUG - The following modules were not unloaded:
2025-06-14 02:24:05,950 - isca - DEBUG - (Use "module --force purge" to unload all):
2025-06-14 02:24:05,950 - isca - DEBUG - 
2025-06-14 02:24:05,950 - isca - DEBUG - 1) hpc/.1.10.1
2025-06-14 02:24:06,044 - isca - DEBUG - ***************************************************
2025-06-14 02:24:06,044 - isca - DEBUG - You have loaded a buildenv module
2025-06-14 02:24:06,044 - isca - DEBUG - ***************************************************
2025-06-14 02:24:06,044 - isca - DEBUG - The buldenv-intel module makes available:
2025-06-14 02:24:06,044 - isca - DEBUG - - Compilers: icc, ifort, etc.
2025-06-14 02:24:06,044 - isca - DEBUG - - Mpi library with mpi-wrapped compilers: intel mpi with mpicc, mpifort, etc.
2025-06-14 02:24:06,044 - isca - DEBUG - - Numerical libraries: intel MKL
2025-06-14 02:24:06,044 - isca - DEBUG - 
2025-06-14 02:24:06,044 - isca - DEBUG - It also makes a set of dependency library modules available via
2025-06-14 02:24:06,045 - isca - DEBUG - the regular module command. Just do:
2025-06-14 02:24:06,045 - isca - DEBUG - module avail
2025-06-14 02:24:06,045 - isca - DEBUG - to see what is available.
2025-06-14 02:24:06,045 - isca - DEBUG - 
2025-06-14 02:24:06,045 - isca - DEBUG - NOTE: You shoud never load build environments inside submitted jobs.
2025-06-14 02:24:06,045 - isca - DEBUG - (with the single exception of when using supercomputer time to compile code.)
2025-06-14 02:24:06,045 - isca - DEBUG - 
2025-06-14 02:24:07,257 - isca - DEBUG - NOTE from PE    0: MPP_DOMAINS_SET_STACK_SIZE: stack size set to    32768.
2025-06-14 02:24:07,257 - isca - DEBUG - &MPP_IO_NML
2025-06-14 02:24:07,257 - isca - DEBUG - HEADER_BUFFER_VAL       =       16384,
2025-06-14 02:24:07,257 - isca - DEBUG - GLOBAL_FIELD_ON_ROOT_PE = T,
2025-06-14 02:24:07,257 - isca - DEBUG - IO_CLOCKS_ON    = F,
2025-06-14 02:24:07,257 - isca - DEBUG - SHUFFLE =           0,
2025-06-14 02:24:07,257 - isca - DEBUG - DEFLATE_LEVEL   =          -1
2025-06-14 02:24:07,257 - isca - DEBUG - /
2025-06-14 02:24:07,259 - isca - DEBUG - NOTE from PE    0: MPP_IO_SET_STACK_SIZE: stack size set to     131072.
2025-06-14 02:24:07,260 - isca - DEBUG - NOTE from PE    0: MPP_DOMAINS_SET_STACK_SIZE: stack size set to   600000.
2025-06-14 02:24:07,267 - isca - DEBUG - starting            1  OpenMP threads per MPI-task
2025-06-14 02:24:07,269 - isca - DEBUG - ATMOS MODEL DOMAIN DECOMPOSITION
2025-06-14 02:24:07,269 - isca - DEBUG - X-AXIS =  128
2025-06-14 02:24:07,269 - isca - DEBUG - Y-AXIS =    4   4   4   4   4   4   4   4   4   4   4   4   4   4   4   4
2025-06-14 02:24:07,324 - isca - DEBUG - 
2025-06-14 02:24:07,324 - isca - WARNING - WARNING from PE    8: socrates_init: dt_rad does not fit into one day an integer number of times
2025-06-14 02:24:07,324 - isca - DEBUG - 
2025-06-14 02:24:07,324 - isca - DEBUG - 
2025-06-14 02:24:07,324 - isca - WARNING - WARNING from PE   12: socrates_init: dt_rad does not fit into one day an integer number of times
2025-06-14 02:24:07,324 - isca - DEBUG - 
2025-06-14 02:24:07,325 - isca - WARNING - WARNING from PE   13: socrates_init: dt_rad does not fit into one day an integer number of times
2025-06-14 02:24:07,325 - isca - DEBUG - 
2025-06-14 02:24:07,325 - isca - DEBUG - 
2025-06-14 02:24:07,325 - isca - WARNING - WARNING from PE   15: socrates_init: dt_rad does not fit into one day an integer number of times
2025-06-14 02:24:07,325 - isca - DEBUG - 
2025-06-14 02:24:07,325 - isca - DEBUG - 
2025-06-14 02:24:07,325 - isca - DEBUG - 
2025-06-14 02:24:07,325 - isca - WARNING - WARNING from PE   11: socrates_init: dt_rad does not fit into one day an integer number of times
2025-06-14 02:24:07,325 - isca - DEBUG - 
2025-06-14 02:24:07,325 - isca - DEBUG - 
2025-06-14 02:24:07,325 - isca - WARNING - WARNING from PE    9: socrates_init: dt_rad does not fit into one day an integer number of times
2025-06-14 02:24:07,325 - isca - DEBUG - 
2025-06-14 02:24:07,325 - isca - DEBUG - 
2025-06-14 02:24:07,325 - isca - WARNING - WARNING from PE   14: socrates_init: dt_rad does not fit into one day an integer number of times
2025-06-14 02:24:07,325 - isca - DEBUG - 
2025-06-14 02:24:07,325 - isca - DEBUG - NOTE from PE    0: cloud_simple: Using SimCloud cloud scheme
2025-06-14 02:24:07,326 - isca - DEBUG - NOTE from PE    0: ls_cloud: Using linear cloud fraction diagnostic formula.
2025-06-14 02:24:07,327 - isca - DEBUG - NOTE from PE    0: cloud_cover: The cloud overlap assumption is MAXIMUM-RANDOM
2025-06-14 02:24:07,327 - isca - DEBUG - NOTE from PE    0: idealized_moist_phys: Using Frierson Quasi-Equilibrium convection scheme.
2025-06-14 02:24:07,331 - isca - DEBUG - 
2025-06-14 02:24:07,331 - isca - DEBUG - 
2025-06-14 02:24:07,331 - isca - WARNING - WARNING from PE    4: socrates_init: dt_rad does not fit into one day an integer number of times
2025-06-14 02:24:07,331 - isca - DEBUG - 
2025-06-14 02:24:07,331 - isca - DEBUG - 
2025-06-14 02:24:07,331 - isca - WARNING - WARNING from PE    5: socrates_init: dt_rad does not fit into one day an integer number of times
2025-06-14 02:24:07,331 - isca - DEBUG - 
2025-06-14 02:24:07,331 - isca - DEBUG - 
2025-06-14 02:24:07,331 - isca - WARNING - WARNING from PE    3: socrates_init: dt_rad does not fit into one day an integer number of times
2025-06-14 02:24:07,331 - isca - DEBUG - 
2025-06-14 02:24:07,331 - isca - WARNING - WARNING from PE    6: socrates_init: dt_rad does not fit into one day an integer number of times
2025-06-14 02:24:07,331 - isca - DEBUG - 
2025-06-14 02:24:07,331 - isca - DEBUG - 
2025-06-14 02:24:07,331 - isca - DEBUG - 
2025-06-14 02:24:07,331 - isca - WARNING - WARNING from PE    1: socrates_init: dt_rad does not fit into one day an integer number of times
2025-06-14 02:24:07,332 - isca - DEBUG - 
2025-06-14 02:24:07,332 - isca - WARNING - WARNING from PE    2: socrates_init: dt_rad does not fit into one day an integer number of times
2025-06-14 02:24:07,332 - isca - DEBUG - 
2025-06-14 02:24:07,332 - isca - DEBUG - 
2025-06-14 02:24:07,332 - isca - WARNING - WARNING from PE    7: socrates_init: dt_rad does not fit into one day an integer number of times
2025-06-14 02:24:07,332 - isca - DEBUG - 
2025-06-14 02:24:07,332 - isca - DEBUG - 
2025-06-14 02:24:07,333 - isca - WARNING - WARNING from PE   10: socrates_init: dt_rad does not fit into one day an integer number of times
2025-06-14 02:24:07,333 - isca - DEBUG - 
2025-06-14 02:24:07,335 - isca - DEBUG - 
2025-06-14 02:24:07,335 - isca - WARNING - WARNING from PE    0: socrates_init: dt_rad does not fit into one day an integer number of times
2025-06-14 02:24:07,335 - isca - DEBUG - 
2025-06-14 02:24:07,335 - isca - DEBUG - 
2025-06-14 02:24:07,335 - isca - WARNING - WARNING from PE    0: socrates_init: dt_rad does not fit into one day an integer number of times
2025-06-14 02:24:07,335 - isca - DEBUG - 
2025-06-14 02:24:07,336 - isca - DEBUG - 
2025-06-14 02:24:07,336 - isca - WARNING - WARNING from PE    0: socrates_init: lw_hires_spectral_filename is unset, making equal to lw_spectral_filename
2025-06-14 02:24:07,336 - isca - DEBUG - 
2025-06-14 02:24:07,336 - isca - DEBUG - 
2025-06-14 02:24:07,336 - isca - WARNING - WARNING from PE    0: socrates_init: lw_hires_spectral_filename is unset, making equal to lw_spectral_filename
2025-06-14 02:24:07,336 - isca - DEBUG - 
2025-06-14 02:24:07,336 - isca - DEBUG - 
2025-06-14 02:24:07,336 - isca - WARNING - WARNING from PE    0: socrates_init: sw_hires_spectral_filename is unset, making equal to sw_spectral_filename
2025-06-14 02:24:07,336 - isca - DEBUG - 
2025-06-14 02:24:07,336 - isca - DEBUG - 
2025-06-14 02:24:07,336 - isca - WARNING - WARNING from PE    0: socrates_init: sw_hires_spectral_filename is unset, making equal to sw_spectral_filename
2025-06-14 02:24:07,336 - isca - DEBUG - 
2025-06-14 02:24:08,419 - isca - DEBUG - NOTE from PE    0: Interpolator: Using input file with no time dimension - ozone_1990_notime_zero.nc
2025-06-14 02:24:08,419 - isca - DEBUG - Initializing src field : ozone_1990
2025-06-14 02:24:08,421 - isca - DEBUG - 
2025-06-14 02:24:08,421 - isca - DEBUG - -----------------------------------
2025-06-14 02:24:08,421 - isca - DEBUG - ____                       _
2025-06-14 02:24:08,421 - isca - DEBUG - / ___|  ___   ___ _ __ __ _| |_ ___  ___
2025-06-14 02:24:08,421 - isca - DEBUG - \___ \ / _ \ / __|  __/ _` | __/ _ \/ __|
2025-06-14 02:24:08,421 - isca - DEBUG - ___) | (_) | (__| | | (_| | ||  __/\__ \
2025-06-14 02:24:08,421 - isca - DEBUG - |____/ \___/ \___|_|  \__,_|\__\___||___/
2025-06-14 02:24:08,422 - isca - DEBUG - 
2025-06-14 02:24:08,422 - isca - DEBUG - Initialised Socrates v17.03
2025-06-14 02:24:08,422 - isca - DEBUG - Stellar constant =    1950.00000000000
2025-06-14 02:24:08,422 - isca - DEBUG - Longwave spectral file =
2025-06-14 02:24:08,422 - isca - DEBUG - /proj/bolinc/users/x_ryabo/socrates_edited_for_isca/spectral_files_for_GCMs/Sun
2025-06-14 02:24:08,422 - isca - DEBUG - /miniSuran_lw.sf WITH           16  bands
2025-06-14 02:24:08,422 - isca - DEBUG - Longwave hires spectral file =
2025-06-14 02:24:08,422 - isca - DEBUG - /proj/bolinc/users/x_ryabo/socrates_edited_for_isca/spectral_files_for_GCMs/Sun
2025-06-14 02:24:08,422 - isca - DEBUG - /miniSuran_lw.sf WITH           16  bands
2025-06-14 02:24:08,422 - isca - DEBUG - Shortwave spectral file =
2025-06-14 02:24:08,422 - isca - DEBUG - /proj/bolinc/users/x_ryabo/socrates_edited_for_isca/spectral_files_for_GCMs/Sun
2025-06-14 02:24:08,422 - isca - DEBUG - /miniSuran_sw.sf WITH           16  bands
2025-06-14 02:24:08,422 - isca - DEBUG - Shortwave hires spectral file =
2025-06-14 02:24:08,422 - isca - DEBUG - /proj/bolinc/users/x_ryabo/socrates_edited_for_isca/spectral_files_for_GCMs/Sun
2025-06-14 02:24:08,422 - isca - DEBUG - /miniSuran_sw.sf WITH           16  bands
2025-06-14 02:24:08,422 - isca - DEBUG - 
2025-06-14 02:24:08,422 - isca - DEBUG - -----------------------------------
2025-06-14 02:24:08,422 - isca - DEBUG - 
2025-06-14 02:24:51,580 - isca - DEBUG - Integration completed through 22051 days     0 seconds
2025-06-14 02:25:34,404 - isca - DEBUG - Integration completed through 22052 days     0 seconds
2025-06-14 02:26:17,436 - isca - DEBUG - Integration completed through 22053 days     0 seconds
2025-06-14 02:27:00,527 - isca - DEBUG - Integration completed through 22054 days     0 seconds
2025-06-14 02:27:43,631 - isca - DEBUG - Integration completed through 22055 days     0 seconds
2025-06-14 02:28:26,818 - isca - DEBUG - Integration completed through 22056 days     0 seconds
2025-06-14 02:29:10,139 - isca - DEBUG - Integration completed through 22057 days     0 seconds
2025-06-14 02:29:53,363 - isca - DEBUG - Integration completed through 22058 days     0 seconds
2025-06-14 02:30:36,575 - isca - DEBUG - Integration completed through 22059 days     0 seconds
2025-06-14 02:31:19,844 - isca - DEBUG - Integration completed through 22060 days     0 seconds
2025-06-14 02:32:03,113 - isca - DEBUG - Integration completed through 22061 days     0 seconds
2025-06-14 02:32:46,513 - isca - DEBUG - Integration completed through 22062 days     0 seconds
2025-06-14 02:33:29,663 - isca - DEBUG - Integration completed through 22063 days     0 seconds
2025-06-14 02:34:12,944 - isca - DEBUG - Integration completed through 22064 days     0 seconds
2025-06-14 02:34:56,067 - isca - DEBUG - Integration completed through 22065 days     0 seconds
2025-06-14 02:35:39,196 - isca - DEBUG - Integration completed through 22066 days     0 seconds
2025-06-14 02:36:22,226 - isca - DEBUG - Integration completed through 22067 days     0 seconds
2025-06-14 02:37:05,271 - isca - DEBUG - Integration completed through 22068 days     0 seconds
2025-06-14 02:37:48,255 - isca - DEBUG - Integration completed through 22069 days     0 seconds
2025-06-14 02:38:31,178 - isca - DEBUG - Integration completed through 22070 days     0 seconds
2025-06-14 02:39:14,100 - isca - DEBUG - Integration completed through 22071 days     0 seconds
2025-06-14 02:39:57,212 - isca - DEBUG - Integration completed through 22072 days     0 seconds
2025-06-14 02:40:40,460 - isca - DEBUG - Integration completed through 22073 days     0 seconds
2025-06-14 02:41:23,509 - isca - DEBUG - Integration completed through 22074 days     0 seconds
2025-06-14 02:42:06,340 - isca - DEBUG - Integration completed through 22075 days     0 seconds
2025-06-14 02:42:49,138 - isca - DEBUG - Integration completed through 22076 days     0 seconds
2025-06-14 02:43:32,257 - isca - DEBUG - Integration completed through 22077 days     0 seconds
2025-06-14 02:44:15,483 - isca - DEBUG - Integration completed through 22078 days     0 seconds
2025-06-14 02:44:58,687 - isca - DEBUG - Integration completed through 22079 days     0 seconds
2025-06-14 02:45:42,014 - isca - DEBUG - Integration completed through 22080 days     0 seconds
2025-06-14 02:45:42,020 - isca - DEBUG - 
2025-06-14 02:45:42,020 - isca - WARNING - WARNING from PE    0: diag_util_mod::opening_file: module/field_name (socrates/soc_toa_sw_down_clr) NOT registered
2025-06-14 02:45:42,020 - isca - DEBUG - 
2025-06-14 02:45:42,020 - isca - DEBUG - 
2025-06-14 02:45:42,020 - isca - WARNING - WARNING from PE    0: diag_util_mod::opening_file: module/field_name (cloud_simple/rh_min) NOT registered
2025-06-14 02:45:42,020 - isca - DEBUG - 
2025-06-14 02:45:42,020 - isca - DEBUG - 
2025-06-14 02:45:42,020 - isca - WARNING - WARNING from PE    0: diag_util_mod::opening_file: module/field_name (socrates/soc_toa_sw_down_clr) NOT registered
2025-06-14 02:45:42,020 - isca - DEBUG - 
2025-06-14 02:45:42,020 - isca - DEBUG - 
2025-06-14 02:45:42,020 - isca - WARNING - WARNING from PE    0: diag_util_mod::opening_file: module/field_name (cloud_simple/rh_min) NOT registered
2025-06-14 02:45:42,020 - isca - DEBUG - 
2025-06-14 02:45:42,031 - isca - DEBUG - NOTE from PE    0: MPP_IO_SET_STACK_SIZE: stack size set to     393216.
2025-06-14 02:45:42,126 - isca - DEBUG - MPP_DOMAINS_STACK high water mark=       49152
2025-06-14 02:45:42,127 - isca - DEBUG - 
2025-06-14 02:45:42,127 - isca - DEBUG - Tabulating mpp_clock statistics across     16 PEs...
2025-06-14 02:45:42,127 - isca - DEBUG - 
2025-06-14 02:45:42,127 - isca - DEBUG - tmin          tmax          tavg          tstd  tfrac grain pemin pemax
2025-06-14 02:45:42,128 - isca - DEBUG - Total runtime                      1294.867823   1294.874791   1294.871348      0.002046  1.000     0     0    15
2025-06-14 02:45:42,128 - isca - DEBUG - MPP_STACK high water mark=           0
2025-06-14 02:45:42,277 - isca - INFO - Run 736 complete
2025-06-14 02:45:43,162 - isca - DEBUG - atmos_monthly.nc combined and copied to data directory
2025-06-14 02:45:46,631 - isca - INFO - Restart archive created at /proj/bolinc/users/x_ryabo/Isca-Ryan_outputs/presentday_1540_Sun_noO3_1950/restarts/res0736.tar.gz
2025-06-14 02:45:46,643 - isca - INFO - Writing namelist to '/proj/bolinc/users/x_ryabo/Isca-Ryan_outputs/presentday_1540_Sun_noO3_1950/run0736/input.nml'
2025-06-14 02:45:46,645 - isca - INFO - Writing field_table to '/proj/bolinc/users/x_ryabo/Isca-Ryan_outputs/presentday_1540_Sun_noO3_1950/run0736/field_table'
2025-06-14 02:45:46,655 - isca - INFO - Writing diag_table to '/proj/bolinc/users/x_ryabo/Isca-Ryan_outputs/presentday_1540_Sun_noO3_1950/run0736/diag_table'
2025-06-14 02:45:46,889 - isca - INFO - Emptied run directory '/home/x_ryabo/Isca-Ryan_tmp/experiment/presentday_1540_Sun_noO3_1950/run'
2025-06-14 02:45:46,906 - isca - INFO - Emptied run directory '/home/x_ryabo/Isca-Ryan_tmp/experiment/presentday_1540_Sun_noO3_1950/run'
2025-06-14 02:45:47,118 - isca - INFO - Writing namelist to '/home/x_ryabo/Isca-Ryan_tmp/experiment/presentday_1540_Sun_noO3_1950/run/input.nml'
2025-06-14 02:45:47,119 - isca - INFO - Writing field_table to '/home/x_ryabo/Isca-Ryan_tmp/experiment/presentday_1540_Sun_noO3_1950/run/field_table'
2025-06-14 02:45:47,130 - isca - INFO - Writing diag_table to '/home/x_ryabo/Isca-Ryan_tmp/experiment/presentday_1540_Sun_noO3_1950/run/diag_table'
2025-06-14 02:45:47,142 - isca - INFO - Using restart file '/proj/bolinc/users/x_ryabo/Isca-Ryan_outputs/presentday_1540_Sun_noO3_1950/restarts/res0736.tar.gz'
2025-06-14 02:45:47,554 - isca - INFO - Restart /proj/bolinc/users/x_ryabo/Isca-Ryan_outputs/presentday_1540_Sun_noO3_1950/restarts/res0736.tar.gz extracted to /home/x_ryabo/Isca-Ryan_tmp/experiment/presentday_1540_Sun_noO3_1950/run/INPUT
2025-06-14 02:45:47,555 - isca - INFO - Beginning run 737
2025-06-14 02:45:47,566 - isca - INFO - process running as 1025373
2025-06-14 02:45:47,566 - isca - DEBUG - loadmodules for Isca on NSC cluster Tetralith
2025-06-14 02:45:47,566 - isca - DEBUG - mpiifort
2025-06-14 02:45:47,664 - isca - DEBUG - The following modules were not unloaded:
2025-06-14 02:45:47,664 - isca - DEBUG - (Use "module --force purge" to unload all):
2025-06-14 02:45:47,664 - isca - DEBUG - 
2025-06-14 02:45:47,664 - isca - DEBUG - 1) hpc/.1.10.1
2025-06-14 02:45:47,759 - isca - DEBUG - ***************************************************
2025-06-14 02:45:47,760 - isca - DEBUG - You have loaded a buildenv module
2025-06-14 02:45:47,760 - isca - DEBUG - ***************************************************
2025-06-14 02:45:47,760 - isca - DEBUG - The buldenv-intel module makes available:
2025-06-14 02:45:47,760 - isca - DEBUG - - Compilers: icc, ifort, etc.
2025-06-14 02:45:47,760 - isca - DEBUG - - Mpi library with mpi-wrapped compilers: intel mpi with mpicc, mpifort, etc.
2025-06-14 02:45:47,760 - isca - DEBUG - - Numerical libraries: intel MKL
2025-06-14 02:45:47,760 - isca - DEBUG - 
2025-06-14 02:45:47,760 - isca - DEBUG - It also makes a set of dependency library modules available via
2025-06-14 02:45:47,760 - isca - DEBUG - the regular module command. Just do:
2025-06-14 02:45:47,760 - isca - DEBUG - module avail
2025-06-14 02:45:47,760 - isca - DEBUG - to see what is available.
2025-06-14 02:45:47,760 - isca - DEBUG - 
2025-06-14 02:45:47,760 - isca - DEBUG - NOTE: You shoud never load build environments inside submitted jobs.
2025-06-14 02:45:47,760 - isca - DEBUG - (with the single exception of when using supercomputer time to compile code.)
2025-06-14 02:45:47,760 - isca - DEBUG - 
2025-06-14 02:45:49,204 - isca - DEBUG - NOTE from PE    0: MPP_DOMAINS_SET_STACK_SIZE: stack size set to    32768.
2025-06-14 02:45:49,204 - isca - DEBUG - &MPP_IO_NML
2025-06-14 02:45:49,204 - isca - DEBUG - HEADER_BUFFER_VAL       =       16384,
2025-06-14 02:45:49,204 - isca - DEBUG - GLOBAL_FIELD_ON_ROOT_PE = T,
2025-06-14 02:45:49,204 - isca - DEBUG - IO_CLOCKS_ON    = F,
2025-06-14 02:45:49,204 - isca - DEBUG - SHUFFLE =           0,
2025-06-14 02:45:49,204 - isca - DEBUG - DEFLATE_LEVEL   =          -1
2025-06-14 02:45:49,204 - isca - DEBUG - /
2025-06-14 02:45:49,205 - isca - DEBUG - NOTE from PE    0: MPP_IO_SET_STACK_SIZE: stack size set to     131072.
2025-06-14 02:45:49,206 - isca - DEBUG - NOTE from PE    0: MPP_DOMAINS_SET_STACK_SIZE: stack size set to   600000.
2025-06-14 02:45:49,213 - isca - DEBUG - starting            1  OpenMP threads per MPI-task
2025-06-14 02:45:49,215 - isca - DEBUG - ATMOS MODEL DOMAIN DECOMPOSITION
2025-06-14 02:45:49,215 - isca - DEBUG - X-AXIS =  128
2025-06-14 02:45:49,215 - isca - DEBUG - Y-AXIS =    4   4   4   4   4   4   4   4   4   4   4   4   4   4   4   4
2025-06-14 02:45:49,267 - isca - DEBUG - 
2025-06-14 02:45:49,268 - isca - WARNING - WARNING from PE   14: socrates_init: dt_rad does not fit into one day an integer number of times
2025-06-14 02:45:49,268 - isca - DEBUG - 
2025-06-14 02:45:49,268 - isca - DEBUG - NOTE from PE    0: cloud_simple: Using SimCloud cloud scheme
2025-06-14 02:45:49,269 - isca - DEBUG - 
2025-06-14 02:45:49,269 - isca - WARNING - WARNING from PE   11: socrates_init: dt_rad does not fit into one day an integer number of times
2025-06-14 02:45:49,269 - isca - DEBUG - 
2025-06-14 02:45:49,269 - isca - WARNING - WARNING from PE   12: socrates_init: dt_rad does not fit into one day an integer number of times
2025-06-14 02:45:49,269 - isca - DEBUG - 
2025-06-14 02:45:49,269 - isca - DEBUG - 
2025-06-14 02:45:49,269 - isca - DEBUG - 
2025-06-14 02:45:49,269 - isca - DEBUG - NOTE from PE    0: ls_cloud: Using linear cloud fraction diagnostic formula.
2025-06-14 02:45:49,269 - isca - WARNING - WARNING from PE    9: socrates_init: dt_rad does not fit into one day an integer number of times
2025-06-14 02:45:49,269 - isca - DEBUG - 
2025-06-14 02:45:49,269 - isca - DEBUG - 
2025-06-14 02:45:49,269 - isca - WARNING - WARNING from PE   15: socrates_init: dt_rad does not fit into one day an integer number of times
2025-06-14 02:45:49,269 - isca - DEBUG - 
2025-06-14 02:45:49,269 - isca - DEBUG - NOTE from PE    0: cloud_cover: The cloud overlap assumption is MAXIMUM-RANDOM
2025-06-14 02:45:49,269 - isca - DEBUG - NOTE from PE    0: idealized_moist_phys: Using Frierson Quasi-Equilibrium convection scheme.
2025-06-14 02:45:49,270 - isca - DEBUG - 
2025-06-14 02:45:49,270 - isca - DEBUG - 
2025-06-14 02:45:49,270 - isca - WARNING - WARNING from PE   13: socrates_init: dt_rad does not fit into one day an integer number of times
2025-06-14 02:45:49,270 - isca - DEBUG - 
2025-06-14 02:45:49,270 - isca - WARNING - WARNING from PE    8: socrates_init: dt_rad does not fit into one day an integer number of times
2025-06-14 02:45:49,270 - isca - DEBUG - 
2025-06-14 02:45:49,271 - isca - DEBUG - 
2025-06-14 02:45:49,271 - isca - WARNING - WARNING from PE   10: socrates_init: dt_rad does not fit into one day an integer number of times
2025-06-14 02:45:49,271 - isca - DEBUG - 
2025-06-14 02:45:49,273 - isca - DEBUG - 
2025-06-14 02:45:49,273 - isca - WARNING - WARNING from PE    5: socrates_init: dt_rad does not fit into one day an integer number of times
2025-06-14 02:45:49,273 - isca - DEBUG - 
2025-06-14 02:45:49,273 - isca - DEBUG - 
2025-06-14 02:45:49,273 - isca - WARNING - WARNING from PE    2: socrates_init: dt_rad does not fit into one day an integer number of times
2025-06-14 02:45:49,274 - isca - DEBUG - 
2025-06-14 02:45:49,274 - isca - DEBUG - 
2025-06-14 02:45:49,274 - isca - DEBUG - 
2025-06-14 02:45:49,274 - isca - WARNING - WARNING from PE    4: socrates_init: dt_rad does not fit into one day an integer number of times
2025-06-14 02:45:49,274 - isca - DEBUG - 
2025-06-14 02:45:49,274 - isca - WARNING - WARNING from PE    7: socrates_init: dt_rad does not fit into one day an integer number of times
2025-06-14 02:45:49,274 - isca - DEBUG - 
2025-06-14 02:45:49,274 - isca - DEBUG - 
2025-06-14 02:45:49,274 - isca - WARNING - WARNING from PE    3: socrates_init: dt_rad does not fit into one day an integer number of times
2025-06-14 02:45:49,274 - isca - DEBUG - 
2025-06-14 02:45:49,274 - isca - DEBUG - 
2025-06-14 02:45:49,274 - isca - WARNING - WARNING from PE    6: socrates_init: dt_rad does not fit into one day an integer number of times
2025-06-14 02:45:49,274 - isca - DEBUG - 
2025-06-14 02:45:49,274 - isca - DEBUG - 
2025-06-14 02:45:49,274 - isca - WARNING - WARNING from PE    1: socrates_init: dt_rad does not fit into one day an integer number of times
2025-06-14 02:45:49,274 - isca - DEBUG - 
2025-06-14 02:45:49,278 - isca - DEBUG - 
2025-06-14 02:45:49,278 - isca - WARNING - WARNING from PE    0: socrates_init: dt_rad does not fit into one day an integer number of times
2025-06-14 02:45:49,278 - isca - DEBUG - 
2025-06-14 02:45:49,278 - isca - DEBUG - 
2025-06-14 02:45:49,278 - isca - WARNING - WARNING from PE    0: socrates_init: dt_rad does not fit into one day an integer number of times
2025-06-14 02:45:49,278 - isca - DEBUG - 
2025-06-14 02:45:49,278 - isca - DEBUG - 
2025-06-14 02:45:49,278 - isca - WARNING - WARNING from PE    0: socrates_init: lw_hires_spectral_filename is unset, making equal to lw_spectral_filename
2025-06-14 02:45:49,278 - isca - DEBUG - 
2025-06-14 02:45:49,278 - isca - DEBUG - 
2025-06-14 02:45:49,278 - isca - WARNING - WARNING from PE    0: socrates_init: lw_hires_spectral_filename is unset, making equal to lw_spectral_filename
2025-06-14 02:45:49,278 - isca - DEBUG - 
2025-06-14 02:45:49,278 - isca - DEBUG - 
2025-06-14 02:45:49,278 - isca - WARNING - WARNING from PE    0: socrates_init: sw_hires_spectral_filename is unset, making equal to sw_spectral_filename
2025-06-14 02:45:49,278 - isca - DEBUG - 
2025-06-14 02:45:49,278 - isca - DEBUG - 
2025-06-14 02:45:49,278 - isca - WARNING - WARNING from PE    0: socrates_init: sw_hires_spectral_filename is unset, making equal to sw_spectral_filename
2025-06-14 02:45:49,278 - isca - DEBUG - 
2025-06-14 02:45:50,357 - isca - DEBUG - NOTE from PE    0: Interpolator: Using input file with no time dimension - ozone_1990_notime_zero.nc
2025-06-14 02:45:50,357 - isca - DEBUG - Initializing src field : ozone_1990
2025-06-14 02:45:50,359 - isca - DEBUG - 
2025-06-14 02:45:50,359 - isca - DEBUG - -----------------------------------
2025-06-14 02:45:50,359 - isca - DEBUG - ____                       _
2025-06-14 02:45:50,359 - isca - DEBUG - / ___|  ___   ___ _ __ __ _| |_ ___  ___
2025-06-14 02:45:50,360 - isca - DEBUG - \___ \ / _ \ / __|  __/ _` | __/ _ \/ __|
2025-06-14 02:45:50,360 - isca - DEBUG - ___) | (_) | (__| | | (_| | ||  __/\__ \
2025-06-14 02:45:50,360 - isca - DEBUG - |____/ \___/ \___|_|  \__,_|\__\___||___/
2025-06-14 02:45:50,360 - isca - DEBUG - 
2025-06-14 02:45:50,360 - isca - DEBUG - Initialised Socrates v17.03
2025-06-14 02:45:50,360 - isca - DEBUG - Stellar constant =    1950.00000000000
2025-06-14 02:45:50,360 - isca - DEBUG - Longwave spectral file =
2025-06-14 02:45:50,360 - isca - DEBUG - /proj/bolinc/users/x_ryabo/socrates_edited_for_isca/spectral_files_for_GCMs/Sun
2025-06-14 02:45:50,360 - isca - DEBUG - /miniSuran_lw.sf WITH           16  bands
2025-06-14 02:45:50,360 - isca - DEBUG - Longwave hires spectral file =
2025-06-14 02:45:50,360 - isca - DEBUG - /proj/bolinc/users/x_ryabo/socrates_edited_for_isca/spectral_files_for_GCMs/Sun
2025-06-14 02:45:50,360 - isca - DEBUG - /miniSuran_lw.sf WITH           16  bands
2025-06-14 02:45:50,360 - isca - DEBUG - Shortwave spectral file =
2025-06-14 02:45:50,360 - isca - DEBUG - /proj/bolinc/users/x_ryabo/socrates_edited_for_isca/spectral_files_for_GCMs/Sun
2025-06-14 02:45:50,360 - isca - DEBUG - /miniSuran_sw.sf WITH           16  bands
2025-06-14 02:45:50,360 - isca - DEBUG - Shortwave hires spectral file =
2025-06-14 02:45:50,360 - isca - DEBUG - /proj/bolinc/users/x_ryabo/socrates_edited_for_isca/spectral_files_for_GCMs/Sun
2025-06-14 02:45:50,360 - isca - DEBUG - /miniSuran_sw.sf WITH           16  bands
2025-06-14 02:45:50,360 - isca - DEBUG - 
2025-06-14 02:45:50,360 - isca - DEBUG - -----------------------------------
2025-06-14 02:45:50,360 - isca - DEBUG - 
2025-06-14 02:46:33,947 - isca - DEBUG - Integration completed through 22081 days     0 seconds
2025-06-14 02:47:17,273 - isca - DEBUG - Integration completed through 22082 days     0 seconds
2025-06-14 02:48:00,638 - isca - DEBUG - Integration completed through 22083 days     0 seconds
2025-06-14 02:48:43,935 - isca - DEBUG - Integration completed through 22084 days     0 seconds
2025-06-14 02:49:27,282 - isca - DEBUG - Integration completed through 22085 days     0 seconds
2025-06-14 02:50:10,685 - isca - DEBUG - Integration completed through 22086 days     0 seconds
2025-06-14 02:50:53,964 - isca - DEBUG - Integration completed through 22087 days     0 seconds
2025-06-14 02:51:37,271 - isca - DEBUG - Integration completed through 22088 days     0 seconds
2025-06-14 02:52:20,187 - isca - DEBUG - Integration completed through 22089 days     0 seconds
2025-06-14 02:53:03,241 - isca - DEBUG - Integration completed through 22090 days     0 seconds
2025-06-14 02:53:46,235 - isca - DEBUG - Integration completed through 22091 days     0 seconds
2025-06-14 02:54:29,354 - isca - DEBUG - Integration completed through 22092 days     0 seconds
2025-06-14 02:55:12,409 - isca - DEBUG - Integration completed through 22093 days     0 seconds
2025-06-14 02:55:55,462 - isca - DEBUG - Integration completed through 22094 days     0 seconds
2025-06-14 02:56:38,587 - isca - DEBUG - Integration completed through 22095 days     0 seconds
2025-06-14 02:57:21,605 - isca - DEBUG - Integration completed through 22096 days     0 seconds
2025-06-14 02:58:04,670 - isca - DEBUG - Integration completed through 22097 days     0 seconds
2025-06-14 02:58:47,806 - isca - DEBUG - Integration completed through 22098 days     0 seconds
2025-06-14 02:59:31,202 - isca - DEBUG - Integration completed through 22099 days     0 seconds
2025-06-14 03:00:14,533 - isca - DEBUG - Integration completed through 22100 days     0 seconds
2025-06-14 03:00:57,682 - isca - DEBUG - Integration completed through 22101 days     0 seconds
2025-06-14 03:01:40,917 - isca - DEBUG - Integration completed through 22102 days     0 seconds
2025-06-14 03:02:23,926 - isca - DEBUG - Integration completed through 22103 days     0 seconds
2025-06-14 03:03:06,955 - isca - DEBUG - Integration completed through 22104 days     0 seconds
2025-06-14 03:03:50,060 - isca - DEBUG - Integration completed through 22105 days     0 seconds
2025-06-14 03:04:32,986 - isca - DEBUG - Integration completed through 22106 days     0 seconds
2025-06-14 03:05:15,799 - isca - DEBUG - Integration completed through 22107 days     0 seconds
2025-06-14 03:05:58,797 - isca - DEBUG - Integration completed through 22108 days     0 seconds
2025-06-14 03:06:41,424 - isca - DEBUG - Integration completed through 22109 days     0 seconds
2025-06-14 03:07:24,482 - isca - DEBUG - Integration completed through 22110 days     0 seconds
2025-06-14 03:07:24,489 - isca - DEBUG - 
2025-06-14 03:07:24,490 - isca - WARNING - WARNING from PE    0: diag_util_mod::opening_file: module/field_name (socrates/soc_toa_sw_down_clr) NOT registered
2025-06-14 03:07:24,490 - isca - DEBUG - 
2025-06-14 03:07:24,490 - isca - DEBUG - 
2025-06-14 03:07:24,490 - isca - WARNING - WARNING from PE    0: diag_util_mod::opening_file: module/field_name (cloud_simple/rh_min) NOT registered
2025-06-14 03:07:24,490 - isca - DEBUG - 
2025-06-14 03:07:24,490 - isca - DEBUG - 
2025-06-14 03:07:24,490 - isca - WARNING - WARNING from PE    0: diag_util_mod::opening_file: module/field_name (socrates/soc_toa_sw_down_clr) NOT registered
2025-06-14 03:07:24,490 - isca - DEBUG - 
2025-06-14 03:07:24,490 - isca - DEBUG - 
2025-06-14 03:07:24,490 - isca - WARNING - WARNING from PE    0: diag_util_mod::opening_file: module/field_name (cloud_simple/rh_min) NOT registered
2025-06-14 03:07:24,490 - isca - DEBUG - 
2025-06-14 03:07:24,501 - isca - DEBUG - NOTE from PE    0: MPP_IO_SET_STACK_SIZE: stack size set to     393216.
2025-06-14 03:07:24,683 - isca - DEBUG - MPP_DOMAINS_STACK high water mark=       49152
2025-06-14 03:07:24,683 - isca - DEBUG - 
2025-06-14 03:07:24,683 - isca - DEBUG - Tabulating mpp_clock statistics across     16 PEs...
2025-06-14 03:07:24,683 - isca - DEBUG - 
2025-06-14 03:07:24,683 - isca - DEBUG - tmin          tmax          tavg          tstd  tfrac grain pemin pemax
2025-06-14 03:07:24,683 - isca - DEBUG - Total runtime                      1295.477876   1295.484576   1295.480297      0.001526  1.000     0     0    15
2025-06-14 03:07:24,684 - isca - DEBUG - MPP_STACK high water mark=           0
2025-06-14 03:07:24,831 - isca - INFO - Run 737 complete
2025-06-14 03:07:25,688 - isca - DEBUG - atmos_monthly.nc combined and copied to data directory
2025-06-14 03:07:29,199 - isca - INFO - Restart archive created at /proj/bolinc/users/x_ryabo/Isca-Ryan_outputs/presentday_1540_Sun_noO3_1950/restarts/res0737.tar.gz
2025-06-14 03:07:29,216 - isca - INFO - Writing namelist to '/proj/bolinc/users/x_ryabo/Isca-Ryan_outputs/presentday_1540_Sun_noO3_1950/run0737/input.nml'
2025-06-14 03:07:29,218 - isca - INFO - Writing field_table to '/proj/bolinc/users/x_ryabo/Isca-Ryan_outputs/presentday_1540_Sun_noO3_1950/run0737/field_table'
2025-06-14 03:07:29,229 - isca - INFO - Writing diag_table to '/proj/bolinc/users/x_ryabo/Isca-Ryan_outputs/presentday_1540_Sun_noO3_1950/run0737/diag_table'
2025-06-14 03:07:29,457 - isca - INFO - Emptied run directory '/home/x_ryabo/Isca-Ryan_tmp/experiment/presentday_1540_Sun_noO3_1950/run'
2025-06-14 03:07:29,477 - isca - INFO - Emptied run directory '/home/x_ryabo/Isca-Ryan_tmp/experiment/presentday_1540_Sun_noO3_1950/run'
2025-06-14 03:07:29,688 - isca - INFO - Writing namelist to '/home/x_ryabo/Isca-Ryan_tmp/experiment/presentday_1540_Sun_noO3_1950/run/input.nml'
2025-06-14 03:07:29,689 - isca - INFO - Writing field_table to '/home/x_ryabo/Isca-Ryan_tmp/experiment/presentday_1540_Sun_noO3_1950/run/field_table'
2025-06-14 03:07:29,700 - isca - INFO - Writing diag_table to '/home/x_ryabo/Isca-Ryan_tmp/experiment/presentday_1540_Sun_noO3_1950/run/diag_table'
2025-06-14 03:07:29,714 - isca - INFO - Using restart file '/proj/bolinc/users/x_ryabo/Isca-Ryan_outputs/presentday_1540_Sun_noO3_1950/restarts/res0737.tar.gz'
2025-06-14 03:07:30,129 - isca - INFO - Restart /proj/bolinc/users/x_ryabo/Isca-Ryan_outputs/presentday_1540_Sun_noO3_1950/restarts/res0737.tar.gz extracted to /home/x_ryabo/Isca-Ryan_tmp/experiment/presentday_1540_Sun_noO3_1950/run/INPUT
2025-06-14 03:07:30,129 - isca - INFO - Beginning run 738
2025-06-14 03:07:30,140 - isca - INFO - process running as 1026416
2025-06-14 03:07:30,140 - isca - DEBUG - loadmodules for Isca on NSC cluster Tetralith
2025-06-14 03:07:30,140 - isca - DEBUG - mpiifort
2025-06-14 03:07:30,240 - isca - DEBUG - The following modules were not unloaded:
2025-06-14 03:07:30,241 - isca - DEBUG - (Use "module --force purge" to unload all):
2025-06-14 03:07:30,241 - isca - DEBUG - 
2025-06-14 03:07:30,241 - isca - DEBUG - 1) hpc/.1.10.1
2025-06-14 03:07:30,336 - isca - DEBUG - ***************************************************
2025-06-14 03:07:30,336 - isca - DEBUG - You have loaded a buildenv module
2025-06-14 03:07:30,336 - isca - DEBUG - ***************************************************
2025-06-14 03:07:30,336 - isca - DEBUG - The buldenv-intel module makes available:
2025-06-14 03:07:30,336 - isca - DEBUG - - Compilers: icc, ifort, etc.
2025-06-14 03:07:30,336 - isca - DEBUG - - Mpi library with mpi-wrapped compilers: intel mpi with mpicc, mpifort, etc.
2025-06-14 03:07:30,336 - isca - DEBUG - - Numerical libraries: intel MKL
2025-06-14 03:07:30,336 - isca - DEBUG - 
2025-06-14 03:07:30,336 - isca - DEBUG - It also makes a set of dependency library modules available via
2025-06-14 03:07:30,337 - isca - DEBUG - the regular module command. Just do:
2025-06-14 03:07:30,337 - isca - DEBUG - module avail
2025-06-14 03:07:30,337 - isca - DEBUG - to see what is available.
2025-06-14 03:07:30,337 - isca - DEBUG - 
2025-06-14 03:07:30,337 - isca - DEBUG - NOTE: You shoud never load build environments inside submitted jobs.
2025-06-14 03:07:30,337 - isca - DEBUG - (with the single exception of when using supercomputer time to compile code.)
2025-06-14 03:07:30,337 - isca - DEBUG - 
2025-06-14 03:07:31,602 - isca - DEBUG - NOTE from PE    0: MPP_DOMAINS_SET_STACK_SIZE: stack size set to    32768.
2025-06-14 03:07:31,602 - isca - DEBUG - &MPP_IO_NML
2025-06-14 03:07:31,602 - isca - DEBUG - HEADER_BUFFER_VAL       =       16384,
2025-06-14 03:07:31,602 - isca - DEBUG - GLOBAL_FIELD_ON_ROOT_PE = T,
2025-06-14 03:07:31,602 - isca - DEBUG - IO_CLOCKS_ON    = F,
2025-06-14 03:07:31,602 - isca - DEBUG - SHUFFLE =           0,
2025-06-14 03:07:31,602 - isca - DEBUG - DEFLATE_LEVEL   =          -1
2025-06-14 03:07:31,602 - isca - DEBUG - /
2025-06-14 03:07:31,604 - isca - DEBUG - NOTE from PE    0: MPP_IO_SET_STACK_SIZE: stack size set to     131072.
2025-06-14 03:07:31,604 - isca - DEBUG - NOTE from PE    0: MPP_DOMAINS_SET_STACK_SIZE: stack size set to   600000.
2025-06-14 03:07:31,611 - isca - DEBUG - starting            1  OpenMP threads per MPI-task
2025-06-14 03:07:31,613 - isca - DEBUG - ATMOS MODEL DOMAIN DECOMPOSITION
2025-06-14 03:07:31,613 - isca - DEBUG - X-AXIS =  128
2025-06-14 03:07:31,613 - isca - DEBUG - Y-AXIS =    4   4   4   4   4   4   4   4   4   4   4   4   4   4   4   4
2025-06-14 03:07:31,668 - isca - DEBUG - 
2025-06-14 03:07:31,668 - isca - WARNING - WARNING from PE    9: socrates_init: dt_rad does not fit into one day an integer number of times
2025-06-14 03:07:31,668 - isca - DEBUG - 
2025-06-14 03:07:31,668 - isca - DEBUG - 
2025-06-14 03:07:31,668 - isca - DEBUG - 
2025-06-14 03:07:31,668 - isca - WARNING - WARNING from PE   11: socrates_init: dt_rad does not fit into one day an integer number of times
2025-06-14 03:07:31,668 - isca - DEBUG - 
2025-06-14 03:07:31,668 - isca - WARNING - WARNING from PE   12: socrates_init: dt_rad does not fit into one day an integer number of times
2025-06-14 03:07:31,668 - isca - DEBUG - 
2025-06-14 03:07:31,668 - isca - DEBUG - NOTE from PE    0: cloud_simple: Using SimCloud cloud scheme
2025-06-14 03:07:31,668 - isca - DEBUG - 
2025-06-14 03:07:31,668 - isca - WARNING - WARNING from PE   15: socrates_init: dt_rad does not fit into one day an integer number of times
2025-06-14 03:07:31,668 - isca - DEBUG - 
2025-06-14 03:07:31,668 - isca - DEBUG - 
2025-06-14 03:07:31,668 - isca - WARNING - WARNING from PE    8: socrates_init: dt_rad does not fit into one day an integer number of times
2025-06-14 03:07:31,668 - isca - DEBUG - 
2025-06-14 03:07:31,668 - isca - DEBUG - 
2025-06-14 03:07:31,668 - isca - DEBUG - 
2025-06-14 03:07:31,668 - isca - WARNING - WARNING from PE   13: socrates_init: dt_rad does not fit into one day an integer number of times
2025-06-14 03:07:31,668 - isca - DEBUG - 
2025-06-14 03:07:31,668 - isca - WARNING - WARNING from PE   14: socrates_init: dt_rad does not fit into one day an integer number of times
2025-06-14 03:07:31,668 - isca - DEBUG - 
2025-06-14 03:07:31,669 - isca - DEBUG - NOTE from PE    0: ls_cloud: Using linear cloud fraction diagnostic formula.
2025-06-14 03:07:31,669 - isca - DEBUG - 
2025-06-14 03:07:31,669 - isca - WARNING - WARNING from PE   10: socrates_init: dt_rad does not fit into one day an integer number of times
2025-06-14 03:07:31,669 - isca - DEBUG - 
2025-06-14 03:07:31,669 - isca - DEBUG - NOTE from PE    0: cloud_cover: The cloud overlap assumption is MAXIMUM-RANDOM
2025-06-14 03:07:31,670 - isca - DEBUG - NOTE from PE    0: idealized_moist_phys: Using Frierson Quasi-Equilibrium convection scheme.
2025-06-14 03:07:31,673 - isca - DEBUG - 
2025-06-14 03:07:31,673 - isca - WARNING - WARNING from PE    6: socrates_init: dt_rad does not fit into one day an integer number of times
2025-06-14 03:07:31,673 - isca - DEBUG - 
2025-06-14 03:07:31,673 - isca - DEBUG - 
2025-06-14 03:07:31,673 - isca - WARNING - WARNING from PE    2: socrates_init: dt_rad does not fit into one day an integer number of times
2025-06-14 03:07:31,673 - isca - DEBUG - 
2025-06-14 03:07:31,673 - isca - DEBUG - 
2025-06-14 03:07:31,673 - isca - DEBUG - 
2025-06-14 03:07:31,673 - isca - WARNING - WARNING from PE    7: socrates_init: dt_rad does not fit into one day an integer number of times
2025-06-14 03:07:31,673 - isca - DEBUG - 
2025-06-14 03:07:31,674 - isca - WARNING - WARNING from PE    1: socrates_init: dt_rad does not fit into one day an integer number of times
2025-06-14 03:07:31,674 - isca - DEBUG - 
2025-06-14 03:07:31,674 - isca - DEBUG - 
2025-06-14 03:07:31,674 - isca - WARNING - WARNING from PE    3: socrates_init: dt_rad does not fit into one day an integer number of times
2025-06-14 03:07:31,674 - isca - DEBUG - 
2025-06-14 03:07:31,674 - isca - DEBUG - 
2025-06-14 03:07:31,674 - isca - WARNING - WARNING from PE    4: socrates_init: dt_rad does not fit into one day an integer number of times
2025-06-14 03:07:31,674 - isca - DEBUG - 
2025-06-14 03:07:31,674 - isca - DEBUG - 
2025-06-14 03:07:31,674 - isca - WARNING - WARNING from PE    5: socrates_init: dt_rad does not fit into one day an integer number of times
2025-06-14 03:07:31,674 - isca - DEBUG - 
2025-06-14 03:07:31,678 - isca - DEBUG - 
2025-06-14 03:07:31,678 - isca - WARNING - WARNING from PE    0: socrates_init: dt_rad does not fit into one day an integer number of times
2025-06-14 03:07:31,678 - isca - DEBUG - 
2025-06-14 03:07:31,678 - isca - DEBUG - 
2025-06-14 03:07:31,678 - isca - WARNING - WARNING from PE    0: socrates_init: dt_rad does not fit into one day an integer number of times
2025-06-14 03:07:31,678 - isca - DEBUG - 
2025-06-14 03:07:31,678 - isca - DEBUG - 
2025-06-14 03:07:31,678 - isca - WARNING - WARNING from PE    0: socrates_init: lw_hires_spectral_filename is unset, making equal to lw_spectral_filename
2025-06-14 03:07:31,678 - isca - DEBUG - 
2025-06-14 03:07:31,678 - isca - DEBUG - 
2025-06-14 03:07:31,678 - isca - WARNING - WARNING from PE    0: socrates_init: lw_hires_spectral_filename is unset, making equal to lw_spectral_filename
2025-06-14 03:07:31,678 - isca - DEBUG - 
2025-06-14 03:07:31,678 - isca - DEBUG - 
2025-06-14 03:07:31,678 - isca - WARNING - WARNING from PE    0: socrates_init: sw_hires_spectral_filename is unset, making equal to sw_spectral_filename
2025-06-14 03:07:31,678 - isca - DEBUG - 
2025-06-14 03:07:31,678 - isca - DEBUG - 
2025-06-14 03:07:31,679 - isca - WARNING - WARNING from PE    0: socrates_init: sw_hires_spectral_filename is unset, making equal to sw_spectral_filename
2025-06-14 03:07:31,679 - isca - DEBUG - 
2025-06-14 03:07:32,757 - isca - DEBUG - NOTE from PE    0: Interpolator: Using input file with no time dimension - ozone_1990_notime_zero.nc
2025-06-14 03:07:32,757 - isca - DEBUG - Initializing src field : ozone_1990
2025-06-14 03:07:32,759 - isca - DEBUG - 
2025-06-14 03:07:32,760 - isca - DEBUG - -----------------------------------
2025-06-14 03:07:32,760 - isca - DEBUG - ____                       _
2025-06-14 03:07:32,760 - isca - DEBUG - / ___|  ___   ___ _ __ __ _| |_ ___  ___
2025-06-14 03:07:32,760 - isca - DEBUG - \___ \ / _ \ / __|  __/ _` | __/ _ \/ __|
2025-06-14 03:07:32,760 - isca - DEBUG - ___) | (_) | (__| | | (_| | ||  __/\__ \
2025-06-14 03:07:32,760 - isca - DEBUG - |____/ \___/ \___|_|  \__,_|\__\___||___/
2025-06-14 03:07:32,760 - isca - DEBUG - 
2025-06-14 03:07:32,760 - isca - DEBUG - Initialised Socrates v17.03
2025-06-14 03:07:32,760 - isca - DEBUG - Stellar constant =    1950.00000000000
2025-06-14 03:07:32,760 - isca - DEBUG - Longwave spectral file =
2025-06-14 03:07:32,760 - isca - DEBUG - /proj/bolinc/users/x_ryabo/socrates_edited_for_isca/spectral_files_for_GCMs/Sun
2025-06-14 03:07:32,760 - isca - DEBUG - /miniSuran_lw.sf WITH           16  bands
2025-06-14 03:07:32,760 - isca - DEBUG - Longwave hires spectral file =
2025-06-14 03:07:32,760 - isca - DEBUG - /proj/bolinc/users/x_ryabo/socrates_edited_for_isca/spectral_files_for_GCMs/Sun
2025-06-14 03:07:32,760 - isca - DEBUG - /miniSuran_lw.sf WITH           16  bands
2025-06-14 03:07:32,760 - isca - DEBUG - Shortwave spectral file =
2025-06-14 03:07:32,760 - isca - DEBUG - /proj/bolinc/users/x_ryabo/socrates_edited_for_isca/spectral_files_for_GCMs/Sun
2025-06-14 03:07:32,760 - isca - DEBUG - /miniSuran_sw.sf WITH           16  bands
2025-06-14 03:07:32,760 - isca - DEBUG - Shortwave hires spectral file =
2025-06-14 03:07:32,760 - isca - DEBUG - /proj/bolinc/users/x_ryabo/socrates_edited_for_isca/spectral_files_for_GCMs/Sun
2025-06-14 03:07:32,760 - isca - DEBUG - /miniSuran_sw.sf WITH           16  bands
2025-06-14 03:07:32,760 - isca - DEBUG - 
2025-06-14 03:07:32,760 - isca - DEBUG - -----------------------------------
2025-06-14 03:07:32,760 - isca - DEBUG - 
2025-06-14 03:08:16,026 - isca - DEBUG - Integration completed through 22111 days     0 seconds
2025-06-14 03:08:59,227 - isca - DEBUG - Integration completed through 22112 days     0 seconds
2025-06-14 03:09:42,512 - isca - DEBUG - Integration completed through 22113 days     0 seconds
2025-06-14 03:10:25,994 - isca - DEBUG - Integration completed through 22114 days     0 seconds
2025-06-14 03:11:09,447 - isca - DEBUG - Integration completed through 22115 days     0 seconds
2025-06-14 03:11:52,829 - isca - DEBUG - Integration completed through 22116 days     0 seconds
2025-06-14 03:12:35,903 - isca - DEBUG - Integration completed through 22117 days     0 seconds
2025-06-14 03:13:19,112 - isca - DEBUG - Integration completed through 22118 days     0 seconds
2025-06-14 03:14:02,276 - isca - DEBUG - Integration completed through 22119 days     0 seconds
2025-06-14 03:14:45,302 - isca - DEBUG - Integration completed through 22120 days     0 seconds
2025-06-14 03:15:28,082 - isca - DEBUG - Integration completed through 22121 days     0 seconds
2025-06-14 03:16:11,182 - isca - DEBUG - Integration completed through 22122 days     0 seconds
2025-06-14 03:16:54,295 - isca - DEBUG - Integration completed through 22123 days     0 seconds
2025-06-14 03:17:37,326 - isca - DEBUG - Integration completed through 22124 days     0 seconds
2025-06-14 03:18:20,367 - isca - DEBUG - Integration completed through 22125 days     0 seconds
2025-06-14 03:19:03,600 - isca - DEBUG - Integration completed through 22126 days     0 seconds
2025-06-14 03:19:46,887 - isca - DEBUG - Integration completed through 22127 days     0 seconds
2025-06-14 03:20:30,180 - isca - DEBUG - Integration completed through 22128 days     0 seconds
2025-06-14 03:21:13,254 - isca - DEBUG - Integration completed through 22129 days     0 seconds
2025-06-14 03:21:56,484 - isca - DEBUG - Integration completed through 22130 days     0 seconds
2025-06-14 03:22:39,420 - isca - DEBUG - Integration completed through 22131 days     0 seconds
2025-06-14 03:23:22,343 - isca - DEBUG - Integration completed through 22132 days     0 seconds
2025-06-14 03:24:05,403 - isca - DEBUG - Integration completed through 22133 days     0 seconds
2025-06-14 03:24:48,499 - isca - DEBUG - Integration completed through 22134 days     0 seconds
2025-06-14 03:25:31,597 - isca - DEBUG - Integration completed through 22135 days     0 seconds
2025-06-14 03:26:14,785 - isca - DEBUG - Integration completed through 22136 days     0 seconds
2025-06-14 03:26:58,186 - isca - DEBUG - Integration completed through 22137 days     0 seconds
2025-06-14 03:27:41,365 - isca - DEBUG - Integration completed through 22138 days     0 seconds
2025-06-14 03:28:24,616 - isca - DEBUG - Integration completed through 22139 days     0 seconds
2025-06-14 03:29:07,967 - isca - DEBUG - Integration completed through 22140 days     0 seconds
2025-06-14 03:29:07,974 - isca - DEBUG - 
2025-06-14 03:29:07,974 - isca - WARNING - WARNING from PE    0: diag_util_mod::opening_file: module/field_name (socrates/soc_toa_sw_down_clr) NOT registered
2025-06-14 03:29:07,974 - isca - DEBUG - 
2025-06-14 03:29:07,974 - isca - DEBUG - 
2025-06-14 03:29:07,974 - isca - WARNING - WARNING from PE    0: diag_util_mod::opening_file: module/field_name (cloud_simple/rh_min) NOT registered
2025-06-14 03:29:07,974 - isca - DEBUG - 
2025-06-14 03:29:07,974 - isca - DEBUG - 
2025-06-14 03:29:07,974 - isca - WARNING - WARNING from PE    0: diag_util_mod::opening_file: module/field_name (socrates/soc_toa_sw_down_clr) NOT registered
2025-06-14 03:29:07,974 - isca - DEBUG - 
2025-06-14 03:29:07,974 - isca - DEBUG - 
2025-06-14 03:29:07,974 - isca - WARNING - WARNING from PE    0: diag_util_mod::opening_file: module/field_name (cloud_simple/rh_min) NOT registered
2025-06-14 03:29:07,974 - isca - DEBUG - 
2025-06-14 03:29:07,984 - isca - DEBUG - NOTE from PE    0: MPP_IO_SET_STACK_SIZE: stack size set to     393216.
2025-06-14 03:29:08,082 - isca - DEBUG - MPP_DOMAINS_STACK high water mark=       49152
2025-06-14 03:29:08,083 - isca - DEBUG - 
2025-06-14 03:29:08,083 - isca - DEBUG - Tabulating mpp_clock statistics across     16 PEs...
2025-06-14 03:29:08,083 - isca - DEBUG - 
2025-06-14 03:29:08,083 - isca - DEBUG - tmin          tmax          tavg          tstd  tfrac grain pemin pemax
2025-06-14 03:29:08,083 - isca - DEBUG - Total runtime                      1296.478170   1296.485698   1296.481505      0.002561  1.000     0     0    15
2025-06-14 03:29:08,083 - isca - DEBUG - MPP_STACK high water mark=           0
2025-06-14 03:29:08,200 - isca - INFO - Run 738 complete
2025-06-14 03:29:09,030 - isca - DEBUG - atmos_monthly.nc combined and copied to data directory
2025-06-14 03:29:12,503 - isca - INFO - Restart archive created at /proj/bolinc/users/x_ryabo/Isca-Ryan_outputs/presentday_1540_Sun_noO3_1950/restarts/res0738.tar.gz
2025-06-14 03:29:12,514 - isca - INFO - Writing namelist to '/proj/bolinc/users/x_ryabo/Isca-Ryan_outputs/presentday_1540_Sun_noO3_1950/run0738/input.nml'
2025-06-14 03:29:12,516 - isca - INFO - Writing field_table to '/proj/bolinc/users/x_ryabo/Isca-Ryan_outputs/presentday_1540_Sun_noO3_1950/run0738/field_table'
2025-06-14 03:29:12,527 - isca - INFO - Writing diag_table to '/proj/bolinc/users/x_ryabo/Isca-Ryan_outputs/presentday_1540_Sun_noO3_1950/run0738/diag_table'
2025-06-14 03:29:12,759 - isca - INFO - Emptied run directory '/home/x_ryabo/Isca-Ryan_tmp/experiment/presentday_1540_Sun_noO3_1950/run'
2025-06-14 03:29:12,777 - isca - INFO - Emptied run directory '/home/x_ryabo/Isca-Ryan_tmp/experiment/presentday_1540_Sun_noO3_1950/run'
2025-06-14 03:29:12,987 - isca - INFO - Writing namelist to '/home/x_ryabo/Isca-Ryan_tmp/experiment/presentday_1540_Sun_noO3_1950/run/input.nml'
2025-06-14 03:29:12,989 - isca - INFO - Writing field_table to '/home/x_ryabo/Isca-Ryan_tmp/experiment/presentday_1540_Sun_noO3_1950/run/field_table'
2025-06-14 03:29:13,000 - isca - INFO - Writing diag_table to '/home/x_ryabo/Isca-Ryan_tmp/experiment/presentday_1540_Sun_noO3_1950/run/diag_table'
2025-06-14 03:29:13,012 - isca - INFO - Using restart file '/proj/bolinc/users/x_ryabo/Isca-Ryan_outputs/presentday_1540_Sun_noO3_1950/restarts/res0738.tar.gz'
2025-06-14 03:29:13,427 - isca - INFO - Restart /proj/bolinc/users/x_ryabo/Isca-Ryan_outputs/presentday_1540_Sun_noO3_1950/restarts/res0738.tar.gz extracted to /home/x_ryabo/Isca-Ryan_tmp/experiment/presentday_1540_Sun_noO3_1950/run/INPUT
2025-06-14 03:29:13,427 - isca - INFO - Beginning run 739
2025-06-14 03:29:13,441 - isca - INFO - process running as 1027440
2025-06-14 03:29:13,441 - isca - DEBUG - loadmodules for Isca on NSC cluster Tetralith
2025-06-14 03:29:13,441 - isca - DEBUG - mpiifort
2025-06-14 03:29:13,536 - isca - DEBUG - The following modules were not unloaded:
2025-06-14 03:29:13,536 - isca - DEBUG - (Use "module --force purge" to unload all):
2025-06-14 03:29:13,537 - isca - DEBUG - 
2025-06-14 03:29:13,537 - isca - DEBUG - 1) hpc/.1.10.1
2025-06-14 03:29:13,632 - isca - DEBUG - ***************************************************
2025-06-14 03:29:13,632 - isca - DEBUG - You have loaded a buildenv module
2025-06-14 03:29:13,632 - isca - DEBUG - ***************************************************
2025-06-14 03:29:13,632 - isca - DEBUG - The buldenv-intel module makes available:
2025-06-14 03:29:13,632 - isca - DEBUG - - Compilers: icc, ifort, etc.
2025-06-14 03:29:13,632 - isca - DEBUG - - Mpi library with mpi-wrapped compilers: intel mpi with mpicc, mpifort, etc.
2025-06-14 03:29:13,632 - isca - DEBUG - - Numerical libraries: intel MKL
2025-06-14 03:29:13,632 - isca - DEBUG - 
2025-06-14 03:29:13,632 - isca - DEBUG - It also makes a set of dependency library modules available via
2025-06-14 03:29:13,632 - isca - DEBUG - the regular module command. Just do:
2025-06-14 03:29:13,632 - isca - DEBUG - module avail
2025-06-14 03:29:13,632 - isca - DEBUG - to see what is available.
2025-06-14 03:29:13,632 - isca - DEBUG - 
2025-06-14 03:29:13,632 - isca - DEBUG - NOTE: You shoud never load build environments inside submitted jobs.
2025-06-14 03:29:13,632 - isca - DEBUG - (with the single exception of when using supercomputer time to compile code.)
2025-06-14 03:29:13,633 - isca - DEBUG - 
2025-06-14 03:29:14,825 - isca - DEBUG - NOTE from PE    0: MPP_DOMAINS_SET_STACK_SIZE: stack size set to    32768.
2025-06-14 03:29:14,826 - isca - DEBUG - &MPP_IO_NML
2025-06-14 03:29:14,826 - isca - DEBUG - HEADER_BUFFER_VAL       =       16384,
2025-06-14 03:29:14,826 - isca - DEBUG - GLOBAL_FIELD_ON_ROOT_PE = T,
2025-06-14 03:29:14,826 - isca - DEBUG - IO_CLOCKS_ON    = F,
2025-06-14 03:29:14,826 - isca - DEBUG - SHUFFLE =           0,
2025-06-14 03:29:14,826 - isca - DEBUG - DEFLATE_LEVEL   =          -1
2025-06-14 03:29:14,826 - isca - DEBUG - /
2025-06-14 03:29:14,827 - isca - DEBUG - NOTE from PE    0: MPP_IO_SET_STACK_SIZE: stack size set to     131072.
2025-06-14 03:29:14,828 - isca - DEBUG - NOTE from PE    0: MPP_DOMAINS_SET_STACK_SIZE: stack size set to   600000.
2025-06-14 03:29:14,835 - isca - DEBUG - starting            1  OpenMP threads per MPI-task
2025-06-14 03:29:14,837 - isca - DEBUG - ATMOS MODEL DOMAIN DECOMPOSITION
2025-06-14 03:29:14,837 - isca - DEBUG - X-AXIS =  128
2025-06-14 03:29:14,837 - isca - DEBUG - Y-AXIS =    4   4   4   4   4   4   4   4   4   4   4   4   4   4   4   4
2025-06-14 03:29:14,888 - isca - DEBUG - NOTE from PE    0: cloud_simple: Using SimCloud cloud scheme
2025-06-14 03:29:14,889 - isca - DEBUG - 
2025-06-14 03:29:14,889 - isca - WARNING - WARNING from PE   15: socrates_init: dt_rad does not fit into one day an integer number of times
2025-06-14 03:29:14,889 - isca - DEBUG - 
2025-06-14 03:29:14,889 - isca - DEBUG - 
2025-06-14 03:29:14,889 - isca - WARNING - WARNING from PE   10: socrates_init: dt_rad does not fit into one day an integer number of times
2025-06-14 03:29:14,889 - isca - DEBUG - 
2025-06-14 03:29:14,889 - isca - DEBUG - 
2025-06-14 03:29:14,889 - isca - WARNING - WARNING from PE   11: socrates_init: dt_rad does not fit into one day an integer number of times
2025-06-14 03:29:14,890 - isca - DEBUG - 
2025-06-14 03:29:14,890 - isca - DEBUG - 
2025-06-14 03:29:14,890 - isca - WARNING - WARNING from PE    9: socrates_init: dt_rad does not fit into one day an integer number of times
2025-06-14 03:29:14,890 - isca - DEBUG - 
2025-06-14 03:29:14,890 - isca - DEBUG - 
2025-06-14 03:29:14,890 - isca - WARNING - WARNING from PE   14: socrates_init: dt_rad does not fit into one day an integer number of times
2025-06-14 03:29:14,890 - isca - DEBUG - 
2025-06-14 03:29:14,890 - isca - DEBUG - NOTE from PE    0: ls_cloud: Using linear cloud fraction diagnostic formula.
2025-06-14 03:29:14,890 - isca - DEBUG - 
2025-06-14 03:29:14,890 - isca - WARNING - WARNING from PE   12: socrates_init: dt_rad does not fit into one day an integer number of times
2025-06-14 03:29:14,890 - isca - DEBUG - 
2025-06-14 03:29:14,890 - isca - DEBUG - NOTE from PE    0: cloud_cover: The cloud overlap assumption is MAXIMUM-RANDOM
2025-06-14 03:29:14,890 - isca - DEBUG - NOTE from PE    0: idealized_moist_phys: Using Frierson Quasi-Equilibrium convection scheme.
2025-06-14 03:29:14,890 - isca - DEBUG - 
2025-06-14 03:29:14,890 - isca - WARNING - WARNING from PE   13: socrates_init: dt_rad does not fit into one day an integer number of times
2025-06-14 03:29:14,890 - isca - DEBUG - 
2025-06-14 03:29:14,891 - isca - DEBUG - 
2025-06-14 03:29:14,891 - isca - WARNING - WARNING from PE    8: socrates_init: dt_rad does not fit into one day an integer number of times
2025-06-14 03:29:14,891 - isca - DEBUG - 
2025-06-14 03:29:14,894 - isca - DEBUG - 
2025-06-14 03:29:14,894 - isca - WARNING - WARNING from PE    2: socrates_init: dt_rad does not fit into one day an integer number of times
2025-06-14 03:29:14,894 - isca - DEBUG - 
2025-06-14 03:29:14,894 - isca - DEBUG - 
2025-06-14 03:29:14,894 - isca - WARNING - WARNING from PE    5: socrates_init: dt_rad does not fit into one day an integer number of times
2025-06-14 03:29:14,894 - isca - DEBUG - 
2025-06-14 03:29:14,894 - isca - DEBUG - 
2025-06-14 03:29:14,894 - isca - WARNING - WARNING from PE    7: socrates_init: dt_rad does not fit into one day an integer number of times
2025-06-14 03:29:14,894 - isca - DEBUG - 
2025-06-14 03:29:14,894 - isca - DEBUG - 
2025-06-14 03:29:14,894 - isca - WARNING - WARNING from PE    3: socrates_init: dt_rad does not fit into one day an integer number of times
2025-06-14 03:29:14,894 - isca - DEBUG - 
2025-06-14 03:29:14,894 - isca - DEBUG - 
2025-06-14 03:29:14,894 - isca - WARNING - WARNING from PE    4: socrates_init: dt_rad does not fit into one day an integer number of times
2025-06-14 03:29:14,894 - isca - DEBUG - 
2025-06-14 03:29:14,894 - isca - DEBUG - 
2025-06-14 03:29:14,894 - isca - WARNING - WARNING from PE    1: socrates_init: dt_rad does not fit into one day an integer number of times
2025-06-14 03:29:14,894 - isca - DEBUG - 
2025-06-14 03:29:14,894 - isca - DEBUG - 
2025-06-14 03:29:14,894 - isca - WARNING - WARNING from PE    6: socrates_init: dt_rad does not fit into one day an integer number of times
2025-06-14 03:29:14,895 - isca - DEBUG - 
2025-06-14 03:29:14,899 - isca - DEBUG - 
2025-06-14 03:29:14,899 - isca - WARNING - WARNING from PE    0: socrates_init: dt_rad does not fit into one day an integer number of times
2025-06-14 03:29:14,899 - isca - DEBUG - 
2025-06-14 03:29:14,899 - isca - DEBUG - 
2025-06-14 03:29:14,899 - isca - WARNING - WARNING from PE    0: socrates_init: dt_rad does not fit into one day an integer number of times
2025-06-14 03:29:14,899 - isca - DEBUG - 
2025-06-14 03:29:14,899 - isca - DEBUG - 
2025-06-14 03:29:14,899 - isca - WARNING - WARNING from PE    0: socrates_init: lw_hires_spectral_filename is unset, making equal to lw_spectral_filename
2025-06-14 03:29:14,899 - isca - DEBUG - 
2025-06-14 03:29:14,899 - isca - DEBUG - 
2025-06-14 03:29:14,899 - isca - WARNING - WARNING from PE    0: socrates_init: lw_hires_spectral_filename is unset, making equal to lw_spectral_filename
2025-06-14 03:29:14,899 - isca - DEBUG - 
2025-06-14 03:29:14,899 - isca - DEBUG - 
2025-06-14 03:29:14,899 - isca - WARNING - WARNING from PE    0: socrates_init: sw_hires_spectral_filename is unset, making equal to sw_spectral_filename
2025-06-14 03:29:14,899 - isca - DEBUG - 
2025-06-14 03:29:14,899 - isca - DEBUG - 
2025-06-14 03:29:14,899 - isca - WARNING - WARNING from PE    0: socrates_init: sw_hires_spectral_filename is unset, making equal to sw_spectral_filename
2025-06-14 03:29:14,899 - isca - DEBUG - 
2025-06-14 03:29:15,985 - isca - DEBUG - NOTE from PE    0: Interpolator: Using input file with no time dimension - ozone_1990_notime_zero.nc
2025-06-14 03:29:15,986 - isca - DEBUG - Initializing src field : ozone_1990
2025-06-14 03:29:15,988 - isca - DEBUG - 
2025-06-14 03:29:15,988 - isca - DEBUG - -----------------------------------
2025-06-14 03:29:15,988 - isca - DEBUG - ____                       _
2025-06-14 03:29:15,988 - isca - DEBUG - / ___|  ___   ___ _ __ __ _| |_ ___  ___
2025-06-14 03:29:15,988 - isca - DEBUG - \___ \ / _ \ / __|  __/ _` | __/ _ \/ __|
2025-06-14 03:29:15,988 - isca - DEBUG - ___) | (_) | (__| | | (_| | ||  __/\__ \
2025-06-14 03:29:15,988 - isca - DEBUG - |____/ \___/ \___|_|  \__,_|\__\___||___/
2025-06-14 03:29:15,988 - isca - DEBUG - 
2025-06-14 03:29:15,988 - isca - DEBUG - Initialised Socrates v17.03
2025-06-14 03:29:15,988 - isca - DEBUG - Stellar constant =    1950.00000000000
2025-06-14 03:29:15,988 - isca - DEBUG - Longwave spectral file =
2025-06-14 03:29:15,988 - isca - DEBUG - /proj/bolinc/users/x_ryabo/socrates_edited_for_isca/spectral_files_for_GCMs/Sun
2025-06-14 03:29:15,988 - isca - DEBUG - /miniSuran_lw.sf WITH           16  bands
2025-06-14 03:29:15,988 - isca - DEBUG - Longwave hires spectral file =
2025-06-14 03:29:15,988 - isca - DEBUG - /proj/bolinc/users/x_ryabo/socrates_edited_for_isca/spectral_files_for_GCMs/Sun
2025-06-14 03:29:15,988 - isca - DEBUG - /miniSuran_lw.sf WITH           16  bands
2025-06-14 03:29:15,988 - isca - DEBUG - Shortwave spectral file =
2025-06-14 03:29:15,988 - isca - DEBUG - /proj/bolinc/users/x_ryabo/socrates_edited_for_isca/spectral_files_for_GCMs/Sun
2025-06-14 03:29:15,988 - isca - DEBUG - /miniSuran_sw.sf WITH           16  bands
2025-06-14 03:29:15,988 - isca - DEBUG - Shortwave hires spectral file =
2025-06-14 03:29:15,988 - isca - DEBUG - /proj/bolinc/users/x_ryabo/socrates_edited_for_isca/spectral_files_for_GCMs/Sun
2025-06-14 03:29:15,989 - isca - DEBUG - /miniSuran_sw.sf WITH           16  bands
2025-06-14 03:29:15,989 - isca - DEBUG - 
2025-06-14 03:29:15,989 - isca - DEBUG - -----------------------------------
2025-06-14 03:29:15,989 - isca - DEBUG - 
2025-06-14 03:29:59,355 - isca - DEBUG - Integration completed through 22141 days     0 seconds
2025-06-14 03:30:42,548 - isca - DEBUG - Integration completed through 22142 days     0 seconds
2025-06-14 03:31:25,578 - isca - DEBUG - Integration completed through 22143 days     0 seconds
2025-06-14 03:32:08,404 - isca - DEBUG - Integration completed through 22144 days     0 seconds
2025-06-14 03:32:51,213 - isca - DEBUG - Integration completed through 22145 days     0 seconds
2025-06-14 03:33:34,136 - isca - DEBUG - Integration completed through 22146 days     0 seconds
2025-06-14 03:34:17,132 - isca - DEBUG - Integration completed through 22147 days     0 seconds
2025-06-14 03:35:00,088 - isca - DEBUG - Integration completed through 22148 days     0 seconds
2025-06-14 03:35:43,069 - isca - DEBUG - Integration completed through 22149 days     0 seconds
2025-06-14 03:36:26,241 - isca - DEBUG - Integration completed through 22150 days     0 seconds
2025-06-14 03:37:09,074 - isca - DEBUG - Integration completed through 22151 days     0 seconds
2025-06-14 03:37:52,326 - isca - DEBUG - Integration completed through 22152 days     0 seconds
2025-06-14 03:38:35,731 - isca - DEBUG - Integration completed through 22153 days     0 seconds
2025-06-14 03:39:18,976 - isca - DEBUG - Integration completed through 22154 days     0 seconds
2025-06-14 03:40:01,974 - isca - DEBUG - Integration completed through 22155 days     0 seconds
2025-06-14 03:40:45,139 - isca - DEBUG - Integration completed through 22156 days     0 seconds
2025-06-14 03:41:28,367 - isca - DEBUG - Integration completed through 22157 days     0 seconds
2025-06-14 03:42:11,657 - isca - DEBUG - Integration completed through 22158 days     0 seconds
2025-06-14 03:42:54,854 - isca - DEBUG - Integration completed through 22159 days     0 seconds
2025-06-14 03:43:37,774 - isca - DEBUG - Integration completed through 22160 days     0 seconds
2025-06-14 03:44:20,564 - isca - DEBUG - Integration completed through 22161 days     0 seconds
2025-06-14 03:45:03,445 - isca - DEBUG - Integration completed through 22162 days     0 seconds
2025-06-14 03:45:46,583 - isca - DEBUG - Integration completed through 22163 days     0 seconds
2025-06-14 03:46:29,696 - isca - DEBUG - Integration completed through 22164 days     0 seconds
2025-06-14 03:47:12,911 - isca - DEBUG - Integration completed through 22165 days     0 seconds
2025-06-14 03:47:56,365 - isca - DEBUG - Integration completed through 22166 days     0 seconds
2025-06-14 03:48:39,692 - isca - DEBUG - Integration completed through 22167 days     0 seconds
2025-06-14 03:49:22,793 - isca - DEBUG - Integration completed through 22168 days     0 seconds
2025-06-14 03:50:05,812 - isca - DEBUG - Integration completed through 22169 days     0 seconds
2025-06-14 03:50:48,744 - isca - DEBUG - Integration completed through 22170 days     0 seconds
2025-06-14 03:50:48,751 - isca - DEBUG - 
2025-06-14 03:50:48,751 - isca - WARNING - WARNING from PE    0: diag_util_mod::opening_file: module/field_name (socrates/soc_toa_sw_down_clr) NOT registered
2025-06-14 03:50:48,751 - isca - DEBUG - 
2025-06-14 03:50:48,751 - isca - DEBUG - 
2025-06-14 03:50:48,751 - isca - WARNING - WARNING from PE    0: diag_util_mod::opening_file: module/field_name (cloud_simple/rh_min) NOT registered
2025-06-14 03:50:48,751 - isca - DEBUG - 
2025-06-14 03:50:48,751 - isca - DEBUG - 
2025-06-14 03:50:48,751 - isca - WARNING - WARNING from PE    0: diag_util_mod::opening_file: module/field_name (socrates/soc_toa_sw_down_clr) NOT registered
2025-06-14 03:50:48,751 - isca - DEBUG - 
2025-06-14 03:50:48,751 - isca - DEBUG - 
2025-06-14 03:50:48,751 - isca - WARNING - WARNING from PE    0: diag_util_mod::opening_file: module/field_name (cloud_simple/rh_min) NOT registered
2025-06-14 03:50:48,751 - isca - DEBUG - 
2025-06-14 03:50:48,762 - isca - DEBUG - NOTE from PE    0: MPP_IO_SET_STACK_SIZE: stack size set to     393216.
2025-06-14 03:50:48,887 - isca - DEBUG - MPP_DOMAINS_STACK high water mark=       49152
2025-06-14 03:50:48,887 - isca - DEBUG - 
2025-06-14 03:50:48,887 - isca - DEBUG - Tabulating mpp_clock statistics across     16 PEs...
2025-06-14 03:50:48,887 - isca - DEBUG - 
2025-06-14 03:50:48,887 - isca - DEBUG - tmin          tmax          tavg          tstd  tfrac grain pemin pemax
2025-06-14 03:50:48,887 - isca - DEBUG - Total runtime                      1294.058670   1294.066305   1294.062177      0.002088  1.000     0     0    15
2025-06-14 03:50:48,888 - isca - DEBUG - MPP_STACK high water mark=           0
2025-06-14 03:50:49,072 - isca - INFO - Run 739 complete
2025-06-14 03:50:49,906 - isca - DEBUG - atmos_monthly.nc combined and copied to data directory
2025-06-14 03:50:53,392 - isca - INFO - Restart archive created at /proj/bolinc/users/x_ryabo/Isca-Ryan_outputs/presentday_1540_Sun_noO3_1950/restarts/res0739.tar.gz
2025-06-14 03:50:53,404 - isca - INFO - Writing namelist to '/proj/bolinc/users/x_ryabo/Isca-Ryan_outputs/presentday_1540_Sun_noO3_1950/run0739/input.nml'
2025-06-14 03:50:53,406 - isca - INFO - Writing field_table to '/proj/bolinc/users/x_ryabo/Isca-Ryan_outputs/presentday_1540_Sun_noO3_1950/run0739/field_table'
2025-06-14 03:50:53,416 - isca - INFO - Writing diag_table to '/proj/bolinc/users/x_ryabo/Isca-Ryan_outputs/presentday_1540_Sun_noO3_1950/run0739/diag_table'
2025-06-14 03:50:53,654 - isca - INFO - Emptied run directory '/home/x_ryabo/Isca-Ryan_tmp/experiment/presentday_1540_Sun_noO3_1950/run'
2025-06-14 03:50:53,672 - isca - INFO - Emptied run directory '/home/x_ryabo/Isca-Ryan_tmp/experiment/presentday_1540_Sun_noO3_1950/run'
2025-06-14 03:50:53,887 - isca - INFO - Writing namelist to '/home/x_ryabo/Isca-Ryan_tmp/experiment/presentday_1540_Sun_noO3_1950/run/input.nml'
2025-06-14 03:50:53,889 - isca - INFO - Writing field_table to '/home/x_ryabo/Isca-Ryan_tmp/experiment/presentday_1540_Sun_noO3_1950/run/field_table'
2025-06-14 03:50:53,902 - isca - INFO - Writing diag_table to '/home/x_ryabo/Isca-Ryan_tmp/experiment/presentday_1540_Sun_noO3_1950/run/diag_table'
2025-06-14 03:50:53,914 - isca - INFO - Using restart file '/proj/bolinc/users/x_ryabo/Isca-Ryan_outputs/presentday_1540_Sun_noO3_1950/restarts/res0739.tar.gz'
2025-06-14 03:50:54,329 - isca - INFO - Restart /proj/bolinc/users/x_ryabo/Isca-Ryan_outputs/presentday_1540_Sun_noO3_1950/restarts/res0739.tar.gz extracted to /home/x_ryabo/Isca-Ryan_tmp/experiment/presentday_1540_Sun_noO3_1950/run/INPUT
2025-06-14 03:50:54,329 - isca - INFO - Beginning run 740
2025-06-14 03:50:54,340 - isca - INFO - process running as 1028500
2025-06-14 03:50:54,341 - isca - DEBUG - loadmodules for Isca on NSC cluster Tetralith
2025-06-14 03:50:54,341 - isca - DEBUG - mpiifort
2025-06-14 03:50:54,441 - isca - DEBUG - The following modules were not unloaded:
2025-06-14 03:50:54,441 - isca - DEBUG - (Use "module --force purge" to unload all):
2025-06-14 03:50:54,441 - isca - DEBUG - 
2025-06-14 03:50:54,441 - isca - DEBUG - 1) hpc/.1.10.1
2025-06-14 03:50:54,537 - isca - DEBUG - ***************************************************
2025-06-14 03:50:54,537 - isca - DEBUG - You have loaded a buildenv module
2025-06-14 03:50:54,537 - isca - DEBUG - ***************************************************
2025-06-14 03:50:54,538 - isca - DEBUG - The buldenv-intel module makes available:
2025-06-14 03:50:54,538 - isca - DEBUG - - Compilers: icc, ifort, etc.
2025-06-14 03:50:54,538 - isca - DEBUG - - Mpi library with mpi-wrapped compilers: intel mpi with mpicc, mpifort, etc.
2025-06-14 03:50:54,538 - isca - DEBUG - - Numerical libraries: intel MKL
2025-06-14 03:50:54,538 - isca - DEBUG - 
2025-06-14 03:50:54,538 - isca - DEBUG - It also makes a set of dependency library modules available via
2025-06-14 03:50:54,538 - isca - DEBUG - the regular module command. Just do:
2025-06-14 03:50:54,538 - isca - DEBUG - module avail
2025-06-14 03:50:54,538 - isca - DEBUG - to see what is available.
2025-06-14 03:50:54,538 - isca - DEBUG - 
2025-06-14 03:50:54,538 - isca - DEBUG - NOTE: You shoud never load build environments inside submitted jobs.
2025-06-14 03:50:54,538 - isca - DEBUG - (with the single exception of when using supercomputer time to compile code.)
2025-06-14 03:50:54,538 - isca - DEBUG - 
2025-06-14 03:50:55,746 - isca - DEBUG - NOTE from PE    0: MPP_DOMAINS_SET_STACK_SIZE: stack size set to    32768.
2025-06-14 03:50:55,746 - isca - DEBUG - &MPP_IO_NML
2025-06-14 03:50:55,746 - isca - DEBUG - HEADER_BUFFER_VAL       =       16384,
2025-06-14 03:50:55,746 - isca - DEBUG - GLOBAL_FIELD_ON_ROOT_PE = T,
2025-06-14 03:50:55,746 - isca - DEBUG - IO_CLOCKS_ON    = F,
2025-06-14 03:50:55,746 - isca - DEBUG - SHUFFLE =           0,
2025-06-14 03:50:55,747 - isca - DEBUG - DEFLATE_LEVEL   =          -1
2025-06-14 03:50:55,747 - isca - DEBUG - /
2025-06-14 03:50:55,748 - isca - DEBUG - NOTE from PE    0: MPP_IO_SET_STACK_SIZE: stack size set to     131072.
2025-06-14 03:50:55,749 - isca - DEBUG - NOTE from PE    0: MPP_DOMAINS_SET_STACK_SIZE: stack size set to   600000.
2025-06-14 03:50:55,756 - isca - DEBUG - starting            1  OpenMP threads per MPI-task
2025-06-14 03:50:55,758 - isca - DEBUG - ATMOS MODEL DOMAIN DECOMPOSITION
2025-06-14 03:50:55,758 - isca - DEBUG - X-AXIS =  128
2025-06-14 03:50:55,758 - isca - DEBUG - Y-AXIS =    4   4   4   4   4   4   4   4   4   4   4   4   4   4   4   4
2025-06-14 03:50:55,808 - isca - DEBUG - NOTE from PE    0: cloud_simple: Using SimCloud cloud scheme
2025-06-14 03:50:55,809 - isca - DEBUG - NOTE from PE    0: ls_cloud: Using linear cloud fraction diagnostic formula.
2025-06-14 03:50:55,810 - isca - DEBUG - NOTE from PE    0: cloud_cover: The cloud overlap assumption is MAXIMUM-RANDOM
2025-06-14 03:50:55,810 - isca - DEBUG - NOTE from PE    0: idealized_moist_phys: Using Frierson Quasi-Equilibrium convection scheme.
2025-06-14 03:50:55,811 - isca - DEBUG - 
2025-06-14 03:50:55,811 - isca - DEBUG - 
2025-06-14 03:50:55,812 - isca - WARNING - WARNING from PE    9: socrates_init: dt_rad does not fit into one day an integer number of times
2025-06-14 03:50:55,812 - isca - DEBUG - 
2025-06-14 03:50:55,812 - isca - DEBUG - 
2025-06-14 03:50:55,812 - isca - WARNING - WARNING from PE   10: socrates_init: dt_rad does not fit into one day an integer number of times
2025-06-14 03:50:55,812 - isca - DEBUG - 
2025-06-14 03:50:55,812 - isca - DEBUG - 
2025-06-14 03:50:55,812 - isca - WARNING - WARNING from PE   15: socrates_init: dt_rad does not fit into one day an integer number of times
2025-06-14 03:50:55,812 - isca - DEBUG - 
2025-06-14 03:50:55,812 - isca - WARNING - WARNING from PE    8: socrates_init: dt_rad does not fit into one day an integer number of times
2025-06-14 03:50:55,812 - isca - DEBUG - 
2025-06-14 03:50:55,812 - isca - DEBUG - 
2025-06-14 03:50:55,812 - isca - WARNING - WARNING from PE   12: socrates_init: dt_rad does not fit into one day an integer number of times
2025-06-14 03:50:55,812 - isca - DEBUG - 
2025-06-14 03:50:55,812 - isca - DEBUG - 
2025-06-14 03:50:55,812 - isca - WARNING - WARNING from PE   13: socrates_init: dt_rad does not fit into one day an integer number of times
2025-06-14 03:50:55,812 - isca - DEBUG - 
2025-06-14 03:50:55,812 - isca - DEBUG - 
2025-06-14 03:50:55,812 - isca - WARNING - WARNING from PE   11: socrates_init: dt_rad does not fit into one day an integer number of times
2025-06-14 03:50:55,812 - isca - DEBUG - 
2025-06-14 03:50:55,812 - isca - DEBUG - 
2025-06-14 03:50:55,812 - isca - WARNING - WARNING from PE   14: socrates_init: dt_rad does not fit into one day an integer number of times
2025-06-14 03:50:55,812 - isca - DEBUG - 
2025-06-14 03:50:55,814 - isca - DEBUG - 
2025-06-14 03:50:55,814 - isca - WARNING - WARNING from PE    1: socrates_init: dt_rad does not fit into one day an integer number of times
2025-06-14 03:50:55,814 - isca - DEBUG - 
2025-06-14 03:50:55,814 - isca - DEBUG - 
2025-06-14 03:50:55,814 - isca - DEBUG - 
2025-06-14 03:50:55,814 - isca - WARNING - WARNING from PE    4: socrates_init: dt_rad does not fit into one day an integer number of times
2025-06-14 03:50:55,814 - isca - DEBUG - 
2025-06-14 03:50:55,814 - isca - DEBUG - 
2025-06-14 03:50:55,814 - isca - WARNING - WARNING from PE    5: socrates_init: dt_rad does not fit into one day an integer number of times
2025-06-14 03:50:55,814 - isca - DEBUG - 
2025-06-14 03:50:55,814 - isca - WARNING - WARNING from PE    6: socrates_init: dt_rad does not fit into one day an integer number of times
2025-06-14 03:50:55,814 - isca - DEBUG - 
2025-06-14 03:50:55,814 - isca - DEBUG - 
2025-06-14 03:50:55,814 - isca - WARNING - WARNING from PE    3: socrates_init: dt_rad does not fit into one day an integer number of times
2025-06-14 03:50:55,814 - isca - DEBUG - 
2025-06-14 03:50:55,814 - isca - DEBUG - 
2025-06-14 03:50:55,814 - isca - WARNING - WARNING from PE    2: socrates_init: dt_rad does not fit into one day an integer number of times
2025-06-14 03:50:55,814 - isca - DEBUG - 
2025-06-14 03:50:55,814 - isca - WARNING - WARNING from PE    7: socrates_init: dt_rad does not fit into one day an integer number of times
2025-06-14 03:50:55,814 - isca - DEBUG - 
2025-06-14 03:50:55,814 - isca - DEBUG - 
2025-06-14 03:50:55,819 - isca - DEBUG - 
2025-06-14 03:50:55,819 - isca - WARNING - WARNING from PE    0: socrates_init: dt_rad does not fit into one day an integer number of times
2025-06-14 03:50:55,819 - isca - DEBUG - 
2025-06-14 03:50:55,819 - isca - DEBUG - 
2025-06-14 03:50:55,819 - isca - WARNING - WARNING from PE    0: socrates_init: dt_rad does not fit into one day an integer number of times
2025-06-14 03:50:55,819 - isca - DEBUG - 
2025-06-14 03:50:55,819 - isca - DEBUG - 
2025-06-14 03:50:55,819 - isca - WARNING - WARNING from PE    0: socrates_init: lw_hires_spectral_filename is unset, making equal to lw_spectral_filename
2025-06-14 03:50:55,820 - isca - DEBUG - 
2025-06-14 03:50:55,820 - isca - DEBUG - 
2025-06-14 03:50:55,820 - isca - WARNING - WARNING from PE    0: socrates_init: lw_hires_spectral_filename is unset, making equal to lw_spectral_filename
2025-06-14 03:50:55,820 - isca - DEBUG - 
2025-06-14 03:50:55,820 - isca - DEBUG - 
2025-06-14 03:50:55,820 - isca - WARNING - WARNING from PE    0: socrates_init: sw_hires_spectral_filename is unset, making equal to sw_spectral_filename
2025-06-14 03:50:55,820 - isca - DEBUG - 
2025-06-14 03:50:55,820 - isca - DEBUG - 
2025-06-14 03:50:55,820 - isca - WARNING - WARNING from PE    0: socrates_init: sw_hires_spectral_filename is unset, making equal to sw_spectral_filename
2025-06-14 03:50:55,820 - isca - DEBUG - 
2025-06-14 03:50:56,908 - isca - DEBUG - NOTE from PE    0: Interpolator: Using input file with no time dimension - ozone_1990_notime_zero.nc
2025-06-14 03:50:56,908 - isca - DEBUG - Initializing src field : ozone_1990
2025-06-14 03:50:56,910 - isca - DEBUG - 
2025-06-14 03:50:56,910 - isca - DEBUG - -----------------------------------
2025-06-14 03:50:56,910 - isca - DEBUG - ____                       _
2025-06-14 03:50:56,910 - isca - DEBUG - / ___|  ___   ___ _ __ __ _| |_ ___  ___
2025-06-14 03:50:56,910 - isca - DEBUG - \___ \ / _ \ / __|  __/ _` | __/ _ \/ __|
2025-06-14 03:50:56,910 - isca - DEBUG - ___) | (_) | (__| | | (_| | ||  __/\__ \
2025-06-14 03:50:56,910 - isca - DEBUG - |____/ \___/ \___|_|  \__,_|\__\___||___/
2025-06-14 03:50:56,910 - isca - DEBUG - 
2025-06-14 03:50:56,910 - isca - DEBUG - Initialised Socrates v17.03
2025-06-14 03:50:56,910 - isca - DEBUG - Stellar constant =    1950.00000000000
2025-06-14 03:50:56,910 - isca - DEBUG - Longwave spectral file =
2025-06-14 03:50:56,910 - isca - DEBUG - /proj/bolinc/users/x_ryabo/socrates_edited_for_isca/spectral_files_for_GCMs/Sun
2025-06-14 03:50:56,910 - isca - DEBUG - /miniSuran_lw.sf WITH           16  bands
2025-06-14 03:50:56,910 - isca - DEBUG - Longwave hires spectral file =
2025-06-14 03:50:56,910 - isca - DEBUG - /proj/bolinc/users/x_ryabo/socrates_edited_for_isca/spectral_files_for_GCMs/Sun
2025-06-14 03:50:56,910 - isca - DEBUG - /miniSuran_lw.sf WITH           16  bands
2025-06-14 03:50:56,911 - isca - DEBUG - Shortwave spectral file =
2025-06-14 03:50:56,911 - isca - DEBUG - /proj/bolinc/users/x_ryabo/socrates_edited_for_isca/spectral_files_for_GCMs/Sun
2025-06-14 03:50:56,911 - isca - DEBUG - /miniSuran_sw.sf WITH           16  bands
2025-06-14 03:50:56,911 - isca - DEBUG - Shortwave hires spectral file =
2025-06-14 03:50:56,911 - isca - DEBUG - /proj/bolinc/users/x_ryabo/socrates_edited_for_isca/spectral_files_for_GCMs/Sun
2025-06-14 03:50:56,911 - isca - DEBUG - /miniSuran_sw.sf WITH           16  bands
2025-06-14 03:50:56,911 - isca - DEBUG - 
2025-06-14 03:50:56,911 - isca - DEBUG - -----------------------------------
2025-06-14 03:50:56,911 - isca - DEBUG - 
2025-06-14 03:51:39,751 - isca - DEBUG - Integration completed through 22171 days     0 seconds
2025-06-14 03:52:22,809 - isca - DEBUG - Integration completed through 22172 days     0 seconds
2025-06-14 03:53:05,937 - isca - DEBUG - Integration completed through 22173 days     0 seconds
2025-06-14 03:53:48,980 - isca - DEBUG - Integration completed through 22174 days     0 seconds
2025-06-14 03:54:31,848 - isca - DEBUG - Integration completed through 22175 days     0 seconds
2025-06-14 03:55:14,596 - isca - DEBUG - Integration completed through 22176 days     0 seconds
2025-06-14 03:55:57,586 - isca - DEBUG - Integration completed through 22177 days     0 seconds
2025-06-14 03:56:40,584 - isca - DEBUG - Integration completed through 22178 days     0 seconds
2025-06-14 03:57:23,572 - isca - DEBUG - Integration completed through 22179 days     0 seconds
2025-06-14 03:58:06,264 - isca - DEBUG - Integration completed through 22180 days     0 seconds
2025-06-14 03:58:48,893 - isca - DEBUG - Integration completed through 22181 days     0 seconds
2025-06-14 03:59:31,591 - isca - DEBUG - Integration completed through 22182 days     0 seconds
2025-06-14 04:00:14,266 - isca - DEBUG - Integration completed through 22183 days     0 seconds
2025-06-14 04:00:57,192 - isca - DEBUG - Integration completed through 22184 days     0 seconds
2025-06-14 04:01:40,168 - isca - DEBUG - Integration completed through 22185 days     0 seconds
2025-06-14 04:02:23,035 - isca - DEBUG - Integration completed through 22186 days     0 seconds
2025-06-14 04:03:06,021 - isca - DEBUG - Integration completed through 22187 days     0 seconds
2025-06-14 04:03:48,920 - isca - DEBUG - Integration completed through 22188 days     0 seconds
2025-06-14 04:04:31,989 - isca - DEBUG - Integration completed through 22189 days     0 seconds
2025-06-14 04:05:14,750 - isca - DEBUG - Integration completed through 22190 days     0 seconds
2025-06-14 04:05:57,523 - isca - DEBUG - Integration completed through 22191 days     0 seconds
2025-06-14 04:06:40,388 - isca - DEBUG - Integration completed through 22192 days     0 seconds
2025-06-14 04:07:22,867 - isca - DEBUG - Integration completed through 22193 days     0 seconds
2025-06-14 04:08:05,426 - isca - DEBUG - Integration completed through 22194 days     0 seconds
2025-06-14 04:08:48,060 - isca - DEBUG - Integration completed through 22195 days     0 seconds
2025-06-14 04:09:30,680 - isca - DEBUG - Integration completed through 22196 days     0 seconds
2025-06-14 04:10:13,546 - isca - DEBUG - Integration completed through 22197 days     0 seconds
2025-06-14 04:10:56,416 - isca - DEBUG - Integration completed through 22198 days     0 seconds
2025-06-14 04:11:39,225 - isca - DEBUG - Integration completed through 22199 days     0 seconds
2025-06-14 04:12:21,811 - isca - DEBUG - Integration completed through 22200 days     0 seconds
2025-06-14 04:12:21,819 - isca - DEBUG - 
2025-06-14 04:12:21,819 - isca - WARNING - WARNING from PE    0: diag_util_mod::opening_file: module/field_name (socrates/soc_toa_sw_down_clr) NOT registered
2025-06-14 04:12:21,819 - isca - DEBUG - 
2025-06-14 04:12:21,819 - isca - DEBUG - 
2025-06-14 04:12:21,819 - isca - WARNING - WARNING from PE    0: diag_util_mod::opening_file: module/field_name (cloud_simple/rh_min) NOT registered
2025-06-14 04:12:21,819 - isca - DEBUG - 
2025-06-14 04:12:21,819 - isca - DEBUG - 
2025-06-14 04:12:21,819 - isca - WARNING - WARNING from PE    0: diag_util_mod::opening_file: module/field_name (socrates/soc_toa_sw_down_clr) NOT registered
2025-06-14 04:12:21,819 - isca - DEBUG - 
2025-06-14 04:12:21,819 - isca - DEBUG - 
2025-06-14 04:12:21,819 - isca - WARNING - WARNING from PE    0: diag_util_mod::opening_file: module/field_name (cloud_simple/rh_min) NOT registered
2025-06-14 04:12:21,819 - isca - DEBUG - 
2025-06-14 04:12:21,829 - isca - DEBUG - NOTE from PE    0: MPP_IO_SET_STACK_SIZE: stack size set to     393216.
2025-06-14 04:12:21,970 - isca - DEBUG - MPP_DOMAINS_STACK high water mark=       49152
2025-06-14 04:12:21,970 - isca - DEBUG - 
2025-06-14 04:12:21,970 - isca - DEBUG - Tabulating mpp_clock statistics across     16 PEs...
2025-06-14 04:12:21,970 - isca - DEBUG - 
2025-06-14 04:12:21,970 - isca - DEBUG - tmin          tmax          tavg          tstd  tfrac grain pemin pemax
2025-06-14 04:12:21,971 - isca - DEBUG - Total runtime                      1286.219848   1286.226960   1286.223724      0.002081  1.000     0     0    15
2025-06-14 04:12:21,971 - isca - DEBUG - MPP_STACK high water mark=           0
2025-06-14 04:12:22,147 - isca - INFO - Run 740 complete
2025-06-14 04:12:22,962 - isca - DEBUG - atmos_monthly.nc combined and copied to data directory
2025-06-14 04:12:26,436 - isca - INFO - Restart archive created at /proj/bolinc/users/x_ryabo/Isca-Ryan_outputs/presentday_1540_Sun_noO3_1950/restarts/res0740.tar.gz
2025-06-14 04:12:26,447 - isca - INFO - Writing namelist to '/proj/bolinc/users/x_ryabo/Isca-Ryan_outputs/presentday_1540_Sun_noO3_1950/run0740/input.nml'
2025-06-14 04:12:26,449 - isca - INFO - Writing field_table to '/proj/bolinc/users/x_ryabo/Isca-Ryan_outputs/presentday_1540_Sun_noO3_1950/run0740/field_table'
2025-06-14 04:12:26,461 - isca - INFO - Writing diag_table to '/proj/bolinc/users/x_ryabo/Isca-Ryan_outputs/presentday_1540_Sun_noO3_1950/run0740/diag_table'
2025-06-14 04:12:26,692 - isca - INFO - Emptied run directory '/home/x_ryabo/Isca-Ryan_tmp/experiment/presentday_1540_Sun_noO3_1950/run'
2025-06-14 04:12:26,716 - isca - INFO - Emptied run directory '/home/x_ryabo/Isca-Ryan_tmp/experiment/presentday_1540_Sun_noO3_1950/run'
2025-06-14 04:12:26,927 - isca - INFO - Writing namelist to '/home/x_ryabo/Isca-Ryan_tmp/experiment/presentday_1540_Sun_noO3_1950/run/input.nml'
2025-06-14 04:12:26,929 - isca - INFO - Writing field_table to '/home/x_ryabo/Isca-Ryan_tmp/experiment/presentday_1540_Sun_noO3_1950/run/field_table'
2025-06-14 04:12:26,940 - isca - INFO - Writing diag_table to '/home/x_ryabo/Isca-Ryan_tmp/experiment/presentday_1540_Sun_noO3_1950/run/diag_table'
2025-06-14 04:12:26,952 - isca - INFO - Using restart file '/proj/bolinc/users/x_ryabo/Isca-Ryan_outputs/presentday_1540_Sun_noO3_1950/restarts/res0740.tar.gz'
2025-06-14 04:12:27,366 - isca - INFO - Restart /proj/bolinc/users/x_ryabo/Isca-Ryan_outputs/presentday_1540_Sun_noO3_1950/restarts/res0740.tar.gz extracted to /home/x_ryabo/Isca-Ryan_tmp/experiment/presentday_1540_Sun_noO3_1950/run/INPUT
2025-06-14 04:12:27,366 - isca - INFO - Beginning run 741
2025-06-14 04:12:27,380 - isca - INFO - process running as 1029703
2025-06-14 04:12:27,380 - isca - DEBUG - loadmodules for Isca on NSC cluster Tetralith
2025-06-14 04:12:27,380 - isca - DEBUG - mpiifort
2025-06-14 04:12:27,481 - isca - DEBUG - The following modules were not unloaded:
2025-06-14 04:12:27,481 - isca - DEBUG - (Use "module --force purge" to unload all):
2025-06-14 04:12:27,481 - isca - DEBUG - 
2025-06-14 04:12:27,481 - isca - DEBUG - 1) hpc/.1.10.1
2025-06-14 04:12:27,577 - isca - DEBUG - ***************************************************
2025-06-14 04:12:27,578 - isca - DEBUG - You have loaded a buildenv module
2025-06-14 04:12:27,578 - isca - DEBUG - ***************************************************
2025-06-14 04:12:27,578 - isca - DEBUG - The buldenv-intel module makes available:
2025-06-14 04:12:27,578 - isca - DEBUG - - Compilers: icc, ifort, etc.
2025-06-14 04:12:27,578 - isca - DEBUG - - Mpi library with mpi-wrapped compilers: intel mpi with mpicc, mpifort, etc.
2025-06-14 04:12:27,578 - isca - DEBUG - - Numerical libraries: intel MKL
2025-06-14 04:12:27,578 - isca - DEBUG - 
2025-06-14 04:12:27,578 - isca - DEBUG - It also makes a set of dependency library modules available via
2025-06-14 04:12:27,578 - isca - DEBUG - the regular module command. Just do:
2025-06-14 04:12:27,578 - isca - DEBUG - module avail
2025-06-14 04:12:27,578 - isca - DEBUG - to see what is available.
2025-06-14 04:12:27,578 - isca - DEBUG - 
2025-06-14 04:12:27,578 - isca - DEBUG - NOTE: You shoud never load build environments inside submitted jobs.
2025-06-14 04:12:27,578 - isca - DEBUG - (with the single exception of when using supercomputer time to compile code.)
2025-06-14 04:12:27,578 - isca - DEBUG - 
2025-06-14 04:12:28,785 - isca - DEBUG - NOTE from PE    0: MPP_DOMAINS_SET_STACK_SIZE: stack size set to    32768.
2025-06-14 04:12:28,785 - isca - DEBUG - &MPP_IO_NML
2025-06-14 04:12:28,785 - isca - DEBUG - HEADER_BUFFER_VAL       =       16384,
2025-06-14 04:12:28,785 - isca - DEBUG - GLOBAL_FIELD_ON_ROOT_PE = T,
2025-06-14 04:12:28,785 - isca - DEBUG - IO_CLOCKS_ON    = F,
2025-06-14 04:12:28,785 - isca - DEBUG - SHUFFLE =           0,
2025-06-14 04:12:28,785 - isca - DEBUG - DEFLATE_LEVEL   =          -1
2025-06-14 04:12:28,785 - isca - DEBUG - /
2025-06-14 04:12:28,786 - isca - DEBUG - NOTE from PE    0: MPP_IO_SET_STACK_SIZE: stack size set to     131072.
2025-06-14 04:12:28,787 - isca - DEBUG - NOTE from PE    0: MPP_DOMAINS_SET_STACK_SIZE: stack size set to   600000.
2025-06-14 04:12:28,795 - isca - DEBUG - starting            1  OpenMP threads per MPI-task
2025-06-14 04:12:28,797 - isca - DEBUG - ATMOS MODEL DOMAIN DECOMPOSITION
2025-06-14 04:12:28,797 - isca - DEBUG - X-AXIS =  128
2025-06-14 04:12:28,797 - isca - DEBUG - Y-AXIS =    4   4   4   4   4   4   4   4   4   4   4   4   4   4   4   4
2025-06-14 04:12:28,846 - isca - DEBUG - NOTE from PE    0: cloud_simple: Using SimCloud cloud scheme
2025-06-14 04:12:28,847 - isca - DEBUG - NOTE from PE    0: ls_cloud: Using linear cloud fraction diagnostic formula.
2025-06-14 04:12:28,848 - isca - DEBUG - NOTE from PE    0: cloud_cover: The cloud overlap assumption is MAXIMUM-RANDOM
2025-06-14 04:12:28,848 - isca - DEBUG - NOTE from PE    0: idealized_moist_phys: Using Frierson Quasi-Equilibrium convection scheme.
2025-06-14 04:12:28,849 - isca - DEBUG - 
2025-06-14 04:12:28,850 - isca - WARNING - WARNING from PE   11: socrates_init: dt_rad does not fit into one day an integer number of times
2025-06-14 04:12:28,850 - isca - DEBUG - 
2025-06-14 04:12:28,850 - isca - DEBUG - 
2025-06-14 04:12:28,850 - isca - WARNING - WARNING from PE   15: socrates_init: dt_rad does not fit into one day an integer number of times
2025-06-14 04:12:28,850 - isca - DEBUG - 
2025-06-14 04:12:28,850 - isca - DEBUG - 
2025-06-14 04:12:28,850 - isca - DEBUG - 
2025-06-14 04:12:28,850 - isca - WARNING - WARNING from PE   13: socrates_init: dt_rad does not fit into one day an integer number of times
2025-06-14 04:12:28,850 - isca - DEBUG - 
2025-06-14 04:12:28,850 - isca - WARNING - WARNING from PE   14: socrates_init: dt_rad does not fit into one day an integer number of times
2025-06-14 04:12:28,850 - isca - DEBUG - 
2025-06-14 04:12:28,850 - isca - DEBUG - 
2025-06-14 04:12:28,850 - isca - WARNING - WARNING from PE    8: socrates_init: dt_rad does not fit into one day an integer number of times
2025-06-14 04:12:28,850 - isca - DEBUG - 
2025-06-14 04:12:28,850 - isca - DEBUG - 
2025-06-14 04:12:28,850 - isca - WARNING - WARNING from PE    9: socrates_init: dt_rad does not fit into one day an integer number of times
2025-06-14 04:12:28,850 - isca - DEBUG - 
2025-06-14 04:12:28,850 - isca - DEBUG - 
2025-06-14 04:12:28,850 - isca - WARNING - WARNING from PE   10: socrates_init: dt_rad does not fit into one day an integer number of times
2025-06-14 04:12:28,850 - isca - DEBUG - 
2025-06-14 04:12:28,851 - isca - DEBUG - 
2025-06-14 04:12:28,851 - isca - WARNING - WARNING from PE   12: socrates_init: dt_rad does not fit into one day an integer number of times
2025-06-14 04:12:28,852 - isca - DEBUG - 
2025-06-14 04:12:28,852 - isca - DEBUG - 
2025-06-14 04:12:28,852 - isca - DEBUG - 
2025-06-14 04:12:28,852 - isca - WARNING - WARNING from PE    3: socrates_init: dt_rad does not fit into one day an integer number of times
2025-06-14 04:12:28,852 - isca - DEBUG - 
2025-06-14 04:12:28,852 - isca - DEBUG - 
2025-06-14 04:12:28,852 - isca - WARNING - WARNING from PE    5: socrates_init: dt_rad does not fit into one day an integer number of times
2025-06-14 04:12:28,852 - isca - DEBUG - 
2025-06-14 04:12:28,852 - isca - DEBUG - 
2025-06-14 04:12:28,852 - isca - WARNING - WARNING from PE    2: socrates_init: dt_rad does not fit into one day an integer number of times
2025-06-14 04:12:28,852 - isca - DEBUG - 
2025-06-14 04:12:28,852 - isca - DEBUG - 
2025-06-14 04:12:28,852 - isca - WARNING - WARNING from PE    6: socrates_init: dt_rad does not fit into one day an integer number of times
2025-06-14 04:12:28,852 - isca - DEBUG - 
2025-06-14 04:12:28,852 - isca - WARNING - WARNING from PE    1: socrates_init: dt_rad does not fit into one day an integer number of times
2025-06-14 04:12:28,852 - isca - DEBUG - 
2025-06-14 04:12:28,852 - isca - DEBUG - 
2025-06-14 04:12:28,852 - isca - WARNING - WARNING from PE    4: socrates_init: dt_rad does not fit into one day an integer number of times
2025-06-14 04:12:28,852 - isca - DEBUG - 
2025-06-14 04:12:28,852 - isca - DEBUG - 
2025-06-14 04:12:28,852 - isca - WARNING - WARNING from PE    7: socrates_init: dt_rad does not fit into one day an integer number of times
2025-06-14 04:12:28,852 - isca - DEBUG - 
2025-06-14 04:12:28,857 - isca - DEBUG - 
2025-06-14 04:12:28,857 - isca - WARNING - WARNING from PE    0: socrates_init: dt_rad does not fit into one day an integer number of times
2025-06-14 04:12:28,858 - isca - DEBUG - 
2025-06-14 04:12:28,858 - isca - DEBUG - 
2025-06-14 04:12:28,858 - isca - WARNING - WARNING from PE    0: socrates_init: dt_rad does not fit into one day an integer number of times
2025-06-14 04:12:28,858 - isca - DEBUG - 
2025-06-14 04:12:28,858 - isca - DEBUG - 
2025-06-14 04:12:28,858 - isca - WARNING - WARNING from PE    0: socrates_init: lw_hires_spectral_filename is unset, making equal to lw_spectral_filename
2025-06-14 04:12:28,858 - isca - DEBUG - 
2025-06-14 04:12:28,858 - isca - DEBUG - 
2025-06-14 04:12:28,858 - isca - WARNING - WARNING from PE    0: socrates_init: lw_hires_spectral_filename is unset, making equal to lw_spectral_filename
2025-06-14 04:12:28,858 - isca - DEBUG - 
2025-06-14 04:12:28,858 - isca - DEBUG - 
2025-06-14 04:12:28,858 - isca - WARNING - WARNING from PE    0: socrates_init: sw_hires_spectral_filename is unset, making equal to sw_spectral_filename
2025-06-14 04:12:28,858 - isca - DEBUG - 
2025-06-14 04:12:28,858 - isca - DEBUG - 
2025-06-14 04:12:28,858 - isca - WARNING - WARNING from PE    0: socrates_init: sw_hires_spectral_filename is unset, making equal to sw_spectral_filename
2025-06-14 04:12:28,858 - isca - DEBUG - 
2025-06-14 04:12:29,939 - isca - DEBUG - NOTE from PE    0: Interpolator: Using input file with no time dimension - ozone_1990_notime_zero.nc
2025-06-14 04:12:29,939 - isca - DEBUG - Initializing src field : ozone_1990
2025-06-14 04:12:29,941 - isca - DEBUG - 
2025-06-14 04:12:29,941 - isca - DEBUG - -----------------------------------
2025-06-14 04:12:29,941 - isca - DEBUG - ____                       _
2025-06-14 04:12:29,942 - isca - DEBUG - / ___|  ___   ___ _ __ __ _| |_ ___  ___
2025-06-14 04:12:29,942 - isca - DEBUG - \___ \ / _ \ / __|  __/ _` | __/ _ \/ __|
2025-06-14 04:12:29,942 - isca - DEBUG - ___) | (_) | (__| | | (_| | ||  __/\__ \
2025-06-14 04:12:29,942 - isca - DEBUG - |____/ \___/ \___|_|  \__,_|\__\___||___/
2025-06-14 04:12:29,942 - isca - DEBUG - 
2025-06-14 04:12:29,942 - isca - DEBUG - Initialised Socrates v17.03
2025-06-14 04:12:29,942 - isca - DEBUG - Stellar constant =    1950.00000000000
2025-06-14 04:12:29,942 - isca - DEBUG - Longwave spectral file =
2025-06-14 04:12:29,942 - isca - DEBUG - /proj/bolinc/users/x_ryabo/socrates_edited_for_isca/spectral_files_for_GCMs/Sun
2025-06-14 04:12:29,942 - isca - DEBUG - /miniSuran_lw.sf WITH           16  bands
2025-06-14 04:12:29,942 - isca - DEBUG - Longwave hires spectral file =
2025-06-14 04:12:29,942 - isca - DEBUG - /proj/bolinc/users/x_ryabo/socrates_edited_for_isca/spectral_files_for_GCMs/Sun
2025-06-14 04:12:29,942 - isca - DEBUG - /miniSuran_lw.sf WITH           16  bands
2025-06-14 04:12:29,942 - isca - DEBUG - Shortwave spectral file =
2025-06-14 04:12:29,942 - isca - DEBUG - /proj/bolinc/users/x_ryabo/socrates_edited_for_isca/spectral_files_for_GCMs/Sun
2025-06-14 04:12:29,942 - isca - DEBUG - /miniSuran_sw.sf WITH           16  bands
2025-06-14 04:12:29,942 - isca - DEBUG - Shortwave hires spectral file =
2025-06-14 04:12:29,942 - isca - DEBUG - /proj/bolinc/users/x_ryabo/socrates_edited_for_isca/spectral_files_for_GCMs/Sun
2025-06-14 04:12:29,942 - isca - DEBUG - /miniSuran_sw.sf WITH           16  bands
2025-06-14 04:12:29,942 - isca - DEBUG - 
2025-06-14 04:12:29,942 - isca - DEBUG - -----------------------------------
2025-06-14 04:12:29,942 - isca - DEBUG - 
2025-06-14 04:13:12,743 - isca - DEBUG - Integration completed through 22201 days     0 seconds
2025-06-14 04:13:55,296 - isca - DEBUG - Integration completed through 22202 days     0 seconds
2025-06-14 04:14:37,922 - isca - DEBUG - Integration completed through 22203 days     0 seconds
2025-06-14 04:15:20,858 - isca - DEBUG - Integration completed through 22204 days     0 seconds
2025-06-14 04:16:03,829 - isca - DEBUG - Integration completed through 22205 days     0 seconds
2025-06-14 04:16:46,827 - isca - DEBUG - Integration completed through 22206 days     0 seconds
2025-06-14 04:17:29,851 - isca - DEBUG - Integration completed through 22207 days     0 seconds
2025-06-14 04:18:12,777 - isca - DEBUG - Integration completed through 22208 days     0 seconds
2025-06-14 04:18:55,558 - isca - DEBUG - Integration completed through 22209 days     0 seconds
2025-06-14 04:19:38,297 - isca - DEBUG - Integration completed through 22210 days     0 seconds
2025-06-14 04:20:20,824 - isca - DEBUG - Integration completed through 22211 days     0 seconds
2025-06-14 04:21:03,551 - isca - DEBUG - Integration completed through 22212 days     0 seconds
2025-06-14 04:21:46,213 - isca - DEBUG - Integration completed through 22213 days     0 seconds
2025-06-14 04:22:28,874 - isca - DEBUG - Integration completed through 22214 days     0 seconds
2025-06-14 04:23:11,592 - isca - DEBUG - Integration completed through 22215 days     0 seconds
2025-06-14 04:23:54,140 - isca - DEBUG - Integration completed through 22216 days     0 seconds
2025-06-14 04:24:36,502 - isca - DEBUG - Integration completed through 22217 days     0 seconds
2025-06-14 04:25:19,009 - isca - DEBUG - Integration completed through 22218 days     0 seconds
2025-06-14 04:26:01,665 - isca - DEBUG - Integration completed through 22219 days     0 seconds
2025-06-14 04:26:44,050 - isca - DEBUG - Integration completed through 22220 days     0 seconds
2025-06-14 04:27:26,170 - isca - DEBUG - Integration completed through 22221 days     0 seconds
2025-06-14 04:28:08,298 - isca - DEBUG - Integration completed through 22222 days     0 seconds
2025-06-14 04:28:50,411 - isca - DEBUG - Integration completed through 22223 days     0 seconds
2025-06-14 04:29:32,501 - isca - DEBUG - Integration completed through 22224 days     0 seconds
2025-06-14 04:30:14,588 - isca - DEBUG - Integration completed through 22225 days     0 seconds
2025-06-14 04:30:56,584 - isca - DEBUG - Integration completed through 22226 days     0 seconds
2025-06-14 04:31:38,613 - isca - DEBUG - Integration completed through 22227 days     0 seconds
2025-06-14 04:32:20,489 - isca - DEBUG - Integration completed through 22228 days     0 seconds
2025-06-14 04:33:02,422 - isca - DEBUG - Integration completed through 22229 days     0 seconds
2025-06-14 04:33:44,544 - isca - DEBUG - Integration completed through 22230 days     0 seconds
2025-06-14 04:33:44,551 - isca - DEBUG - 
2025-06-14 04:33:44,551 - isca - WARNING - WARNING from PE    0: diag_util_mod::opening_file: module/field_name (socrates/soc_toa_sw_down_clr) NOT registered
2025-06-14 04:33:44,551 - isca - DEBUG - 
2025-06-14 04:33:44,551 - isca - DEBUG - 
2025-06-14 04:33:44,551 - isca - WARNING - WARNING from PE    0: diag_util_mod::opening_file: module/field_name (cloud_simple/rh_min) NOT registered
2025-06-14 04:33:44,551 - isca - DEBUG - 
2025-06-14 04:33:44,551 - isca - DEBUG - 
2025-06-14 04:33:44,551 - isca - WARNING - WARNING from PE    0: diag_util_mod::opening_file: module/field_name (socrates/soc_toa_sw_down_clr) NOT registered
2025-06-14 04:33:44,551 - isca - DEBUG - 
2025-06-14 04:33:44,551 - isca - DEBUG - 
2025-06-14 04:33:44,551 - isca - WARNING - WARNING from PE    0: diag_util_mod::opening_file: module/field_name (cloud_simple/rh_min) NOT registered
2025-06-14 04:33:44,551 - isca - DEBUG - 
2025-06-14 04:33:44,561 - isca - DEBUG - NOTE from PE    0: MPP_IO_SET_STACK_SIZE: stack size set to     393216.
2025-06-14 04:33:44,678 - isca - DEBUG - MPP_DOMAINS_STACK high water mark=       49152
2025-06-14 04:33:44,678 - isca - DEBUG - 
2025-06-14 04:33:44,678 - isca - DEBUG - Tabulating mpp_clock statistics across     16 PEs...
2025-06-14 04:33:44,678 - isca - DEBUG - 
2025-06-14 04:33:44,678 - isca - DEBUG - tmin          tmax          tavg          tstd  tfrac grain pemin pemax
2025-06-14 04:33:44,678 - isca - DEBUG - Total runtime                      1275.890407   1275.899069   1275.894398      0.002518  1.000     0     0    15
2025-06-14 04:33:44,679 - isca - DEBUG - MPP_STACK high water mark=           0
2025-06-14 04:33:44,845 - isca - INFO - Run 741 complete
2025-06-14 04:33:45,892 - isca - DEBUG - atmos_monthly.nc combined and copied to data directory
2025-06-14 04:33:49,419 - isca - INFO - Restart archive created at /proj/bolinc/users/x_ryabo/Isca-Ryan_outputs/presentday_1540_Sun_noO3_1950/restarts/res0741.tar.gz
2025-06-14 04:33:49,431 - isca - INFO - Writing namelist to '/proj/bolinc/users/x_ryabo/Isca-Ryan_outputs/presentday_1540_Sun_noO3_1950/run0741/input.nml'
2025-06-14 04:33:49,433 - isca - INFO - Writing field_table to '/proj/bolinc/users/x_ryabo/Isca-Ryan_outputs/presentday_1540_Sun_noO3_1950/run0741/field_table'
2025-06-14 04:33:49,444 - isca - INFO - Writing diag_table to '/proj/bolinc/users/x_ryabo/Isca-Ryan_outputs/presentday_1540_Sun_noO3_1950/run0741/diag_table'
2025-06-14 04:33:49,681 - isca - INFO - Emptied run directory '/home/x_ryabo/Isca-Ryan_tmp/experiment/presentday_1540_Sun_noO3_1950/run'
2025-06-14 04:33:49,698 - isca - INFO - Emptied run directory '/home/x_ryabo/Isca-Ryan_tmp/experiment/presentday_1540_Sun_noO3_1950/run'
2025-06-14 04:33:49,917 - isca - INFO - Writing namelist to '/home/x_ryabo/Isca-Ryan_tmp/experiment/presentday_1540_Sun_noO3_1950/run/input.nml'
2025-06-14 04:33:49,919 - isca - INFO - Writing field_table to '/home/x_ryabo/Isca-Ryan_tmp/experiment/presentday_1540_Sun_noO3_1950/run/field_table'
2025-06-14 04:33:49,929 - isca - INFO - Writing diag_table to '/home/x_ryabo/Isca-Ryan_tmp/experiment/presentday_1540_Sun_noO3_1950/run/diag_table'
2025-06-14 04:33:49,941 - isca - INFO - Using restart file '/proj/bolinc/users/x_ryabo/Isca-Ryan_outputs/presentday_1540_Sun_noO3_1950/restarts/res0741.tar.gz'
2025-06-14 04:33:50,355 - isca - INFO - Restart /proj/bolinc/users/x_ryabo/Isca-Ryan_outputs/presentday_1540_Sun_noO3_1950/restarts/res0741.tar.gz extracted to /home/x_ryabo/Isca-Ryan_tmp/experiment/presentday_1540_Sun_noO3_1950/run/INPUT
2025-06-14 04:33:50,356 - isca - INFO - Beginning run 742
2025-06-14 04:33:50,366 - isca - INFO - process running as 1030739
2025-06-14 04:33:50,367 - isca - DEBUG - loadmodules for Isca on NSC cluster Tetralith
2025-06-14 04:33:50,367 - isca - DEBUG - mpiifort
2025-06-14 04:33:50,469 - isca - DEBUG - The following modules were not unloaded:
2025-06-14 04:33:50,469 - isca - DEBUG - (Use "module --force purge" to unload all):
2025-06-14 04:33:50,469 - isca - DEBUG - 
2025-06-14 04:33:50,469 - isca - DEBUG - 1) hpc/.1.10.1
2025-06-14 04:33:50,565 - isca - DEBUG - ***************************************************
2025-06-14 04:33:50,565 - isca - DEBUG - You have loaded a buildenv module
2025-06-14 04:33:50,565 - isca - DEBUG - ***************************************************
2025-06-14 04:33:50,565 - isca - DEBUG - The buldenv-intel module makes available:
2025-06-14 04:33:50,565 - isca - DEBUG - - Compilers: icc, ifort, etc.
2025-06-14 04:33:50,565 - isca - DEBUG - - Mpi library with mpi-wrapped compilers: intel mpi with mpicc, mpifort, etc.
2025-06-14 04:33:50,565 - isca - DEBUG - - Numerical libraries: intel MKL
2025-06-14 04:33:50,565 - isca - DEBUG - 
2025-06-14 04:33:50,565 - isca - DEBUG - It also makes a set of dependency library modules available via
2025-06-14 04:33:50,565 - isca - DEBUG - the regular module command. Just do:
2025-06-14 04:33:50,565 - isca - DEBUG - module avail
2025-06-14 04:33:50,565 - isca - DEBUG - to see what is available.
2025-06-14 04:33:50,565 - isca - DEBUG - 
2025-06-14 04:33:50,565 - isca - DEBUG - NOTE: You shoud never load build environments inside submitted jobs.
2025-06-14 04:33:50,565 - isca - DEBUG - (with the single exception of when using supercomputer time to compile code.)
2025-06-14 04:33:50,565 - isca - DEBUG - 
2025-06-14 04:33:51,768 - isca - DEBUG - NOTE from PE    0: MPP_DOMAINS_SET_STACK_SIZE: stack size set to    32768.
2025-06-14 04:33:51,769 - isca - DEBUG - &MPP_IO_NML
2025-06-14 04:33:51,769 - isca - DEBUG - HEADER_BUFFER_VAL       =       16384,
2025-06-14 04:33:51,769 - isca - DEBUG - GLOBAL_FIELD_ON_ROOT_PE = T,
2025-06-14 04:33:51,769 - isca - DEBUG - IO_CLOCKS_ON    = F,
2025-06-14 04:33:51,769 - isca - DEBUG - SHUFFLE =           0,
2025-06-14 04:33:51,769 - isca - DEBUG - DEFLATE_LEVEL   =          -1
2025-06-14 04:33:51,769 - isca - DEBUG - /
2025-06-14 04:33:51,770 - isca - DEBUG - NOTE from PE    0: MPP_IO_SET_STACK_SIZE: stack size set to     131072.
2025-06-14 04:33:51,771 - isca - DEBUG - NOTE from PE    0: MPP_DOMAINS_SET_STACK_SIZE: stack size set to   600000.
2025-06-14 04:33:51,778 - isca - DEBUG - starting            1  OpenMP threads per MPI-task
2025-06-14 04:33:51,780 - isca - DEBUG - ATMOS MODEL DOMAIN DECOMPOSITION
2025-06-14 04:33:51,780 - isca - DEBUG - X-AXIS =  128
2025-06-14 04:33:51,780 - isca - DEBUG - Y-AXIS =    4   4   4   4   4   4   4   4   4   4   4   4   4   4   4   4
2025-06-14 04:33:51,834 - isca - DEBUG - NOTE from PE    0: cloud_simple: Using SimCloud cloud scheme
2025-06-14 04:33:51,835 - isca - DEBUG - NOTE from PE    0: ls_cloud: Using linear cloud fraction diagnostic formula.
2025-06-14 04:33:51,836 - isca - DEBUG - NOTE from PE    0: cloud_cover: The cloud overlap assumption is MAXIMUM-RANDOM
2025-06-14 04:33:51,836 - isca - DEBUG - NOTE from PE    0: idealized_moist_phys: Using Frierson Quasi-Equilibrium convection scheme.
2025-06-14 04:33:51,836 - isca - DEBUG - 
2025-06-14 04:33:51,836 - isca - DEBUG - 
2025-06-14 04:33:51,836 - isca - WARNING - WARNING from PE   10: socrates_init: dt_rad does not fit into one day an integer number of times
2025-06-14 04:33:51,836 - isca - DEBUG - 
2025-06-14 04:33:51,836 - isca - DEBUG - 
2025-06-14 04:33:51,836 - isca - WARNING - WARNING from PE   13: socrates_init: dt_rad does not fit into one day an integer number of times
2025-06-14 04:33:51,836 - isca - DEBUG - 
2025-06-14 04:33:51,836 - isca - DEBUG - 
2025-06-14 04:33:51,837 - isca - WARNING - WARNING from PE    8: socrates_init: dt_rad does not fit into one day an integer number of times
2025-06-14 04:33:51,837 - isca - DEBUG - 
2025-06-14 04:33:51,837 - isca - WARNING - WARNING from PE   11: socrates_init: dt_rad does not fit into one day an integer number of times
2025-06-14 04:33:51,837 - isca - DEBUG - 
2025-06-14 04:33:51,837 - isca - DEBUG - 
2025-06-14 04:33:51,837 - isca - WARNING - WARNING from PE   14: socrates_init: dt_rad does not fit into one day an integer number of times
2025-06-14 04:33:51,837 - isca - DEBUG - 
2025-06-14 04:33:51,837 - isca - DEBUG - 
2025-06-14 04:33:51,837 - isca - WARNING - WARNING from PE   15: socrates_init: dt_rad does not fit into one day an integer number of times
2025-06-14 04:33:51,837 - isca - DEBUG - 
2025-06-14 04:33:51,837 - isca - DEBUG - 
2025-06-14 04:33:51,837 - isca - WARNING - WARNING from PE    9: socrates_init: dt_rad does not fit into one day an integer number of times
2025-06-14 04:33:51,837 - isca - DEBUG - 
2025-06-14 04:33:51,837 - isca - DEBUG - 
2025-06-14 04:33:51,837 - isca - WARNING - WARNING from PE   12: socrates_init: dt_rad does not fit into one day an integer number of times
2025-06-14 04:33:51,837 - isca - DEBUG - 
2025-06-14 04:33:51,839 - isca - DEBUG - 
2025-06-14 04:33:51,839 - isca - WARNING - WARNING from PE    2: socrates_init: dt_rad does not fit into one day an integer number of times
2025-06-14 04:33:51,839 - isca - DEBUG - 
2025-06-14 04:33:51,839 - isca - DEBUG - 
2025-06-14 04:33:51,839 - isca - WARNING - WARNING from PE    1: socrates_init: dt_rad does not fit into one day an integer number of times
2025-06-14 04:33:51,840 - isca - DEBUG - 
2025-06-14 04:33:51,840 - isca - DEBUG - 
2025-06-14 04:33:51,840 - isca - WARNING - WARNING from PE    3: socrates_init: dt_rad does not fit into one day an integer number of times
2025-06-14 04:33:51,840 - isca - DEBUG - 
2025-06-14 04:33:51,840 - isca - WARNING - WARNING from PE    4: socrates_init: dt_rad does not fit into one day an integer number of times
2025-06-14 04:33:51,840 - isca - DEBUG - 
2025-06-14 04:33:51,840 - isca - DEBUG - 
2025-06-14 04:33:51,840 - isca - DEBUG - 
2025-06-14 04:33:51,840 - isca - DEBUG - 
2025-06-14 04:33:51,840 - isca - WARNING - WARNING from PE    6: socrates_init: dt_rad does not fit into one day an integer number of times
2025-06-14 04:33:51,840 - isca - DEBUG - 
2025-06-14 04:33:51,840 - isca - WARNING - WARNING from PE    7: socrates_init: dt_rad does not fit into one day an integer number of times
2025-06-14 04:33:51,840 - isca - DEBUG - 
2025-06-14 04:33:51,840 - isca - DEBUG - 
2025-06-14 04:33:51,840 - isca - WARNING - WARNING from PE    5: socrates_init: dt_rad does not fit into one day an integer number of times
2025-06-14 04:33:51,840 - isca - DEBUG - 
2025-06-14 04:33:51,844 - isca - DEBUG - 
2025-06-14 04:33:51,844 - isca - WARNING - WARNING from PE    0: socrates_init: dt_rad does not fit into one day an integer number of times
2025-06-14 04:33:51,844 - isca - DEBUG - 
2025-06-14 04:33:51,844 - isca - DEBUG - 
2025-06-14 04:33:51,844 - isca - WARNING - WARNING from PE    0: socrates_init: dt_rad does not fit into one day an integer number of times
2025-06-14 04:33:51,844 - isca - DEBUG - 
2025-06-14 04:33:51,844 - isca - DEBUG - 
2025-06-14 04:33:51,844 - isca - WARNING - WARNING from PE    0: socrates_init: lw_hires_spectral_filename is unset, making equal to lw_spectral_filename
2025-06-14 04:33:51,845 - isca - DEBUG - 
2025-06-14 04:33:51,845 - isca - DEBUG - 
2025-06-14 04:33:51,845 - isca - WARNING - WARNING from PE    0: socrates_init: lw_hires_spectral_filename is unset, making equal to lw_spectral_filename
2025-06-14 04:33:51,845 - isca - DEBUG - 
2025-06-14 04:33:51,845 - isca - DEBUG - 
2025-06-14 04:33:51,845 - isca - WARNING - WARNING from PE    0: socrates_init: sw_hires_spectral_filename is unset, making equal to sw_spectral_filename
2025-06-14 04:33:51,845 - isca - DEBUG - 
2025-06-14 04:33:51,845 - isca - DEBUG - 
2025-06-14 04:33:51,845 - isca - WARNING - WARNING from PE    0: socrates_init: sw_hires_spectral_filename is unset, making equal to sw_spectral_filename
2025-06-14 04:33:51,845 - isca - DEBUG - 
2025-06-14 04:33:52,919 - isca - DEBUG - NOTE from PE    0: Interpolator: Using input file with no time dimension - ozone_1990_notime_zero.nc
2025-06-14 04:33:52,919 - isca - DEBUG - Initializing src field : ozone_1990
2025-06-14 04:33:52,921 - isca - DEBUG - 
2025-06-14 04:33:52,921 - isca - DEBUG - -----------------------------------
2025-06-14 04:33:52,921 - isca - DEBUG - ____                       _
2025-06-14 04:33:52,921 - isca - DEBUG - / ___|  ___   ___ _ __ __ _| |_ ___  ___
2025-06-14 04:33:52,921 - isca - DEBUG - \___ \ / _ \ / __|  __/ _` | __/ _ \/ __|
2025-06-14 04:33:52,921 - isca - DEBUG - ___) | (_) | (__| | | (_| | ||  __/\__ \
2025-06-14 04:33:52,921 - isca - DEBUG - |____/ \___/ \___|_|  \__,_|\__\___||___/
2025-06-14 04:33:52,921 - isca - DEBUG - 
2025-06-14 04:33:52,921 - isca - DEBUG - Initialised Socrates v17.03
2025-06-14 04:33:52,921 - isca - DEBUG - Stellar constant =    1950.00000000000
2025-06-14 04:33:52,921 - isca - DEBUG - Longwave spectral file =
2025-06-14 04:33:52,921 - isca - DEBUG - /proj/bolinc/users/x_ryabo/socrates_edited_for_isca/spectral_files_for_GCMs/Sun
2025-06-14 04:33:52,921 - isca - DEBUG - /miniSuran_lw.sf WITH           16  bands
2025-06-14 04:33:52,921 - isca - DEBUG - Longwave hires spectral file =
2025-06-14 04:33:52,921 - isca - DEBUG - /proj/bolinc/users/x_ryabo/socrates_edited_for_isca/spectral_files_for_GCMs/Sun
2025-06-14 04:33:52,921 - isca - DEBUG - /miniSuran_lw.sf WITH           16  bands
2025-06-14 04:33:52,921 - isca - DEBUG - Shortwave spectral file =
2025-06-14 04:33:52,921 - isca - DEBUG - /proj/bolinc/users/x_ryabo/socrates_edited_for_isca/spectral_files_for_GCMs/Sun
2025-06-14 04:33:52,921 - isca - DEBUG - /miniSuran_sw.sf WITH           16  bands
2025-06-14 04:33:52,921 - isca - DEBUG - Shortwave hires spectral file =
2025-06-14 04:33:52,921 - isca - DEBUG - /proj/bolinc/users/x_ryabo/socrates_edited_for_isca/spectral_files_for_GCMs/Sun
2025-06-14 04:33:52,921 - isca - DEBUG - /miniSuran_sw.sf WITH           16  bands
2025-06-14 04:33:52,921 - isca - DEBUG - 
2025-06-14 04:33:52,921 - isca - DEBUG - -----------------------------------
2025-06-14 04:33:52,921 - isca - DEBUG - 
2025-06-14 04:34:35,169 - isca - DEBUG - Integration completed through 22231 days     0 seconds
2025-06-14 04:35:17,403 - isca - DEBUG - Integration completed through 22232 days     0 seconds
2025-06-14 04:36:00,141 - isca - DEBUG - Integration completed through 22233 days     0 seconds
2025-06-14 04:36:42,425 - isca - DEBUG - Integration completed through 22234 days     0 seconds
2025-06-14 04:37:25,200 - isca - DEBUG - Integration completed through 22235 days     0 seconds
2025-06-14 04:38:08,022 - isca - DEBUG - Integration completed through 22236 days     0 seconds
2025-06-14 04:38:50,581 - isca - DEBUG - Integration completed through 22237 days     0 seconds
2025-06-14 04:39:33,198 - isca - DEBUG - Integration completed through 22238 days     0 seconds
2025-06-14 04:40:15,897 - isca - DEBUG - Integration completed through 22239 days     0 seconds
2025-06-14 04:40:58,804 - isca - DEBUG - Integration completed through 22240 days     0 seconds
2025-06-14 04:41:41,396 - isca - DEBUG - Integration completed through 22241 days     0 seconds
2025-06-14 04:42:23,879 - isca - DEBUG - Integration completed through 22242 days     0 seconds
2025-06-14 04:43:06,496 - isca - DEBUG - Integration completed through 22243 days     0 seconds
2025-06-14 04:43:48,854 - isca - DEBUG - Integration completed through 22244 days     0 seconds
2025-06-14 04:44:31,153 - isca - DEBUG - Integration completed through 22245 days     0 seconds
2025-06-14 04:45:13,754 - isca - DEBUG - Integration completed through 22246 days     0 seconds
2025-06-14 04:45:56,403 - isca - DEBUG - Integration completed through 22247 days     0 seconds
2025-06-14 04:46:39,036 - isca - DEBUG - Integration completed through 22248 days     0 seconds
2025-06-14 04:47:21,737 - isca - DEBUG - Integration completed through 22249 days     0 seconds
2025-06-14 04:48:04,476 - isca - DEBUG - Integration completed through 22250 days     0 seconds
2025-06-14 04:48:47,398 - isca - DEBUG - Integration completed through 22251 days     0 seconds
2025-06-14 04:49:30,306 - isca - DEBUG - Integration completed through 22252 days     0 seconds
2025-06-14 04:50:12,950 - isca - DEBUG - Integration completed through 22253 days     0 seconds
2025-06-14 04:50:55,377 - isca - DEBUG - Integration completed through 22254 days     0 seconds
2025-06-14 04:51:37,822 - isca - DEBUG - Integration completed through 22255 days     0 seconds
2025-06-14 04:52:20,255 - isca - DEBUG - Integration completed through 22256 days     0 seconds
2025-06-14 04:53:02,885 - isca - DEBUG - Integration completed through 22257 days     0 seconds
2025-06-14 04:53:45,792 - isca - DEBUG - Integration completed through 22258 days     0 seconds
2025-06-14 04:54:28,674 - isca - DEBUG - Integration completed through 22259 days     0 seconds
2025-06-14 04:55:11,505 - isca - DEBUG - Integration completed through 22260 days     0 seconds
2025-06-14 04:55:11,513 - isca - DEBUG - 
2025-06-14 04:55:11,513 - isca - WARNING - WARNING from PE    0: diag_util_mod::opening_file: module/field_name (socrates/soc_toa_sw_down_clr) NOT registered
2025-06-14 04:55:11,513 - isca - DEBUG - 
2025-06-14 04:55:11,513 - isca - DEBUG - 
2025-06-14 04:55:11,514 - isca - WARNING - WARNING from PE    0: diag_util_mod::opening_file: module/field_name (cloud_simple/rh_min) NOT registered
2025-06-14 04:55:11,514 - isca - DEBUG - 
2025-06-14 04:55:11,514 - isca - DEBUG - 
2025-06-14 04:55:11,514 - isca - WARNING - WARNING from PE    0: diag_util_mod::opening_file: module/field_name (socrates/soc_toa_sw_down_clr) NOT registered
2025-06-14 04:55:11,514 - isca - DEBUG - 
2025-06-14 04:55:11,514 - isca - DEBUG - 
2025-06-14 04:55:11,514 - isca - WARNING - WARNING from PE    0: diag_util_mod::opening_file: module/field_name (cloud_simple/rh_min) NOT registered
2025-06-14 04:55:11,514 - isca - DEBUG - 
2025-06-14 04:55:11,524 - isca - DEBUG - NOTE from PE    0: MPP_IO_SET_STACK_SIZE: stack size set to     393216.
2025-06-14 04:55:11,619 - isca - DEBUG - MPP_DOMAINS_STACK high water mark=       49152
2025-06-14 04:55:11,619 - isca - DEBUG - 
2025-06-14 04:55:11,619 - isca - DEBUG - Tabulating mpp_clock statistics across     16 PEs...
2025-06-14 04:55:11,619 - isca - DEBUG - 
2025-06-14 04:55:11,619 - isca - DEBUG - tmin          tmax          tavg          tstd  tfrac grain pemin pemax
2025-06-14 04:55:11,619 - isca - DEBUG - Total runtime                      1279.846173   1279.854996   1279.851220      0.002844  1.000     0     0    15
2025-06-14 04:55:11,620 - isca - DEBUG - MPP_STACK high water mark=           0
2025-06-14 04:55:11,755 - isca - INFO - Run 742 complete
2025-06-14 04:55:12,593 - isca - DEBUG - atmos_monthly.nc combined and copied to data directory
2025-06-14 04:55:16,120 - isca - INFO - Restart archive created at /proj/bolinc/users/x_ryabo/Isca-Ryan_outputs/presentday_1540_Sun_noO3_1950/restarts/res0742.tar.gz
2025-06-14 04:55:16,132 - isca - INFO - Writing namelist to '/proj/bolinc/users/x_ryabo/Isca-Ryan_outputs/presentday_1540_Sun_noO3_1950/run0742/input.nml'
2025-06-14 04:55:16,134 - isca - INFO - Writing field_table to '/proj/bolinc/users/x_ryabo/Isca-Ryan_outputs/presentday_1540_Sun_noO3_1950/run0742/field_table'
2025-06-14 04:55:16,144 - isca - INFO - Writing diag_table to '/proj/bolinc/users/x_ryabo/Isca-Ryan_outputs/presentday_1540_Sun_noO3_1950/run0742/diag_table'
2025-06-14 04:55:16,394 - isca - INFO - Emptied run directory '/home/x_ryabo/Isca-Ryan_tmp/experiment/presentday_1540_Sun_noO3_1950/run'
2025-06-14 04:55:16,415 - isca - INFO - Emptied run directory '/home/x_ryabo/Isca-Ryan_tmp/experiment/presentday_1540_Sun_noO3_1950/run'
2025-06-14 04:55:16,626 - isca - INFO - Writing namelist to '/home/x_ryabo/Isca-Ryan_tmp/experiment/presentday_1540_Sun_noO3_1950/run/input.nml'
2025-06-14 04:55:16,627 - isca - INFO - Writing field_table to '/home/x_ryabo/Isca-Ryan_tmp/experiment/presentday_1540_Sun_noO3_1950/run/field_table'
2025-06-14 04:55:16,638 - isca - INFO - Writing diag_table to '/home/x_ryabo/Isca-Ryan_tmp/experiment/presentday_1540_Sun_noO3_1950/run/diag_table'
2025-06-14 04:55:16,651 - isca - INFO - Using restart file '/proj/bolinc/users/x_ryabo/Isca-Ryan_outputs/presentday_1540_Sun_noO3_1950/restarts/res0742.tar.gz'
2025-06-14 04:55:17,065 - isca - INFO - Restart /proj/bolinc/users/x_ryabo/Isca-Ryan_outputs/presentday_1540_Sun_noO3_1950/restarts/res0742.tar.gz extracted to /home/x_ryabo/Isca-Ryan_tmp/experiment/presentday_1540_Sun_noO3_1950/run/INPUT
2025-06-14 04:55:17,065 - isca - INFO - Beginning run 743
2025-06-14 04:55:17,076 - isca - INFO - process running as 1031814
2025-06-14 04:55:17,076 - isca - DEBUG - loadmodules for Isca on NSC cluster Tetralith
2025-06-14 04:55:17,076 - isca - DEBUG - mpiifort
2025-06-14 04:55:17,179 - isca - DEBUG - The following modules were not unloaded:
2025-06-14 04:55:17,179 - isca - DEBUG - (Use "module --force purge" to unload all):
2025-06-14 04:55:17,179 - isca - DEBUG - 
2025-06-14 04:55:17,179 - isca - DEBUG - 1) hpc/.1.10.1
2025-06-14 04:55:17,277 - isca - DEBUG - ***************************************************
2025-06-14 04:55:17,277 - isca - DEBUG - You have loaded a buildenv module
2025-06-14 04:55:17,278 - isca - DEBUG - ***************************************************
2025-06-14 04:55:17,278 - isca - DEBUG - The buldenv-intel module makes available:
2025-06-14 04:55:17,278 - isca - DEBUG - - Compilers: icc, ifort, etc.
2025-06-14 04:55:17,278 - isca - DEBUG - - Mpi library with mpi-wrapped compilers: intel mpi with mpicc, mpifort, etc.
2025-06-14 04:55:17,278 - isca - DEBUG - - Numerical libraries: intel MKL
2025-06-14 04:55:17,278 - isca - DEBUG - 
2025-06-14 04:55:17,278 - isca - DEBUG - It also makes a set of dependency library modules available via
2025-06-14 04:55:17,278 - isca - DEBUG - the regular module command. Just do:
2025-06-14 04:55:17,278 - isca - DEBUG - module avail
2025-06-14 04:55:17,278 - isca - DEBUG - to see what is available.
2025-06-14 04:55:17,278 - isca - DEBUG - 
2025-06-14 04:55:17,278 - isca - DEBUG - NOTE: You shoud never load build environments inside submitted jobs.
2025-06-14 04:55:17,278 - isca - DEBUG - (with the single exception of when using supercomputer time to compile code.)
2025-06-14 04:55:17,278 - isca - DEBUG - 
2025-06-14 04:55:18,470 - isca - DEBUG - NOTE from PE    0: MPP_DOMAINS_SET_STACK_SIZE: stack size set to    32768.
2025-06-14 04:55:18,471 - isca - DEBUG - &MPP_IO_NML
2025-06-14 04:55:18,471 - isca - DEBUG - HEADER_BUFFER_VAL       =       16384,
2025-06-14 04:55:18,471 - isca - DEBUG - GLOBAL_FIELD_ON_ROOT_PE = T,
2025-06-14 04:55:18,471 - isca - DEBUG - IO_CLOCKS_ON    = F,
2025-06-14 04:55:18,471 - isca - DEBUG - SHUFFLE =           0,
2025-06-14 04:55:18,471 - isca - DEBUG - DEFLATE_LEVEL   =          -1
2025-06-14 04:55:18,471 - isca - DEBUG - /
2025-06-14 04:55:18,473 - isca - DEBUG - NOTE from PE    0: MPP_IO_SET_STACK_SIZE: stack size set to     131072.
2025-06-14 04:55:18,474 - isca - DEBUG - NOTE from PE    0: MPP_DOMAINS_SET_STACK_SIZE: stack size set to   600000.
2025-06-14 04:55:18,481 - isca - DEBUG - starting            1  OpenMP threads per MPI-task
2025-06-14 04:55:18,484 - isca - DEBUG - ATMOS MODEL DOMAIN DECOMPOSITION
2025-06-14 04:55:18,484 - isca - DEBUG - X-AXIS =  128
2025-06-14 04:55:18,484 - isca - DEBUG - Y-AXIS =    4   4   4   4   4   4   4   4   4   4   4   4   4   4   4   4
2025-06-14 04:55:18,535 - isca - DEBUG - NOTE from PE    0: cloud_simple: Using SimCloud cloud scheme
2025-06-14 04:55:18,536 - isca - DEBUG - NOTE from PE    0: ls_cloud: Using linear cloud fraction diagnostic formula.
2025-06-14 04:55:18,537 - isca - DEBUG - NOTE from PE    0: cloud_cover: The cloud overlap assumption is MAXIMUM-RANDOM
2025-06-14 04:55:18,537 - isca - DEBUG - NOTE from PE    0: idealized_moist_phys: Using Frierson Quasi-Equilibrium convection scheme.
2025-06-14 04:55:18,538 - isca - DEBUG - 
2025-06-14 04:55:18,538 - isca - WARNING - WARNING from PE   14: socrates_init: dt_rad does not fit into one day an integer number of times
2025-06-14 04:55:18,538 - isca - DEBUG - 
2025-06-14 04:55:18,538 - isca - DEBUG - 
2025-06-14 04:55:18,538 - isca - WARNING - WARNING from PE   15: socrates_init: dt_rad does not fit into one day an integer number of times
2025-06-14 04:55:18,538 - isca - DEBUG - 
2025-06-14 04:55:18,538 - isca - DEBUG - 
2025-06-14 04:55:18,538 - isca - DEBUG - 
2025-06-14 04:55:18,538 - isca - WARNING - WARNING from PE   13: socrates_init: dt_rad does not fit into one day an integer number of times
2025-06-14 04:55:18,539 - isca - DEBUG - 
2025-06-14 04:55:18,539 - isca - DEBUG - 
2025-06-14 04:55:18,539 - isca - WARNING - WARNING from PE    8: socrates_init: dt_rad does not fit into one day an integer number of times
2025-06-14 04:55:18,539 - isca - DEBUG - 
2025-06-14 04:55:18,539 - isca - WARNING - WARNING from PE   11: socrates_init: dt_rad does not fit into one day an integer number of times
2025-06-14 04:55:18,539 - isca - DEBUG - 
2025-06-14 04:55:18,539 - isca - DEBUG - 
2025-06-14 04:55:18,539 - isca - DEBUG - 
2025-06-14 04:55:18,539 - isca - WARNING - WARNING from PE   12: socrates_init: dt_rad does not fit into one day an integer number of times
2025-06-14 04:55:18,539 - isca - DEBUG - 
2025-06-14 04:55:18,539 - isca - WARNING - WARNING from PE    9: socrates_init: dt_rad does not fit into one day an integer number of times
2025-06-14 04:55:18,539 - isca - DEBUG - 
2025-06-14 04:55:18,540 - isca - DEBUG - 
2025-06-14 04:55:18,540 - isca - WARNING - WARNING from PE    7: socrates_init: dt_rad does not fit into one day an integer number of times
2025-06-14 04:55:18,540 - isca - DEBUG - 
2025-06-14 04:55:18,540 - isca - DEBUG - 
2025-06-14 04:55:18,540 - isca - DEBUG - 
2025-06-14 04:55:18,540 - isca - WARNING - WARNING from PE    1: socrates_init: dt_rad does not fit into one day an integer number of times
2025-06-14 04:55:18,540 - isca - DEBUG - 
2025-06-14 04:55:18,540 - isca - WARNING - WARNING from PE    6: socrates_init: dt_rad does not fit into one day an integer number of times
2025-06-14 04:55:18,540 - isca - DEBUG - 
2025-06-14 04:55:18,540 - isca - WARNING - WARNING from PE    5: socrates_init: dt_rad does not fit into one day an integer number of times
2025-06-14 04:55:18,540 - isca - DEBUG - 
2025-06-14 04:55:18,540 - isca - DEBUG - 
2025-06-14 04:55:18,540 - isca - DEBUG - 
2025-06-14 04:55:18,540 - isca - WARNING - WARNING from PE    3: socrates_init: dt_rad does not fit into one day an integer number of times
2025-06-14 04:55:18,540 - isca - DEBUG - 
2025-06-14 04:55:18,540 - isca - DEBUG - 
2025-06-14 04:55:18,541 - isca - WARNING - WARNING from PE    2: socrates_init: dt_rad does not fit into one day an integer number of times
2025-06-14 04:55:18,541 - isca - DEBUG - 
2025-06-14 04:55:18,541 - isca - WARNING - WARNING from PE    4: socrates_init: dt_rad does not fit into one day an integer number of times
2025-06-14 04:55:18,541 - isca - DEBUG - 
2025-06-14 04:55:18,541 - isca - DEBUG - 
2025-06-14 04:55:18,541 - isca - DEBUG - 
2025-06-14 04:55:18,541 - isca - WARNING - WARNING from PE   10: socrates_init: dt_rad does not fit into one day an integer number of times
2025-06-14 04:55:18,541 - isca - DEBUG - 
2025-06-14 04:55:18,547 - isca - DEBUG - 
2025-06-14 04:55:18,547 - isca - WARNING - WARNING from PE    0: socrates_init: dt_rad does not fit into one day an integer number of times
2025-06-14 04:55:18,547 - isca - DEBUG - 
2025-06-14 04:55:18,547 - isca - DEBUG - 
2025-06-14 04:55:18,547 - isca - WARNING - WARNING from PE    0: socrates_init: dt_rad does not fit into one day an integer number of times
2025-06-14 04:55:18,547 - isca - DEBUG - 
2025-06-14 04:55:18,547 - isca - DEBUG - 
2025-06-14 04:55:18,547 - isca - WARNING - WARNING from PE    0: socrates_init: lw_hires_spectral_filename is unset, making equal to lw_spectral_filename
2025-06-14 04:55:18,547 - isca - DEBUG - 
2025-06-14 04:55:18,547 - isca - DEBUG - 
2025-06-14 04:55:18,547 - isca - WARNING - WARNING from PE    0: socrates_init: lw_hires_spectral_filename is unset, making equal to lw_spectral_filename
2025-06-14 04:55:18,547 - isca - DEBUG - 
2025-06-14 04:55:18,547 - isca - DEBUG - 
2025-06-14 04:55:18,547 - isca - WARNING - WARNING from PE    0: socrates_init: sw_hires_spectral_filename is unset, making equal to sw_spectral_filename
2025-06-14 04:55:18,547 - isca - DEBUG - 
2025-06-14 04:55:18,547 - isca - DEBUG - 
2025-06-14 04:55:18,548 - isca - WARNING - WARNING from PE    0: socrates_init: sw_hires_spectral_filename is unset, making equal to sw_spectral_filename
2025-06-14 04:55:18,548 - isca - DEBUG - 
2025-06-14 04:55:19,820 - isca - DEBUG - NOTE from PE    0: Interpolator: Using input file with no time dimension - ozone_1990_notime_zero.nc
2025-06-14 04:55:19,820 - isca - DEBUG - Initializing src field : ozone_1990
2025-06-14 04:55:19,823 - isca - DEBUG - 
2025-06-14 04:55:19,823 - isca - DEBUG - -----------------------------------
2025-06-14 04:55:19,823 - isca - DEBUG - ____                       _
2025-06-14 04:55:19,823 - isca - DEBUG - / ___|  ___   ___ _ __ __ _| |_ ___  ___
2025-06-14 04:55:19,823 - isca - DEBUG - \___ \ / _ \ / __|  __/ _` | __/ _ \/ __|
2025-06-14 04:55:19,823 - isca - DEBUG - ___) | (_) | (__| | | (_| | ||  __/\__ \
2025-06-14 04:55:19,823 - isca - DEBUG - |____/ \___/ \___|_|  \__,_|\__\___||___/
2025-06-14 04:55:19,823 - isca - DEBUG - 
2025-06-14 04:55:19,823 - isca - DEBUG - Initialised Socrates v17.03
2025-06-14 04:55:19,823 - isca - DEBUG - Stellar constant =    1950.00000000000
2025-06-14 04:55:19,823 - isca - DEBUG - Longwave spectral file =
2025-06-14 04:55:19,823 - isca - DEBUG - /proj/bolinc/users/x_ryabo/socrates_edited_for_isca/spectral_files_for_GCMs/Sun
2025-06-14 04:55:19,823 - isca - DEBUG - /miniSuran_lw.sf WITH           16  bands
2025-06-14 04:55:19,823 - isca - DEBUG - Longwave hires spectral file =
2025-06-14 04:55:19,823 - isca - DEBUG - /proj/bolinc/users/x_ryabo/socrates_edited_for_isca/spectral_files_for_GCMs/Sun
2025-06-14 04:55:19,823 - isca - DEBUG - /miniSuran_lw.sf WITH           16  bands
2025-06-14 04:55:19,823 - isca - DEBUG - Shortwave spectral file =
2025-06-14 04:55:19,823 - isca - DEBUG - /proj/bolinc/users/x_ryabo/socrates_edited_for_isca/spectral_files_for_GCMs/Sun
2025-06-14 04:55:19,823 - isca - DEBUG - /miniSuran_sw.sf WITH           16  bands
2025-06-14 04:55:19,823 - isca - DEBUG - Shortwave hires spectral file =
2025-06-14 04:55:19,823 - isca - DEBUG - /proj/bolinc/users/x_ryabo/socrates_edited_for_isca/spectral_files_for_GCMs/Sun
2025-06-14 04:55:19,823 - isca - DEBUG - /miniSuran_sw.sf WITH           16  bands
2025-06-14 04:55:19,823 - isca - DEBUG - 
2025-06-14 04:55:19,823 - isca - DEBUG - -----------------------------------
2025-06-14 04:55:19,823 - isca - DEBUG - 
2025-06-14 04:56:03,078 - isca - DEBUG - Integration completed through 22261 days     0 seconds
2025-06-14 04:56:46,181 - isca - DEBUG - Integration completed through 22262 days     0 seconds
2025-06-14 04:57:29,103 - isca - DEBUG - Integration completed through 22263 days     0 seconds
2025-06-14 04:58:11,946 - isca - DEBUG - Integration completed through 22264 days     0 seconds
2025-06-14 04:58:54,746 - isca - DEBUG - Integration completed through 22265 days     0 seconds
2025-06-14 04:59:37,793 - isca - DEBUG - Integration completed through 22266 days     0 seconds
2025-06-14 05:00:20,851 - isca - DEBUG - Integration completed through 22267 days     0 seconds
2025-06-14 05:01:03,604 - isca - DEBUG - Integration completed through 22268 days     0 seconds
2025-06-14 05:01:46,238 - isca - DEBUG - Integration completed through 22269 days     0 seconds
2025-06-14 05:02:29,055 - isca - DEBUG - Integration completed through 22270 days     0 seconds
2025-06-14 05:03:11,922 - isca - DEBUG - Integration completed through 22271 days     0 seconds
2025-06-14 05:03:54,767 - isca - DEBUG - Integration completed through 22272 days     0 seconds
2025-06-14 05:04:37,584 - isca - DEBUG - Integration completed through 22273 days     0 seconds
2025-06-14 05:05:20,185 - isca - DEBUG - Integration completed through 22274 days     0 seconds
2025-06-14 05:06:02,868 - isca - DEBUG - Integration completed through 22275 days     0 seconds
2025-06-14 05:06:45,529 - isca - DEBUG - Integration completed through 22276 days     0 seconds
2025-06-14 05:07:28,187 - isca - DEBUG - Integration completed through 22277 days     0 seconds
2025-06-14 05:08:10,637 - isca - DEBUG - Integration completed through 22278 days     0 seconds
2025-06-14 05:08:53,117 - isca - DEBUG - Integration completed through 22279 days     0 seconds
2025-06-14 05:09:35,547 - isca - DEBUG - Integration completed through 22280 days     0 seconds
2025-06-14 05:10:17,938 - isca - DEBUG - Integration completed through 22281 days     0 seconds
2025-06-14 05:11:00,416 - isca - DEBUG - Integration completed through 22282 days     0 seconds
2025-06-14 05:11:43,180 - isca - DEBUG - Integration completed through 22283 days     0 seconds
2025-06-14 05:12:25,765 - isca - DEBUG - Integration completed through 22284 days     0 seconds
2025-06-14 05:13:08,220 - isca - DEBUG - Integration completed through 22285 days     0 seconds
2025-06-14 05:13:50,515 - isca - DEBUG - Integration completed through 22286 days     0 seconds
2025-06-14 05:14:32,903 - isca - DEBUG - Integration completed through 22287 days     0 seconds
2025-06-14 05:15:15,411 - isca - DEBUG - Integration completed through 22288 days     0 seconds
2025-06-14 05:15:57,986 - isca - DEBUG - Integration completed through 22289 days     0 seconds
2025-06-14 05:16:40,679 - isca - DEBUG - Integration completed through 22290 days     0 seconds
2025-06-14 05:16:40,686 - isca - DEBUG - 
2025-06-14 05:16:40,686 - isca - WARNING - WARNING from PE    0: diag_util_mod::opening_file: module/field_name (socrates/soc_toa_sw_down_clr) NOT registered
2025-06-14 05:16:40,686 - isca - DEBUG - 
2025-06-14 05:16:40,686 - isca - DEBUG - 
2025-06-14 05:16:40,686 - isca - WARNING - WARNING from PE    0: diag_util_mod::opening_file: module/field_name (cloud_simple/rh_min) NOT registered
2025-06-14 05:16:40,686 - isca - DEBUG - 
2025-06-14 05:16:40,686 - isca - DEBUG - 
2025-06-14 05:16:40,686 - isca - WARNING - WARNING from PE    0: diag_util_mod::opening_file: module/field_name (socrates/soc_toa_sw_down_clr) NOT registered
2025-06-14 05:16:40,686 - isca - DEBUG - 
2025-06-14 05:16:40,686 - isca - DEBUG - 
2025-06-14 05:16:40,686 - isca - WARNING - WARNING from PE    0: diag_util_mod::opening_file: module/field_name (cloud_simple/rh_min) NOT registered
2025-06-14 05:16:40,686 - isca - DEBUG - 
2025-06-14 05:16:40,697 - isca - DEBUG - NOTE from PE    0: MPP_IO_SET_STACK_SIZE: stack size set to     393216.
2025-06-14 05:16:40,789 - isca - DEBUG - MPP_DOMAINS_STACK high water mark=       49152
2025-06-14 05:16:40,789 - isca - DEBUG - 
2025-06-14 05:16:40,789 - isca - DEBUG - Tabulating mpp_clock statistics across     16 PEs...
2025-06-14 05:16:40,789 - isca - DEBUG - 
2025-06-14 05:16:40,789 - isca - DEBUG - tmin          tmax          tavg          tstd  tfrac grain pemin pemax
2025-06-14 05:16:40,790 - isca - DEBUG - Total runtime                      1282.314561   1282.324243   1282.319481      0.002572  1.000     0     0    15
2025-06-14 05:16:40,790 - isca - DEBUG - MPP_STACK high water mark=           0
2025-06-14 05:16:40,886 - isca - INFO - Run 743 complete
2025-06-14 05:16:41,726 - isca - DEBUG - atmos_monthly.nc combined and copied to data directory
2025-06-14 05:16:45,216 - isca - INFO - Restart archive created at /proj/bolinc/users/x_ryabo/Isca-Ryan_outputs/presentday_1540_Sun_noO3_1950/restarts/res0743.tar.gz
2025-06-14 05:16:45,227 - isca - INFO - Writing namelist to '/proj/bolinc/users/x_ryabo/Isca-Ryan_outputs/presentday_1540_Sun_noO3_1950/run0743/input.nml'
2025-06-14 05:16:45,229 - isca - INFO - Writing field_table to '/proj/bolinc/users/x_ryabo/Isca-Ryan_outputs/presentday_1540_Sun_noO3_1950/run0743/field_table'
2025-06-14 05:16:45,240 - isca - INFO - Writing diag_table to '/proj/bolinc/users/x_ryabo/Isca-Ryan_outputs/presentday_1540_Sun_noO3_1950/run0743/diag_table'
2025-06-14 05:16:45,523 - isca - INFO - Emptied run directory '/home/x_ryabo/Isca-Ryan_tmp/experiment/presentday_1540_Sun_noO3_1950/run'
2025-06-14 05:16:45,540 - isca - INFO - Emptied run directory '/home/x_ryabo/Isca-Ryan_tmp/experiment/presentday_1540_Sun_noO3_1950/run'
2025-06-14 05:16:45,758 - isca - INFO - Writing namelist to '/home/x_ryabo/Isca-Ryan_tmp/experiment/presentday_1540_Sun_noO3_1950/run/input.nml'
2025-06-14 05:16:45,759 - isca - INFO - Writing field_table to '/home/x_ryabo/Isca-Ryan_tmp/experiment/presentday_1540_Sun_noO3_1950/run/field_table'
2025-06-14 05:16:45,770 - isca - INFO - Writing diag_table to '/home/x_ryabo/Isca-Ryan_tmp/experiment/presentday_1540_Sun_noO3_1950/run/diag_table'
2025-06-14 05:16:45,782 - isca - INFO - Using restart file '/proj/bolinc/users/x_ryabo/Isca-Ryan_outputs/presentday_1540_Sun_noO3_1950/restarts/res0743.tar.gz'
2025-06-14 05:16:46,196 - isca - INFO - Restart /proj/bolinc/users/x_ryabo/Isca-Ryan_outputs/presentday_1540_Sun_noO3_1950/restarts/res0743.tar.gz extracted to /home/x_ryabo/Isca-Ryan_tmp/experiment/presentday_1540_Sun_noO3_1950/run/INPUT
2025-06-14 05:16:46,197 - isca - INFO - Beginning run 744
2025-06-14 05:16:46,207 - isca - INFO - process running as 1032840
2025-06-14 05:16:46,208 - isca - DEBUG - loadmodules for Isca on NSC cluster Tetralith
2025-06-14 05:16:46,208 - isca - DEBUG - mpiifort
2025-06-14 05:16:46,309 - isca - DEBUG - The following modules were not unloaded:
2025-06-14 05:16:46,309 - isca - DEBUG - (Use "module --force purge" to unload all):
2025-06-14 05:16:46,309 - isca - DEBUG - 
2025-06-14 05:16:46,309 - isca - DEBUG - 1) hpc/.1.10.1
2025-06-14 05:16:46,406 - isca - DEBUG - ***************************************************
2025-06-14 05:16:46,406 - isca - DEBUG - You have loaded a buildenv module
2025-06-14 05:16:46,406 - isca - DEBUG - ***************************************************
2025-06-14 05:16:46,406 - isca - DEBUG - The buldenv-intel module makes available:
2025-06-14 05:16:46,406 - isca - DEBUG - - Compilers: icc, ifort, etc.
2025-06-14 05:16:46,406 - isca - DEBUG - - Mpi library with mpi-wrapped compilers: intel mpi with mpicc, mpifort, etc.
2025-06-14 05:16:46,406 - isca - DEBUG - - Numerical libraries: intel MKL
2025-06-14 05:16:46,406 - isca - DEBUG - 
2025-06-14 05:16:46,406 - isca - DEBUG - It also makes a set of dependency library modules available via
2025-06-14 05:16:46,406 - isca - DEBUG - the regular module command. Just do:
2025-06-14 05:16:46,406 - isca - DEBUG - module avail
2025-06-14 05:16:46,406 - isca - DEBUG - to see what is available.
2025-06-14 05:16:46,406 - isca - DEBUG - 
2025-06-14 05:16:46,406 - isca - DEBUG - NOTE: You shoud never load build environments inside submitted jobs.
2025-06-14 05:16:46,406 - isca - DEBUG - (with the single exception of when using supercomputer time to compile code.)
2025-06-14 05:16:46,406 - isca - DEBUG - 
2025-06-14 05:16:47,625 - isca - DEBUG - NOTE from PE    0: MPP_DOMAINS_SET_STACK_SIZE: stack size set to    32768.
2025-06-14 05:16:47,625 - isca - DEBUG - &MPP_IO_NML
2025-06-14 05:16:47,625 - isca - DEBUG - HEADER_BUFFER_VAL       =       16384,
2025-06-14 05:16:47,625 - isca - DEBUG - GLOBAL_FIELD_ON_ROOT_PE = T,
2025-06-14 05:16:47,625 - isca - DEBUG - IO_CLOCKS_ON    = F,
2025-06-14 05:16:47,625 - isca - DEBUG - SHUFFLE =           0,
2025-06-14 05:16:47,625 - isca - DEBUG - DEFLATE_LEVEL   =          -1
2025-06-14 05:16:47,625 - isca - DEBUG - /
2025-06-14 05:16:47,627 - isca - DEBUG - NOTE from PE    0: MPP_IO_SET_STACK_SIZE: stack size set to     131072.
2025-06-14 05:16:47,627 - isca - DEBUG - NOTE from PE    0: MPP_DOMAINS_SET_STACK_SIZE: stack size set to   600000.
2025-06-14 05:16:47,634 - isca - DEBUG - starting            1  OpenMP threads per MPI-task
2025-06-14 05:16:47,636 - isca - DEBUG - ATMOS MODEL DOMAIN DECOMPOSITION
2025-06-14 05:16:47,636 - isca - DEBUG - X-AXIS =  128
2025-06-14 05:16:47,636 - isca - DEBUG - Y-AXIS =    4   4   4   4   4   4   4   4   4   4   4   4   4   4   4   4
2025-06-14 05:16:47,686 - isca - DEBUG - NOTE from PE    0: cloud_simple: Using SimCloud cloud scheme
2025-06-14 05:16:47,687 - isca - DEBUG - NOTE from PE    0: ls_cloud: Using linear cloud fraction diagnostic formula.
2025-06-14 05:16:47,688 - isca - DEBUG - NOTE from PE    0: cloud_cover: The cloud overlap assumption is MAXIMUM-RANDOM
2025-06-14 05:16:47,688 - isca - DEBUG - NOTE from PE    0: idealized_moist_phys: Using Frierson Quasi-Equilibrium convection scheme.
2025-06-14 05:16:47,689 - isca - DEBUG - 
2025-06-14 05:16:47,689 - isca - WARNING - WARNING from PE   11: socrates_init: dt_rad does not fit into one day an integer number of times
2025-06-14 05:16:47,689 - isca - DEBUG - 
2025-06-14 05:16:47,689 - isca - DEBUG - 
2025-06-14 05:16:47,689 - isca - DEBUG - 
2025-06-14 05:16:47,689 - isca - WARNING - WARNING from PE   10: socrates_init: dt_rad does not fit into one day an integer number of times
2025-06-14 05:16:47,689 - isca - DEBUG - 
2025-06-14 05:16:47,689 - isca - DEBUG - 
2025-06-14 05:16:47,689 - isca - WARNING - WARNING from PE   12: socrates_init: dt_rad does not fit into one day an integer number of times
2025-06-14 05:16:47,689 - isca - DEBUG - 
2025-06-14 05:16:47,689 - isca - WARNING - WARNING from PE   13: socrates_init: dt_rad does not fit into one day an integer number of times
2025-06-14 05:16:47,689 - isca - DEBUG - 
2025-06-14 05:16:47,689 - isca - DEBUG - 
2025-06-14 05:16:47,689 - isca - WARNING - WARNING from PE   14: socrates_init: dt_rad does not fit into one day an integer number of times
2025-06-14 05:16:47,689 - isca - DEBUG - 
2025-06-14 05:16:47,689 - isca - WARNING - WARNING from PE    8: socrates_init: dt_rad does not fit into one day an integer number of times
2025-06-14 05:16:47,689 - isca - DEBUG - 
2025-06-14 05:16:47,689 - isca - DEBUG - 
2025-06-14 05:16:47,689 - isca - DEBUG - 
2025-06-14 05:16:47,689 - isca - WARNING - WARNING from PE   15: socrates_init: dt_rad does not fit into one day an integer number of times
2025-06-14 05:16:47,689 - isca - DEBUG - 
2025-06-14 05:16:47,690 - isca - DEBUG - 
2025-06-14 05:16:47,690 - isca - WARNING - WARNING from PE    9: socrates_init: dt_rad does not fit into one day an integer number of times
2025-06-14 05:16:47,690 - isca - DEBUG - 
2025-06-14 05:16:47,692 - isca - DEBUG - 
2025-06-14 05:16:47,692 - isca - DEBUG - 
2025-06-14 05:16:47,692 - isca - WARNING - WARNING from PE    4: socrates_init: dt_rad does not fit into one day an integer number of times
2025-06-14 05:16:47,692 - isca - DEBUG - 
2025-06-14 05:16:47,692 - isca - DEBUG - 
2025-06-14 05:16:47,692 - isca - WARNING - WARNING from PE    2: socrates_init: dt_rad does not fit into one day an integer number of times
2025-06-14 05:16:47,692 - isca - DEBUG - 
2025-06-14 05:16:47,692 - isca - WARNING - WARNING from PE    3: socrates_init: dt_rad does not fit into one day an integer number of times
2025-06-14 05:16:47,692 - isca - DEBUG - 
2025-06-14 05:16:47,692 - isca - DEBUG - 
2025-06-14 05:16:47,692 - isca - WARNING - WARNING from PE    5: socrates_init: dt_rad does not fit into one day an integer number of times
2025-06-14 05:16:47,692 - isca - DEBUG - 
2025-06-14 05:16:47,692 - isca - DEBUG - 
2025-06-14 05:16:47,692 - isca - WARNING - WARNING from PE    6: socrates_init: dt_rad does not fit into one day an integer number of times
2025-06-14 05:16:47,692 - isca - DEBUG - 
2025-06-14 05:16:47,693 - isca - DEBUG - 
2025-06-14 05:16:47,693 - isca - WARNING - WARNING from PE    7: socrates_init: dt_rad does not fit into one day an integer number of times
2025-06-14 05:16:47,693 - isca - DEBUG - 
2025-06-14 05:16:47,693 - isca - DEBUG - 
2025-06-14 05:16:47,693 - isca - WARNING - WARNING from PE    1: socrates_init: dt_rad does not fit into one day an integer number of times
2025-06-14 05:16:47,693 - isca - DEBUG - 
2025-06-14 05:16:47,697 - isca - DEBUG - 
2025-06-14 05:16:47,697 - isca - WARNING - WARNING from PE    0: socrates_init: dt_rad does not fit into one day an integer number of times
2025-06-14 05:16:47,697 - isca - DEBUG - 
2025-06-14 05:16:47,697 - isca - DEBUG - 
2025-06-14 05:16:47,697 - isca - WARNING - WARNING from PE    0: socrates_init: dt_rad does not fit into one day an integer number of times
2025-06-14 05:16:47,697 - isca - DEBUG - 
2025-06-14 05:16:47,697 - isca - DEBUG - 
2025-06-14 05:16:47,697 - isca - WARNING - WARNING from PE    0: socrates_init: lw_hires_spectral_filename is unset, making equal to lw_spectral_filename
2025-06-14 05:16:47,697 - isca - DEBUG - 
2025-06-14 05:16:47,697 - isca - DEBUG - 
2025-06-14 05:16:47,697 - isca - WARNING - WARNING from PE    0: socrates_init: lw_hires_spectral_filename is unset, making equal to lw_spectral_filename
2025-06-14 05:16:47,697 - isca - DEBUG - 
2025-06-14 05:16:47,697 - isca - DEBUG - 
2025-06-14 05:16:47,697 - isca - WARNING - WARNING from PE    0: socrates_init: sw_hires_spectral_filename is unset, making equal to sw_spectral_filename
2025-06-14 05:16:47,697 - isca - DEBUG - 
2025-06-14 05:16:47,697 - isca - DEBUG - 
2025-06-14 05:16:47,697 - isca - WARNING - WARNING from PE    0: socrates_init: sw_hires_spectral_filename is unset, making equal to sw_spectral_filename
2025-06-14 05:16:47,697 - isca - DEBUG - 
2025-06-14 05:16:48,778 - isca - DEBUG - NOTE from PE    0: Interpolator: Using input file with no time dimension - ozone_1990_notime_zero.nc
2025-06-14 05:16:48,779 - isca - DEBUG - Initializing src field : ozone_1990
2025-06-14 05:16:48,780 - isca - DEBUG - 
2025-06-14 05:16:48,780 - isca - DEBUG - -----------------------------------
2025-06-14 05:16:48,780 - isca - DEBUG - ____                       _
2025-06-14 05:16:48,780 - isca - DEBUG - / ___|  ___   ___ _ __ __ _| |_ ___  ___
2025-06-14 05:16:48,780 - isca - DEBUG - \___ \ / _ \ / __|  __/ _` | __/ _ \/ __|
2025-06-14 05:16:48,780 - isca - DEBUG - ___) | (_) | (__| | | (_| | ||  __/\__ \
2025-06-14 05:16:48,780 - isca - DEBUG - |____/ \___/ \___|_|  \__,_|\__\___||___/
2025-06-14 05:16:48,780 - isca - DEBUG - 
2025-06-14 05:16:48,780 - isca - DEBUG - Initialised Socrates v17.03
2025-06-14 05:16:48,780 - isca - DEBUG - Stellar constant =    1950.00000000000
2025-06-14 05:16:48,781 - isca - DEBUG - Longwave spectral file =
2025-06-14 05:16:48,781 - isca - DEBUG - /proj/bolinc/users/x_ryabo/socrates_edited_for_isca/spectral_files_for_GCMs/Sun
2025-06-14 05:16:48,781 - isca - DEBUG - /miniSuran_lw.sf WITH           16  bands
2025-06-14 05:16:48,781 - isca - DEBUG - Longwave hires spectral file =
2025-06-14 05:16:48,781 - isca - DEBUG - /proj/bolinc/users/x_ryabo/socrates_edited_for_isca/spectral_files_for_GCMs/Sun
2025-06-14 05:16:48,781 - isca - DEBUG - /miniSuran_lw.sf WITH           16  bands
2025-06-14 05:16:48,781 - isca - DEBUG - Shortwave spectral file =
2025-06-14 05:16:48,781 - isca - DEBUG - /proj/bolinc/users/x_ryabo/socrates_edited_for_isca/spectral_files_for_GCMs/Sun
2025-06-14 05:16:48,781 - isca - DEBUG - /miniSuran_sw.sf WITH           16  bands
2025-06-14 05:16:48,781 - isca - DEBUG - Shortwave hires spectral file =
2025-06-14 05:16:48,781 - isca - DEBUG - /proj/bolinc/users/x_ryabo/socrates_edited_for_isca/spectral_files_for_GCMs/Sun
2025-06-14 05:16:48,781 - isca - DEBUG - /miniSuran_sw.sf WITH           16  bands
2025-06-14 05:16:48,781 - isca - DEBUG - 
2025-06-14 05:16:48,781 - isca - DEBUG - -----------------------------------
2025-06-14 05:16:48,781 - isca - DEBUG - 
2025-06-14 05:17:31,820 - isca - DEBUG - Integration completed through 22291 days     0 seconds
2025-06-14 05:18:14,820 - isca - DEBUG - Integration completed through 22292 days     0 seconds
2025-06-14 05:18:57,774 - isca - DEBUG - Integration completed through 22293 days     0 seconds
2025-06-14 05:19:40,734 - isca - DEBUG - Integration completed through 22294 days     0 seconds
2025-06-14 05:20:23,798 - isca - DEBUG - Integration completed through 22295 days     0 seconds
2025-06-14 05:21:06,542 - isca - DEBUG - Integration completed through 22296 days     0 seconds
2025-06-14 05:21:49,018 - isca - DEBUG - Integration completed through 22297 days     0 seconds
2025-06-14 05:22:31,422 - isca - DEBUG - Integration completed through 22298 days     0 seconds
2025-06-14 05:23:14,136 - isca - DEBUG - Integration completed through 22299 days     0 seconds
2025-06-14 05:23:57,157 - isca - DEBUG - Integration completed through 22300 days     0 seconds
2025-06-14 05:24:40,089 - isca - DEBUG - Integration completed through 22301 days     0 seconds
2025-06-14 05:25:22,994 - isca - DEBUG - Integration completed through 22302 days     0 seconds
2025-06-14 05:26:05,932 - isca - DEBUG - Integration completed through 22303 days     0 seconds
2025-06-14 05:26:49,047 - isca - DEBUG - Integration completed through 22304 days     0 seconds
2025-06-14 05:27:32,181 - isca - DEBUG - Integration completed through 22305 days     0 seconds
2025-06-14 05:28:15,243 - isca - DEBUG - Integration completed through 22306 days     0 seconds
2025-06-14 05:28:58,313 - isca - DEBUG - Integration completed through 22307 days     0 seconds
2025-06-14 05:29:41,440 - isca - DEBUG - Integration completed through 22308 days     0 seconds
2025-06-14 05:30:24,582 - isca - DEBUG - Integration completed through 22309 days     0 seconds
2025-06-14 05:31:07,489 - isca - DEBUG - Integration completed through 22310 days     0 seconds
2025-06-14 05:31:50,521 - isca - DEBUG - Integration completed through 22311 days     0 seconds
2025-06-14 05:32:33,593 - isca - DEBUG - Integration completed through 22312 days     0 seconds
2025-06-14 05:33:16,517 - isca - DEBUG - Integration completed through 22313 days     0 seconds
2025-06-14 05:33:59,500 - isca - DEBUG - Integration completed through 22314 days     0 seconds
2025-06-14 05:34:42,410 - isca - DEBUG - Integration completed through 22315 days     0 seconds
2025-06-14 05:35:25,407 - isca - DEBUG - Integration completed through 22316 days     0 seconds
2025-06-14 05:36:08,516 - isca - DEBUG - Integration completed through 22317 days     0 seconds
2025-06-14 05:36:51,627 - isca - DEBUG - Integration completed through 22318 days     0 seconds
2025-06-14 05:37:34,616 - isca - DEBUG - Integration completed through 22319 days     0 seconds
2025-06-14 05:38:17,627 - isca - DEBUG - Integration completed through 22320 days     0 seconds
2025-06-14 05:38:17,633 - isca - DEBUG - 
2025-06-14 05:38:17,633 - isca - WARNING - WARNING from PE    0: diag_util_mod::opening_file: module/field_name (socrates/soc_toa_sw_down_clr) NOT registered
2025-06-14 05:38:17,633 - isca - DEBUG - 
2025-06-14 05:38:17,633 - isca - DEBUG - 
2025-06-14 05:38:17,633 - isca - WARNING - WARNING from PE    0: diag_util_mod::opening_file: module/field_name (cloud_simple/rh_min) NOT registered
2025-06-14 05:38:17,633 - isca - DEBUG - 
2025-06-14 05:38:17,633 - isca - DEBUG - 
2025-06-14 05:38:17,633 - isca - WARNING - WARNING from PE    0: diag_util_mod::opening_file: module/field_name (socrates/soc_toa_sw_down_clr) NOT registered
2025-06-14 05:38:17,633 - isca - DEBUG - 
2025-06-14 05:38:17,633 - isca - DEBUG - 
2025-06-14 05:38:17,633 - isca - WARNING - WARNING from PE    0: diag_util_mod::opening_file: module/field_name (cloud_simple/rh_min) NOT registered
2025-06-14 05:38:17,633 - isca - DEBUG - 
2025-06-14 05:38:17,644 - isca - DEBUG - NOTE from PE    0: MPP_IO_SET_STACK_SIZE: stack size set to     393216.
2025-06-14 05:38:17,760 - isca - DEBUG - MPP_DOMAINS_STACK high water mark=       49152
2025-06-14 05:38:17,761 - isca - DEBUG - 
2025-06-14 05:38:17,761 - isca - DEBUG - Tabulating mpp_clock statistics across     16 PEs...
2025-06-14 05:38:17,761 - isca - DEBUG - 
2025-06-14 05:38:17,761 - isca - DEBUG - tmin          tmax          tavg          tstd  tfrac grain pemin pemax
2025-06-14 05:38:17,761 - isca - DEBUG - Total runtime                      1290.134096   1290.141450   1290.136753      0.001852  1.000     0     0    15
2025-06-14 05:38:17,761 - isca - DEBUG - MPP_STACK high water mark=           0
2025-06-14 05:38:17,922 - isca - INFO - Run 744 complete
2025-06-14 05:38:18,752 - isca - DEBUG - atmos_monthly.nc combined and copied to data directory
2025-06-14 05:38:22,251 - isca - INFO - Restart archive created at /proj/bolinc/users/x_ryabo/Isca-Ryan_outputs/presentday_1540_Sun_noO3_1950/restarts/res0744.tar.gz
2025-06-14 05:38:22,263 - isca - INFO - Writing namelist to '/proj/bolinc/users/x_ryabo/Isca-Ryan_outputs/presentday_1540_Sun_noO3_1950/run0744/input.nml'
2025-06-14 05:38:22,265 - isca - INFO - Writing field_table to '/proj/bolinc/users/x_ryabo/Isca-Ryan_outputs/presentday_1540_Sun_noO3_1950/run0744/field_table'
2025-06-14 05:38:22,275 - isca - INFO - Writing diag_table to '/proj/bolinc/users/x_ryabo/Isca-Ryan_outputs/presentday_1540_Sun_noO3_1950/run0744/diag_table'
2025-06-14 05:38:22,507 - isca - INFO - Emptied run directory '/home/x_ryabo/Isca-Ryan_tmp/experiment/presentday_1540_Sun_noO3_1950/run'
2025-06-14 05:38:22,527 - isca - INFO - Emptied run directory '/home/x_ryabo/Isca-Ryan_tmp/experiment/presentday_1540_Sun_noO3_1950/run'
2025-06-14 05:38:22,739 - isca - INFO - Writing namelist to '/home/x_ryabo/Isca-Ryan_tmp/experiment/presentday_1540_Sun_noO3_1950/run/input.nml'
2025-06-14 05:38:22,741 - isca - INFO - Writing field_table to '/home/x_ryabo/Isca-Ryan_tmp/experiment/presentday_1540_Sun_noO3_1950/run/field_table'
2025-06-14 05:38:22,751 - isca - INFO - Writing diag_table to '/home/x_ryabo/Isca-Ryan_tmp/experiment/presentday_1540_Sun_noO3_1950/run/diag_table'
2025-06-14 05:38:22,765 - isca - INFO - Using restart file '/proj/bolinc/users/x_ryabo/Isca-Ryan_outputs/presentday_1540_Sun_noO3_1950/restarts/res0744.tar.gz'
2025-06-14 05:38:23,181 - isca - INFO - Restart /proj/bolinc/users/x_ryabo/Isca-Ryan_outputs/presentday_1540_Sun_noO3_1950/restarts/res0744.tar.gz extracted to /home/x_ryabo/Isca-Ryan_tmp/experiment/presentday_1540_Sun_noO3_1950/run/INPUT
2025-06-14 05:38:23,181 - isca - INFO - Beginning run 745
2025-06-14 05:38:23,193 - isca - INFO - process running as 1033893
2025-06-14 05:38:23,193 - isca - DEBUG - loadmodules for Isca on NSC cluster Tetralith
2025-06-14 05:38:23,193 - isca - DEBUG - mpiifort
2025-06-14 05:38:23,294 - isca - DEBUG - The following modules were not unloaded:
2025-06-14 05:38:23,295 - isca - DEBUG - (Use "module --force purge" to unload all):
2025-06-14 05:38:23,295 - isca - DEBUG - 
2025-06-14 05:38:23,295 - isca - DEBUG - 1) hpc/.1.10.1
2025-06-14 05:38:23,390 - isca - DEBUG - ***************************************************
2025-06-14 05:38:23,390 - isca - DEBUG - You have loaded a buildenv module
2025-06-14 05:38:23,390 - isca - DEBUG - ***************************************************
2025-06-14 05:38:23,390 - isca - DEBUG - The buldenv-intel module makes available:
2025-06-14 05:38:23,390 - isca - DEBUG - - Compilers: icc, ifort, etc.
2025-06-14 05:38:23,390 - isca - DEBUG - - Mpi library with mpi-wrapped compilers: intel mpi with mpicc, mpifort, etc.
2025-06-14 05:38:23,390 - isca - DEBUG - - Numerical libraries: intel MKL
2025-06-14 05:38:23,390 - isca - DEBUG - 
2025-06-14 05:38:23,390 - isca - DEBUG - It also makes a set of dependency library modules available via
2025-06-14 05:38:23,390 - isca - DEBUG - the regular module command. Just do:
2025-06-14 05:38:23,390 - isca - DEBUG - module avail
2025-06-14 05:38:23,390 - isca - DEBUG - to see what is available.
2025-06-14 05:38:23,390 - isca - DEBUG - 
2025-06-14 05:38:23,391 - isca - DEBUG - NOTE: You shoud never load build environments inside submitted jobs.
2025-06-14 05:38:23,391 - isca - DEBUG - (with the single exception of when using supercomputer time to compile code.)
2025-06-14 05:38:23,391 - isca - DEBUG - 
2025-06-14 05:38:27,206 - isca - DEBUG - NOTE from PE    0: MPP_DOMAINS_SET_STACK_SIZE: stack size set to    32768.
2025-06-14 05:38:27,206 - isca - DEBUG - &MPP_IO_NML
2025-06-14 05:38:27,206 - isca - DEBUG - HEADER_BUFFER_VAL       =       16384,
2025-06-14 05:38:27,206 - isca - DEBUG - GLOBAL_FIELD_ON_ROOT_PE = T,
2025-06-14 05:38:27,206 - isca - DEBUG - IO_CLOCKS_ON    = F,
2025-06-14 05:38:27,206 - isca - DEBUG - SHUFFLE =           0,
2025-06-14 05:38:27,207 - isca - DEBUG - DEFLATE_LEVEL   =          -1
2025-06-14 05:38:27,207 - isca - DEBUG - /
2025-06-14 05:38:27,208 - isca - DEBUG - NOTE from PE    0: MPP_IO_SET_STACK_SIZE: stack size set to     131072.
2025-06-14 05:38:27,209 - isca - DEBUG - NOTE from PE    0: MPP_DOMAINS_SET_STACK_SIZE: stack size set to   600000.
2025-06-14 05:38:27,216 - isca - DEBUG - starting            1  OpenMP threads per MPI-task
2025-06-14 05:38:27,217 - isca - DEBUG - ATMOS MODEL DOMAIN DECOMPOSITION
2025-06-14 05:38:27,217 - isca - DEBUG - X-AXIS =  128
2025-06-14 05:38:27,217 - isca - DEBUG - Y-AXIS =    4   4   4   4   4   4   4   4   4   4   4   4   4   4   4   4
2025-06-14 05:38:27,266 - isca - DEBUG - 
2025-06-14 05:38:27,266 - isca - WARNING - WARNING from PE    3: socrates_init: dt_rad does not fit into one day an integer number of times
2025-06-14 05:38:27,266 - isca - DEBUG - 
2025-06-14 05:38:27,267 - isca - DEBUG - NOTE from PE    0: cloud_simple: Using SimCloud cloud scheme
2025-06-14 05:38:27,268 - isca - DEBUG - NOTE from PE    0: ls_cloud: Using linear cloud fraction diagnostic formula.
2025-06-14 05:38:27,269 - isca - DEBUG - NOTE from PE    0: cloud_cover: The cloud overlap assumption is MAXIMUM-RANDOM
2025-06-14 05:38:27,269 - isca - DEBUG - NOTE from PE    0: idealized_moist_phys: Using Frierson Quasi-Equilibrium convection scheme.
2025-06-14 05:38:27,271 - isca - DEBUG - 
2025-06-14 05:38:27,271 - isca - WARNING - WARNING from PE    9: socrates_init: dt_rad does not fit into one day an integer number of times
2025-06-14 05:38:27,271 - isca - DEBUG - 
2025-06-14 05:38:27,271 - isca - DEBUG - 
2025-06-14 05:38:27,271 - isca - WARNING - WARNING from PE   11: socrates_init: dt_rad does not fit into one day an integer number of times
2025-06-14 05:38:27,271 - isca - DEBUG - 
2025-06-14 05:38:27,271 - isca - DEBUG - 
2025-06-14 05:38:27,271 - isca - WARNING - WARNING from PE   14: socrates_init: dt_rad does not fit into one day an integer number of times
2025-06-14 05:38:27,271 - isca - DEBUG - 
2025-06-14 05:38:27,271 - isca - DEBUG - 
2025-06-14 05:38:27,272 - isca - DEBUG - 
2025-06-14 05:38:27,272 - isca - WARNING - WARNING from PE   10: socrates_init: dt_rad does not fit into one day an integer number of times
2025-06-14 05:38:27,272 - isca - DEBUG - 
2025-06-14 05:38:27,272 - isca - WARNING - WARNING from PE   15: socrates_init: dt_rad does not fit into one day an integer number of times
2025-06-14 05:38:27,272 - isca - DEBUG - 
2025-06-14 05:38:27,272 - isca - DEBUG - 
2025-06-14 05:38:27,272 - isca - WARNING - WARNING from PE   12: socrates_init: dt_rad does not fit into one day an integer number of times
2025-06-14 05:38:27,272 - isca - DEBUG - 
2025-06-14 05:38:27,272 - isca - DEBUG - 
2025-06-14 05:38:27,272 - isca - WARNING - WARNING from PE   13: socrates_init: dt_rad does not fit into one day an integer number of times
2025-06-14 05:38:27,272 - isca - DEBUG - 
2025-06-14 05:38:27,272 - isca - DEBUG - 
2025-06-14 05:38:27,273 - isca - WARNING - WARNING from PE    2: socrates_init: dt_rad does not fit into one day an integer number of times
2025-06-14 05:38:27,273 - isca - DEBUG - 
2025-06-14 05:38:27,273 - isca - DEBUG - 
2025-06-14 05:38:27,273 - isca - WARNING - WARNING from PE    6: socrates_init: dt_rad does not fit into one day an integer number of times
2025-06-14 05:38:27,273 - isca - DEBUG - 
2025-06-14 05:38:27,273 - isca - DEBUG - 
2025-06-14 05:38:27,273 - isca - WARNING - WARNING from PE    4: socrates_init: dt_rad does not fit into one day an integer number of times
2025-06-14 05:38:27,273 - isca - DEBUG - 
2025-06-14 05:38:27,273 - isca - DEBUG - 
2025-06-14 05:38:27,273 - isca - WARNING - WARNING from PE    1: socrates_init: dt_rad does not fit into one day an integer number of times
2025-06-14 05:38:27,273 - isca - DEBUG - 
2025-06-14 05:38:27,273 - isca - DEBUG - 
2025-06-14 05:38:27,273 - isca - WARNING - WARNING from PE    5: socrates_init: dt_rad does not fit into one day an integer number of times
2025-06-14 05:38:27,273 - isca - DEBUG - 
2025-06-14 05:38:27,273 - isca - DEBUG - 
2025-06-14 05:38:27,273 - isca - WARNING - WARNING from PE    7: socrates_init: dt_rad does not fit into one day an integer number of times
2025-06-14 05:38:27,274 - isca - DEBUG - 
2025-06-14 05:38:27,274 - isca - DEBUG - 
2025-06-14 05:38:27,274 - isca - WARNING - WARNING from PE    8: socrates_init: dt_rad does not fit into one day an integer number of times
2025-06-14 05:38:27,274 - isca - DEBUG - 
2025-06-14 05:38:27,278 - isca - DEBUG - 
2025-06-14 05:38:27,278 - isca - WARNING - WARNING from PE    0: socrates_init: dt_rad does not fit into one day an integer number of times
2025-06-14 05:38:27,278 - isca - DEBUG - 
2025-06-14 05:38:27,278 - isca - DEBUG - 
2025-06-14 05:38:27,278 - isca - WARNING - WARNING from PE    0: socrates_init: dt_rad does not fit into one day an integer number of times
2025-06-14 05:38:27,278 - isca - DEBUG - 
2025-06-14 05:38:27,278 - isca - DEBUG - 
2025-06-14 05:38:27,278 - isca - WARNING - WARNING from PE    0: socrates_init: lw_hires_spectral_filename is unset, making equal to lw_spectral_filename
2025-06-14 05:38:27,278 - isca - DEBUG - 
2025-06-14 05:38:27,278 - isca - DEBUG - 
2025-06-14 05:38:27,278 - isca - WARNING - WARNING from PE    0: socrates_init: lw_hires_spectral_filename is unset, making equal to lw_spectral_filename
2025-06-14 05:38:27,278 - isca - DEBUG - 
2025-06-14 05:38:27,278 - isca - DEBUG - 
2025-06-14 05:38:27,278 - isca - WARNING - WARNING from PE    0: socrates_init: sw_hires_spectral_filename is unset, making equal to sw_spectral_filename
2025-06-14 05:38:27,278 - isca - DEBUG - 
2025-06-14 05:38:27,278 - isca - DEBUG - 
2025-06-14 05:38:27,279 - isca - WARNING - WARNING from PE    0: socrates_init: sw_hires_spectral_filename is unset, making equal to sw_spectral_filename
2025-06-14 05:38:27,279 - isca - DEBUG - 
2025-06-14 05:38:28,354 - isca - DEBUG - NOTE from PE    0: Interpolator: Using input file with no time dimension - ozone_1990_notime_zero.nc
2025-06-14 05:38:28,354 - isca - DEBUG - Initializing src field : ozone_1990
2025-06-14 05:38:28,356 - isca - DEBUG - 
2025-06-14 05:38:28,356 - isca - DEBUG - -----------------------------------
2025-06-14 05:38:28,356 - isca - DEBUG - ____                       _
2025-06-14 05:38:28,356 - isca - DEBUG - / ___|  ___   ___ _ __ __ _| |_ ___  ___
2025-06-14 05:38:28,356 - isca - DEBUG - \___ \ / _ \ / __|  __/ _` | __/ _ \/ __|
2025-06-14 05:38:28,356 - isca - DEBUG - ___) | (_) | (__| | | (_| | ||  __/\__ \
2025-06-14 05:38:28,356 - isca - DEBUG - |____/ \___/ \___|_|  \__,_|\__\___||___/
2025-06-14 05:38:28,356 - isca - DEBUG - 
2025-06-14 05:38:28,356 - isca - DEBUG - Initialised Socrates v17.03
2025-06-14 05:38:28,356 - isca - DEBUG - Stellar constant =    1950.00000000000
2025-06-14 05:38:28,356 - isca - DEBUG - Longwave spectral file =
2025-06-14 05:38:28,356 - isca - DEBUG - /proj/bolinc/users/x_ryabo/socrates_edited_for_isca/spectral_files_for_GCMs/Sun
2025-06-14 05:38:28,356 - isca - DEBUG - /miniSuran_lw.sf WITH           16  bands
2025-06-14 05:38:28,356 - isca - DEBUG - Longwave hires spectral file =
2025-06-14 05:38:28,356 - isca - DEBUG - /proj/bolinc/users/x_ryabo/socrates_edited_for_isca/spectral_files_for_GCMs/Sun
2025-06-14 05:38:28,356 - isca - DEBUG - /miniSuran_lw.sf WITH           16  bands
2025-06-14 05:38:28,356 - isca - DEBUG - Shortwave spectral file =
2025-06-14 05:38:28,356 - isca - DEBUG - /proj/bolinc/users/x_ryabo/socrates_edited_for_isca/spectral_files_for_GCMs/Sun
2025-06-14 05:38:28,356 - isca - DEBUG - /miniSuran_sw.sf WITH           16  bands
2025-06-14 05:38:28,356 - isca - DEBUG - Shortwave hires spectral file =
2025-06-14 05:38:28,356 - isca - DEBUG - /proj/bolinc/users/x_ryabo/socrates_edited_for_isca/spectral_files_for_GCMs/Sun
2025-06-14 05:38:28,356 - isca - DEBUG - /miniSuran_sw.sf WITH           16  bands
2025-06-14 05:38:28,356 - isca - DEBUG - 
2025-06-14 05:38:28,356 - isca - DEBUG - -----------------------------------
2025-06-14 05:38:28,356 - isca - DEBUG - 
2025-06-14 05:39:11,557 - isca - DEBUG - Integration completed through 22321 days     0 seconds
2025-06-14 05:39:54,928 - isca - DEBUG - Integration completed through 22322 days     0 seconds
2025-06-14 05:40:38,332 - isca - DEBUG - Integration completed through 22323 days     0 seconds
2025-06-14 05:41:21,450 - isca - DEBUG - Integration completed through 22324 days     0 seconds
2025-06-14 05:42:04,621 - isca - DEBUG - Integration completed through 22325 days     0 seconds
2025-06-14 05:42:47,452 - isca - DEBUG - Integration completed through 22326 days     0 seconds
2025-06-14 05:43:30,388 - isca - DEBUG - Integration completed through 22327 days     0 seconds
2025-06-14 05:44:13,373 - isca - DEBUG - Integration completed through 22328 days     0 seconds
2025-06-14 05:44:56,765 - isca - DEBUG - Integration completed through 22329 days     0 seconds
2025-06-14 05:45:40,215 - isca - DEBUG - Integration completed through 22330 days     0 seconds
2025-06-14 05:46:23,612 - isca - DEBUG - Integration completed through 22331 days     0 seconds
2025-06-14 05:47:07,265 - isca - DEBUG - Integration completed through 22332 days     0 seconds
2025-06-14 05:47:50,905 - isca - DEBUG - Integration completed through 22333 days     0 seconds
2025-06-14 05:48:34,282 - isca - DEBUG - Integration completed through 22334 days     0 seconds
2025-06-14 05:49:17,371 - isca - DEBUG - Integration completed through 22335 days     0 seconds
2025-06-14 05:50:00,393 - isca - DEBUG - Integration completed through 22336 days     0 seconds
2025-06-14 05:50:43,458 - isca - DEBUG - Integration completed through 22337 days     0 seconds
2025-06-14 05:51:26,420 - isca - DEBUG - Integration completed through 22338 days     0 seconds
2025-06-14 05:52:09,292 - isca - DEBUG - Integration completed through 22339 days     0 seconds
2025-06-14 05:52:52,071 - isca - DEBUG - Integration completed through 22340 days     0 seconds
2025-06-14 05:53:37,168 - isca - DEBUG - Integration completed through 22341 days     0 seconds
2025-06-14 05:54:25,372 - isca - DEBUG - Integration completed through 22342 days     0 seconds
2025-06-14 05:55:13,633 - isca - DEBUG - Integration completed through 22343 days     0 seconds
2025-06-14 05:56:01,742 - isca - DEBUG - Integration completed through 22344 days     0 seconds
2025-06-14 05:56:49,807 - isca - DEBUG - Integration completed through 22345 days     0 seconds
2025-06-14 05:57:38,150 - isca - DEBUG - Integration completed through 22346 days     0 seconds
2025-06-14 05:58:26,610 - isca - DEBUG - Integration completed through 22347 days     0 seconds
2025-06-14 05:59:15,234 - isca - DEBUG - Integration completed through 22348 days     0 seconds
2025-06-14 06:00:04,142 - isca - DEBUG - Integration completed through 22349 days     0 seconds
2025-06-14 06:00:53,023 - isca - DEBUG - Integration completed through 22350 days     0 seconds
2025-06-14 06:00:53,030 - isca - DEBUG - 
2025-06-14 06:00:53,030 - isca - WARNING - WARNING from PE    0: diag_util_mod::opening_file: module/field_name (socrates/soc_toa_sw_down_clr) NOT registered
2025-06-14 06:00:53,030 - isca - DEBUG - 
2025-06-14 06:00:53,031 - isca - DEBUG - 
2025-06-14 06:00:53,031 - isca - WARNING - WARNING from PE    0: diag_util_mod::opening_file: module/field_name (socrates/soc_toa_sw_down_clr) NOT registered
2025-06-14 06:00:53,031 - isca - DEBUG - 
2025-06-14 06:00:53,031 - isca - DEBUG - 
2025-06-14 06:00:53,031 - isca - WARNING - WARNING from PE    0: diag_util_mod::opening_file: module/field_name (cloud_simple/rh_min) NOT registered
2025-06-14 06:00:53,031 - isca - DEBUG - 
2025-06-14 06:00:53,031 - isca - DEBUG - 
2025-06-14 06:00:53,031 - isca - WARNING - WARNING from PE    0: diag_util_mod::opening_file: module/field_name (cloud_simple/rh_min) NOT registered
2025-06-14 06:00:53,031 - isca - DEBUG - 
2025-06-14 06:00:53,042 - isca - DEBUG - NOTE from PE    0: MPP_IO_SET_STACK_SIZE: stack size set to     393216.
2025-06-14 06:00:53,169 - isca - DEBUG - MPP_DOMAINS_STACK high water mark=       49152
2025-06-14 06:00:53,169 - isca - DEBUG - 
2025-06-14 06:00:53,169 - isca - DEBUG - Tabulating mpp_clock statistics across     16 PEs...
2025-06-14 06:00:53,169 - isca - DEBUG - 
2025-06-14 06:00:53,169 - isca - DEBUG - tmin          tmax          tavg          tstd  tfrac grain pemin pemax
2025-06-14 06:00:53,170 - isca - DEBUG - Total runtime                      1345.960413   1345.968915   1345.964210      0.002683  1.000     0     0    15
2025-06-14 06:00:53,170 - isca - DEBUG - MPP_STACK high water mark=           0
2025-06-14 06:00:53,356 - isca - INFO - Run 745 complete
2025-06-14 06:00:54,203 - isca - DEBUG - atmos_monthly.nc combined and copied to data directory
2025-06-14 06:00:57,866 - isca - INFO - Restart archive created at /proj/bolinc/users/x_ryabo/Isca-Ryan_outputs/presentday_1540_Sun_noO3_1950/restarts/res0745.tar.gz
2025-06-14 06:00:57,877 - isca - INFO - Writing namelist to '/proj/bolinc/users/x_ryabo/Isca-Ryan_outputs/presentday_1540_Sun_noO3_1950/run0745/input.nml'
2025-06-14 06:00:57,880 - isca - INFO - Writing field_table to '/proj/bolinc/users/x_ryabo/Isca-Ryan_outputs/presentday_1540_Sun_noO3_1950/run0745/field_table'
2025-06-14 06:00:57,891 - isca - INFO - Writing diag_table to '/proj/bolinc/users/x_ryabo/Isca-Ryan_outputs/presentday_1540_Sun_noO3_1950/run0745/diag_table'
2025-06-14 06:00:58,171 - isca - INFO - Emptied run directory '/home/x_ryabo/Isca-Ryan_tmp/experiment/presentday_1540_Sun_noO3_1950/run'
2025-06-14 06:00:58,189 - isca - INFO - Emptied run directory '/home/x_ryabo/Isca-Ryan_tmp/experiment/presentday_1540_Sun_noO3_1950/run'
2025-06-14 06:00:58,403 - isca - INFO - Writing namelist to '/home/x_ryabo/Isca-Ryan_tmp/experiment/presentday_1540_Sun_noO3_1950/run/input.nml'
2025-06-14 06:00:58,404 - isca - INFO - Writing field_table to '/home/x_ryabo/Isca-Ryan_tmp/experiment/presentday_1540_Sun_noO3_1950/run/field_table'
2025-06-14 06:00:58,415 - isca - INFO - Writing diag_table to '/home/x_ryabo/Isca-Ryan_tmp/experiment/presentday_1540_Sun_noO3_1950/run/diag_table'
2025-06-14 06:00:58,428 - isca - INFO - Using restart file '/proj/bolinc/users/x_ryabo/Isca-Ryan_outputs/presentday_1540_Sun_noO3_1950/restarts/res0745.tar.gz'
2025-06-14 06:00:58,845 - isca - INFO - Restart /proj/bolinc/users/x_ryabo/Isca-Ryan_outputs/presentday_1540_Sun_noO3_1950/restarts/res0745.tar.gz extracted to /home/x_ryabo/Isca-Ryan_tmp/experiment/presentday_1540_Sun_noO3_1950/run/INPUT
2025-06-14 06:00:58,846 - isca - INFO - Beginning run 746
2025-06-14 06:00:58,860 - isca - INFO - process running as 1037392
2025-06-14 06:00:58,860 - isca - DEBUG - loadmodules for Isca on NSC cluster Tetralith
2025-06-14 06:00:58,860 - isca - DEBUG - mpiifort
2025-06-14 06:00:58,954 - isca - DEBUG - The following modules were not unloaded:
2025-06-14 06:00:58,955 - isca - DEBUG - (Use "module --force purge" to unload all):
2025-06-14 06:00:58,955 - isca - DEBUG - 
2025-06-14 06:00:58,955 - isca - DEBUG - 1) hpc/.1.10.1
2025-06-14 06:00:59,050 - isca - DEBUG - ***************************************************
2025-06-14 06:00:59,050 - isca - DEBUG - You have loaded a buildenv module
2025-06-14 06:00:59,051 - isca - DEBUG - ***************************************************
2025-06-14 06:00:59,051 - isca - DEBUG - The buldenv-intel module makes available:
2025-06-14 06:00:59,051 - isca - DEBUG - - Compilers: icc, ifort, etc.
2025-06-14 06:00:59,051 - isca - DEBUG - - Mpi library with mpi-wrapped compilers: intel mpi with mpicc, mpifort, etc.
2025-06-14 06:00:59,051 - isca - DEBUG - - Numerical libraries: intel MKL
2025-06-14 06:00:59,051 - isca - DEBUG - 
2025-06-14 06:00:59,051 - isca - DEBUG - It also makes a set of dependency library modules available via
2025-06-14 06:00:59,051 - isca - DEBUG - the regular module command. Just do:
2025-06-14 06:00:59,051 - isca - DEBUG - module avail
2025-06-14 06:00:59,051 - isca - DEBUG - to see what is available.
2025-06-14 06:00:59,051 - isca - DEBUG - 
2025-06-14 06:00:59,051 - isca - DEBUG - NOTE: You shoud never load build environments inside submitted jobs.
2025-06-14 06:00:59,051 - isca - DEBUG - (with the single exception of when using supercomputer time to compile code.)
2025-06-14 06:00:59,051 - isca - DEBUG - 
2025-06-14 06:01:03,817 - isca - DEBUG - NOTE from PE    0: MPP_DOMAINS_SET_STACK_SIZE: stack size set to    32768.
2025-06-14 06:01:03,817 - isca - DEBUG - &MPP_IO_NML
2025-06-14 06:01:03,817 - isca - DEBUG - HEADER_BUFFER_VAL       =       16384,
2025-06-14 06:01:03,817 - isca - DEBUG - GLOBAL_FIELD_ON_ROOT_PE = T,
2025-06-14 06:01:03,817 - isca - DEBUG - IO_CLOCKS_ON    = F,
2025-06-14 06:01:03,817 - isca - DEBUG - SHUFFLE =           0,
2025-06-14 06:01:03,817 - isca - DEBUG - DEFLATE_LEVEL   =          -1
2025-06-14 06:01:03,817 - isca - DEBUG - /
2025-06-14 06:01:03,819 - isca - DEBUG - NOTE from PE    0: MPP_IO_SET_STACK_SIZE: stack size set to     131072.
2025-06-14 06:01:03,820 - isca - DEBUG - NOTE from PE    0: MPP_DOMAINS_SET_STACK_SIZE: stack size set to   600000.
2025-06-14 06:01:03,828 - isca - DEBUG - starting            1  OpenMP threads per MPI-task
2025-06-14 06:01:03,829 - isca - DEBUG - ATMOS MODEL DOMAIN DECOMPOSITION
2025-06-14 06:01:03,830 - isca - DEBUG - X-AXIS =  128
2025-06-14 06:01:03,830 - isca - DEBUG - Y-AXIS =    4   4   4   4   4   4   4   4   4   4   4   4   4   4   4   4
2025-06-14 06:01:03,880 - isca - DEBUG - NOTE from PE    0: cloud_simple: Using SimCloud cloud scheme
2025-06-14 06:01:03,882 - isca - DEBUG - NOTE from PE    0: ls_cloud: Using linear cloud fraction diagnostic formula.
2025-06-14 06:01:03,882 - isca - DEBUG - 
2025-06-14 06:01:03,882 - isca - WARNING - WARNING from PE    8: socrates_init: dt_rad does not fit into one day an integer number of times
2025-06-14 06:01:03,882 - isca - DEBUG - 
2025-06-14 06:01:03,882 - isca - DEBUG - NOTE from PE    0: cloud_cover: The cloud overlap assumption is MAXIMUM-RANDOM
2025-06-14 06:01:03,882 - isca - DEBUG - 
2025-06-14 06:01:03,882 - isca - WARNING - WARNING from PE   12: socrates_init: dt_rad does not fit into one day an integer number of times
2025-06-14 06:01:03,882 - isca - DEBUG - 
2025-06-14 06:01:03,882 - isca - DEBUG - NOTE from PE    0: idealized_moist_phys: Using Frierson Quasi-Equilibrium convection scheme.
2025-06-14 06:01:03,882 - isca - DEBUG - 
2025-06-14 06:01:03,882 - isca - WARNING - WARNING from PE   10: socrates_init: dt_rad does not fit into one day an integer number of times
2025-06-14 06:01:03,882 - isca - DEBUG - 
2025-06-14 06:01:03,882 - isca - DEBUG - 
2025-06-14 06:01:03,883 - isca - DEBUG - 
2025-06-14 06:01:03,883 - isca - WARNING - WARNING from PE   14: socrates_init: dt_rad does not fit into one day an integer number of times
2025-06-14 06:01:03,883 - isca - DEBUG - 
2025-06-14 06:01:03,883 - isca - WARNING - WARNING from PE    9: socrates_init: dt_rad does not fit into one day an integer number of times
2025-06-14 06:01:03,883 - isca - DEBUG - 
2025-06-14 06:01:03,883 - isca - WARNING - WARNING from PE   11: socrates_init: dt_rad does not fit into one day an integer number of times
2025-06-14 06:01:03,883 - isca - DEBUG - 
2025-06-14 06:01:03,883 - isca - DEBUG - 
2025-06-14 06:01:03,883 - isca - DEBUG - 
2025-06-14 06:01:03,883 - isca - WARNING - WARNING from PE   13: socrates_init: dt_rad does not fit into one day an integer number of times
2025-06-14 06:01:03,883 - isca - DEBUG - 
2025-06-14 06:01:03,884 - isca - DEBUG - 
2025-06-14 06:01:03,884 - isca - WARNING - WARNING from PE   15: socrates_init: dt_rad does not fit into one day an integer number of times
2025-06-14 06:01:03,884 - isca - DEBUG - 
2025-06-14 06:01:03,886 - isca - DEBUG - 
2025-06-14 06:01:03,886 - isca - WARNING - WARNING from PE    4: socrates_init: dt_rad does not fit into one day an integer number of times
2025-06-14 06:01:03,886 - isca - DEBUG - 
2025-06-14 06:01:03,886 - isca - WARNING - WARNING from PE    1: socrates_init: dt_rad does not fit into one day an integer number of times
2025-06-14 06:01:03,886 - isca - DEBUG - 
2025-06-14 06:01:03,886 - isca - DEBUG - 
2025-06-14 06:01:03,886 - isca - WARNING - WARNING from PE    5: socrates_init: dt_rad does not fit into one day an integer number of times
2025-06-14 06:01:03,886 - isca - DEBUG - 
2025-06-14 06:01:03,886 - isca - DEBUG - 
2025-06-14 06:01:03,886 - isca - DEBUG - 
2025-06-14 06:01:03,887 - isca - WARNING - WARNING from PE    7: socrates_init: dt_rad does not fit into one day an integer number of times
2025-06-14 06:01:03,887 - isca - DEBUG - 
2025-06-14 06:01:03,887 - isca - DEBUG - 
2025-06-14 06:01:03,887 - isca - WARNING - WARNING from PE    6: socrates_init: dt_rad does not fit into one day an integer number of times
2025-06-14 06:01:03,887 - isca - DEBUG - 
2025-06-14 06:01:03,887 - isca - DEBUG - 
2025-06-14 06:01:03,887 - isca - WARNING - WARNING from PE    3: socrates_init: dt_rad does not fit into one day an integer number of times
2025-06-14 06:01:03,887 - isca - DEBUG - 
2025-06-14 06:01:03,887 - isca - DEBUG - 
2025-06-14 06:01:03,887 - isca - WARNING - WARNING from PE    2: socrates_init: dt_rad does not fit into one day an integer number of times
2025-06-14 06:01:03,887 - isca - DEBUG - 
2025-06-14 06:01:03,891 - isca - DEBUG - 
2025-06-14 06:01:03,891 - isca - WARNING - WARNING from PE    0: socrates_init: dt_rad does not fit into one day an integer number of times
2025-06-14 06:01:03,891 - isca - DEBUG - 
2025-06-14 06:01:03,891 - isca - DEBUG - 
2025-06-14 06:01:03,892 - isca - WARNING - WARNING from PE    0: socrates_init: dt_rad does not fit into one day an integer number of times
2025-06-14 06:01:03,892 - isca - DEBUG - 
2025-06-14 06:01:03,892 - isca - DEBUG - 
2025-06-14 06:01:03,892 - isca - WARNING - WARNING from PE    0: socrates_init: lw_hires_spectral_filename is unset, making equal to lw_spectral_filename
2025-06-14 06:01:03,892 - isca - DEBUG - 
2025-06-14 06:01:03,892 - isca - DEBUG - 
2025-06-14 06:01:03,892 - isca - WARNING - WARNING from PE    0: socrates_init: lw_hires_spectral_filename is unset, making equal to lw_spectral_filename
2025-06-14 06:01:03,892 - isca - DEBUG - 
2025-06-14 06:01:03,892 - isca - DEBUG - 
2025-06-14 06:01:03,892 - isca - WARNING - WARNING from PE    0: socrates_init: sw_hires_spectral_filename is unset, making equal to sw_spectral_filename
2025-06-14 06:01:03,892 - isca - DEBUG - 
2025-06-14 06:01:03,892 - isca - DEBUG - 
2025-06-14 06:01:03,892 - isca - WARNING - WARNING from PE    0: socrates_init: sw_hires_spectral_filename is unset, making equal to sw_spectral_filename
2025-06-14 06:01:03,892 - isca - DEBUG - 
2025-06-14 06:01:05,113 - isca - DEBUG - NOTE from PE    0: Interpolator: Using input file with no time dimension - ozone_1990_notime_zero.nc
2025-06-14 06:01:05,113 - isca - DEBUG - Initializing src field : ozone_1990
2025-06-14 06:01:05,115 - isca - DEBUG - 
2025-06-14 06:01:05,115 - isca - DEBUG - -----------------------------------
2025-06-14 06:01:05,116 - isca - DEBUG - ____                       _
2025-06-14 06:01:05,116 - isca - DEBUG - / ___|  ___   ___ _ __ __ _| |_ ___  ___
2025-06-14 06:01:05,116 - isca - DEBUG - \___ \ / _ \ / __|  __/ _` | __/ _ \/ __|
2025-06-14 06:01:05,116 - isca - DEBUG - ___) | (_) | (__| | | (_| | ||  __/\__ \
2025-06-14 06:01:05,116 - isca - DEBUG - |____/ \___/ \___|_|  \__,_|\__\___||___/
2025-06-14 06:01:05,116 - isca - DEBUG - 
2025-06-14 06:01:05,116 - isca - DEBUG - Initialised Socrates v17.03
2025-06-14 06:01:05,116 - isca - DEBUG - Stellar constant =    1950.00000000000
2025-06-14 06:01:05,116 - isca - DEBUG - Longwave spectral file =
2025-06-14 06:01:05,116 - isca - DEBUG - /proj/bolinc/users/x_ryabo/socrates_edited_for_isca/spectral_files_for_GCMs/Sun
2025-06-14 06:01:05,116 - isca - DEBUG - /miniSuran_lw.sf WITH           16  bands
2025-06-14 06:01:05,116 - isca - DEBUG - Longwave hires spectral file =
2025-06-14 06:01:05,116 - isca - DEBUG - /proj/bolinc/users/x_ryabo/socrates_edited_for_isca/spectral_files_for_GCMs/Sun
2025-06-14 06:01:05,116 - isca - DEBUG - /miniSuran_lw.sf WITH           16  bands
2025-06-14 06:01:05,116 - isca - DEBUG - Shortwave spectral file =
2025-06-14 06:01:05,116 - isca - DEBUG - /proj/bolinc/users/x_ryabo/socrates_edited_for_isca/spectral_files_for_GCMs/Sun
2025-06-14 06:01:05,116 - isca - DEBUG - /miniSuran_sw.sf WITH           16  bands
2025-06-14 06:01:05,116 - isca - DEBUG - Shortwave hires spectral file =
2025-06-14 06:01:05,116 - isca - DEBUG - /proj/bolinc/users/x_ryabo/socrates_edited_for_isca/spectral_files_for_GCMs/Sun
2025-06-14 06:01:05,116 - isca - DEBUG - /miniSuran_sw.sf WITH           16  bands
2025-06-14 06:01:05,116 - isca - DEBUG - 
2025-06-14 06:01:05,116 - isca - DEBUG - -----------------------------------
2025-06-14 06:01:05,116 - isca - DEBUG - 
2025-06-14 06:01:53,286 - isca - DEBUG - Integration completed through 22351 days     0 seconds
2025-06-14 06:02:41,355 - isca - DEBUG - Integration completed through 22352 days     0 seconds
2025-06-14 06:03:29,350 - isca - DEBUG - Integration completed through 22353 days     0 seconds
2025-06-14 06:04:17,581 - isca - DEBUG - Integration completed through 22354 days     0 seconds
2025-06-14 06:05:05,711 - isca - DEBUG - Integration completed through 22355 days     0 seconds
2025-06-14 06:05:53,924 - isca - DEBUG - Integration completed through 22356 days     0 seconds
2025-06-14 06:06:42,367 - isca - DEBUG - Integration completed through 22357 days     0 seconds
2025-06-14 06:07:30,745 - isca - DEBUG - Integration completed through 22358 days     0 seconds
2025-06-14 06:08:19,015 - isca - DEBUG - Integration completed through 22359 days     0 seconds
2025-06-14 06:09:07,207 - isca - DEBUG - Integration completed through 22360 days     0 seconds
2025-06-14 06:09:55,249 - isca - DEBUG - Integration completed through 22361 days     0 seconds
2025-06-14 06:10:43,312 - isca - DEBUG - Integration completed through 22362 days     0 seconds
2025-06-14 06:11:31,181 - isca - DEBUG - Integration completed through 22363 days     0 seconds
2025-06-14 06:12:19,072 - isca - DEBUG - Integration completed through 22364 days     0 seconds
2025-06-14 06:13:06,928 - isca - DEBUG - Integration completed through 22365 days     0 seconds
2025-06-14 06:13:54,670 - isca - DEBUG - Integration completed through 22366 days     0 seconds
2025-06-14 06:14:42,524 - isca - DEBUG - Integration completed through 22367 days     0 seconds
2025-06-14 06:15:30,243 - isca - DEBUG - Integration completed through 22368 days     0 seconds
2025-06-14 06:16:17,849 - isca - DEBUG - Integration completed through 22369 days     0 seconds
2025-06-14 06:17:05,304 - isca - DEBUG - Integration completed through 22370 days     0 seconds
2025-06-14 06:17:52,636 - isca - DEBUG - Integration completed through 22371 days     0 seconds
2025-06-14 06:18:39,899 - isca - DEBUG - Integration completed through 22372 days     0 seconds
2025-06-14 06:19:27,473 - isca - DEBUG - Integration completed through 22373 days     0 seconds
2025-06-14 06:20:15,105 - isca - DEBUG - Integration completed through 22374 days     0 seconds
2025-06-14 06:21:02,787 - isca - DEBUG - Integration completed through 22375 days     0 seconds
2025-06-14 06:21:50,689 - isca - DEBUG - Integration completed through 22376 days     0 seconds
2025-06-14 06:22:38,580 - isca - DEBUG - Integration completed through 22377 days     0 seconds
2025-06-14 06:23:26,408 - isca - DEBUG - Integration completed through 22378 days     0 seconds
2025-06-14 06:24:14,471 - isca - DEBUG - Integration completed through 22379 days     0 seconds
2025-06-14 06:25:02,408 - isca - DEBUG - Integration completed through 22380 days     0 seconds
2025-06-14 06:25:02,415 - isca - DEBUG - 
2025-06-14 06:25:02,415 - isca - WARNING - WARNING from PE    0: diag_util_mod::opening_file: module/field_name (socrates/soc_toa_sw_down_clr) NOT registered
2025-06-14 06:25:02,415 - isca - DEBUG - 
2025-06-14 06:25:02,415 - isca - DEBUG - 
2025-06-14 06:25:02,416 - isca - WARNING - WARNING from PE    0: diag_util_mod::opening_file: module/field_name (socrates/soc_toa_sw_down_clr) NOT registered
2025-06-14 06:25:02,416 - isca - DEBUG - 
2025-06-14 06:25:02,416 - isca - DEBUG - 
2025-06-14 06:25:02,416 - isca - WARNING - WARNING from PE    0: diag_util_mod::opening_file: module/field_name (cloud_simple/rh_min) NOT registered
2025-06-14 06:25:02,416 - isca - DEBUG - 
2025-06-14 06:25:02,416 - isca - DEBUG - 
2025-06-14 06:25:02,416 - isca - WARNING - WARNING from PE    0: diag_util_mod::opening_file: module/field_name (cloud_simple/rh_min) NOT registered
2025-06-14 06:25:02,416 - isca - DEBUG - 
2025-06-14 06:25:02,427 - isca - DEBUG - NOTE from PE    0: MPP_IO_SET_STACK_SIZE: stack size set to     393216.
2025-06-14 06:25:02,532 - isca - DEBUG - MPP_DOMAINS_STACK high water mark=       49152
2025-06-14 06:25:02,533 - isca - DEBUG - 
2025-06-14 06:25:02,533 - isca - DEBUG - Tabulating mpp_clock statistics across     16 PEs...
2025-06-14 06:25:02,533 - isca - DEBUG - 
2025-06-14 06:25:02,533 - isca - DEBUG - tmin          tmax          tavg          tstd  tfrac grain pemin pemax
2025-06-14 06:25:02,533 - isca - DEBUG - Total runtime                      1438.713005   1438.722099   1438.717367      0.002155  1.000     0     0    15
2025-06-14 06:25:02,533 - isca - DEBUG - MPP_STACK high water mark=           0
2025-06-14 06:25:02,678 - isca - INFO - Run 746 complete
2025-06-14 06:25:03,546 - isca - DEBUG - atmos_monthly.nc combined and copied to data directory
2025-06-14 06:25:07,061 - isca - INFO - Restart archive created at /proj/bolinc/users/x_ryabo/Isca-Ryan_outputs/presentday_1540_Sun_noO3_1950/restarts/res0746.tar.gz
2025-06-14 06:25:07,073 - isca - INFO - Writing namelist to '/proj/bolinc/users/x_ryabo/Isca-Ryan_outputs/presentday_1540_Sun_noO3_1950/run0746/input.nml'
2025-06-14 06:25:07,075 - isca - INFO - Writing field_table to '/proj/bolinc/users/x_ryabo/Isca-Ryan_outputs/presentday_1540_Sun_noO3_1950/run0746/field_table'
2025-06-14 06:25:07,086 - isca - INFO - Writing diag_table to '/proj/bolinc/users/x_ryabo/Isca-Ryan_outputs/presentday_1540_Sun_noO3_1950/run0746/diag_table'
2025-06-14 06:25:07,326 - isca - INFO - Emptied run directory '/home/x_ryabo/Isca-Ryan_tmp/experiment/presentday_1540_Sun_noO3_1950/run'
2025-06-14 06:25:07,344 - isca - INFO - Emptied run directory '/home/x_ryabo/Isca-Ryan_tmp/experiment/presentday_1540_Sun_noO3_1950/run'
2025-06-14 06:25:07,558 - isca - INFO - Writing namelist to '/home/x_ryabo/Isca-Ryan_tmp/experiment/presentday_1540_Sun_noO3_1950/run/input.nml'
2025-06-14 06:25:07,560 - isca - INFO - Writing field_table to '/home/x_ryabo/Isca-Ryan_tmp/experiment/presentday_1540_Sun_noO3_1950/run/field_table'
2025-06-14 06:25:07,573 - isca - INFO - Writing diag_table to '/home/x_ryabo/Isca-Ryan_tmp/experiment/presentday_1540_Sun_noO3_1950/run/diag_table'
2025-06-14 06:25:07,586 - isca - INFO - Using restart file '/proj/bolinc/users/x_ryabo/Isca-Ryan_outputs/presentday_1540_Sun_noO3_1950/restarts/res0746.tar.gz'
2025-06-14 06:25:08,004 - isca - INFO - Restart /proj/bolinc/users/x_ryabo/Isca-Ryan_outputs/presentday_1540_Sun_noO3_1950/restarts/res0746.tar.gz extracted to /home/x_ryabo/Isca-Ryan_tmp/experiment/presentday_1540_Sun_noO3_1950/run/INPUT
2025-06-14 06:25:08,005 - isca - INFO - Beginning run 747
2025-06-14 06:25:08,016 - isca - INFO - process running as 1039036
2025-06-14 06:25:08,017 - isca - DEBUG - loadmodules for Isca on NSC cluster Tetralith
2025-06-14 06:25:08,017 - isca - DEBUG - mpiifort
2025-06-14 06:25:08,116 - isca - DEBUG - The following modules were not unloaded:
2025-06-14 06:25:08,116 - isca - DEBUG - (Use "module --force purge" to unload all):
2025-06-14 06:25:08,116 - isca - DEBUG - 
2025-06-14 06:25:08,116 - isca - DEBUG - 1) hpc/.1.10.1
2025-06-14 06:25:08,213 - isca - DEBUG - ***************************************************
2025-06-14 06:25:08,213 - isca - DEBUG - You have loaded a buildenv module
2025-06-14 06:25:08,213 - isca - DEBUG - ***************************************************
2025-06-14 06:25:08,213 - isca - DEBUG - The buldenv-intel module makes available:
2025-06-14 06:25:08,213 - isca - DEBUG - - Compilers: icc, ifort, etc.
2025-06-14 06:25:08,213 - isca - DEBUG - - Mpi library with mpi-wrapped compilers: intel mpi with mpicc, mpifort, etc.
2025-06-14 06:25:08,213 - isca - DEBUG - - Numerical libraries: intel MKL
2025-06-14 06:25:08,213 - isca - DEBUG - 
2025-06-14 06:25:08,213 - isca - DEBUG - It also makes a set of dependency library modules available via
2025-06-14 06:25:08,213 - isca - DEBUG - the regular module command. Just do:
2025-06-14 06:25:08,213 - isca - DEBUG - module avail
2025-06-14 06:25:08,213 - isca - DEBUG - to see what is available.
2025-06-14 06:25:08,213 - isca - DEBUG - 
2025-06-14 06:25:08,213 - isca - DEBUG - NOTE: You shoud never load build environments inside submitted jobs.
2025-06-14 06:25:08,213 - isca - DEBUG - (with the single exception of when using supercomputer time to compile code.)
2025-06-14 06:25:08,213 - isca - DEBUG - 
2025-06-14 06:25:09,420 - isca - DEBUG - NOTE from PE    0: MPP_DOMAINS_SET_STACK_SIZE: stack size set to    32768.
2025-06-14 06:25:09,421 - isca - DEBUG - &MPP_IO_NML
2025-06-14 06:25:09,421 - isca - DEBUG - HEADER_BUFFER_VAL       =       16384,
2025-06-14 06:25:09,421 - isca - DEBUG - GLOBAL_FIELD_ON_ROOT_PE = T,
2025-06-14 06:25:09,421 - isca - DEBUG - IO_CLOCKS_ON    = F,
2025-06-14 06:25:09,421 - isca - DEBUG - SHUFFLE =           0,
2025-06-14 06:25:09,421 - isca - DEBUG - DEFLATE_LEVEL   =          -1
2025-06-14 06:25:09,421 - isca - DEBUG - /
2025-06-14 06:25:09,422 - isca - DEBUG - NOTE from PE    0: MPP_IO_SET_STACK_SIZE: stack size set to     131072.
2025-06-14 06:25:09,423 - isca - DEBUG - NOTE from PE    0: MPP_DOMAINS_SET_STACK_SIZE: stack size set to   600000.
2025-06-14 06:25:09,431 - isca - DEBUG - starting            1  OpenMP threads per MPI-task
2025-06-14 06:25:09,433 - isca - DEBUG - ATMOS MODEL DOMAIN DECOMPOSITION
2025-06-14 06:25:09,433 - isca - DEBUG - X-AXIS =  128
2025-06-14 06:25:09,433 - isca - DEBUG - Y-AXIS =    4   4   4   4   4   4   4   4   4   4   4   4   4   4   4   4
2025-06-14 06:25:09,480 - isca - DEBUG - 
2025-06-14 06:25:09,481 - isca - WARNING - WARNING from PE   13: socrates_init: dt_rad does not fit into one day an integer number of times
2025-06-14 06:25:09,481 - isca - DEBUG - 
2025-06-14 06:25:09,482 - isca - DEBUG - 
2025-06-14 06:25:09,482 - isca - WARNING - WARNING from PE   12: socrates_init: dt_rad does not fit into one day an integer number of times
2025-06-14 06:25:09,482 - isca - DEBUG - 
2025-06-14 06:25:09,482 - isca - DEBUG - 
2025-06-14 06:25:09,482 - isca - WARNING - WARNING from PE    8: socrates_init: dt_rad does not fit into one day an integer number of times
2025-06-14 06:25:09,483 - isca - DEBUG - 
2025-06-14 06:25:09,483 - isca - DEBUG - 
2025-06-14 06:25:09,483 - isca - WARNING - WARNING from PE   15: socrates_init: dt_rad does not fit into one day an integer number of times
2025-06-14 06:25:09,483 - isca - DEBUG - 
2025-06-14 06:25:09,483 - isca - DEBUG - 
2025-06-14 06:25:09,483 - isca - WARNING - WARNING from PE   14: socrates_init: dt_rad does not fit into one day an integer number of times
2025-06-14 06:25:09,483 - isca - DEBUG - 
2025-06-14 06:25:09,483 - isca - DEBUG - 
2025-06-14 06:25:09,483 - isca - WARNING - WARNING from PE   11: socrates_init: dt_rad does not fit into one day an integer number of times
2025-06-14 06:25:09,483 - isca - DEBUG - 
2025-06-14 06:25:09,483 - isca - DEBUG - 
2025-06-14 06:25:09,483 - isca - WARNING - WARNING from PE    9: socrates_init: dt_rad does not fit into one day an integer number of times
2025-06-14 06:25:09,483 - isca - DEBUG - 
2025-06-14 06:25:09,484 - isca - DEBUG - NOTE from PE    0: cloud_simple: Using SimCloud cloud scheme
2025-06-14 06:25:09,484 - isca - DEBUG - 
2025-06-14 06:25:09,485 - isca - WARNING - WARNING from PE   10: socrates_init: dt_rad does not fit into one day an integer number of times
2025-06-14 06:25:09,485 - isca - DEBUG - 
2025-06-14 06:25:09,485 - isca - DEBUG - NOTE from PE    0: ls_cloud: Using linear cloud fraction diagnostic formula.
2025-06-14 06:25:09,485 - isca - DEBUG - NOTE from PE    0: cloud_cover: The cloud overlap assumption is MAXIMUM-RANDOM
2025-06-14 06:25:09,485 - isca - DEBUG - NOTE from PE    0: idealized_moist_phys: Using Frierson Quasi-Equilibrium convection scheme.
2025-06-14 06:25:09,489 - isca - DEBUG - 
2025-06-14 06:25:09,489 - isca - DEBUG - 
2025-06-14 06:25:09,489 - isca - WARNING - WARNING from PE    4: socrates_init: dt_rad does not fit into one day an integer number of times
2025-06-14 06:25:09,489 - isca - DEBUG - 
2025-06-14 06:25:09,489 - isca - WARNING - WARNING from PE    3: socrates_init: dt_rad does not fit into one day an integer number of times
2025-06-14 06:25:09,489 - isca - DEBUG - 
2025-06-14 06:25:09,489 - isca - DEBUG - 
2025-06-14 06:25:09,489 - isca - DEBUG - 
2025-06-14 06:25:09,489 - isca - WARNING - WARNING from PE    2: socrates_init: dt_rad does not fit into one day an integer number of times
2025-06-14 06:25:09,489 - isca - DEBUG - 
2025-06-14 06:25:09,489 - isca - WARNING - WARNING from PE    7: socrates_init: dt_rad does not fit into one day an integer number of times
2025-06-14 06:25:09,489 - isca - DEBUG - 
2025-06-14 06:25:09,489 - isca - DEBUG - 
2025-06-14 06:25:09,489 - isca - DEBUG - 
2025-06-14 06:25:09,490 - isca - WARNING - WARNING from PE    6: socrates_init: dt_rad does not fit into one day an integer number of times
2025-06-14 06:25:09,490 - isca - DEBUG - 
2025-06-14 06:25:09,490 - isca - WARNING - WARNING from PE    1: socrates_init: dt_rad does not fit into one day an integer number of times
2025-06-14 06:25:09,490 - isca - DEBUG - 
2025-06-14 06:25:09,490 - isca - DEBUG - 
2025-06-14 06:25:09,490 - isca - WARNING - WARNING from PE    5: socrates_init: dt_rad does not fit into one day an integer number of times
2025-06-14 06:25:09,490 - isca - DEBUG - 
2025-06-14 06:25:09,495 - isca - DEBUG - 
2025-06-14 06:25:09,495 - isca - WARNING - WARNING from PE    0: socrates_init: dt_rad does not fit into one day an integer number of times
2025-06-14 06:25:09,495 - isca - DEBUG - 
2025-06-14 06:25:09,495 - isca - DEBUG - 
2025-06-14 06:25:09,496 - isca - WARNING - WARNING from PE    0: socrates_init: dt_rad does not fit into one day an integer number of times
2025-06-14 06:25:09,496 - isca - DEBUG - 
2025-06-14 06:25:09,496 - isca - DEBUG - 
2025-06-14 06:25:09,496 - isca - WARNING - WARNING from PE    0: socrates_init: lw_hires_spectral_filename is unset, making equal to lw_spectral_filename
2025-06-14 06:25:09,496 - isca - DEBUG - 
2025-06-14 06:25:09,496 - isca - DEBUG - 
2025-06-14 06:25:09,496 - isca - WARNING - WARNING from PE    0: socrates_init: lw_hires_spectral_filename is unset, making equal to lw_spectral_filename
2025-06-14 06:25:09,496 - isca - DEBUG - 
2025-06-14 06:25:09,496 - isca - DEBUG - 
2025-06-14 06:25:09,496 - isca - WARNING - WARNING from PE    0: socrates_init: sw_hires_spectral_filename is unset, making equal to sw_spectral_filename
2025-06-14 06:25:09,496 - isca - DEBUG - 
2025-06-14 06:25:09,496 - isca - DEBUG - 
2025-06-14 06:25:09,496 - isca - WARNING - WARNING from PE    0: socrates_init: sw_hires_spectral_filename is unset, making equal to sw_spectral_filename
2025-06-14 06:25:09,496 - isca - DEBUG - 
2025-06-14 06:25:10,729 - isca - DEBUG - NOTE from PE    0: Interpolator: Using input file with no time dimension - ozone_1990_notime_zero.nc
2025-06-14 06:25:10,730 - isca - DEBUG - Initializing src field : ozone_1990
2025-06-14 06:25:10,732 - isca - DEBUG - 
2025-06-14 06:25:10,732 - isca - DEBUG - -----------------------------------
2025-06-14 06:25:10,732 - isca - DEBUG - ____                       _
2025-06-14 06:25:10,732 - isca - DEBUG - / ___|  ___   ___ _ __ __ _| |_ ___  ___
2025-06-14 06:25:10,732 - isca - DEBUG - \___ \ / _ \ / __|  __/ _` | __/ _ \/ __|
2025-06-14 06:25:10,732 - isca - DEBUG - ___) | (_) | (__| | | (_| | ||  __/\__ \
2025-06-14 06:25:10,732 - isca - DEBUG - |____/ \___/ \___|_|  \__,_|\__\___||___/
2025-06-14 06:25:10,732 - isca - DEBUG - 
2025-06-14 06:25:10,732 - isca - DEBUG - Initialised Socrates v17.03
2025-06-14 06:25:10,732 - isca - DEBUG - Stellar constant =    1950.00000000000
2025-06-14 06:25:10,733 - isca - DEBUG - Longwave spectral file =
2025-06-14 06:25:10,733 - isca - DEBUG - /proj/bolinc/users/x_ryabo/socrates_edited_for_isca/spectral_files_for_GCMs/Sun
2025-06-14 06:25:10,733 - isca - DEBUG - /miniSuran_lw.sf WITH           16  bands
2025-06-14 06:25:10,733 - isca - DEBUG - Longwave hires spectral file =
2025-06-14 06:25:10,733 - isca - DEBUG - /proj/bolinc/users/x_ryabo/socrates_edited_for_isca/spectral_files_for_GCMs/Sun
2025-06-14 06:25:10,733 - isca - DEBUG - /miniSuran_lw.sf WITH           16  bands
2025-06-14 06:25:10,733 - isca - DEBUG - Shortwave spectral file =
2025-06-14 06:25:10,733 - isca - DEBUG - /proj/bolinc/users/x_ryabo/socrates_edited_for_isca/spectral_files_for_GCMs/Sun
2025-06-14 06:25:10,733 - isca - DEBUG - /miniSuran_sw.sf WITH           16  bands
2025-06-14 06:25:10,733 - isca - DEBUG - Shortwave hires spectral file =
2025-06-14 06:25:10,733 - isca - DEBUG - /proj/bolinc/users/x_ryabo/socrates_edited_for_isca/spectral_files_for_GCMs/Sun
2025-06-14 06:25:10,733 - isca - DEBUG - /miniSuran_sw.sf WITH           16  bands
2025-06-14 06:25:10,733 - isca - DEBUG - 
2025-06-14 06:25:10,733 - isca - DEBUG - -----------------------------------
2025-06-14 06:25:10,733 - isca - DEBUG - 
2025-06-14 06:25:58,637 - isca - DEBUG - Integration completed through 22381 days     0 seconds
2025-06-14 06:26:46,702 - isca - DEBUG - Integration completed through 22382 days     0 seconds
2025-06-14 06:27:34,765 - isca - DEBUG - Integration completed through 22383 days     0 seconds
2025-06-14 06:28:22,540 - isca - DEBUG - Integration completed through 22384 days     0 seconds
2025-06-14 06:29:10,323 - isca - DEBUG - Integration completed through 22385 days     0 seconds
2025-06-14 06:29:58,156 - isca - DEBUG - Integration completed through 22386 days     0 seconds
2025-06-14 06:30:45,886 - isca - DEBUG - Integration completed through 22387 days     0 seconds
2025-06-14 06:31:33,468 - isca - DEBUG - Integration completed through 22388 days     0 seconds
2025-06-14 06:32:21,183 - isca - DEBUG - Integration completed through 22389 days     0 seconds
2025-06-14 06:33:08,809 - isca - DEBUG - Integration completed through 22390 days     0 seconds
2025-06-14 06:33:56,403 - isca - DEBUG - Integration completed through 22391 days     0 seconds
2025-06-14 06:34:43,958 - isca - DEBUG - Integration completed through 22392 days     0 seconds
2025-06-14 06:35:31,486 - isca - DEBUG - Integration completed through 22393 days     0 seconds
2025-06-14 06:36:18,850 - isca - DEBUG - Integration completed through 22394 days     0 seconds
2025-06-14 06:37:06,400 - isca - DEBUG - Integration completed through 22395 days     0 seconds
2025-06-14 06:37:54,046 - isca - DEBUG - Integration completed through 22396 days     0 seconds
2025-06-14 06:38:41,697 - isca - DEBUG - Integration completed through 22397 days     0 seconds
2025-06-14 06:39:29,713 - isca - DEBUG - Integration completed through 22398 days     0 seconds
2025-06-14 06:40:17,729 - isca - DEBUG - Integration completed through 22399 days     0 seconds
2025-06-14 06:41:05,563 - isca - DEBUG - Integration completed through 22400 days     0 seconds
2025-06-14 06:41:53,069 - isca - DEBUG - Integration completed through 22401 days     0 seconds
2025-06-14 06:42:40,415 - isca - DEBUG - Integration completed through 22402 days     0 seconds
2025-06-14 06:43:27,756 - isca - DEBUG - Integration completed through 22403 days     0 seconds
2025-06-14 06:44:15,075 - isca - DEBUG - Integration completed through 22404 days     0 seconds
2025-06-14 06:45:02,248 - isca - DEBUG - Integration completed through 22405 days     0 seconds
2025-06-14 06:45:49,479 - isca - DEBUG - Integration completed through 22406 days     0 seconds
2025-06-14 06:46:36,799 - isca - DEBUG - Integration completed through 22407 days     0 seconds
2025-06-14 06:47:24,186 - isca - DEBUG - Integration completed through 22408 days     0 seconds
2025-06-14 06:48:11,778 - isca - DEBUG - Integration completed through 22409 days     0 seconds
2025-06-14 06:48:59,460 - isca - DEBUG - Integration completed through 22410 days     0 seconds
2025-06-14 06:48:59,468 - isca - DEBUG - 
2025-06-14 06:48:59,469 - isca - WARNING - WARNING from PE    0: diag_util_mod::opening_file: module/field_name (socrates/soc_toa_sw_down_clr) NOT registered
2025-06-14 06:48:59,469 - isca - DEBUG - 
2025-06-14 06:48:59,469 - isca - DEBUG - 
2025-06-14 06:48:59,469 - isca - WARNING - WARNING from PE    0: diag_util_mod::opening_file: module/field_name (socrates/soc_toa_sw_down_clr) NOT registered
2025-06-14 06:48:59,469 - isca - DEBUG - 
2025-06-14 06:48:59,469 - isca - DEBUG - 
2025-06-14 06:48:59,469 - isca - WARNING - WARNING from PE    0: diag_util_mod::opening_file: module/field_name (cloud_simple/rh_min) NOT registered
2025-06-14 06:48:59,469 - isca - DEBUG - 
2025-06-14 06:48:59,469 - isca - DEBUG - 
2025-06-14 06:48:59,469 - isca - WARNING - WARNING from PE    0: diag_util_mod::opening_file: module/field_name (cloud_simple/rh_min) NOT registered
2025-06-14 06:48:59,469 - isca - DEBUG - 
2025-06-14 06:48:59,480 - isca - DEBUG - NOTE from PE    0: MPP_IO_SET_STACK_SIZE: stack size set to     393216.
2025-06-14 06:48:59,585 - isca - DEBUG - MPP_DOMAINS_STACK high water mark=       49152
2025-06-14 06:48:59,585 - isca - DEBUG - 
2025-06-14 06:48:59,585 - isca - DEBUG - Tabulating mpp_clock statistics across     16 PEs...
2025-06-14 06:48:59,585 - isca - DEBUG - 
2025-06-14 06:48:59,586 - isca - DEBUG - tmin          tmax          tavg          tstd  tfrac grain pemin pemax
2025-06-14 06:48:59,586 - isca - DEBUG - Total runtime                      1430.162455   1430.168032   1430.165682      0.001567  1.000     0     0    15
2025-06-14 06:48:59,586 - isca - DEBUG - MPP_STACK high water mark=           0
2025-06-14 06:48:59,720 - isca - INFO - Run 747 complete
2025-06-14 06:49:00,562 - isca - DEBUG - atmos_monthly.nc combined and copied to data directory
2025-06-14 06:49:04,072 - isca - INFO - Restart archive created at /proj/bolinc/users/x_ryabo/Isca-Ryan_outputs/presentday_1540_Sun_noO3_1950/restarts/res0747.tar.gz
2025-06-14 06:49:04,084 - isca - INFO - Writing namelist to '/proj/bolinc/users/x_ryabo/Isca-Ryan_outputs/presentday_1540_Sun_noO3_1950/run0747/input.nml'
2025-06-14 06:49:04,161 - isca - INFO - Writing field_table to '/proj/bolinc/users/x_ryabo/Isca-Ryan_outputs/presentday_1540_Sun_noO3_1950/run0747/field_table'
2025-06-14 06:49:04,172 - isca - INFO - Writing diag_table to '/proj/bolinc/users/x_ryabo/Isca-Ryan_outputs/presentday_1540_Sun_noO3_1950/run0747/diag_table'
2025-06-14 06:49:04,418 - isca - INFO - Emptied run directory '/home/x_ryabo/Isca-Ryan_tmp/experiment/presentday_1540_Sun_noO3_1950/run'
2025-06-14 06:49:04,437 - isca - INFO - Emptied run directory '/home/x_ryabo/Isca-Ryan_tmp/experiment/presentday_1540_Sun_noO3_1950/run'
2025-06-14 06:49:04,650 - isca - INFO - Writing namelist to '/home/x_ryabo/Isca-Ryan_tmp/experiment/presentday_1540_Sun_noO3_1950/run/input.nml'
2025-06-14 06:49:04,651 - isca - INFO - Writing field_table to '/home/x_ryabo/Isca-Ryan_tmp/experiment/presentday_1540_Sun_noO3_1950/run/field_table'
2025-06-14 06:49:04,663 - isca - INFO - Writing diag_table to '/home/x_ryabo/Isca-Ryan_tmp/experiment/presentday_1540_Sun_noO3_1950/run/diag_table'
2025-06-14 06:49:04,675 - isca - INFO - Using restart file '/proj/bolinc/users/x_ryabo/Isca-Ryan_outputs/presentday_1540_Sun_noO3_1950/restarts/res0747.tar.gz'
2025-06-14 06:49:05,094 - isca - INFO - Restart /proj/bolinc/users/x_ryabo/Isca-Ryan_outputs/presentday_1540_Sun_noO3_1950/restarts/res0747.tar.gz extracted to /home/x_ryabo/Isca-Ryan_tmp/experiment/presentday_1540_Sun_noO3_1950/run/INPUT
2025-06-14 06:49:05,095 - isca - INFO - Beginning run 748
2025-06-14 06:49:05,113 - isca - INFO - process running as 1040148
2025-06-14 06:49:05,113 - isca - DEBUG - loadmodules for Isca on NSC cluster Tetralith
2025-06-14 06:49:05,113 - isca - DEBUG - mpiifort
2025-06-14 06:49:05,205 - isca - DEBUG - The following modules were not unloaded:
2025-06-14 06:49:05,205 - isca - DEBUG - (Use "module --force purge" to unload all):
2025-06-14 06:49:05,205 - isca - DEBUG - 
2025-06-14 06:49:05,205 - isca - DEBUG - 1) hpc/.1.10.1
2025-06-14 06:49:05,301 - isca - DEBUG - ***************************************************
2025-06-14 06:49:05,301 - isca - DEBUG - You have loaded a buildenv module
2025-06-14 06:49:05,301 - isca - DEBUG - ***************************************************
2025-06-14 06:49:05,301 - isca - DEBUG - The buldenv-intel module makes available:
2025-06-14 06:49:05,301 - isca - DEBUG - - Compilers: icc, ifort, etc.
2025-06-14 06:49:05,301 - isca - DEBUG - - Mpi library with mpi-wrapped compilers: intel mpi with mpicc, mpifort, etc.
2025-06-14 06:49:05,301 - isca - DEBUG - - Numerical libraries: intel MKL
2025-06-14 06:49:05,301 - isca - DEBUG - 
2025-06-14 06:49:05,301 - isca - DEBUG - It also makes a set of dependency library modules available via
2025-06-14 06:49:05,301 - isca - DEBUG - the regular module command. Just do:
2025-06-14 06:49:05,301 - isca - DEBUG - module avail
2025-06-14 06:49:05,301 - isca - DEBUG - to see what is available.
2025-06-14 06:49:05,301 - isca - DEBUG - 
2025-06-14 06:49:05,302 - isca - DEBUG - NOTE: You shoud never load build environments inside submitted jobs.
2025-06-14 06:49:05,302 - isca - DEBUG - (with the single exception of when using supercomputer time to compile code.)
2025-06-14 06:49:05,302 - isca - DEBUG - 
2025-06-14 06:49:06,515 - isca - DEBUG - NOTE from PE    0: MPP_DOMAINS_SET_STACK_SIZE: stack size set to    32768.
2025-06-14 06:49:06,515 - isca - DEBUG - &MPP_IO_NML
2025-06-14 06:49:06,515 - isca - DEBUG - HEADER_BUFFER_VAL       =       16384,
2025-06-14 06:49:06,515 - isca - DEBUG - GLOBAL_FIELD_ON_ROOT_PE = T,
2025-06-14 06:49:06,515 - isca - DEBUG - IO_CLOCKS_ON    = F,
2025-06-14 06:49:06,516 - isca - DEBUG - SHUFFLE =           0,
2025-06-14 06:49:06,516 - isca - DEBUG - DEFLATE_LEVEL   =          -1
2025-06-14 06:49:06,516 - isca - DEBUG - /
2025-06-14 06:49:06,517 - isca - DEBUG - NOTE from PE    0: MPP_IO_SET_STACK_SIZE: stack size set to     131072.
2025-06-14 06:49:06,518 - isca - DEBUG - NOTE from PE    0: MPP_DOMAINS_SET_STACK_SIZE: stack size set to   600000.
2025-06-14 06:49:06,525 - isca - DEBUG - starting            1  OpenMP threads per MPI-task
2025-06-14 06:49:06,527 - isca - DEBUG - ATMOS MODEL DOMAIN DECOMPOSITION
2025-06-14 06:49:06,527 - isca - DEBUG - X-AXIS =  128
2025-06-14 06:49:06,527 - isca - DEBUG - Y-AXIS =    4   4   4   4   4   4   4   4   4   4   4   4   4   4   4   4
2025-06-14 06:49:06,577 - isca - DEBUG - NOTE from PE    0: cloud_simple: Using SimCloud cloud scheme
2025-06-14 06:49:06,578 - isca - DEBUG - 
2025-06-14 06:49:06,578 - isca - WARNING - WARNING from PE    9: socrates_init: dt_rad does not fit into one day an integer number of times
2025-06-14 06:49:06,578 - isca - DEBUG - 
2025-06-14 06:49:06,578 - isca - DEBUG - 
2025-06-14 06:49:06,579 - isca - DEBUG - 
2025-06-14 06:49:06,579 - isca - WARNING - WARNING from PE   13: socrates_init: dt_rad does not fit into one day an integer number of times
2025-06-14 06:49:06,579 - isca - DEBUG - 
2025-06-14 06:49:06,579 - isca - WARNING - WARNING from PE   11: socrates_init: dt_rad does not fit into one day an integer number of times
2025-06-14 06:49:06,579 - isca - DEBUG - 
2025-06-14 06:49:06,579 - isca - DEBUG - NOTE from PE    0: ls_cloud: Using linear cloud fraction diagnostic formula.
2025-06-14 06:49:06,579 - isca - DEBUG - 
2025-06-14 06:49:06,579 - isca - DEBUG - 
2025-06-14 06:49:06,579 - isca - WARNING - WARNING from PE   12: socrates_init: dt_rad does not fit into one day an integer number of times
2025-06-14 06:49:06,579 - isca - DEBUG - 
2025-06-14 06:49:06,579 - isca - DEBUG - NOTE from PE    0: cloud_cover: The cloud overlap assumption is MAXIMUM-RANDOM
2025-06-14 06:49:06,579 - isca - DEBUG - 
2025-06-14 06:49:06,579 - isca - WARNING - WARNING from PE   15: socrates_init: dt_rad does not fit into one day an integer number of times
2025-06-14 06:49:06,579 - isca - DEBUG - 
2025-06-14 06:49:06,579 - isca - DEBUG - NOTE from PE    0: idealized_moist_phys: Using Frierson Quasi-Equilibrium convection scheme.
2025-06-14 06:49:06,579 - isca - WARNING - WARNING from PE    8: socrates_init: dt_rad does not fit into one day an integer number of times
2025-06-14 06:49:06,579 - isca - DEBUG - 
2025-06-14 06:49:06,579 - isca - WARNING - WARNING from PE   14: socrates_init: dt_rad does not fit into one day an integer number of times
2025-06-14 06:49:06,579 - isca - DEBUG - 
2025-06-14 06:49:06,579 - isca - DEBUG - 
2025-06-14 06:49:06,579 - isca - WARNING - WARNING from PE   10: socrates_init: dt_rad does not fit into one day an integer number of times
2025-06-14 06:49:06,579 - isca - DEBUG - 
2025-06-14 06:49:06,579 - isca - DEBUG - 
2025-06-14 06:49:06,583 - isca - DEBUG - 
2025-06-14 06:49:06,583 - isca - WARNING - WARNING from PE    4: socrates_init: dt_rad does not fit into one day an integer number of times
2025-06-14 06:49:06,583 - isca - DEBUG - 
2025-06-14 06:49:06,583 - isca - DEBUG - 
2025-06-14 06:49:06,583 - isca - WARNING - WARNING from PE    2: socrates_init: dt_rad does not fit into one day an integer number of times
2025-06-14 06:49:06,583 - isca - DEBUG - 
2025-06-14 06:49:06,583 - isca - DEBUG - 
2025-06-14 06:49:06,583 - isca - DEBUG - 
2025-06-14 06:49:06,583 - isca - WARNING - WARNING from PE    5: socrates_init: dt_rad does not fit into one day an integer number of times
2025-06-14 06:49:06,583 - isca - DEBUG - 
2025-06-14 06:49:06,583 - isca - WARNING - WARNING from PE    7: socrates_init: dt_rad does not fit into one day an integer number of times
2025-06-14 06:49:06,583 - isca - DEBUG - 
2025-06-14 06:49:06,583 - isca - DEBUG - 
2025-06-14 06:49:06,583 - isca - WARNING - WARNING from PE    3: socrates_init: dt_rad does not fit into one day an integer number of times
2025-06-14 06:49:06,583 - isca - DEBUG - 
2025-06-14 06:49:06,583 - isca - DEBUG - 
2025-06-14 06:49:06,583 - isca - WARNING - WARNING from PE    6: socrates_init: dt_rad does not fit into one day an integer number of times
2025-06-14 06:49:06,583 - isca - DEBUG - 
2025-06-14 06:49:06,583 - isca - DEBUG - 
2025-06-14 06:49:06,584 - isca - WARNING - WARNING from PE    1: socrates_init: dt_rad does not fit into one day an integer number of times
2025-06-14 06:49:06,584 - isca - DEBUG - 
2025-06-14 06:49:06,588 - isca - DEBUG - 
2025-06-14 06:49:06,588 - isca - WARNING - WARNING from PE    0: socrates_init: dt_rad does not fit into one day an integer number of times
2025-06-14 06:49:06,588 - isca - DEBUG - 
2025-06-14 06:49:06,588 - isca - DEBUG - 
2025-06-14 06:49:06,588 - isca - WARNING - WARNING from PE    0: socrates_init: dt_rad does not fit into one day an integer number of times
2025-06-14 06:49:06,588 - isca - DEBUG - 
2025-06-14 06:49:06,588 - isca - DEBUG - 
2025-06-14 06:49:06,588 - isca - WARNING - WARNING from PE    0: socrates_init: lw_hires_spectral_filename is unset, making equal to lw_spectral_filename
2025-06-14 06:49:06,588 - isca - DEBUG - 
2025-06-14 06:49:06,588 - isca - DEBUG - 
2025-06-14 06:49:06,588 - isca - WARNING - WARNING from PE    0: socrates_init: lw_hires_spectral_filename is unset, making equal to lw_spectral_filename
2025-06-14 06:49:06,588 - isca - DEBUG - 
2025-06-14 06:49:06,589 - isca - DEBUG - 
2025-06-14 06:49:06,589 - isca - WARNING - WARNING from PE    0: socrates_init: sw_hires_spectral_filename is unset, making equal to sw_spectral_filename
2025-06-14 06:49:06,589 - isca - DEBUG - 
2025-06-14 06:49:06,589 - isca - DEBUG - 
2025-06-14 06:49:06,589 - isca - WARNING - WARNING from PE    0: socrates_init: sw_hires_spectral_filename is unset, making equal to sw_spectral_filename
2025-06-14 06:49:06,589 - isca - DEBUG - 
2025-06-14 06:49:07,777 - isca - DEBUG - NOTE from PE    0: Interpolator: Using input file with no time dimension - ozone_1990_notime_zero.nc
2025-06-14 06:49:07,777 - isca - DEBUG - Initializing src field : ozone_1990
2025-06-14 06:49:07,779 - isca - DEBUG - 
2025-06-14 06:49:07,779 - isca - DEBUG - -----------------------------------
2025-06-14 06:49:07,779 - isca - DEBUG - ____                       _
2025-06-14 06:49:07,779 - isca - DEBUG - / ___|  ___   ___ _ __ __ _| |_ ___  ___
2025-06-14 06:49:07,779 - isca - DEBUG - \___ \ / _ \ / __|  __/ _` | __/ _ \/ __|
2025-06-14 06:49:07,779 - isca - DEBUG - ___) | (_) | (__| | | (_| | ||  __/\__ \
2025-06-14 06:49:07,779 - isca - DEBUG - |____/ \___/ \___|_|  \__,_|\__\___||___/
2025-06-14 06:49:07,779 - isca - DEBUG - 
2025-06-14 06:49:07,779 - isca - DEBUG - Initialised Socrates v17.03
2025-06-14 06:49:07,779 - isca - DEBUG - Stellar constant =    1950.00000000000
2025-06-14 06:49:07,779 - isca - DEBUG - Longwave spectral file =
2025-06-14 06:49:07,779 - isca - DEBUG - /proj/bolinc/users/x_ryabo/socrates_edited_for_isca/spectral_files_for_GCMs/Sun
2025-06-14 06:49:07,779 - isca - DEBUG - /miniSuran_lw.sf WITH           16  bands
2025-06-14 06:49:07,779 - isca - DEBUG - Longwave hires spectral file =
2025-06-14 06:49:07,779 - isca - DEBUG - /proj/bolinc/users/x_ryabo/socrates_edited_for_isca/spectral_files_for_GCMs/Sun
2025-06-14 06:49:07,779 - isca - DEBUG - /miniSuran_lw.sf WITH           16  bands
2025-06-14 06:49:07,779 - isca - DEBUG - Shortwave spectral file =
2025-06-14 06:49:07,780 - isca - DEBUG - /proj/bolinc/users/x_ryabo/socrates_edited_for_isca/spectral_files_for_GCMs/Sun
2025-06-14 06:49:07,780 - isca - DEBUG - /miniSuran_sw.sf WITH           16  bands
2025-06-14 06:49:07,780 - isca - DEBUG - Shortwave hires spectral file =
2025-06-14 06:49:07,780 - isca - DEBUG - /proj/bolinc/users/x_ryabo/socrates_edited_for_isca/spectral_files_for_GCMs/Sun
2025-06-14 06:49:07,780 - isca - DEBUG - /miniSuran_sw.sf WITH           16  bands
2025-06-14 06:49:07,780 - isca - DEBUG - 
2025-06-14 06:49:07,780 - isca - DEBUG - -----------------------------------
2025-06-14 06:49:07,780 - isca - DEBUG - 
2025-06-14 06:49:55,046 - isca - DEBUG - Integration completed through 22411 days     0 seconds
2025-06-14 06:50:42,148 - isca - DEBUG - Integration completed through 22412 days     0 seconds
2025-06-14 06:51:29,319 - isca - DEBUG - Integration completed through 22413 days     0 seconds
2025-06-14 06:52:16,230 - isca - DEBUG - Integration completed through 22414 days     0 seconds
2025-06-14 06:53:03,249 - isca - DEBUG - Integration completed through 22415 days     0 seconds
2025-06-14 06:53:50,318 - isca - DEBUG - Integration completed through 22416 days     0 seconds
2025-06-14 06:54:36,725 - isca - DEBUG - Integration completed through 22417 days     0 seconds
2025-06-14 06:55:23,214 - isca - DEBUG - Integration completed through 22418 days     0 seconds
2025-06-14 06:56:09,703 - isca - DEBUG - Integration completed through 22419 days     0 seconds
2025-06-14 06:56:56,392 - isca - DEBUG - Integration completed through 22420 days     0 seconds
2025-06-14 06:57:43,224 - isca - DEBUG - Integration completed through 22421 days     0 seconds
2025-06-14 06:58:30,127 - isca - DEBUG - Integration completed through 22422 days     0 seconds
2025-06-14 06:59:17,028 - isca - DEBUG - Integration completed through 22423 days     0 seconds
2025-06-14 07:00:04,066 - isca - DEBUG - Integration completed through 22424 days     0 seconds
2025-06-14 07:00:51,692 - isca - DEBUG - Integration completed through 22425 days     0 seconds
2025-06-14 07:01:38,965 - isca - DEBUG - Integration completed through 22426 days     0 seconds
2025-06-14 07:02:26,114 - isca - DEBUG - Integration completed through 22427 days     0 seconds
2025-06-14 07:03:13,474 - isca - DEBUG - Integration completed through 22428 days     0 seconds
2025-06-14 07:04:01,272 - isca - DEBUG - Integration completed through 22429 days     0 seconds
2025-06-14 07:04:48,873 - isca - DEBUG - Integration completed through 22430 days     0 seconds
2025-06-14 07:05:37,381 - isca - DEBUG - Integration completed through 22431 days     0 seconds
2025-06-14 07:06:25,073 - isca - DEBUG - Integration completed through 22432 days     0 seconds
2025-06-14 07:07:13,067 - isca - DEBUG - Integration completed through 22433 days     0 seconds
2025-06-14 07:08:00,800 - isca - DEBUG - Integration completed through 22434 days     0 seconds
2025-06-14 07:08:48,581 - isca - DEBUG - Integration completed through 22435 days     0 seconds
2025-06-14 07:09:36,428 - isca - DEBUG - Integration completed through 22436 days     0 seconds
2025-06-14 07:10:23,987 - isca - DEBUG - Integration completed through 22437 days     0 seconds
2025-06-14 07:11:11,687 - isca - DEBUG - Integration completed through 22438 days     0 seconds
2025-06-14 07:11:59,778 - isca - DEBUG - Integration completed through 22439 days     0 seconds
2025-06-14 07:12:47,458 - isca - DEBUG - Integration completed through 22440 days     0 seconds
2025-06-14 07:12:47,465 - isca - DEBUG - 
2025-06-14 07:12:47,465 - isca - WARNING - WARNING from PE    0: diag_util_mod::opening_file: module/field_name (socrates/soc_toa_sw_down_clr) NOT registered
2025-06-14 07:12:47,465 - isca - DEBUG - 
2025-06-14 07:12:47,465 - isca - DEBUG - 
2025-06-14 07:12:47,466 - isca - WARNING - WARNING from PE    0: diag_util_mod::opening_file: module/field_name (socrates/soc_toa_sw_down_clr) NOT registered
2025-06-14 07:12:47,466 - isca - DEBUG - 
2025-06-14 07:12:47,466 - isca - DEBUG - 
2025-06-14 07:12:47,466 - isca - WARNING - WARNING from PE    0: diag_util_mod::opening_file: module/field_name (cloud_simple/rh_min) NOT registered
2025-06-14 07:12:47,466 - isca - DEBUG - 
2025-06-14 07:12:47,466 - isca - DEBUG - 
2025-06-14 07:12:47,466 - isca - WARNING - WARNING from PE    0: diag_util_mod::opening_file: module/field_name (cloud_simple/rh_min) NOT registered
2025-06-14 07:12:47,466 - isca - DEBUG - 
2025-06-14 07:12:47,477 - isca - DEBUG - NOTE from PE    0: MPP_IO_SET_STACK_SIZE: stack size set to     393216.
2025-06-14 07:12:47,585 - isca - DEBUG - MPP_DOMAINS_STACK high water mark=       49152
2025-06-14 07:12:47,585 - isca - DEBUG - 
2025-06-14 07:12:47,585 - isca - DEBUG - Tabulating mpp_clock statistics across     16 PEs...
2025-06-14 07:12:47,585 - isca - DEBUG - 
2025-06-14 07:12:47,585 - isca - DEBUG - tmin          tmax          tavg          tstd  tfrac grain pemin pemax
2025-06-14 07:12:47,586 - isca - DEBUG - Total runtime                      1421.067125   1421.075231   1421.070934      0.002294  1.000     0     0    15
2025-06-14 07:12:47,586 - isca - DEBUG - MPP_STACK high water mark=           0
2025-06-14 07:12:47,772 - isca - INFO - Run 748 complete
2025-06-14 07:12:48,676 - isca - DEBUG - atmos_monthly.nc combined and copied to data directory
2025-06-14 07:12:52,218 - isca - INFO - Restart archive created at /proj/bolinc/users/x_ryabo/Isca-Ryan_outputs/presentday_1540_Sun_noO3_1950/restarts/res0748.tar.gz
2025-06-14 07:12:52,230 - isca - INFO - Writing namelist to '/proj/bolinc/users/x_ryabo/Isca-Ryan_outputs/presentday_1540_Sun_noO3_1950/run0748/input.nml'
2025-06-14 07:12:52,232 - isca - INFO - Writing field_table to '/proj/bolinc/users/x_ryabo/Isca-Ryan_outputs/presentday_1540_Sun_noO3_1950/run0748/field_table'
2025-06-14 07:12:52,244 - isca - INFO - Writing diag_table to '/proj/bolinc/users/x_ryabo/Isca-Ryan_outputs/presentday_1540_Sun_noO3_1950/run0748/diag_table'
2025-06-14 07:12:52,482 - isca - INFO - Emptied run directory '/home/x_ryabo/Isca-Ryan_tmp/experiment/presentday_1540_Sun_noO3_1950/run'
2025-06-14 07:12:52,500 - isca - INFO - Emptied run directory '/home/x_ryabo/Isca-Ryan_tmp/experiment/presentday_1540_Sun_noO3_1950/run'
2025-06-14 07:12:52,713 - isca - INFO - Writing namelist to '/home/x_ryabo/Isca-Ryan_tmp/experiment/presentday_1540_Sun_noO3_1950/run/input.nml'
2025-06-14 07:12:52,715 - isca - INFO - Writing field_table to '/home/x_ryabo/Isca-Ryan_tmp/experiment/presentday_1540_Sun_noO3_1950/run/field_table'
2025-06-14 07:12:52,725 - isca - INFO - Writing diag_table to '/home/x_ryabo/Isca-Ryan_tmp/experiment/presentday_1540_Sun_noO3_1950/run/diag_table'
2025-06-14 07:12:52,738 - isca - INFO - Using restart file '/proj/bolinc/users/x_ryabo/Isca-Ryan_outputs/presentday_1540_Sun_noO3_1950/restarts/res0748.tar.gz'
2025-06-14 07:12:53,157 - isca - INFO - Restart /proj/bolinc/users/x_ryabo/Isca-Ryan_outputs/presentday_1540_Sun_noO3_1950/restarts/res0748.tar.gz extracted to /home/x_ryabo/Isca-Ryan_tmp/experiment/presentday_1540_Sun_noO3_1950/run/INPUT
2025-06-14 07:12:53,158 - isca - INFO - Beginning run 749
2025-06-14 07:12:53,169 - isca - INFO - process running as 1041401
2025-06-14 07:12:53,170 - isca - DEBUG - loadmodules for Isca on NSC cluster Tetralith
2025-06-14 07:12:53,170 - isca - DEBUG - mpiifort
2025-06-14 07:12:53,268 - isca - DEBUG - The following modules were not unloaded:
2025-06-14 07:12:53,268 - isca - DEBUG - (Use "module --force purge" to unload all):
2025-06-14 07:12:53,269 - isca - DEBUG - 
2025-06-14 07:12:53,269 - isca - DEBUG - 1) hpc/.1.10.1
2025-06-14 07:12:53,363 - isca - DEBUG - ***************************************************
2025-06-14 07:12:53,364 - isca - DEBUG - You have loaded a buildenv module
2025-06-14 07:12:53,364 - isca - DEBUG - ***************************************************
2025-06-14 07:12:53,364 - isca - DEBUG - The buldenv-intel module makes available:
2025-06-14 07:12:53,364 - isca - DEBUG - - Compilers: icc, ifort, etc.
2025-06-14 07:12:53,364 - isca - DEBUG - - Mpi library with mpi-wrapped compilers: intel mpi with mpicc, mpifort, etc.
2025-06-14 07:12:53,364 - isca - DEBUG - - Numerical libraries: intel MKL
2025-06-14 07:12:53,364 - isca - DEBUG - 
2025-06-14 07:12:53,364 - isca - DEBUG - It also makes a set of dependency library modules available via
2025-06-14 07:12:53,364 - isca - DEBUG - the regular module command. Just do:
2025-06-14 07:12:53,364 - isca - DEBUG - module avail
2025-06-14 07:12:53,364 - isca - DEBUG - to see what is available.
2025-06-14 07:12:53,364 - isca - DEBUG - 
2025-06-14 07:12:53,364 - isca - DEBUG - NOTE: You shoud never load build environments inside submitted jobs.
2025-06-14 07:12:53,364 - isca - DEBUG - (with the single exception of when using supercomputer time to compile code.)
2025-06-14 07:12:53,364 - isca - DEBUG - 
2025-06-14 07:12:54,575 - isca - DEBUG - NOTE from PE    0: MPP_DOMAINS_SET_STACK_SIZE: stack size set to    32768.
2025-06-14 07:12:54,575 - isca - DEBUG - &MPP_IO_NML
2025-06-14 07:12:54,575 - isca - DEBUG - HEADER_BUFFER_VAL       =       16384,
2025-06-14 07:12:54,575 - isca - DEBUG - GLOBAL_FIELD_ON_ROOT_PE = T,
2025-06-14 07:12:54,575 - isca - DEBUG - IO_CLOCKS_ON    = F,
2025-06-14 07:12:54,575 - isca - DEBUG - SHUFFLE =           0,
2025-06-14 07:12:54,575 - isca - DEBUG - DEFLATE_LEVEL   =          -1
2025-06-14 07:12:54,575 - isca - DEBUG - /
2025-06-14 07:12:54,577 - isca - DEBUG - NOTE from PE    0: MPP_IO_SET_STACK_SIZE: stack size set to     131072.
2025-06-14 07:12:54,578 - isca - DEBUG - NOTE from PE    0: MPP_DOMAINS_SET_STACK_SIZE: stack size set to   600000.
2025-06-14 07:12:54,585 - isca - DEBUG - starting            1  OpenMP threads per MPI-task
2025-06-14 07:12:54,587 - isca - DEBUG - ATMOS MODEL DOMAIN DECOMPOSITION
2025-06-14 07:12:54,588 - isca - DEBUG - X-AXIS =  128
2025-06-14 07:12:54,588 - isca - DEBUG - Y-AXIS =    4   4   4   4   4   4   4   4   4   4   4   4   4   4   4   4
2025-06-14 07:12:54,636 - isca - DEBUG - 
2025-06-14 07:12:54,636 - isca - WARNING - WARNING from PE   11: socrates_init: dt_rad does not fit into one day an integer number of times
2025-06-14 07:12:54,636 - isca - DEBUG - 
2025-06-14 07:12:54,637 - isca - DEBUG - 
2025-06-14 07:12:54,637 - isca - WARNING - WARNING from PE    9: socrates_init: dt_rad does not fit into one day an integer number of times
2025-06-14 07:12:54,637 - isca - DEBUG - 
2025-06-14 07:12:54,637 - isca - WARNING - WARNING from PE   12: socrates_init: dt_rad does not fit into one day an integer number of times
2025-06-14 07:12:54,637 - isca - DEBUG - 
2025-06-14 07:12:54,637 - isca - DEBUG - 
2025-06-14 07:12:54,638 - isca - DEBUG - 
2025-06-14 07:12:54,638 - isca - WARNING - WARNING from PE   13: socrates_init: dt_rad does not fit into one day an integer number of times
2025-06-14 07:12:54,638 - isca - DEBUG - 
2025-06-14 07:12:54,638 - isca - DEBUG - 
2025-06-14 07:12:54,638 - isca - WARNING - WARNING from PE    8: socrates_init: dt_rad does not fit into one day an integer number of times
2025-06-14 07:12:54,638 - isca - DEBUG - 
2025-06-14 07:12:54,638 - isca - DEBUG - 
2025-06-14 07:12:54,638 - isca - WARNING - WARNING from PE   14: socrates_init: dt_rad does not fit into one day an integer number of times
2025-06-14 07:12:54,638 - isca - DEBUG - 
2025-06-14 07:12:54,638 - isca - DEBUG - 
2025-06-14 07:12:54,638 - isca - WARNING - WARNING from PE   15: socrates_init: dt_rad does not fit into one day an integer number of times
2025-06-14 07:12:54,638 - isca - DEBUG - 
2025-06-14 07:12:54,638 - isca - DEBUG - 
2025-06-14 07:12:54,638 - isca - WARNING - WARNING from PE   10: socrates_init: dt_rad does not fit into one day an integer number of times
2025-06-14 07:12:54,638 - isca - DEBUG - 
2025-06-14 07:12:54,642 - isca - DEBUG - NOTE from PE    0: cloud_simple: Using SimCloud cloud scheme
2025-06-14 07:12:54,643 - isca - DEBUG - NOTE from PE    0: ls_cloud: Using linear cloud fraction diagnostic formula.
2025-06-14 07:12:54,643 - isca - DEBUG - NOTE from PE    0: cloud_cover: The cloud overlap assumption is MAXIMUM-RANDOM
2025-06-14 07:12:54,643 - isca - DEBUG - NOTE from PE    0: idealized_moist_phys: Using Frierson Quasi-Equilibrium convection scheme.
2025-06-14 07:12:54,646 - isca - DEBUG - 
2025-06-14 07:12:54,646 - isca - DEBUG - 
2025-06-14 07:12:54,646 - isca - WARNING - WARNING from PE    4: socrates_init: dt_rad does not fit into one day an integer number of times
2025-06-14 07:12:54,647 - isca - DEBUG - 
2025-06-14 07:12:54,647 - isca - WARNING - WARNING from PE    1: socrates_init: dt_rad does not fit into one day an integer number of times
2025-06-14 07:12:54,647 - isca - DEBUG - 
2025-06-14 07:12:54,647 - isca - DEBUG - 
2025-06-14 07:12:54,647 - isca - WARNING - WARNING from PE    5: socrates_init: dt_rad does not fit into one day an integer number of times
2025-06-14 07:12:54,647 - isca - DEBUG - 
2025-06-14 07:12:54,647 - isca - DEBUG - 
2025-06-14 07:12:54,647 - isca - WARNING - WARNING from PE    3: socrates_init: dt_rad does not fit into one day an integer number of times
2025-06-14 07:12:54,647 - isca - DEBUG - 
2025-06-14 07:12:54,647 - isca - DEBUG - 
2025-06-14 07:12:54,647 - isca - WARNING - WARNING from PE    2: socrates_init: dt_rad does not fit into one day an integer number of times
2025-06-14 07:12:54,647 - isca - DEBUG - 
2025-06-14 07:12:54,647 - isca - DEBUG - 
2025-06-14 07:12:54,647 - isca - WARNING - WARNING from PE    7: socrates_init: dt_rad does not fit into one day an integer number of times
2025-06-14 07:12:54,648 - isca - DEBUG - 
2025-06-14 07:12:54,649 - isca - DEBUG - 
2025-06-14 07:12:54,649 - isca - WARNING - WARNING from PE    6: socrates_init: dt_rad does not fit into one day an integer number of times
2025-06-14 07:12:54,650 - isca - DEBUG - 
2025-06-14 07:12:54,653 - isca - DEBUG - 
2025-06-14 07:12:54,654 - isca - WARNING - WARNING from PE    0: socrates_init: dt_rad does not fit into one day an integer number of times
2025-06-14 07:12:54,654 - isca - DEBUG - 
2025-06-14 07:12:54,654 - isca - DEBUG - 
2025-06-14 07:12:54,654 - isca - WARNING - WARNING from PE    0: socrates_init: dt_rad does not fit into one day an integer number of times
2025-06-14 07:12:54,654 - isca - DEBUG - 
2025-06-14 07:12:54,654 - isca - DEBUG - 
2025-06-14 07:12:54,654 - isca - WARNING - WARNING from PE    0: socrates_init: lw_hires_spectral_filename is unset, making equal to lw_spectral_filename
2025-06-14 07:12:54,654 - isca - DEBUG - 
2025-06-14 07:12:54,654 - isca - DEBUG - 
2025-06-14 07:12:54,654 - isca - WARNING - WARNING from PE    0: socrates_init: lw_hires_spectral_filename is unset, making equal to lw_spectral_filename
2025-06-14 07:12:54,654 - isca - DEBUG - 
2025-06-14 07:12:54,654 - isca - DEBUG - 
2025-06-14 07:12:54,654 - isca - WARNING - WARNING from PE    0: socrates_init: sw_hires_spectral_filename is unset, making equal to sw_spectral_filename
2025-06-14 07:12:54,654 - isca - DEBUG - 
2025-06-14 07:12:54,654 - isca - DEBUG - 
2025-06-14 07:12:54,654 - isca - WARNING - WARNING from PE    0: socrates_init: sw_hires_spectral_filename is unset, making equal to sw_spectral_filename
2025-06-14 07:12:54,654 - isca - DEBUG - 
2025-06-14 07:12:55,884 - isca - DEBUG - NOTE from PE    0: Interpolator: Using input file with no time dimension - ozone_1990_notime_zero.nc
2025-06-14 07:12:55,884 - isca - DEBUG - Initializing src field : ozone_1990
2025-06-14 07:12:55,885 - isca - DEBUG - 
2025-06-14 07:12:55,885 - isca - DEBUG - -----------------------------------
2025-06-14 07:12:55,886 - isca - DEBUG - ____                       _
2025-06-14 07:12:55,886 - isca - DEBUG - / ___|  ___   ___ _ __ __ _| |_ ___  ___
2025-06-14 07:12:55,886 - isca - DEBUG - \___ \ / _ \ / __|  __/ _` | __/ _ \/ __|
2025-06-14 07:12:55,886 - isca - DEBUG - ___) | (_) | (__| | | (_| | ||  __/\__ \
2025-06-14 07:12:55,886 - isca - DEBUG - |____/ \___/ \___|_|  \__,_|\__\___||___/
2025-06-14 07:12:55,886 - isca - DEBUG - 
2025-06-14 07:12:55,886 - isca - DEBUG - Initialised Socrates v17.03
2025-06-14 07:12:55,886 - isca - DEBUG - Stellar constant =    1950.00000000000
2025-06-14 07:12:55,886 - isca - DEBUG - Longwave spectral file =
2025-06-14 07:12:55,886 - isca - DEBUG - /proj/bolinc/users/x_ryabo/socrates_edited_for_isca/spectral_files_for_GCMs/Sun
2025-06-14 07:12:55,886 - isca - DEBUG - /miniSuran_lw.sf WITH           16  bands
2025-06-14 07:12:55,886 - isca - DEBUG - Longwave hires spectral file =
2025-06-14 07:12:55,886 - isca - DEBUG - /proj/bolinc/users/x_ryabo/socrates_edited_for_isca/spectral_files_for_GCMs/Sun
2025-06-14 07:12:55,886 - isca - DEBUG - /miniSuran_lw.sf WITH           16  bands
2025-06-14 07:12:55,886 - isca - DEBUG - Shortwave spectral file =
2025-06-14 07:12:55,886 - isca - DEBUG - /proj/bolinc/users/x_ryabo/socrates_edited_for_isca/spectral_files_for_GCMs/Sun
2025-06-14 07:12:55,886 - isca - DEBUG - /miniSuran_sw.sf WITH           16  bands
2025-06-14 07:12:55,886 - isca - DEBUG - Shortwave hires spectral file =
2025-06-14 07:12:55,886 - isca - DEBUG - /proj/bolinc/users/x_ryabo/socrates_edited_for_isca/spectral_files_for_GCMs/Sun
2025-06-14 07:12:55,886 - isca - DEBUG - /miniSuran_sw.sf WITH           16  bands
2025-06-14 07:12:55,886 - isca - DEBUG - 
2025-06-14 07:12:55,886 - isca - DEBUG - -----------------------------------
2025-06-14 07:12:55,886 - isca - DEBUG - 
2025-06-14 07:13:43,380 - isca - DEBUG - Integration completed through 22441 days     0 seconds
2025-06-14 07:14:30,731 - isca - DEBUG - Integration completed through 22442 days     0 seconds
2025-06-14 07:15:18,165 - isca - DEBUG - Integration completed through 22443 days     0 seconds
2025-06-14 07:16:05,354 - isca - DEBUG - Integration completed through 22444 days     0 seconds
2025-06-14 07:16:52,514 - isca - DEBUG - Integration completed through 22445 days     0 seconds
2025-06-14 07:17:39,879 - isca - DEBUG - Integration completed through 22446 days     0 seconds
2025-06-14 07:18:27,391 - isca - DEBUG - Integration completed through 22447 days     0 seconds
2025-06-14 07:19:14,729 - isca - DEBUG - Integration completed through 22448 days     0 seconds
2025-06-14 07:20:02,379 - isca - DEBUG - Integration completed through 22449 days     0 seconds
2025-06-14 07:20:50,224 - isca - DEBUG - Integration completed through 22450 days     0 seconds
2025-06-14 07:21:38,176 - isca - DEBUG - Integration completed through 22451 days     0 seconds
2025-06-14 07:22:25,789 - isca - DEBUG - Integration completed through 22452 days     0 seconds
2025-06-14 07:23:13,490 - isca - DEBUG - Integration completed through 22453 days     0 seconds
2025-06-14 07:24:01,043 - isca - DEBUG - Integration completed through 22454 days     0 seconds
2025-06-14 07:24:48,385 - isca - DEBUG - Integration completed through 22455 days     0 seconds
2025-06-14 07:25:35,500 - isca - DEBUG - Integration completed through 22456 days     0 seconds
2025-06-14 07:26:22,675 - isca - DEBUG - Integration completed through 22457 days     0 seconds
2025-06-14 07:27:10,062 - isca - DEBUG - Integration completed through 22458 days     0 seconds
2025-06-14 07:27:57,519 - isca - DEBUG - Integration completed through 22459 days     0 seconds
2025-06-14 07:28:44,976 - isca - DEBUG - Integration completed through 22460 days     0 seconds
2025-06-14 07:29:32,359 - isca - DEBUG - Integration completed through 22461 days     0 seconds
2025-06-14 07:30:19,965 - isca - DEBUG - Integration completed through 22462 days     0 seconds
2025-06-14 07:31:07,704 - isca - DEBUG - Integration completed through 22463 days     0 seconds
2025-06-14 07:31:55,339 - isca - DEBUG - Integration completed through 22464 days     0 seconds
2025-06-14 07:32:43,083 - isca - DEBUG - Integration completed through 22465 days     0 seconds
2025-06-14 07:33:30,770 - isca - DEBUG - Integration completed through 22466 days     0 seconds
2025-06-14 07:34:18,342 - isca - DEBUG - Integration completed through 22467 days     0 seconds
2025-06-14 07:35:05,798 - isca - DEBUG - Integration completed through 22468 days     0 seconds
2025-06-14 07:35:53,296 - isca - DEBUG - Integration completed through 22469 days     0 seconds
2025-06-14 07:36:40,926 - isca - DEBUG - Integration completed through 22470 days     0 seconds
2025-06-14 07:36:40,933 - isca - DEBUG - 
2025-06-14 07:36:40,933 - isca - WARNING - WARNING from PE    0: diag_util_mod::opening_file: module/field_name (socrates/soc_toa_sw_down_clr) NOT registered
2025-06-14 07:36:40,933 - isca - DEBUG - 
2025-06-14 07:36:40,933 - isca - DEBUG - 
2025-06-14 07:36:40,933 - isca - WARNING - WARNING from PE    0: diag_util_mod::opening_file: module/field_name (socrates/soc_toa_sw_down_clr) NOT registered
2025-06-14 07:36:40,933 - isca - DEBUG - 
2025-06-14 07:36:40,933 - isca - DEBUG - 
2025-06-14 07:36:40,933 - isca - WARNING - WARNING from PE    0: diag_util_mod::opening_file: module/field_name (cloud_simple/rh_min) NOT registered
2025-06-14 07:36:40,934 - isca - DEBUG - 
2025-06-14 07:36:40,934 - isca - DEBUG - 
2025-06-14 07:36:40,934 - isca - WARNING - WARNING from PE    0: diag_util_mod::opening_file: module/field_name (cloud_simple/rh_min) NOT registered
2025-06-14 07:36:40,934 - isca - DEBUG - 
2025-06-14 07:36:40,945 - isca - DEBUG - NOTE from PE    0: MPP_IO_SET_STACK_SIZE: stack size set to     393216.
2025-06-14 07:36:41,159 - isca - DEBUG - MPP_DOMAINS_STACK high water mark=       49152
2025-06-14 07:36:41,159 - isca - DEBUG - 
2025-06-14 07:36:41,159 - isca - DEBUG - Tabulating mpp_clock statistics across     16 PEs...
2025-06-14 07:36:41,159 - isca - DEBUG - 
2025-06-14 07:36:41,159 - isca - DEBUG - tmin          tmax          tavg          tstd  tfrac grain pemin pemax
2025-06-14 07:36:41,160 - isca - DEBUG - Total runtime                      1426.582058   1426.587636   1426.584696      0.001465  1.000     0     0    15
2025-06-14 07:36:41,160 - isca - DEBUG - MPP_STACK high water mark=           0
2025-06-14 07:36:41,269 - isca - INFO - Run 749 complete
2025-06-14 07:36:42,102 - isca - DEBUG - atmos_monthly.nc combined and copied to data directory
2025-06-14 07:36:45,666 - isca - INFO - Restart archive created at /proj/bolinc/users/x_ryabo/Isca-Ryan_outputs/presentday_1540_Sun_noO3_1950/restarts/res0749.tar.gz
2025-06-14 07:36:45,678 - isca - INFO - Writing namelist to '/proj/bolinc/users/x_ryabo/Isca-Ryan_outputs/presentday_1540_Sun_noO3_1950/run0749/input.nml'
2025-06-14 07:36:45,681 - isca - INFO - Writing field_table to '/proj/bolinc/users/x_ryabo/Isca-Ryan_outputs/presentday_1540_Sun_noO3_1950/run0749/field_table'
2025-06-14 07:36:45,693 - isca - INFO - Writing diag_table to '/proj/bolinc/users/x_ryabo/Isca-Ryan_outputs/presentday_1540_Sun_noO3_1950/run0749/diag_table'
2025-06-14 07:36:45,939 - isca - INFO - Emptied run directory '/home/x_ryabo/Isca-Ryan_tmp/experiment/presentday_1540_Sun_noO3_1950/run'
2025-06-14 07:36:45,960 - isca - INFO - Emptied run directory '/home/x_ryabo/Isca-Ryan_tmp/experiment/presentday_1540_Sun_noO3_1950/run'
2025-06-14 07:36:46,174 - isca - INFO - Writing namelist to '/home/x_ryabo/Isca-Ryan_tmp/experiment/presentday_1540_Sun_noO3_1950/run/input.nml'
2025-06-14 07:36:46,176 - isca - INFO - Writing field_table to '/home/x_ryabo/Isca-Ryan_tmp/experiment/presentday_1540_Sun_noO3_1950/run/field_table'
2025-06-14 07:36:46,187 - isca - INFO - Writing diag_table to '/home/x_ryabo/Isca-Ryan_tmp/experiment/presentday_1540_Sun_noO3_1950/run/diag_table'
2025-06-14 07:36:46,201 - isca - INFO - Using restart file '/proj/bolinc/users/x_ryabo/Isca-Ryan_outputs/presentday_1540_Sun_noO3_1950/restarts/res0749.tar.gz'
2025-06-14 07:36:46,627 - isca - INFO - Restart /proj/bolinc/users/x_ryabo/Isca-Ryan_outputs/presentday_1540_Sun_noO3_1950/restarts/res0749.tar.gz extracted to /home/x_ryabo/Isca-Ryan_tmp/experiment/presentday_1540_Sun_noO3_1950/run/INPUT
2025-06-14 07:36:46,628 - isca - INFO - Beginning run 750
2025-06-14 07:36:46,639 - isca - INFO - process running as 1042512
2025-06-14 07:36:46,639 - isca - DEBUG - loadmodules for Isca on NSC cluster Tetralith
2025-06-14 07:36:46,639 - isca - DEBUG - mpiifort
2025-06-14 07:36:46,737 - isca - DEBUG - The following modules were not unloaded:
2025-06-14 07:36:46,737 - isca - DEBUG - (Use "module --force purge" to unload all):
2025-06-14 07:36:46,737 - isca - DEBUG - 
2025-06-14 07:36:46,737 - isca - DEBUG - 1) hpc/.1.10.1
2025-06-14 07:36:46,833 - isca - DEBUG - ***************************************************
2025-06-14 07:36:46,833 - isca - DEBUG - You have loaded a buildenv module
2025-06-14 07:36:46,833 - isca - DEBUG - ***************************************************
2025-06-14 07:36:46,833 - isca - DEBUG - The buldenv-intel module makes available:
2025-06-14 07:36:46,833 - isca - DEBUG - - Compilers: icc, ifort, etc.
2025-06-14 07:36:46,833 - isca - DEBUG - - Mpi library with mpi-wrapped compilers: intel mpi with mpicc, mpifort, etc.
2025-06-14 07:36:46,833 - isca - DEBUG - - Numerical libraries: intel MKL
2025-06-14 07:36:46,833 - isca - DEBUG - 
2025-06-14 07:36:46,833 - isca - DEBUG - It also makes a set of dependency library modules available via
2025-06-14 07:36:46,833 - isca - DEBUG - the regular module command. Just do:
2025-06-14 07:36:46,833 - isca - DEBUG - module avail
2025-06-14 07:36:46,833 - isca - DEBUG - to see what is available.
2025-06-14 07:36:46,833 - isca - DEBUG - 
2025-06-14 07:36:46,833 - isca - DEBUG - NOTE: You shoud never load build environments inside submitted jobs.
2025-06-14 07:36:46,833 - isca - DEBUG - (with the single exception of when using supercomputer time to compile code.)
2025-06-14 07:36:46,834 - isca - DEBUG - 
2025-06-14 07:36:48,049 - isca - DEBUG - NOTE from PE    0: MPP_DOMAINS_SET_STACK_SIZE: stack size set to    32768.
2025-06-14 07:36:48,049 - isca - DEBUG - &MPP_IO_NML
2025-06-14 07:36:48,049 - isca - DEBUG - HEADER_BUFFER_VAL       =       16384,
2025-06-14 07:36:48,049 - isca - DEBUG - GLOBAL_FIELD_ON_ROOT_PE = T,
2025-06-14 07:36:48,049 - isca - DEBUG - IO_CLOCKS_ON    = F,
2025-06-14 07:36:48,049 - isca - DEBUG - SHUFFLE =           0,
2025-06-14 07:36:48,050 - isca - DEBUG - DEFLATE_LEVEL   =          -1
2025-06-14 07:36:48,050 - isca - DEBUG - /
2025-06-14 07:36:48,051 - isca - DEBUG - NOTE from PE    0: MPP_IO_SET_STACK_SIZE: stack size set to     131072.
2025-06-14 07:36:48,052 - isca - DEBUG - NOTE from PE    0: MPP_DOMAINS_SET_STACK_SIZE: stack size set to   600000.
2025-06-14 07:36:48,060 - isca - DEBUG - starting            1  OpenMP threads per MPI-task
2025-06-14 07:36:48,062 - isca - DEBUG - ATMOS MODEL DOMAIN DECOMPOSITION
2025-06-14 07:36:48,062 - isca - DEBUG - X-AXIS =  128
2025-06-14 07:36:48,062 - isca - DEBUG - Y-AXIS =    4   4   4   4   4   4   4   4   4   4   4   4   4   4   4   4
2025-06-14 07:36:48,110 - isca - DEBUG - 
2025-06-14 07:36:48,110 - isca - WARNING - WARNING from PE    8: socrates_init: dt_rad does not fit into one day an integer number of times
2025-06-14 07:36:48,110 - isca - DEBUG - 
2025-06-14 07:36:48,111 - isca - DEBUG - 
2025-06-14 07:36:48,111 - isca - WARNING - WARNING from PE   12: socrates_init: dt_rad does not fit into one day an integer number of times
2025-06-14 07:36:48,112 - isca - DEBUG - 
2025-06-14 07:36:48,112 - isca - DEBUG - 
2025-06-14 07:36:48,112 - isca - WARNING - WARNING from PE    9: socrates_init: dt_rad does not fit into one day an integer number of times
2025-06-14 07:36:48,112 - isca - DEBUG - 
2025-06-14 07:36:48,112 - isca - DEBUG - 
2025-06-14 07:36:48,112 - isca - WARNING - WARNING from PE   15: socrates_init: dt_rad does not fit into one day an integer number of times
2025-06-14 07:36:48,112 - isca - DEBUG - 
2025-06-14 07:36:48,112 - isca - DEBUG - 
2025-06-14 07:36:48,112 - isca - WARNING - WARNING from PE   10: socrates_init: dt_rad does not fit into one day an integer number of times
2025-06-14 07:36:48,112 - isca - DEBUG - 
2025-06-14 07:36:48,112 - isca - DEBUG - 
2025-06-14 07:36:48,112 - isca - WARNING - WARNING from PE   11: socrates_init: dt_rad does not fit into one day an integer number of times
2025-06-14 07:36:48,112 - isca - DEBUG - 
2025-06-14 07:36:48,112 - isca - DEBUG - 
2025-06-14 07:36:48,112 - isca - WARNING - WARNING from PE   13: socrates_init: dt_rad does not fit into one day an integer number of times
2025-06-14 07:36:48,112 - isca - DEBUG - 
2025-06-14 07:36:48,112 - isca - DEBUG - NOTE from PE    0: cloud_simple: Using SimCloud cloud scheme
2025-06-14 07:36:48,113 - isca - DEBUG - 
2025-06-14 07:36:48,113 - isca - WARNING - WARNING from PE   14: socrates_init: dt_rad does not fit into one day an integer number of times
2025-06-14 07:36:48,113 - isca - DEBUG - 
2025-06-14 07:36:48,113 - isca - DEBUG - NOTE from PE    0: ls_cloud: Using linear cloud fraction diagnostic formula.
2025-06-14 07:36:48,114 - isca - DEBUG - NOTE from PE    0: cloud_cover: The cloud overlap assumption is MAXIMUM-RANDOM
2025-06-14 07:36:48,114 - isca - DEBUG - NOTE from PE    0: idealized_moist_phys: Using Frierson Quasi-Equilibrium convection scheme.
2025-06-14 07:36:48,117 - isca - DEBUG - 
2025-06-14 07:36:48,117 - isca - WARNING - WARNING from PE    5: socrates_init: dt_rad does not fit into one day an integer number of times
2025-06-14 07:36:48,117 - isca - DEBUG - 
2025-06-14 07:36:48,118 - isca - DEBUG - 
2025-06-14 07:36:48,118 - isca - DEBUG - 
2025-06-14 07:36:48,118 - isca - WARNING - WARNING from PE    6: socrates_init: dt_rad does not fit into one day an integer number of times
2025-06-14 07:36:48,118 - isca - DEBUG - 
2025-06-14 07:36:48,118 - isca - DEBUG - 
2025-06-14 07:36:48,118 - isca - WARNING - WARNING from PE    7: socrates_init: dt_rad does not fit into one day an integer number of times
2025-06-14 07:36:48,118 - isca - DEBUG - 
2025-06-14 07:36:48,118 - isca - WARNING - WARNING from PE    4: socrates_init: dt_rad does not fit into one day an integer number of times
2025-06-14 07:36:48,118 - isca - DEBUG - 
2025-06-14 07:36:48,118 - isca - DEBUG - 
2025-06-14 07:36:48,118 - isca - WARNING - WARNING from PE    2: socrates_init: dt_rad does not fit into one day an integer number of times
2025-06-14 07:36:48,118 - isca - DEBUG - 
2025-06-14 07:36:48,118 - isca - DEBUG - 
2025-06-14 07:36:48,118 - isca - WARNING - WARNING from PE    3: socrates_init: dt_rad does not fit into one day an integer number of times
2025-06-14 07:36:48,118 - isca - DEBUG - 
2025-06-14 07:36:48,119 - isca - DEBUG - 
2025-06-14 07:36:48,119 - isca - WARNING - WARNING from PE    1: socrates_init: dt_rad does not fit into one day an integer number of times
2025-06-14 07:36:48,119 - isca - DEBUG - 
2025-06-14 07:36:48,123 - isca - DEBUG - 
2025-06-14 07:36:48,123 - isca - WARNING - WARNING from PE    0: socrates_init: dt_rad does not fit into one day an integer number of times
2025-06-14 07:36:48,123 - isca - DEBUG - 
2025-06-14 07:36:48,123 - isca - DEBUG - 
2025-06-14 07:36:48,123 - isca - WARNING - WARNING from PE    0: socrates_init: dt_rad does not fit into one day an integer number of times
2025-06-14 07:36:48,123 - isca - DEBUG - 
2025-06-14 07:36:48,123 - isca - DEBUG - 
2025-06-14 07:36:48,123 - isca - WARNING - WARNING from PE    0: socrates_init: lw_hires_spectral_filename is unset, making equal to lw_spectral_filename
2025-06-14 07:36:48,123 - isca - DEBUG - 
2025-06-14 07:36:48,124 - isca - DEBUG - 
2025-06-14 07:36:48,124 - isca - WARNING - WARNING from PE    0: socrates_init: lw_hires_spectral_filename is unset, making equal to lw_spectral_filename
2025-06-14 07:36:48,124 - isca - DEBUG - 
2025-06-14 07:36:48,124 - isca - DEBUG - 
2025-06-14 07:36:48,124 - isca - WARNING - WARNING from PE    0: socrates_init: sw_hires_spectral_filename is unset, making equal to sw_spectral_filename
2025-06-14 07:36:48,124 - isca - DEBUG - 
2025-06-14 07:36:48,124 - isca - DEBUG - 
2025-06-14 07:36:48,124 - isca - WARNING - WARNING from PE    0: socrates_init: sw_hires_spectral_filename is unset, making equal to sw_spectral_filename
2025-06-14 07:36:48,124 - isca - DEBUG - 
2025-06-14 07:36:49,338 - isca - DEBUG - NOTE from PE    0: Interpolator: Using input file with no time dimension - ozone_1990_notime_zero.nc
2025-06-14 07:36:49,338 - isca - DEBUG - Initializing src field : ozone_1990
2025-06-14 07:36:49,340 - isca - DEBUG - 
2025-06-14 07:36:49,340 - isca - DEBUG - -----------------------------------
2025-06-14 07:36:49,340 - isca - DEBUG - ____                       _
2025-06-14 07:36:49,340 - isca - DEBUG - / ___|  ___   ___ _ __ __ _| |_ ___  ___
2025-06-14 07:36:49,340 - isca - DEBUG - \___ \ / _ \ / __|  __/ _` | __/ _ \/ __|
2025-06-14 07:36:49,340 - isca - DEBUG - ___) | (_) | (__| | | (_| | ||  __/\__ \
2025-06-14 07:36:49,340 - isca - DEBUG - |____/ \___/ \___|_|  \__,_|\__\___||___/
2025-06-14 07:36:49,341 - isca - DEBUG - 
2025-06-14 07:36:49,341 - isca - DEBUG - Initialised Socrates v17.03
2025-06-14 07:36:49,341 - isca - DEBUG - Stellar constant =    1950.00000000000
2025-06-14 07:36:49,341 - isca - DEBUG - Longwave spectral file =
2025-06-14 07:36:49,341 - isca - DEBUG - /proj/bolinc/users/x_ryabo/socrates_edited_for_isca/spectral_files_for_GCMs/Sun
2025-06-14 07:36:49,341 - isca - DEBUG - /miniSuran_lw.sf WITH           16  bands
2025-06-14 07:36:49,341 - isca - DEBUG - Longwave hires spectral file =
2025-06-14 07:36:49,341 - isca - DEBUG - /proj/bolinc/users/x_ryabo/socrates_edited_for_isca/spectral_files_for_GCMs/Sun
2025-06-14 07:36:49,341 - isca - DEBUG - /miniSuran_lw.sf WITH           16  bands
2025-06-14 07:36:49,341 - isca - DEBUG - Shortwave spectral file =
2025-06-14 07:36:49,341 - isca - DEBUG - /proj/bolinc/users/x_ryabo/socrates_edited_for_isca/spectral_files_for_GCMs/Sun
2025-06-14 07:36:49,341 - isca - DEBUG - /miniSuran_sw.sf WITH           16  bands
2025-06-14 07:36:49,341 - isca - DEBUG - Shortwave hires spectral file =
2025-06-14 07:36:49,341 - isca - DEBUG - /proj/bolinc/users/x_ryabo/socrates_edited_for_isca/spectral_files_for_GCMs/Sun
2025-06-14 07:36:49,341 - isca - DEBUG - /miniSuran_sw.sf WITH           16  bands
2025-06-14 07:36:49,341 - isca - DEBUG - 
2025-06-14 07:36:49,341 - isca - DEBUG - -----------------------------------
2025-06-14 07:36:49,341 - isca - DEBUG - 
2025-06-14 07:37:37,043 - isca - DEBUG - Integration completed through 22471 days     0 seconds
2025-06-14 07:38:24,628 - isca - DEBUG - Integration completed through 22472 days     0 seconds
2025-06-14 07:39:12,321 - isca - DEBUG - Integration completed through 22473 days     0 seconds
2025-06-14 07:40:00,151 - isca - DEBUG - Integration completed through 22474 days     0 seconds
2025-06-14 07:40:48,045 - isca - DEBUG - Integration completed through 22475 days     0 seconds
2025-06-14 07:41:35,886 - isca - DEBUG - Integration completed through 22476 days     0 seconds
2025-06-14 07:42:23,660 - isca - DEBUG - Integration completed through 22477 days     0 seconds
2025-06-14 07:43:11,456 - isca - DEBUG - Integration completed through 22478 days     0 seconds
2025-06-14 07:43:58,846 - isca - DEBUG - Integration completed through 22479 days     0 seconds
2025-06-14 07:44:46,282 - isca - DEBUG - Integration completed through 22480 days     0 seconds
2025-06-14 07:45:33,796 - isca - DEBUG - Integration completed through 22481 days     0 seconds
2025-06-14 07:46:21,558 - isca - DEBUG - Integration completed through 22482 days     0 seconds
2025-06-14 07:47:09,222 - isca - DEBUG - Integration completed through 22483 days     0 seconds
2025-06-14 07:47:56,604 - isca - DEBUG - Integration completed through 22484 days     0 seconds
2025-06-14 07:48:44,233 - isca - DEBUG - Integration completed through 22485 days     0 seconds
2025-06-14 07:49:31,763 - isca - DEBUG - Integration completed through 22486 days     0 seconds
2025-06-14 07:50:19,113 - isca - DEBUG - Integration completed through 22487 days     0 seconds
2025-06-14 07:51:06,535 - isca - DEBUG - Integration completed through 22488 days     0 seconds
2025-06-14 07:51:53,914 - isca - DEBUG - Integration completed through 22489 days     0 seconds
2025-06-14 07:52:41,159 - isca - DEBUG - Integration completed through 22490 days     0 seconds
2025-06-14 07:53:28,254 - isca - DEBUG - Integration completed through 22491 days     0 seconds
2025-06-14 07:54:15,155 - isca - DEBUG - Integration completed through 22492 days     0 seconds
2025-06-14 07:55:02,099 - isca - DEBUG - Integration completed through 22493 days     0 seconds
2025-06-14 07:55:49,280 - isca - DEBUG - Integration completed through 22494 days     0 seconds
2025-06-14 07:56:36,827 - isca - DEBUG - Integration completed through 22495 days     0 seconds
2025-06-14 07:57:24,377 - isca - DEBUG - Integration completed through 22496 days     0 seconds
2025-06-14 07:58:12,148 - isca - DEBUG - Integration completed through 22497 days     0 seconds
2025-06-14 07:59:00,029 - isca - DEBUG - Integration completed through 22498 days     0 seconds
2025-06-14 07:59:47,793 - isca - DEBUG - Integration completed through 22499 days     0 seconds
2025-06-14 08:00:35,597 - isca - DEBUG - Integration completed through 22500 days     0 seconds
2025-06-14 08:00:35,604 - isca - DEBUG - 
2025-06-14 08:00:35,604 - isca - WARNING - WARNING from PE    0: diag_util_mod::opening_file: module/field_name (socrates/soc_toa_sw_down_clr) NOT registered
2025-06-14 08:00:35,604 - isca - DEBUG - 
2025-06-14 08:00:35,604 - isca - DEBUG - 
2025-06-14 08:00:35,604 - isca - WARNING - WARNING from PE    0: diag_util_mod::opening_file: module/field_name (socrates/soc_toa_sw_down_clr) NOT registered
2025-06-14 08:00:35,604 - isca - DEBUG - 
2025-06-14 08:00:35,604 - isca - DEBUG - 
2025-06-14 08:00:35,604 - isca - WARNING - WARNING from PE    0: diag_util_mod::opening_file: module/field_name (cloud_simple/rh_min) NOT registered
2025-06-14 08:00:35,604 - isca - DEBUG - 
2025-06-14 08:00:35,604 - isca - DEBUG - 
2025-06-14 08:00:35,604 - isca - WARNING - WARNING from PE    0: diag_util_mod::opening_file: module/field_name (cloud_simple/rh_min) NOT registered
2025-06-14 08:00:35,604 - isca - DEBUG - 
2025-06-14 08:00:35,615 - isca - DEBUG - NOTE from PE    0: MPP_IO_SET_STACK_SIZE: stack size set to     393216.
2025-06-14 08:00:35,754 - isca - DEBUG - MPP_DOMAINS_STACK high water mark=       49152
2025-06-14 08:00:35,754 - isca - DEBUG - 
2025-06-14 08:00:35,754 - isca - DEBUG - Tabulating mpp_clock statistics across     16 PEs...
2025-06-14 08:00:35,755 - isca - DEBUG - 
2025-06-14 08:00:35,755 - isca - DEBUG - tmin          tmax          tavg          tstd  tfrac grain pemin pemax
2025-06-14 08:00:35,755 - isca - DEBUG - Total runtime                      1427.700679   1427.708960   1427.705884      0.002114  1.000     0     0    15
2025-06-14 08:00:35,755 - isca - DEBUG - MPP_STACK high water mark=           0
2025-06-14 08:00:35,958 - isca - INFO - Run 750 complete
2025-06-14 08:00:36,885 - isca - DEBUG - atmos_monthly.nc combined and copied to data directory
2025-06-14 08:00:40,466 - isca - INFO - Restart archive created at /proj/bolinc/users/x_ryabo/Isca-Ryan_outputs/presentday_1540_Sun_noO3_1950/restarts/res0750.tar.gz
2025-06-14 08:00:40,477 - isca - INFO - Writing namelist to '/proj/bolinc/users/x_ryabo/Isca-Ryan_outputs/presentday_1540_Sun_noO3_1950/run0750/input.nml'
2025-06-14 08:00:40,479 - isca - INFO - Writing field_table to '/proj/bolinc/users/x_ryabo/Isca-Ryan_outputs/presentday_1540_Sun_noO3_1950/run0750/field_table'
2025-06-14 08:00:40,490 - isca - INFO - Writing diag_table to '/proj/bolinc/users/x_ryabo/Isca-Ryan_outputs/presentday_1540_Sun_noO3_1950/run0750/diag_table'
2025-06-14 08:00:40,739 - isca - INFO - Emptied run directory '/home/x_ryabo/Isca-Ryan_tmp/experiment/presentday_1540_Sun_noO3_1950/run'
2025-06-14 08:00:40,757 - isca - INFO - Emptied run directory '/home/x_ryabo/Isca-Ryan_tmp/experiment/presentday_1540_Sun_noO3_1950/run'
2025-06-14 08:00:40,972 - isca - INFO - Writing namelist to '/home/x_ryabo/Isca-Ryan_tmp/experiment/presentday_1540_Sun_noO3_1950/run/input.nml'
2025-06-14 08:00:40,974 - isca - INFO - Writing field_table to '/home/x_ryabo/Isca-Ryan_tmp/experiment/presentday_1540_Sun_noO3_1950/run/field_table'
2025-06-14 08:00:40,985 - isca - INFO - Writing diag_table to '/home/x_ryabo/Isca-Ryan_tmp/experiment/presentday_1540_Sun_noO3_1950/run/diag_table'
2025-06-14 08:00:41,001 - isca - INFO - Using restart file '/proj/bolinc/users/x_ryabo/Isca-Ryan_outputs/presentday_1540_Sun_noO3_1950/restarts/res0750.tar.gz'
2025-06-14 08:00:41,420 - isca - INFO - Restart /proj/bolinc/users/x_ryabo/Isca-Ryan_outputs/presentday_1540_Sun_noO3_1950/restarts/res0750.tar.gz extracted to /home/x_ryabo/Isca-Ryan_tmp/experiment/presentday_1540_Sun_noO3_1950/run/INPUT
2025-06-14 08:00:41,421 - isca - INFO - Beginning run 751
2025-06-14 08:00:41,435 - isca - INFO - process running as 1043683
2025-06-14 08:00:41,435 - isca - DEBUG - loadmodules for Isca on NSC cluster Tetralith
2025-06-14 08:00:41,435 - isca - DEBUG - mpiifort
2025-06-14 08:00:41,532 - isca - DEBUG - The following modules were not unloaded:
2025-06-14 08:00:41,532 - isca - DEBUG - (Use "module --force purge" to unload all):
2025-06-14 08:00:41,532 - isca - DEBUG - 
2025-06-14 08:00:41,532 - isca - DEBUG - 1) hpc/.1.10.1
2025-06-14 08:00:41,627 - isca - DEBUG - ***************************************************
2025-06-14 08:00:41,627 - isca - DEBUG - You have loaded a buildenv module
2025-06-14 08:00:41,627 - isca - DEBUG - ***************************************************
2025-06-14 08:00:41,627 - isca - DEBUG - The buldenv-intel module makes available:
2025-06-14 08:00:41,627 - isca - DEBUG - - Compilers: icc, ifort, etc.
2025-06-14 08:00:41,627 - isca - DEBUG - - Mpi library with mpi-wrapped compilers: intel mpi with mpicc, mpifort, etc.
2025-06-14 08:00:41,627 - isca - DEBUG - - Numerical libraries: intel MKL
2025-06-14 08:00:41,627 - isca - DEBUG - 
2025-06-14 08:00:41,627 - isca - DEBUG - It also makes a set of dependency library modules available via
2025-06-14 08:00:41,627 - isca - DEBUG - the regular module command. Just do:
2025-06-14 08:00:41,627 - isca - DEBUG - module avail
2025-06-14 08:00:41,627 - isca - DEBUG - to see what is available.
2025-06-14 08:00:41,627 - isca - DEBUG - 
2025-06-14 08:00:41,627 - isca - DEBUG - NOTE: You shoud never load build environments inside submitted jobs.
2025-06-14 08:00:41,627 - isca - DEBUG - (with the single exception of when using supercomputer time to compile code.)
2025-06-14 08:00:41,627 - isca - DEBUG - 
2025-06-14 08:00:42,846 - isca - DEBUG - NOTE from PE    0: MPP_DOMAINS_SET_STACK_SIZE: stack size set to    32768.
2025-06-14 08:00:42,846 - isca - DEBUG - &MPP_IO_NML
2025-06-14 08:00:42,846 - isca - DEBUG - HEADER_BUFFER_VAL       =       16384,
2025-06-14 08:00:42,846 - isca - DEBUG - GLOBAL_FIELD_ON_ROOT_PE = T,
2025-06-14 08:00:42,846 - isca - DEBUG - IO_CLOCKS_ON    = F,
2025-06-14 08:00:42,846 - isca - DEBUG - SHUFFLE =           0,
2025-06-14 08:00:42,846 - isca - DEBUG - DEFLATE_LEVEL   =          -1
2025-06-14 08:00:42,846 - isca - DEBUG - /
2025-06-14 08:00:42,848 - isca - DEBUG - NOTE from PE    0: MPP_IO_SET_STACK_SIZE: stack size set to     131072.
2025-06-14 08:00:42,849 - isca - DEBUG - NOTE from PE    0: MPP_DOMAINS_SET_STACK_SIZE: stack size set to   600000.
2025-06-14 08:00:42,857 - isca - DEBUG - starting            1  OpenMP threads per MPI-task
2025-06-14 08:00:42,859 - isca - DEBUG - ATMOS MODEL DOMAIN DECOMPOSITION
2025-06-14 08:00:42,859 - isca - DEBUG - X-AXIS =  128
2025-06-14 08:00:42,859 - isca - DEBUG - Y-AXIS =    4   4   4   4   4   4   4   4   4   4   4   4   4   4   4   4
2025-06-14 08:00:42,911 - isca - DEBUG - 
2025-06-14 08:00:42,912 - isca - WARNING - WARNING from PE    9: socrates_init: dt_rad does not fit into one day an integer number of times
2025-06-14 08:00:42,912 - isca - DEBUG - 
2025-06-14 08:00:42,912 - isca - DEBUG - 
2025-06-14 08:00:42,912 - isca - DEBUG - 
2025-06-14 08:00:42,912 - isca - WARNING - WARNING from PE    8: socrates_init: dt_rad does not fit into one day an integer number of times
2025-06-14 08:00:42,912 - isca - DEBUG - 
2025-06-14 08:00:42,912 - isca - DEBUG - 
2025-06-14 08:00:42,912 - isca - WARNING - WARNING from PE   12: socrates_init: dt_rad does not fit into one day an integer number of times
2025-06-14 08:00:42,912 - isca - DEBUG - 
2025-06-14 08:00:42,912 - isca - WARNING - WARNING from PE   11: socrates_init: dt_rad does not fit into one day an integer number of times
2025-06-14 08:00:42,912 - isca - DEBUG - 
2025-06-14 08:00:42,912 - isca - DEBUG - 
2025-06-14 08:00:42,912 - isca - WARNING - WARNING from PE   14: socrates_init: dt_rad does not fit into one day an integer number of times
2025-06-14 08:00:42,912 - isca - DEBUG - 
2025-06-14 08:00:42,912 - isca - WARNING - WARNING from PE   10: socrates_init: dt_rad does not fit into one day an integer number of times
2025-06-14 08:00:42,912 - isca - DEBUG - 
2025-06-14 08:00:42,912 - isca - DEBUG - NOTE from PE    0: cloud_simple: Using SimCloud cloud scheme
2025-06-14 08:00:42,912 - isca - DEBUG - 
2025-06-14 08:00:42,912 - isca - DEBUG - 
2025-06-14 08:00:42,912 - isca - WARNING - WARNING from PE   15: socrates_init: dt_rad does not fit into one day an integer number of times
2025-06-14 08:00:42,912 - isca - DEBUG - 
2025-06-14 08:00:42,912 - isca - DEBUG - 
2025-06-14 08:00:42,913 - isca - WARNING - WARNING from PE   13: socrates_init: dt_rad does not fit into one day an integer number of times
2025-06-14 08:00:42,913 - isca - DEBUG - 
2025-06-14 08:00:42,913 - isca - DEBUG - NOTE from PE    0: ls_cloud: Using linear cloud fraction diagnostic formula.
2025-06-14 08:00:42,913 - isca - DEBUG - NOTE from PE    0: cloud_cover: The cloud overlap assumption is MAXIMUM-RANDOM
2025-06-14 08:00:42,914 - isca - DEBUG - NOTE from PE    0: idealized_moist_phys: Using Frierson Quasi-Equilibrium convection scheme.
2025-06-14 08:00:42,914 - isca - DEBUG - 
2025-06-14 08:00:42,914 - isca - WARNING - WARNING from PE    2: socrates_init: dt_rad does not fit into one day an integer number of times
2025-06-14 08:00:42,914 - isca - DEBUG - 
2025-06-14 08:00:42,917 - isca - DEBUG - 
2025-06-14 08:00:42,917 - isca - WARNING - WARNING from PE    6: socrates_init: dt_rad does not fit into one day an integer number of times
2025-06-14 08:00:42,917 - isca - DEBUG - 
2025-06-14 08:00:42,918 - isca - DEBUG - 
2025-06-14 08:00:42,918 - isca - DEBUG - 
2025-06-14 08:00:42,918 - isca - WARNING - WARNING from PE    1: socrates_init: dt_rad does not fit into one day an integer number of times
2025-06-14 08:00:42,918 - isca - DEBUG - 
2025-06-14 08:00:42,918 - isca - DEBUG - 
2025-06-14 08:00:42,918 - isca - WARNING - WARNING from PE    5: socrates_init: dt_rad does not fit into one day an integer number of times
2025-06-14 08:00:42,918 - isca - DEBUG - 
2025-06-14 08:00:42,918 - isca - WARNING - WARNING from PE    3: socrates_init: dt_rad does not fit into one day an integer number of times
2025-06-14 08:00:42,918 - isca - DEBUG - 
2025-06-14 08:00:42,918 - isca - DEBUG - 
2025-06-14 08:00:42,918 - isca - WARNING - WARNING from PE    7: socrates_init: dt_rad does not fit into one day an integer number of times
2025-06-14 08:00:42,918 - isca - DEBUG - 
2025-06-14 08:00:42,918 - isca - DEBUG - 
2025-06-14 08:00:42,918 - isca - WARNING - WARNING from PE    4: socrates_init: dt_rad does not fit into one day an integer number of times
2025-06-14 08:00:42,918 - isca - DEBUG - 
2025-06-14 08:00:42,923 - isca - DEBUG - 
2025-06-14 08:00:42,923 - isca - WARNING - WARNING from PE    0: socrates_init: dt_rad does not fit into one day an integer number of times
2025-06-14 08:00:42,923 - isca - DEBUG - 
2025-06-14 08:00:42,923 - isca - DEBUG - 
2025-06-14 08:00:42,923 - isca - WARNING - WARNING from PE    0: socrates_init: dt_rad does not fit into one day an integer number of times
2025-06-14 08:00:42,923 - isca - DEBUG - 
2025-06-14 08:00:42,923 - isca - DEBUG - 
2025-06-14 08:00:42,923 - isca - WARNING - WARNING from PE    0: socrates_init: lw_hires_spectral_filename is unset, making equal to lw_spectral_filename
2025-06-14 08:00:42,923 - isca - DEBUG - 
2025-06-14 08:00:42,923 - isca - DEBUG - 
2025-06-14 08:00:42,923 - isca - WARNING - WARNING from PE    0: socrates_init: lw_hires_spectral_filename is unset, making equal to lw_spectral_filename
2025-06-14 08:00:42,923 - isca - DEBUG - 
2025-06-14 08:00:42,923 - isca - DEBUG - 
2025-06-14 08:00:42,923 - isca - WARNING - WARNING from PE    0: socrates_init: sw_hires_spectral_filename is unset, making equal to sw_spectral_filename
2025-06-14 08:00:42,923 - isca - DEBUG - 
2025-06-14 08:00:42,923 - isca - DEBUG - 
2025-06-14 08:00:42,923 - isca - WARNING - WARNING from PE    0: socrates_init: sw_hires_spectral_filename is unset, making equal to sw_spectral_filename
2025-06-14 08:00:42,923 - isca - DEBUG - 
2025-06-14 08:00:44,135 - isca - DEBUG - NOTE from PE    0: Interpolator: Using input file with no time dimension - ozone_1990_notime_zero.nc
2025-06-14 08:00:44,135 - isca - DEBUG - Initializing src field : ozone_1990
2025-06-14 08:00:44,137 - isca - DEBUG - 
2025-06-14 08:00:44,137 - isca - DEBUG - -----------------------------------
2025-06-14 08:00:44,137 - isca - DEBUG - ____                       _
2025-06-14 08:00:44,137 - isca - DEBUG - / ___|  ___   ___ _ __ __ _| |_ ___  ___
2025-06-14 08:00:44,137 - isca - DEBUG - \___ \ / _ \ / __|  __/ _` | __/ _ \/ __|
2025-06-14 08:00:44,137 - isca - DEBUG - ___) | (_) | (__| | | (_| | ||  __/\__ \
2025-06-14 08:00:44,137 - isca - DEBUG - |____/ \___/ \___|_|  \__,_|\__\___||___/
2025-06-14 08:00:44,137 - isca - DEBUG - 
2025-06-14 08:00:44,137 - isca - DEBUG - Initialised Socrates v17.03
2025-06-14 08:00:44,137 - isca - DEBUG - Stellar constant =    1950.00000000000
2025-06-14 08:00:44,137 - isca - DEBUG - Longwave spectral file =
2025-06-14 08:00:44,137 - isca - DEBUG - /proj/bolinc/users/x_ryabo/socrates_edited_for_isca/spectral_files_for_GCMs/Sun
2025-06-14 08:00:44,138 - isca - DEBUG - /miniSuran_lw.sf WITH           16  bands
2025-06-14 08:00:44,138 - isca - DEBUG - Longwave hires spectral file =
2025-06-14 08:00:44,138 - isca - DEBUG - /proj/bolinc/users/x_ryabo/socrates_edited_for_isca/spectral_files_for_GCMs/Sun
2025-06-14 08:00:44,138 - isca - DEBUG - /miniSuran_lw.sf WITH           16  bands
2025-06-14 08:00:44,138 - isca - DEBUG - Shortwave spectral file =
2025-06-14 08:00:44,138 - isca - DEBUG - /proj/bolinc/users/x_ryabo/socrates_edited_for_isca/spectral_files_for_GCMs/Sun
2025-06-14 08:00:44,138 - isca - DEBUG - /miniSuran_sw.sf WITH           16  bands
2025-06-14 08:00:44,138 - isca - DEBUG - Shortwave hires spectral file =
2025-06-14 08:00:44,138 - isca - DEBUG - /proj/bolinc/users/x_ryabo/socrates_edited_for_isca/spectral_files_for_GCMs/Sun
2025-06-14 08:00:44,138 - isca - DEBUG - /miniSuran_sw.sf WITH           16  bands
2025-06-14 08:00:44,138 - isca - DEBUG - 
2025-06-14 08:00:44,138 - isca - DEBUG - -----------------------------------
2025-06-14 08:00:44,138 - isca - DEBUG - 
2025-06-14 08:01:32,314 - isca - DEBUG - Integration completed through 22501 days     0 seconds
2025-06-14 08:02:20,428 - isca - DEBUG - Integration completed through 22502 days     0 seconds
2025-06-14 08:03:08,569 - isca - DEBUG - Integration completed through 22503 days     0 seconds
2025-06-14 08:03:56,816 - isca - DEBUG - Integration completed through 22504 days     0 seconds
2025-06-14 08:04:44,678 - isca - DEBUG - Integration completed through 22505 days     0 seconds
2025-06-14 08:05:32,222 - isca - DEBUG - Integration completed through 22506 days     0 seconds
2025-06-14 08:06:19,829 - isca - DEBUG - Integration completed through 22507 days     0 seconds
2025-06-14 08:07:06,974 - isca - DEBUG - Integration completed through 22508 days     0 seconds
2025-06-14 08:07:54,136 - isca - DEBUG - Integration completed through 22509 days     0 seconds
2025-06-14 08:08:41,334 - isca - DEBUG - Integration completed through 22510 days     0 seconds
2025-06-14 08:09:28,770 - isca - DEBUG - Integration completed through 22511 days     0 seconds
2025-06-14 08:10:16,416 - isca - DEBUG - Integration completed through 22512 days     0 seconds
2025-06-14 08:11:04,397 - isca - DEBUG - Integration completed through 22513 days     0 seconds
2025-06-14 08:11:52,456 - isca - DEBUG - Integration completed through 22514 days     0 seconds
2025-06-14 08:12:40,585 - isca - DEBUG - Integration completed through 22515 days     0 seconds
2025-06-14 08:13:28,704 - isca - DEBUG - Integration completed through 22516 days     0 seconds
2025-06-14 08:14:17,095 - isca - DEBUG - Integration completed through 22517 days     0 seconds
2025-06-14 08:15:05,553 - isca - DEBUG - Integration completed through 22518 days     0 seconds
2025-06-14 08:15:54,056 - isca - DEBUG - Integration completed through 22519 days     0 seconds
2025-06-14 08:16:41,669 - isca - DEBUG - Integration completed through 22520 days     0 seconds
2025-06-14 08:17:29,302 - isca - DEBUG - Integration completed through 22521 days     0 seconds
2025-06-14 08:18:17,168 - isca - DEBUG - Integration completed through 22522 days     0 seconds
2025-06-14 08:19:05,141 - isca - DEBUG - Integration completed through 22523 days     0 seconds
2025-06-14 08:19:52,873 - isca - DEBUG - Integration completed through 22524 days     0 seconds
2025-06-14 08:20:40,876 - isca - DEBUG - Integration completed through 22525 days     0 seconds
2025-06-14 08:21:29,268 - isca - DEBUG - Integration completed through 22526 days     0 seconds
2025-06-14 08:22:17,508 - isca - DEBUG - Integration completed through 22527 days     0 seconds
2025-06-14 08:23:05,745 - isca - DEBUG - Integration completed through 22528 days     0 seconds
2025-06-14 08:23:54,110 - isca - DEBUG - Integration completed through 22529 days     0 seconds
2025-06-14 08:24:42,328 - isca - DEBUG - Integration completed through 22530 days     0 seconds
2025-06-14 08:24:42,406 - isca - DEBUG - 
2025-06-14 08:24:42,406 - isca - WARNING - WARNING from PE    0: diag_util_mod::opening_file: module/field_name (socrates/soc_toa_sw_down_clr) NOT registered
2025-06-14 08:24:42,406 - isca - DEBUG - 
2025-06-14 08:24:42,406 - isca - DEBUG - 
2025-06-14 08:24:42,406 - isca - WARNING - WARNING from PE    0: diag_util_mod::opening_file: module/field_name (cloud_simple/rh_min) NOT registered
2025-06-14 08:24:42,406 - isca - DEBUG - 
2025-06-14 08:24:42,406 - isca - DEBUG - 
2025-06-14 08:24:42,406 - isca - WARNING - WARNING from PE    0: diag_util_mod::opening_file: module/field_name (socrates/soc_toa_sw_down_clr) NOT registered
2025-06-14 08:24:42,406 - isca - DEBUG - 
2025-06-14 08:24:42,406 - isca - DEBUG - 
2025-06-14 08:24:42,406 - isca - WARNING - WARNING from PE    0: diag_util_mod::opening_file: module/field_name (cloud_simple/rh_min) NOT registered
2025-06-14 08:24:42,406 - isca - DEBUG - 
2025-06-14 08:24:42,417 - isca - DEBUG - NOTE from PE    0: MPP_IO_SET_STACK_SIZE: stack size set to     393216.
2025-06-14 08:24:42,527 - isca - DEBUG - MPP_DOMAINS_STACK high water mark=       49152
2025-06-14 08:24:42,527 - isca - DEBUG - 
2025-06-14 08:24:42,528 - isca - DEBUG - Tabulating mpp_clock statistics across     16 PEs...
2025-06-14 08:24:42,528 - isca - DEBUG - 
2025-06-14 08:24:42,528 - isca - DEBUG - tmin          tmax          tavg          tstd  tfrac grain pemin pemax
2025-06-14 08:24:42,528 - isca - DEBUG - Total runtime                      1439.677652   1439.685775   1439.682385      0.002435  1.000     0     0    15
2025-06-14 08:24:42,528 - isca - DEBUG - MPP_STACK high water mark=           0
2025-06-14 08:24:42,663 - isca - INFO - Run 751 complete
2025-06-14 08:24:43,560 - isca - DEBUG - atmos_monthly.nc combined and copied to data directory
2025-06-14 08:24:47,156 - isca - INFO - Restart archive created at /proj/bolinc/users/x_ryabo/Isca-Ryan_outputs/presentday_1540_Sun_noO3_1950/restarts/res0751.tar.gz
2025-06-14 08:24:47,168 - isca - INFO - Writing namelist to '/proj/bolinc/users/x_ryabo/Isca-Ryan_outputs/presentday_1540_Sun_noO3_1950/run0751/input.nml'
2025-06-14 08:24:47,170 - isca - INFO - Writing field_table to '/proj/bolinc/users/x_ryabo/Isca-Ryan_outputs/presentday_1540_Sun_noO3_1950/run0751/field_table'
2025-06-14 08:24:47,182 - isca - INFO - Writing diag_table to '/proj/bolinc/users/x_ryabo/Isca-Ryan_outputs/presentday_1540_Sun_noO3_1950/run0751/diag_table'
2025-06-14 08:24:47,494 - isca - INFO - Emptied run directory '/home/x_ryabo/Isca-Ryan_tmp/experiment/presentday_1540_Sun_noO3_1950/run'
2025-06-14 08:24:47,513 - isca - INFO - Emptied run directory '/home/x_ryabo/Isca-Ryan_tmp/experiment/presentday_1540_Sun_noO3_1950/run'
2025-06-14 08:24:47,728 - isca - INFO - Writing namelist to '/home/x_ryabo/Isca-Ryan_tmp/experiment/presentday_1540_Sun_noO3_1950/run/input.nml'
2025-06-14 08:24:47,729 - isca - INFO - Writing field_table to '/home/x_ryabo/Isca-Ryan_tmp/experiment/presentday_1540_Sun_noO3_1950/run/field_table'
2025-06-14 08:24:47,742 - isca - INFO - Writing diag_table to '/home/x_ryabo/Isca-Ryan_tmp/experiment/presentday_1540_Sun_noO3_1950/run/diag_table'
2025-06-14 08:24:47,769 - isca - INFO - Using restart file '/proj/bolinc/users/x_ryabo/Isca-Ryan_outputs/presentday_1540_Sun_noO3_1950/restarts/res0751.tar.gz'
2025-06-14 08:24:48,188 - isca - INFO - Restart /proj/bolinc/users/x_ryabo/Isca-Ryan_outputs/presentday_1540_Sun_noO3_1950/restarts/res0751.tar.gz extracted to /home/x_ryabo/Isca-Ryan_tmp/experiment/presentday_1540_Sun_noO3_1950/run/INPUT
2025-06-14 08:24:48,189 - isca - INFO - Beginning run 752
2025-06-14 08:24:48,200 - isca - INFO - process running as 1044949
2025-06-14 08:24:48,200 - isca - DEBUG - loadmodules for Isca on NSC cluster Tetralith
2025-06-14 08:24:48,201 - isca - DEBUG - mpiifort
2025-06-14 08:24:48,299 - isca - DEBUG - The following modules were not unloaded:
2025-06-14 08:24:48,299 - isca - DEBUG - (Use "module --force purge" to unload all):
2025-06-14 08:24:48,299 - isca - DEBUG - 
2025-06-14 08:24:48,299 - isca - DEBUG - 1) hpc/.1.10.1
2025-06-14 08:24:48,395 - isca - DEBUG - ***************************************************
2025-06-14 08:24:48,395 - isca - DEBUG - You have loaded a buildenv module
2025-06-14 08:24:48,395 - isca - DEBUG - ***************************************************
2025-06-14 08:24:48,395 - isca - DEBUG - The buldenv-intel module makes available:
2025-06-14 08:24:48,396 - isca - DEBUG - - Compilers: icc, ifort, etc.
2025-06-14 08:24:48,396 - isca - DEBUG - - Mpi library with mpi-wrapped compilers: intel mpi with mpicc, mpifort, etc.
2025-06-14 08:24:48,396 - isca - DEBUG - - Numerical libraries: intel MKL
2025-06-14 08:24:48,396 - isca - DEBUG - 
2025-06-14 08:24:48,396 - isca - DEBUG - It also makes a set of dependency library modules available via
2025-06-14 08:24:48,396 - isca - DEBUG - the regular module command. Just do:
2025-06-14 08:24:48,396 - isca - DEBUG - module avail
2025-06-14 08:24:48,396 - isca - DEBUG - to see what is available.
2025-06-14 08:24:48,396 - isca - DEBUG - 
2025-06-14 08:24:48,396 - isca - DEBUG - NOTE: You shoud never load build environments inside submitted jobs.
2025-06-14 08:24:48,396 - isca - DEBUG - (with the single exception of when using supercomputer time to compile code.)
2025-06-14 08:24:48,396 - isca - DEBUG - 
2025-06-14 08:24:49,606 - isca - DEBUG - NOTE from PE    0: MPP_DOMAINS_SET_STACK_SIZE: stack size set to    32768.
2025-06-14 08:24:49,607 - isca - DEBUG - &MPP_IO_NML
2025-06-14 08:24:49,607 - isca - DEBUG - HEADER_BUFFER_VAL       =       16384,
2025-06-14 08:24:49,607 - isca - DEBUG - GLOBAL_FIELD_ON_ROOT_PE = T,
2025-06-14 08:24:49,607 - isca - DEBUG - IO_CLOCKS_ON    = F,
2025-06-14 08:24:49,607 - isca - DEBUG - SHUFFLE =           0,
2025-06-14 08:24:49,607 - isca - DEBUG - DEFLATE_LEVEL   =          -1
2025-06-14 08:24:49,607 - isca - DEBUG - /
2025-06-14 08:24:49,608 - isca - DEBUG - NOTE from PE    0: MPP_IO_SET_STACK_SIZE: stack size set to     131072.
2025-06-14 08:24:49,609 - isca - DEBUG - NOTE from PE    0: MPP_DOMAINS_SET_STACK_SIZE: stack size set to   600000.
2025-06-14 08:24:49,617 - isca - DEBUG - starting            1  OpenMP threads per MPI-task
2025-06-14 08:24:49,619 - isca - DEBUG - ATMOS MODEL DOMAIN DECOMPOSITION
2025-06-14 08:24:49,619 - isca - DEBUG - X-AXIS =  128
2025-06-14 08:24:49,619 - isca - DEBUG - Y-AXIS =    4   4   4   4   4   4   4   4   4   4   4   4   4   4   4   4
2025-06-14 08:24:49,673 - isca - DEBUG - 
2025-06-14 08:24:49,673 - isca - DEBUG - 
2025-06-14 08:24:49,673 - isca - WARNING - WARNING from PE    8: socrates_init: dt_rad does not fit into one day an integer number of times
2025-06-14 08:24:49,673 - isca - DEBUG - 
2025-06-14 08:24:49,673 - isca - DEBUG - 
2025-06-14 08:24:49,673 - isca - WARNING - WARNING from PE   14: socrates_init: dt_rad does not fit into one day an integer number of times
2025-06-14 08:24:49,673 - isca - DEBUG - 
2025-06-14 08:24:49,673 - isca - DEBUG - 
2025-06-14 08:24:49,673 - isca - WARNING - WARNING from PE   15: socrates_init: dt_rad does not fit into one day an integer number of times
2025-06-14 08:24:49,673 - isca - DEBUG - 
2025-06-14 08:24:49,673 - isca - WARNING - WARNING from PE   11: socrates_init: dt_rad does not fit into one day an integer number of times
2025-06-14 08:24:49,673 - isca - DEBUG - 
2025-06-14 08:24:49,673 - isca - DEBUG - 
2025-06-14 08:24:49,673 - isca - DEBUG - 
2025-06-14 08:24:49,673 - isca - WARNING - WARNING from PE    9: socrates_init: dt_rad does not fit into one day an integer number of times
2025-06-14 08:24:49,673 - isca - DEBUG - 
2025-06-14 08:24:49,674 - isca - DEBUG - 
2025-06-14 08:24:49,674 - isca - WARNING - WARNING from PE   12: socrates_init: dt_rad does not fit into one day an integer number of times
2025-06-14 08:24:49,674 - isca - DEBUG - 
2025-06-14 08:24:49,674 - isca - DEBUG - 
2025-06-14 08:24:49,674 - isca - WARNING - WARNING from PE   13: socrates_init: dt_rad does not fit into one day an integer number of times
2025-06-14 08:24:49,674 - isca - DEBUG - 
2025-06-14 08:24:49,674 - isca - WARNING - WARNING from PE   10: socrates_init: dt_rad does not fit into one day an integer number of times
2025-06-14 08:24:49,674 - isca - DEBUG - 
2025-06-14 08:24:49,675 - isca - DEBUG - NOTE from PE    0: cloud_simple: Using SimCloud cloud scheme
2025-06-14 08:24:49,676 - isca - DEBUG - NOTE from PE    0: ls_cloud: Using linear cloud fraction diagnostic formula.
2025-06-14 08:24:49,676 - isca - DEBUG - NOTE from PE    0: cloud_cover: The cloud overlap assumption is MAXIMUM-RANDOM
2025-06-14 08:24:49,676 - isca - DEBUG - NOTE from PE    0: idealized_moist_phys: Using Frierson Quasi-Equilibrium convection scheme.
2025-06-14 08:24:49,681 - isca - DEBUG - 
2025-06-14 08:24:49,681 - isca - WARNING - WARNING from PE    3: socrates_init: dt_rad does not fit into one day an integer number of times
2025-06-14 08:24:49,681 - isca - DEBUG - 
2025-06-14 08:24:49,681 - isca - DEBUG - 
2025-06-14 08:24:49,681 - isca - WARNING - WARNING from PE    1: socrates_init: dt_rad does not fit into one day an integer number of times
2025-06-14 08:24:49,681 - isca - DEBUG - 
2025-06-14 08:24:49,681 - isca - DEBUG - 
2025-06-14 08:24:49,681 - isca - DEBUG - 
2025-06-14 08:24:49,681 - isca - WARNING - WARNING from PE    2: socrates_init: dt_rad does not fit into one day an integer number of times
2025-06-14 08:24:49,681 - isca - DEBUG - 
2025-06-14 08:24:49,681 - isca - WARNING - WARNING from PE    5: socrates_init: dt_rad does not fit into one day an integer number of times
2025-06-14 08:24:49,681 - isca - DEBUG - 
2025-06-14 08:24:49,681 - isca - DEBUG - 
2025-06-14 08:24:49,681 - isca - DEBUG - 
2025-06-14 08:24:49,681 - isca - WARNING - WARNING from PE    6: socrates_init: dt_rad does not fit into one day an integer number of times
2025-06-14 08:24:49,682 - isca - DEBUG - 
2025-06-14 08:24:49,682 - isca - DEBUG - 
2025-06-14 08:24:49,682 - isca - WARNING - WARNING from PE    7: socrates_init: dt_rad does not fit into one day an integer number of times
2025-06-14 08:24:49,682 - isca - DEBUG - 
2025-06-14 08:24:49,682 - isca - WARNING - WARNING from PE    4: socrates_init: dt_rad does not fit into one day an integer number of times
2025-06-14 08:24:49,682 - isca - DEBUG - 
2025-06-14 08:24:49,685 - isca - DEBUG - 
2025-06-14 08:24:49,685 - isca - WARNING - WARNING from PE    0: socrates_init: dt_rad does not fit into one day an integer number of times
2025-06-14 08:24:49,686 - isca - DEBUG - 
2025-06-14 08:24:49,686 - isca - DEBUG - 
2025-06-14 08:24:49,686 - isca - WARNING - WARNING from PE    0: socrates_init: dt_rad does not fit into one day an integer number of times
2025-06-14 08:24:49,686 - isca - DEBUG - 
2025-06-14 08:24:49,686 - isca - DEBUG - 
2025-06-14 08:24:49,686 - isca - WARNING - WARNING from PE    0: socrates_init: lw_hires_spectral_filename is unset, making equal to lw_spectral_filename
2025-06-14 08:24:49,686 - isca - DEBUG - 
2025-06-14 08:24:49,686 - isca - DEBUG - 
2025-06-14 08:24:49,686 - isca - WARNING - WARNING from PE    0: socrates_init: lw_hires_spectral_filename is unset, making equal to lw_spectral_filename
2025-06-14 08:24:49,686 - isca - DEBUG - 
2025-06-14 08:24:49,686 - isca - DEBUG - 
2025-06-14 08:24:49,686 - isca - WARNING - WARNING from PE    0: socrates_init: sw_hires_spectral_filename is unset, making equal to sw_spectral_filename
2025-06-14 08:24:49,686 - isca - DEBUG - 
2025-06-14 08:24:49,686 - isca - DEBUG - 
2025-06-14 08:24:49,686 - isca - WARNING - WARNING from PE    0: socrates_init: sw_hires_spectral_filename is unset, making equal to sw_spectral_filename
2025-06-14 08:24:49,686 - isca - DEBUG - 
2025-06-14 08:24:50,900 - isca - DEBUG - NOTE from PE    0: Interpolator: Using input file with no time dimension - ozone_1990_notime_zero.nc
2025-06-14 08:24:50,900 - isca - DEBUG - Initializing src field : ozone_1990
2025-06-14 08:24:50,902 - isca - DEBUG - 
2025-06-14 08:24:50,902 - isca - DEBUG - -----------------------------------
2025-06-14 08:24:50,902 - isca - DEBUG - ____                       _
2025-06-14 08:24:50,902 - isca - DEBUG - / ___|  ___   ___ _ __ __ _| |_ ___  ___
2025-06-14 08:24:50,902 - isca - DEBUG - \___ \ / _ \ / __|  __/ _` | __/ _ \/ __|
2025-06-14 08:24:50,902 - isca - DEBUG - ___) | (_) | (__| | | (_| | ||  __/\__ \
2025-06-14 08:24:50,902 - isca - DEBUG - |____/ \___/ \___|_|  \__,_|\__\___||___/
2025-06-14 08:24:50,902 - isca - DEBUG - 
2025-06-14 08:24:50,902 - isca - DEBUG - Initialised Socrates v17.03
2025-06-14 08:24:50,902 - isca - DEBUG - Stellar constant =    1950.00000000000
2025-06-14 08:24:50,902 - isca - DEBUG - Longwave spectral file =
2025-06-14 08:24:50,902 - isca - DEBUG - /proj/bolinc/users/x_ryabo/socrates_edited_for_isca/spectral_files_for_GCMs/Sun
2025-06-14 08:24:50,903 - isca - DEBUG - /miniSuran_lw.sf WITH           16  bands
2025-06-14 08:24:50,903 - isca - DEBUG - Longwave hires spectral file =
2025-06-14 08:24:50,903 - isca - DEBUG - /proj/bolinc/users/x_ryabo/socrates_edited_for_isca/spectral_files_for_GCMs/Sun
2025-06-14 08:24:50,903 - isca - DEBUG - /miniSuran_lw.sf WITH           16  bands
2025-06-14 08:24:50,903 - isca - DEBUG - Shortwave spectral file =
2025-06-14 08:24:50,903 - isca - DEBUG - /proj/bolinc/users/x_ryabo/socrates_edited_for_isca/spectral_files_for_GCMs/Sun
2025-06-14 08:24:50,903 - isca - DEBUG - /miniSuran_sw.sf WITH           16  bands
2025-06-14 08:24:50,903 - isca - DEBUG - Shortwave hires spectral file =
2025-06-14 08:24:50,903 - isca - DEBUG - /proj/bolinc/users/x_ryabo/socrates_edited_for_isca/spectral_files_for_GCMs/Sun
2025-06-14 08:24:50,903 - isca - DEBUG - /miniSuran_sw.sf WITH           16  bands
2025-06-14 08:24:50,903 - isca - DEBUG - 
2025-06-14 08:24:50,903 - isca - DEBUG - -----------------------------------
2025-06-14 08:24:50,903 - isca - DEBUG - 
2025-06-14 08:25:39,487 - isca - DEBUG - Integration completed through 22531 days     0 seconds
2025-06-14 08:26:28,123 - isca - DEBUG - Integration completed through 22532 days     0 seconds
2025-06-14 08:27:16,569 - isca - DEBUG - Integration completed through 22533 days     0 seconds
2025-06-14 08:28:05,080 - isca - DEBUG - Integration completed through 22534 days     0 seconds
2025-06-14 08:28:53,271 - isca - DEBUG - Integration completed through 22535 days     0 seconds
2025-06-14 08:29:41,332 - isca - DEBUG - Integration completed through 22536 days     0 seconds
2025-06-14 08:30:29,346 - isca - DEBUG - Integration completed through 22537 days     0 seconds
2025-06-14 08:31:17,357 - isca - DEBUG - Integration completed through 22538 days     0 seconds
2025-06-14 08:32:05,454 - isca - DEBUG - Integration completed through 22539 days     0 seconds
2025-06-14 08:32:53,729 - isca - DEBUG - Integration completed through 22540 days     0 seconds
2025-06-14 08:33:41,705 - isca - DEBUG - Integration completed through 22541 days     0 seconds
2025-06-14 08:34:29,596 - isca - DEBUG - Integration completed through 22542 days     0 seconds
2025-06-14 08:35:17,599 - isca - DEBUG - Integration completed through 22543 days     0 seconds
2025-06-14 08:36:05,703 - isca - DEBUG - Integration completed through 22544 days     0 seconds
2025-06-14 08:36:53,667 - isca - DEBUG - Integration completed through 22545 days     0 seconds
2025-06-14 08:37:41,416 - isca - DEBUG - Integration completed through 22546 days     0 seconds
2025-06-14 08:38:29,433 - isca - DEBUG - Integration completed through 22547 days     0 seconds
2025-06-14 08:39:17,264 - isca - DEBUG - Integration completed through 22548 days     0 seconds
2025-06-14 08:40:05,156 - isca - DEBUG - Integration completed through 22549 days     0 seconds
2025-06-14 08:40:53,049 - isca - DEBUG - Integration completed through 22550 days     0 seconds
2025-06-14 08:41:40,768 - isca - DEBUG - Integration completed through 22551 days     0 seconds
2025-06-14 08:42:28,432 - isca - DEBUG - Integration completed through 22552 days     0 seconds
2025-06-14 08:43:16,111 - isca - DEBUG - Integration completed through 22553 days     0 seconds
2025-06-14 08:44:04,381 - isca - DEBUG - Integration completed through 22554 days     0 seconds
2025-06-14 08:44:52,330 - isca - DEBUG - Integration completed through 22555 days     0 seconds
2025-06-14 08:45:39,872 - isca - DEBUG - Integration completed through 22556 days     0 seconds
2025-06-14 08:46:27,685 - isca - DEBUG - Integration completed through 22557 days     0 seconds
2025-06-14 08:47:15,679 - isca - DEBUG - Integration completed through 22558 days     0 seconds
2025-06-14 08:48:03,645 - isca - DEBUG - Integration completed through 22559 days     0 seconds
2025-06-14 08:48:51,706 - isca - DEBUG - Integration completed through 22560 days     0 seconds
2025-06-14 08:48:51,713 - isca - DEBUG - 
2025-06-14 08:48:51,713 - isca - WARNING - WARNING from PE    0: diag_util_mod::opening_file: module/field_name (socrates/soc_toa_sw_down_clr) NOT registered
2025-06-14 08:48:51,713 - isca - DEBUG - 
2025-06-14 08:48:51,713 - isca - DEBUG - 
2025-06-14 08:48:51,713 - isca - WARNING - WARNING from PE    0: diag_util_mod::opening_file: module/field_name (socrates/soc_toa_sw_down_clr) NOT registered
2025-06-14 08:48:51,713 - isca - DEBUG - 
2025-06-14 08:48:51,713 - isca - DEBUG - 
2025-06-14 08:48:51,713 - isca - WARNING - WARNING from PE    0: diag_util_mod::opening_file: module/field_name (cloud_simple/rh_min) NOT registered
2025-06-14 08:48:51,713 - isca - DEBUG - 
2025-06-14 08:48:51,714 - isca - DEBUG - 
2025-06-14 08:48:51,714 - isca - WARNING - WARNING from PE    0: diag_util_mod::opening_file: module/field_name (cloud_simple/rh_min) NOT registered
2025-06-14 08:48:51,714 - isca - DEBUG - 
2025-06-14 08:48:51,724 - isca - DEBUG - NOTE from PE    0: MPP_IO_SET_STACK_SIZE: stack size set to     393216.
2025-06-14 08:48:51,850 - isca - DEBUG - MPP_DOMAINS_STACK high water mark=       49152
2025-06-14 08:48:51,850 - isca - DEBUG - 
2025-06-14 08:48:51,850 - isca - DEBUG - Tabulating mpp_clock statistics across     16 PEs...
2025-06-14 08:48:51,850 - isca - DEBUG - 
2025-06-14 08:48:51,850 - isca - DEBUG - tmin          tmax          tavg          tstd  tfrac grain pemin pemax
2025-06-14 08:48:51,850 - isca - DEBUG - Total runtime                      1442.239798   1442.246879   1442.243667      0.001844  1.000     0     0    15
2025-06-14 08:48:51,850 - isca - DEBUG - MPP_STACK high water mark=           0
2025-06-14 08:48:52,008 - isca - INFO - Run 752 complete
2025-06-14 08:48:52,843 - isca - DEBUG - atmos_monthly.nc combined and copied to data directory
2025-06-14 08:48:56,377 - isca - INFO - Restart archive created at /proj/bolinc/users/x_ryabo/Isca-Ryan_outputs/presentday_1540_Sun_noO3_1950/restarts/res0752.tar.gz
2025-06-14 08:48:56,391 - isca - INFO - Writing namelist to '/proj/bolinc/users/x_ryabo/Isca-Ryan_outputs/presentday_1540_Sun_noO3_1950/run0752/input.nml'
2025-06-14 08:48:56,395 - isca - INFO - Writing field_table to '/proj/bolinc/users/x_ryabo/Isca-Ryan_outputs/presentday_1540_Sun_noO3_1950/run0752/field_table'
2025-06-14 08:48:56,413 - isca - INFO - Writing diag_table to '/proj/bolinc/users/x_ryabo/Isca-Ryan_outputs/presentday_1540_Sun_noO3_1950/run0752/diag_table'
2025-06-14 08:48:56,667 - isca - INFO - Emptied run directory '/home/x_ryabo/Isca-Ryan_tmp/experiment/presentday_1540_Sun_noO3_1950/run'
2025-06-14 08:48:56,685 - isca - INFO - Emptied run directory '/home/x_ryabo/Isca-Ryan_tmp/experiment/presentday_1540_Sun_noO3_1950/run'
2025-06-14 08:48:56,899 - isca - INFO - Writing namelist to '/home/x_ryabo/Isca-Ryan_tmp/experiment/presentday_1540_Sun_noO3_1950/run/input.nml'
2025-06-14 08:48:56,901 - isca - INFO - Writing field_table to '/home/x_ryabo/Isca-Ryan_tmp/experiment/presentday_1540_Sun_noO3_1950/run/field_table'
2025-06-14 08:48:56,912 - isca - INFO - Writing diag_table to '/home/x_ryabo/Isca-Ryan_tmp/experiment/presentday_1540_Sun_noO3_1950/run/diag_table'
2025-06-14 08:48:56,925 - isca - INFO - Using restart file '/proj/bolinc/users/x_ryabo/Isca-Ryan_outputs/presentday_1540_Sun_noO3_1950/restarts/res0752.tar.gz'
2025-06-14 08:48:57,349 - isca - INFO - Restart /proj/bolinc/users/x_ryabo/Isca-Ryan_outputs/presentday_1540_Sun_noO3_1950/restarts/res0752.tar.gz extracted to /home/x_ryabo/Isca-Ryan_tmp/experiment/presentday_1540_Sun_noO3_1950/run/INPUT
2025-06-14 08:48:57,350 - isca - INFO - Beginning run 753
2025-06-14 08:48:57,364 - isca - INFO - process running as 1046146
2025-06-14 08:48:57,364 - isca - DEBUG - loadmodules for Isca on NSC cluster Tetralith
2025-06-14 08:48:57,365 - isca - DEBUG - mpiifort
2025-06-14 08:48:57,460 - isca - DEBUG - The following modules were not unloaded:
2025-06-14 08:48:57,460 - isca - DEBUG - (Use "module --force purge" to unload all):
2025-06-14 08:48:57,460 - isca - DEBUG - 
2025-06-14 08:48:57,460 - isca - DEBUG - 1) hpc/.1.10.1
2025-06-14 08:48:57,556 - isca - DEBUG - ***************************************************
2025-06-14 08:48:57,556 - isca - DEBUG - You have loaded a buildenv module
2025-06-14 08:48:57,556 - isca - DEBUG - ***************************************************
2025-06-14 08:48:57,556 - isca - DEBUG - The buldenv-intel module makes available:
2025-06-14 08:48:57,556 - isca - DEBUG - - Compilers: icc, ifort, etc.
2025-06-14 08:48:57,557 - isca - DEBUG - - Mpi library with mpi-wrapped compilers: intel mpi with mpicc, mpifort, etc.
2025-06-14 08:48:57,557 - isca - DEBUG - - Numerical libraries: intel MKL
2025-06-14 08:48:57,557 - isca - DEBUG - 
2025-06-14 08:48:57,557 - isca - DEBUG - It also makes a set of dependency library modules available via
2025-06-14 08:48:57,557 - isca - DEBUG - the regular module command. Just do:
2025-06-14 08:48:57,557 - isca - DEBUG - module avail
2025-06-14 08:48:57,557 - isca - DEBUG - to see what is available.
2025-06-14 08:48:57,557 - isca - DEBUG - 
2025-06-14 08:48:57,557 - isca - DEBUG - NOTE: You shoud never load build environments inside submitted jobs.
2025-06-14 08:48:57,557 - isca - DEBUG - (with the single exception of when using supercomputer time to compile code.)
2025-06-14 08:48:57,557 - isca - DEBUG - 
2025-06-14 08:48:58,772 - isca - DEBUG - NOTE from PE    0: MPP_DOMAINS_SET_STACK_SIZE: stack size set to    32768.
2025-06-14 08:48:58,773 - isca - DEBUG - &MPP_IO_NML
2025-06-14 08:48:58,773 - isca - DEBUG - HEADER_BUFFER_VAL       =       16384,
2025-06-14 08:48:58,773 - isca - DEBUG - GLOBAL_FIELD_ON_ROOT_PE = T,
2025-06-14 08:48:58,773 - isca - DEBUG - IO_CLOCKS_ON    = F,
2025-06-14 08:48:58,773 - isca - DEBUG - SHUFFLE =           0,
2025-06-14 08:48:58,773 - isca - DEBUG - DEFLATE_LEVEL   =          -1
2025-06-14 08:48:58,773 - isca - DEBUG - /
2025-06-14 08:48:58,774 - isca - DEBUG - NOTE from PE    0: MPP_IO_SET_STACK_SIZE: stack size set to     131072.
2025-06-14 08:48:58,776 - isca - DEBUG - NOTE from PE    0: MPP_DOMAINS_SET_STACK_SIZE: stack size set to   600000.
2025-06-14 08:48:58,783 - isca - DEBUG - starting            1  OpenMP threads per MPI-task
2025-06-14 08:48:58,785 - isca - DEBUG - ATMOS MODEL DOMAIN DECOMPOSITION
2025-06-14 08:48:58,785 - isca - DEBUG - X-AXIS =  128
2025-06-14 08:48:58,785 - isca - DEBUG - Y-AXIS =    4   4   4   4   4   4   4   4   4   4   4   4   4   4   4   4
2025-06-14 08:48:58,836 - isca - DEBUG - 
2025-06-14 08:48:58,836 - isca - DEBUG - 
2025-06-14 08:48:58,836 - isca - WARNING - WARNING from PE   12: socrates_init: dt_rad does not fit into one day an integer number of times
2025-06-14 08:48:58,836 - isca - DEBUG - 
2025-06-14 08:48:58,836 - isca - WARNING - WARNING from PE   13: socrates_init: dt_rad does not fit into one day an integer number of times
2025-06-14 08:48:58,836 - isca - DEBUG - 
2025-06-14 08:48:58,836 - isca - DEBUG - 
2025-06-14 08:48:58,836 - isca - WARNING - WARNING from PE   15: socrates_init: dt_rad does not fit into one day an integer number of times
2025-06-14 08:48:58,836 - isca - DEBUG - 
2025-06-14 08:48:58,836 - isca - DEBUG - 
2025-06-14 08:48:58,836 - isca - WARNING - WARNING from PE    8: socrates_init: dt_rad does not fit into one day an integer number of times
2025-06-14 08:48:58,836 - isca - DEBUG - 
2025-06-14 08:48:58,836 - isca - DEBUG - 
2025-06-14 08:48:58,836 - isca - WARNING - WARNING from PE   14: socrates_init: dt_rad does not fit into one day an integer number of times
2025-06-14 08:48:58,836 - isca - DEBUG - 
2025-06-14 08:48:58,836 - isca - DEBUG - 
2025-06-14 08:48:58,836 - isca - WARNING - WARNING from PE   11: socrates_init: dt_rad does not fit into one day an integer number of times
2025-06-14 08:48:58,837 - isca - DEBUG - 
2025-06-14 08:48:58,837 - isca - DEBUG - 
2025-06-14 08:48:58,837 - isca - WARNING - WARNING from PE    9: socrates_init: dt_rad does not fit into one day an integer number of times
2025-06-14 08:48:58,837 - isca - DEBUG - 
2025-06-14 08:48:58,838 - isca - DEBUG - 
2025-06-14 08:48:58,838 - isca - WARNING - WARNING from PE   10: socrates_init: dt_rad does not fit into one day an integer number of times
2025-06-14 08:48:58,838 - isca - DEBUG - 
2025-06-14 08:48:58,839 - isca - DEBUG - NOTE from PE    0: cloud_simple: Using SimCloud cloud scheme
2025-06-14 08:48:58,840 - isca - DEBUG - NOTE from PE    0: ls_cloud: Using linear cloud fraction diagnostic formula.
2025-06-14 08:48:58,841 - isca - DEBUG - NOTE from PE    0: cloud_cover: The cloud overlap assumption is MAXIMUM-RANDOM
2025-06-14 08:48:58,841 - isca - DEBUG - NOTE from PE    0: idealized_moist_phys: Using Frierson Quasi-Equilibrium convection scheme.
2025-06-14 08:48:58,845 - isca - DEBUG - 
2025-06-14 08:48:58,845 - isca - WARNING - WARNING from PE    3: socrates_init: dt_rad does not fit into one day an integer number of times
2025-06-14 08:48:58,845 - isca - DEBUG - 
2025-06-14 08:48:58,845 - isca - DEBUG - 
2025-06-14 08:48:58,845 - isca - WARNING - WARNING from PE    5: socrates_init: dt_rad does not fit into one day an integer number of times
2025-06-14 08:48:58,845 - isca - DEBUG - 
2025-06-14 08:48:58,845 - isca - WARNING - WARNING from PE    7: socrates_init: dt_rad does not fit into one day an integer number of times
2025-06-14 08:48:58,845 - isca - DEBUG - 
2025-06-14 08:48:58,845 - isca - DEBUG - 
2025-06-14 08:48:58,845 - isca - DEBUG - 
2025-06-14 08:48:58,845 - isca - WARNING - WARNING from PE    2: socrates_init: dt_rad does not fit into one day an integer number of times
2025-06-14 08:48:58,845 - isca - DEBUG - 
2025-06-14 08:48:58,845 - isca - DEBUG - 
2025-06-14 08:48:58,845 - isca - WARNING - WARNING from PE    6: socrates_init: dt_rad does not fit into one day an integer number of times
2025-06-14 08:48:58,845 - isca - DEBUG - 
2025-06-14 08:48:58,845 - isca - DEBUG - 
2025-06-14 08:48:58,845 - isca - WARNING - WARNING from PE    4: socrates_init: dt_rad does not fit into one day an integer number of times
2025-06-14 08:48:58,845 - isca - DEBUG - 
2025-06-14 08:48:58,846 - isca - DEBUG - 
2025-06-14 08:48:58,846 - isca - WARNING - WARNING from PE    1: socrates_init: dt_rad does not fit into one day an integer number of times
2025-06-14 08:48:58,846 - isca - DEBUG - 
2025-06-14 08:48:58,850 - isca - DEBUG - 
2025-06-14 08:48:58,850 - isca - WARNING - WARNING from PE    0: socrates_init: dt_rad does not fit into one day an integer number of times
2025-06-14 08:48:58,851 - isca - DEBUG - 
2025-06-14 08:48:58,851 - isca - DEBUG - 
2025-06-14 08:48:58,851 - isca - WARNING - WARNING from PE    0: socrates_init: dt_rad does not fit into one day an integer number of times
2025-06-14 08:48:58,851 - isca - DEBUG - 
2025-06-14 08:48:58,851 - isca - DEBUG - 
2025-06-14 08:48:58,851 - isca - WARNING - WARNING from PE    0: socrates_init: lw_hires_spectral_filename is unset, making equal to lw_spectral_filename
2025-06-14 08:48:58,851 - isca - DEBUG - 
2025-06-14 08:48:58,851 - isca - DEBUG - 
2025-06-14 08:48:58,851 - isca - WARNING - WARNING from PE    0: socrates_init: lw_hires_spectral_filename is unset, making equal to lw_spectral_filename
2025-06-14 08:48:58,851 - isca - DEBUG - 
2025-06-14 08:48:58,851 - isca - DEBUG - 
2025-06-14 08:48:58,851 - isca - WARNING - WARNING from PE    0: socrates_init: sw_hires_spectral_filename is unset, making equal to sw_spectral_filename
2025-06-14 08:48:58,851 - isca - DEBUG - 
2025-06-14 08:48:58,851 - isca - DEBUG - 
2025-06-14 08:48:58,851 - isca - WARNING - WARNING from PE    0: socrates_init: sw_hires_spectral_filename is unset, making equal to sw_spectral_filename
2025-06-14 08:48:58,851 - isca - DEBUG - 
2025-06-14 08:49:00,068 - isca - DEBUG - NOTE from PE    0: Interpolator: Using input file with no time dimension - ozone_1990_notime_zero.nc
2025-06-14 08:49:00,068 - isca - DEBUG - Initializing src field : ozone_1990
2025-06-14 08:49:00,070 - isca - DEBUG - 
2025-06-14 08:49:00,070 - isca - DEBUG - -----------------------------------
2025-06-14 08:49:00,070 - isca - DEBUG - ____                       _
2025-06-14 08:49:00,070 - isca - DEBUG - / ___|  ___   ___ _ __ __ _| |_ ___  ___
2025-06-14 08:49:00,070 - isca - DEBUG - \___ \ / _ \ / __|  __/ _` | __/ _ \/ __|
2025-06-14 08:49:00,070 - isca - DEBUG - ___) | (_) | (__| | | (_| | ||  __/\__ \
2025-06-14 08:49:00,070 - isca - DEBUG - |____/ \___/ \___|_|  \__,_|\__\___||___/
2025-06-14 08:49:00,070 - isca - DEBUG - 
2025-06-14 08:49:00,070 - isca - DEBUG - Initialised Socrates v17.03
2025-06-14 08:49:00,070 - isca - DEBUG - Stellar constant =    1950.00000000000
2025-06-14 08:49:00,071 - isca - DEBUG - Longwave spectral file =
2025-06-14 08:49:00,071 - isca - DEBUG - /proj/bolinc/users/x_ryabo/socrates_edited_for_isca/spectral_files_for_GCMs/Sun
2025-06-14 08:49:00,071 - isca - DEBUG - /miniSuran_lw.sf WITH           16  bands
2025-06-14 08:49:00,071 - isca - DEBUG - Longwave hires spectral file =
2025-06-14 08:49:00,071 - isca - DEBUG - /proj/bolinc/users/x_ryabo/socrates_edited_for_isca/spectral_files_for_GCMs/Sun
2025-06-14 08:49:00,071 - isca - DEBUG - /miniSuran_lw.sf WITH           16  bands
2025-06-14 08:49:00,071 - isca - DEBUG - Shortwave spectral file =
2025-06-14 08:49:00,071 - isca - DEBUG - /proj/bolinc/users/x_ryabo/socrates_edited_for_isca/spectral_files_for_GCMs/Sun
2025-06-14 08:49:00,071 - isca - DEBUG - /miniSuran_sw.sf WITH           16  bands
2025-06-14 08:49:00,071 - isca - DEBUG - Shortwave hires spectral file =
2025-06-14 08:49:00,071 - isca - DEBUG - /proj/bolinc/users/x_ryabo/socrates_edited_for_isca/spectral_files_for_GCMs/Sun
2025-06-14 08:49:00,071 - isca - DEBUG - /miniSuran_sw.sf WITH           16  bands
2025-06-14 08:49:00,071 - isca - DEBUG - 
2025-06-14 08:49:00,071 - isca - DEBUG - -----------------------------------
2025-06-14 08:49:00,071 - isca - DEBUG - 
2025-06-14 08:49:48,136 - isca - DEBUG - Integration completed through 22561 days     0 seconds
2025-06-14 08:50:36,038 - isca - DEBUG - Integration completed through 22562 days     0 seconds
2025-06-14 08:51:23,454 - isca - DEBUG - Integration completed through 22563 days     0 seconds
2025-06-14 08:52:10,067 - isca - DEBUG - Integration completed through 22564 days     0 seconds
2025-06-14 08:52:56,774 - isca - DEBUG - Integration completed through 22565 days     0 seconds
2025-06-14 08:53:43,616 - isca - DEBUG - Integration completed through 22566 days     0 seconds
2025-06-14 08:54:29,968 - isca - DEBUG - Integration completed through 22567 days     0 seconds
2025-06-14 08:55:16,178 - isca - DEBUG - Integration completed through 22568 days     0 seconds
2025-06-14 08:56:02,529 - isca - DEBUG - Integration completed through 22569 days     0 seconds
2025-06-14 08:56:49,505 - isca - DEBUG - Integration completed through 22570 days     0 seconds
2025-06-14 08:57:36,610 - isca - DEBUG - Integration completed through 22571 days     0 seconds
2025-06-14 08:58:24,557 - isca - DEBUG - Integration completed through 22572 days     0 seconds
2025-06-14 08:59:12,735 - isca - DEBUG - Integration completed through 22573 days     0 seconds
2025-06-14 09:00:00,945 - isca - DEBUG - Integration completed through 22574 days     0 seconds
2025-06-14 09:00:48,960 - isca - DEBUG - Integration completed through 22575 days     0 seconds
2025-06-14 09:01:37,116 - isca - DEBUG - Integration completed through 22576 days     0 seconds
2025-06-14 09:02:24,833 - isca - DEBUG - Integration completed through 22577 days     0 seconds
2025-06-14 09:03:12,492 - isca - DEBUG - Integration completed through 22578 days     0 seconds
2025-06-14 09:04:00,271 - isca - DEBUG - Integration completed through 22579 days     0 seconds
2025-06-14 09:04:48,184 - isca - DEBUG - Integration completed through 22580 days     0 seconds
2025-06-14 09:05:36,397 - isca - DEBUG - Integration completed through 22581 days     0 seconds
2025-06-14 09:06:24,559 - isca - DEBUG - Integration completed through 22582 days     0 seconds
2025-06-14 09:07:12,394 - isca - DEBUG - Integration completed through 22583 days     0 seconds
2025-06-14 09:08:00,413 - isca - DEBUG - Integration completed through 22584 days     0 seconds
2025-06-14 09:08:48,263 - isca - DEBUG - Integration completed through 22585 days     0 seconds
2025-06-14 09:09:36,083 - isca - DEBUG - Integration completed through 22586 days     0 seconds
2025-06-14 09:10:24,158 - isca - DEBUG - Integration completed through 22587 days     0 seconds
2025-06-14 09:11:11,885 - isca - DEBUG - Integration completed through 22588 days     0 seconds
2025-06-14 09:11:59,490 - isca - DEBUG - Integration completed through 22589 days     0 seconds
2025-06-14 09:12:47,341 - isca - DEBUG - Integration completed through 22590 days     0 seconds
2025-06-14 09:12:47,482 - isca - DEBUG - 
2025-06-14 09:12:47,482 - isca - WARNING - WARNING from PE    0: diag_util_mod::opening_file: module/field_name (socrates/soc_toa_sw_down_clr) NOT registered
2025-06-14 09:12:47,482 - isca - DEBUG - 
2025-06-14 09:12:47,482 - isca - DEBUG - 
2025-06-14 09:12:47,483 - isca - WARNING - WARNING from PE    0: diag_util_mod::opening_file: module/field_name (socrates/soc_toa_sw_down_clr) NOT registered
2025-06-14 09:12:47,483 - isca - DEBUG - 
2025-06-14 09:12:47,483 - isca - DEBUG - 
2025-06-14 09:12:47,483 - isca - WARNING - WARNING from PE    0: diag_util_mod::opening_file: module/field_name (cloud_simple/rh_min) NOT registered
2025-06-14 09:12:47,483 - isca - DEBUG - 
2025-06-14 09:12:47,483 - isca - DEBUG - 
2025-06-14 09:12:47,483 - isca - WARNING - WARNING from PE    0: diag_util_mod::opening_file: module/field_name (cloud_simple/rh_min) NOT registered
2025-06-14 09:12:47,484 - isca - DEBUG - 
2025-06-14 09:12:47,495 - isca - DEBUG - NOTE from PE    0: MPP_IO_SET_STACK_SIZE: stack size set to     393216.
2025-06-14 09:12:47,593 - isca - DEBUG - MPP_DOMAINS_STACK high water mark=       49152
2025-06-14 09:12:47,594 - isca - DEBUG - 
2025-06-14 09:12:47,594 - isca - DEBUG - Tabulating mpp_clock statistics across     16 PEs...
2025-06-14 09:12:47,594 - isca - DEBUG - 
2025-06-14 09:12:47,594 - isca - DEBUG - tmin          tmax          tavg          tstd  tfrac grain pemin pemax
2025-06-14 09:12:47,595 - isca - DEBUG - Total runtime                      1428.820313   1428.825779   1428.823524      0.001754  1.000     0     0    15
2025-06-14 09:12:47,595 - isca - DEBUG - MPP_STACK high water mark=           0
2025-06-14 09:12:47,787 - isca - INFO - Run 753 complete
2025-06-14 09:12:48,676 - isca - DEBUG - atmos_monthly.nc combined and copied to data directory
2025-06-14 09:12:52,234 - isca - INFO - Restart archive created at /proj/bolinc/users/x_ryabo/Isca-Ryan_outputs/presentday_1540_Sun_noO3_1950/restarts/res0753.tar.gz
2025-06-14 09:12:52,246 - isca - INFO - Writing namelist to '/proj/bolinc/users/x_ryabo/Isca-Ryan_outputs/presentday_1540_Sun_noO3_1950/run0753/input.nml'
2025-06-14 09:12:52,249 - isca - INFO - Writing field_table to '/proj/bolinc/users/x_ryabo/Isca-Ryan_outputs/presentday_1540_Sun_noO3_1950/run0753/field_table'
2025-06-14 09:12:52,260 - isca - INFO - Writing diag_table to '/proj/bolinc/users/x_ryabo/Isca-Ryan_outputs/presentday_1540_Sun_noO3_1950/run0753/diag_table'
2025-06-14 09:12:52,524 - isca - INFO - Emptied run directory '/home/x_ryabo/Isca-Ryan_tmp/experiment/presentday_1540_Sun_noO3_1950/run'
2025-06-14 09:12:52,543 - isca - INFO - Emptied run directory '/home/x_ryabo/Isca-Ryan_tmp/experiment/presentday_1540_Sun_noO3_1950/run'
2025-06-14 09:12:52,759 - isca - INFO - Writing namelist to '/home/x_ryabo/Isca-Ryan_tmp/experiment/presentday_1540_Sun_noO3_1950/run/input.nml'
2025-06-14 09:12:52,760 - isca - INFO - Writing field_table to '/home/x_ryabo/Isca-Ryan_tmp/experiment/presentday_1540_Sun_noO3_1950/run/field_table'
2025-06-14 09:12:52,771 - isca - INFO - Writing diag_table to '/home/x_ryabo/Isca-Ryan_tmp/experiment/presentday_1540_Sun_noO3_1950/run/diag_table'
2025-06-14 09:12:52,797 - isca - INFO - Using restart file '/proj/bolinc/users/x_ryabo/Isca-Ryan_outputs/presentday_1540_Sun_noO3_1950/restarts/res0753.tar.gz'
2025-06-14 09:12:53,217 - isca - INFO - Restart /proj/bolinc/users/x_ryabo/Isca-Ryan_outputs/presentday_1540_Sun_noO3_1950/restarts/res0753.tar.gz extracted to /home/x_ryabo/Isca-Ryan_tmp/experiment/presentday_1540_Sun_noO3_1950/run/INPUT
2025-06-14 09:12:53,217 - isca - INFO - Beginning run 754
2025-06-14 09:12:53,229 - isca - INFO - process running as 1047329
2025-06-14 09:12:53,229 - isca - DEBUG - loadmodules for Isca on NSC cluster Tetralith
2025-06-14 09:12:53,229 - isca - DEBUG - mpiifort
2025-06-14 09:12:53,394 - isca - DEBUG - The following modules were not unloaded:
2025-06-14 09:12:53,394 - isca - DEBUG - (Use "module --force purge" to unload all):
2025-06-14 09:12:53,394 - isca - DEBUG - 
2025-06-14 09:12:53,394 - isca - DEBUG - 1) hpc/.1.10.1
2025-06-14 09:12:53,490 - isca - DEBUG - ***************************************************
2025-06-14 09:12:53,490 - isca - DEBUG - You have loaded a buildenv module
2025-06-14 09:12:53,490 - isca - DEBUG - ***************************************************
2025-06-14 09:12:53,490 - isca - DEBUG - The buldenv-intel module makes available:
2025-06-14 09:12:53,491 - isca - DEBUG - - Compilers: icc, ifort, etc.
2025-06-14 09:12:53,491 - isca - DEBUG - - Mpi library with mpi-wrapped compilers: intel mpi with mpicc, mpifort, etc.
2025-06-14 09:12:53,491 - isca - DEBUG - - Numerical libraries: intel MKL
2025-06-14 09:12:53,491 - isca - DEBUG - 
2025-06-14 09:12:53,491 - isca - DEBUG - It also makes a set of dependency library modules available via
2025-06-14 09:12:53,491 - isca - DEBUG - the regular module command. Just do:
2025-06-14 09:12:53,491 - isca - DEBUG - module avail
2025-06-14 09:12:53,491 - isca - DEBUG - to see what is available.
2025-06-14 09:12:53,491 - isca - DEBUG - 
2025-06-14 09:12:53,491 - isca - DEBUG - NOTE: You shoud never load build environments inside submitted jobs.
2025-06-14 09:12:53,491 - isca - DEBUG - (with the single exception of when using supercomputer time to compile code.)
2025-06-14 09:12:53,491 - isca - DEBUG - 
2025-06-14 09:12:54,708 - isca - DEBUG - NOTE from PE    0: MPP_DOMAINS_SET_STACK_SIZE: stack size set to    32768.
2025-06-14 09:12:54,708 - isca - DEBUG - &MPP_IO_NML
2025-06-14 09:12:54,708 - isca - DEBUG - HEADER_BUFFER_VAL       =       16384,
2025-06-14 09:12:54,708 - isca - DEBUG - GLOBAL_FIELD_ON_ROOT_PE = T,
2025-06-14 09:12:54,708 - isca - DEBUG - IO_CLOCKS_ON    = F,
2025-06-14 09:12:54,708 - isca - DEBUG - SHUFFLE =           0,
2025-06-14 09:12:54,708 - isca - DEBUG - DEFLATE_LEVEL   =          -1
2025-06-14 09:12:54,708 - isca - DEBUG - /
2025-06-14 09:12:54,710 - isca - DEBUG - NOTE from PE    0: MPP_IO_SET_STACK_SIZE: stack size set to     131072.
2025-06-14 09:12:54,711 - isca - DEBUG - NOTE from PE    0: MPP_DOMAINS_SET_STACK_SIZE: stack size set to   600000.
2025-06-14 09:12:54,720 - isca - DEBUG - starting            1  OpenMP threads per MPI-task
2025-06-14 09:12:54,722 - isca - DEBUG - ATMOS MODEL DOMAIN DECOMPOSITION
2025-06-14 09:12:54,723 - isca - DEBUG - X-AXIS =  128
2025-06-14 09:12:54,723 - isca - DEBUG - Y-AXIS =    4   4   4   4   4   4   4   4   4   4   4   4   4   4   4   4
2025-06-14 09:12:54,770 - isca - DEBUG - 
2025-06-14 09:12:54,770 - isca - WARNING - WARNING from PE   10: socrates_init: dt_rad does not fit into one day an integer number of times
2025-06-14 09:12:54,770 - isca - DEBUG - 
2025-06-14 09:12:54,771 - isca - DEBUG - 
2025-06-14 09:12:54,771 - isca - DEBUG - 
2025-06-14 09:12:54,771 - isca - WARNING - WARNING from PE   11: socrates_init: dt_rad does not fit into one day an integer number of times
2025-06-14 09:12:54,771 - isca - DEBUG - 
2025-06-14 09:12:54,771 - isca - WARNING - WARNING from PE   15: socrates_init: dt_rad does not fit into one day an integer number of times
2025-06-14 09:12:54,771 - isca - DEBUG - 
2025-06-14 09:12:54,772 - isca - DEBUG - 
2025-06-14 09:12:54,772 - isca - WARNING - WARNING from PE   13: socrates_init: dt_rad does not fit into one day an integer number of times
2025-06-14 09:12:54,772 - isca - DEBUG - 
2025-06-14 09:12:54,772 - isca - DEBUG - 
2025-06-14 09:12:54,772 - isca - WARNING - WARNING from PE   14: socrates_init: dt_rad does not fit into one day an integer number of times
2025-06-14 09:12:54,772 - isca - DEBUG - 
2025-06-14 09:12:54,772 - isca - DEBUG - 
2025-06-14 09:12:54,772 - isca - DEBUG - 
2025-06-14 09:12:54,772 - isca - WARNING - WARNING from PE    8: socrates_init: dt_rad does not fit into one day an integer number of times
2025-06-14 09:12:54,772 - isca - DEBUG - 
2025-06-14 09:12:54,772 - isca - WARNING - WARNING from PE    9: socrates_init: dt_rad does not fit into one day an integer number of times
2025-06-14 09:12:54,772 - isca - DEBUG - 
2025-06-14 09:12:54,772 - isca - DEBUG - 
2025-06-14 09:12:54,772 - isca - WARNING - WARNING from PE   12: socrates_init: dt_rad does not fit into one day an integer number of times
2025-06-14 09:12:54,772 - isca - DEBUG - 
2025-06-14 09:12:54,779 - isca - DEBUG - NOTE from PE    0: cloud_simple: Using SimCloud cloud scheme
2025-06-14 09:12:54,780 - isca - DEBUG - 
2025-06-14 09:12:54,780 - isca - DEBUG - 
2025-06-14 09:12:54,780 - isca - WARNING - WARNING from PE    7: socrates_init: dt_rad does not fit into one day an integer number of times
2025-06-14 09:12:54,780 - isca - DEBUG - 
2025-06-14 09:12:54,780 - isca - WARNING - WARNING from PE    6: socrates_init: dt_rad does not fit into one day an integer number of times
2025-06-14 09:12:54,780 - isca - DEBUG - 
2025-06-14 09:12:54,780 - isca - DEBUG - 
2025-06-14 09:12:54,780 - isca - WARNING - WARNING from PE    1: socrates_init: dt_rad does not fit into one day an integer number of times
2025-06-14 09:12:54,780 - isca - DEBUG - 
2025-06-14 09:12:54,780 - isca - DEBUG - NOTE from PE    0: ls_cloud: Using linear cloud fraction diagnostic formula.
2025-06-14 09:12:54,780 - isca - DEBUG - 
2025-06-14 09:12:54,780 - isca - WARNING - WARNING from PE    2: socrates_init: dt_rad does not fit into one day an integer number of times
2025-06-14 09:12:54,780 - isca - DEBUG - 
2025-06-14 09:12:54,780 - isca - DEBUG - 
2025-06-14 09:12:54,780 - isca - WARNING - WARNING from PE    5: socrates_init: dt_rad does not fit into one day an integer number of times
2025-06-14 09:12:54,780 - isca - DEBUG - 
2025-06-14 09:12:54,780 - isca - DEBUG - 
2025-06-14 09:12:54,780 - isca - DEBUG - NOTE from PE    0: cloud_cover: The cloud overlap assumption is MAXIMUM-RANDOM
2025-06-14 09:12:54,780 - isca - DEBUG - NOTE from PE    0: idealized_moist_phys: Using Frierson Quasi-Equilibrium convection scheme.
2025-06-14 09:12:54,780 - isca - WARNING - WARNING from PE    4: socrates_init: dt_rad does not fit into one day an integer number of times
2025-06-14 09:12:54,780 - isca - DEBUG - 
2025-06-14 09:12:54,782 - isca - DEBUG - 
2025-06-14 09:12:54,782 - isca - WARNING - WARNING from PE    3: socrates_init: dt_rad does not fit into one day an integer number of times
2025-06-14 09:12:54,782 - isca - DEBUG - 
2025-06-14 09:12:54,791 - isca - DEBUG - 
2025-06-14 09:12:54,791 - isca - WARNING - WARNING from PE    0: socrates_init: dt_rad does not fit into one day an integer number of times
2025-06-14 09:12:54,791 - isca - DEBUG - 
2025-06-14 09:12:54,791 - isca - DEBUG - 
2025-06-14 09:12:54,791 - isca - WARNING - WARNING from PE    0: socrates_init: dt_rad does not fit into one day an integer number of times
2025-06-14 09:12:54,791 - isca - DEBUG - 
2025-06-14 09:12:54,791 - isca - DEBUG - 
2025-06-14 09:12:54,791 - isca - WARNING - WARNING from PE    0: socrates_init: lw_hires_spectral_filename is unset, making equal to lw_spectral_filename
2025-06-14 09:12:54,791 - isca - DEBUG - 
2025-06-14 09:12:54,791 - isca - DEBUG - 
2025-06-14 09:12:54,791 - isca - WARNING - WARNING from PE    0: socrates_init: lw_hires_spectral_filename is unset, making equal to lw_spectral_filename
2025-06-14 09:12:54,791 - isca - DEBUG - 
2025-06-14 09:12:54,791 - isca - DEBUG - 
2025-06-14 09:12:54,791 - isca - WARNING - WARNING from PE    0: socrates_init: sw_hires_spectral_filename is unset, making equal to sw_spectral_filename
2025-06-14 09:12:54,791 - isca - DEBUG - 
2025-06-14 09:12:54,791 - isca - DEBUG - 
2025-06-14 09:12:54,791 - isca - WARNING - WARNING from PE    0: socrates_init: sw_hires_spectral_filename is unset, making equal to sw_spectral_filename
2025-06-14 09:12:54,791 - isca - DEBUG - 
2025-06-14 09:12:56,190 - isca - DEBUG - NOTE from PE    0: Interpolator: Using input file with no time dimension - ozone_1990_notime_zero.nc
2025-06-14 09:12:56,190 - isca - DEBUG - Initializing src field : ozone_1990
2025-06-14 09:12:56,193 - isca - DEBUG - 
2025-06-14 09:12:56,193 - isca - DEBUG - -----------------------------------
2025-06-14 09:12:56,193 - isca - DEBUG - ____                       _
2025-06-14 09:12:56,193 - isca - DEBUG - / ___|  ___   ___ _ __ __ _| |_ ___  ___
2025-06-14 09:12:56,193 - isca - DEBUG - \___ \ / _ \ / __|  __/ _` | __/ _ \/ __|
2025-06-14 09:12:56,193 - isca - DEBUG - ___) | (_) | (__| | | (_| | ||  __/\__ \
2025-06-14 09:12:56,193 - isca - DEBUG - |____/ \___/ \___|_|  \__,_|\__\___||___/
2025-06-14 09:12:56,193 - isca - DEBUG - 
2025-06-14 09:12:56,193 - isca - DEBUG - Initialised Socrates v17.03
2025-06-14 09:12:56,193 - isca - DEBUG - Stellar constant =    1950.00000000000
2025-06-14 09:12:56,193 - isca - DEBUG - Longwave spectral file =
2025-06-14 09:12:56,193 - isca - DEBUG - /proj/bolinc/users/x_ryabo/socrates_edited_for_isca/spectral_files_for_GCMs/Sun
2025-06-14 09:12:56,193 - isca - DEBUG - /miniSuran_lw.sf WITH           16  bands
2025-06-14 09:12:56,193 - isca - DEBUG - Longwave hires spectral file =
2025-06-14 09:12:56,193 - isca - DEBUG - /proj/bolinc/users/x_ryabo/socrates_edited_for_isca/spectral_files_for_GCMs/Sun
2025-06-14 09:12:56,193 - isca - DEBUG - /miniSuran_lw.sf WITH           16  bands
2025-06-14 09:12:56,193 - isca - DEBUG - Shortwave spectral file =
2025-06-14 09:12:56,194 - isca - DEBUG - /proj/bolinc/users/x_ryabo/socrates_edited_for_isca/spectral_files_for_GCMs/Sun
2025-06-14 09:12:56,194 - isca - DEBUG - /miniSuran_sw.sf WITH           16  bands
2025-06-14 09:12:56,194 - isca - DEBUG - Shortwave hires spectral file =
2025-06-14 09:12:56,194 - isca - DEBUG - /proj/bolinc/users/x_ryabo/socrates_edited_for_isca/spectral_files_for_GCMs/Sun
2025-06-14 09:12:56,194 - isca - DEBUG - /miniSuran_sw.sf WITH           16  bands
2025-06-14 09:12:56,194 - isca - DEBUG - 
2025-06-14 09:12:56,194 - isca - DEBUG - -----------------------------------
2025-06-14 09:12:56,194 - isca - DEBUG - 
2025-06-14 09:13:43,973 - isca - DEBUG - Integration completed through 22591 days     0 seconds
2025-06-14 09:14:31,885 - isca - DEBUG - Integration completed through 22592 days     0 seconds
2025-06-14 09:15:19,749 - isca - DEBUG - Integration completed through 22593 days     0 seconds
2025-06-14 09:16:07,698 - isca - DEBUG - Integration completed through 22594 days     0 seconds
2025-06-14 09:16:55,612 - isca - DEBUG - Integration completed through 22595 days     0 seconds
2025-06-14 09:17:43,588 - isca - DEBUG - Integration completed through 22596 days     0 seconds
2025-06-14 09:18:31,037 - isca - DEBUG - Integration completed through 22597 days     0 seconds
