/home/x_ryabo/Isca-Ryan/exp/Earth_1840/socrates_aquaplanet_cloud.py:64: DeprecationWarning: Calling np.sum(generator) is deprecated, and in the future will give a different result. Use np.sum(np.fromiter(generator)) or the python sum builtin instead.
  molar_mass_air = sum((fraction * molecular_weights[gas]) for gas, fraction in atmosphere.items())
2026-03-20 01:32:52,066 - isca - INFO - RRTM compilation disabled.
2026-03-20 01:32:52,103 - isca - INFO - Socrates source code already in correct place. Continuing.
2026-03-20 01:32:52,120 - isca - DEBUG - Making directory '/home/x_ryabo/Isca-Ryan_tmp/experiment/Earth_1840'
2026-03-20 01:32:52,154 - isca - WARNING - Tried to remove run directory but it doesnt exist
2026-03-20 01:32:52,163 - isca - INFO - Emptied run directory '/home/x_ryabo/Isca-Ryan_tmp/experiment/Earth_1840/run'
2026-03-20 01:32:52,197 - isca - INFO - Writing path_names to '/home/x_ryabo/Isca-Ryan_tmp/codebase/_home_x_ryabo_Isca-Ryan/build/soc_isca/path_names'
2026-03-20 01:32:52,242 - isca - INFO - Running compiler
2026-03-20 01:32:52,250 - isca - INFO - loadmodules for Isca on NSC cluster Tetralith
2026-03-20 01:32:52,250 - isca - INFO - mpiifort
2026-03-20 01:32:53,452 - isca - INFO - The following modules were not unloaded:
2026-03-20 01:32:53,452 - isca - INFO - (Use "module --force purge" to unload all):
2026-03-20 01:32:53,452 - isca - INFO - 1) hpc/.1.10.1
2026-03-20 01:32:53,636 - isca - INFO - ***************************************************
2026-03-20 01:32:53,636 - isca - INFO - You have loaded a buildenv module
2026-03-20 01:32:53,636 - isca - INFO - ***************************************************
2026-03-20 01:32:53,636 - isca - INFO - The buldenv-intel module makes available:
2026-03-20 01:32:53,636 - isca - INFO - - Compilers: icc, ifort, etc.
2026-03-20 01:32:53,636 - isca - INFO - - Mpi library with mpi-wrapped compilers: intel mpi with mpicc, mpifort, etc.
2026-03-20 01:32:53,636 - isca - INFO - - Numerical libraries: intel MKL
2026-03-20 01:32:53,636 - isca - INFO - It also makes a set of dependency library modules available via
2026-03-20 01:32:53,636 - isca - INFO - the regular module command. Just do:
2026-03-20 01:32:53,636 - isca - INFO - module avail
2026-03-20 01:32:53,636 - isca - INFO - to see what is available.
2026-03-20 01:32:53,636 - isca - INFO - NOTE: You shoud never load build environments inside submitted jobs.
2026-03-20 01:32:53,636 - isca - INFO - (with the single exception of when using supercomputer time to compile code.)
2026-03-20 01:32:54,075 - isca - INFO - /home/x_ryabo/Isca-Ryan_tmp/codebase/_home_x_ryabo_Isca-Ryan/build/soc_isca/path_names
2026-03-20 01:33:03,438 - isca - INFO - .................................................................................................................................................................................................................................................................................................................................................................................................................................................... Makefile is ready.
2026-03-20 01:33:03,806 - isca - INFO - make: Nothing to be done for 'all'.
2026-03-20 01:33:03,947 - isca - INFO - make: 'soc_isca.x' is up to date.
2026-03-20 01:33:03,948 - isca - INFO - Compilation complete.
2026-03-20 01:33:03,968 - isca - INFO - Emptied run directory '/home/x_ryabo/Isca-Ryan_tmp/experiment/Earth_1840/run'
2026-03-20 01:33:06,778 - isca - INFO - Writing namelist to '/home/x_ryabo/Isca-Ryan_tmp/experiment/Earth_1840/run/input.nml'
2026-03-20 01:33:06,781 - isca - INFO - Writing field_table to '/home/x_ryabo/Isca-Ryan_tmp/experiment/Earth_1840/run/field_table'
2026-03-20 01:33:06,802 - isca - INFO - Writing diag_table to '/home/x_ryabo/Isca-Ryan_tmp/experiment/Earth_1840/run/diag_table'
2026-03-20 01:33:06,816 - isca - INFO - Running without restart file
2026-03-20 01:33:06,821 - isca - INFO - Beginning run 0
2026-03-20 01:33:06,831 - isca - INFO - process running as 2519449
2026-03-20 01:33:06,832 - isca - DEBUG - loadmodules for Isca on NSC cluster Tetralith
2026-03-20 01:33:06,832 - isca - DEBUG - mpiifort
2026-03-20 01:33:07,297 - isca - DEBUG - The following modules were not unloaded:
2026-03-20 01:33:07,297 - isca - DEBUG - (Use "module --force purge" to unload all):
2026-03-20 01:33:07,297 - isca - DEBUG - 
2026-03-20 01:33:07,297 - isca - DEBUG - 1) hpc/.1.10.1
2026-03-20 01:33:07,406 - isca - DEBUG - ***************************************************
2026-03-20 01:33:07,406 - isca - DEBUG - You have loaded a buildenv module
2026-03-20 01:33:07,407 - isca - DEBUG - ***************************************************
2026-03-20 01:33:07,407 - isca - DEBUG - The buldenv-intel module makes available:
2026-03-20 01:33:07,407 - isca - DEBUG - - Compilers: icc, ifort, etc.
2026-03-20 01:33:07,407 - isca - DEBUG - - Mpi library with mpi-wrapped compilers: intel mpi with mpicc, mpifort, etc.
2026-03-20 01:33:07,407 - isca - DEBUG - - Numerical libraries: intel MKL
2026-03-20 01:33:07,407 - isca - DEBUG - 
2026-03-20 01:33:07,407 - isca - DEBUG - It also makes a set of dependency library modules available via
2026-03-20 01:33:07,407 - isca - DEBUG - the regular module command. Just do:
2026-03-20 01:33:07,407 - isca - DEBUG - module avail
2026-03-20 01:33:07,407 - isca - DEBUG - to see what is available.
2026-03-20 01:33:07,407 - isca - DEBUG - 
2026-03-20 01:33:07,407 - isca - DEBUG - NOTE: You shoud never load build environments inside submitted jobs.
2026-03-20 01:33:07,407 - isca - DEBUG - (with the single exception of when using supercomputer time to compile code.)
2026-03-20 01:33:07,407 - isca - DEBUG - 
2026-03-20 01:33:09,936 - isca - DEBUG - NOTE from PE    0: MPP_DOMAINS_SET_STACK_SIZE: stack size set to    32768.
2026-03-20 01:33:09,936 - isca - DEBUG - &MPP_IO_NML
2026-03-20 01:33:09,936 - isca - DEBUG - HEADER_BUFFER_VAL       =       16384,
2026-03-20 01:33:09,936 - isca - DEBUG - GLOBAL_FIELD_ON_ROOT_PE = T,
2026-03-20 01:33:09,936 - isca - DEBUG - IO_CLOCKS_ON    = F,
2026-03-20 01:33:09,936 - isca - DEBUG - SHUFFLE =           0,
2026-03-20 01:33:09,936 - isca - DEBUG - DEFLATE_LEVEL   =          -1
2026-03-20 01:33:09,937 - isca - DEBUG - /
2026-03-20 01:33:09,938 - isca - DEBUG - NOTE from PE    0: MPP_IO_SET_STACK_SIZE: stack size set to     131072.
2026-03-20 01:33:09,939 - isca - DEBUG - NOTE from PE    0: MPP_DOMAINS_SET_STACK_SIZE: stack size set to   600000.
2026-03-20 01:33:09,947 - isca - DEBUG - starting            1  OpenMP threads per MPI-task
2026-03-20 01:33:09,949 - isca - DEBUG - ATMOS MODEL DOMAIN DECOMPOSITION
2026-03-20 01:33:09,950 - isca - DEBUG - X-AXIS =  128
2026-03-20 01:33:09,950 - isca - DEBUG - Y-AXIS =    4   4   4   4   4   4   4   4   4   4   4   4   4   4   4   4
2026-03-20 01:33:09,964 - isca - DEBUG - mean surface pressure=1000.0000 mb
2026-03-20 01:33:09,975 - isca - DEBUG - NOTE from PE    0: cloud_simple: Using SimCloud cloud scheme
2026-03-20 01:33:09,976 - isca - DEBUG - NOTE from PE    0: ls_cloud: Using Sundqvist (1989) cloud fraction diagnostic formula.
2026-03-20 01:33:09,977 - isca - DEBUG - NOTE from PE    0: cloud_cover: The cloud overlap assumption is MAXIMUM-RANDOM
2026-03-20 01:33:09,977 - isca - DEBUG - NOTE from PE    0: idealized_moist_phys: Using Frierson Quasi-Equilibrium convection scheme.
2026-03-20 01:33:09,985 - isca - DEBUG - 
2026-03-20 01:33:09,985 - isca - WARNING - WARNING from PE    0: socrates_init: lw_hires_spectral_filename is unset, making equal to lw_spectral_filename
2026-03-20 01:33:09,985 - isca - DEBUG - 
2026-03-20 01:33:09,985 - isca - DEBUG - 
2026-03-20 01:33:09,985 - isca - WARNING - WARNING from PE    0: socrates_init: sw_hires_spectral_filename is unset, making equal to sw_spectral_filename
2026-03-20 01:33:09,985 - isca - DEBUG - 
2026-03-20 01:33:09,985 - isca - DEBUG - 
2026-03-20 01:33:09,985 - isca - WARNING - WARNING from PE    0: socrates_init: lw_hires_spectral_filename is unset, making equal to lw_spectral_filename
2026-03-20 01:33:09,985 - isca - DEBUG - 
2026-03-20 01:33:09,985 - isca - DEBUG - 
2026-03-20 01:33:09,985 - isca - WARNING - WARNING from PE    0: socrates_init: sw_hires_spectral_filename is unset, making equal to sw_spectral_filename
2026-03-20 01:33:09,985 - isca - DEBUG - 
2026-03-20 01:33:11,428 - isca - DEBUG - NOTE from PE    0: Interpolator: Using input file with no time dimension - ozone_1990_notime_zero.nc
2026-03-20 01:33:11,428 - isca - DEBUG - Initializing src field : ozone_1990
2026-03-20 01:33:11,430 - isca - DEBUG - 
2026-03-20 01:33:11,430 - isca - DEBUG - -----------------------------------
2026-03-20 01:33:11,430 - isca - DEBUG - ____                       _
2026-03-20 01:33:11,430 - isca - DEBUG - / ___|  ___   ___ _ __ __ _| |_ ___  ___
2026-03-20 01:33:11,430 - isca - DEBUG - \___ \ / _ \ / __|  __/ _` | __/ _ \/ __|
2026-03-20 01:33:11,430 - isca - DEBUG - ___) | (_) | (__| | | (_| | ||  __/\__ \
2026-03-20 01:33:11,430 - isca - DEBUG - |____/ \___/ \___|_|  \__,_|\__\___||___/
2026-03-20 01:33:11,430 - isca - DEBUG - 
2026-03-20 01:33:11,431 - isca - DEBUG - Initialised Socrates v17.03
2026-03-20 01:33:11,431 - isca - DEBUG - Stellar constant =    1840.00000000000
2026-03-20 01:33:11,431 - isca - DEBUG - Longwave spectral file =
2026-03-20 01:33:11,431 - isca - DEBUG - /proj/bolinc/users/x_ryabo/socrates_edited_for_isca/spectral_files_for_GCMs/Sun
2026-03-20 01:33:11,431 - isca - DEBUG - /miniSuran_lw.sf WITH           16  bands
2026-03-20 01:33:11,431 - isca - DEBUG - Longwave hires spectral file =
2026-03-20 01:33:11,431 - isca - DEBUG - /proj/bolinc/users/x_ryabo/socrates_edited_for_isca/spectral_files_for_GCMs/Sun
2026-03-20 01:33:11,431 - isca - DEBUG - /miniSuran_lw.sf WITH           16  bands
2026-03-20 01:33:11,431 - isca - DEBUG - Shortwave spectral file =
2026-03-20 01:33:11,431 - isca - DEBUG - /proj/bolinc/users/x_ryabo/socrates_edited_for_isca/spectral_files_for_GCMs/Sun
2026-03-20 01:33:11,431 - isca - DEBUG - /miniSuran_sw.sf WITH           16  bands
2026-03-20 01:33:11,431 - isca - DEBUG - Shortwave hires spectral file =
2026-03-20 01:33:11,431 - isca - DEBUG - /proj/bolinc/users/x_ryabo/socrates_edited_for_isca/spectral_files_for_GCMs/Sun
2026-03-20 01:33:11,431 - isca - DEBUG - /miniSuran_sw.sf WITH           16  bands
2026-03-20 01:33:11,431 - isca - DEBUG - 
2026-03-20 01:33:11,431 - isca - DEBUG - -----------------------------------
2026-03-20 01:33:11,431 - isca - DEBUG - 
2026-03-20 01:33:36,018 - isca - DEBUG - Integration completed through    1 Jan  2   0: 0: 0
2026-03-20 01:34:01,589 - isca - DEBUG - Integration completed through    1 Jan  3   0: 0: 0
2026-03-20 01:34:26,850 - isca - DEBUG - Integration completed through    1 Jan  4   0: 0: 0
2026-03-20 01:34:52,238 - isca - DEBUG - Integration completed through    1 Jan  5   0: 0: 0
2026-03-20 01:35:18,201 - isca - DEBUG - Integration completed through    1 Jan  6   0: 0: 0
2026-03-20 01:35:43,673 - isca - DEBUG - Integration completed through    1 Jan  7   0: 0: 0
2026-03-20 01:36:09,211 - isca - DEBUG - Integration completed through    1 Jan  8   0: 0: 0
2026-03-20 01:36:34,684 - isca - DEBUG - Integration completed through    1 Jan  9   0: 0: 0
2026-03-20 01:37:00,713 - isca - DEBUG - Integration completed through    1 Jan 10   0: 0: 0
2026-03-20 01:37:26,392 - isca - DEBUG - Integration completed through    1 Jan 11   0: 0: 0
2026-03-20 01:37:52,105 - isca - DEBUG - Integration completed through    1 Jan 12   0: 0: 0
2026-03-20 01:38:18,409 - isca - DEBUG - Integration completed through    1 Jan 13   0: 0: 0
2026-03-20 01:38:44,255 - isca - DEBUG - Integration completed through    1 Jan 14   0: 0: 0
2026-03-20 01:39:10,584 - isca - DEBUG - Integration completed through    1 Jan 15   0: 0: 0
2026-03-20 01:39:36,462 - isca - DEBUG - Integration completed through    1 Jan 16   0: 0: 0
2026-03-20 01:40:02,935 - isca - DEBUG - Integration completed through    1 Jan 17   0: 0: 0
2026-03-20 01:40:28,943 - isca - DEBUG - Integration completed through    1 Jan 18   0: 0: 0
2026-03-20 01:40:55,024 - isca - DEBUG - Integration completed through    1 Jan 19   0: 0: 0
2026-03-20 01:41:21,645 - isca - DEBUG - Integration completed through    1 Jan 20   0: 0: 0
2026-03-20 01:41:47,862 - isca - DEBUG - Integration completed through    1 Jan 21   0: 0: 0
2026-03-20 01:42:14,144 - isca - DEBUG - Integration completed through    1 Jan 22   0: 0: 0
2026-03-20 01:42:40,475 - isca - DEBUG - Integration completed through    1 Jan 23   0: 0: 0
2026-03-20 01:43:07,331 - isca - DEBUG - Integration completed through    1 Jan 24   0: 0: 0
2026-03-20 01:43:33,788 - isca - DEBUG - Integration completed through    1 Jan 25   0: 0: 0
2026-03-20 01:44:00,301 - isca - DEBUG - Integration completed through    1 Jan 26   0: 0: 0
2026-03-20 01:44:26,923 - isca - DEBUG - Integration completed through    1 Jan 27   0: 0: 0
2026-03-20 01:44:53,598 - isca - DEBUG - Integration completed through    1 Jan 28   0: 0: 0
2026-03-20 01:45:20,849 - isca - DEBUG - Integration completed through    1 Jan 29   0: 0: 0
2026-03-20 01:45:47,532 - isca - DEBUG - Integration completed through    1 Jan 30   0: 0: 0
2026-03-20 01:46:14,346 - isca - DEBUG - Integration completed through    1 Feb  1   0: 0: 0
2026-03-20 01:46:14,369 - isca - DEBUG - 
2026-03-20 01:46:14,369 - isca - WARNING - WARNING from PE    0: diag_util_mod::opening_file: module/field_name (socrates/soc_toa_sw_down_clr) NOT registered
2026-03-20 01:46:14,369 - isca - DEBUG - 
2026-03-20 01:46:14,369 - isca - DEBUG - 
2026-03-20 01:46:14,369 - isca - WARNING - WARNING from PE    0: diag_util_mod::opening_file: module/field_name (socrates/soc_toa_sw_down_clr) NOT registered
2026-03-20 01:46:14,369 - isca - DEBUG - 
2026-03-20 01:46:14,369 - isca - DEBUG - 
2026-03-20 01:46:14,369 - isca - WARNING - WARNING from PE    0: diag_util_mod::opening_file: module/field_name (cloud_simple/rh_min) NOT registered
2026-03-20 01:46:14,370 - isca - DEBUG - 
2026-03-20 01:46:14,370 - isca - DEBUG - 
2026-03-20 01:46:14,370 - isca - WARNING - WARNING from PE    0: diag_util_mod::opening_file: module/field_name (cloud_simple/rh_min) NOT registered
2026-03-20 01:46:14,370 - isca - DEBUG - 
2026-03-20 01:46:14,381 - isca - DEBUG - NOTE from PE    0: MPP_IO_SET_STACK_SIZE: stack size set to     393216.
2026-03-20 01:46:15,250 - isca - DEBUG - MPP_DOMAINS_STACK high water mark=       49152
2026-03-20 01:46:15,250 - isca - DEBUG - 
2026-03-20 01:46:15,250 - isca - DEBUG - Tabulating mpp_clock statistics across     16 PEs...
2026-03-20 01:46:15,250 - isca - DEBUG - 
2026-03-20 01:46:15,250 - isca - DEBUG - tmin          tmax          tavg          tstd  tfrac grain pemin pemax
2026-03-20 01:46:15,250 - isca - DEBUG - Total runtime                       785.312177    785.316654    785.314188      0.001374  1.000     0     0    15
2026-03-20 01:46:15,251 - isca - DEBUG - MPP_STACK high water mark=           0
2026-03-20 01:46:15,383 - isca - INFO - Run 0 complete
2026-03-20 01:46:16,340 - isca - DEBUG - atmos_monthly.nc combined and copied to data directory
2026-03-20 01:46:20,968 - isca - INFO - Restart archive created at /proj/bolinc/users/x_ryabo/Isca-Ryan_outputs/Earth_1840/restarts/res0000.tar.gz
2026-03-20 01:46:20,982 - isca - INFO - Writing namelist to '/proj/bolinc/users/x_ryabo/Isca-Ryan_outputs/Earth_1840/run0000/input.nml'
2026-03-20 01:46:20,984 - isca - INFO - Writing field_table to '/proj/bolinc/users/x_ryabo/Isca-Ryan_outputs/Earth_1840/run0000/field_table'
2026-03-20 01:46:20,994 - isca - INFO - Writing diag_table to '/proj/bolinc/users/x_ryabo/Isca-Ryan_outputs/Earth_1840/run0000/diag_table'
2026-03-20 01:46:21,384 - isca - INFO - Emptied run directory '/home/x_ryabo/Isca-Ryan_tmp/experiment/Earth_1840/run'
2026-03-20 01:46:21,402 - isca - INFO - Emptied run directory '/home/x_ryabo/Isca-Ryan_tmp/experiment/Earth_1840/run'
2026-03-20 01:46:21,734 - isca - INFO - Writing namelist to '/home/x_ryabo/Isca-Ryan_tmp/experiment/Earth_1840/run/input.nml'
2026-03-20 01:46:21,737 - isca - INFO - Writing field_table to '/home/x_ryabo/Isca-Ryan_tmp/experiment/Earth_1840/run/field_table'
2026-03-20 01:46:21,750 - isca - INFO - Writing diag_table to '/home/x_ryabo/Isca-Ryan_tmp/experiment/Earth_1840/run/diag_table'
2026-03-20 01:46:21,763 - isca - WARNING - use_restart=True, but restart_file not specified.  As this is run 1, assuming spin-up from namelist stated initial conditions so continuing.
2026-03-20 01:46:21,763 - isca - INFO - Running without restart file
2026-03-20 01:46:21,766 - isca - INFO - Beginning run 1
2026-03-20 01:46:21,775 - isca - INFO - process running as 2520368
2026-03-20 01:46:21,776 - isca - DEBUG - loadmodules for Isca on NSC cluster Tetralith
2026-03-20 01:46:21,776 - isca - DEBUG - mpiifort
2026-03-20 01:46:21,892 - isca - DEBUG - The following modules were not unloaded:
2026-03-20 01:46:21,892 - isca - DEBUG - (Use "module --force purge" to unload all):
2026-03-20 01:46:21,892 - isca - DEBUG - 
2026-03-20 01:46:21,892 - isca - DEBUG - 1) hpc/.1.10.1
2026-03-20 01:46:21,999 - isca - DEBUG - ***************************************************
2026-03-20 01:46:21,999 - isca - DEBUG - You have loaded a buildenv module
2026-03-20 01:46:21,999 - isca - DEBUG - ***************************************************
2026-03-20 01:46:21,999 - isca - DEBUG - The buldenv-intel module makes available:
2026-03-20 01:46:21,999 - isca - DEBUG - - Compilers: icc, ifort, etc.
2026-03-20 01:46:21,999 - isca - DEBUG - - Mpi library with mpi-wrapped compilers: intel mpi with mpicc, mpifort, etc.
2026-03-20 01:46:21,999 - isca - DEBUG - - Numerical libraries: intel MKL
2026-03-20 01:46:21,999 - isca - DEBUG - 
2026-03-20 01:46:21,999 - isca - DEBUG - It also makes a set of dependency library modules available via
2026-03-20 01:46:21,999 - isca - DEBUG - the regular module command. Just do:
2026-03-20 01:46:21,999 - isca - DEBUG - module avail
2026-03-20 01:46:21,999 - isca - DEBUG - to see what is available.
2026-03-20 01:46:21,999 - isca - DEBUG - 
2026-03-20 01:46:21,999 - isca - DEBUG - NOTE: You shoud never load build environments inside submitted jobs.
2026-03-20 01:46:21,999 - isca - DEBUG - (with the single exception of when using supercomputer time to compile code.)
2026-03-20 01:46:21,999 - isca - DEBUG - 
2026-03-20 01:46:23,154 - isca - DEBUG - NOTE from PE    0: MPP_DOMAINS_SET_STACK_SIZE: stack size set to    32768.
2026-03-20 01:46:23,155 - isca - DEBUG - &MPP_IO_NML
2026-03-20 01:46:23,155 - isca - DEBUG - HEADER_BUFFER_VAL       =       16384,
2026-03-20 01:46:23,155 - isca - DEBUG - GLOBAL_FIELD_ON_ROOT_PE = T,
2026-03-20 01:46:23,155 - isca - DEBUG - IO_CLOCKS_ON    = F,
2026-03-20 01:46:23,155 - isca - DEBUG - SHUFFLE =           0,
2026-03-20 01:46:23,155 - isca - DEBUG - DEFLATE_LEVEL   =          -1
2026-03-20 01:46:23,155 - isca - DEBUG - /
2026-03-20 01:46:23,157 - isca - DEBUG - NOTE from PE    0: MPP_IO_SET_STACK_SIZE: stack size set to     131072.
2026-03-20 01:46:23,157 - isca - DEBUG - NOTE from PE    0: MPP_DOMAINS_SET_STACK_SIZE: stack size set to   600000.
2026-03-20 01:46:23,165 - isca - DEBUG - starting            1  OpenMP threads per MPI-task
2026-03-20 01:46:23,167 - isca - DEBUG - ATMOS MODEL DOMAIN DECOMPOSITION
2026-03-20 01:46:23,167 - isca - DEBUG - X-AXIS =  128
2026-03-20 01:46:23,167 - isca - DEBUG - Y-AXIS =    4   4   4   4   4   4   4   4   4   4   4   4   4   4   4   4
2026-03-20 01:46:23,182 - isca - DEBUG - mean surface pressure=1000.0000 mb
2026-03-20 01:46:23,192 - isca - DEBUG - NOTE from PE    0: cloud_simple: Using SimCloud cloud scheme
2026-03-20 01:46:23,193 - isca - DEBUG - NOTE from PE    0: ls_cloud: Using Sundqvist (1989) cloud fraction diagnostic formula.
2026-03-20 01:46:23,194 - isca - DEBUG - NOTE from PE    0: cloud_cover: The cloud overlap assumption is MAXIMUM-RANDOM
2026-03-20 01:46:23,194 - isca - DEBUG - NOTE from PE    0: idealized_moist_phys: Using Frierson Quasi-Equilibrium convection scheme.
2026-03-20 01:46:23,202 - isca - DEBUG - 
2026-03-20 01:46:23,202 - isca - WARNING - WARNING from PE    0: socrates_init: lw_hires_spectral_filename is unset, making equal to lw_spectral_filename
2026-03-20 01:46:23,202 - isca - DEBUG - 
2026-03-20 01:46:23,202 - isca - DEBUG - 
2026-03-20 01:46:23,203 - isca - WARNING - WARNING from PE    0: socrates_init: lw_hires_spectral_filename is unset, making equal to lw_spectral_filename
2026-03-20 01:46:23,203 - isca - DEBUG - 
2026-03-20 01:46:23,203 - isca - DEBUG - 
2026-03-20 01:46:23,203 - isca - WARNING - WARNING from PE    0: socrates_init: sw_hires_spectral_filename is unset, making equal to sw_spectral_filename
2026-03-20 01:46:23,203 - isca - DEBUG - 
2026-03-20 01:46:23,203 - isca - DEBUG - 
2026-03-20 01:46:23,203 - isca - WARNING - WARNING from PE    0: socrates_init: sw_hires_spectral_filename is unset, making equal to sw_spectral_filename
2026-03-20 01:46:23,203 - isca - DEBUG - 
2026-03-20 01:46:24,424 - isca - DEBUG - NOTE from PE    0: Interpolator: Using input file with no time dimension - ozone_1990_notime_zero.nc
2026-03-20 01:46:24,424 - isca - DEBUG - Initializing src field : ozone_1990
2026-03-20 01:46:24,426 - isca - DEBUG - 
2026-03-20 01:46:24,426 - isca - DEBUG - -----------------------------------
2026-03-20 01:46:24,426 - isca - DEBUG - ____                       _
2026-03-20 01:46:24,426 - isca - DEBUG - / ___|  ___   ___ _ __ __ _| |_ ___  ___
2026-03-20 01:46:24,426 - isca - DEBUG - \___ \ / _ \ / __|  __/ _` | __/ _ \/ __|
2026-03-20 01:46:24,426 - isca - DEBUG - ___) | (_) | (__| | | (_| | ||  __/\__ \
2026-03-20 01:46:24,426 - isca - DEBUG - |____/ \___/ \___|_|  \__,_|\__\___||___/
2026-03-20 01:46:24,426 - isca - DEBUG - 
2026-03-20 01:46:24,426 - isca - DEBUG - Initialised Socrates v17.03
2026-03-20 01:46:24,426 - isca - DEBUG - Stellar constant =    1840.00000000000
2026-03-20 01:46:24,426 - isca - DEBUG - Longwave spectral file =
2026-03-20 01:46:24,426 - isca - DEBUG - /proj/bolinc/users/x_ryabo/socrates_edited_for_isca/spectral_files_for_GCMs/Sun
2026-03-20 01:46:24,426 - isca - DEBUG - /miniSuran_lw.sf WITH           16  bands
2026-03-20 01:46:24,426 - isca - DEBUG - Longwave hires spectral file =
2026-03-20 01:46:24,427 - isca - DEBUG - /proj/bolinc/users/x_ryabo/socrates_edited_for_isca/spectral_files_for_GCMs/Sun
2026-03-20 01:46:24,427 - isca - DEBUG - /miniSuran_lw.sf WITH           16  bands
2026-03-20 01:46:24,427 - isca - DEBUG - Shortwave spectral file =
2026-03-20 01:46:24,427 - isca - DEBUG - /proj/bolinc/users/x_ryabo/socrates_edited_for_isca/spectral_files_for_GCMs/Sun
2026-03-20 01:46:24,427 - isca - DEBUG - /miniSuran_sw.sf WITH           16  bands
2026-03-20 01:46:24,427 - isca - DEBUG - Shortwave hires spectral file =
2026-03-20 01:46:24,427 - isca - DEBUG - /proj/bolinc/users/x_ryabo/socrates_edited_for_isca/spectral_files_for_GCMs/Sun
2026-03-20 01:46:24,427 - isca - DEBUG - /miniSuran_sw.sf WITH           16  bands
2026-03-20 01:46:24,427 - isca - DEBUG - 
2026-03-20 01:46:24,427 - isca - DEBUG - -----------------------------------
2026-03-20 01:46:24,427 - isca - DEBUG - 
2026-03-20 01:46:48,936 - isca - DEBUG - Integration completed through    1 Jan  2   0: 0: 0
2026-03-20 01:47:14,390 - isca - DEBUG - Integration completed through    1 Jan  3   0: 0: 0
2026-03-20 01:47:39,513 - isca - DEBUG - Integration completed through    1 Jan  4   0: 0: 0
2026-03-20 01:48:04,765 - isca - DEBUG - Integration completed through    1 Jan  5   0: 0: 0
2026-03-20 01:48:30,124 - isca - DEBUG - Integration completed through    1 Jan  6   0: 0: 0
2026-03-20 01:48:55,482 - isca - DEBUG - Integration completed through    1 Jan  7   0: 0: 0
2026-03-20 01:49:21,370 - isca - DEBUG - Integration completed through    1 Jan  8   0: 0: 0
2026-03-20 01:49:46,789 - isca - DEBUG - Integration completed through    1 Jan  9   0: 0: 0
2026-03-20 01:50:12,670 - isca - DEBUG - Integration completed through    1 Jan 10   0: 0: 0
2026-03-20 01:50:38,210 - isca - DEBUG - Integration completed through    1 Jan 11   0: 0: 0
2026-03-20 01:51:04,248 - isca - DEBUG - Integration completed through    1 Jan 12   0: 0: 0
2026-03-20 01:51:29,912 - isca - DEBUG - Integration completed through    1 Jan 13   0: 0: 0
2026-03-20 01:51:55,637 - isca - DEBUG - Integration completed through    1 Jan 14   0: 0: 0
2026-03-20 01:52:21,905 - isca - DEBUG - Integration completed through    1 Jan 15   0: 0: 0
2026-03-20 01:52:47,725 - isca - DEBUG - Integration completed through    1 Jan 16   0: 0: 0
2026-03-20 01:53:14,081 - isca - DEBUG - Integration completed through    1 Jan 17   0: 0: 0
2026-03-20 01:53:40,045 - isca - DEBUG - Integration completed through    1 Jan 18   0: 0: 0
2026-03-20 01:54:06,574 - isca - DEBUG - Integration completed through    1 Jan 19   0: 0: 0
2026-03-20 01:54:32,697 - isca - DEBUG - Integration completed through    1 Jan 20   0: 0: 0
2026-03-20 01:54:58,854 - isca - DEBUG - Integration completed through    1 Jan 21   0: 0: 0
2026-03-20 01:55:25,568 - isca - DEBUG - Integration completed through    1 Jan 22   0: 0: 0
2026-03-20 01:55:51,851 - isca - DEBUG - Integration completed through    1 Jan 23   0: 0: 0
2026-03-20 01:56:18,202 - isca - DEBUG - Integration completed through    1 Jan 24   0: 0: 0
2026-03-20 01:56:44,662 - isca - DEBUG - Integration completed through    1 Jan 25   0: 0: 0
2026-03-20 01:57:11,164 - isca - DEBUG - Integration completed through    1 Jan 26   0: 0: 0
2026-03-20 01:57:37,764 - isca - DEBUG - Integration completed through    1 Jan 27   0: 0: 0
2026-03-20 01:58:04,378 - isca - DEBUG - Integration completed through    1 Jan 28   0: 0: 0
2026-03-20 01:58:31,049 - isca - DEBUG - Integration completed through    1 Jan 29   0: 0: 0
2026-03-20 01:58:57,777 - isca - DEBUG - Integration completed through    1 Jan 30   0: 0: 0
2026-03-20 01:59:24,636 - isca - DEBUG - Integration completed through    1 Feb  1   0: 0: 0
2026-03-20 01:59:24,648 - isca - DEBUG - 
2026-03-20 01:59:24,649 - isca - WARNING - WARNING from PE    0: diag_util_mod::opening_file: module/field_name (socrates/soc_toa_sw_down_clr) NOT registered
2026-03-20 01:59:24,649 - isca - DEBUG - 
2026-03-20 01:59:24,649 - isca - DEBUG - 
2026-03-20 01:59:24,649 - isca - WARNING - WARNING from PE    0: diag_util_mod::opening_file: module/field_name (socrates/soc_toa_sw_down_clr) NOT registered
2026-03-20 01:59:24,649 - isca - DEBUG - 
2026-03-20 01:59:24,649 - isca - DEBUG - 
2026-03-20 01:59:24,649 - isca - WARNING - WARNING from PE    0: diag_util_mod::opening_file: module/field_name (cloud_simple/rh_min) NOT registered
2026-03-20 01:59:24,649 - isca - DEBUG - 
2026-03-20 01:59:24,649 - isca - DEBUG - 
2026-03-20 01:59:24,649 - isca - WARNING - WARNING from PE    0: diag_util_mod::opening_file: module/field_name (cloud_simple/rh_min) NOT registered
2026-03-20 01:59:24,649 - isca - DEBUG - 
2026-03-20 01:59:24,659 - isca - DEBUG - NOTE from PE    0: MPP_IO_SET_STACK_SIZE: stack size set to     393216.
2026-03-20 01:59:24,799 - isca - DEBUG - MPP_DOMAINS_STACK high water mark=       49152
2026-03-20 01:59:24,799 - isca - DEBUG - 
2026-03-20 01:59:24,799 - isca - DEBUG - Tabulating mpp_clock statistics across     16 PEs...
2026-03-20 01:59:24,799 - isca - DEBUG - 
2026-03-20 01:59:24,799 - isca - DEBUG - tmin          tmax          tavg          tstd  tfrac grain pemin pemax
2026-03-20 01:59:24,800 - isca - DEBUG - Total runtime                       781.643228    781.648382    781.645420      0.001484  1.000     0     0    15
2026-03-20 01:59:24,800 - isca - DEBUG - MPP_STACK high water mark=           0
2026-03-20 01:59:24,931 - isca - INFO - Run 1 complete
2026-03-20 01:59:25,837 - isca - DEBUG - atmos_monthly.nc combined and copied to data directory
2026-03-20 01:59:30,396 - isca - INFO - Restart archive created at /proj/bolinc/users/x_ryabo/Isca-Ryan_outputs/Earth_1840/restarts/res0001.tar.gz
2026-03-20 01:59:30,409 - isca - INFO - Writing namelist to '/proj/bolinc/users/x_ryabo/Isca-Ryan_outputs/Earth_1840/run0001/input.nml'
2026-03-20 01:59:30,411 - isca - INFO - Writing field_table to '/proj/bolinc/users/x_ryabo/Isca-Ryan_outputs/Earth_1840/run0001/field_table'
2026-03-20 01:59:30,421 - isca - INFO - Writing diag_table to '/proj/bolinc/users/x_ryabo/Isca-Ryan_outputs/Earth_1840/run0001/diag_table'
2026-03-20 01:59:30,774 - isca - INFO - Emptied run directory '/home/x_ryabo/Isca-Ryan_tmp/experiment/Earth_1840/run'
2026-03-20 01:59:30,797 - isca - INFO - Emptied run directory '/home/x_ryabo/Isca-Ryan_tmp/experiment/Earth_1840/run'
2026-03-20 01:59:31,127 - isca - INFO - Writing namelist to '/home/x_ryabo/Isca-Ryan_tmp/experiment/Earth_1840/run/input.nml'
2026-03-20 01:59:31,129 - isca - INFO - Writing field_table to '/home/x_ryabo/Isca-Ryan_tmp/experiment/Earth_1840/run/field_table'
2026-03-20 01:59:31,141 - isca - INFO - Writing diag_table to '/home/x_ryabo/Isca-Ryan_tmp/experiment/Earth_1840/run/diag_table'
2026-03-20 01:59:31,163 - isca - INFO - Using restart file '/proj/bolinc/users/x_ryabo/Isca-Ryan_outputs/Earth_1840/restarts/res0001.tar.gz'
2026-03-20 01:59:31,559 - isca - INFO - Restart /proj/bolinc/users/x_ryabo/Isca-Ryan_outputs/Earth_1840/restarts/res0001.tar.gz extracted to /home/x_ryabo/Isca-Ryan_tmp/experiment/Earth_1840/run/INPUT
2026-03-20 01:59:31,559 - isca - INFO - Beginning run 2
2026-03-20 01:59:31,570 - isca - INFO - process running as 2521166
2026-03-20 01:59:31,571 - isca - DEBUG - loadmodules for Isca on NSC cluster Tetralith
2026-03-20 01:59:31,571 - isca - DEBUG - mpiifort
2026-03-20 01:59:31,688 - isca - DEBUG - The following modules were not unloaded:
2026-03-20 01:59:31,688 - isca - DEBUG - (Use "module --force purge" to unload all):
2026-03-20 01:59:31,689 - isca - DEBUG - 
2026-03-20 01:59:31,689 - isca - DEBUG - 1) hpc/.1.10.1
2026-03-20 01:59:31,798 - isca - DEBUG - ***************************************************
2026-03-20 01:59:31,798 - isca - DEBUG - You have loaded a buildenv module
2026-03-20 01:59:31,798 - isca - DEBUG - ***************************************************
2026-03-20 01:59:31,798 - isca - DEBUG - The buldenv-intel module makes available:
2026-03-20 01:59:31,798 - isca - DEBUG - - Compilers: icc, ifort, etc.
2026-03-20 01:59:31,798 - isca - DEBUG - - Mpi library with mpi-wrapped compilers: intel mpi with mpicc, mpifort, etc.
2026-03-20 01:59:31,798 - isca - DEBUG - - Numerical libraries: intel MKL
2026-03-20 01:59:31,798 - isca - DEBUG - 
2026-03-20 01:59:31,798 - isca - DEBUG - It also makes a set of dependency library modules available via
2026-03-20 01:59:31,798 - isca - DEBUG - the regular module command. Just do:
2026-03-20 01:59:31,798 - isca - DEBUG - module avail
2026-03-20 01:59:31,798 - isca - DEBUG - to see what is available.
2026-03-20 01:59:31,798 - isca - DEBUG - 
2026-03-20 01:59:31,798 - isca - DEBUG - NOTE: You shoud never load build environments inside submitted jobs.
2026-03-20 01:59:31,798 - isca - DEBUG - (with the single exception of when using supercomputer time to compile code.)
2026-03-20 01:59:31,798 - isca - DEBUG - 
2026-03-20 01:59:33,033 - isca - DEBUG - NOTE from PE    0: MPP_DOMAINS_SET_STACK_SIZE: stack size set to    32768.
2026-03-20 01:59:33,034 - isca - DEBUG - &MPP_IO_NML
2026-03-20 01:59:33,034 - isca - DEBUG - HEADER_BUFFER_VAL       =       16384,
2026-03-20 01:59:33,034 - isca - DEBUG - GLOBAL_FIELD_ON_ROOT_PE = T,
2026-03-20 01:59:33,034 - isca - DEBUG - IO_CLOCKS_ON    = F,
2026-03-20 01:59:33,034 - isca - DEBUG - SHUFFLE =           0,
2026-03-20 01:59:33,034 - isca - DEBUG - DEFLATE_LEVEL   =          -1
2026-03-20 01:59:33,034 - isca - DEBUG - /
2026-03-20 01:59:33,035 - isca - DEBUG - NOTE from PE    0: MPP_IO_SET_STACK_SIZE: stack size set to     131072.
2026-03-20 01:59:33,036 - isca - DEBUG - NOTE from PE    0: MPP_DOMAINS_SET_STACK_SIZE: stack size set to   600000.
2026-03-20 01:59:33,044 - isca - DEBUG - starting            1  OpenMP threads per MPI-task
2026-03-20 01:59:33,046 - isca - DEBUG - ATMOS MODEL DOMAIN DECOMPOSITION
2026-03-20 01:59:33,046 - isca - DEBUG - X-AXIS =  128
2026-03-20 01:59:33,046 - isca - DEBUG - Y-AXIS =    4   4   4   4   4   4   4   4   4   4   4   4   4   4   4   4
2026-03-20 01:59:33,108 - isca - DEBUG - NOTE from PE    0: cloud_simple: Using SimCloud cloud scheme
2026-03-20 01:59:33,109 - isca - DEBUG - NOTE from PE    0: ls_cloud: Using Sundqvist (1989) cloud fraction diagnostic formula.
2026-03-20 01:59:33,109 - isca - DEBUG - NOTE from PE    0: cloud_cover: The cloud overlap assumption is MAXIMUM-RANDOM
2026-03-20 01:59:33,109 - isca - DEBUG - NOTE from PE    0: idealized_moist_phys: Using Frierson Quasi-Equilibrium convection scheme.
2026-03-20 01:59:33,118 - isca - DEBUG - 
2026-03-20 01:59:33,118 - isca - WARNING - WARNING from PE    0: socrates_init: lw_hires_spectral_filename is unset, making equal to lw_spectral_filename
2026-03-20 01:59:33,118 - isca - DEBUG - 
2026-03-20 01:59:33,118 - isca - DEBUG - 
2026-03-20 01:59:33,118 - isca - WARNING - WARNING from PE    0: socrates_init: lw_hires_spectral_filename is unset, making equal to lw_spectral_filename
2026-03-20 01:59:33,118 - isca - DEBUG - 
2026-03-20 01:59:33,118 - isca - DEBUG - 
2026-03-20 01:59:33,118 - isca - WARNING - WARNING from PE    0: socrates_init: sw_hires_spectral_filename is unset, making equal to sw_spectral_filename
2026-03-20 01:59:33,118 - isca - DEBUG - 
2026-03-20 01:59:33,118 - isca - DEBUG - 
2026-03-20 01:59:33,118 - isca - WARNING - WARNING from PE    0: socrates_init: sw_hires_spectral_filename is unset, making equal to sw_spectral_filename
2026-03-20 01:59:33,119 - isca - DEBUG - 
2026-03-20 01:59:34,320 - isca - DEBUG - NOTE from PE    0: Interpolator: Using input file with no time dimension - ozone_1990_notime_zero.nc
2026-03-20 01:59:34,320 - isca - DEBUG - Initializing src field : ozone_1990
2026-03-20 01:59:34,323 - isca - DEBUG - 
2026-03-20 01:59:34,323 - isca - DEBUG - -----------------------------------
2026-03-20 01:59:34,323 - isca - DEBUG - ____                       _
2026-03-20 01:59:34,323 - isca - DEBUG - / ___|  ___   ___ _ __ __ _| |_ ___  ___
2026-03-20 01:59:34,323 - isca - DEBUG - \___ \ / _ \ / __|  __/ _` | __/ _ \/ __|
2026-03-20 01:59:34,323 - isca - DEBUG - ___) | (_) | (__| | | (_| | ||  __/\__ \
2026-03-20 01:59:34,323 - isca - DEBUG - |____/ \___/ \___|_|  \__,_|\__\___||___/
2026-03-20 01:59:34,323 - isca - DEBUG - 
2026-03-20 01:59:34,323 - isca - DEBUG - Initialised Socrates v17.03
2026-03-20 01:59:34,323 - isca - DEBUG - Stellar constant =    1840.00000000000
2026-03-20 01:59:34,323 - isca - DEBUG - Longwave spectral file =
2026-03-20 01:59:34,323 - isca - DEBUG - /proj/bolinc/users/x_ryabo/socrates_edited_for_isca/spectral_files_for_GCMs/Sun
2026-03-20 01:59:34,323 - isca - DEBUG - /miniSuran_lw.sf WITH           16  bands
2026-03-20 01:59:34,323 - isca - DEBUG - Longwave hires spectral file =
2026-03-20 01:59:34,323 - isca - DEBUG - /proj/bolinc/users/x_ryabo/socrates_edited_for_isca/spectral_files_for_GCMs/Sun
2026-03-20 01:59:34,323 - isca - DEBUG - /miniSuran_lw.sf WITH           16  bands
2026-03-20 01:59:34,323 - isca - DEBUG - Shortwave spectral file =
2026-03-20 01:59:34,323 - isca - DEBUG - /proj/bolinc/users/x_ryabo/socrates_edited_for_isca/spectral_files_for_GCMs/Sun
2026-03-20 01:59:34,323 - isca - DEBUG - /miniSuran_sw.sf WITH           16  bands
2026-03-20 01:59:34,323 - isca - DEBUG - Shortwave hires spectral file =
2026-03-20 01:59:34,323 - isca - DEBUG - /proj/bolinc/users/x_ryabo/socrates_edited_for_isca/spectral_files_for_GCMs/Sun
2026-03-20 01:59:34,323 - isca - DEBUG - /miniSuran_sw.sf WITH           16  bands
2026-03-20 01:59:34,323 - isca - DEBUG - 
2026-03-20 01:59:34,323 - isca - DEBUG - -----------------------------------
2026-03-20 01:59:34,324 - isca - DEBUG - 
2026-03-20 02:00:02,199 - isca - DEBUG - Integration completed through    1 Feb  2   0: 0: 0
2026-03-20 02:00:29,629 - isca - DEBUG - Integration completed through    1 Feb  3   0: 0: 0
2026-03-20 02:00:57,112 - isca - DEBUG - Integration completed through    1 Feb  4   0: 0: 0
2026-03-20 02:01:25,057 - isca - DEBUG - Integration completed through    1 Feb  5   0: 0: 0
2026-03-20 02:01:52,577 - isca - DEBUG - Integration completed through    1 Feb  6   0: 0: 0
2026-03-20 02:02:20,146 - isca - DEBUG - Integration completed through    1 Feb  7   0: 0: 0
2026-03-20 02:02:47,812 - isca - DEBUG - Integration completed through    1 Feb  8   0: 0: 0
2026-03-20 02:03:15,500 - isca - DEBUG - Integration completed through    1 Feb  9   0: 0: 0
2026-03-20 02:03:44,241 - isca - DEBUG - Integration completed through    1 Feb 10   0: 0: 0
2026-03-20 02:04:12,058 - isca - DEBUG - Integration completed through    1 Feb 11   0: 0: 0
2026-03-20 02:04:39,834 - isca - DEBUG - Integration completed through    1 Feb 12   0: 0: 0
2026-03-20 02:05:07,696 - isca - DEBUG - Integration completed through    1 Feb 13   0: 0: 0
2026-03-20 02:05:35,593 - isca - DEBUG - Integration completed through    1 Feb 14   0: 0: 0
2026-03-20 02:06:03,499 - isca - DEBUG - Integration completed through    1 Feb 15   0: 0: 0
2026-03-20 02:06:31,447 - isca - DEBUG - Integration completed through    1 Feb 16   0: 0: 0
2026-03-20 02:06:59,426 - isca - DEBUG - Integration completed through    1 Feb 17   0: 0: 0
2026-03-20 02:07:27,873 - isca - DEBUG - Integration completed through    1 Feb 18   0: 0: 0
2026-03-20 02:07:55,889 - isca - DEBUG - Integration completed through    1 Feb 19   0: 0: 0
2026-03-20 02:08:23,871 - isca - DEBUG - Integration completed through    1 Feb 20   0: 0: 0
2026-03-20 02:08:51,864 - isca - DEBUG - Integration completed through    1 Feb 21   0: 0: 0
2026-03-20 02:09:20,288 - isca - DEBUG - Integration completed through    1 Feb 22   0: 0: 0
2026-03-20 02:09:48,292 - isca - DEBUG - Integration completed through    1 Feb 23   0: 0: 0
2026-03-20 02:10:16,726 - isca - DEBUG - Integration completed through    1 Feb 24   0: 0: 0
2026-03-20 02:10:44,752 - isca - DEBUG - Integration completed through    1 Feb 25   0: 0: 0
2026-03-20 02:11:12,858 - isca - DEBUG - Integration completed through    1 Feb 26   0: 0: 0
2026-03-20 02:11:40,993 - isca - DEBUG - Integration completed through    1 Feb 27   0: 0: 0
2026-03-20 02:12:09,480 - isca - DEBUG - Integration completed through    1 Feb 28   0: 0: 0
2026-03-20 02:12:37,639 - isca - DEBUG - Integration completed through    1 Feb 29   0: 0: 0
2026-03-20 02:13:05,782 - isca - DEBUG - Integration completed through    1 Feb 30   0: 0: 0
2026-03-20 02:13:33,976 - isca - DEBUG - Integration completed through    1 Mar  1   0: 0: 0
2026-03-20 02:13:33,985 - isca - DEBUG - 
2026-03-20 02:13:33,985 - isca - WARNING - WARNING from PE    0: diag_util_mod::opening_file: module/field_name (socrates/soc_toa_sw_down_clr) NOT registered
2026-03-20 02:13:33,986 - isca - DEBUG - 
2026-03-20 02:13:33,986 - isca - DEBUG - 
2026-03-20 02:13:33,986 - isca - WARNING - WARNING from PE    0: diag_util_mod::opening_file: module/field_name (socrates/soc_toa_sw_down_clr) NOT registered
2026-03-20 02:13:33,986 - isca - DEBUG - 
2026-03-20 02:13:33,986 - isca - DEBUG - 
2026-03-20 02:13:33,986 - isca - WARNING - WARNING from PE    0: diag_util_mod::opening_file: module/field_name (cloud_simple/rh_min) NOT registered
2026-03-20 02:13:33,987 - isca - DEBUG - 
2026-03-20 02:13:33,987 - isca - DEBUG - 
2026-03-20 02:13:33,987 - isca - WARNING - WARNING from PE    0: diag_util_mod::opening_file: module/field_name (cloud_simple/rh_min) NOT registered
2026-03-20 02:13:33,987 - isca - DEBUG - 
2026-03-20 02:13:33,998 - isca - DEBUG - NOTE from PE    0: MPP_IO_SET_STACK_SIZE: stack size set to     393216.
2026-03-20 02:13:34,110 - isca - DEBUG - MPP_DOMAINS_STACK high water mark=       49152
2026-03-20 02:13:34,110 - isca - DEBUG - 
2026-03-20 02:13:34,110 - isca - DEBUG - Tabulating mpp_clock statistics across     16 PEs...
2026-03-20 02:13:34,111 - isca - DEBUG - 
2026-03-20 02:13:34,111 - isca - DEBUG - tmin          tmax          tavg          tstd  tfrac grain pemin pemax
2026-03-20 02:13:34,111 - isca - DEBUG - Total runtime                       841.075634    841.080000    841.077575      0.001154  1.000     0     0    15
2026-03-20 02:13:34,112 - isca - DEBUG - MPP_STACK high water mark=           0
2026-03-20 02:13:34,197 - isca - INFO - Run 2 complete
2026-03-20 02:13:35,288 - isca - DEBUG - atmos_monthly.nc combined and copied to data directory
2026-03-20 02:13:40,717 - isca - INFO - Restart archive created at /proj/bolinc/users/x_ryabo/Isca-Ryan_outputs/Earth_1840/restarts/res0002.tar.gz
2026-03-20 02:13:40,728 - isca - INFO - Writing namelist to '/proj/bolinc/users/x_ryabo/Isca-Ryan_outputs/Earth_1840/run0002/input.nml'
2026-03-20 02:13:40,730 - isca - INFO - Writing field_table to '/proj/bolinc/users/x_ryabo/Isca-Ryan_outputs/Earth_1840/run0002/field_table'
2026-03-20 02:13:40,740 - isca - INFO - Writing diag_table to '/proj/bolinc/users/x_ryabo/Isca-Ryan_outputs/Earth_1840/run0002/diag_table'
2026-03-20 02:13:41,103 - isca - INFO - Emptied run directory '/home/x_ryabo/Isca-Ryan_tmp/experiment/Earth_1840/run'
2026-03-20 02:13:41,122 - isca - INFO - Emptied run directory '/home/x_ryabo/Isca-Ryan_tmp/experiment/Earth_1840/run'
2026-03-20 02:13:41,452 - isca - INFO - Writing namelist to '/home/x_ryabo/Isca-Ryan_tmp/experiment/Earth_1840/run/input.nml'
2026-03-20 02:13:41,454 - isca - INFO - Writing field_table to '/home/x_ryabo/Isca-Ryan_tmp/experiment/Earth_1840/run/field_table'
2026-03-20 02:13:41,465 - isca - INFO - Writing diag_table to '/home/x_ryabo/Isca-Ryan_tmp/experiment/Earth_1840/run/diag_table'
2026-03-20 02:13:41,480 - isca - INFO - Using restart file '/proj/bolinc/users/x_ryabo/Isca-Ryan_outputs/Earth_1840/restarts/res0002.tar.gz'
2026-03-20 02:13:41,886 - isca - INFO - Restart /proj/bolinc/users/x_ryabo/Isca-Ryan_outputs/Earth_1840/restarts/res0002.tar.gz extracted to /home/x_ryabo/Isca-Ryan_tmp/experiment/Earth_1840/run/INPUT
2026-03-20 02:13:41,887 - isca - INFO - Beginning run 3
2026-03-20 02:13:41,902 - isca - INFO - process running as 2522079
2026-03-20 02:13:41,902 - isca - DEBUG - loadmodules for Isca on NSC cluster Tetralith
2026-03-20 02:13:41,902 - isca - DEBUG - mpiifort
2026-03-20 02:13:42,016 - isca - DEBUG - The following modules were not unloaded:
2026-03-20 02:13:42,016 - isca - DEBUG - (Use "module --force purge" to unload all):
2026-03-20 02:13:42,016 - isca - DEBUG - 
2026-03-20 02:13:42,016 - isca - DEBUG - 1) hpc/.1.10.1
2026-03-20 02:13:42,122 - isca - DEBUG - ***************************************************
2026-03-20 02:13:42,122 - isca - DEBUG - You have loaded a buildenv module
2026-03-20 02:13:42,122 - isca - DEBUG - ***************************************************
2026-03-20 02:13:42,122 - isca - DEBUG - The buldenv-intel module makes available:
2026-03-20 02:13:42,122 - isca - DEBUG - - Compilers: icc, ifort, etc.
2026-03-20 02:13:42,122 - isca - DEBUG - - Mpi library with mpi-wrapped compilers: intel mpi with mpicc, mpifort, etc.
2026-03-20 02:13:42,122 - isca - DEBUG - - Numerical libraries: intel MKL
2026-03-20 02:13:42,123 - isca - DEBUG - 
2026-03-20 02:13:42,123 - isca - DEBUG - It also makes a set of dependency library modules available via
2026-03-20 02:13:42,123 - isca - DEBUG - the regular module command. Just do:
2026-03-20 02:13:42,123 - isca - DEBUG - module avail
2026-03-20 02:13:42,123 - isca - DEBUG - to see what is available.
2026-03-20 02:13:42,123 - isca - DEBUG - 
2026-03-20 02:13:42,123 - isca - DEBUG - NOTE: You shoud never load build environments inside submitted jobs.
2026-03-20 02:13:42,123 - isca - DEBUG - (with the single exception of when using supercomputer time to compile code.)
2026-03-20 02:13:42,123 - isca - DEBUG - 
2026-03-20 02:13:43,294 - isca - DEBUG - NOTE from PE    0: MPP_DOMAINS_SET_STACK_SIZE: stack size set to    32768.
2026-03-20 02:13:43,295 - isca - DEBUG - &MPP_IO_NML
2026-03-20 02:13:43,295 - isca - DEBUG - HEADER_BUFFER_VAL       =       16384,
2026-03-20 02:13:43,295 - isca - DEBUG - GLOBAL_FIELD_ON_ROOT_PE = T,
2026-03-20 02:13:43,295 - isca - DEBUG - IO_CLOCKS_ON    = F,
2026-03-20 02:13:43,295 - isca - DEBUG - SHUFFLE =           0,
2026-03-20 02:13:43,295 - isca - DEBUG - DEFLATE_LEVEL   =          -1
2026-03-20 02:13:43,295 - isca - DEBUG - /
2026-03-20 02:13:43,296 - isca - DEBUG - NOTE from PE    0: MPP_IO_SET_STACK_SIZE: stack size set to     131072.
2026-03-20 02:13:43,297 - isca - DEBUG - NOTE from PE    0: MPP_DOMAINS_SET_STACK_SIZE: stack size set to   600000.
2026-03-20 02:13:43,304 - isca - DEBUG - starting            1  OpenMP threads per MPI-task
2026-03-20 02:13:43,306 - isca - DEBUG - ATMOS MODEL DOMAIN DECOMPOSITION
2026-03-20 02:13:43,306 - isca - DEBUG - X-AXIS =  128
2026-03-20 02:13:43,307 - isca - DEBUG - Y-AXIS =    4   4   4   4   4   4   4   4   4   4   4   4   4   4   4   4
2026-03-20 02:13:43,365 - isca - DEBUG - NOTE from PE    0: cloud_simple: Using SimCloud cloud scheme
2026-03-20 02:13:43,366 - isca - DEBUG - NOTE from PE    0: ls_cloud: Using Sundqvist (1989) cloud fraction diagnostic formula.
2026-03-20 02:13:43,367 - isca - DEBUG - NOTE from PE    0: cloud_cover: The cloud overlap assumption is MAXIMUM-RANDOM
2026-03-20 02:13:43,367 - isca - DEBUG - NOTE from PE    0: idealized_moist_phys: Using Frierson Quasi-Equilibrium convection scheme.
2026-03-20 02:13:43,376 - isca - DEBUG - 
2026-03-20 02:13:43,376 - isca - WARNING - WARNING from PE    0: socrates_init: lw_hires_spectral_filename is unset, making equal to lw_spectral_filename
2026-03-20 02:13:43,376 - isca - DEBUG - 
2026-03-20 02:13:43,376 - isca - DEBUG - 
2026-03-20 02:13:43,376 - isca - WARNING - WARNING from PE    0: socrates_init: lw_hires_spectral_filename is unset, making equal to lw_spectral_filename
2026-03-20 02:13:43,376 - isca - DEBUG - 
2026-03-20 02:13:43,376 - isca - DEBUG - 
2026-03-20 02:13:43,376 - isca - WARNING - WARNING from PE    0: socrates_init: sw_hires_spectral_filename is unset, making equal to sw_spectral_filename
2026-03-20 02:13:43,376 - isca - DEBUG - 
2026-03-20 02:13:43,376 - isca - DEBUG - 
2026-03-20 02:13:43,376 - isca - WARNING - WARNING from PE    0: socrates_init: sw_hires_spectral_filename is unset, making equal to sw_spectral_filename
2026-03-20 02:13:43,376 - isca - DEBUG - 
2026-03-20 02:13:44,579 - isca - DEBUG - NOTE from PE    0: Interpolator: Using input file with no time dimension - ozone_1990_notime_zero.nc
2026-03-20 02:13:44,580 - isca - DEBUG - Initializing src field : ozone_1990
2026-03-20 02:13:44,582 - isca - DEBUG - 
2026-03-20 02:13:44,582 - isca - DEBUG - -----------------------------------
2026-03-20 02:13:44,582 - isca - DEBUG - ____                       _
2026-03-20 02:13:44,582 - isca - DEBUG - / ___|  ___   ___ _ __ __ _| |_ ___  ___
2026-03-20 02:13:44,582 - isca - DEBUG - \___ \ / _ \ / __|  __/ _` | __/ _ \/ __|
2026-03-20 02:13:44,582 - isca - DEBUG - ___) | (_) | (__| | | (_| | ||  __/\__ \
2026-03-20 02:13:44,582 - isca - DEBUG - |____/ \___/ \___|_|  \__,_|\__\___||___/
2026-03-20 02:13:44,582 - isca - DEBUG - 
2026-03-20 02:13:44,582 - isca - DEBUG - Initialised Socrates v17.03
2026-03-20 02:13:44,582 - isca - DEBUG - Stellar constant =    1840.00000000000
2026-03-20 02:13:44,582 - isca - DEBUG - Longwave spectral file =
2026-03-20 02:13:44,582 - isca - DEBUG - /proj/bolinc/users/x_ryabo/socrates_edited_for_isca/spectral_files_for_GCMs/Sun
2026-03-20 02:13:44,582 - isca - DEBUG - /miniSuran_lw.sf WITH           16  bands
2026-03-20 02:13:44,582 - isca - DEBUG - Longwave hires spectral file =
2026-03-20 02:13:44,582 - isca - DEBUG - /proj/bolinc/users/x_ryabo/socrates_edited_for_isca/spectral_files_for_GCMs/Sun
2026-03-20 02:13:44,582 - isca - DEBUG - /miniSuran_lw.sf WITH           16  bands
2026-03-20 02:13:44,582 - isca - DEBUG - Shortwave spectral file =
2026-03-20 02:13:44,582 - isca - DEBUG - /proj/bolinc/users/x_ryabo/socrates_edited_for_isca/spectral_files_for_GCMs/Sun
2026-03-20 02:13:44,582 - isca - DEBUG - /miniSuran_sw.sf WITH           16  bands
2026-03-20 02:13:44,582 - isca - DEBUG - Shortwave hires spectral file =
2026-03-20 02:13:44,582 - isca - DEBUG - /proj/bolinc/users/x_ryabo/socrates_edited_for_isca/spectral_files_for_GCMs/Sun
2026-03-20 02:13:44,582 - isca - DEBUG - /miniSuran_sw.sf WITH           16  bands
2026-03-20 02:13:44,583 - isca - DEBUG - 
2026-03-20 02:13:44,583 - isca - DEBUG - -----------------------------------
2026-03-20 02:13:44,583 - isca - DEBUG - 
2026-03-20 02:14:12,542 - isca - DEBUG - Integration completed through    1 Mar  2   0: 0: 0
2026-03-20 02:14:40,527 - isca - DEBUG - Integration completed through    1 Mar  3   0: 0: 0
2026-03-20 02:15:08,948 - isca - DEBUG - Integration completed through    1 Mar  4   0: 0: 0
2026-03-20 02:15:37,059 - isca - DEBUG - Integration completed through    1 Mar  5   0: 0: 0
2026-03-20 02:16:05,620 - isca - DEBUG - Integration completed through    1 Mar  6   0: 0: 0
2026-03-20 02:16:33,759 - isca - DEBUG - Integration completed through    1 Mar  7   0: 0: 0
2026-03-20 02:17:02,326 - isca - DEBUG - Integration completed through    1 Mar  8   0: 0: 0
2026-03-20 02:17:30,437 - isca - DEBUG - Integration completed through    1 Mar  9   0: 0: 0
2026-03-20 02:17:58,523 - isca - DEBUG - Integration completed through    1 Mar 10   0: 0: 0
2026-03-20 02:18:27,126 - isca - DEBUG - Integration completed through    1 Mar 11   0: 0: 0
2026-03-20 02:18:55,311 - isca - DEBUG - Integration completed through    1 Mar 12   0: 0: 0
2026-03-20 02:19:23,979 - isca - DEBUG - Integration completed through    1 Mar 13   0: 0: 0
2026-03-20 02:19:52,198 - isca - DEBUG - Integration completed through    1 Mar 14   0: 0: 0
2026-03-20 02:20:20,774 - isca - DEBUG - Integration completed through    1 Mar 15   0: 0: 0
2026-03-20 02:20:48,861 - isca - DEBUG - Integration completed through    1 Mar 16   0: 0: 0
2026-03-20 02:21:17,345 - isca - DEBUG - Integration completed through    1 Mar 17   0: 0: 0
2026-03-20 02:21:45,516 - isca - DEBUG - Integration completed through    1 Mar 18   0: 0: 0
2026-03-20 02:22:13,835 - isca - DEBUG - Integration completed through    1 Mar 19   0: 0: 0
2026-03-20 02:22:42,160 - isca - DEBUG - Integration completed through    1 Mar 20   0: 0: 0
2026-03-20 02:23:10,479 - isca - DEBUG - Integration completed through    1 Mar 21   0: 0: 0
2026-03-20 02:23:38,819 - isca - DEBUG - Integration completed through    1 Mar 22   0: 0: 0
2026-03-20 02:24:07,616 - isca - DEBUG - Integration completed through    1 Mar 23   0: 0: 0
2026-03-20 02:24:36,082 - isca - DEBUG - Integration completed through    1 Mar 24   0: 0: 0
2026-03-20 02:25:04,981 - isca - DEBUG - Integration completed through    1 Mar 25   0: 0: 0
2026-03-20 02:25:33,471 - isca - DEBUG - Integration completed through    1 Mar 26   0: 0: 0
2026-03-20 02:26:02,002 - isca - DEBUG - Integration completed through    1 Mar 27   0: 0: 0
2026-03-20 02:26:30,470 - isca - DEBUG - Integration completed through    1 Mar 28   0: 0: 0
2026-03-20 02:26:59,038 - isca - DEBUG - Integration completed through    1 Mar 29   0: 0: 0
2026-03-20 02:27:27,632 - isca - DEBUG - Integration completed through    1 Mar 30   0: 0: 0
2026-03-20 02:27:56,145 - isca - DEBUG - Integration completed through    1 Apr  1   0: 0: 0
2026-03-20 02:27:56,154 - isca - DEBUG - 
2026-03-20 02:27:56,155 - isca - WARNING - WARNING from PE    0: diag_util_mod::opening_file: module/field_name (socrates/soc_toa_sw_down_clr) NOT registered
2026-03-20 02:27:56,155 - isca - DEBUG - 
2026-03-20 02:27:56,155 - isca - DEBUG - 
2026-03-20 02:27:56,155 - isca - WARNING - WARNING from PE    0: diag_util_mod::opening_file: module/field_name (socrates/soc_toa_sw_down_clr) NOT registered
2026-03-20 02:27:56,155 - isca - DEBUG - 
2026-03-20 02:27:56,155 - isca - DEBUG - 
2026-03-20 02:27:56,155 - isca - WARNING - WARNING from PE    0: diag_util_mod::opening_file: module/field_name (cloud_simple/rh_min) NOT registered
2026-03-20 02:27:56,155 - isca - DEBUG - 
2026-03-20 02:27:56,155 - isca - DEBUG - 
2026-03-20 02:27:56,155 - isca - WARNING - WARNING from PE    0: diag_util_mod::opening_file: module/field_name (cloud_simple/rh_min) NOT registered
2026-03-20 02:27:56,155 - isca - DEBUG - 
2026-03-20 02:27:56,166 - isca - DEBUG - NOTE from PE    0: MPP_IO_SET_STACK_SIZE: stack size set to     393216.
2026-03-20 02:27:56,274 - isca - DEBUG - MPP_DOMAINS_STACK high water mark=       49152
2026-03-20 02:27:56,274 - isca - DEBUG - 
2026-03-20 02:27:56,274 - isca - DEBUG - Tabulating mpp_clock statistics across     16 PEs...
2026-03-20 02:27:56,274 - isca - DEBUG - 
2026-03-20 02:27:56,274 - isca - DEBUG - tmin          tmax          tavg          tstd  tfrac grain pemin pemax
2026-03-20 02:27:56,275 - isca - DEBUG - Total runtime                       852.978277    852.983558    852.980226      0.001446  1.000     0     0    15
2026-03-20 02:27:56,275 - isca - DEBUG - MPP_STACK high water mark=           0
2026-03-20 02:27:56,341 - isca - INFO - Run 3 complete
2026-03-20 02:27:57,277 - isca - DEBUG - atmos_monthly.nc combined and copied to data directory
2026-03-20 02:28:03,409 - isca - INFO - Restart archive created at /proj/bolinc/users/x_ryabo/Isca-Ryan_outputs/Earth_1840/restarts/res0003.tar.gz
2026-03-20 02:28:03,421 - isca - INFO - Writing namelist to '/proj/bolinc/users/x_ryabo/Isca-Ryan_outputs/Earth_1840/run0003/input.nml'
2026-03-20 02:28:03,423 - isca - INFO - Writing field_table to '/proj/bolinc/users/x_ryabo/Isca-Ryan_outputs/Earth_1840/run0003/field_table'
2026-03-20 02:28:03,433 - isca - INFO - Writing diag_table to '/proj/bolinc/users/x_ryabo/Isca-Ryan_outputs/Earth_1840/run0003/diag_table'
2026-03-20 02:28:03,791 - isca - INFO - Emptied run directory '/home/x_ryabo/Isca-Ryan_tmp/experiment/Earth_1840/run'
2026-03-20 02:28:03,810 - isca - INFO - Emptied run directory '/home/x_ryabo/Isca-Ryan_tmp/experiment/Earth_1840/run'
2026-03-20 02:28:04,140 - isca - INFO - Writing namelist to '/home/x_ryabo/Isca-Ryan_tmp/experiment/Earth_1840/run/input.nml'
2026-03-20 02:28:04,142 - isca - INFO - Writing field_table to '/home/x_ryabo/Isca-Ryan_tmp/experiment/Earth_1840/run/field_table'
2026-03-20 02:28:04,157 - isca - INFO - Writing diag_table to '/home/x_ryabo/Isca-Ryan_tmp/experiment/Earth_1840/run/diag_table'
2026-03-20 02:28:04,170 - isca - INFO - Using restart file '/proj/bolinc/users/x_ryabo/Isca-Ryan_outputs/Earth_1840/restarts/res0003.tar.gz'
2026-03-20 02:28:04,581 - isca - INFO - Restart /proj/bolinc/users/x_ryabo/Isca-Ryan_outputs/Earth_1840/restarts/res0003.tar.gz extracted to /home/x_ryabo/Isca-Ryan_tmp/experiment/Earth_1840/run/INPUT
2026-03-20 02:28:04,582 - isca - INFO - Beginning run 4
2026-03-20 02:28:04,593 - isca - INFO - process running as 2522925
2026-03-20 02:28:04,593 - isca - DEBUG - loadmodules for Isca on NSC cluster Tetralith
2026-03-20 02:28:04,593 - isca - DEBUG - mpiifort
2026-03-20 02:28:04,708 - isca - DEBUG - The following modules were not unloaded:
2026-03-20 02:28:04,709 - isca - DEBUG - (Use "module --force purge" to unload all):
2026-03-20 02:28:04,709 - isca - DEBUG - 
2026-03-20 02:28:04,709 - isca - DEBUG - 1) hpc/.1.10.1
2026-03-20 02:28:04,818 - isca - DEBUG - ***************************************************
2026-03-20 02:28:04,818 - isca - DEBUG - You have loaded a buildenv module
2026-03-20 02:28:04,818 - isca - DEBUG - ***************************************************
2026-03-20 02:28:04,818 - isca - DEBUG - The buldenv-intel module makes available:
2026-03-20 02:28:04,818 - isca - DEBUG - - Compilers: icc, ifort, etc.
2026-03-20 02:28:04,818 - isca - DEBUG - - Mpi library with mpi-wrapped compilers: intel mpi with mpicc, mpifort, etc.
2026-03-20 02:28:04,818 - isca - DEBUG - - Numerical libraries: intel MKL
2026-03-20 02:28:04,818 - isca - DEBUG - 
2026-03-20 02:28:04,818 - isca - DEBUG - It also makes a set of dependency library modules available via
2026-03-20 02:28:04,818 - isca - DEBUG - the regular module command. Just do:
2026-03-20 02:28:04,818 - isca - DEBUG - module avail
2026-03-20 02:28:04,818 - isca - DEBUG - to see what is available.
2026-03-20 02:28:04,818 - isca - DEBUG - 
2026-03-20 02:28:04,818 - isca - DEBUG - NOTE: You shoud never load build environments inside submitted jobs.
2026-03-20 02:28:04,818 - isca - DEBUG - (with the single exception of when using supercomputer time to compile code.)
2026-03-20 02:28:04,818 - isca - DEBUG - 
2026-03-20 02:28:05,939 - isca - DEBUG - NOTE from PE    0: MPP_DOMAINS_SET_STACK_SIZE: stack size set to    32768.
2026-03-20 02:28:05,939 - isca - DEBUG - &MPP_IO_NML
2026-03-20 02:28:05,940 - isca - DEBUG - HEADER_BUFFER_VAL       =       16384,
2026-03-20 02:28:05,940 - isca - DEBUG - GLOBAL_FIELD_ON_ROOT_PE = T,
2026-03-20 02:28:05,940 - isca - DEBUG - IO_CLOCKS_ON    = F,
2026-03-20 02:28:05,940 - isca - DEBUG - SHUFFLE =           0,
2026-03-20 02:28:05,940 - isca - DEBUG - DEFLATE_LEVEL   =          -1
2026-03-20 02:28:05,940 - isca - DEBUG - /
2026-03-20 02:28:05,941 - isca - DEBUG - NOTE from PE    0: MPP_IO_SET_STACK_SIZE: stack size set to     131072.
2026-03-20 02:28:05,942 - isca - DEBUG - NOTE from PE    0: MPP_DOMAINS_SET_STACK_SIZE: stack size set to   600000.
2026-03-20 02:28:05,949 - isca - DEBUG - starting            1  OpenMP threads per MPI-task
2026-03-20 02:28:05,951 - isca - DEBUG - ATMOS MODEL DOMAIN DECOMPOSITION
2026-03-20 02:28:05,951 - isca - DEBUG - X-AXIS =  128
2026-03-20 02:28:05,952 - isca - DEBUG - Y-AXIS =    4   4   4   4   4   4   4   4   4   4   4   4   4   4   4   4
2026-03-20 02:28:06,009 - isca - DEBUG - NOTE from PE    0: cloud_simple: Using SimCloud cloud scheme
2026-03-20 02:28:06,010 - isca - DEBUG - NOTE from PE    0: ls_cloud: Using Sundqvist (1989) cloud fraction diagnostic formula.
2026-03-20 02:28:06,010 - isca - DEBUG - NOTE from PE    0: cloud_cover: The cloud overlap assumption is MAXIMUM-RANDOM
2026-03-20 02:28:06,011 - isca - DEBUG - NOTE from PE    0: idealized_moist_phys: Using Frierson Quasi-Equilibrium convection scheme.
2026-03-20 02:28:06,020 - isca - DEBUG - 
2026-03-20 02:28:06,020 - isca - WARNING - WARNING from PE    0: socrates_init: lw_hires_spectral_filename is unset, making equal to lw_spectral_filename
2026-03-20 02:28:06,020 - isca - DEBUG - 
2026-03-20 02:28:06,020 - isca - DEBUG - 
2026-03-20 02:28:06,020 - isca - WARNING - WARNING from PE    0: socrates_init: lw_hires_spectral_filename is unset, making equal to lw_spectral_filename
2026-03-20 02:28:06,020 - isca - DEBUG - 
2026-03-20 02:28:06,020 - isca - DEBUG - 
2026-03-20 02:28:06,020 - isca - WARNING - WARNING from PE    0: socrates_init: sw_hires_spectral_filename is unset, making equal to sw_spectral_filename
2026-03-20 02:28:06,020 - isca - DEBUG - 
2026-03-20 02:28:06,020 - isca - DEBUG - 
2026-03-20 02:28:06,020 - isca - WARNING - WARNING from PE    0: socrates_init: sw_hires_spectral_filename is unset, making equal to sw_spectral_filename
2026-03-20 02:28:06,020 - isca - DEBUG - 
2026-03-20 02:28:07,228 - isca - DEBUG - NOTE from PE    0: Interpolator: Using input file with no time dimension - ozone_1990_notime_zero.nc
2026-03-20 02:28:07,228 - isca - DEBUG - Initializing src field : ozone_1990
2026-03-20 02:28:07,230 - isca - DEBUG - 
2026-03-20 02:28:07,230 - isca - DEBUG - -----------------------------------
2026-03-20 02:28:07,230 - isca - DEBUG - ____                       _
2026-03-20 02:28:07,230 - isca - DEBUG - / ___|  ___   ___ _ __ __ _| |_ ___  ___
2026-03-20 02:28:07,230 - isca - DEBUG - \___ \ / _ \ / __|  __/ _` | __/ _ \/ __|
2026-03-20 02:28:07,230 - isca - DEBUG - ___) | (_) | (__| | | (_| | ||  __/\__ \
2026-03-20 02:28:07,230 - isca - DEBUG - |____/ \___/ \___|_|  \__,_|\__\___||___/
2026-03-20 02:28:07,230 - isca - DEBUG - 
2026-03-20 02:28:07,230 - isca - DEBUG - Initialised Socrates v17.03
2026-03-20 02:28:07,230 - isca - DEBUG - Stellar constant =    1840.00000000000
2026-03-20 02:28:07,230 - isca - DEBUG - Longwave spectral file =
2026-03-20 02:28:07,230 - isca - DEBUG - /proj/bolinc/users/x_ryabo/socrates_edited_for_isca/spectral_files_for_GCMs/Sun
2026-03-20 02:28:07,230 - isca - DEBUG - /miniSuran_lw.sf WITH           16  bands
2026-03-20 02:28:07,230 - isca - DEBUG - Longwave hires spectral file =
2026-03-20 02:28:07,230 - isca - DEBUG - /proj/bolinc/users/x_ryabo/socrates_edited_for_isca/spectral_files_for_GCMs/Sun
2026-03-20 02:28:07,230 - isca - DEBUG - /miniSuran_lw.sf WITH           16  bands
2026-03-20 02:28:07,230 - isca - DEBUG - Shortwave spectral file =
2026-03-20 02:28:07,230 - isca - DEBUG - /proj/bolinc/users/x_ryabo/socrates_edited_for_isca/spectral_files_for_GCMs/Sun
2026-03-20 02:28:07,230 - isca - DEBUG - /miniSuran_sw.sf WITH           16  bands
2026-03-20 02:28:07,230 - isca - DEBUG - Shortwave hires spectral file =
2026-03-20 02:28:07,230 - isca - DEBUG - /proj/bolinc/users/x_ryabo/socrates_edited_for_isca/spectral_files_for_GCMs/Sun
2026-03-20 02:28:07,230 - isca - DEBUG - /miniSuran_sw.sf WITH           16  bands
2026-03-20 02:28:07,230 - isca - DEBUG - 
2026-03-20 02:28:07,231 - isca - DEBUG - -----------------------------------
2026-03-20 02:28:07,231 - isca - DEBUG - 
2026-03-20 02:28:35,782 - isca - DEBUG - Integration completed through    1 Apr  2   0: 0: 0
2026-03-20 02:29:04,288 - isca - DEBUG - Integration completed through    1 Apr  3   0: 0: 0
2026-03-20 02:29:32,756 - isca - DEBUG - Integration completed through    1 Apr  4   0: 0: 0
2026-03-20 02:30:01,151 - isca - DEBUG - Integration completed through    1 Apr  5   0: 0: 0
2026-03-20 02:30:29,689 - isca - DEBUG - Integration completed through    1 Apr  6   0: 0: 0
2026-03-20 02:30:58,242 - isca - DEBUG - Integration completed through    1 Apr  7   0: 0: 0
2026-03-20 02:31:26,792 - isca - DEBUG - Integration completed through    1 Apr  8   0: 0: 0
2026-03-20 02:31:55,188 - isca - DEBUG - Integration completed through    1 Apr  9   0: 0: 0
2026-03-20 02:32:23,609 - isca - DEBUG - Integration completed through    1 Apr 10   0: 0: 0
2026-03-20 02:32:52,053 - isca - DEBUG - Integration completed through    1 Apr 11   0: 0: 0
2026-03-20 02:33:20,622 - isca - DEBUG - Integration completed through    1 Apr 12   0: 0: 0
2026-03-20 02:33:49,169 - isca - DEBUG - Integration completed through    1 Apr 13   0: 0: 0
2026-03-20 02:34:17,872 - isca - DEBUG - Integration completed through    1 Apr 14   0: 0: 0
2026-03-20 02:34:46,596 - isca - DEBUG - Integration completed through    1 Apr 15   0: 0: 0
2026-03-20 02:35:15,227 - isca - DEBUG - Integration completed through    1 Apr 16   0: 0: 0
2026-03-20 02:35:43,812 - isca - DEBUG - Integration completed through    1 Apr 17   0: 0: 0
2026-03-20 02:36:12,554 - isca - DEBUG - Integration completed through    1 Apr 18   0: 0: 0
2026-03-20 02:36:41,374 - isca - DEBUG - Integration completed through    1 Apr 19   0: 0: 0
2026-03-20 02:37:10,484 - isca - DEBUG - Integration completed through    1 Apr 20   0: 0: 0
2026-03-20 02:37:39,108 - isca - DEBUG - Integration completed through    1 Apr 21   0: 0: 0
2026-03-20 02:38:08,204 - isca - DEBUG - Integration completed through    1 Apr 22   0: 0: 0
2026-03-20 02:38:37,034 - isca - DEBUG - Integration completed through    1 Apr 23   0: 0: 0
2026-03-20 02:39:06,446 - isca - DEBUG - Integration completed through    1 Apr 24   0: 0: 0
2026-03-20 02:39:35,258 - isca - DEBUG - Integration completed through    1 Apr 25   0: 0: 0
2026-03-20 02:40:04,504 - isca - DEBUG - Integration completed through    1 Apr 26   0: 0: 0
2026-03-20 02:40:33,359 - isca - DEBUG - Integration completed through    1 Apr 27   0: 0: 0
2026-03-20 02:41:02,119 - isca - DEBUG - Integration completed through    1 Apr 28   0: 0: 0
2026-03-20 02:41:31,199 - isca - DEBUG - Integration completed through    1 Apr 29   0: 0: 0
2026-03-20 02:41:59,817 - isca - DEBUG - Integration completed through    1 Apr 30   0: 0: 0
2026-03-20 02:42:28,492 - isca - DEBUG - Integration completed through    1 May  1   0: 0: 0
2026-03-20 02:42:28,503 - isca - DEBUG - 
2026-03-20 02:42:28,503 - isca - WARNING - WARNING from PE    0: diag_util_mod::opening_file: module/field_name (socrates/soc_toa_sw_down_clr) NOT registered
2026-03-20 02:42:28,504 - isca - DEBUG - 
2026-03-20 02:42:28,504 - isca - DEBUG - 
2026-03-20 02:42:28,504 - isca - WARNING - WARNING from PE    0: diag_util_mod::opening_file: module/field_name (socrates/soc_toa_sw_down_clr) NOT registered
2026-03-20 02:42:28,504 - isca - DEBUG - 
2026-03-20 02:42:28,504 - isca - DEBUG - 
2026-03-20 02:42:28,504 - isca - WARNING - WARNING from PE    0: diag_util_mod::opening_file: module/field_name (cloud_simple/rh_min) NOT registered
2026-03-20 02:42:28,504 - isca - DEBUG - 
2026-03-20 02:42:28,504 - isca - DEBUG - 
2026-03-20 02:42:28,504 - isca - WARNING - WARNING from PE    0: diag_util_mod::opening_file: module/field_name (cloud_simple/rh_min) NOT registered
2026-03-20 02:42:28,504 - isca - DEBUG - 
2026-03-20 02:42:28,515 - isca - DEBUG - NOTE from PE    0: MPP_IO_SET_STACK_SIZE: stack size set to     393216.
2026-03-20 02:42:28,626 - isca - DEBUG - MPP_DOMAINS_STACK high water mark=       49152
2026-03-20 02:42:28,626 - isca - DEBUG - 
2026-03-20 02:42:28,626 - isca - DEBUG - Tabulating mpp_clock statistics across     16 PEs...
2026-03-20 02:42:28,626 - isca - DEBUG - 
2026-03-20 02:42:28,626 - isca - DEBUG - tmin          tmax          tavg          tstd  tfrac grain pemin pemax
2026-03-20 02:42:28,627 - isca - DEBUG - Total runtime                       862.686264    862.689866    862.688053      0.001079  1.000     0     0    15
2026-03-20 02:42:28,627 - isca - DEBUG - MPP_STACK high water mark=           0
2026-03-20 02:42:28,741 - isca - INFO - Run 4 complete
2026-03-20 02:42:29,653 - isca - DEBUG - atmos_monthly.nc combined and copied to data directory
2026-03-20 02:42:35,995 - isca - INFO - Restart archive created at /proj/bolinc/users/x_ryabo/Isca-Ryan_outputs/Earth_1840/restarts/res0004.tar.gz
2026-03-20 02:42:36,006 - isca - INFO - Writing namelist to '/proj/bolinc/users/x_ryabo/Isca-Ryan_outputs/Earth_1840/run0004/input.nml'
2026-03-20 02:42:36,008 - isca - INFO - Writing field_table to '/proj/bolinc/users/x_ryabo/Isca-Ryan_outputs/Earth_1840/run0004/field_table'
2026-03-20 02:42:36,018 - isca - INFO - Writing diag_table to '/proj/bolinc/users/x_ryabo/Isca-Ryan_outputs/Earth_1840/run0004/diag_table'
2026-03-20 02:42:36,423 - isca - INFO - Emptied run directory '/home/x_ryabo/Isca-Ryan_tmp/experiment/Earth_1840/run'
2026-03-20 02:42:36,441 - isca - INFO - Emptied run directory '/home/x_ryabo/Isca-Ryan_tmp/experiment/Earth_1840/run'
2026-03-20 02:42:36,774 - isca - INFO - Writing namelist to '/home/x_ryabo/Isca-Ryan_tmp/experiment/Earth_1840/run/input.nml'
2026-03-20 02:42:36,775 - isca - INFO - Writing field_table to '/home/x_ryabo/Isca-Ryan_tmp/experiment/Earth_1840/run/field_table'
2026-03-20 02:42:36,787 - isca - INFO - Writing diag_table to '/home/x_ryabo/Isca-Ryan_tmp/experiment/Earth_1840/run/diag_table'
2026-03-20 02:42:36,804 - isca - INFO - Using restart file '/proj/bolinc/users/x_ryabo/Isca-Ryan_outputs/Earth_1840/restarts/res0004.tar.gz'
2026-03-20 02:42:37,218 - isca - INFO - Restart /proj/bolinc/users/x_ryabo/Isca-Ryan_outputs/Earth_1840/restarts/res0004.tar.gz extracted to /home/x_ryabo/Isca-Ryan_tmp/experiment/Earth_1840/run/INPUT
2026-03-20 02:42:37,219 - isca - INFO - Beginning run 5
2026-03-20 02:42:37,234 - isca - INFO - process running as 2523810
2026-03-20 02:42:37,234 - isca - DEBUG - loadmodules for Isca on NSC cluster Tetralith
2026-03-20 02:42:37,234 - isca - DEBUG - mpiifort
2026-03-20 02:42:37,347 - isca - DEBUG - The following modules were not unloaded:
2026-03-20 02:42:37,348 - isca - DEBUG - (Use "module --force purge" to unload all):
2026-03-20 02:42:37,348 - isca - DEBUG - 
2026-03-20 02:42:37,348 - isca - DEBUG - 1) hpc/.1.10.1
2026-03-20 02:42:37,456 - isca - DEBUG - ***************************************************
2026-03-20 02:42:37,456 - isca - DEBUG - You have loaded a buildenv module
2026-03-20 02:42:37,456 - isca - DEBUG - ***************************************************
2026-03-20 02:42:37,456 - isca - DEBUG - The buldenv-intel module makes available:
2026-03-20 02:42:37,456 - isca - DEBUG - - Compilers: icc, ifort, etc.
2026-03-20 02:42:37,456 - isca - DEBUG - - Mpi library with mpi-wrapped compilers: intel mpi with mpicc, mpifort, etc.
2026-03-20 02:42:37,456 - isca - DEBUG - - Numerical libraries: intel MKL
2026-03-20 02:42:37,456 - isca - DEBUG - 
2026-03-20 02:42:37,456 - isca - DEBUG - It also makes a set of dependency library modules available via
2026-03-20 02:42:37,456 - isca - DEBUG - the regular module command. Just do:
2026-03-20 02:42:37,456 - isca - DEBUG - module avail
2026-03-20 02:42:37,456 - isca - DEBUG - to see what is available.
2026-03-20 02:42:37,456 - isca - DEBUG - 
2026-03-20 02:42:37,456 - isca - DEBUG - NOTE: You shoud never load build environments inside submitted jobs.
2026-03-20 02:42:37,456 - isca - DEBUG - (with the single exception of when using supercomputer time to compile code.)
2026-03-20 02:42:37,456 - isca - DEBUG - 
2026-03-20 02:42:38,587 - isca - DEBUG - NOTE from PE    0: MPP_DOMAINS_SET_STACK_SIZE: stack size set to    32768.
2026-03-20 02:42:38,587 - isca - DEBUG - &MPP_IO_NML
2026-03-20 02:42:38,587 - isca - DEBUG - HEADER_BUFFER_VAL       =       16384,
2026-03-20 02:42:38,587 - isca - DEBUG - GLOBAL_FIELD_ON_ROOT_PE = T,
2026-03-20 02:42:38,587 - isca - DEBUG - IO_CLOCKS_ON    = F,
2026-03-20 02:42:38,587 - isca - DEBUG - SHUFFLE =           0,
2026-03-20 02:42:38,588 - isca - DEBUG - DEFLATE_LEVEL   =          -1
2026-03-20 02:42:38,588 - isca - DEBUG - /
2026-03-20 02:42:38,589 - isca - DEBUG - NOTE from PE    0: MPP_IO_SET_STACK_SIZE: stack size set to     131072.
2026-03-20 02:42:38,590 - isca - DEBUG - NOTE from PE    0: MPP_DOMAINS_SET_STACK_SIZE: stack size set to   600000.
2026-03-20 02:42:38,597 - isca - DEBUG - starting            1  OpenMP threads per MPI-task
2026-03-20 02:42:38,599 - isca - DEBUG - ATMOS MODEL DOMAIN DECOMPOSITION
2026-03-20 02:42:38,599 - isca - DEBUG - X-AXIS =  128
2026-03-20 02:42:38,599 - isca - DEBUG - Y-AXIS =    4   4   4   4   4   4   4   4   4   4   4   4   4   4   4   4
2026-03-20 02:42:38,659 - isca - DEBUG - NOTE from PE    0: cloud_simple: Using SimCloud cloud scheme
2026-03-20 02:42:38,661 - isca - DEBUG - NOTE from PE    0: ls_cloud: Using Sundqvist (1989) cloud fraction diagnostic formula.
2026-03-20 02:42:38,661 - isca - DEBUG - NOTE from PE    0: cloud_cover: The cloud overlap assumption is MAXIMUM-RANDOM
2026-03-20 02:42:38,661 - isca - DEBUG - NOTE from PE    0: idealized_moist_phys: Using Frierson Quasi-Equilibrium convection scheme.
2026-03-20 02:42:38,670 - isca - DEBUG - 
2026-03-20 02:42:38,670 - isca - WARNING - WARNING from PE    0: socrates_init: lw_hires_spectral_filename is unset, making equal to lw_spectral_filename
2026-03-20 02:42:38,670 - isca - DEBUG - 
2026-03-20 02:42:38,670 - isca - DEBUG - 
2026-03-20 02:42:38,670 - isca - WARNING - WARNING from PE    0: socrates_init: lw_hires_spectral_filename is unset, making equal to lw_spectral_filename
2026-03-20 02:42:38,671 - isca - DEBUG - 
2026-03-20 02:42:38,671 - isca - DEBUG - 
2026-03-20 02:42:38,671 - isca - WARNING - WARNING from PE    0: socrates_init: sw_hires_spectral_filename is unset, making equal to sw_spectral_filename
2026-03-20 02:42:38,671 - isca - DEBUG - 
2026-03-20 02:42:38,671 - isca - DEBUG - 
2026-03-20 02:42:38,671 - isca - WARNING - WARNING from PE    0: socrates_init: sw_hires_spectral_filename is unset, making equal to sw_spectral_filename
2026-03-20 02:42:38,671 - isca - DEBUG - 
2026-03-20 02:42:39,887 - isca - DEBUG - NOTE from PE    0: Interpolator: Using input file with no time dimension - ozone_1990_notime_zero.nc
2026-03-20 02:42:39,887 - isca - DEBUG - Initializing src field : ozone_1990
2026-03-20 02:42:39,889 - isca - DEBUG - 
2026-03-20 02:42:39,889 - isca - DEBUG - -----------------------------------
2026-03-20 02:42:39,889 - isca - DEBUG - ____                       _
2026-03-20 02:42:39,890 - isca - DEBUG - / ___|  ___   ___ _ __ __ _| |_ ___  ___
2026-03-20 02:42:39,890 - isca - DEBUG - \___ \ / _ \ / __|  __/ _` | __/ _ \/ __|
2026-03-20 02:42:39,890 - isca - DEBUG - ___) | (_) | (__| | | (_| | ||  __/\__ \
2026-03-20 02:42:39,890 - isca - DEBUG - |____/ \___/ \___|_|  \__,_|\__\___||___/
2026-03-20 02:42:39,890 - isca - DEBUG - 
2026-03-20 02:42:39,890 - isca - DEBUG - Initialised Socrates v17.03
2026-03-20 02:42:39,890 - isca - DEBUG - Stellar constant =    1840.00000000000
2026-03-20 02:42:39,890 - isca - DEBUG - Longwave spectral file =
2026-03-20 02:42:39,890 - isca - DEBUG - /proj/bolinc/users/x_ryabo/socrates_edited_for_isca/spectral_files_for_GCMs/Sun
2026-03-20 02:42:39,890 - isca - DEBUG - /miniSuran_lw.sf WITH           16  bands
2026-03-20 02:42:39,890 - isca - DEBUG - Longwave hires spectral file =
2026-03-20 02:42:39,890 - isca - DEBUG - /proj/bolinc/users/x_ryabo/socrates_edited_for_isca/spectral_files_for_GCMs/Sun
2026-03-20 02:42:39,890 - isca - DEBUG - /miniSuran_lw.sf WITH           16  bands
2026-03-20 02:42:39,890 - isca - DEBUG - Shortwave spectral file =
2026-03-20 02:42:39,890 - isca - DEBUG - /proj/bolinc/users/x_ryabo/socrates_edited_for_isca/spectral_files_for_GCMs/Sun
2026-03-20 02:42:39,890 - isca - DEBUG - /miniSuran_sw.sf WITH           16  bands
2026-03-20 02:42:39,890 - isca - DEBUG - Shortwave hires spectral file =
2026-03-20 02:42:39,890 - isca - DEBUG - /proj/bolinc/users/x_ryabo/socrates_edited_for_isca/spectral_files_for_GCMs/Sun
2026-03-20 02:42:39,890 - isca - DEBUG - /miniSuran_sw.sf WITH           16  bands
2026-03-20 02:42:39,890 - isca - DEBUG - 
2026-03-20 02:42:39,890 - isca - DEBUG - -----------------------------------
2026-03-20 02:42:39,890 - isca - DEBUG - 
2026-03-20 02:43:09,029 - isca - DEBUG - Integration completed through    1 May  2   0: 0: 0
2026-03-20 02:43:37,530 - isca - DEBUG - Integration completed through    1 May  3   0: 0: 0
2026-03-20 02:44:06,073 - isca - DEBUG - Integration completed through    1 May  4   0: 0: 0
2026-03-20 02:44:34,594 - isca - DEBUG - Integration completed through    1 May  5   0: 0: 0
2026-03-20 02:45:03,217 - isca - DEBUG - Integration completed through    1 May  6   0: 0: 0
2026-03-20 02:45:31,864 - isca - DEBUG - Integration completed through    1 May  7   0: 0: 0
2026-03-20 02:46:00,600 - isca - DEBUG - Integration completed through    1 May  8   0: 0: 0
2026-03-20 02:46:29,700 - isca - DEBUG - Integration completed through    1 May  9   0: 0: 0
2026-03-20 02:46:58,356 - isca - DEBUG - Integration completed through    1 May 10   0: 0: 0
2026-03-20 02:47:27,424 - isca - DEBUG - Integration completed through    1 May 11   0: 0: 0
2026-03-20 02:47:56,128 - isca - DEBUG - Integration completed through    1 May 12   0: 0: 0
2026-03-20 02:48:24,793 - isca - DEBUG - Integration completed through    1 May 13   0: 0: 0
2026-03-20 02:48:53,378 - isca - DEBUG - Integration completed through    1 May 14   0: 0: 0
2026-03-20 02:49:22,452 - isca - DEBUG - Integration completed through    1 May 15   0: 0: 0
2026-03-20 02:49:51,218 - isca - DEBUG - Integration completed through    1 May 16   0: 0: 0
2026-03-20 02:50:20,392 - isca - DEBUG - Integration completed through    1 May 17   0: 0: 0
2026-03-20 02:50:49,097 - isca - DEBUG - Integration completed through    1 May 18   0: 0: 0
2026-03-20 02:51:18,207 - isca - DEBUG - Integration completed through    1 May 19   0: 0: 0
2026-03-20 02:51:46,831 - isca - DEBUG - Integration completed through    1 May 20   0: 0: 0
2026-03-20 02:52:15,807 - isca - DEBUG - Integration completed through    1 May 21   0: 0: 0
2026-03-20 02:52:44,410 - isca - DEBUG - Integration completed through    1 May 22   0: 0: 0
2026-03-20 02:53:13,049 - isca - DEBUG - Integration completed through    1 May 23   0: 0: 0
2026-03-20 02:53:41,705 - isca - DEBUG - Integration completed through    1 May 24   0: 0: 0
2026-03-20 02:54:11,400 - isca - DEBUG - Integration completed through    1 May 25   0: 0: 0
2026-03-20 02:54:40,080 - isca - DEBUG - Integration completed through    1 May 26   0: 0: 0
2026-03-20 02:55:09,135 - isca - DEBUG - Integration completed through    1 May 27   0: 0: 0
2026-03-20 02:55:37,844 - isca - DEBUG - Integration completed through    1 May 28   0: 0: 0
2026-03-20 02:56:06,960 - isca - DEBUG - Integration completed through    1 May 29   0: 0: 0
2026-03-20 02:56:35,667 - isca - DEBUG - Integration completed through    1 May 30   0: 0: 0
2026-03-20 02:57:04,864 - isca - DEBUG - Integration completed through    1 Jun  1   0: 0: 0
2026-03-20 02:57:04,873 - isca - DEBUG - 
2026-03-20 02:57:04,874 - isca - WARNING - WARNING from PE    0: diag_util_mod::opening_file: module/field_name (socrates/soc_toa_sw_down_clr) NOT registered
2026-03-20 02:57:04,874 - isca - DEBUG - 
2026-03-20 02:57:04,874 - isca - DEBUG - 
2026-03-20 02:57:04,874 - isca - WARNING - WARNING from PE    0: diag_util_mod::opening_file: module/field_name (socrates/soc_toa_sw_down_clr) NOT registered
2026-03-20 02:57:04,874 - isca - DEBUG - 
2026-03-20 02:57:04,874 - isca - DEBUG - 
2026-03-20 02:57:04,874 - isca - WARNING - WARNING from PE    0: diag_util_mod::opening_file: module/field_name (cloud_simple/rh_min) NOT registered
2026-03-20 02:57:04,875 - isca - DEBUG - 
2026-03-20 02:57:04,875 - isca - DEBUG - 
2026-03-20 02:57:04,875 - isca - WARNING - WARNING from PE    0: diag_util_mod::opening_file: module/field_name (cloud_simple/rh_min) NOT registered
2026-03-20 02:57:04,875 - isca - DEBUG - 
2026-03-20 02:57:04,886 - isca - DEBUG - NOTE from PE    0: MPP_IO_SET_STACK_SIZE: stack size set to     393216.
2026-03-20 02:57:05,016 - isca - DEBUG - MPP_DOMAINS_STACK high water mark=       49152
2026-03-20 02:57:05,016 - isca - DEBUG - 
2026-03-20 02:57:05,017 - isca - DEBUG - Tabulating mpp_clock statistics across     16 PEs...
2026-03-20 02:57:05,017 - isca - DEBUG - 
2026-03-20 02:57:05,017 - isca - DEBUG - tmin          tmax          tavg          tstd  tfrac grain pemin pemax
2026-03-20 02:57:05,017 - isca - DEBUG - Total runtime                       866.427608    866.432914    866.430587      0.001636  1.000     0     0    15
2026-03-20 02:57:05,017 - isca - DEBUG - MPP_STACK high water mark=           0
2026-03-20 02:57:05,139 - isca - INFO - Run 5 complete
2026-03-20 02:57:06,066 - isca - DEBUG - atmos_monthly.nc combined and copied to data directory
2026-03-20 02:57:12,499 - isca - INFO - Restart archive created at /proj/bolinc/users/x_ryabo/Isca-Ryan_outputs/Earth_1840/restarts/res0005.tar.gz
2026-03-20 02:57:12,511 - isca - INFO - Writing namelist to '/proj/bolinc/users/x_ryabo/Isca-Ryan_outputs/Earth_1840/run0005/input.nml'
2026-03-20 02:57:12,513 - isca - INFO - Writing field_table to '/proj/bolinc/users/x_ryabo/Isca-Ryan_outputs/Earth_1840/run0005/field_table'
2026-03-20 02:57:12,523 - isca - INFO - Writing diag_table to '/proj/bolinc/users/x_ryabo/Isca-Ryan_outputs/Earth_1840/run0005/diag_table'
2026-03-20 02:57:12,886 - isca - INFO - Emptied run directory '/home/x_ryabo/Isca-Ryan_tmp/experiment/Earth_1840/run'
2026-03-20 02:57:12,905 - isca - INFO - Emptied run directory '/home/x_ryabo/Isca-Ryan_tmp/experiment/Earth_1840/run'
2026-03-20 02:57:13,237 - isca - INFO - Writing namelist to '/home/x_ryabo/Isca-Ryan_tmp/experiment/Earth_1840/run/input.nml'
2026-03-20 02:57:13,239 - isca - INFO - Writing field_table to '/home/x_ryabo/Isca-Ryan_tmp/experiment/Earth_1840/run/field_table'
2026-03-20 02:57:13,254 - isca - INFO - Writing diag_table to '/home/x_ryabo/Isca-Ryan_tmp/experiment/Earth_1840/run/diag_table'
2026-03-20 02:57:13,268 - isca - INFO - Using restart file '/proj/bolinc/users/x_ryabo/Isca-Ryan_outputs/Earth_1840/restarts/res0005.tar.gz'
2026-03-20 02:57:13,687 - isca - INFO - Restart /proj/bolinc/users/x_ryabo/Isca-Ryan_outputs/Earth_1840/restarts/res0005.tar.gz extracted to /home/x_ryabo/Isca-Ryan_tmp/experiment/Earth_1840/run/INPUT
2026-03-20 02:57:13,688 - isca - INFO - Beginning run 6
2026-03-20 02:57:13,699 - isca - INFO - process running as 2524689
2026-03-20 02:57:13,699 - isca - DEBUG - loadmodules for Isca on NSC cluster Tetralith
2026-03-20 02:57:13,699 - isca - DEBUG - mpiifort
2026-03-20 02:57:13,817 - isca - DEBUG - The following modules were not unloaded:
2026-03-20 02:57:13,817 - isca - DEBUG - (Use "module --force purge" to unload all):
2026-03-20 02:57:13,817 - isca - DEBUG - 
2026-03-20 02:57:13,817 - isca - DEBUG - 1) hpc/.1.10.1
2026-03-20 02:57:13,925 - isca - DEBUG - ***************************************************
2026-03-20 02:57:13,926 - isca - DEBUG - You have loaded a buildenv module
2026-03-20 02:57:13,926 - isca - DEBUG - ***************************************************
2026-03-20 02:57:13,926 - isca - DEBUG - The buldenv-intel module makes available:
2026-03-20 02:57:13,926 - isca - DEBUG - - Compilers: icc, ifort, etc.
2026-03-20 02:57:13,926 - isca - DEBUG - - Mpi library with mpi-wrapped compilers: intel mpi with mpicc, mpifort, etc.
2026-03-20 02:57:13,926 - isca - DEBUG - - Numerical libraries: intel MKL
2026-03-20 02:57:13,926 - isca - DEBUG - 
2026-03-20 02:57:13,926 - isca - DEBUG - It also makes a set of dependency library modules available via
2026-03-20 02:57:13,926 - isca - DEBUG - the regular module command. Just do:
2026-03-20 02:57:13,926 - isca - DEBUG - module avail
2026-03-20 02:57:13,926 - isca - DEBUG - to see what is available.
2026-03-20 02:57:13,926 - isca - DEBUG - 
2026-03-20 02:57:13,926 - isca - DEBUG - NOTE: You shoud never load build environments inside submitted jobs.
2026-03-20 02:57:13,926 - isca - DEBUG - (with the single exception of when using supercomputer time to compile code.)
2026-03-20 02:57:13,926 - isca - DEBUG - 
2026-03-20 02:57:15,061 - isca - DEBUG - NOTE from PE    0: MPP_DOMAINS_SET_STACK_SIZE: stack size set to    32768.
2026-03-20 02:57:15,061 - isca - DEBUG - &MPP_IO_NML
2026-03-20 02:57:15,062 - isca - DEBUG - HEADER_BUFFER_VAL       =       16384,
2026-03-20 02:57:15,062 - isca - DEBUG - GLOBAL_FIELD_ON_ROOT_PE = T,
2026-03-20 02:57:15,062 - isca - DEBUG - IO_CLOCKS_ON    = F,
2026-03-20 02:57:15,062 - isca - DEBUG - SHUFFLE =           0,
2026-03-20 02:57:15,062 - isca - DEBUG - DEFLATE_LEVEL   =          -1
2026-03-20 02:57:15,062 - isca - DEBUG - /
2026-03-20 02:57:15,063 - isca - DEBUG - NOTE from PE    0: MPP_IO_SET_STACK_SIZE: stack size set to     131072.
2026-03-20 02:57:15,064 - isca - DEBUG - NOTE from PE    0: MPP_DOMAINS_SET_STACK_SIZE: stack size set to   600000.
2026-03-20 02:57:15,072 - isca - DEBUG - starting            1  OpenMP threads per MPI-task
2026-03-20 02:57:15,074 - isca - DEBUG - ATMOS MODEL DOMAIN DECOMPOSITION
2026-03-20 02:57:15,074 - isca - DEBUG - X-AXIS =  128
2026-03-20 02:57:15,074 - isca - DEBUG - Y-AXIS =    4   4   4   4   4   4   4   4   4   4   4   4   4   4   4   4
2026-03-20 02:57:15,135 - isca - DEBUG - NOTE from PE    0: cloud_simple: Using SimCloud cloud scheme
2026-03-20 02:57:15,136 - isca - DEBUG - NOTE from PE    0: ls_cloud: Using Sundqvist (1989) cloud fraction diagnostic formula.
2026-03-20 02:57:15,137 - isca - DEBUG - NOTE from PE    0: cloud_cover: The cloud overlap assumption is MAXIMUM-RANDOM
2026-03-20 02:57:15,137 - isca - DEBUG - NOTE from PE    0: idealized_moist_phys: Using Frierson Quasi-Equilibrium convection scheme.
2026-03-20 02:57:15,146 - isca - DEBUG - 
2026-03-20 02:57:15,146 - isca - WARNING - WARNING from PE    0: socrates_init: lw_hires_spectral_filename is unset, making equal to lw_spectral_filename
2026-03-20 02:57:15,146 - isca - DEBUG - 
2026-03-20 02:57:15,146 - isca - DEBUG - 
2026-03-20 02:57:15,146 - isca - WARNING - WARNING from PE    0: socrates_init: lw_hires_spectral_filename is unset, making equal to lw_spectral_filename
2026-03-20 02:57:15,146 - isca - DEBUG - 
2026-03-20 02:57:15,146 - isca - DEBUG - 
2026-03-20 02:57:15,146 - isca - WARNING - WARNING from PE    0: socrates_init: sw_hires_spectral_filename is unset, making equal to sw_spectral_filename
2026-03-20 02:57:15,146 - isca - DEBUG - 
2026-03-20 02:57:15,147 - isca - DEBUG - 
2026-03-20 02:57:15,147 - isca - WARNING - WARNING from PE    0: socrates_init: sw_hires_spectral_filename is unset, making equal to sw_spectral_filename
2026-03-20 02:57:15,147 - isca - DEBUG - 
2026-03-20 02:57:16,363 - isca - DEBUG - NOTE from PE    0: Interpolator: Using input file with no time dimension - ozone_1990_notime_zero.nc
2026-03-20 02:57:16,363 - isca - DEBUG - Initializing src field : ozone_1990
2026-03-20 02:57:16,364 - isca - DEBUG - 
2026-03-20 02:57:16,364 - isca - DEBUG - -----------------------------------
2026-03-20 02:57:16,364 - isca - DEBUG - ____                       _
2026-03-20 02:57:16,364 - isca - DEBUG - / ___|  ___   ___ _ __ __ _| |_ ___  ___
2026-03-20 02:57:16,364 - isca - DEBUG - \___ \ / _ \ / __|  __/ _` | __/ _ \/ __|
2026-03-20 02:57:16,365 - isca - DEBUG - ___) | (_) | (__| | | (_| | ||  __/\__ \
2026-03-20 02:57:16,365 - isca - DEBUG - |____/ \___/ \___|_|  \__,_|\__\___||___/
2026-03-20 02:57:16,365 - isca - DEBUG - 
2026-03-20 02:57:16,365 - isca - DEBUG - Initialised Socrates v17.03
2026-03-20 02:57:16,365 - isca - DEBUG - Stellar constant =    1840.00000000000
2026-03-20 02:57:16,365 - isca - DEBUG - Longwave spectral file =
2026-03-20 02:57:16,365 - isca - DEBUG - /proj/bolinc/users/x_ryabo/socrates_edited_for_isca/spectral_files_for_GCMs/Sun
2026-03-20 02:57:16,365 - isca - DEBUG - /miniSuran_lw.sf WITH           16  bands
2026-03-20 02:57:16,365 - isca - DEBUG - Longwave hires spectral file =
2026-03-20 02:57:16,365 - isca - DEBUG - /proj/bolinc/users/x_ryabo/socrates_edited_for_isca/spectral_files_for_GCMs/Sun
2026-03-20 02:57:16,365 - isca - DEBUG - /miniSuran_lw.sf WITH           16  bands
2026-03-20 02:57:16,365 - isca - DEBUG - Shortwave spectral file =
2026-03-20 02:57:16,365 - isca - DEBUG - /proj/bolinc/users/x_ryabo/socrates_edited_for_isca/spectral_files_for_GCMs/Sun
2026-03-20 02:57:16,365 - isca - DEBUG - /miniSuran_sw.sf WITH           16  bands
2026-03-20 02:57:16,365 - isca - DEBUG - Shortwave hires spectral file =
2026-03-20 02:57:16,365 - isca - DEBUG - /proj/bolinc/users/x_ryabo/socrates_edited_for_isca/spectral_files_for_GCMs/Sun
2026-03-20 02:57:16,365 - isca - DEBUG - /miniSuran_sw.sf WITH           16  bands
2026-03-20 02:57:16,365 - isca - DEBUG - 
2026-03-20 02:57:16,365 - isca - DEBUG - -----------------------------------
2026-03-20 02:57:16,365 - isca - DEBUG - 
2026-03-20 02:57:45,628 - isca - DEBUG - Integration completed through    1 Jun  2   0: 0: 0
2026-03-20 02:58:15,245 - isca - DEBUG - Integration completed through    1 Jun  3   0: 0: 0
2026-03-20 02:58:44,454 - isca - DEBUG - Integration completed through    1 Jun  4   0: 0: 0
2026-03-20 02:59:14,034 - isca - DEBUG - Integration completed through    1 Jun  5   0: 0: 0
2026-03-20 02:59:43,304 - isca - DEBUG - Integration completed through    1 Jun  6   0: 0: 0
2026-03-20 03:00:12,522 - isca - DEBUG - Integration completed through    1 Jun  7   0: 0: 0
2026-03-20 03:00:41,751 - isca - DEBUG - Integration completed through    1 Jun  8   0: 0: 0
2026-03-20 03:01:11,536 - isca - DEBUG - Integration completed through    1 Jun  9   0: 0: 0
2026-03-20 03:01:40,777 - isca - DEBUG - Integration completed through    1 Jun 10   0: 0: 0
2026-03-20 03:02:10,400 - isca - DEBUG - Integration completed through    1 Jun 11   0: 0: 0
2026-03-20 03:02:39,672 - isca - DEBUG - Integration completed through    1 Jun 12   0: 0: 0
2026-03-20 03:03:09,331 - isca - DEBUG - Integration completed through    1 Jun 13   0: 0: 0
2026-03-20 03:03:38,625 - isca - DEBUG - Integration completed through    1 Jun 14   0: 0: 0
2026-03-20 03:04:08,416 - isca - DEBUG - Integration completed through    1 Jun 15   0: 0: 0
2026-03-20 03:04:37,765 - isca - DEBUG - Integration completed through    1 Jun 16   0: 0: 0
2026-03-20 03:05:07,519 - isca - DEBUG - Integration completed through    1 Jun 17   0: 0: 0
2026-03-20 03:05:36,879 - isca - DEBUG - Integration completed through    1 Jun 18   0: 0: 0
2026-03-20 03:06:06,653 - isca - DEBUG - Integration completed through    1 Jun 19   0: 0: 0
2026-03-20 03:06:36,033 - isca - DEBUG - Integration completed through    1 Jun 20   0: 0: 0
2026-03-20 03:07:05,912 - isca - DEBUG - Integration completed through    1 Jun 21   0: 0: 0
2026-03-20 03:07:35,371 - isca - DEBUG - Integration completed through    1 Jun 22   0: 0: 0
2026-03-20 03:08:04,781 - isca - DEBUG - Integration completed through    1 Jun 23   0: 0: 0
2026-03-20 03:08:34,203 - isca - DEBUG - Integration completed through    1 Jun 24   0: 0: 0
2026-03-20 03:09:03,572 - isca - DEBUG - Integration completed through    1 Jun 25   0: 0: 0
2026-03-20 03:09:32,950 - isca - DEBUG - Integration completed through    1 Jun 26   0: 0: 0
2026-03-20 03:10:02,309 - isca - DEBUG - Integration completed through    1 Jun 27   0: 0: 0
2026-03-20 03:10:31,719 - isca - DEBUG - Integration completed through    1 Jun 28   0: 0: 0
2026-03-20 03:11:01,091 - isca - DEBUG - Integration completed through    1 Jun 29   0: 0: 0
2026-03-20 03:11:30,900 - isca - DEBUG - Integration completed through    1 Jun 30   0: 0: 0
2026-03-20 03:12:00,285 - isca - DEBUG - Integration completed through    1 Jul  1   0: 0: 0
2026-03-20 03:12:00,295 - isca - DEBUG - 
2026-03-20 03:12:00,295 - isca - WARNING - WARNING from PE    0: diag_util_mod::opening_file: module/field_name (socrates/soc_toa_sw_down_clr) NOT registered
2026-03-20 03:12:00,295 - isca - DEBUG - 
2026-03-20 03:12:00,295 - isca - DEBUG - 
2026-03-20 03:12:00,295 - isca - WARNING - WARNING from PE    0: diag_util_mod::opening_file: module/field_name (socrates/soc_toa_sw_down_clr) NOT registered
2026-03-20 03:12:00,295 - isca - DEBUG - 
2026-03-20 03:12:00,295 - isca - DEBUG - 
2026-03-20 03:12:00,295 - isca - WARNING - WARNING from PE    0: diag_util_mod::opening_file: module/field_name (cloud_simple/rh_min) NOT registered
2026-03-20 03:12:00,295 - isca - DEBUG - 
2026-03-20 03:12:00,295 - isca - DEBUG - 
2026-03-20 03:12:00,295 - isca - WARNING - WARNING from PE    0: diag_util_mod::opening_file: module/field_name (cloud_simple/rh_min) NOT registered
2026-03-20 03:12:00,295 - isca - DEBUG - 
2026-03-20 03:12:00,306 - isca - DEBUG - NOTE from PE    0: MPP_IO_SET_STACK_SIZE: stack size set to     393216.
2026-03-20 03:12:00,442 - isca - DEBUG - MPP_DOMAINS_STACK high water mark=       49152
2026-03-20 03:12:00,442 - isca - DEBUG - 
2026-03-20 03:12:00,442 - isca - DEBUG - Tabulating mpp_clock statistics across     16 PEs...
2026-03-20 03:12:00,442 - isca - DEBUG - 
2026-03-20 03:12:00,442 - isca - DEBUG - tmin          tmax          tavg          tstd  tfrac grain pemin pemax
2026-03-20 03:12:00,443 - isca - DEBUG - Total runtime                       885.379013    885.383781    885.381578      0.001288  1.000     0     0    15
2026-03-20 03:12:00,443 - isca - DEBUG - MPP_STACK high water mark=           0
2026-03-20 03:12:00,516 - isca - INFO - Run 6 complete
2026-03-20 03:12:01,626 - isca - DEBUG - atmos_monthly.nc combined and copied to data directory
2026-03-20 03:12:07,738 - isca - INFO - Restart archive created at /proj/bolinc/users/x_ryabo/Isca-Ryan_outputs/Earth_1840/restarts/res0006.tar.gz
2026-03-20 03:12:07,750 - isca - INFO - Writing namelist to '/proj/bolinc/users/x_ryabo/Isca-Ryan_outputs/Earth_1840/run0006/input.nml'
2026-03-20 03:12:07,752 - isca - INFO - Writing field_table to '/proj/bolinc/users/x_ryabo/Isca-Ryan_outputs/Earth_1840/run0006/field_table'
2026-03-20 03:12:07,766 - isca - INFO - Writing diag_table to '/proj/bolinc/users/x_ryabo/Isca-Ryan_outputs/Earth_1840/run0006/diag_table'
2026-03-20 03:12:08,159 - isca - INFO - Emptied run directory '/home/x_ryabo/Isca-Ryan_tmp/experiment/Earth_1840/run'
2026-03-20 03:12:08,181 - isca - INFO - Emptied run directory '/home/x_ryabo/Isca-Ryan_tmp/experiment/Earth_1840/run'
2026-03-20 03:12:08,505 - isca - INFO - Writing namelist to '/home/x_ryabo/Isca-Ryan_tmp/experiment/Earth_1840/run/input.nml'
2026-03-20 03:12:08,507 - isca - INFO - Writing field_table to '/home/x_ryabo/Isca-Ryan_tmp/experiment/Earth_1840/run/field_table'
2026-03-20 03:12:08,518 - isca - INFO - Writing diag_table to '/home/x_ryabo/Isca-Ryan_tmp/experiment/Earth_1840/run/diag_table'
2026-03-20 03:12:08,532 - isca - INFO - Using restart file '/proj/bolinc/users/x_ryabo/Isca-Ryan_outputs/Earth_1840/restarts/res0006.tar.gz'
2026-03-20 03:12:08,948 - isca - INFO - Restart /proj/bolinc/users/x_ryabo/Isca-Ryan_outputs/Earth_1840/restarts/res0006.tar.gz extracted to /home/x_ryabo/Isca-Ryan_tmp/experiment/Earth_1840/run/INPUT
2026-03-20 03:12:08,949 - isca - INFO - Beginning run 7
2026-03-20 03:12:08,959 - isca - INFO - process running as 2525666
2026-03-20 03:12:08,960 - isca - DEBUG - loadmodules for Isca on NSC cluster Tetralith
2026-03-20 03:12:08,960 - isca - DEBUG - mpiifort
2026-03-20 03:12:09,075 - isca - DEBUG - The following modules were not unloaded:
2026-03-20 03:12:09,075 - isca - DEBUG - (Use "module --force purge" to unload all):
2026-03-20 03:12:09,075 - isca - DEBUG - 
2026-03-20 03:12:09,075 - isca - DEBUG - 1) hpc/.1.10.1
2026-03-20 03:12:09,183 - isca - DEBUG - ***************************************************
2026-03-20 03:12:09,183 - isca - DEBUG - You have loaded a buildenv module
2026-03-20 03:12:09,183 - isca - DEBUG - ***************************************************
2026-03-20 03:12:09,183 - isca - DEBUG - The buldenv-intel module makes available:
2026-03-20 03:12:09,183 - isca - DEBUG - - Compilers: icc, ifort, etc.
2026-03-20 03:12:09,183 - isca - DEBUG - - Mpi library with mpi-wrapped compilers: intel mpi with mpicc, mpifort, etc.
2026-03-20 03:12:09,183 - isca - DEBUG - - Numerical libraries: intel MKL
2026-03-20 03:12:09,183 - isca - DEBUG - 
2026-03-20 03:12:09,184 - isca - DEBUG - It also makes a set of dependency library modules available via
2026-03-20 03:12:09,184 - isca - DEBUG - the regular module command. Just do:
2026-03-20 03:12:09,184 - isca - DEBUG - module avail
2026-03-20 03:12:09,184 - isca - DEBUG - to see what is available.
2026-03-20 03:12:09,184 - isca - DEBUG - 
2026-03-20 03:12:09,184 - isca - DEBUG - NOTE: You shoud never load build environments inside submitted jobs.
2026-03-20 03:12:09,184 - isca - DEBUG - (with the single exception of when using supercomputer time to compile code.)
2026-03-20 03:12:09,184 - isca - DEBUG - 
2026-03-20 03:12:10,417 - isca - DEBUG - NOTE from PE    0: MPP_DOMAINS_SET_STACK_SIZE: stack size set to    32768.
2026-03-20 03:12:10,417 - isca - DEBUG - &MPP_IO_NML
2026-03-20 03:12:10,417 - isca - DEBUG - HEADER_BUFFER_VAL       =       16384,
2026-03-20 03:12:10,418 - isca - DEBUG - GLOBAL_FIELD_ON_ROOT_PE = T,
2026-03-20 03:12:10,418 - isca - DEBUG - IO_CLOCKS_ON    = F,
2026-03-20 03:12:10,418 - isca - DEBUG - SHUFFLE =           0,
2026-03-20 03:12:10,418 - isca - DEBUG - DEFLATE_LEVEL   =          -1
2026-03-20 03:12:10,418 - isca - DEBUG - /
2026-03-20 03:12:10,419 - isca - DEBUG - NOTE from PE    0: MPP_IO_SET_STACK_SIZE: stack size set to     131072.
2026-03-20 03:12:10,420 - isca - DEBUG - NOTE from PE    0: MPP_DOMAINS_SET_STACK_SIZE: stack size set to   600000.
2026-03-20 03:12:10,428 - isca - DEBUG - starting            1  OpenMP threads per MPI-task
2026-03-20 03:12:10,430 - isca - DEBUG - ATMOS MODEL DOMAIN DECOMPOSITION
2026-03-20 03:12:10,430 - isca - DEBUG - X-AXIS =  128
2026-03-20 03:12:10,430 - isca - DEBUG - Y-AXIS =    4   4   4   4   4   4   4   4   4   4   4   4   4   4   4   4
2026-03-20 03:12:10,490 - isca - DEBUG - NOTE from PE    0: cloud_simple: Using SimCloud cloud scheme
2026-03-20 03:12:10,491 - isca - DEBUG - NOTE from PE    0: ls_cloud: Using Sundqvist (1989) cloud fraction diagnostic formula.
2026-03-20 03:12:10,491 - isca - DEBUG - NOTE from PE    0: cloud_cover: The cloud overlap assumption is MAXIMUM-RANDOM
2026-03-20 03:12:10,491 - isca - DEBUG - NOTE from PE    0: idealized_moist_phys: Using Frierson Quasi-Equilibrium convection scheme.
2026-03-20 03:12:10,501 - isca - DEBUG - 
2026-03-20 03:12:10,501 - isca - WARNING - WARNING from PE    0: socrates_init: lw_hires_spectral_filename is unset, making equal to lw_spectral_filename
2026-03-20 03:12:10,501 - isca - DEBUG - 
2026-03-20 03:12:10,501 - isca - DEBUG - 
2026-03-20 03:12:10,501 - isca - WARNING - WARNING from PE    0: socrates_init: lw_hires_spectral_filename is unset, making equal to lw_spectral_filename
2026-03-20 03:12:10,501 - isca - DEBUG - 
2026-03-20 03:12:10,501 - isca - DEBUG - 
2026-03-20 03:12:10,501 - isca - WARNING - WARNING from PE    0: socrates_init: sw_hires_spectral_filename is unset, making equal to sw_spectral_filename
2026-03-20 03:12:10,501 - isca - DEBUG - 
2026-03-20 03:12:10,501 - isca - DEBUG - 
2026-03-20 03:12:10,501 - isca - WARNING - WARNING from PE    0: socrates_init: sw_hires_spectral_filename is unset, making equal to sw_spectral_filename
2026-03-20 03:12:10,502 - isca - DEBUG - 
2026-03-20 03:12:11,703 - isca - DEBUG - NOTE from PE    0: Interpolator: Using input file with no time dimension - ozone_1990_notime_zero.nc
2026-03-20 03:12:11,703 - isca - DEBUG - Initializing src field : ozone_1990
2026-03-20 03:12:11,705 - isca - DEBUG - 
2026-03-20 03:12:11,705 - isca - DEBUG - -----------------------------------
2026-03-20 03:12:11,705 - isca - DEBUG - ____                       _
2026-03-20 03:12:11,705 - isca - DEBUG - / ___|  ___   ___ _ __ __ _| |_ ___  ___
2026-03-20 03:12:11,705 - isca - DEBUG - \___ \ / _ \ / __|  __/ _` | __/ _ \/ __|
2026-03-20 03:12:11,705 - isca - DEBUG - ___) | (_) | (__| | | (_| | ||  __/\__ \
2026-03-20 03:12:11,705 - isca - DEBUG - |____/ \___/ \___|_|  \__,_|\__\___||___/
2026-03-20 03:12:11,706 - isca - DEBUG - 
2026-03-20 03:12:11,706 - isca - DEBUG - Initialised Socrates v17.03
2026-03-20 03:12:11,706 - isca - DEBUG - Stellar constant =    1840.00000000000
2026-03-20 03:12:11,706 - isca - DEBUG - Longwave spectral file =
2026-03-20 03:12:11,706 - isca - DEBUG - /proj/bolinc/users/x_ryabo/socrates_edited_for_isca/spectral_files_for_GCMs/Sun
2026-03-20 03:12:11,706 - isca - DEBUG - /miniSuran_lw.sf WITH           16  bands
2026-03-20 03:12:11,706 - isca - DEBUG - Longwave hires spectral file =
2026-03-20 03:12:11,706 - isca - DEBUG - /proj/bolinc/users/x_ryabo/socrates_edited_for_isca/spectral_files_for_GCMs/Sun
2026-03-20 03:12:11,706 - isca - DEBUG - /miniSuran_lw.sf WITH           16  bands
2026-03-20 03:12:11,706 - isca - DEBUG - Shortwave spectral file =
2026-03-20 03:12:11,706 - isca - DEBUG - /proj/bolinc/users/x_ryabo/socrates_edited_for_isca/spectral_files_for_GCMs/Sun
2026-03-20 03:12:11,706 - isca - DEBUG - /miniSuran_sw.sf WITH           16  bands
2026-03-20 03:12:11,706 - isca - DEBUG - Shortwave hires spectral file =
2026-03-20 03:12:11,706 - isca - DEBUG - /proj/bolinc/users/x_ryabo/socrates_edited_for_isca/spectral_files_for_GCMs/Sun
2026-03-20 03:12:11,706 - isca - DEBUG - /miniSuran_sw.sf WITH           16  bands
2026-03-20 03:12:11,706 - isca - DEBUG - 
2026-03-20 03:12:11,706 - isca - DEBUG - -----------------------------------
2026-03-20 03:12:11,706 - isca - DEBUG - 
2026-03-20 03:12:40,667 - isca - DEBUG - Integration completed through    1 Jul  2   0: 0: 0
2026-03-20 03:13:10,042 - isca - DEBUG - Integration completed through    1 Jul  3   0: 0: 0
2026-03-20 03:13:38,943 - isca - DEBUG - Integration completed through    1 Jul  4   0: 0: 0
2026-03-20 03:14:08,317 - isca - DEBUG - Integration completed through    1 Jul  5   0: 0: 0
2026-03-20 03:14:37,289 - isca - DEBUG - Integration completed through    1 Jul  6   0: 0: 0
2026-03-20 03:15:06,629 - isca - DEBUG - Integration completed through    1 Jul  7   0: 0: 0
2026-03-20 03:15:35,551 - isca - DEBUG - Integration completed through    1 Jul  8   0: 0: 0
2026-03-20 03:16:04,992 - isca - DEBUG - Integration completed through    1 Jul  9   0: 0: 0
2026-03-20 03:16:33,998 - isca - DEBUG - Integration completed through    1 Jul 10   0: 0: 0
2026-03-20 03:17:02,958 - isca - DEBUG - Integration completed through    1 Jul 11   0: 0: 0
2026-03-20 03:17:31,962 - isca - DEBUG - Integration completed through    1 Jul 12   0: 0: 0
2026-03-20 03:18:00,939 - isca - DEBUG - Integration completed through    1 Jul 13   0: 0: 0
2026-03-20 03:18:30,448 - isca - DEBUG - Integration completed through    1 Jul 14   0: 0: 0
2026-03-20 03:18:59,429 - isca - DEBUG - Integration completed through    1 Jul 15   0: 0: 0
2026-03-20 03:19:28,865 - isca - DEBUG - Integration completed through    1 Jul 16   0: 0: 0
2026-03-20 03:19:57,849 - isca - DEBUG - Integration completed through    1 Jul 17   0: 0: 0
2026-03-20 03:20:26,872 - isca - DEBUG - Integration completed through    1 Jul 18   0: 0: 0
2026-03-20 03:20:55,868 - isca - DEBUG - Integration completed through    1 Jul 19   0: 0: 0
2026-03-20 03:21:24,967 - isca - DEBUG - Integration completed through    1 Jul 20   0: 0: 0
2026-03-20 03:21:54,014 - isca - DEBUG - Integration completed through    1 Jul 21   0: 0: 0
2026-03-20 03:22:23,161 - isca - DEBUG - Integration completed through    1 Jul 22   0: 0: 0
2026-03-20 03:22:52,229 - isca - DEBUG - Integration completed through    1 Jul 23   0: 0: 0
2026-03-20 03:23:21,370 - isca - DEBUG - Integration completed through    1 Jul 24   0: 0: 0
2026-03-20 03:23:50,474 - isca - DEBUG - Integration completed through    1 Jul 25   0: 0: 0
2026-03-20 03:24:20,059 - isca - DEBUG - Integration completed through    1 Jul 26   0: 0: 0
2026-03-20 03:24:49,137 - isca - DEBUG - Integration completed through    1 Jul 27   0: 0: 0
2026-03-20 03:25:18,678 - isca - DEBUG - Integration completed through    1 Jul 28   0: 0: 0
2026-03-20 03:25:47,770 - isca - DEBUG - Integration completed through    1 Jul 29   0: 0: 0
2026-03-20 03:26:17,331 - isca - DEBUG - Integration completed through    1 Jul 30   0: 0: 0
2026-03-20 03:26:46,524 - isca - DEBUG - Integration completed through    1 Aug  1   0: 0: 0
2026-03-20 03:26:46,534 - isca - DEBUG - 
2026-03-20 03:26:46,534 - isca - WARNING - WARNING from PE    0: diag_util_mod::opening_file: module/field_name (socrates/soc_toa_sw_down_clr) NOT registered
2026-03-20 03:26:46,534 - isca - DEBUG - 
2026-03-20 03:26:46,534 - isca - DEBUG - 
2026-03-20 03:26:46,534 - isca - WARNING - WARNING from PE    0: diag_util_mod::opening_file: module/field_name (socrates/soc_toa_sw_down_clr) NOT registered
2026-03-20 03:26:46,534 - isca - DEBUG - 
2026-03-20 03:26:46,534 - isca - DEBUG - 
2026-03-20 03:26:46,534 - isca - WARNING - WARNING from PE    0: diag_util_mod::opening_file: module/field_name (cloud_simple/rh_min) NOT registered
2026-03-20 03:26:46,534 - isca - DEBUG - 
2026-03-20 03:26:46,534 - isca - DEBUG - 
2026-03-20 03:26:46,534 - isca - WARNING - WARNING from PE    0: diag_util_mod::opening_file: module/field_name (cloud_simple/rh_min) NOT registered
2026-03-20 03:26:46,534 - isca - DEBUG - 
2026-03-20 03:26:46,545 - isca - DEBUG - NOTE from PE    0: MPP_IO_SET_STACK_SIZE: stack size set to     393216.
2026-03-20 03:26:46,665 - isca - DEBUG - MPP_DOMAINS_STACK high water mark=       49152
2026-03-20 03:26:46,666 - isca - DEBUG - 
2026-03-20 03:26:46,666 - isca - DEBUG - Tabulating mpp_clock statistics across     16 PEs...
2026-03-20 03:26:46,666 - isca - DEBUG - 
2026-03-20 03:26:46,666 - isca - DEBUG - tmin          tmax          tavg          tstd  tfrac grain pemin pemax
2026-03-20 03:26:46,666 - isca - DEBUG - Total runtime                       876.247270    876.252038    876.249355      0.001448  1.000     0     0    15
2026-03-20 03:26:46,666 - isca - DEBUG - MPP_STACK high water mark=           0
2026-03-20 03:26:46,778 - isca - INFO - Run 7 complete
2026-03-20 03:26:47,725 - isca - DEBUG - atmos_monthly.nc combined and copied to data directory
2026-03-20 03:26:53,232 - isca - INFO - Restart archive created at /proj/bolinc/users/x_ryabo/Isca-Ryan_outputs/Earth_1840/restarts/res0007.tar.gz
2026-03-20 03:26:53,244 - isca - INFO - Writing namelist to '/proj/bolinc/users/x_ryabo/Isca-Ryan_outputs/Earth_1840/run0007/input.nml'
2026-03-20 03:26:53,246 - isca - INFO - Writing field_table to '/proj/bolinc/users/x_ryabo/Isca-Ryan_outputs/Earth_1840/run0007/field_table'
2026-03-20 03:26:53,256 - isca - INFO - Writing diag_table to '/proj/bolinc/users/x_ryabo/Isca-Ryan_outputs/Earth_1840/run0007/diag_table'
2026-03-20 03:26:53,612 - isca - INFO - Emptied run directory '/home/x_ryabo/Isca-Ryan_tmp/experiment/Earth_1840/run'
2026-03-20 03:26:53,631 - isca - INFO - Emptied run directory '/home/x_ryabo/Isca-Ryan_tmp/experiment/Earth_1840/run'
2026-03-20 03:26:53,960 - isca - INFO - Writing namelist to '/home/x_ryabo/Isca-Ryan_tmp/experiment/Earth_1840/run/input.nml'
2026-03-20 03:26:53,962 - isca - INFO - Writing field_table to '/home/x_ryabo/Isca-Ryan_tmp/experiment/Earth_1840/run/field_table'
2026-03-20 03:26:53,973 - isca - INFO - Writing diag_table to '/home/x_ryabo/Isca-Ryan_tmp/experiment/Earth_1840/run/diag_table'
2026-03-20 03:26:53,988 - isca - INFO - Using restart file '/proj/bolinc/users/x_ryabo/Isca-Ryan_outputs/Earth_1840/restarts/res0007.tar.gz'
2026-03-20 03:26:54,407 - isca - INFO - Restart /proj/bolinc/users/x_ryabo/Isca-Ryan_outputs/Earth_1840/restarts/res0007.tar.gz extracted to /home/x_ryabo/Isca-Ryan_tmp/experiment/Earth_1840/run/INPUT
2026-03-20 03:26:54,408 - isca - INFO - Beginning run 8
2026-03-20 03:26:54,423 - isca - INFO - process running as 2526508
2026-03-20 03:26:54,423 - isca - DEBUG - loadmodules for Isca on NSC cluster Tetralith
2026-03-20 03:26:54,423 - isca - DEBUG - mpiifort
2026-03-20 03:26:54,535 - isca - DEBUG - The following modules were not unloaded:
2026-03-20 03:26:54,535 - isca - DEBUG - (Use "module --force purge" to unload all):
2026-03-20 03:26:54,535 - isca - DEBUG - 
2026-03-20 03:26:54,535 - isca - DEBUG - 1) hpc/.1.10.1
2026-03-20 03:26:54,644 - isca - DEBUG - ***************************************************
2026-03-20 03:26:54,644 - isca - DEBUG - You have loaded a buildenv module
2026-03-20 03:26:54,644 - isca - DEBUG - ***************************************************
2026-03-20 03:26:54,644 - isca - DEBUG - The buldenv-intel module makes available:
2026-03-20 03:26:54,644 - isca - DEBUG - - Compilers: icc, ifort, etc.
2026-03-20 03:26:54,644 - isca - DEBUG - - Mpi library with mpi-wrapped compilers: intel mpi with mpicc, mpifort, etc.
2026-03-20 03:26:54,644 - isca - DEBUG - - Numerical libraries: intel MKL
2026-03-20 03:26:54,644 - isca - DEBUG - 
2026-03-20 03:26:54,644 - isca - DEBUG - It also makes a set of dependency library modules available via
2026-03-20 03:26:54,644 - isca - DEBUG - the regular module command. Just do:
2026-03-20 03:26:54,644 - isca - DEBUG - module avail
2026-03-20 03:26:54,644 - isca - DEBUG - to see what is available.
2026-03-20 03:26:54,644 - isca - DEBUG - 
2026-03-20 03:26:54,644 - isca - DEBUG - NOTE: You shoud never load build environments inside submitted jobs.
2026-03-20 03:26:54,644 - isca - DEBUG - (with the single exception of when using supercomputer time to compile code.)
2026-03-20 03:26:54,644 - isca - DEBUG - 
2026-03-20 03:26:55,785 - isca - DEBUG - NOTE from PE    0: MPP_DOMAINS_SET_STACK_SIZE: stack size set to    32768.
2026-03-20 03:26:55,785 - isca - DEBUG - &MPP_IO_NML
2026-03-20 03:26:55,786 - isca - DEBUG - HEADER_BUFFER_VAL       =       16384,
2026-03-20 03:26:55,786 - isca - DEBUG - GLOBAL_FIELD_ON_ROOT_PE = T,
2026-03-20 03:26:55,786 - isca - DEBUG - IO_CLOCKS_ON    = F,
2026-03-20 03:26:55,786 - isca - DEBUG - SHUFFLE =           0,
2026-03-20 03:26:55,786 - isca - DEBUG - DEFLATE_LEVEL   =          -1
2026-03-20 03:26:55,786 - isca - DEBUG - /
2026-03-20 03:26:55,787 - isca - DEBUG - NOTE from PE    0: MPP_IO_SET_STACK_SIZE: stack size set to     131072.
2026-03-20 03:26:55,788 - isca - DEBUG - NOTE from PE    0: MPP_DOMAINS_SET_STACK_SIZE: stack size set to   600000.
2026-03-20 03:26:55,796 - isca - DEBUG - starting            1  OpenMP threads per MPI-task
2026-03-20 03:26:55,798 - isca - DEBUG - ATMOS MODEL DOMAIN DECOMPOSITION
2026-03-20 03:26:55,798 - isca - DEBUG - X-AXIS =  128
2026-03-20 03:26:55,798 - isca - DEBUG - Y-AXIS =    4   4   4   4   4   4   4   4   4   4   4   4   4   4   4   4
2026-03-20 03:26:55,861 - isca - DEBUG - NOTE from PE    0: cloud_simple: Using SimCloud cloud scheme
2026-03-20 03:26:55,862 - isca - DEBUG - NOTE from PE    0: ls_cloud: Using Sundqvist (1989) cloud fraction diagnostic formula.
2026-03-20 03:26:55,862 - isca - DEBUG - NOTE from PE    0: cloud_cover: The cloud overlap assumption is MAXIMUM-RANDOM
2026-03-20 03:26:55,863 - isca - DEBUG - NOTE from PE    0: idealized_moist_phys: Using Frierson Quasi-Equilibrium convection scheme.
2026-03-20 03:26:55,872 - isca - DEBUG - 
2026-03-20 03:26:55,872 - isca - WARNING - WARNING from PE    0: socrates_init: lw_hires_spectral_filename is unset, making equal to lw_spectral_filename
2026-03-20 03:26:55,872 - isca - DEBUG - 
2026-03-20 03:26:55,872 - isca - DEBUG - 
2026-03-20 03:26:55,873 - isca - WARNING - WARNING from PE    0: socrates_init: lw_hires_spectral_filename is unset, making equal to lw_spectral_filename
2026-03-20 03:26:55,873 - isca - DEBUG - 
2026-03-20 03:26:55,873 - isca - DEBUG - 
2026-03-20 03:26:55,873 - isca - WARNING - WARNING from PE    0: socrates_init: sw_hires_spectral_filename is unset, making equal to sw_spectral_filename
2026-03-20 03:26:55,873 - isca - DEBUG - 
2026-03-20 03:26:55,873 - isca - DEBUG - 
2026-03-20 03:26:55,873 - isca - WARNING - WARNING from PE    0: socrates_init: sw_hires_spectral_filename is unset, making equal to sw_spectral_filename
2026-03-20 03:26:55,873 - isca - DEBUG - 
2026-03-20 03:26:57,085 - isca - DEBUG - NOTE from PE    0: Interpolator: Using input file with no time dimension - ozone_1990_notime_zero.nc
2026-03-20 03:26:57,085 - isca - DEBUG - Initializing src field : ozone_1990
2026-03-20 03:26:57,087 - isca - DEBUG - 
2026-03-20 03:26:57,087 - isca - DEBUG - -----------------------------------
2026-03-20 03:26:57,087 - isca - DEBUG - ____                       _
2026-03-20 03:26:57,087 - isca - DEBUG - / ___|  ___   ___ _ __ __ _| |_ ___  ___
2026-03-20 03:26:57,087 - isca - DEBUG - \___ \ / _ \ / __|  __/ _` | __/ _ \/ __|
2026-03-20 03:26:57,087 - isca - DEBUG - ___) | (_) | (__| | | (_| | ||  __/\__ \
2026-03-20 03:26:57,087 - isca - DEBUG - |____/ \___/ \___|_|  \__,_|\__\___||___/
2026-03-20 03:26:57,087 - isca - DEBUG - 
2026-03-20 03:26:57,087 - isca - DEBUG - Initialised Socrates v17.03
2026-03-20 03:26:57,087 - isca - DEBUG - Stellar constant =    1840.00000000000
2026-03-20 03:26:57,087 - isca - DEBUG - Longwave spectral file =
2026-03-20 03:26:57,088 - isca - DEBUG - /proj/bolinc/users/x_ryabo/socrates_edited_for_isca/spectral_files_for_GCMs/Sun
2026-03-20 03:26:57,088 - isca - DEBUG - /miniSuran_lw.sf WITH           16  bands
2026-03-20 03:26:57,088 - isca - DEBUG - Longwave hires spectral file =
2026-03-20 03:26:57,088 - isca - DEBUG - /proj/bolinc/users/x_ryabo/socrates_edited_for_isca/spectral_files_for_GCMs/Sun
2026-03-20 03:26:57,088 - isca - DEBUG - /miniSuran_lw.sf WITH           16  bands
2026-03-20 03:26:57,088 - isca - DEBUG - Shortwave spectral file =
2026-03-20 03:26:57,088 - isca - DEBUG - /proj/bolinc/users/x_ryabo/socrates_edited_for_isca/spectral_files_for_GCMs/Sun
2026-03-20 03:26:57,088 - isca - DEBUG - /miniSuran_sw.sf WITH           16  bands
2026-03-20 03:26:57,088 - isca - DEBUG - Shortwave hires spectral file =
2026-03-20 03:26:57,088 - isca - DEBUG - /proj/bolinc/users/x_ryabo/socrates_edited_for_isca/spectral_files_for_GCMs/Sun
2026-03-20 03:26:57,088 - isca - DEBUG - /miniSuran_sw.sf WITH           16  bands
2026-03-20 03:26:57,088 - isca - DEBUG - 
2026-03-20 03:26:57,088 - isca - DEBUG - -----------------------------------
2026-03-20 03:26:57,088 - isca - DEBUG - 
2026-03-20 03:27:26,775 - isca - DEBUG - Integration completed through    1 Aug  2   0: 0: 0
2026-03-20 03:27:55,996 - isca - DEBUG - Integration completed through    1 Aug  3   0: 0: 0
2026-03-20 03:28:25,641 - isca - DEBUG - Integration completed through    1 Aug  4   0: 0: 0
2026-03-20 03:28:54,834 - isca - DEBUG - Integration completed through    1 Aug  5   0: 0: 0
2026-03-20 03:29:24,469 - isca - DEBUG - Integration completed through    1 Aug  6   0: 0: 0
2026-03-20 03:29:53,718 - isca - DEBUG - Integration completed through    1 Aug  7   0: 0: 0
2026-03-20 03:30:23,352 - isca - DEBUG - Integration completed through    1 Aug  8   0: 0: 0
2026-03-20 03:30:52,549 - isca - DEBUG - Integration completed through    1 Aug  9   0: 0: 0
2026-03-20 03:31:21,792 - isca - DEBUG - Integration completed through    1 Aug 10   0: 0: 0
2026-03-20 03:31:50,975 - isca - DEBUG - Integration completed through    1 Aug 11   0: 0: 0
2026-03-20 03:32:20,231 - isca - DEBUG - Integration completed through    1 Aug 12   0: 0: 0
2026-03-20 03:32:49,438 - isca - DEBUG - Integration completed through    1 Aug 13   0: 0: 0
2026-03-20 03:33:18,727 - isca - DEBUG - Integration completed through    1 Aug 14   0: 0: 0
2026-03-20 03:33:47,936 - isca - DEBUG - Integration completed through    1 Aug 15   0: 0: 0
2026-03-20 03:34:17,265 - isca - DEBUG - Integration completed through    1 Aug 16   0: 0: 0
2026-03-20 03:34:46,512 - isca - DEBUG - Integration completed through    1 Aug 17   0: 0: 0
2026-03-20 03:35:16,241 - isca - DEBUG - Integration completed through    1 Aug 18   0: 0: 0
2026-03-20 03:35:45,496 - isca - DEBUG - Integration completed through    1 Aug 19   0: 0: 0
2026-03-20 03:36:15,261 - isca - DEBUG - Integration completed through    1 Aug 20   0: 0: 0
2026-03-20 03:36:44,558 - isca - DEBUG - Integration completed through    1 Aug 21   0: 0: 0
2026-03-20 03:37:14,307 - isca - DEBUG - Integration completed through    1 Aug 22   0: 0: 0
2026-03-20 03:37:43,604 - isca - DEBUG - Integration completed through    1 Aug 23   0: 0: 0
2026-03-20 03:38:13,329 - isca - DEBUG - Integration completed through    1 Aug 24   0: 0: 0
2026-03-20 03:38:42,602 - isca - DEBUG - Integration completed through    1 Aug 25   0: 0: 0
2026-03-20 03:39:11,927 - isca - DEBUG - Integration completed through    1 Aug 26   0: 0: 0
2026-03-20 03:39:41,189 - isca - DEBUG - Integration completed through    1 Aug 27   0: 0: 0
2026-03-20 03:40:10,929 - isca - DEBUG - Integration completed through    1 Aug 28   0: 0: 0
2026-03-20 03:40:40,237 - isca - DEBUG - Integration completed through    1 Aug 29   0: 0: 0
2026-03-20 03:41:10,077 - isca - DEBUG - Integration completed through    1 Aug 30   0: 0: 0
2026-03-20 03:41:39,406 - isca - DEBUG - Integration completed through    1 Sep  1   0: 0: 0
2026-03-20 03:41:39,416 - isca - DEBUG - 
2026-03-20 03:41:39,416 - isca - WARNING - WARNING from PE    0: diag_util_mod::opening_file: module/field_name (socrates/soc_toa_sw_down_clr) NOT registered
2026-03-20 03:41:39,416 - isca - DEBUG - 
2026-03-20 03:41:39,416 - isca - DEBUG - 
2026-03-20 03:41:39,416 - isca - WARNING - WARNING from PE    0: diag_util_mod::opening_file: module/field_name (socrates/soc_toa_sw_down_clr) NOT registered
2026-03-20 03:41:39,416 - isca - DEBUG - 
2026-03-20 03:41:39,416 - isca - DEBUG - 
2026-03-20 03:41:39,416 - isca - WARNING - WARNING from PE    0: diag_util_mod::opening_file: module/field_name (cloud_simple/rh_min) NOT registered
2026-03-20 03:41:39,417 - isca - DEBUG - 
2026-03-20 03:41:39,417 - isca - DEBUG - 
2026-03-20 03:41:39,417 - isca - WARNING - WARNING from PE    0: diag_util_mod::opening_file: module/field_name (cloud_simple/rh_min) NOT registered
2026-03-20 03:41:39,417 - isca - DEBUG - 
2026-03-20 03:41:39,427 - isca - DEBUG - NOTE from PE    0: MPP_IO_SET_STACK_SIZE: stack size set to     393216.
2026-03-20 03:41:39,567 - isca - DEBUG - MPP_DOMAINS_STACK high water mark=       49152
2026-03-20 03:41:39,567 - isca - DEBUG - 
2026-03-20 03:41:39,567 - isca - DEBUG - Tabulating mpp_clock statistics across     16 PEs...
2026-03-20 03:41:39,567 - isca - DEBUG - 
2026-03-20 03:41:39,567 - isca - DEBUG - tmin          tmax          tavg          tstd  tfrac grain pemin pemax
2026-03-20 03:41:39,568 - isca - DEBUG - Total runtime                       883.779756    883.785088    883.783040      0.001605  1.000     0     0    15
2026-03-20 03:41:39,568 - isca - DEBUG - MPP_STACK high water mark=           0
2026-03-20 03:41:39,633 - isca - INFO - Run 8 complete
2026-03-20 03:41:40,534 - isca - DEBUG - atmos_monthly.nc combined and copied to data directory
2026-03-20 03:41:45,572 - isca - INFO - Restart archive created at /proj/bolinc/users/x_ryabo/Isca-Ryan_outputs/Earth_1840/restarts/res0008.tar.gz
2026-03-20 03:41:45,584 - isca - INFO - Writing namelist to '/proj/bolinc/users/x_ryabo/Isca-Ryan_outputs/Earth_1840/run0008/input.nml'
2026-03-20 03:41:45,586 - isca - INFO - Writing field_table to '/proj/bolinc/users/x_ryabo/Isca-Ryan_outputs/Earth_1840/run0008/field_table'
2026-03-20 03:41:45,596 - isca - INFO - Writing diag_table to '/proj/bolinc/users/x_ryabo/Isca-Ryan_outputs/Earth_1840/run0008/diag_table'
2026-03-20 03:41:45,957 - isca - INFO - Emptied run directory '/home/x_ryabo/Isca-Ryan_tmp/experiment/Earth_1840/run'
2026-03-20 03:41:45,976 - isca - INFO - Emptied run directory '/home/x_ryabo/Isca-Ryan_tmp/experiment/Earth_1840/run'
2026-03-20 03:41:46,303 - isca - INFO - Writing namelist to '/home/x_ryabo/Isca-Ryan_tmp/experiment/Earth_1840/run/input.nml'
2026-03-20 03:41:46,305 - isca - INFO - Writing field_table to '/home/x_ryabo/Isca-Ryan_tmp/experiment/Earth_1840/run/field_table'
2026-03-20 03:41:46,320 - isca - INFO - Writing diag_table to '/home/x_ryabo/Isca-Ryan_tmp/experiment/Earth_1840/run/diag_table'
2026-03-20 03:41:46,333 - isca - INFO - Using restart file '/proj/bolinc/users/x_ryabo/Isca-Ryan_outputs/Earth_1840/restarts/res0008.tar.gz'
2026-03-20 03:41:46,752 - isca - INFO - Restart /proj/bolinc/users/x_ryabo/Isca-Ryan_outputs/Earth_1840/restarts/res0008.tar.gz extracted to /home/x_ryabo/Isca-Ryan_tmp/experiment/Earth_1840/run/INPUT
2026-03-20 03:41:46,753 - isca - INFO - Beginning run 9
2026-03-20 03:41:46,764 - isca - INFO - process running as 2527371
2026-03-20 03:41:46,764 - isca - DEBUG - loadmodules for Isca on NSC cluster Tetralith
2026-03-20 03:41:46,764 - isca - DEBUG - mpiifort
2026-03-20 03:41:46,880 - isca - DEBUG - The following modules were not unloaded:
2026-03-20 03:41:46,880 - isca - DEBUG - (Use "module --force purge" to unload all):
2026-03-20 03:41:46,880 - isca - DEBUG - 
2026-03-20 03:41:46,880 - isca - DEBUG - 1) hpc/.1.10.1
2026-03-20 03:41:46,988 - isca - DEBUG - ***************************************************
2026-03-20 03:41:46,988 - isca - DEBUG - You have loaded a buildenv module
2026-03-20 03:41:46,988 - isca - DEBUG - ***************************************************
2026-03-20 03:41:46,988 - isca - DEBUG - The buldenv-intel module makes available:
2026-03-20 03:41:46,988 - isca - DEBUG - - Compilers: icc, ifort, etc.
2026-03-20 03:41:46,988 - isca - DEBUG - - Mpi library with mpi-wrapped compilers: intel mpi with mpicc, mpifort, etc.
2026-03-20 03:41:46,988 - isca - DEBUG - - Numerical libraries: intel MKL
2026-03-20 03:41:46,988 - isca - DEBUG - 
2026-03-20 03:41:46,988 - isca - DEBUG - It also makes a set of dependency library modules available via
2026-03-20 03:41:46,988 - isca - DEBUG - the regular module command. Just do:
2026-03-20 03:41:46,988 - isca - DEBUG - module avail
2026-03-20 03:41:46,988 - isca - DEBUG - to see what is available.
2026-03-20 03:41:46,988 - isca - DEBUG - 
2026-03-20 03:41:46,988 - isca - DEBUG - NOTE: You shoud never load build environments inside submitted jobs.
2026-03-20 03:41:46,988 - isca - DEBUG - (with the single exception of when using supercomputer time to compile code.)
2026-03-20 03:41:46,988 - isca - DEBUG - 
2026-03-20 03:41:49,904 - isca - DEBUG - NOTE from PE    0: MPP_DOMAINS_SET_STACK_SIZE: stack size set to    32768.
2026-03-20 03:41:49,904 - isca - DEBUG - &MPP_IO_NML
2026-03-20 03:41:49,904 - isca - DEBUG - HEADER_BUFFER_VAL       =       16384,
2026-03-20 03:41:49,905 - isca - DEBUG - GLOBAL_FIELD_ON_ROOT_PE = T,
2026-03-20 03:41:49,905 - isca - DEBUG - IO_CLOCKS_ON    = F,
2026-03-20 03:41:49,905 - isca - DEBUG - SHUFFLE =           0,
2026-03-20 03:41:49,905 - isca - DEBUG - DEFLATE_LEVEL   =          -1
2026-03-20 03:41:49,905 - isca - DEBUG - /
2026-03-20 03:41:49,906 - isca - DEBUG - NOTE from PE    0: MPP_IO_SET_STACK_SIZE: stack size set to     131072.
2026-03-20 03:41:49,907 - isca - DEBUG - NOTE from PE    0: MPP_DOMAINS_SET_STACK_SIZE: stack size set to   600000.
2026-03-20 03:41:49,915 - isca - DEBUG - starting            1  OpenMP threads per MPI-task
2026-03-20 03:41:49,916 - isca - DEBUG - ATMOS MODEL DOMAIN DECOMPOSITION
2026-03-20 03:41:49,917 - isca - DEBUG - X-AXIS =  128
2026-03-20 03:41:49,917 - isca - DEBUG - Y-AXIS =    4   4   4   4   4   4   4   4   4   4   4   4   4   4   4   4
2026-03-20 03:41:49,975 - isca - DEBUG - NOTE from PE    0: cloud_simple: Using SimCloud cloud scheme
2026-03-20 03:41:49,977 - isca - DEBUG - NOTE from PE    0: ls_cloud: Using Sundqvist (1989) cloud fraction diagnostic formula.
2026-03-20 03:41:49,977 - isca - DEBUG - NOTE from PE    0: cloud_cover: The cloud overlap assumption is MAXIMUM-RANDOM
2026-03-20 03:41:49,977 - isca - DEBUG - NOTE from PE    0: idealized_moist_phys: Using Frierson Quasi-Equilibrium convection scheme.
2026-03-20 03:41:49,986 - isca - DEBUG - 
2026-03-20 03:41:49,986 - isca - WARNING - WARNING from PE    0: socrates_init: lw_hires_spectral_filename is unset, making equal to lw_spectral_filename
2026-03-20 03:41:49,986 - isca - DEBUG - 
2026-03-20 03:41:49,986 - isca - DEBUG - 
2026-03-20 03:41:49,986 - isca - WARNING - WARNING from PE    0: socrates_init: lw_hires_spectral_filename is unset, making equal to lw_spectral_filename
2026-03-20 03:41:49,986 - isca - DEBUG - 
2026-03-20 03:41:49,986 - isca - DEBUG - 
2026-03-20 03:41:49,986 - isca - WARNING - WARNING from PE    0: socrates_init: sw_hires_spectral_filename is unset, making equal to sw_spectral_filename
2026-03-20 03:41:49,986 - isca - DEBUG - 
2026-03-20 03:41:49,986 - isca - DEBUG - 
2026-03-20 03:41:49,986 - isca - WARNING - WARNING from PE    0: socrates_init: sw_hires_spectral_filename is unset, making equal to sw_spectral_filename
2026-03-20 03:41:49,986 - isca - DEBUG - 
2026-03-20 03:41:51,202 - isca - DEBUG - NOTE from PE    0: Interpolator: Using input file with no time dimension - ozone_1990_notime_zero.nc
2026-03-20 03:41:51,202 - isca - DEBUG - Initializing src field : ozone_1990
2026-03-20 03:41:51,204 - isca - DEBUG - 
2026-03-20 03:41:51,204 - isca - DEBUG - -----------------------------------
2026-03-20 03:41:51,205 - isca - DEBUG - ____                       _
2026-03-20 03:41:51,205 - isca - DEBUG - / ___|  ___   ___ _ __ __ _| |_ ___  ___
2026-03-20 03:41:51,205 - isca - DEBUG - \___ \ / _ \ / __|  __/ _` | __/ _ \/ __|
2026-03-20 03:41:51,205 - isca - DEBUG - ___) | (_) | (__| | | (_| | ||  __/\__ \
2026-03-20 03:41:51,205 - isca - DEBUG - |____/ \___/ \___|_|  \__,_|\__\___||___/
2026-03-20 03:41:51,205 - isca - DEBUG - 
2026-03-20 03:41:51,205 - isca - DEBUG - Initialised Socrates v17.03
2026-03-20 03:41:51,205 - isca - DEBUG - Stellar constant =    1840.00000000000
2026-03-20 03:41:51,205 - isca - DEBUG - Longwave spectral file =
2026-03-20 03:41:51,205 - isca - DEBUG - /proj/bolinc/users/x_ryabo/socrates_edited_for_isca/spectral_files_for_GCMs/Sun
2026-03-20 03:41:51,205 - isca - DEBUG - /miniSuran_lw.sf WITH           16  bands
2026-03-20 03:41:51,205 - isca - DEBUG - Longwave hires spectral file =
2026-03-20 03:41:51,205 - isca - DEBUG - /proj/bolinc/users/x_ryabo/socrates_edited_for_isca/spectral_files_for_GCMs/Sun
2026-03-20 03:41:51,205 - isca - DEBUG - /miniSuran_lw.sf WITH           16  bands
2026-03-20 03:41:51,205 - isca - DEBUG - Shortwave spectral file =
2026-03-20 03:41:51,205 - isca - DEBUG - /proj/bolinc/users/x_ryabo/socrates_edited_for_isca/spectral_files_for_GCMs/Sun
2026-03-20 03:41:51,205 - isca - DEBUG - /miniSuran_sw.sf WITH           16  bands
2026-03-20 03:41:51,205 - isca - DEBUG - Shortwave hires spectral file =
2026-03-20 03:41:51,205 - isca - DEBUG - /proj/bolinc/users/x_ryabo/socrates_edited_for_isca/spectral_files_for_GCMs/Sun
2026-03-20 03:41:51,205 - isca - DEBUG - /miniSuran_sw.sf WITH           16  bands
2026-03-20 03:41:51,205 - isca - DEBUG - 
2026-03-20 03:41:51,205 - isca - DEBUG - -----------------------------------
2026-03-20 03:41:51,205 - isca - DEBUG - 
2026-03-20 03:42:21,597 - isca - DEBUG - Integration completed through    1 Sep  2   0: 0: 0
2026-03-20 03:42:51,533 - isca - DEBUG - Integration completed through    1 Sep  3   0: 0: 0
2026-03-20 03:43:21,292 - isca - DEBUG - Integration completed through    1 Sep  4   0: 0: 0
2026-03-20 03:43:50,856 - isca - DEBUG - Integration completed through    1 Sep  5   0: 0: 0
2026-03-20 03:44:20,571 - isca - DEBUG - Integration completed through    1 Sep  6   0: 0: 0
2026-03-20 03:44:50,478 - isca - DEBUG - Integration completed through    1 Sep  7   0: 0: 0
2026-03-20 03:45:20,220 - isca - DEBUG - Integration completed through    1 Sep  8   0: 0: 0
2026-03-20 03:45:49,953 - isca - DEBUG - Integration completed through    1 Sep  9   0: 0: 0
2026-03-20 03:46:19,693 - isca - DEBUG - Integration completed through    1 Sep 10   0: 0: 0
2026-03-20 03:46:49,446 - isca - DEBUG - Integration completed through    1 Sep 11   0: 0: 0
2026-03-20 03:47:19,074 - isca - DEBUG - Integration completed through    1 Sep 12   0: 0: 0
2026-03-20 03:47:48,580 - isca - DEBUG - Integration completed through    1 Sep 13   0: 0: 0
2026-03-20 03:48:18,061 - isca - DEBUG - Integration completed through    1 Sep 14   0: 0: 0
2026-03-20 03:48:47,594 - isca - DEBUG - Integration completed through    1 Sep 15   0: 0: 0
2026-03-20 03:49:17,277 - isca - DEBUG - Integration completed through    1 Sep 16   0: 0: 0
2026-03-20 03:49:46,829 - isca - DEBUG - Integration completed through    1 Sep 17   0: 0: 0
2026-03-20 03:50:16,365 - isca - DEBUG - Integration completed through    1 Sep 18   0: 0: 0
2026-03-20 03:50:45,869 - isca - DEBUG - Integration completed through    1 Sep 19   0: 0: 0
2026-03-20 03:51:15,323 - isca - DEBUG - Integration completed through    1 Sep 20   0: 0: 0
2026-03-20 03:51:44,805 - isca - DEBUG - Integration completed through    1 Sep 21   0: 0: 0
2026-03-20 03:52:14,274 - isca - DEBUG - Integration completed through    1 Sep 22   0: 0: 0
2026-03-20 03:52:43,707 - isca - DEBUG - Integration completed through    1 Sep 23   0: 0: 0
2026-03-20 03:53:13,591 - isca - DEBUG - Integration completed through    1 Sep 24   0: 0: 0
2026-03-20 03:53:43,114 - isca - DEBUG - Integration completed through    1 Sep 25   0: 0: 0
2026-03-20 03:54:13,197 - isca - DEBUG - Integration completed through    1 Sep 26   0: 0: 0
2026-03-20 03:54:42,643 - isca - DEBUG - Integration completed through    1 Sep 27   0: 0: 0
2026-03-20 03:55:12,595 - isca - DEBUG - Integration completed through    1 Sep 28   0: 0: 0
2026-03-20 03:55:42,053 - isca - DEBUG - Integration completed through    1 Sep 29   0: 0: 0
2026-03-20 03:56:11,950 - isca - DEBUG - Integration completed through    1 Sep 30   0: 0: 0
2026-03-20 03:56:41,482 - isca - DEBUG - Integration completed through    1 Oct  1   0: 0: 0
2026-03-20 03:56:41,492 - isca - DEBUG - 
2026-03-20 03:56:41,492 - isca - WARNING - WARNING from PE    0: diag_util_mod::opening_file: module/field_name (socrates/soc_toa_sw_down_clr) NOT registered
2026-03-20 03:56:41,492 - isca - DEBUG - 
2026-03-20 03:56:41,492 - isca - DEBUG - 
2026-03-20 03:56:41,492 - isca - WARNING - WARNING from PE    0: diag_util_mod::opening_file: module/field_name (socrates/soc_toa_sw_down_clr) NOT registered
2026-03-20 03:56:41,492 - isca - DEBUG - 
2026-03-20 03:56:41,492 - isca - DEBUG - 
2026-03-20 03:56:41,492 - isca - WARNING - WARNING from PE    0: diag_util_mod::opening_file: module/field_name (cloud_simple/rh_min) NOT registered
2026-03-20 03:56:41,492 - isca - DEBUG - 
2026-03-20 03:56:41,492 - isca - DEBUG - 
2026-03-20 03:56:41,492 - isca - WARNING - WARNING from PE    0: diag_util_mod::opening_file: module/field_name (cloud_simple/rh_min) NOT registered
2026-03-20 03:56:41,492 - isca - DEBUG - 
2026-03-20 03:56:41,503 - isca - DEBUG - NOTE from PE    0: MPP_IO_SET_STACK_SIZE: stack size set to     393216.
2026-03-20 03:56:41,620 - isca - DEBUG - MPP_DOMAINS_STACK high water mark=       49152
2026-03-20 03:56:41,621 - isca - DEBUG - 
2026-03-20 03:56:41,621 - isca - DEBUG - Tabulating mpp_clock statistics across     16 PEs...
2026-03-20 03:56:41,621 - isca - DEBUG - 
2026-03-20 03:56:41,621 - isca - DEBUG - tmin          tmax          tavg          tstd  tfrac grain pemin pemax
2026-03-20 03:56:41,621 - isca - DEBUG - Total runtime                       891.715950    891.720770    891.717751      0.001296  1.000     0     0    15
2026-03-20 03:56:41,621 - isca - DEBUG - MPP_STACK high water mark=           0
2026-03-20 03:56:41,718 - isca - INFO - Run 9 complete
2026-03-20 03:56:42,619 - isca - DEBUG - atmos_monthly.nc combined and copied to data directory
2026-03-20 03:56:47,193 - isca - INFO - Restart archive created at /proj/bolinc/users/x_ryabo/Isca-Ryan_outputs/Earth_1840/restarts/res0009.tar.gz
2026-03-20 03:56:47,205 - isca - INFO - Writing namelist to '/proj/bolinc/users/x_ryabo/Isca-Ryan_outputs/Earth_1840/run0009/input.nml'
2026-03-20 03:56:47,207 - isca - INFO - Writing field_table to '/proj/bolinc/users/x_ryabo/Isca-Ryan_outputs/Earth_1840/run0009/field_table'
2026-03-20 03:56:47,217 - isca - INFO - Writing diag_table to '/proj/bolinc/users/x_ryabo/Isca-Ryan_outputs/Earth_1840/run0009/diag_table'
2026-03-20 03:56:47,890 - isca - INFO - Emptied run directory '/home/x_ryabo/Isca-Ryan_tmp/experiment/Earth_1840/run'
2026-03-20 03:56:47,908 - isca - INFO - Emptied run directory '/home/x_ryabo/Isca-Ryan_tmp/experiment/Earth_1840/run'
2026-03-20 03:56:48,235 - isca - INFO - Writing namelist to '/home/x_ryabo/Isca-Ryan_tmp/experiment/Earth_1840/run/input.nml'
2026-03-20 03:56:48,236 - isca - INFO - Writing field_table to '/home/x_ryabo/Isca-Ryan_tmp/experiment/Earth_1840/run/field_table'
2026-03-20 03:56:48,248 - isca - INFO - Writing diag_table to '/home/x_ryabo/Isca-Ryan_tmp/experiment/Earth_1840/run/diag_table'
2026-03-20 03:56:48,261 - isca - INFO - Using restart file '/proj/bolinc/users/x_ryabo/Isca-Ryan_outputs/Earth_1840/restarts/res0009.tar.gz'
2026-03-20 03:56:48,680 - isca - INFO - Restart /proj/bolinc/users/x_ryabo/Isca-Ryan_outputs/Earth_1840/restarts/res0009.tar.gz extracted to /home/x_ryabo/Isca-Ryan_tmp/experiment/Earth_1840/run/INPUT
2026-03-20 03:56:48,680 - isca - INFO - Beginning run 10
2026-03-20 03:56:48,695 - isca - INFO - process running as 2528234
2026-03-20 03:56:48,696 - isca - DEBUG - loadmodules for Isca on NSC cluster Tetralith
2026-03-20 03:56:48,696 - isca - DEBUG - mpiifort
2026-03-20 03:56:48,814 - isca - DEBUG - The following modules were not unloaded:
2026-03-20 03:56:48,814 - isca - DEBUG - (Use "module --force purge" to unload all):
2026-03-20 03:56:48,814 - isca - DEBUG - 
2026-03-20 03:56:48,814 - isca - DEBUG - 1) hpc/.1.10.1
2026-03-20 03:56:48,922 - isca - DEBUG - ***************************************************
2026-03-20 03:56:48,922 - isca - DEBUG - You have loaded a buildenv module
2026-03-20 03:56:48,922 - isca - DEBUG - ***************************************************
2026-03-20 03:56:48,922 - isca - DEBUG - The buldenv-intel module makes available:
2026-03-20 03:56:48,922 - isca - DEBUG - - Compilers: icc, ifort, etc.
2026-03-20 03:56:48,922 - isca - DEBUG - - Mpi library with mpi-wrapped compilers: intel mpi with mpicc, mpifort, etc.
2026-03-20 03:56:48,922 - isca - DEBUG - - Numerical libraries: intel MKL
2026-03-20 03:56:48,922 - isca - DEBUG - 
2026-03-20 03:56:48,922 - isca - DEBUG - It also makes a set of dependency library modules available via
2026-03-20 03:56:48,922 - isca - DEBUG - the regular module command. Just do:
2026-03-20 03:56:48,922 - isca - DEBUG - module avail
2026-03-20 03:56:48,922 - isca - DEBUG - to see what is available.
2026-03-20 03:56:48,923 - isca - DEBUG - 
2026-03-20 03:56:48,923 - isca - DEBUG - NOTE: You shoud never load build environments inside submitted jobs.
2026-03-20 03:56:48,923 - isca - DEBUG - (with the single exception of when using supercomputer time to compile code.)
2026-03-20 03:56:48,923 - isca - DEBUG - 
2026-03-20 03:56:50,203 - isca - DEBUG - NOTE from PE    0: MPP_DOMAINS_SET_STACK_SIZE: stack size set to    32768.
2026-03-20 03:56:50,204 - isca - DEBUG - &MPP_IO_NML
2026-03-20 03:56:50,204 - isca - DEBUG - HEADER_BUFFER_VAL       =       16384,
2026-03-20 03:56:50,204 - isca - DEBUG - GLOBAL_FIELD_ON_ROOT_PE = T,
2026-03-20 03:56:50,204 - isca - DEBUG - IO_CLOCKS_ON    = F,
2026-03-20 03:56:50,204 - isca - DEBUG - SHUFFLE =           0,
2026-03-20 03:56:50,204 - isca - DEBUG - DEFLATE_LEVEL   =          -1
2026-03-20 03:56:50,204 - isca - DEBUG - /
2026-03-20 03:56:50,205 - isca - DEBUG - NOTE from PE    0: MPP_IO_SET_STACK_SIZE: stack size set to     131072.
2026-03-20 03:56:50,206 - isca - DEBUG - NOTE from PE    0: MPP_DOMAINS_SET_STACK_SIZE: stack size set to   600000.
2026-03-20 03:56:50,214 - isca - DEBUG - starting            1  OpenMP threads per MPI-task
2026-03-20 03:56:50,216 - isca - DEBUG - ATMOS MODEL DOMAIN DECOMPOSITION
2026-03-20 03:56:50,216 - isca - DEBUG - X-AXIS =  128
2026-03-20 03:56:50,216 - isca - DEBUG - Y-AXIS =    4   4   4   4   4   4   4   4   4   4   4   4   4   4   4   4
2026-03-20 03:56:50,280 - isca - DEBUG - NOTE from PE    0: cloud_simple: Using SimCloud cloud scheme
2026-03-20 03:56:50,281 - isca - DEBUG - NOTE from PE    0: ls_cloud: Using Sundqvist (1989) cloud fraction diagnostic formula.
2026-03-20 03:56:50,282 - isca - DEBUG - NOTE from PE    0: cloud_cover: The cloud overlap assumption is MAXIMUM-RANDOM
2026-03-20 03:56:50,282 - isca - DEBUG - NOTE from PE    0: idealized_moist_phys: Using Frierson Quasi-Equilibrium convection scheme.
2026-03-20 03:56:50,291 - isca - DEBUG - 
2026-03-20 03:56:50,291 - isca - WARNING - WARNING from PE    0: socrates_init: lw_hires_spectral_filename is unset, making equal to lw_spectral_filename
2026-03-20 03:56:50,291 - isca - DEBUG - 
2026-03-20 03:56:50,291 - isca - DEBUG - 
2026-03-20 03:56:50,291 - isca - WARNING - WARNING from PE    0: socrates_init: lw_hires_spectral_filename is unset, making equal to lw_spectral_filename
2026-03-20 03:56:50,292 - isca - DEBUG - 
2026-03-20 03:56:50,292 - isca - DEBUG - 
2026-03-20 03:56:50,292 - isca - WARNING - WARNING from PE    0: socrates_init: sw_hires_spectral_filename is unset, making equal to sw_spectral_filename
2026-03-20 03:56:50,292 - isca - DEBUG - 
2026-03-20 03:56:50,292 - isca - DEBUG - 
2026-03-20 03:56:50,292 - isca - WARNING - WARNING from PE    0: socrates_init: sw_hires_spectral_filename is unset, making equal to sw_spectral_filename
2026-03-20 03:56:50,292 - isca - DEBUG - 
2026-03-20 03:56:51,471 - isca - DEBUG - NOTE from PE    0: Interpolator: Using input file with no time dimension - ozone_1990_notime_zero.nc
2026-03-20 03:56:51,472 - isca - DEBUG - Initializing src field : ozone_1990
2026-03-20 03:56:51,473 - isca - DEBUG - 
2026-03-20 03:56:51,473 - isca - DEBUG - -----------------------------------
2026-03-20 03:56:51,473 - isca - DEBUG - ____                       _
2026-03-20 03:56:51,473 - isca - DEBUG - / ___|  ___   ___ _ __ __ _| |_ ___  ___
2026-03-20 03:56:51,473 - isca - DEBUG - \___ \ / _ \ / __|  __/ _` | __/ _ \/ __|
2026-03-20 03:56:51,473 - isca - DEBUG - ___) | (_) | (__| | | (_| | ||  __/\__ \
2026-03-20 03:56:51,474 - isca - DEBUG - |____/ \___/ \___|_|  \__,_|\__\___||___/
2026-03-20 03:56:51,474 - isca - DEBUG - 
2026-03-20 03:56:51,474 - isca - DEBUG - Initialised Socrates v17.03
2026-03-20 03:56:51,474 - isca - DEBUG - Stellar constant =    1840.00000000000
2026-03-20 03:56:51,474 - isca - DEBUG - Longwave spectral file =
2026-03-20 03:56:51,474 - isca - DEBUG - /proj/bolinc/users/x_ryabo/socrates_edited_for_isca/spectral_files_for_GCMs/Sun
2026-03-20 03:56:51,474 - isca - DEBUG - /miniSuran_lw.sf WITH           16  bands
2026-03-20 03:56:51,474 - isca - DEBUG - Longwave hires spectral file =
2026-03-20 03:56:51,474 - isca - DEBUG - /proj/bolinc/users/x_ryabo/socrates_edited_for_isca/spectral_files_for_GCMs/Sun
2026-03-20 03:56:51,474 - isca - DEBUG - /miniSuran_lw.sf WITH           16  bands
2026-03-20 03:56:51,474 - isca - DEBUG - Shortwave spectral file =
2026-03-20 03:56:51,474 - isca - DEBUG - /proj/bolinc/users/x_ryabo/socrates_edited_for_isca/spectral_files_for_GCMs/Sun
2026-03-20 03:56:51,474 - isca - DEBUG - /miniSuran_sw.sf WITH           16  bands
2026-03-20 03:56:51,474 - isca - DEBUG - Shortwave hires spectral file =
2026-03-20 03:56:51,474 - isca - DEBUG - /proj/bolinc/users/x_ryabo/socrates_edited_for_isca/spectral_files_for_GCMs/Sun
2026-03-20 03:56:51,474 - isca - DEBUG - /miniSuran_sw.sf WITH           16  bands
2026-03-20 03:56:51,474 - isca - DEBUG - 
2026-03-20 03:56:51,474 - isca - DEBUG - -----------------------------------
2026-03-20 03:56:51,474 - isca - DEBUG - 
2026-03-20 03:57:21,619 - isca - DEBUG - Integration completed through    1 Oct  2   0: 0: 0
2026-03-20 03:57:51,642 - isca - DEBUG - Integration completed through    1 Oct  3   0: 0: 0
2026-03-20 03:58:21,719 - isca - DEBUG - Integration completed through    1 Oct  4   0: 0: 0
2026-03-20 03:58:51,732 - isca - DEBUG - Integration completed through    1 Oct  5   0: 0: 0
2026-03-20 03:59:21,765 - isca - DEBUG - Integration completed through    1 Oct  6   0: 0: 0
2026-03-20 03:59:51,890 - isca - DEBUG - Integration completed through    1 Oct  7   0: 0: 0
2026-03-20 04:00:21,976 - isca - DEBUG - Integration completed through    1 Oct  8   0: 0: 0
2026-03-20 04:00:52,105 - isca - DEBUG - Integration completed through    1 Oct  9   0: 0: 0
2026-03-20 04:01:22,649 - isca - DEBUG - Integration completed through    1 Oct 10   0: 0: 0
2026-03-20 04:01:52,766 - isca - DEBUG - Integration completed through    1 Oct 11   0: 0: 0
2026-03-20 04:02:23,249 - isca - DEBUG - Integration completed through    1 Oct 12   0: 0: 0
2026-03-20 04:02:53,361 - isca - DEBUG - Integration completed through    1 Oct 13   0: 0: 0
2026-03-20 04:03:23,834 - isca - DEBUG - Integration completed through    1 Oct 14   0: 0: 0
2026-03-20 04:03:53,962 - isca - DEBUG - Integration completed through    1 Oct 15   0: 0: 0
2026-03-20 04:04:24,052 - isca - DEBUG - Integration completed through    1 Oct 16   0: 0: 0
2026-03-20 04:04:54,140 - isca - DEBUG - Integration completed through    1 Oct 17   0: 0: 0
2026-03-20 04:05:24,551 - isca - DEBUG - Integration completed through    1 Oct 18   0: 0: 0
2026-03-20 04:05:54,587 - isca - DEBUG - Integration completed through    1 Oct 19   0: 0: 0
2026-03-20 04:06:24,592 - isca - DEBUG - Integration completed through    1 Oct 20   0: 0: 0
2026-03-20 04:06:54,602 - isca - DEBUG - Integration completed through    1 Oct 21   0: 0: 0
2026-03-20 04:07:24,669 - isca - DEBUG - Integration completed through    1 Oct 22   0: 0: 0
2026-03-20 04:07:54,698 - isca - DEBUG - Integration completed through    1 Oct 23   0: 0: 0
2026-03-20 04:08:24,721 - isca - DEBUG - Integration completed through    1 Oct 24   0: 0: 0
2026-03-20 04:08:54,721 - isca - DEBUG - Integration completed through    1 Oct 25   0: 0: 0
2026-03-20 04:09:25,177 - isca - DEBUG - Integration completed through    1 Oct 26   0: 0: 0
2026-03-20 04:09:55,333 - isca - DEBUG - Integration completed through    1 Oct 27   0: 0: 0
2026-03-20 04:10:25,490 - isca - DEBUG - Integration completed through    1 Oct 28   0: 0: 0
2026-03-20 04:10:55,709 - isca - DEBUG - Integration completed through    1 Oct 29   0: 0: 0
2026-03-20 04:11:25,901 - isca - DEBUG - Integration completed through    1 Oct 30   0: 0: 0
2026-03-20 04:11:56,114 - isca - DEBUG - Integration completed through    1 Nov  1   0: 0: 0
2026-03-20 04:11:56,123 - isca - DEBUG - 
2026-03-20 04:11:56,123 - isca - WARNING - WARNING from PE    0: diag_util_mod::opening_file: module/field_name (socrates/soc_toa_sw_down_clr) NOT registered
2026-03-20 04:11:56,124 - isca - DEBUG - 
2026-03-20 04:11:56,124 - isca - DEBUG - 
2026-03-20 04:11:56,124 - isca - WARNING - WARNING from PE    0: diag_util_mod::opening_file: module/field_name (socrates/soc_toa_sw_down_clr) NOT registered
2026-03-20 04:11:56,124 - isca - DEBUG - 
2026-03-20 04:11:56,124 - isca - DEBUG - 
2026-03-20 04:11:56,124 - isca - WARNING - WARNING from PE    0: diag_util_mod::opening_file: module/field_name (cloud_simple/rh_min) NOT registered
2026-03-20 04:11:56,124 - isca - DEBUG - 
2026-03-20 04:11:56,124 - isca - DEBUG - 
2026-03-20 04:11:56,124 - isca - WARNING - WARNING from PE    0: diag_util_mod::opening_file: module/field_name (cloud_simple/rh_min) NOT registered
2026-03-20 04:11:56,124 - isca - DEBUG - 
2026-03-20 04:11:56,135 - isca - DEBUG - NOTE from PE    0: MPP_IO_SET_STACK_SIZE: stack size set to     393216.
2026-03-20 04:11:56,236 - isca - DEBUG - MPP_DOMAINS_STACK high water mark=       49152
2026-03-20 04:11:56,237 - isca - DEBUG - 
2026-03-20 04:11:56,237 - isca - DEBUG - Tabulating mpp_clock statistics across     16 PEs...
2026-03-20 04:11:56,237 - isca - DEBUG - 
2026-03-20 04:11:56,237 - isca - DEBUG - tmin          tmax          tavg          tstd  tfrac grain pemin pemax
2026-03-20 04:11:56,237 - isca - DEBUG - Total runtime                       906.031429    906.035821    906.033639      0.001307  1.000     0     0    15
2026-03-20 04:11:56,237 - isca - DEBUG - MPP_STACK high water mark=           0
2026-03-20 04:11:56,341 - isca - INFO - Run 10 complete
2026-03-20 04:11:58,060 - isca - DEBUG - atmos_monthly.nc combined and copied to data directory
2026-03-20 04:12:02,210 - isca - INFO - Restart archive created at /proj/bolinc/users/x_ryabo/Isca-Ryan_outputs/Earth_1840/restarts/res0010.tar.gz
2026-03-20 04:12:02,222 - isca - INFO - Writing namelist to '/proj/bolinc/users/x_ryabo/Isca-Ryan_outputs/Earth_1840/run0010/input.nml'
2026-03-20 04:12:02,224 - isca - INFO - Writing field_table to '/proj/bolinc/users/x_ryabo/Isca-Ryan_outputs/Earth_1840/run0010/field_table'
2026-03-20 04:12:02,234 - isca - INFO - Writing diag_table to '/proj/bolinc/users/x_ryabo/Isca-Ryan_outputs/Earth_1840/run0010/diag_table'
2026-03-20 04:12:02,587 - isca - INFO - Emptied run directory '/home/x_ryabo/Isca-Ryan_tmp/experiment/Earth_1840/run'
2026-03-20 04:12:02,606 - isca - INFO - Emptied run directory '/home/x_ryabo/Isca-Ryan_tmp/experiment/Earth_1840/run'
2026-03-20 04:12:02,937 - isca - INFO - Writing namelist to '/home/x_ryabo/Isca-Ryan_tmp/experiment/Earth_1840/run/input.nml'
2026-03-20 04:12:02,939 - isca - INFO - Writing field_table to '/home/x_ryabo/Isca-Ryan_tmp/experiment/Earth_1840/run/field_table'
2026-03-20 04:12:02,950 - isca - INFO - Writing diag_table to '/home/x_ryabo/Isca-Ryan_tmp/experiment/Earth_1840/run/diag_table'
2026-03-20 04:12:02,964 - isca - INFO - Using restart file '/proj/bolinc/users/x_ryabo/Isca-Ryan_outputs/Earth_1840/restarts/res0010.tar.gz'
2026-03-20 04:12:03,385 - isca - INFO - Restart /proj/bolinc/users/x_ryabo/Isca-Ryan_outputs/Earth_1840/restarts/res0010.tar.gz extracted to /home/x_ryabo/Isca-Ryan_tmp/experiment/Earth_1840/run/INPUT
2026-03-20 04:12:03,385 - isca - INFO - Beginning run 11
2026-03-20 04:12:03,397 - isca - INFO - process running as 2529126
2026-03-20 04:12:03,397 - isca - DEBUG - loadmodules for Isca on NSC cluster Tetralith
2026-03-20 04:12:03,397 - isca - DEBUG - mpiifort
2026-03-20 04:12:03,514 - isca - DEBUG - The following modules were not unloaded:
2026-03-20 04:12:03,514 - isca - DEBUG - (Use "module --force purge" to unload all):
2026-03-20 04:12:03,514 - isca - DEBUG - 
2026-03-20 04:12:03,514 - isca - DEBUG - 1) hpc/.1.10.1
2026-03-20 04:12:03,621 - isca - DEBUG - ***************************************************
2026-03-20 04:12:03,621 - isca - DEBUG - You have loaded a buildenv module
2026-03-20 04:12:03,621 - isca - DEBUG - ***************************************************
2026-03-20 04:12:03,621 - isca - DEBUG - The buldenv-intel module makes available:
2026-03-20 04:12:03,621 - isca - DEBUG - - Compilers: icc, ifort, etc.
2026-03-20 04:12:03,621 - isca - DEBUG - - Mpi library with mpi-wrapped compilers: intel mpi with mpicc, mpifort, etc.
2026-03-20 04:12:03,621 - isca - DEBUG - - Numerical libraries: intel MKL
2026-03-20 04:12:03,621 - isca - DEBUG - 
2026-03-20 04:12:03,621 - isca - DEBUG - It also makes a set of dependency library modules available via
2026-03-20 04:12:03,621 - isca - DEBUG - the regular module command. Just do:
2026-03-20 04:12:03,621 - isca - DEBUG - module avail
2026-03-20 04:12:03,621 - isca - DEBUG - to see what is available.
2026-03-20 04:12:03,621 - isca - DEBUG - 
2026-03-20 04:12:03,621 - isca - DEBUG - NOTE: You shoud never load build environments inside submitted jobs.
2026-03-20 04:12:03,621 - isca - DEBUG - (with the single exception of when using supercomputer time to compile code.)
2026-03-20 04:12:03,621 - isca - DEBUG - 
2026-03-20 04:12:04,652 - isca - DEBUG - NOTE from PE    0: MPP_DOMAINS_SET_STACK_SIZE: stack size set to    32768.
2026-03-20 04:12:04,652 - isca - DEBUG - &MPP_IO_NML
2026-03-20 04:12:04,652 - isca - DEBUG - HEADER_BUFFER_VAL       =       16384,
2026-03-20 04:12:04,652 - isca - DEBUG - GLOBAL_FIELD_ON_ROOT_PE = T,
2026-03-20 04:12:04,652 - isca - DEBUG - IO_CLOCKS_ON    = F,
2026-03-20 04:12:04,652 - isca - DEBUG - SHUFFLE =           0,
2026-03-20 04:12:04,652 - isca - DEBUG - DEFLATE_LEVEL   =          -1
2026-03-20 04:12:04,652 - isca - DEBUG - /
2026-03-20 04:12:04,653 - isca - DEBUG - NOTE from PE    0: MPP_IO_SET_STACK_SIZE: stack size set to     131072.
2026-03-20 04:12:04,654 - isca - DEBUG - NOTE from PE    0: MPP_DOMAINS_SET_STACK_SIZE: stack size set to   600000.
2026-03-20 04:12:04,662 - isca - DEBUG - starting            1  OpenMP threads per MPI-task
2026-03-20 04:12:04,664 - isca - DEBUG - ATMOS MODEL DOMAIN DECOMPOSITION
2026-03-20 04:12:04,664 - isca - DEBUG - X-AXIS =  128
2026-03-20 04:12:04,664 - isca - DEBUG - Y-AXIS =    4   4   4   4   4   4   4   4   4   4   4   4   4   4   4   4
2026-03-20 04:12:04,728 - isca - DEBUG - NOTE from PE    0: cloud_simple: Using SimCloud cloud scheme
2026-03-20 04:12:04,729 - isca - DEBUG - NOTE from PE    0: ls_cloud: Using Sundqvist (1989) cloud fraction diagnostic formula.
2026-03-20 04:12:04,729 - isca - DEBUG - NOTE from PE    0: cloud_cover: The cloud overlap assumption is MAXIMUM-RANDOM
2026-03-20 04:12:04,729 - isca - DEBUG - NOTE from PE    0: idealized_moist_phys: Using Frierson Quasi-Equilibrium convection scheme.
2026-03-20 04:12:04,738 - isca - DEBUG - 
2026-03-20 04:12:04,739 - isca - WARNING - WARNING from PE    0: socrates_init: lw_hires_spectral_filename is unset, making equal to lw_spectral_filename
2026-03-20 04:12:04,739 - isca - DEBUG - 
2026-03-20 04:12:04,739 - isca - DEBUG - 
2026-03-20 04:12:04,739 - isca - WARNING - WARNING from PE    0: socrates_init: lw_hires_spectral_filename is unset, making equal to lw_spectral_filename
2026-03-20 04:12:04,739 - isca - DEBUG - 
2026-03-20 04:12:04,739 - isca - DEBUG - 
2026-03-20 04:12:04,739 - isca - WARNING - WARNING from PE    0: socrates_init: sw_hires_spectral_filename is unset, making equal to sw_spectral_filename
2026-03-20 04:12:04,739 - isca - DEBUG - 
2026-03-20 04:12:04,739 - isca - DEBUG - 
2026-03-20 04:12:04,739 - isca - WARNING - WARNING from PE    0: socrates_init: sw_hires_spectral_filename is unset, making equal to sw_spectral_filename
2026-03-20 04:12:04,739 - isca - DEBUG - 
2026-03-20 04:12:05,942 - isca - DEBUG - NOTE from PE    0: Interpolator: Using input file with no time dimension - ozone_1990_notime_zero.nc
2026-03-20 04:12:05,942 - isca - DEBUG - Initializing src field : ozone_1990
2026-03-20 04:12:05,943 - isca - DEBUG - 
2026-03-20 04:12:05,943 - isca - DEBUG - -----------------------------------
2026-03-20 04:12:05,944 - isca - DEBUG - ____                       _
2026-03-20 04:12:05,944 - isca - DEBUG - / ___|  ___   ___ _ __ __ _| |_ ___  ___
2026-03-20 04:12:05,944 - isca - DEBUG - \___ \ / _ \ / __|  __/ _` | __/ _ \/ __|
2026-03-20 04:12:05,944 - isca - DEBUG - ___) | (_) | (__| | | (_| | ||  __/\__ \
2026-03-20 04:12:05,944 - isca - DEBUG - |____/ \___/ \___|_|  \__,_|\__\___||___/
2026-03-20 04:12:05,944 - isca - DEBUG - 
2026-03-20 04:12:05,944 - isca - DEBUG - Initialised Socrates v17.03
2026-03-20 04:12:05,944 - isca - DEBUG - Stellar constant =    1840.00000000000
2026-03-20 04:12:05,944 - isca - DEBUG - Longwave spectral file =
2026-03-20 04:12:05,944 - isca - DEBUG - /proj/bolinc/users/x_ryabo/socrates_edited_for_isca/spectral_files_for_GCMs/Sun
2026-03-20 04:12:05,944 - isca - DEBUG - /miniSuran_lw.sf WITH           16  bands
2026-03-20 04:12:05,944 - isca - DEBUG - Longwave hires spectral file =
2026-03-20 04:12:05,944 - isca - DEBUG - /proj/bolinc/users/x_ryabo/socrates_edited_for_isca/spectral_files_for_GCMs/Sun
2026-03-20 04:12:05,944 - isca - DEBUG - /miniSuran_lw.sf WITH           16  bands
2026-03-20 04:12:05,944 - isca - DEBUG - Shortwave spectral file =
2026-03-20 04:12:05,944 - isca - DEBUG - /proj/bolinc/users/x_ryabo/socrates_edited_for_isca/spectral_files_for_GCMs/Sun
2026-03-20 04:12:05,944 - isca - DEBUG - /miniSuran_sw.sf WITH           16  bands
2026-03-20 04:12:05,944 - isca - DEBUG - Shortwave hires spectral file =
2026-03-20 04:12:05,944 - isca - DEBUG - /proj/bolinc/users/x_ryabo/socrates_edited_for_isca/spectral_files_for_GCMs/Sun
2026-03-20 04:12:05,944 - isca - DEBUG - /miniSuran_sw.sf WITH           16  bands
2026-03-20 04:12:05,944 - isca - DEBUG - 
2026-03-20 04:12:05,944 - isca - DEBUG - -----------------------------------
2026-03-20 04:12:05,944 - isca - DEBUG - 
2026-03-20 04:12:36,117 - isca - DEBUG - Integration completed through    1 Nov  2   0: 0: 0
2026-03-20 04:13:05,781 - isca - DEBUG - Integration completed through    1 Nov  3   0: 0: 0
2026-03-20 04:13:35,868 - isca - DEBUG - Integration completed through    1 Nov  4   0: 0: 0
2026-03-20 04:14:05,561 - isca - DEBUG - Integration completed through    1 Nov  5   0: 0: 0
2026-03-20 04:14:35,722 - isca - DEBUG - Integration completed through    1 Nov  6   0: 0: 0
2026-03-20 04:15:05,462 - isca - DEBUG - Integration completed through    1 Nov  7   0: 0: 0
2026-03-20 04:15:35,607 - isca - DEBUG - Integration completed through    1 Nov  8   0: 0: 0
2026-03-20 04:16:05,370 - isca - DEBUG - Integration completed through    1 Nov  9   0: 0: 0
2026-03-20 04:16:35,458 - isca - DEBUG - Integration completed through    1 Nov 10   0: 0: 0
2026-03-20 04:17:05,246 - isca - DEBUG - Integration completed through    1 Nov 11   0: 0: 0
2026-03-20 04:17:35,053 - isca - DEBUG - Integration completed through    1 Nov 12   0: 0: 0
2026-03-20 04:18:04,886 - isca - DEBUG - Integration completed through    1 Nov 13   0: 0: 0
2026-03-20 04:18:34,651 - isca - DEBUG - Integration completed through    1 Nov 14   0: 0: 0
2026-03-20 04:19:04,498 - isca - DEBUG - Integration completed through    1 Nov 15   0: 0: 0
2026-03-20 04:19:34,388 - isca - DEBUG - Integration completed through    1 Nov 16   0: 0: 0
2026-03-20 04:20:04,262 - isca - DEBUG - Integration completed through    1 Nov 17   0: 0: 0
2026-03-20 04:20:34,481 - isca - DEBUG - Integration completed through    1 Nov 18   0: 0: 0
2026-03-20 04:21:04,340 - isca - DEBUG - Integration completed through    1 Nov 19   0: 0: 0
2026-03-20 04:21:34,548 - isca - DEBUG - Integration completed through    1 Nov 20   0: 0: 0
2026-03-20 04:22:04,317 - isca - DEBUG - Integration completed through    1 Nov 21   0: 0: 0
2026-03-20 04:22:34,517 - isca - DEBUG - Integration completed through    1 Nov 22   0: 0: 0
2026-03-20 04:23:04,305 - isca - DEBUG - Integration completed through    1 Nov 23   0: 0: 0
2026-03-20 04:23:34,061 - isca - DEBUG - Integration completed through    1 Nov 24   0: 0: 0
2026-03-20 04:24:03,810 - isca - DEBUG - Integration completed through    1 Nov 25   0: 0: 0
2026-03-20 04:24:34,075 - isca - DEBUG - Integration completed through    1 Nov 26   0: 0: 0
2026-03-20 04:25:03,852 - isca - DEBUG - Integration completed through    1 Nov 27   0: 0: 0
2026-03-20 04:25:34,134 - isca - DEBUG - Integration completed through    1 Nov 28   0: 0: 0
2026-03-20 04:26:03,892 - isca - DEBUG - Integration completed through    1 Nov 29   0: 0: 0
2026-03-20 04:26:34,161 - isca - DEBUG - Integration completed through    1 Nov 30   0: 0: 0
2026-03-20 04:27:04,019 - isca - DEBUG - Integration completed through    1 Dec  1   0: 0: 0
2026-03-20 04:27:04,027 - isca - DEBUG - 
2026-03-20 04:27:04,027 - isca - WARNING - WARNING from PE    0: diag_util_mod::opening_file: module/field_name (socrates/soc_toa_sw_down_clr) NOT registered
2026-03-20 04:27:04,028 - isca - DEBUG - 
2026-03-20 04:27:04,028 - isca - DEBUG - 
2026-03-20 04:27:04,028 - isca - WARNING - WARNING from PE    0: diag_util_mod::opening_file: module/field_name (socrates/soc_toa_sw_down_clr) NOT registered
2026-03-20 04:27:04,028 - isca - DEBUG - 
2026-03-20 04:27:04,028 - isca - DEBUG - 
2026-03-20 04:27:04,028 - isca - WARNING - WARNING from PE    0: diag_util_mod::opening_file: module/field_name (cloud_simple/rh_min) NOT registered
2026-03-20 04:27:04,028 - isca - DEBUG - 
2026-03-20 04:27:04,028 - isca - DEBUG - 
2026-03-20 04:27:04,028 - isca - WARNING - WARNING from PE    0: diag_util_mod::opening_file: module/field_name (cloud_simple/rh_min) NOT registered
2026-03-20 04:27:04,028 - isca - DEBUG - 
2026-03-20 04:27:04,039 - isca - DEBUG - NOTE from PE    0: MPP_IO_SET_STACK_SIZE: stack size set to     393216.
2026-03-20 04:27:04,166 - isca - DEBUG - MPP_DOMAINS_STACK high water mark=       49152
2026-03-20 04:27:04,166 - isca - DEBUG - 
2026-03-20 04:27:04,166 - isca - DEBUG - Tabulating mpp_clock statistics across     16 PEs...
2026-03-20 04:27:04,166 - isca - DEBUG - 
2026-03-20 04:27:04,166 - isca - DEBUG - tmin          tmax          tavg          tstd  tfrac grain pemin pemax
2026-03-20 04:27:04,169 - isca - DEBUG - Total runtime                       899.512414    899.518165    899.515360      0.001581  1.000     0     0    15
2026-03-20 04:27:04,169 - isca - DEBUG - MPP_STACK high water mark=           0
2026-03-20 04:27:04,276 - isca - INFO - Run 11 complete
2026-03-20 04:27:05,194 - isca - DEBUG - atmos_monthly.nc combined and copied to data directory
2026-03-20 04:27:09,181 - isca - INFO - Restart archive created at /proj/bolinc/users/x_ryabo/Isca-Ryan_outputs/Earth_1840/restarts/res0011.tar.gz
2026-03-20 04:27:09,193 - isca - INFO - Writing namelist to '/proj/bolinc/users/x_ryabo/Isca-Ryan_outputs/Earth_1840/run0011/input.nml'
2026-03-20 04:27:09,195 - isca - INFO - Writing field_table to '/proj/bolinc/users/x_ryabo/Isca-Ryan_outputs/Earth_1840/run0011/field_table'
2026-03-20 04:27:09,205 - isca - INFO - Writing diag_table to '/proj/bolinc/users/x_ryabo/Isca-Ryan_outputs/Earth_1840/run0011/diag_table'
2026-03-20 04:27:09,556 - isca - INFO - Emptied run directory '/home/x_ryabo/Isca-Ryan_tmp/experiment/Earth_1840/run'
2026-03-20 04:27:09,578 - isca - INFO - Emptied run directory '/home/x_ryabo/Isca-Ryan_tmp/experiment/Earth_1840/run'
2026-03-20 04:27:09,906 - isca - INFO - Writing namelist to '/home/x_ryabo/Isca-Ryan_tmp/experiment/Earth_1840/run/input.nml'
2026-03-20 04:27:09,908 - isca - INFO - Writing field_table to '/home/x_ryabo/Isca-Ryan_tmp/experiment/Earth_1840/run/field_table'
2026-03-20 04:27:09,919 - isca - INFO - Writing diag_table to '/home/x_ryabo/Isca-Ryan_tmp/experiment/Earth_1840/run/diag_table'
2026-03-20 04:27:09,935 - isca - INFO - Using restart file '/proj/bolinc/users/x_ryabo/Isca-Ryan_outputs/Earth_1840/restarts/res0011.tar.gz'
2026-03-20 04:27:10,357 - isca - INFO - Restart /proj/bolinc/users/x_ryabo/Isca-Ryan_outputs/Earth_1840/restarts/res0011.tar.gz extracted to /home/x_ryabo/Isca-Ryan_tmp/experiment/Earth_1840/run/INPUT
2026-03-20 04:27:10,358 - isca - INFO - Beginning run 12
2026-03-20 04:27:10,369 - isca - INFO - process running as 2530001
2026-03-20 04:27:10,369 - isca - DEBUG - loadmodules for Isca on NSC cluster Tetralith
2026-03-20 04:27:10,369 - isca - DEBUG - mpiifort
2026-03-20 04:27:10,487 - isca - DEBUG - The following modules were not unloaded:
2026-03-20 04:27:10,487 - isca - DEBUG - (Use "module --force purge" to unload all):
2026-03-20 04:27:10,487 - isca - DEBUG - 
2026-03-20 04:27:10,487 - isca - DEBUG - 1) hpc/.1.10.1
2026-03-20 04:27:10,595 - isca - DEBUG - ***************************************************
2026-03-20 04:27:10,595 - isca - DEBUG - You have loaded a buildenv module
2026-03-20 04:27:10,595 - isca - DEBUG - ***************************************************
2026-03-20 04:27:10,595 - isca - DEBUG - The buldenv-intel module makes available:
2026-03-20 04:27:10,595 - isca - DEBUG - - Compilers: icc, ifort, etc.
2026-03-20 04:27:10,595 - isca - DEBUG - - Mpi library with mpi-wrapped compilers: intel mpi with mpicc, mpifort, etc.
2026-03-20 04:27:10,595 - isca - DEBUG - - Numerical libraries: intel MKL
2026-03-20 04:27:10,595 - isca - DEBUG - 
2026-03-20 04:27:10,595 - isca - DEBUG - It also makes a set of dependency library modules available via
2026-03-20 04:27:10,595 - isca - DEBUG - the regular module command. Just do:
2026-03-20 04:27:10,595 - isca - DEBUG - module avail
2026-03-20 04:27:10,595 - isca - DEBUG - to see what is available.
2026-03-20 04:27:10,595 - isca - DEBUG - 
2026-03-20 04:27:10,595 - isca - DEBUG - NOTE: You shoud never load build environments inside submitted jobs.
2026-03-20 04:27:10,595 - isca - DEBUG - (with the single exception of when using supercomputer time to compile code.)
2026-03-20 04:27:10,595 - isca - DEBUG - 
2026-03-20 04:27:11,732 - isca - DEBUG - NOTE from PE    0: MPP_DOMAINS_SET_STACK_SIZE: stack size set to    32768.
2026-03-20 04:27:11,732 - isca - DEBUG - &MPP_IO_NML
2026-03-20 04:27:11,732 - isca - DEBUG - HEADER_BUFFER_VAL       =       16384,
2026-03-20 04:27:11,732 - isca - DEBUG - GLOBAL_FIELD_ON_ROOT_PE = T,
2026-03-20 04:27:11,732 - isca - DEBUG - IO_CLOCKS_ON    = F,
2026-03-20 04:27:11,732 - isca - DEBUG - SHUFFLE =           0,
2026-03-20 04:27:11,732 - isca - DEBUG - DEFLATE_LEVEL   =          -1
2026-03-20 04:27:11,732 - isca - DEBUG - /
2026-03-20 04:27:11,734 - isca - DEBUG - NOTE from PE    0: MPP_IO_SET_STACK_SIZE: stack size set to     131072.
2026-03-20 04:27:11,735 - isca - DEBUG - NOTE from PE    0: MPP_DOMAINS_SET_STACK_SIZE: stack size set to   600000.
2026-03-20 04:27:11,742 - isca - DEBUG - starting            1  OpenMP threads per MPI-task
2026-03-20 04:27:11,744 - isca - DEBUG - ATMOS MODEL DOMAIN DECOMPOSITION
2026-03-20 04:27:11,744 - isca - DEBUG - X-AXIS =  128
2026-03-20 04:27:11,744 - isca - DEBUG - Y-AXIS =    4   4   4   4   4   4   4   4   4   4   4   4   4   4   4   4
2026-03-20 04:27:11,811 - isca - DEBUG - NOTE from PE    0: cloud_simple: Using SimCloud cloud scheme
2026-03-20 04:27:11,812 - isca - DEBUG - NOTE from PE    0: ls_cloud: Using Sundqvist (1989) cloud fraction diagnostic formula.
2026-03-20 04:27:11,812 - isca - DEBUG - NOTE from PE    0: cloud_cover: The cloud overlap assumption is MAXIMUM-RANDOM
2026-03-20 04:27:11,812 - isca - DEBUG - NOTE from PE    0: idealized_moist_phys: Using Frierson Quasi-Equilibrium convection scheme.
2026-03-20 04:27:11,822 - isca - DEBUG - 
2026-03-20 04:27:11,822 - isca - WARNING - WARNING from PE    0: socrates_init: lw_hires_spectral_filename is unset, making equal to lw_spectral_filename
2026-03-20 04:27:11,822 - isca - DEBUG - 
2026-03-20 04:27:11,822 - isca - DEBUG - 
2026-03-20 04:27:11,822 - isca - WARNING - WARNING from PE    0: socrates_init: lw_hires_spectral_filename is unset, making equal to lw_spectral_filename
2026-03-20 04:27:11,822 - isca - DEBUG - 
2026-03-20 04:27:11,822 - isca - DEBUG - 
2026-03-20 04:27:11,822 - isca - WARNING - WARNING from PE    0: socrates_init: sw_hires_spectral_filename is unset, making equal to sw_spectral_filename
2026-03-20 04:27:11,822 - isca - DEBUG - 
2026-03-20 04:27:11,822 - isca - DEBUG - 
2026-03-20 04:27:11,822 - isca - WARNING - WARNING from PE    0: socrates_init: sw_hires_spectral_filename is unset, making equal to sw_spectral_filename
2026-03-20 04:27:11,822 - isca - DEBUG - 
2026-03-20 04:27:13,030 - isca - DEBUG - NOTE from PE    0: Interpolator: Using input file with no time dimension - ozone_1990_notime_zero.nc
2026-03-20 04:27:13,031 - isca - DEBUG - Initializing src field : ozone_1990
2026-03-20 04:27:13,032 - isca - DEBUG - 
2026-03-20 04:27:13,032 - isca - DEBUG - -----------------------------------
2026-03-20 04:27:13,032 - isca - DEBUG - ____                       _
2026-03-20 04:27:13,032 - isca - DEBUG - / ___|  ___   ___ _ __ __ _| |_ ___  ___
2026-03-20 04:27:13,032 - isca - DEBUG - \___ \ / _ \ / __|  __/ _` | __/ _ \/ __|
2026-03-20 04:27:13,032 - isca - DEBUG - ___) | (_) | (__| | | (_| | ||  __/\__ \
2026-03-20 04:27:13,032 - isca - DEBUG - |____/ \___/ \___|_|  \__,_|\__\___||___/
2026-03-20 04:27:13,032 - isca - DEBUG - 
2026-03-20 04:27:13,033 - isca - DEBUG - Initialised Socrates v17.03
2026-03-20 04:27:13,033 - isca - DEBUG - Stellar constant =    1840.00000000000
2026-03-20 04:27:13,033 - isca - DEBUG - Longwave spectral file =
2026-03-20 04:27:13,033 - isca - DEBUG - /proj/bolinc/users/x_ryabo/socrates_edited_for_isca/spectral_files_for_GCMs/Sun
2026-03-20 04:27:13,033 - isca - DEBUG - /miniSuran_lw.sf WITH           16  bands
2026-03-20 04:27:13,033 - isca - DEBUG - Longwave hires spectral file =
2026-03-20 04:27:13,033 - isca - DEBUG - /proj/bolinc/users/x_ryabo/socrates_edited_for_isca/spectral_files_for_GCMs/Sun
2026-03-20 04:27:13,033 - isca - DEBUG - /miniSuran_lw.sf WITH           16  bands
2026-03-20 04:27:13,033 - isca - DEBUG - Shortwave spectral file =
2026-03-20 04:27:13,033 - isca - DEBUG - /proj/bolinc/users/x_ryabo/socrates_edited_for_isca/spectral_files_for_GCMs/Sun
2026-03-20 04:27:13,033 - isca - DEBUG - /miniSuran_sw.sf WITH           16  bands
2026-03-20 04:27:13,033 - isca - DEBUG - Shortwave hires spectral file =
2026-03-20 04:27:13,033 - isca - DEBUG - /proj/bolinc/users/x_ryabo/socrates_edited_for_isca/spectral_files_for_GCMs/Sun
2026-03-20 04:27:13,033 - isca - DEBUG - /miniSuran_sw.sf WITH           16  bands
2026-03-20 04:27:13,033 - isca - DEBUG - 
2026-03-20 04:27:13,033 - isca - DEBUG - -----------------------------------
2026-03-20 04:27:13,033 - isca - DEBUG - 
2026-03-20 04:27:42,965 - isca - DEBUG - Integration completed through    1 Dec  2   0: 0: 0
2026-03-20 04:28:13,270 - isca - DEBUG - Integration completed through    1 Dec  3   0: 0: 0
2026-03-20 04:28:43,180 - isca - DEBUG - Integration completed through    1 Dec  4   0: 0: 0
2026-03-20 04:29:13,553 - isca - DEBUG - Integration completed through    1 Dec  5   0: 0: 0
2026-03-20 04:29:43,470 - isca - DEBUG - Integration completed through    1 Dec  6   0: 0: 0
2026-03-20 04:30:13,822 - isca - DEBUG - Integration completed through    1 Dec  7   0: 0: 0
2026-03-20 04:30:43,714 - isca - DEBUG - Integration completed through    1 Dec  8   0: 0: 0
2026-03-20 04:31:13,663 - isca - DEBUG - Integration completed through    1 Dec  9   0: 0: 0
2026-03-20 04:31:43,569 - isca - DEBUG - Integration completed through    1 Dec 10   0: 0: 0
2026-03-20 04:32:13,620 - isca - DEBUG - Integration completed through    1 Dec 11   0: 0: 0
2026-03-20 04:32:43,544 - isca - DEBUG - Integration completed through    1 Dec 12   0: 0: 0
2026-03-20 04:33:13,616 - isca - DEBUG - Integration completed through    1 Dec 13   0: 0: 0
2026-03-20 04:33:43,584 - isca - DEBUG - Integration completed through    1 Dec 14   0: 0: 0
2026-03-20 04:34:13,645 - isca - DEBUG - Integration completed through    1 Dec 15   0: 0: 0
2026-03-20 04:34:43,623 - isca - DEBUG - Integration completed through    1 Dec 16   0: 0: 0
2026-03-20 04:35:13,716 - isca - DEBUG - Integration completed through    1 Dec 17   0: 0: 0
2026-03-20 04:35:43,674 - isca - DEBUG - Integration completed through    1 Dec 18   0: 0: 0
2026-03-20 04:36:13,744 - isca - DEBUG - Integration completed through    1 Dec 19   0: 0: 0
2026-03-20 04:36:43,691 - isca - DEBUG - Integration completed through    1 Dec 20   0: 0: 0
2026-03-20 04:37:13,741 - isca - DEBUG - Integration completed through    1 Dec 21   0: 0: 0
2026-03-20 04:37:43,692 - isca - DEBUG - Integration completed through    1 Dec 22   0: 0: 0
2026-03-20 04:38:13,720 - isca - DEBUG - Integration completed through    1 Dec 23   0: 0: 0
2026-03-20 04:38:43,685 - isca - DEBUG - Integration completed through    1 Dec 24   0: 0: 0
2026-03-20 04:39:14,062 - isca - DEBUG - Integration completed through    1 Dec 25   0: 0: 0
2026-03-20 04:39:44,078 - isca - DEBUG - Integration completed through    1 Dec 26   0: 0: 0
2026-03-20 04:40:14,098 - isca - DEBUG - Integration completed through    1 Dec 27   0: 0: 0
2026-03-20 04:40:44,078 - isca - DEBUG - Integration completed through    1 Dec 28   0: 0: 0
2026-03-20 04:41:14,136 - isca - DEBUG - Integration completed through    1 Dec 29   0: 0: 0
2026-03-20 04:41:44,138 - isca - DEBUG - Integration completed through    1 Dec 30   0: 0: 0
2026-03-20 04:42:14,200 - isca - DEBUG - Integration completed through    2 Jan  1   0: 0: 0
2026-03-20 04:42:14,208 - isca - DEBUG - 
2026-03-20 04:42:14,209 - isca - WARNING - WARNING from PE    0: diag_util_mod::opening_file: module/field_name (socrates/soc_toa_sw_down_clr) NOT registered
2026-03-20 04:42:14,209 - isca - DEBUG - 
2026-03-20 04:42:14,209 - isca - DEBUG - 
2026-03-20 04:42:14,209 - isca - WARNING - WARNING from PE    0: diag_util_mod::opening_file: module/field_name (socrates/soc_toa_sw_down_clr) NOT registered
2026-03-20 04:42:14,209 - isca - DEBUG - 
2026-03-20 04:42:14,210 - isca - DEBUG - 
2026-03-20 04:42:14,210 - isca - WARNING - WARNING from PE    0: diag_util_mod::opening_file: module/field_name (cloud_simple/rh_min) NOT registered
2026-03-20 04:42:14,210 - isca - DEBUG - 
2026-03-20 04:42:14,210 - isca - DEBUG - 
2026-03-20 04:42:14,210 - isca - WARNING - WARNING from PE    0: diag_util_mod::opening_file: module/field_name (cloud_simple/rh_min) NOT registered
2026-03-20 04:42:14,210 - isca - DEBUG - 
2026-03-20 04:42:14,222 - isca - DEBUG - NOTE from PE    0: MPP_IO_SET_STACK_SIZE: stack size set to     393216.
2026-03-20 04:42:14,329 - isca - DEBUG - MPP_DOMAINS_STACK high water mark=       49152
2026-03-20 04:42:14,330 - isca - DEBUG - 
2026-03-20 04:42:14,330 - isca - DEBUG - Tabulating mpp_clock statistics across     16 PEs...
2026-03-20 04:42:14,330 - isca - DEBUG - 
2026-03-20 04:42:14,330 - isca - DEBUG - tmin          tmax          tavg          tstd  tfrac grain pemin pemax
2026-03-20 04:42:14,330 - isca - DEBUG - Total runtime                       902.595155    902.601167    902.597594      0.001373  1.000     0     0    15
2026-03-20 04:42:14,330 - isca - DEBUG - MPP_STACK high water mark=           0
2026-03-20 04:42:14,446 - isca - INFO - Run 12 complete
2026-03-20 04:42:15,388 - isca - DEBUG - atmos_monthly.nc combined and copied to data directory
2026-03-20 04:42:19,269 - isca - INFO - Restart archive created at /proj/bolinc/users/x_ryabo/Isca-Ryan_outputs/Earth_1840/restarts/res0012.tar.gz
2026-03-20 04:42:19,280 - isca - INFO - Writing namelist to '/proj/bolinc/users/x_ryabo/Isca-Ryan_outputs/Earth_1840/run0012/input.nml'
2026-03-20 04:42:19,282 - isca - INFO - Writing field_table to '/proj/bolinc/users/x_ryabo/Isca-Ryan_outputs/Earth_1840/run0012/field_table'
2026-03-20 04:42:19,292 - isca - INFO - Writing diag_table to '/proj/bolinc/users/x_ryabo/Isca-Ryan_outputs/Earth_1840/run0012/diag_table'
2026-03-20 04:42:19,684 - isca - INFO - Emptied run directory '/home/x_ryabo/Isca-Ryan_tmp/experiment/Earth_1840/run'
2026-03-20 04:42:19,703 - isca - INFO - Emptied run directory '/home/x_ryabo/Isca-Ryan_tmp/experiment/Earth_1840/run'
2026-03-20 04:42:20,031 - isca - INFO - Writing namelist to '/home/x_ryabo/Isca-Ryan_tmp/experiment/Earth_1840/run/input.nml'
2026-03-20 04:42:20,033 - isca - INFO - Writing field_table to '/home/x_ryabo/Isca-Ryan_tmp/experiment/Earth_1840/run/field_table'
2026-03-20 04:42:20,044 - isca - INFO - Writing diag_table to '/home/x_ryabo/Isca-Ryan_tmp/experiment/Earth_1840/run/diag_table'
2026-03-20 04:42:20,057 - isca - INFO - Using restart file '/proj/bolinc/users/x_ryabo/Isca-Ryan_outputs/Earth_1840/restarts/res0012.tar.gz'
2026-03-20 04:42:20,475 - isca - INFO - Restart /proj/bolinc/users/x_ryabo/Isca-Ryan_outputs/Earth_1840/restarts/res0012.tar.gz extracted to /home/x_ryabo/Isca-Ryan_tmp/experiment/Earth_1840/run/INPUT
2026-03-20 04:42:20,476 - isca - INFO - Beginning run 13
2026-03-20 04:42:20,487 - isca - INFO - process running as 2530945
2026-03-20 04:42:20,487 - isca - DEBUG - loadmodules for Isca on NSC cluster Tetralith
2026-03-20 04:42:20,487 - isca - DEBUG - mpiifort
2026-03-20 04:42:20,603 - isca - DEBUG - The following modules were not unloaded:
2026-03-20 04:42:20,603 - isca - DEBUG - (Use "module --force purge" to unload all):
2026-03-20 04:42:20,603 - isca - DEBUG - 
2026-03-20 04:42:20,603 - isca - DEBUG - 1) hpc/.1.10.1
2026-03-20 04:42:20,709 - isca - DEBUG - ***************************************************
2026-03-20 04:42:20,709 - isca - DEBUG - You have loaded a buildenv module
2026-03-20 04:42:20,709 - isca - DEBUG - ***************************************************
2026-03-20 04:42:20,709 - isca - DEBUG - The buldenv-intel module makes available:
2026-03-20 04:42:20,709 - isca - DEBUG - - Compilers: icc, ifort, etc.
2026-03-20 04:42:20,709 - isca - DEBUG - - Mpi library with mpi-wrapped compilers: intel mpi with mpicc, mpifort, etc.
2026-03-20 04:42:20,710 - isca - DEBUG - - Numerical libraries: intel MKL
2026-03-20 04:42:20,710 - isca - DEBUG - 
2026-03-20 04:42:20,710 - isca - DEBUG - It also makes a set of dependency library modules available via
2026-03-20 04:42:20,710 - isca - DEBUG - the regular module command. Just do:
2026-03-20 04:42:20,710 - isca - DEBUG - module avail
2026-03-20 04:42:20,710 - isca - DEBUG - to see what is available.
2026-03-20 04:42:20,710 - isca - DEBUG - 
2026-03-20 04:42:20,710 - isca - DEBUG - NOTE: You shoud never load build environments inside submitted jobs.
2026-03-20 04:42:20,710 - isca - DEBUG - (with the single exception of when using supercomputer time to compile code.)
2026-03-20 04:42:20,710 - isca - DEBUG - 
2026-03-20 04:42:21,979 - isca - DEBUG - NOTE from PE    0: MPP_DOMAINS_SET_STACK_SIZE: stack size set to    32768.
2026-03-20 04:42:21,979 - isca - DEBUG - &MPP_IO_NML
2026-03-20 04:42:21,979 - isca - DEBUG - HEADER_BUFFER_VAL       =       16384,
2026-03-20 04:42:21,979 - isca - DEBUG - GLOBAL_FIELD_ON_ROOT_PE = T,
2026-03-20 04:42:21,979 - isca - DEBUG - IO_CLOCKS_ON    = F,
2026-03-20 04:42:21,979 - isca - DEBUG - SHUFFLE =           0,
2026-03-20 04:42:21,979 - isca - DEBUG - DEFLATE_LEVEL   =          -1
2026-03-20 04:42:21,980 - isca - DEBUG - /
2026-03-20 04:42:21,981 - isca - DEBUG - NOTE from PE    0: MPP_IO_SET_STACK_SIZE: stack size set to     131072.
2026-03-20 04:42:21,982 - isca - DEBUG - NOTE from PE    0: MPP_DOMAINS_SET_STACK_SIZE: stack size set to   600000.
2026-03-20 04:42:21,989 - isca - DEBUG - starting            1  OpenMP threads per MPI-task
2026-03-20 04:42:21,991 - isca - DEBUG - ATMOS MODEL DOMAIN DECOMPOSITION
2026-03-20 04:42:21,991 - isca - DEBUG - X-AXIS =  128
2026-03-20 04:42:21,991 - isca - DEBUG - Y-AXIS =    4   4   4   4   4   4   4   4   4   4   4   4   4   4   4   4
2026-03-20 04:42:22,047 - isca - DEBUG - NOTE from PE    0: cloud_simple: Using SimCloud cloud scheme
2026-03-20 04:42:22,049 - isca - DEBUG - NOTE from PE    0: ls_cloud: Using Sundqvist (1989) cloud fraction diagnostic formula.
2026-03-20 04:42:22,049 - isca - DEBUG - NOTE from PE    0: cloud_cover: The cloud overlap assumption is MAXIMUM-RANDOM
2026-03-20 04:42:22,050 - isca - DEBUG - NOTE from PE    0: idealized_moist_phys: Using Frierson Quasi-Equilibrium convection scheme.
2026-03-20 04:42:22,059 - isca - DEBUG - 
2026-03-20 04:42:22,059 - isca - WARNING - WARNING from PE    0: socrates_init: lw_hires_spectral_filename is unset, making equal to lw_spectral_filename
2026-03-20 04:42:22,059 - isca - DEBUG - 
2026-03-20 04:42:22,059 - isca - DEBUG - 
2026-03-20 04:42:22,059 - isca - WARNING - WARNING from PE    0: socrates_init: lw_hires_spectral_filename is unset, making equal to lw_spectral_filename
2026-03-20 04:42:22,059 - isca - DEBUG - 
2026-03-20 04:42:22,059 - isca - DEBUG - 
2026-03-20 04:42:22,060 - isca - WARNING - WARNING from PE    0: socrates_init: sw_hires_spectral_filename is unset, making equal to sw_spectral_filename
2026-03-20 04:42:22,060 - isca - DEBUG - 
2026-03-20 04:42:22,060 - isca - DEBUG - 
2026-03-20 04:42:22,060 - isca - WARNING - WARNING from PE    0: socrates_init: sw_hires_spectral_filename is unset, making equal to sw_spectral_filename
2026-03-20 04:42:22,060 - isca - DEBUG - 
2026-03-20 04:42:23,283 - isca - DEBUG - NOTE from PE    0: Interpolator: Using input file with no time dimension - ozone_1990_notime_zero.nc
2026-03-20 04:42:23,283 - isca - DEBUG - Initializing src field : ozone_1990
2026-03-20 04:42:23,286 - isca - DEBUG - 
2026-03-20 04:42:23,286 - isca - DEBUG - -----------------------------------
2026-03-20 04:42:23,286 - isca - DEBUG - ____                       _
2026-03-20 04:42:23,286 - isca - DEBUG - / ___|  ___   ___ _ __ __ _| |_ ___  ___
2026-03-20 04:42:23,286 - isca - DEBUG - \___ \ / _ \ / __|  __/ _` | __/ _ \/ __|
2026-03-20 04:42:23,286 - isca - DEBUG - ___) | (_) | (__| | | (_| | ||  __/\__ \
2026-03-20 04:42:23,286 - isca - DEBUG - |____/ \___/ \___|_|  \__,_|\__\___||___/
2026-03-20 04:42:23,286 - isca - DEBUG - 
2026-03-20 04:42:23,287 - isca - DEBUG - Initialised Socrates v17.03
2026-03-20 04:42:23,287 - isca - DEBUG - Stellar constant =    1840.00000000000
2026-03-20 04:42:23,287 - isca - DEBUG - Longwave spectral file =
2026-03-20 04:42:23,287 - isca - DEBUG - /proj/bolinc/users/x_ryabo/socrates_edited_for_isca/spectral_files_for_GCMs/Sun
2026-03-20 04:42:23,287 - isca - DEBUG - /miniSuran_lw.sf WITH           16  bands
2026-03-20 04:42:23,287 - isca - DEBUG - Longwave hires spectral file =
2026-03-20 04:42:23,287 - isca - DEBUG - /proj/bolinc/users/x_ryabo/socrates_edited_for_isca/spectral_files_for_GCMs/Sun
2026-03-20 04:42:23,287 - isca - DEBUG - /miniSuran_lw.sf WITH           16  bands
2026-03-20 04:42:23,288 - isca - DEBUG - Shortwave spectral file =
2026-03-20 04:42:23,288 - isca - DEBUG - /proj/bolinc/users/x_ryabo/socrates_edited_for_isca/spectral_files_for_GCMs/Sun
2026-03-20 04:42:23,288 - isca - DEBUG - /miniSuran_sw.sf WITH           16  bands
2026-03-20 04:42:23,288 - isca - DEBUG - Shortwave hires spectral file =
2026-03-20 04:42:23,288 - isca - DEBUG - /proj/bolinc/users/x_ryabo/socrates_edited_for_isca/spectral_files_for_GCMs/Sun
2026-03-20 04:42:23,288 - isca - DEBUG - /miniSuran_sw.sf WITH           16  bands
2026-03-20 04:42:23,288 - isca - DEBUG - 
2026-03-20 04:42:23,288 - isca - DEBUG - -----------------------------------
2026-03-20 04:42:23,288 - isca - DEBUG - 
2026-03-20 04:42:53,558 - isca - DEBUG - Integration completed through    2 Jan  2   0: 0: 0
2026-03-20 04:43:24,270 - isca - DEBUG - Integration completed through    2 Jan  3   0: 0: 0
2026-03-20 04:43:54,442 - isca - DEBUG - Integration completed through    2 Jan  4   0: 0: 0
2026-03-20 04:44:25,045 - isca - DEBUG - Integration completed through    2 Jan  5   0: 0: 0
2026-03-20 04:44:55,220 - isca - DEBUG - Integration completed through    2 Jan  6   0: 0: 0
2026-03-20 04:45:25,743 - isca - DEBUG - Integration completed through    2 Jan  7   0: 0: 0
2026-03-20 04:45:55,835 - isca - DEBUG - Integration completed through    2 Jan  8   0: 0: 0
2026-03-20 04:46:26,361 - isca - DEBUG - Integration completed through    2 Jan  9   0: 0: 0
2026-03-20 04:46:56,445 - isca - DEBUG - Integration completed through    2 Jan 10   0: 0: 0
2026-03-20 04:47:26,957 - isca - DEBUG - Integration completed through    2 Jan 11   0: 0: 0
2026-03-20 04:47:56,937 - isca - DEBUG - Integration completed through    2 Jan 12   0: 0: 0
2026-03-20 04:48:27,046 - isca - DEBUG - Integration completed through    2 Jan 13   0: 0: 0
2026-03-20 04:48:57,105 - isca - DEBUG - Integration completed through    2 Jan 14   0: 0: 0
2026-03-20 04:49:27,625 - isca - DEBUG - Integration completed through    2 Jan 15   0: 0: 0
2026-03-20 04:49:57,752 - isca - DEBUG - Integration completed through    2 Jan 16   0: 0: 0
2026-03-20 04:50:28,390 - isca - DEBUG - Integration completed through    2 Jan 17   0: 0: 0
2026-03-20 04:50:58,507 - isca - DEBUG - Integration completed through    2 Jan 18   0: 0: 0
2026-03-20 04:51:29,032 - isca - DEBUG - Integration completed through    2 Jan 19   0: 0: 0
2026-03-20 04:51:59,215 - isca - DEBUG - Integration completed through    2 Jan 20   0: 0: 0
2026-03-20 04:52:29,433 - isca - DEBUG - Integration completed through    2 Jan 21   0: 0: 0
2026-03-20 04:52:59,634 - isca - DEBUG - Integration completed through    2 Jan 22   0: 0: 0
2026-03-20 04:53:29,968 - isca - DEBUG - Integration completed through    2 Jan 23   0: 0: 0
2026-03-20 04:54:00,241 - isca - DEBUG - Integration completed through    2 Jan 24   0: 0: 0
2026-03-20 04:54:31,094 - isca - DEBUG - Integration completed through    2 Jan 25   0: 0: 0
2026-03-20 04:55:01,386 - isca - DEBUG - Integration completed through    2 Jan 26   0: 0: 0
2026-03-20 04:55:31,771 - isca - DEBUG - Integration completed through    2 Jan 27   0: 0: 0
2026-03-20 04:56:02,105 - isca - DEBUG - Integration completed through    2 Jan 28   0: 0: 0
2026-03-20 04:56:32,522 - isca - DEBUG - Integration completed through    2 Jan 29   0: 0: 0
2026-03-20 04:57:02,842 - isca - DEBUG - Integration completed through    2 Jan 30   0: 0: 0
2026-03-20 04:57:33,233 - isca - DEBUG - Integration completed through    2 Feb  1   0: 0: 0
2026-03-20 04:57:33,242 - isca - DEBUG - 
2026-03-20 04:57:33,242 - isca - WARNING - WARNING from PE    0: diag_util_mod::opening_file: module/field_name (socrates/soc_toa_sw_down_clr) NOT registered
2026-03-20 04:57:33,242 - isca - DEBUG - 
2026-03-20 04:57:33,242 - isca - DEBUG - 
2026-03-20 04:57:33,242 - isca - WARNING - WARNING from PE    0: diag_util_mod::opening_file: module/field_name (socrates/soc_toa_sw_down_clr) NOT registered
2026-03-20 04:57:33,242 - isca - DEBUG - 
2026-03-20 04:57:33,242 - isca - DEBUG - 
2026-03-20 04:57:33,242 - isca - WARNING - WARNING from PE    0: diag_util_mod::opening_file: module/field_name (cloud_simple/rh_min) NOT registered
2026-03-20 04:57:33,243 - isca - DEBUG - 
2026-03-20 04:57:33,243 - isca - DEBUG - 
2026-03-20 04:57:33,243 - isca - WARNING - WARNING from PE    0: diag_util_mod::opening_file: module/field_name (cloud_simple/rh_min) NOT registered
2026-03-20 04:57:33,243 - isca - DEBUG - 
2026-03-20 04:57:33,253 - isca - DEBUG - NOTE from PE    0: MPP_IO_SET_STACK_SIZE: stack size set to     393216.
2026-03-20 04:57:33,383 - isca - DEBUG - MPP_DOMAINS_STACK high water mark=       49152
2026-03-20 04:57:33,384 - isca - DEBUG - 
2026-03-20 04:57:33,384 - isca - DEBUG - Tabulating mpp_clock statistics across     16 PEs...
2026-03-20 04:57:33,384 - isca - DEBUG - 
2026-03-20 04:57:33,384 - isca - DEBUG - tmin          tmax          tavg          tstd  tfrac grain pemin pemax
2026-03-20 04:57:33,384 - isca - DEBUG - Total runtime                       911.402148    911.407372    911.404840      0.001319  1.000     0     0    15
2026-03-20 04:57:33,384 - isca - DEBUG - MPP_STACK high water mark=           0
2026-03-20 04:57:33,527 - isca - INFO - Run 13 complete
2026-03-20 04:57:34,438 - isca - DEBUG - atmos_monthly.nc combined and copied to data directory
2026-03-20 04:57:38,019 - isca - INFO - Restart archive created at /proj/bolinc/users/x_ryabo/Isca-Ryan_outputs/Earth_1840/restarts/res0013.tar.gz
2026-03-20 04:57:38,031 - isca - INFO - Writing namelist to '/proj/bolinc/users/x_ryabo/Isca-Ryan_outputs/Earth_1840/run0013/input.nml'
2026-03-20 04:57:38,033 - isca - INFO - Writing field_table to '/proj/bolinc/users/x_ryabo/Isca-Ryan_outputs/Earth_1840/run0013/field_table'
2026-03-20 04:57:38,043 - isca - INFO - Writing diag_table to '/proj/bolinc/users/x_ryabo/Isca-Ryan_outputs/Earth_1840/run0013/diag_table'
2026-03-20 04:57:38,419 - isca - INFO - Emptied run directory '/home/x_ryabo/Isca-Ryan_tmp/experiment/Earth_1840/run'
2026-03-20 04:57:38,442 - isca - INFO - Emptied run directory '/home/x_ryabo/Isca-Ryan_tmp/experiment/Earth_1840/run'
2026-03-20 04:57:38,771 - isca - INFO - Writing namelist to '/home/x_ryabo/Isca-Ryan_tmp/experiment/Earth_1840/run/input.nml'
2026-03-20 04:57:38,772 - isca - INFO - Writing field_table to '/home/x_ryabo/Isca-Ryan_tmp/experiment/Earth_1840/run/field_table'
2026-03-20 04:57:38,784 - isca - INFO - Writing diag_table to '/home/x_ryabo/Isca-Ryan_tmp/experiment/Earth_1840/run/diag_table'
2026-03-20 04:57:38,803 - isca - INFO - Using restart file '/proj/bolinc/users/x_ryabo/Isca-Ryan_outputs/Earth_1840/restarts/res0013.tar.gz'
2026-03-20 04:57:39,224 - isca - INFO - Restart /proj/bolinc/users/x_ryabo/Isca-Ryan_outputs/Earth_1840/restarts/res0013.tar.gz extracted to /home/x_ryabo/Isca-Ryan_tmp/experiment/Earth_1840/run/INPUT
2026-03-20 04:57:39,224 - isca - INFO - Beginning run 14
2026-03-20 04:57:39,236 - isca - INFO - process running as 2531874
2026-03-20 04:57:39,236 - isca - DEBUG - loadmodules for Isca on NSC cluster Tetralith
2026-03-20 04:57:39,236 - isca - DEBUG - mpiifort
2026-03-20 04:57:39,352 - isca - DEBUG - The following modules were not unloaded:
2026-03-20 04:57:39,352 - isca - DEBUG - (Use "module --force purge" to unload all):
2026-03-20 04:57:39,352 - isca - DEBUG - 
2026-03-20 04:57:39,352 - isca - DEBUG - 1) hpc/.1.10.1
2026-03-20 04:57:39,460 - isca - DEBUG - ***************************************************
2026-03-20 04:57:39,460 - isca - DEBUG - You have loaded a buildenv module
2026-03-20 04:57:39,460 - isca - DEBUG - ***************************************************
2026-03-20 04:57:39,460 - isca - DEBUG - The buldenv-intel module makes available:
2026-03-20 04:57:39,460 - isca - DEBUG - - Compilers: icc, ifort, etc.
2026-03-20 04:57:39,460 - isca - DEBUG - - Mpi library with mpi-wrapped compilers: intel mpi with mpicc, mpifort, etc.
2026-03-20 04:57:39,460 - isca - DEBUG - - Numerical libraries: intel MKL
2026-03-20 04:57:39,460 - isca - DEBUG - 
2026-03-20 04:57:39,460 - isca - DEBUG - It also makes a set of dependency library modules available via
2026-03-20 04:57:39,460 - isca - DEBUG - the regular module command. Just do:
2026-03-20 04:57:39,460 - isca - DEBUG - module avail
2026-03-20 04:57:39,460 - isca - DEBUG - to see what is available.
2026-03-20 04:57:39,460 - isca - DEBUG - 
2026-03-20 04:57:39,460 - isca - DEBUG - NOTE: You shoud never load build environments inside submitted jobs.
2026-03-20 04:57:39,460 - isca - DEBUG - (with the single exception of when using supercomputer time to compile code.)
2026-03-20 04:57:39,460 - isca - DEBUG - 
2026-03-20 04:57:42,080 - isca - DEBUG - NOTE from PE    0: MPP_DOMAINS_SET_STACK_SIZE: stack size set to    32768.
2026-03-20 04:57:42,081 - isca - DEBUG - &MPP_IO_NML
2026-03-20 04:57:42,081 - isca - DEBUG - HEADER_BUFFER_VAL       =       16384,
2026-03-20 04:57:42,081 - isca - DEBUG - GLOBAL_FIELD_ON_ROOT_PE = T,
2026-03-20 04:57:42,081 - isca - DEBUG - IO_CLOCKS_ON    = F,
2026-03-20 04:57:42,081 - isca - DEBUG - SHUFFLE =           0,
2026-03-20 04:57:42,081 - isca - DEBUG - DEFLATE_LEVEL   =          -1
2026-03-20 04:57:42,081 - isca - DEBUG - /
2026-03-20 04:57:42,082 - isca - DEBUG - NOTE from PE    0: MPP_IO_SET_STACK_SIZE: stack size set to     131072.
2026-03-20 04:57:42,083 - isca - DEBUG - NOTE from PE    0: MPP_DOMAINS_SET_STACK_SIZE: stack size set to   600000.
2026-03-20 04:57:42,091 - isca - DEBUG - starting            1  OpenMP threads per MPI-task
2026-03-20 04:57:42,093 - isca - DEBUG - ATMOS MODEL DOMAIN DECOMPOSITION
2026-03-20 04:57:42,093 - isca - DEBUG - X-AXIS =  128
2026-03-20 04:57:42,093 - isca - DEBUG - Y-AXIS =    4   4   4   4   4   4   4   4   4   4   4   4   4   4   4   4
2026-03-20 04:57:42,151 - isca - DEBUG - NOTE from PE    0: cloud_simple: Using SimCloud cloud scheme
2026-03-20 04:57:42,152 - isca - DEBUG - NOTE from PE    0: ls_cloud: Using Sundqvist (1989) cloud fraction diagnostic formula.
2026-03-20 04:57:42,153 - isca - DEBUG - NOTE from PE    0: cloud_cover: The cloud overlap assumption is MAXIMUM-RANDOM
2026-03-20 04:57:42,153 - isca - DEBUG - NOTE from PE    0: idealized_moist_phys: Using Frierson Quasi-Equilibrium convection scheme.
2026-03-20 04:57:42,162 - isca - DEBUG - 
2026-03-20 04:57:42,162 - isca - WARNING - WARNING from PE    0: socrates_init: lw_hires_spectral_filename is unset, making equal to lw_spectral_filename
2026-03-20 04:57:42,163 - isca - DEBUG - 
2026-03-20 04:57:42,163 - isca - DEBUG - 
2026-03-20 04:57:42,163 - isca - WARNING - WARNING from PE    0: socrates_init: lw_hires_spectral_filename is unset, making equal to lw_spectral_filename
2026-03-20 04:57:42,163 - isca - DEBUG - 
2026-03-20 04:57:42,163 - isca - DEBUG - 
2026-03-20 04:57:42,163 - isca - WARNING - WARNING from PE    0: socrates_init: sw_hires_spectral_filename is unset, making equal to sw_spectral_filename
2026-03-20 04:57:42,163 - isca - DEBUG - 
2026-03-20 04:57:42,163 - isca - DEBUG - 
2026-03-20 04:57:42,163 - isca - WARNING - WARNING from PE    0: socrates_init: sw_hires_spectral_filename is unset, making equal to sw_spectral_filename
2026-03-20 04:57:42,163 - isca - DEBUG - 
2026-03-20 04:57:43,377 - isca - DEBUG - NOTE from PE    0: Interpolator: Using input file with no time dimension - ozone_1990_notime_zero.nc
2026-03-20 04:57:43,377 - isca - DEBUG - Initializing src field : ozone_1990
2026-03-20 04:57:43,380 - isca - DEBUG - 
2026-03-20 04:57:43,380 - isca - DEBUG - -----------------------------------
2026-03-20 04:57:43,380 - isca - DEBUG - ____                       _
2026-03-20 04:57:43,380 - isca - DEBUG - / ___|  ___   ___ _ __ __ _| |_ ___  ___
2026-03-20 04:57:43,380 - isca - DEBUG - \___ \ / _ \ / __|  __/ _` | __/ _ \/ __|
2026-03-20 04:57:43,380 - isca - DEBUG - ___) | (_) | (__| | | (_| | ||  __/\__ \
2026-03-20 04:57:43,380 - isca - DEBUG - |____/ \___/ \___|_|  \__,_|\__\___||___/
2026-03-20 04:57:43,380 - isca - DEBUG - 
2026-03-20 04:57:43,380 - isca - DEBUG - Initialised Socrates v17.03
2026-03-20 04:57:43,380 - isca - DEBUG - Stellar constant =    1840.00000000000
2026-03-20 04:57:43,380 - isca - DEBUG - Longwave spectral file =
2026-03-20 04:57:43,380 - isca - DEBUG - /proj/bolinc/users/x_ryabo/socrates_edited_for_isca/spectral_files_for_GCMs/Sun
2026-03-20 04:57:43,380 - isca - DEBUG - /miniSuran_lw.sf WITH           16  bands
2026-03-20 04:57:43,380 - isca - DEBUG - Longwave hires spectral file =
2026-03-20 04:57:43,380 - isca - DEBUG - /proj/bolinc/users/x_ryabo/socrates_edited_for_isca/spectral_files_for_GCMs/Sun
2026-03-20 04:57:43,380 - isca - DEBUG - /miniSuran_lw.sf WITH           16  bands
2026-03-20 04:57:43,380 - isca - DEBUG - Shortwave spectral file =
2026-03-20 04:57:43,380 - isca - DEBUG - /proj/bolinc/users/x_ryabo/socrates_edited_for_isca/spectral_files_for_GCMs/Sun
2026-03-20 04:57:43,381 - isca - DEBUG - /miniSuran_sw.sf WITH           16  bands
2026-03-20 04:57:43,381 - isca - DEBUG - Shortwave hires spectral file =
2026-03-20 04:57:43,381 - isca - DEBUG - /proj/bolinc/users/x_ryabo/socrates_edited_for_isca/spectral_files_for_GCMs/Sun
2026-03-20 04:57:43,381 - isca - DEBUG - /miniSuran_sw.sf WITH           16  bands
2026-03-20 04:57:43,381 - isca - DEBUG - 
2026-03-20 04:57:43,381 - isca - DEBUG - -----------------------------------
2026-03-20 04:57:43,381 - isca - DEBUG - 
2026-03-20 04:58:14,413 - isca - DEBUG - Integration completed through    2 Feb  2   0: 0: 0
2026-03-20 04:58:45,405 - isca - DEBUG - Integration completed through    2 Feb  3   0: 0: 0
2026-03-20 04:59:16,373 - isca - DEBUG - Integration completed through    2 Feb  4   0: 0: 0
2026-03-20 04:59:47,331 - isca - DEBUG - Integration completed through    2 Feb  5   0: 0: 0
2026-03-20 05:00:18,251 - isca - DEBUG - Integration completed through    2 Feb  6   0: 0: 0
2026-03-20 05:00:49,223 - isca - DEBUG - Integration completed through    2 Feb  7   0: 0: 0
2026-03-20 05:01:20,550 - isca - DEBUG - Integration completed through    2 Feb  8   0: 0: 0
2026-03-20 05:01:51,523 - isca - DEBUG - Integration completed through    2 Feb  9   0: 0: 0
2026-03-20 05:02:23,025 - isca - DEBUG - Integration completed through    2 Feb 10   0: 0: 0
2026-03-20 05:02:54,056 - isca - DEBUG - Integration completed through    2 Feb 11   0: 0: 0
2026-03-20 05:03:25,083 - isca - DEBUG - Integration completed through    2 Feb 12   0: 0: 0
2026-03-20 05:03:56,139 - isca - DEBUG - Integration completed through    2 Feb 13   0: 0: 0
2026-03-20 05:04:27,206 - isca - DEBUG - Integration completed through    2 Feb 14   0: 0: 0
2026-03-20 05:04:58,330 - isca - DEBUG - Integration completed through    2 Feb 15   0: 0: 0
2026-03-20 05:05:29,832 - isca - DEBUG - Integration completed through    2 Feb 16   0: 0: 0
2026-03-20 05:06:00,990 - isca - DEBUG - Integration completed through    2 Feb 17   0: 0: 0
2026-03-20 05:06:32,063 - isca - DEBUG - Integration completed through    2 Feb 18   0: 0: 0
2026-03-20 05:07:03,184 - isca - DEBUG - Integration completed through    2 Feb 19   0: 0: 0
2026-03-20 05:07:34,718 - isca - DEBUG - Integration completed through    2 Feb 20   0: 0: 0
2026-03-20 05:08:05,904 - isca - DEBUG - Integration completed through    2 Feb 21   0: 0: 0
2026-03-20 05:08:37,525 - isca - DEBUG - Integration completed through    2 Feb 22   0: 0: 0
2026-03-20 05:09:08,685 - isca - DEBUG - Integration completed through    2 Feb 23   0: 0: 0
2026-03-20 05:09:40,324 - isca - DEBUG - Integration completed through    2 Feb 24   0: 0: 0
2026-03-20 05:10:11,438 - isca - DEBUG - Integration completed through    2 Feb 25   0: 0: 0
2026-03-20 05:10:42,641 - isca - DEBUG - Integration completed through    2 Feb 26   0: 0: 0
2026-03-20 05:11:13,693 - isca - DEBUG - Integration completed through    2 Feb 27   0: 0: 0
2026-03-20 05:11:44,767 - isca - DEBUG - Integration completed through    2 Feb 28   0: 0: 0
2026-03-20 05:12:15,847 - isca - DEBUG - Integration completed through    2 Feb 29   0: 0: 0
2026-03-20 05:12:46,904 - isca - DEBUG - Integration completed through    2 Feb 30   0: 0: 0
2026-03-20 05:13:17,971 - isca - DEBUG - Integration completed through    2 Mar  1   0: 0: 0
2026-03-20 05:13:17,980 - isca - DEBUG - 
2026-03-20 05:13:17,980 - isca - WARNING - WARNING from PE    0: diag_util_mod::opening_file: module/field_name (socrates/soc_toa_sw_down_clr) NOT registered
2026-03-20 05:13:17,980 - isca - DEBUG - 
2026-03-20 05:13:17,980 - isca - DEBUG - 
2026-03-20 05:13:17,980 - isca - WARNING - WARNING from PE    0: diag_util_mod::opening_file: module/field_name (socrates/soc_toa_sw_down_clr) NOT registered
2026-03-20 05:13:17,980 - isca - DEBUG - 
2026-03-20 05:13:17,980 - isca - DEBUG - 
2026-03-20 05:13:17,980 - isca - WARNING - WARNING from PE    0: diag_util_mod::opening_file: module/field_name (cloud_simple/rh_min) NOT registered
2026-03-20 05:13:17,980 - isca - DEBUG - 
2026-03-20 05:13:17,980 - isca - DEBUG - 
2026-03-20 05:13:17,980 - isca - WARNING - WARNING from PE    0: diag_util_mod::opening_file: module/field_name (cloud_simple/rh_min) NOT registered
2026-03-20 05:13:17,981 - isca - DEBUG - 
2026-03-20 05:13:17,991 - isca - DEBUG - NOTE from PE    0: MPP_IO_SET_STACK_SIZE: stack size set to     393216.
2026-03-20 05:13:18,100 - isca - DEBUG - MPP_DOMAINS_STACK high water mark=       49152
2026-03-20 05:13:18,101 - isca - DEBUG - 
2026-03-20 05:13:18,101 - isca - DEBUG - Tabulating mpp_clock statistics across     16 PEs...
2026-03-20 05:13:18,101 - isca - DEBUG - 
2026-03-20 05:13:18,101 - isca - DEBUG - tmin          tmax          tavg          tstd  tfrac grain pemin pemax
2026-03-20 05:13:18,101 - isca - DEBUG - Total runtime                       936.018999    936.023403    936.020923      0.001290  1.000     0     0    15
2026-03-20 05:13:18,101 - isca - DEBUG - MPP_STACK high water mark=           0
2026-03-20 05:13:18,160 - isca - INFO - Run 14 complete
2026-03-20 05:13:19,135 - isca - DEBUG - atmos_monthly.nc combined and copied to data directory
2026-03-20 05:13:22,451 - isca - INFO - Restart archive created at /proj/bolinc/users/x_ryabo/Isca-Ryan_outputs/Earth_1840/restarts/res0014.tar.gz
2026-03-20 05:13:22,463 - isca - INFO - Writing namelist to '/proj/bolinc/users/x_ryabo/Isca-Ryan_outputs/Earth_1840/run0014/input.nml'
2026-03-20 05:13:22,465 - isca - INFO - Writing field_table to '/proj/bolinc/users/x_ryabo/Isca-Ryan_outputs/Earth_1840/run0014/field_table'
2026-03-20 05:13:22,475 - isca - INFO - Writing diag_table to '/proj/bolinc/users/x_ryabo/Isca-Ryan_outputs/Earth_1840/run0014/diag_table'
2026-03-20 05:13:22,828 - isca - INFO - Emptied run directory '/home/x_ryabo/Isca-Ryan_tmp/experiment/Earth_1840/run'
2026-03-20 05:13:22,848 - isca - INFO - Emptied run directory '/home/x_ryabo/Isca-Ryan_tmp/experiment/Earth_1840/run'
2026-03-20 05:13:23,178 - isca - INFO - Writing namelist to '/home/x_ryabo/Isca-Ryan_tmp/experiment/Earth_1840/run/input.nml'
2026-03-20 05:13:23,179 - isca - INFO - Writing field_table to '/home/x_ryabo/Isca-Ryan_tmp/experiment/Earth_1840/run/field_table'
2026-03-20 05:13:23,191 - isca - INFO - Writing diag_table to '/home/x_ryabo/Isca-Ryan_tmp/experiment/Earth_1840/run/diag_table'
2026-03-20 05:13:23,204 - isca - INFO - Using restart file '/proj/bolinc/users/x_ryabo/Isca-Ryan_outputs/Earth_1840/restarts/res0014.tar.gz'
2026-03-20 05:13:23,622 - isca - INFO - Restart /proj/bolinc/users/x_ryabo/Isca-Ryan_outputs/Earth_1840/restarts/res0014.tar.gz extracted to /home/x_ryabo/Isca-Ryan_tmp/experiment/Earth_1840/run/INPUT
2026-03-20 05:13:23,622 - isca - INFO - Beginning run 15
2026-03-20 05:13:23,642 - isca - INFO - process running as 2532888
2026-03-20 05:13:23,642 - isca - DEBUG - loadmodules for Isca on NSC cluster Tetralith
2026-03-20 05:13:23,642 - isca - DEBUG - mpiifort
2026-03-20 05:13:23,750 - isca - DEBUG - The following modules were not unloaded:
2026-03-20 05:13:23,751 - isca - DEBUG - (Use "module --force purge" to unload all):
2026-03-20 05:13:23,751 - isca - DEBUG - 
2026-03-20 05:13:23,751 - isca - DEBUG - 1) hpc/.1.10.1
2026-03-20 05:13:23,857 - isca - DEBUG - ***************************************************
2026-03-20 05:13:23,857 - isca - DEBUG - You have loaded a buildenv module
2026-03-20 05:13:23,857 - isca - DEBUG - ***************************************************
2026-03-20 05:13:23,857 - isca - DEBUG - The buldenv-intel module makes available:
2026-03-20 05:13:23,857 - isca - DEBUG - - Compilers: icc, ifort, etc.
2026-03-20 05:13:23,857 - isca - DEBUG - - Mpi library with mpi-wrapped compilers: intel mpi with mpicc, mpifort, etc.
2026-03-20 05:13:23,857 - isca - DEBUG - - Numerical libraries: intel MKL
2026-03-20 05:13:23,857 - isca - DEBUG - 
2026-03-20 05:13:23,857 - isca - DEBUG - It also makes a set of dependency library modules available via
2026-03-20 05:13:23,857 - isca - DEBUG - the regular module command. Just do:
2026-03-20 05:13:23,857 - isca - DEBUG - module avail
2026-03-20 05:13:23,857 - isca - DEBUG - to see what is available.
2026-03-20 05:13:23,857 - isca - DEBUG - 
2026-03-20 05:13:23,857 - isca - DEBUG - NOTE: You shoud never load build environments inside submitted jobs.
2026-03-20 05:13:23,857 - isca - DEBUG - (with the single exception of when using supercomputer time to compile code.)
2026-03-20 05:13:23,857 - isca - DEBUG - 
2026-03-20 05:13:25,208 - isca - DEBUG - NOTE from PE    0: MPP_DOMAINS_SET_STACK_SIZE: stack size set to    32768.
2026-03-20 05:13:25,208 - isca - DEBUG - &MPP_IO_NML
2026-03-20 05:13:25,208 - isca - DEBUG - HEADER_BUFFER_VAL       =       16384,
2026-03-20 05:13:25,209 - isca - DEBUG - GLOBAL_FIELD_ON_ROOT_PE = T,
2026-03-20 05:13:25,209 - isca - DEBUG - IO_CLOCKS_ON    = F,
2026-03-20 05:13:25,209 - isca - DEBUG - SHUFFLE =           0,
2026-03-20 05:13:25,209 - isca - DEBUG - DEFLATE_LEVEL   =          -1
2026-03-20 05:13:25,209 - isca - DEBUG - /
2026-03-20 05:13:25,210 - isca - DEBUG - NOTE from PE    0: MPP_IO_SET_STACK_SIZE: stack size set to     131072.
2026-03-20 05:13:25,211 - isca - DEBUG - NOTE from PE    0: MPP_DOMAINS_SET_STACK_SIZE: stack size set to   600000.
2026-03-20 05:13:25,218 - isca - DEBUG - starting            1  OpenMP threads per MPI-task
2026-03-20 05:13:25,220 - isca - DEBUG - ATMOS MODEL DOMAIN DECOMPOSITION
2026-03-20 05:13:25,221 - isca - DEBUG - X-AXIS =  128
2026-03-20 05:13:25,221 - isca - DEBUG - Y-AXIS =    4   4   4   4   4   4   4   4   4   4   4   4   4   4   4   4
2026-03-20 05:13:25,278 - isca - DEBUG - NOTE from PE    0: cloud_simple: Using SimCloud cloud scheme
2026-03-20 05:13:25,279 - isca - DEBUG - NOTE from PE    0: ls_cloud: Using Sundqvist (1989) cloud fraction diagnostic formula.
2026-03-20 05:13:25,280 - isca - DEBUG - NOTE from PE    0: cloud_cover: The cloud overlap assumption is MAXIMUM-RANDOM
2026-03-20 05:13:25,280 - isca - DEBUG - NOTE from PE    0: idealized_moist_phys: Using Frierson Quasi-Equilibrium convection scheme.
2026-03-20 05:13:25,289 - isca - DEBUG - 
2026-03-20 05:13:25,289 - isca - WARNING - WARNING from PE    0: socrates_init: lw_hires_spectral_filename is unset, making equal to lw_spectral_filename
2026-03-20 05:13:25,289 - isca - DEBUG - 
2026-03-20 05:13:25,289 - isca - DEBUG - 
2026-03-20 05:13:25,289 - isca - WARNING - WARNING from PE    0: socrates_init: lw_hires_spectral_filename is unset, making equal to lw_spectral_filename
2026-03-20 05:13:25,289 - isca - DEBUG - 
2026-03-20 05:13:25,289 - isca - DEBUG - 
2026-03-20 05:13:25,289 - isca - WARNING - WARNING from PE    0: socrates_init: sw_hires_spectral_filename is unset, making equal to sw_spectral_filename
2026-03-20 05:13:25,289 - isca - DEBUG - 
2026-03-20 05:13:25,289 - isca - DEBUG - 
2026-03-20 05:13:25,289 - isca - WARNING - WARNING from PE    0: socrates_init: sw_hires_spectral_filename is unset, making equal to sw_spectral_filename
2026-03-20 05:13:25,289 - isca - DEBUG - 
2026-03-20 05:13:26,494 - isca - DEBUG - NOTE from PE    0: Interpolator: Using input file with no time dimension - ozone_1990_notime_zero.nc
2026-03-20 05:13:26,494 - isca - DEBUG - Initializing src field : ozone_1990
2026-03-20 05:13:26,496 - isca - DEBUG - 
2026-03-20 05:13:26,496 - isca - DEBUG - -----------------------------------
2026-03-20 05:13:26,496 - isca - DEBUG - ____                       _
2026-03-20 05:13:26,496 - isca - DEBUG - / ___|  ___   ___ _ __ __ _| |_ ___  ___
2026-03-20 05:13:26,496 - isca - DEBUG - \___ \ / _ \ / __|  __/ _` | __/ _ \/ __|
2026-03-20 05:13:26,496 - isca - DEBUG - ___) | (_) | (__| | | (_| | ||  __/\__ \
2026-03-20 05:13:26,496 - isca - DEBUG - |____/ \___/ \___|_|  \__,_|\__\___||___/
2026-03-20 05:13:26,496 - isca - DEBUG - 
2026-03-20 05:13:26,496 - isca - DEBUG - Initialised Socrates v17.03
2026-03-20 05:13:26,496 - isca - DEBUG - Stellar constant =    1840.00000000000
2026-03-20 05:13:26,496 - isca - DEBUG - Longwave spectral file =
2026-03-20 05:13:26,496 - isca - DEBUG - /proj/bolinc/users/x_ryabo/socrates_edited_for_isca/spectral_files_for_GCMs/Sun
2026-03-20 05:13:26,496 - isca - DEBUG - /miniSuran_lw.sf WITH           16  bands
2026-03-20 05:13:26,496 - isca - DEBUG - Longwave hires spectral file =
2026-03-20 05:13:26,496 - isca - DEBUG - /proj/bolinc/users/x_ryabo/socrates_edited_for_isca/spectral_files_for_GCMs/Sun
2026-03-20 05:13:26,497 - isca - DEBUG - /miniSuran_lw.sf WITH           16  bands
2026-03-20 05:13:26,497 - isca - DEBUG - Shortwave spectral file =
2026-03-20 05:13:26,497 - isca - DEBUG - /proj/bolinc/users/x_ryabo/socrates_edited_for_isca/spectral_files_for_GCMs/Sun
2026-03-20 05:13:26,497 - isca - DEBUG - /miniSuran_sw.sf WITH           16  bands
2026-03-20 05:13:26,497 - isca - DEBUG - Shortwave hires spectral file =
2026-03-20 05:13:26,497 - isca - DEBUG - /proj/bolinc/users/x_ryabo/socrates_edited_for_isca/spectral_files_for_GCMs/Sun
2026-03-20 05:13:26,497 - isca - DEBUG - /miniSuran_sw.sf WITH           16  bands
2026-03-20 05:13:26,497 - isca - DEBUG - 
2026-03-20 05:13:26,497 - isca - DEBUG - -----------------------------------
2026-03-20 05:13:26,497 - isca - DEBUG - 
2026-03-20 05:13:57,020 - isca - DEBUG - Integration completed through    2 Mar  2   0: 0: 0
2026-03-20 05:14:27,800 - isca - DEBUG - Integration completed through    2 Mar  3   0: 0: 0
2026-03-20 05:14:58,209 - isca - DEBUG - Integration completed through    2 Mar  4   0: 0: 0
2026-03-20 05:15:28,668 - isca - DEBUG - Integration completed through    2 Mar  5   0: 0: 0
2026-03-20 05:15:59,150 - isca - DEBUG - Integration completed through    2 Mar  6   0: 0: 0
2026-03-20 05:16:29,664 - isca - DEBUG - Integration completed through    2 Mar  7   0: 0: 0
2026-03-20 05:17:00,218 - isca - DEBUG - Integration completed through    2 Mar  8   0: 0: 0
2026-03-20 05:17:31,252 - isca - DEBUG - Integration completed through    2 Mar  9   0: 0: 0
2026-03-20 05:18:01,833 - isca - DEBUG - Integration completed through    2 Mar 10   0: 0: 0
2026-03-20 05:18:32,844 - isca - DEBUG - Integration completed through    2 Mar 11   0: 0: 0
2026-03-20 05:19:03,321 - isca - DEBUG - Integration completed through    2 Mar 12   0: 0: 0
2026-03-20 05:19:34,172 - isca - DEBUG - Integration completed through    2 Mar 13   0: 0: 0
2026-03-20 05:20:04,655 - isca - DEBUG - Integration completed through    2 Mar 14   0: 0: 0
2026-03-20 05:20:35,528 - isca - DEBUG - Integration completed through    2 Mar 15   0: 0: 0
2026-03-20 05:21:06,052 - isca - DEBUG - Integration completed through    2 Mar 16   0: 0: 0
2026-03-20 05:21:36,639 - isca - DEBUG - Integration completed through    2 Mar 17   0: 0: 0
2026-03-20 05:22:07,247 - isca - DEBUG - Integration completed through    2 Mar 18   0: 0: 0
2026-03-20 05:22:37,885 - isca - DEBUG - Integration completed through    2 Mar 19   0: 0: 0
2026-03-20 05:23:08,537 - isca - DEBUG - Integration completed through    2 Mar 20   0: 0: 0
2026-03-20 05:23:39,153 - isca - DEBUG - Integration completed through    2 Mar 21   0: 0: 0
2026-03-20 05:24:09,766 - isca - DEBUG - Integration completed through    2 Mar 22   0: 0: 0
2026-03-20 05:24:40,425 - isca - DEBUG - Integration completed through    2 Mar 23   0: 0: 0
2026-03-20 05:25:11,027 - isca - DEBUG - Integration completed through    2 Mar 24   0: 0: 0
2026-03-20 05:25:41,671 - isca - DEBUG - Integration completed through    2 Mar 25   0: 0: 0
2026-03-20 05:26:12,270 - isca - DEBUG - Integration completed through    2 Mar 26   0: 0: 0
2026-03-20 05:26:42,837 - isca - DEBUG - Integration completed through    2 Mar 27   0: 0: 0
2026-03-20 05:27:13,367 - isca - DEBUG - Integration completed through    2 Mar 28   0: 0: 0
2026-03-20 05:27:43,905 - isca - DEBUG - Integration completed through    2 Mar 29   0: 0: 0
2026-03-20 05:28:14,480 - isca - DEBUG - Integration completed through    2 Mar 30   0: 0: 0
2026-03-20 05:28:45,013 - isca - DEBUG - Integration completed through    2 Apr  1   0: 0: 0
2026-03-20 05:28:45,022 - isca - DEBUG - 
2026-03-20 05:28:45,022 - isca - WARNING - WARNING from PE    0: diag_util_mod::opening_file: module/field_name (socrates/soc_toa_sw_down_clr) NOT registered
2026-03-20 05:28:45,022 - isca - DEBUG - 
2026-03-20 05:28:45,022 - isca - DEBUG - 
2026-03-20 05:28:45,022 - isca - WARNING - WARNING from PE    0: diag_util_mod::opening_file: module/field_name (socrates/soc_toa_sw_down_clr) NOT registered
2026-03-20 05:28:45,022 - isca - DEBUG - 
2026-03-20 05:28:45,022 - isca - DEBUG - 
2026-03-20 05:28:45,022 - isca - WARNING - WARNING from PE    0: diag_util_mod::opening_file: module/field_name (cloud_simple/rh_min) NOT registered
2026-03-20 05:28:45,023 - isca - DEBUG - 
2026-03-20 05:28:45,023 - isca - DEBUG - 
2026-03-20 05:28:45,023 - isca - WARNING - WARNING from PE    0: diag_util_mod::opening_file: module/field_name (cloud_simple/rh_min) NOT registered
2026-03-20 05:28:45,023 - isca - DEBUG - 
2026-03-20 05:28:45,034 - isca - DEBUG - NOTE from PE    0: MPP_IO_SET_STACK_SIZE: stack size set to     393216.
2026-03-20 05:28:45,316 - isca - DEBUG - MPP_DOMAINS_STACK high water mark=       49152
2026-03-20 05:28:45,316 - isca - DEBUG - 
2026-03-20 05:28:45,316 - isca - DEBUG - Tabulating mpp_clock statistics across     16 PEs...
2026-03-20 05:28:45,316 - isca - DEBUG - 
2026-03-20 05:28:45,316 - isca - DEBUG - tmin          tmax          tavg          tstd  tfrac grain pemin pemax
2026-03-20 05:28:45,317 - isca - DEBUG - Total runtime                       920.106224    920.110735    920.108540      0.001465  1.000     0     0    15
2026-03-20 05:28:45,317 - isca - DEBUG - MPP_STACK high water mark=           0
2026-03-20 05:28:45,443 - isca - INFO - Run 15 complete
2026-03-20 05:28:46,691 - isca - DEBUG - atmos_monthly.nc combined and copied to data directory
2026-03-20 05:28:49,934 - isca - INFO - Restart archive created at /proj/bolinc/users/x_ryabo/Isca-Ryan_outputs/Earth_1840/restarts/res0015.tar.gz
2026-03-20 05:28:49,946 - isca - INFO - Writing namelist to '/proj/bolinc/users/x_ryabo/Isca-Ryan_outputs/Earth_1840/run0015/input.nml'
2026-03-20 05:28:49,948 - isca - INFO - Writing field_table to '/proj/bolinc/users/x_ryabo/Isca-Ryan_outputs/Earth_1840/run0015/field_table'
2026-03-20 05:28:49,958 - isca - INFO - Writing diag_table to '/proj/bolinc/users/x_ryabo/Isca-Ryan_outputs/Earth_1840/run0015/diag_table'
2026-03-20 05:28:50,337 - isca - INFO - Emptied run directory '/home/x_ryabo/Isca-Ryan_tmp/experiment/Earth_1840/run'
2026-03-20 05:28:50,356 - isca - INFO - Emptied run directory '/home/x_ryabo/Isca-Ryan_tmp/experiment/Earth_1840/run'
2026-03-20 05:28:50,698 - isca - INFO - Writing namelist to '/home/x_ryabo/Isca-Ryan_tmp/experiment/Earth_1840/run/input.nml'
2026-03-20 05:28:50,700 - isca - INFO - Writing field_table to '/home/x_ryabo/Isca-Ryan_tmp/experiment/Earth_1840/run/field_table'
2026-03-20 05:28:50,715 - isca - INFO - Writing diag_table to '/home/x_ryabo/Isca-Ryan_tmp/experiment/Earth_1840/run/diag_table'
2026-03-20 05:28:50,728 - isca - INFO - Using restart file '/proj/bolinc/users/x_ryabo/Isca-Ryan_outputs/Earth_1840/restarts/res0015.tar.gz'
2026-03-20 05:28:51,149 - isca - INFO - Restart /proj/bolinc/users/x_ryabo/Isca-Ryan_outputs/Earth_1840/restarts/res0015.tar.gz extracted to /home/x_ryabo/Isca-Ryan_tmp/experiment/Earth_1840/run/INPUT
2026-03-20 05:28:51,149 - isca - INFO - Beginning run 16
2026-03-20 05:28:51,161 - isca - INFO - process running as 2533764
2026-03-20 05:28:51,161 - isca - DEBUG - loadmodules for Isca on NSC cluster Tetralith
2026-03-20 05:28:51,161 - isca - DEBUG - mpiifort
2026-03-20 05:28:51,277 - isca - DEBUG - The following modules were not unloaded:
2026-03-20 05:28:51,277 - isca - DEBUG - (Use "module --force purge" to unload all):
2026-03-20 05:28:51,277 - isca - DEBUG - 
2026-03-20 05:28:51,277 - isca - DEBUG - 1) hpc/.1.10.1
2026-03-20 05:28:51,386 - isca - DEBUG - ***************************************************
2026-03-20 05:28:51,387 - isca - DEBUG - You have loaded a buildenv module
2026-03-20 05:28:51,387 - isca - DEBUG - ***************************************************
2026-03-20 05:28:51,387 - isca - DEBUG - The buldenv-intel module makes available:
2026-03-20 05:28:51,387 - isca - DEBUG - - Compilers: icc, ifort, etc.
2026-03-20 05:28:51,387 - isca - DEBUG - - Mpi library with mpi-wrapped compilers: intel mpi with mpicc, mpifort, etc.
2026-03-20 05:28:51,387 - isca - DEBUG - - Numerical libraries: intel MKL
2026-03-20 05:28:51,387 - isca - DEBUG - 
2026-03-20 05:28:51,387 - isca - DEBUG - It also makes a set of dependency library modules available via
2026-03-20 05:28:51,387 - isca - DEBUG - the regular module command. Just do:
2026-03-20 05:28:51,387 - isca - DEBUG - module avail
2026-03-20 05:28:51,387 - isca - DEBUG - to see what is available.
2026-03-20 05:28:51,387 - isca - DEBUG - 
2026-03-20 05:28:51,387 - isca - DEBUG - NOTE: You shoud never load build environments inside submitted jobs.
2026-03-20 05:28:51,387 - isca - DEBUG - (with the single exception of when using supercomputer time to compile code.)
2026-03-20 05:28:51,387 - isca - DEBUG - 
2026-03-20 05:28:52,517 - isca - DEBUG - NOTE from PE    0: MPP_DOMAINS_SET_STACK_SIZE: stack size set to    32768.
2026-03-20 05:28:52,517 - isca - DEBUG - &MPP_IO_NML
2026-03-20 05:28:52,517 - isca - DEBUG - HEADER_BUFFER_VAL       =       16384,
2026-03-20 05:28:52,517 - isca - DEBUG - GLOBAL_FIELD_ON_ROOT_PE = T,
2026-03-20 05:28:52,517 - isca - DEBUG - IO_CLOCKS_ON    = F,
2026-03-20 05:28:52,517 - isca - DEBUG - SHUFFLE =           0,
2026-03-20 05:28:52,517 - isca - DEBUG - DEFLATE_LEVEL   =          -1
2026-03-20 05:28:52,517 - isca - DEBUG - /
2026-03-20 05:28:52,519 - isca - DEBUG - NOTE from PE    0: MPP_IO_SET_STACK_SIZE: stack size set to     131072.
2026-03-20 05:28:52,520 - isca - DEBUG - NOTE from PE    0: MPP_DOMAINS_SET_STACK_SIZE: stack size set to   600000.
2026-03-20 05:28:52,527 - isca - DEBUG - starting            1  OpenMP threads per MPI-task
2026-03-20 05:28:52,529 - isca - DEBUG - ATMOS MODEL DOMAIN DECOMPOSITION
2026-03-20 05:28:52,529 - isca - DEBUG - X-AXIS =  128
2026-03-20 05:28:52,529 - isca - DEBUG - Y-AXIS =    4   4   4   4   4   4   4   4   4   4   4   4   4   4   4   4
2026-03-20 05:28:52,589 - isca - DEBUG - NOTE from PE    0: cloud_simple: Using SimCloud cloud scheme
2026-03-20 05:28:52,591 - isca - DEBUG - NOTE from PE    0: ls_cloud: Using Sundqvist (1989) cloud fraction diagnostic formula.
2026-03-20 05:28:52,591 - isca - DEBUG - NOTE from PE    0: cloud_cover: The cloud overlap assumption is MAXIMUM-RANDOM
2026-03-20 05:28:52,591 - isca - DEBUG - NOTE from PE    0: idealized_moist_phys: Using Frierson Quasi-Equilibrium convection scheme.
2026-03-20 05:28:52,600 - isca - DEBUG - 
2026-03-20 05:28:52,600 - isca - WARNING - WARNING from PE    0: socrates_init: lw_hires_spectral_filename is unset, making equal to lw_spectral_filename
2026-03-20 05:28:52,600 - isca - DEBUG - 
2026-03-20 05:28:52,600 - isca - DEBUG - 
2026-03-20 05:28:52,600 - isca - WARNING - WARNING from PE    0: socrates_init: lw_hires_spectral_filename is unset, making equal to lw_spectral_filename
2026-03-20 05:28:52,600 - isca - DEBUG - 
2026-03-20 05:28:52,601 - isca - DEBUG - 
2026-03-20 05:28:52,601 - isca - WARNING - WARNING from PE    0: socrates_init: sw_hires_spectral_filename is unset, making equal to sw_spectral_filename
2026-03-20 05:28:52,601 - isca - DEBUG - 
2026-03-20 05:28:52,601 - isca - DEBUG - 
2026-03-20 05:28:52,601 - isca - WARNING - WARNING from PE    0: socrates_init: sw_hires_spectral_filename is unset, making equal to sw_spectral_filename
2026-03-20 05:28:52,601 - isca - DEBUG - 
2026-03-20 05:28:53,817 - isca - DEBUG - NOTE from PE    0: Interpolator: Using input file with no time dimension - ozone_1990_notime_zero.nc
2026-03-20 05:28:53,817 - isca - DEBUG - Initializing src field : ozone_1990
2026-03-20 05:28:53,819 - isca - DEBUG - 
2026-03-20 05:28:53,819 - isca - DEBUG - -----------------------------------
2026-03-20 05:28:53,819 - isca - DEBUG - ____                       _
2026-03-20 05:28:53,819 - isca - DEBUG - / ___|  ___   ___ _ __ __ _| |_ ___  ___
2026-03-20 05:28:53,819 - isca - DEBUG - \___ \ / _ \ / __|  __/ _` | __/ _ \/ __|
2026-03-20 05:28:53,819 - isca - DEBUG - ___) | (_) | (__| | | (_| | ||  __/\__ \
2026-03-20 05:28:53,819 - isca - DEBUG - |____/ \___/ \___|_|  \__,_|\__\___||___/
2026-03-20 05:28:53,819 - isca - DEBUG - 
2026-03-20 05:28:53,819 - isca - DEBUG - Initialised Socrates v17.03
2026-03-20 05:28:53,819 - isca - DEBUG - Stellar constant =    1840.00000000000
2026-03-20 05:28:53,819 - isca - DEBUG - Longwave spectral file =
2026-03-20 05:28:53,820 - isca - DEBUG - /proj/bolinc/users/x_ryabo/socrates_edited_for_isca/spectral_files_for_GCMs/Sun
2026-03-20 05:28:53,820 - isca - DEBUG - /miniSuran_lw.sf WITH           16  bands
2026-03-20 05:28:53,820 - isca - DEBUG - Longwave hires spectral file =
2026-03-20 05:28:53,820 - isca - DEBUG - /proj/bolinc/users/x_ryabo/socrates_edited_for_isca/spectral_files_for_GCMs/Sun
2026-03-20 05:28:53,820 - isca - DEBUG - /miniSuran_lw.sf WITH           16  bands
2026-03-20 05:28:53,820 - isca - DEBUG - Shortwave spectral file =
2026-03-20 05:28:53,820 - isca - DEBUG - /proj/bolinc/users/x_ryabo/socrates_edited_for_isca/spectral_files_for_GCMs/Sun
2026-03-20 05:28:53,820 - isca - DEBUG - /miniSuran_sw.sf WITH           16  bands
2026-03-20 05:28:53,820 - isca - DEBUG - Shortwave hires spectral file =
2026-03-20 05:28:53,820 - isca - DEBUG - /proj/bolinc/users/x_ryabo/socrates_edited_for_isca/spectral_files_for_GCMs/Sun
2026-03-20 05:28:53,820 - isca - DEBUG - /miniSuran_sw.sf WITH           16  bands
2026-03-20 05:28:53,820 - isca - DEBUG - 
2026-03-20 05:28:53,820 - isca - DEBUG - -----------------------------------
2026-03-20 05:28:53,820 - isca - DEBUG - 
2026-03-20 05:29:24,441 - isca - DEBUG - Integration completed through    2 Apr  2   0: 0: 0
2026-03-20 05:29:54,899 - isca - DEBUG - Integration completed through    2 Apr  3   0: 0: 0
2026-03-20 05:30:25,842 - isca - DEBUG - Integration completed through    2 Apr  4   0: 0: 0
2026-03-20 05:30:56,312 - isca - DEBUG - Integration completed through    2 Apr  5   0: 0: 0
2026-03-20 05:31:27,224 - isca - DEBUG - Integration completed through    2 Apr  6   0: 0: 0
2026-03-20 05:31:57,686 - isca - DEBUG - Integration completed through    2 Apr  7   0: 0: 0
2026-03-20 05:32:28,099 - isca - DEBUG - Integration completed through    2 Apr  8   0: 0: 0
2026-03-20 05:32:58,499 - isca - DEBUG - Integration completed through    2 Apr  9   0: 0: 0
2026-03-20 05:33:28,957 - isca - DEBUG - Integration completed through    2 Apr 10   0: 0: 0
2026-03-20 05:33:59,467 - isca - DEBUG - Integration completed through    2 Apr 11   0: 0: 0
2026-03-20 05:34:29,962 - isca - DEBUG - Integration completed through    2 Apr 12   0: 0: 0
2026-03-20 05:35:00,388 - isca - DEBUG - Integration completed through    2 Apr 13   0: 0: 0
2026-03-20 05:35:31,278 - isca - DEBUG - Integration completed through    2 Apr 14   0: 0: 0
2026-03-20 05:36:01,720 - isca - DEBUG - Integration completed through    2 Apr 15   0: 0: 0
2026-03-20 05:36:32,592 - isca - DEBUG - Integration completed through    2 Apr 16   0: 0: 0
2026-03-20 05:37:03,151 - isca - DEBUG - Integration completed through    2 Apr 17   0: 0: 0
2026-03-20 05:37:33,702 - isca - DEBUG - Integration completed through    2 Apr 18   0: 0: 0
2026-03-20 05:38:04,284 - isca - DEBUG - Integration completed through    2 Apr 19   0: 0: 0
2026-03-20 05:38:34,847 - isca - DEBUG - Integration completed through    2 Apr 20   0: 0: 0
2026-03-20 05:39:05,415 - isca - DEBUG - Integration completed through    2 Apr 21   0: 0: 0
2026-03-20 05:39:36,033 - isca - DEBUG - Integration completed through    2 Apr 22   0: 0: 0
2026-03-20 05:40:06,653 - isca - DEBUG - Integration completed through    2 Apr 23   0: 0: 0
2026-03-20 05:40:37,315 - isca - DEBUG - Integration completed through    2 Apr 24   0: 0: 0
2026-03-20 05:41:07,925 - isca - DEBUG - Integration completed through    2 Apr 25   0: 0: 0
2026-03-20 05:41:38,937 - isca - DEBUG - Integration completed through    2 Apr 26   0: 0: 0
2026-03-20 05:42:09,545 - isca - DEBUG - Integration completed through    2 Apr 27   0: 0: 0
2026-03-20 05:42:40,647 - isca - DEBUG - Integration completed through    2 Apr 28   0: 0: 0
2026-03-20 05:43:11,351 - isca - DEBUG - Integration completed through    2 Apr 29   0: 0: 0
2026-03-20 05:43:42,510 - isca - DEBUG - Integration completed through    2 Apr 30   0: 0: 0
2026-03-20 05:44:13,610 - isca - DEBUG - Integration completed through    2 May  1   0: 0: 0
2026-03-20 05:44:13,688 - isca - DEBUG - 
2026-03-20 05:44:13,688 - isca - WARNING - WARNING from PE    0: diag_util_mod::opening_file: module/field_name (socrates/soc_toa_sw_down_clr) NOT registered
2026-03-20 05:44:13,688 - isca - DEBUG - 
2026-03-20 05:44:13,688 - isca - DEBUG - 
2026-03-20 05:44:13,688 - isca - WARNING - WARNING from PE    0: diag_util_mod::opening_file: module/field_name (socrates/soc_toa_sw_down_clr) NOT registered
2026-03-20 05:44:13,688 - isca - DEBUG - 
2026-03-20 05:44:13,688 - isca - DEBUG - 
2026-03-20 05:44:13,688 - isca - WARNING - WARNING from PE    0: diag_util_mod::opening_file: module/field_name (cloud_simple/rh_min) NOT registered
2026-03-20 05:44:13,688 - isca - DEBUG - 
2026-03-20 05:44:13,688 - isca - DEBUG - 
2026-03-20 05:44:13,688 - isca - WARNING - WARNING from PE    0: diag_util_mod::opening_file: module/field_name (cloud_simple/rh_min) NOT registered
2026-03-20 05:44:13,688 - isca - DEBUG - 
2026-03-20 05:44:13,724 - isca - DEBUG - NOTE from PE    0: MPP_IO_SET_STACK_SIZE: stack size set to     393216.
2026-03-20 05:44:13,877 - isca - DEBUG - MPP_DOMAINS_STACK high water mark=       49152
2026-03-20 05:44:13,877 - isca - DEBUG - 
2026-03-20 05:44:13,877 - isca - DEBUG - Tabulating mpp_clock statistics across     16 PEs...
2026-03-20 05:44:13,877 - isca - DEBUG - 
2026-03-20 05:44:13,877 - isca - DEBUG - tmin          tmax          tavg          tstd  tfrac grain pemin pemax
2026-03-20 05:44:13,878 - isca - DEBUG - Total runtime                       921.358828    921.363055    921.360878      0.001357  1.000     0     0    15
2026-03-20 05:44:13,878 - isca - DEBUG - MPP_STACK high water mark=           0
2026-03-20 05:44:13,960 - isca - INFO - Run 16 complete
2026-03-20 05:44:14,958 - isca - DEBUG - atmos_monthly.nc combined and copied to data directory
2026-03-20 05:44:18,218 - isca - INFO - Restart archive created at /proj/bolinc/users/x_ryabo/Isca-Ryan_outputs/Earth_1840/restarts/res0016.tar.gz
2026-03-20 05:44:18,230 - isca - INFO - Writing namelist to '/proj/bolinc/users/x_ryabo/Isca-Ryan_outputs/Earth_1840/run0016/input.nml'
2026-03-20 05:44:18,232 - isca - INFO - Writing field_table to '/proj/bolinc/users/x_ryabo/Isca-Ryan_outputs/Earth_1840/run0016/field_table'
2026-03-20 05:44:18,243 - isca - INFO - Writing diag_table to '/proj/bolinc/users/x_ryabo/Isca-Ryan_outputs/Earth_1840/run0016/diag_table'
2026-03-20 05:44:18,602 - isca - INFO - Emptied run directory '/home/x_ryabo/Isca-Ryan_tmp/experiment/Earth_1840/run'
2026-03-20 05:44:18,621 - isca - INFO - Emptied run directory '/home/x_ryabo/Isca-Ryan_tmp/experiment/Earth_1840/run'
2026-03-20 05:44:18,953 - isca - INFO - Writing namelist to '/home/x_ryabo/Isca-Ryan_tmp/experiment/Earth_1840/run/input.nml'
2026-03-20 05:44:18,955 - isca - INFO - Writing field_table to '/home/x_ryabo/Isca-Ryan_tmp/experiment/Earth_1840/run/field_table'
2026-03-20 05:44:18,967 - isca - INFO - Writing diag_table to '/home/x_ryabo/Isca-Ryan_tmp/experiment/Earth_1840/run/diag_table'
2026-03-20 05:44:18,980 - isca - INFO - Using restart file '/proj/bolinc/users/x_ryabo/Isca-Ryan_outputs/Earth_1840/restarts/res0016.tar.gz'
2026-03-20 05:44:19,399 - isca - INFO - Restart /proj/bolinc/users/x_ryabo/Isca-Ryan_outputs/Earth_1840/restarts/res0016.tar.gz extracted to /home/x_ryabo/Isca-Ryan_tmp/experiment/Earth_1840/run/INPUT
2026-03-20 05:44:19,399 - isca - INFO - Beginning run 17
2026-03-20 05:44:19,415 - isca - INFO - process running as 2534648
2026-03-20 05:44:19,415 - isca - DEBUG - loadmodules for Isca on NSC cluster Tetralith
2026-03-20 05:44:19,415 - isca - DEBUG - mpiifort
2026-03-20 05:44:19,529 - isca - DEBUG - The following modules were not unloaded:
2026-03-20 05:44:19,529 - isca - DEBUG - (Use "module --force purge" to unload all):
2026-03-20 05:44:19,529 - isca - DEBUG - 
2026-03-20 05:44:19,530 - isca - DEBUG - 1) hpc/.1.10.1
2026-03-20 05:44:19,636 - isca - DEBUG - ***************************************************
2026-03-20 05:44:19,636 - isca - DEBUG - You have loaded a buildenv module
2026-03-20 05:44:19,636 - isca - DEBUG - ***************************************************
2026-03-20 05:44:19,636 - isca - DEBUG - The buldenv-intel module makes available:
2026-03-20 05:44:19,636 - isca - DEBUG - - Compilers: icc, ifort, etc.
2026-03-20 05:44:19,637 - isca - DEBUG - - Mpi library with mpi-wrapped compilers: intel mpi with mpicc, mpifort, etc.
2026-03-20 05:44:19,637 - isca - DEBUG - - Numerical libraries: intel MKL
2026-03-20 05:44:19,637 - isca - DEBUG - 
2026-03-20 05:44:19,637 - isca - DEBUG - It also makes a set of dependency library modules available via
2026-03-20 05:44:19,637 - isca - DEBUG - the regular module command. Just do:
2026-03-20 05:44:19,637 - isca - DEBUG - module avail
2026-03-20 05:44:19,637 - isca - DEBUG - to see what is available.
2026-03-20 05:44:19,637 - isca - DEBUG - 
2026-03-20 05:44:19,637 - isca - DEBUG - NOTE: You shoud never load build environments inside submitted jobs.
2026-03-20 05:44:19,637 - isca - DEBUG - (with the single exception of when using supercomputer time to compile code.)
2026-03-20 05:44:19,637 - isca - DEBUG - 
2026-03-20 05:44:20,767 - isca - DEBUG - NOTE from PE    0: MPP_DOMAINS_SET_STACK_SIZE: stack size set to    32768.
2026-03-20 05:44:20,768 - isca - DEBUG - &MPP_IO_NML
2026-03-20 05:44:20,768 - isca - DEBUG - HEADER_BUFFER_VAL       =       16384,
2026-03-20 05:44:20,768 - isca - DEBUG - GLOBAL_FIELD_ON_ROOT_PE = T,
2026-03-20 05:44:20,768 - isca - DEBUG - IO_CLOCKS_ON    = F,
2026-03-20 05:44:20,768 - isca - DEBUG - SHUFFLE =           0,
2026-03-20 05:44:20,768 - isca - DEBUG - DEFLATE_LEVEL   =          -1
2026-03-20 05:44:20,768 - isca - DEBUG - /
2026-03-20 05:44:20,770 - isca - DEBUG - NOTE from PE    0: MPP_IO_SET_STACK_SIZE: stack size set to     131072.
2026-03-20 05:44:20,771 - isca - DEBUG - NOTE from PE    0: MPP_DOMAINS_SET_STACK_SIZE: stack size set to   600000.
2026-03-20 05:44:20,779 - isca - DEBUG - starting            1  OpenMP threads per MPI-task
2026-03-20 05:44:20,781 - isca - DEBUG - ATMOS MODEL DOMAIN DECOMPOSITION
2026-03-20 05:44:20,781 - isca - DEBUG - X-AXIS =  128
2026-03-20 05:44:20,781 - isca - DEBUG - Y-AXIS =    4   4   4   4   4   4   4   4   4   4   4   4   4   4   4   4
2026-03-20 05:44:20,838 - isca - DEBUG - NOTE from PE    0: cloud_simple: Using SimCloud cloud scheme
2026-03-20 05:44:20,839 - isca - DEBUG - NOTE from PE    0: ls_cloud: Using Sundqvist (1989) cloud fraction diagnostic formula.
2026-03-20 05:44:20,839 - isca - DEBUG - NOTE from PE    0: cloud_cover: The cloud overlap assumption is MAXIMUM-RANDOM
2026-03-20 05:44:20,840 - isca - DEBUG - NOTE from PE    0: idealized_moist_phys: Using Frierson Quasi-Equilibrium convection scheme.
2026-03-20 05:44:20,849 - isca - DEBUG - 
2026-03-20 05:44:20,849 - isca - WARNING - WARNING from PE    0: socrates_init: lw_hires_spectral_filename is unset, making equal to lw_spectral_filename
2026-03-20 05:44:20,849 - isca - DEBUG - 
2026-03-20 05:44:20,849 - isca - DEBUG - 
2026-03-20 05:44:20,849 - isca - WARNING - WARNING from PE    0: socrates_init: lw_hires_spectral_filename is unset, making equal to lw_spectral_filename
2026-03-20 05:44:20,849 - isca - DEBUG - 
2026-03-20 05:44:20,849 - isca - DEBUG - 
2026-03-20 05:44:20,849 - isca - WARNING - WARNING from PE    0: socrates_init: sw_hires_spectral_filename is unset, making equal to sw_spectral_filename
2026-03-20 05:44:20,850 - isca - DEBUG - 
2026-03-20 05:44:20,850 - isca - DEBUG - 
2026-03-20 05:44:20,850 - isca - WARNING - WARNING from PE    0: socrates_init: sw_hires_spectral_filename is unset, making equal to sw_spectral_filename
2026-03-20 05:44:20,850 - isca - DEBUG - 
2026-03-20 05:44:22,063 - isca - DEBUG - NOTE from PE    0: Interpolator: Using input file with no time dimension - ozone_1990_notime_zero.nc
2026-03-20 05:44:22,063 - isca - DEBUG - Initializing src field : ozone_1990
2026-03-20 05:44:22,065 - isca - DEBUG - 
2026-03-20 05:44:22,065 - isca - DEBUG - -----------------------------------
2026-03-20 05:44:22,065 - isca - DEBUG - ____                       _
2026-03-20 05:44:22,065 - isca - DEBUG - / ___|  ___   ___ _ __ __ _| |_ ___  ___
2026-03-20 05:44:22,065 - isca - DEBUG - \___ \ / _ \ / __|  __/ _` | __/ _ \/ __|
2026-03-20 05:44:22,065 - isca - DEBUG - ___) | (_) | (__| | | (_| | ||  __/\__ \
2026-03-20 05:44:22,065 - isca - DEBUG - |____/ \___/ \___|_|  \__,_|\__\___||___/
2026-03-20 05:44:22,065 - isca - DEBUG - 
2026-03-20 05:44:22,065 - isca - DEBUG - Initialised Socrates v17.03
2026-03-20 05:44:22,065 - isca - DEBUG - Stellar constant =    1840.00000000000
2026-03-20 05:44:22,065 - isca - DEBUG - Longwave spectral file =
2026-03-20 05:44:22,065 - isca - DEBUG - /proj/bolinc/users/x_ryabo/socrates_edited_for_isca/spectral_files_for_GCMs/Sun
2026-03-20 05:44:22,066 - isca - DEBUG - /miniSuran_lw.sf WITH           16  bands
2026-03-20 05:44:22,066 - isca - DEBUG - Longwave hires spectral file =
2026-03-20 05:44:22,066 - isca - DEBUG - /proj/bolinc/users/x_ryabo/socrates_edited_for_isca/spectral_files_for_GCMs/Sun
2026-03-20 05:44:22,066 - isca - DEBUG - /miniSuran_lw.sf WITH           16  bands
2026-03-20 05:44:22,066 - isca - DEBUG - Shortwave spectral file =
2026-03-20 05:44:22,066 - isca - DEBUG - /proj/bolinc/users/x_ryabo/socrates_edited_for_isca/spectral_files_for_GCMs/Sun
2026-03-20 05:44:22,066 - isca - DEBUG - /miniSuran_sw.sf WITH           16  bands
2026-03-20 05:44:22,066 - isca - DEBUG - Shortwave hires spectral file =
2026-03-20 05:44:22,066 - isca - DEBUG - /proj/bolinc/users/x_ryabo/socrates_edited_for_isca/spectral_files_for_GCMs/Sun
2026-03-20 05:44:22,066 - isca - DEBUG - /miniSuran_sw.sf WITH           16  bands
2026-03-20 05:44:22,066 - isca - DEBUG - 
2026-03-20 05:44:22,066 - isca - DEBUG - -----------------------------------
2026-03-20 05:44:22,066 - isca - DEBUG - 
2026-03-20 05:44:52,905 - isca - DEBUG - Integration completed through    2 May  2   0: 0: 0
2026-03-20 05:45:23,658 - isca - DEBUG - Integration completed through    2 May  3   0: 0: 0
2026-03-20 05:45:54,358 - isca - DEBUG - Integration completed through    2 May  4   0: 0: 0
2026-03-20 05:46:25,556 - isca - DEBUG - Integration completed through    2 May  5   0: 0: 0
2026-03-20 05:46:56,259 - isca - DEBUG - Integration completed through    2 May  6   0: 0: 0
2026-03-20 05:47:27,309 - isca - DEBUG - Integration completed through    2 May  7   0: 0: 0
2026-03-20 05:47:58,002 - isca - DEBUG - Integration completed through    2 May  8   0: 0: 0
2026-03-20 05:48:29,071 - isca - DEBUG - Integration completed through    2 May  9   0: 0: 0
2026-03-20 05:48:59,714 - isca - DEBUG - Integration completed through    2 May 10   0: 0: 0
2026-03-20 05:49:30,861 - isca - DEBUG - Integration completed through    2 May 11   0: 0: 0
2026-03-20 05:50:01,518 - isca - DEBUG - Integration completed through    2 May 12   0: 0: 0
2026-03-20 05:50:32,522 - isca - DEBUG - Integration completed through    2 May 13   0: 0: 0
2026-03-20 05:51:03,148 - isca - DEBUG - Integration completed through    2 May 14   0: 0: 0
2026-03-20 05:51:34,152 - isca - DEBUG - Integration completed through    2 May 15   0: 0: 0
2026-03-20 05:52:04,782 - isca - DEBUG - Integration completed through    2 May 16   0: 0: 0
2026-03-20 05:52:35,783 - isca - DEBUG - Integration completed through    2 May 17   0: 0: 0
2026-03-20 05:53:06,357 - isca - DEBUG - Integration completed through    2 May 18   0: 0: 0
2026-03-20 05:53:37,421 - isca - DEBUG - Integration completed through    2 May 19   0: 0: 0
2026-03-20 05:54:08,110 - isca - DEBUG - Integration completed through    2 May 20   0: 0: 0
2026-03-20 05:54:39,605 - isca - DEBUG - Integration completed through    2 May 21   0: 0: 0
2026-03-20 05:55:10,217 - isca - DEBUG - Integration completed through    2 May 22   0: 0: 0
2026-03-20 05:55:41,348 - isca - DEBUG - Integration completed through    2 May 23   0: 0: 0
2026-03-20 05:56:12,040 - isca - DEBUG - Integration completed through    2 May 24   0: 0: 0
2026-03-20 05:56:43,126 - isca - DEBUG - Integration completed through    2 May 25   0: 0: 0
2026-03-20 05:57:13,829 - isca - DEBUG - Integration completed through    2 May 26   0: 0: 0
2026-03-20 05:57:44,873 - isca - DEBUG - Integration completed through    2 May 27   0: 0: 0
2026-03-20 05:58:15,529 - isca - DEBUG - Integration completed through    2 May 28   0: 0: 0
2026-03-20 05:58:46,170 - isca - DEBUG - Integration completed through    2 May 29   0: 0: 0
2026-03-20 05:59:16,785 - isca - DEBUG - Integration completed through    2 May 30   0: 0: 0
2026-03-20 05:59:47,471 - isca - DEBUG - Integration completed through    2 Jun  1   0: 0: 0
2026-03-20 05:59:47,481 - isca - DEBUG - 
2026-03-20 05:59:47,481 - isca - WARNING - WARNING from PE    0: diag_util_mod::opening_file: module/field_name (socrates/soc_toa_sw_down_clr) NOT registered
2026-03-20 05:59:47,481 - isca - DEBUG - 
2026-03-20 05:59:47,481 - isca - DEBUG - 
2026-03-20 05:59:47,482 - isca - WARNING - WARNING from PE    0: diag_util_mod::opening_file: module/field_name (socrates/soc_toa_sw_down_clr) NOT registered
2026-03-20 05:59:47,482 - isca - DEBUG - 
2026-03-20 05:59:47,482 - isca - DEBUG - 
2026-03-20 05:59:47,482 - isca - WARNING - WARNING from PE    0: diag_util_mod::opening_file: module/field_name (cloud_simple/rh_min) NOT registered
2026-03-20 05:59:47,482 - isca - DEBUG - 
2026-03-20 05:59:47,482 - isca - DEBUG - 
2026-03-20 05:59:47,482 - isca - WARNING - WARNING from PE    0: diag_util_mod::opening_file: module/field_name (cloud_simple/rh_min) NOT registered
2026-03-20 05:59:47,483 - isca - DEBUG - 
2026-03-20 05:59:47,494 - isca - DEBUG - NOTE from PE    0: MPP_IO_SET_STACK_SIZE: stack size set to     393216.
2026-03-20 05:59:47,600 - isca - DEBUG - MPP_DOMAINS_STACK high water mark=       49152
2026-03-20 05:59:47,601 - isca - DEBUG - 
2026-03-20 05:59:47,601 - isca - DEBUG - Tabulating mpp_clock statistics across     16 PEs...
2026-03-20 05:59:47,601 - isca - DEBUG - 
2026-03-20 05:59:47,601 - isca - DEBUG - tmin          tmax          tavg          tstd  tfrac grain pemin pemax
2026-03-20 05:59:47,602 - isca - DEBUG - Total runtime                       926.831887    926.837674    926.834344      0.001714  1.000     0     0    15
2026-03-20 05:59:47,602 - isca - DEBUG - MPP_STACK high water mark=           0
2026-03-20 05:59:47,757 - isca - INFO - Run 17 complete
2026-03-20 05:59:48,809 - isca - DEBUG - atmos_monthly.nc combined and copied to data directory
2026-03-20 05:59:52,036 - isca - INFO - Restart archive created at /proj/bolinc/users/x_ryabo/Isca-Ryan_outputs/Earth_1840/restarts/res0017.tar.gz
2026-03-20 05:59:52,048 - isca - INFO - Writing namelist to '/proj/bolinc/users/x_ryabo/Isca-Ryan_outputs/Earth_1840/run0017/input.nml'
2026-03-20 05:59:52,050 - isca - INFO - Writing field_table to '/proj/bolinc/users/x_ryabo/Isca-Ryan_outputs/Earth_1840/run0017/field_table'
2026-03-20 05:59:52,060 - isca - INFO - Writing diag_table to '/proj/bolinc/users/x_ryabo/Isca-Ryan_outputs/Earth_1840/run0017/diag_table'
2026-03-20 05:59:52,425 - isca - INFO - Emptied run directory '/home/x_ryabo/Isca-Ryan_tmp/experiment/Earth_1840/run'
2026-03-20 05:59:52,444 - isca - INFO - Emptied run directory '/home/x_ryabo/Isca-Ryan_tmp/experiment/Earth_1840/run'
2026-03-20 05:59:52,774 - isca - INFO - Writing namelist to '/home/x_ryabo/Isca-Ryan_tmp/experiment/Earth_1840/run/input.nml'
2026-03-20 05:59:52,776 - isca - INFO - Writing field_table to '/home/x_ryabo/Isca-Ryan_tmp/experiment/Earth_1840/run/field_table'
2026-03-20 05:59:52,788 - isca - INFO - Writing diag_table to '/home/x_ryabo/Isca-Ryan_tmp/experiment/Earth_1840/run/diag_table'
2026-03-20 05:59:52,801 - isca - INFO - Using restart file '/proj/bolinc/users/x_ryabo/Isca-Ryan_outputs/Earth_1840/restarts/res0017.tar.gz'
2026-03-20 05:59:53,219 - isca - INFO - Restart /proj/bolinc/users/x_ryabo/Isca-Ryan_outputs/Earth_1840/restarts/res0017.tar.gz extracted to /home/x_ryabo/Isca-Ryan_tmp/experiment/Earth_1840/run/INPUT
2026-03-20 05:59:53,219 - isca - INFO - Beginning run 18
2026-03-20 05:59:53,231 - isca - INFO - process running as 2535522
2026-03-20 05:59:53,231 - isca - DEBUG - loadmodules for Isca on NSC cluster Tetralith
2026-03-20 05:59:53,231 - isca - DEBUG - mpiifort
2026-03-20 05:59:53,350 - isca - DEBUG - The following modules were not unloaded:
2026-03-20 05:59:53,350 - isca - DEBUG - (Use "module --force purge" to unload all):
2026-03-20 05:59:53,350 - isca - DEBUG - 
2026-03-20 05:59:53,350 - isca - DEBUG - 1) hpc/.1.10.1
2026-03-20 05:59:53,458 - isca - DEBUG - ***************************************************
2026-03-20 05:59:53,458 - isca - DEBUG - You have loaded a buildenv module
2026-03-20 05:59:53,458 - isca - DEBUG - ***************************************************
2026-03-20 05:59:53,458 - isca - DEBUG - The buldenv-intel module makes available:
2026-03-20 05:59:53,458 - isca - DEBUG - - Compilers: icc, ifort, etc.
2026-03-20 05:59:53,458 - isca - DEBUG - - Mpi library with mpi-wrapped compilers: intel mpi with mpicc, mpifort, etc.
2026-03-20 05:59:53,458 - isca - DEBUG - - Numerical libraries: intel MKL
2026-03-20 05:59:53,458 - isca - DEBUG - 
2026-03-20 05:59:53,458 - isca - DEBUG - It also makes a set of dependency library modules available via
2026-03-20 05:59:53,458 - isca - DEBUG - the regular module command. Just do:
2026-03-20 05:59:53,458 - isca - DEBUG - module avail
2026-03-20 05:59:53,458 - isca - DEBUG - to see what is available.
2026-03-20 05:59:53,458 - isca - DEBUG - 
2026-03-20 05:59:53,458 - isca - DEBUG - NOTE: You shoud never load build environments inside submitted jobs.
2026-03-20 05:59:53,458 - isca - DEBUG - (with the single exception of when using supercomputer time to compile code.)
2026-03-20 05:59:53,458 - isca - DEBUG - 
2026-03-20 05:59:56,215 - isca - DEBUG - NOTE from PE    0: MPP_DOMAINS_SET_STACK_SIZE: stack size set to    32768.
2026-03-20 05:59:56,215 - isca - DEBUG - &MPP_IO_NML
2026-03-20 05:59:56,215 - isca - DEBUG - HEADER_BUFFER_VAL       =       16384,
2026-03-20 05:59:56,215 - isca - DEBUG - GLOBAL_FIELD_ON_ROOT_PE = T,
2026-03-20 05:59:56,215 - isca - DEBUG - IO_CLOCKS_ON    = F,
2026-03-20 05:59:56,215 - isca - DEBUG - SHUFFLE =           0,
2026-03-20 05:59:56,216 - isca - DEBUG - DEFLATE_LEVEL   =          -1
2026-03-20 05:59:56,216 - isca - DEBUG - /
2026-03-20 05:59:56,217 - isca - DEBUG - NOTE from PE    0: MPP_IO_SET_STACK_SIZE: stack size set to     131072.
2026-03-20 05:59:56,218 - isca - DEBUG - NOTE from PE    0: MPP_DOMAINS_SET_STACK_SIZE: stack size set to   600000.
2026-03-20 05:59:56,225 - isca - DEBUG - starting            1  OpenMP threads per MPI-task
2026-03-20 05:59:56,227 - isca - DEBUG - ATMOS MODEL DOMAIN DECOMPOSITION
2026-03-20 05:59:56,227 - isca - DEBUG - X-AXIS =  128
2026-03-20 05:59:56,227 - isca - DEBUG - Y-AXIS =    4   4   4   4   4   4   4   4   4   4   4   4   4   4   4   4
2026-03-20 05:59:56,289 - isca - DEBUG - NOTE from PE    0: cloud_simple: Using SimCloud cloud scheme
2026-03-20 05:59:56,290 - isca - DEBUG - NOTE from PE    0: ls_cloud: Using Sundqvist (1989) cloud fraction diagnostic formula.
2026-03-20 05:59:56,291 - isca - DEBUG - NOTE from PE    0: cloud_cover: The cloud overlap assumption is MAXIMUM-RANDOM
2026-03-20 05:59:56,291 - isca - DEBUG - NOTE from PE    0: idealized_moist_phys: Using Frierson Quasi-Equilibrium convection scheme.
2026-03-20 05:59:56,300 - isca - DEBUG - 
2026-03-20 05:59:56,300 - isca - WARNING - WARNING from PE    0: socrates_init: lw_hires_spectral_filename is unset, making equal to lw_spectral_filename
2026-03-20 05:59:56,300 - isca - DEBUG - 
2026-03-20 05:59:56,300 - isca - DEBUG - 
2026-03-20 05:59:56,300 - isca - WARNING - WARNING from PE    0: socrates_init: lw_hires_spectral_filename is unset, making equal to lw_spectral_filename
2026-03-20 05:59:56,300 - isca - DEBUG - 
2026-03-20 05:59:56,300 - isca - DEBUG - 
2026-03-20 05:59:56,300 - isca - WARNING - WARNING from PE    0: socrates_init: sw_hires_spectral_filename is unset, making equal to sw_spectral_filename
2026-03-20 05:59:56,300 - isca - DEBUG - 
2026-03-20 05:59:56,300 - isca - DEBUG - 
2026-03-20 05:59:56,300 - isca - WARNING - WARNING from PE    0: socrates_init: sw_hires_spectral_filename is unset, making equal to sw_spectral_filename
2026-03-20 05:59:56,300 - isca - DEBUG - 
2026-03-20 05:59:57,496 - isca - DEBUG - NOTE from PE    0: Interpolator: Using input file with no time dimension - ozone_1990_notime_zero.nc
2026-03-20 05:59:57,496 - isca - DEBUG - Initializing src field : ozone_1990
2026-03-20 05:59:57,498 - isca - DEBUG - 
2026-03-20 05:59:57,498 - isca - DEBUG - -----------------------------------
2026-03-20 05:59:57,498 - isca - DEBUG - ____                       _
2026-03-20 05:59:57,498 - isca - DEBUG - / ___|  ___   ___ _ __ __ _| |_ ___  ___
2026-03-20 05:59:57,498 - isca - DEBUG - \___ \ / _ \ / __|  __/ _` | __/ _ \/ __|
2026-03-20 05:59:57,498 - isca - DEBUG - ___) | (_) | (__| | | (_| | ||  __/\__ \
2026-03-20 05:59:57,498 - isca - DEBUG - |____/ \___/ \___|_|  \__,_|\__\___||___/
2026-03-20 05:59:57,498 - isca - DEBUG - 
2026-03-20 05:59:57,498 - isca - DEBUG - Initialised Socrates v17.03
2026-03-20 05:59:57,498 - isca - DEBUG - Stellar constant =    1840.00000000000
2026-03-20 05:59:57,499 - isca - DEBUG - Longwave spectral file =
2026-03-20 05:59:57,499 - isca - DEBUG - /proj/bolinc/users/x_ryabo/socrates_edited_for_isca/spectral_files_for_GCMs/Sun
2026-03-20 05:59:57,499 - isca - DEBUG - /miniSuran_lw.sf WITH           16  bands
2026-03-20 05:59:57,499 - isca - DEBUG - Longwave hires spectral file =
2026-03-20 05:59:57,499 - isca - DEBUG - /proj/bolinc/users/x_ryabo/socrates_edited_for_isca/spectral_files_for_GCMs/Sun
2026-03-20 05:59:57,499 - isca - DEBUG - /miniSuran_lw.sf WITH           16  bands
2026-03-20 05:59:57,499 - isca - DEBUG - Shortwave spectral file =
2026-03-20 05:59:57,499 - isca - DEBUG - /proj/bolinc/users/x_ryabo/socrates_edited_for_isca/spectral_files_for_GCMs/Sun
2026-03-20 05:59:57,499 - isca - DEBUG - /miniSuran_sw.sf WITH           16  bands
2026-03-20 05:59:57,499 - isca - DEBUG - Shortwave hires spectral file =
2026-03-20 05:59:57,499 - isca - DEBUG - /proj/bolinc/users/x_ryabo/socrates_edited_for_isca/spectral_files_for_GCMs/Sun
2026-03-20 05:59:57,499 - isca - DEBUG - /miniSuran_sw.sf WITH           16  bands
2026-03-20 05:59:57,499 - isca - DEBUG - 
2026-03-20 05:59:57,499 - isca - DEBUG - -----------------------------------
2026-03-20 05:59:57,499 - isca - DEBUG - 
2026-03-20 06:00:28,160 - isca - DEBUG - Integration completed through    2 Jun  2   0: 0: 0
2026-03-20 06:00:58,765 - isca - DEBUG - Integration completed through    2 Jun  3   0: 0: 0
2026-03-20 06:01:29,745 - isca - DEBUG - Integration completed through    2 Jun  4   0: 0: 0
2026-03-20 06:02:00,408 - isca - DEBUG - Integration completed through    2 Jun  5   0: 0: 0
2026-03-20 06:02:31,028 - isca - DEBUG - Integration completed through    2 Jun  6   0: 0: 0
2026-03-20 06:03:01,679 - isca - DEBUG - Integration completed through    2 Jun  7   0: 0: 0
2026-03-20 06:03:36,389 - isca - DEBUG - Integration completed through    2 Jun  8   0: 0: 0
2026-03-20 06:04:07,143 - isca - DEBUG - Integration completed through    2 Jun  9   0: 0: 0
2026-03-20 06:04:37,807 - isca - DEBUG - Integration completed through    2 Jun 10   0: 0: 0
2026-03-20 06:05:08,532 - isca - DEBUG - Integration completed through    2 Jun 11   0: 0: 0
2026-03-20 06:05:39,666 - isca - DEBUG - Integration completed through    2 Jun 12   0: 0: 0
2026-03-20 06:06:10,385 - isca - DEBUG - Integration completed through    2 Jun 13   0: 0: 0
2026-03-20 06:06:41,358 - isca - DEBUG - Integration completed through    2 Jun 14   0: 0: 0
2026-03-20 06:07:12,022 - isca - DEBUG - Integration completed through    2 Jun 15   0: 0: 0
2026-03-20 06:07:42,999 - isca - DEBUG - Integration completed through    2 Jun 16   0: 0: 0
2026-03-20 06:08:14,161 - isca - DEBUG - Integration completed through    2 Jun 17   0: 0: 0
2026-03-20 06:08:44,853 - isca - DEBUG - Integration completed through    2 Jun 18   0: 0: 0
2026-03-20 06:09:15,900 - isca - DEBUG - Integration completed through    2 Jun 19   0: 0: 0
2026-03-20 06:09:46,571 - isca - DEBUG - Integration completed through    2 Jun 20   0: 0: 0
2026-03-20 06:10:17,337 - isca - DEBUG - Integration completed through    2 Jun 21   0: 0: 0
2026-03-20 06:10:48,075 - isca - DEBUG - Integration completed through    2 Jun 22   0: 0: 0
2026-03-20 06:11:18,857 - isca - DEBUG - Integration completed through    2 Jun 23   0: 0: 0
2026-03-20 06:11:49,610 - isca - DEBUG - Integration completed through    2 Jun 24   0: 0: 0
2026-03-20 06:12:20,392 - isca - DEBUG - Integration completed through    2 Jun 25   0: 0: 0
2026-03-20 06:12:51,114 - isca - DEBUG - Integration completed through    2 Jun 26   0: 0: 0
2026-03-20 06:13:21,919 - isca - DEBUG - Integration completed through    2 Jun 27   0: 0: 0
2026-03-20 06:13:52,713 - isca - DEBUG - Integration completed through    2 Jun 28   0: 0: 0
2026-03-20 06:14:23,900 - isca - DEBUG - Integration completed through    2 Jun 29   0: 0: 0
2026-03-20 06:14:54,803 - isca - DEBUG - Integration completed through    2 Jun 30   0: 0: 0
2026-03-20 06:15:26,187 - isca - DEBUG - Integration completed through    2 Jul  1   0: 0: 0
2026-03-20 06:15:26,197 - isca - DEBUG - 
2026-03-20 06:15:26,197 - isca - WARNING - WARNING from PE    0: diag_util_mod::opening_file: module/field_name (socrates/soc_toa_sw_down_clr) NOT registered
2026-03-20 06:15:26,197 - isca - DEBUG - 
2026-03-20 06:15:26,197 - isca - DEBUG - 
2026-03-20 06:15:26,197 - isca - WARNING - WARNING from PE    0: diag_util_mod::opening_file: module/field_name (socrates/soc_toa_sw_down_clr) NOT registered
2026-03-20 06:15:26,197 - isca - DEBUG - 
2026-03-20 06:15:26,197 - isca - DEBUG - 
2026-03-20 06:15:26,197 - isca - WARNING - WARNING from PE    0: diag_util_mod::opening_file: module/field_name (cloud_simple/rh_min) NOT registered
2026-03-20 06:15:26,197 - isca - DEBUG - 
2026-03-20 06:15:26,197 - isca - DEBUG - 
2026-03-20 06:15:26,197 - isca - WARNING - WARNING from PE    0: diag_util_mod::opening_file: module/field_name (cloud_simple/rh_min) NOT registered
2026-03-20 06:15:26,198 - isca - DEBUG - 
2026-03-20 06:15:26,208 - isca - DEBUG - NOTE from PE    0: MPP_IO_SET_STACK_SIZE: stack size set to     393216.
2026-03-20 06:15:26,344 - isca - DEBUG - MPP_DOMAINS_STACK high water mark=       49152
2026-03-20 06:15:26,345 - isca - DEBUG - 
2026-03-20 06:15:26,345 - isca - DEBUG - Tabulating mpp_clock statistics across     16 PEs...
2026-03-20 06:15:26,345 - isca - DEBUG - 
2026-03-20 06:15:26,345 - isca - DEBUG - tmin          tmax          tavg          tstd  tfrac grain pemin pemax
2026-03-20 06:15:26,345 - isca - DEBUG - Total runtime                       930.127992    930.131906    930.129815      0.001221  1.000     0     0    15
2026-03-20 06:15:26,345 - isca - DEBUG - MPP_STACK high water mark=           0
2026-03-20 06:15:26,455 - isca - INFO - Run 18 complete
2026-03-20 06:15:27,456 - isca - DEBUG - atmos_monthly.nc combined and copied to data directory
2026-03-20 06:15:30,704 - isca - INFO - Restart archive created at /proj/bolinc/users/x_ryabo/Isca-Ryan_outputs/Earth_1840/restarts/res0018.tar.gz
2026-03-20 06:15:30,717 - isca - INFO - Writing namelist to '/proj/bolinc/users/x_ryabo/Isca-Ryan_outputs/Earth_1840/run0018/input.nml'
2026-03-20 06:15:30,719 - isca - INFO - Writing field_table to '/proj/bolinc/users/x_ryabo/Isca-Ryan_outputs/Earth_1840/run0018/field_table'
2026-03-20 06:15:30,729 - isca - INFO - Writing diag_table to '/proj/bolinc/users/x_ryabo/Isca-Ryan_outputs/Earth_1840/run0018/diag_table'
2026-03-20 06:15:31,082 - isca - INFO - Emptied run directory '/home/x_ryabo/Isca-Ryan_tmp/experiment/Earth_1840/run'
2026-03-20 06:15:31,105 - isca - INFO - Emptied run directory '/home/x_ryabo/Isca-Ryan_tmp/experiment/Earth_1840/run'
2026-03-20 06:15:31,434 - isca - INFO - Writing namelist to '/home/x_ryabo/Isca-Ryan_tmp/experiment/Earth_1840/run/input.nml'
2026-03-20 06:15:31,436 - isca - INFO - Writing field_table to '/home/x_ryabo/Isca-Ryan_tmp/experiment/Earth_1840/run/field_table'
2026-03-20 06:15:31,448 - isca - INFO - Writing diag_table to '/home/x_ryabo/Isca-Ryan_tmp/experiment/Earth_1840/run/diag_table'
2026-03-20 06:15:31,465 - isca - INFO - Using restart file '/proj/bolinc/users/x_ryabo/Isca-Ryan_outputs/Earth_1840/restarts/res0018.tar.gz'
2026-03-20 06:15:31,886 - isca - INFO - Restart /proj/bolinc/users/x_ryabo/Isca-Ryan_outputs/Earth_1840/restarts/res0018.tar.gz extracted to /home/x_ryabo/Isca-Ryan_tmp/experiment/Earth_1840/run/INPUT
2026-03-20 06:15:31,887 - isca - INFO - Beginning run 19
2026-03-20 06:15:31,898 - isca - INFO - process running as 2536573
2026-03-20 06:15:31,899 - isca - DEBUG - loadmodules for Isca on NSC cluster Tetralith
2026-03-20 06:15:31,899 - isca - DEBUG - mpiifort
2026-03-20 06:15:32,015 - isca - DEBUG - The following modules were not unloaded:
2026-03-20 06:15:32,015 - isca - DEBUG - (Use "module --force purge" to unload all):
2026-03-20 06:15:32,015 - isca - DEBUG - 
2026-03-20 06:15:32,015 - isca - DEBUG - 1) hpc/.1.10.1
2026-03-20 06:15:32,122 - isca - DEBUG - ***************************************************
2026-03-20 06:15:32,122 - isca - DEBUG - You have loaded a buildenv module
2026-03-20 06:15:32,122 - isca - DEBUG - ***************************************************
2026-03-20 06:15:32,122 - isca - DEBUG - The buldenv-intel module makes available:
2026-03-20 06:15:32,122 - isca - DEBUG - - Compilers: icc, ifort, etc.
2026-03-20 06:15:32,122 - isca - DEBUG - - Mpi library with mpi-wrapped compilers: intel mpi with mpicc, mpifort, etc.
2026-03-20 06:15:32,122 - isca - DEBUG - - Numerical libraries: intel MKL
2026-03-20 06:15:32,122 - isca - DEBUG - 
2026-03-20 06:15:32,122 - isca - DEBUG - It also makes a set of dependency library modules available via
2026-03-20 06:15:32,122 - isca - DEBUG - the regular module command. Just do:
2026-03-20 06:15:32,122 - isca - DEBUG - module avail
2026-03-20 06:15:32,122 - isca - DEBUG - to see what is available.
2026-03-20 06:15:32,122 - isca - DEBUG - 
2026-03-20 06:15:32,122 - isca - DEBUG - NOTE: You shoud never load build environments inside submitted jobs.
2026-03-20 06:15:32,122 - isca - DEBUG - (with the single exception of when using supercomputer time to compile code.)
2026-03-20 06:15:32,122 - isca - DEBUG - 
2026-03-20 06:15:33,261 - isca - DEBUG - NOTE from PE    0: MPP_DOMAINS_SET_STACK_SIZE: stack size set to    32768.
2026-03-20 06:15:33,261 - isca - DEBUG - &MPP_IO_NML
2026-03-20 06:15:33,261 - isca - DEBUG - HEADER_BUFFER_VAL       =       16384,
2026-03-20 06:15:33,261 - isca - DEBUG - GLOBAL_FIELD_ON_ROOT_PE = T,
2026-03-20 06:15:33,261 - isca - DEBUG - IO_CLOCKS_ON    = F,
2026-03-20 06:15:33,261 - isca - DEBUG - SHUFFLE =           0,
2026-03-20 06:15:33,261 - isca - DEBUG - DEFLATE_LEVEL   =          -1
2026-03-20 06:15:33,261 - isca - DEBUG - /
2026-03-20 06:15:33,263 - isca - DEBUG - NOTE from PE    0: MPP_IO_SET_STACK_SIZE: stack size set to     131072.
2026-03-20 06:15:33,264 - isca - DEBUG - NOTE from PE    0: MPP_DOMAINS_SET_STACK_SIZE: stack size set to   600000.
2026-03-20 06:15:33,271 - isca - DEBUG - starting            1  OpenMP threads per MPI-task
2026-03-20 06:15:33,273 - isca - DEBUG - ATMOS MODEL DOMAIN DECOMPOSITION
2026-03-20 06:15:33,273 - isca - DEBUG - X-AXIS =  128
2026-03-20 06:15:33,273 - isca - DEBUG - Y-AXIS =    4   4   4   4   4   4   4   4   4   4   4   4   4   4   4   4
2026-03-20 06:15:33,337 - isca - DEBUG - NOTE from PE    0: cloud_simple: Using SimCloud cloud scheme
2026-03-20 06:15:33,339 - isca - DEBUG - NOTE from PE    0: ls_cloud: Using Sundqvist (1989) cloud fraction diagnostic formula.
2026-03-20 06:15:33,339 - isca - DEBUG - NOTE from PE    0: cloud_cover: The cloud overlap assumption is MAXIMUM-RANDOM
2026-03-20 06:15:33,339 - isca - DEBUG - NOTE from PE    0: idealized_moist_phys: Using Frierson Quasi-Equilibrium convection scheme.
2026-03-20 06:15:33,348 - isca - DEBUG - 
2026-03-20 06:15:33,348 - isca - WARNING - WARNING from PE    0: socrates_init: lw_hires_spectral_filename is unset, making equal to lw_spectral_filename
2026-03-20 06:15:33,348 - isca - DEBUG - 
2026-03-20 06:15:33,348 - isca - DEBUG - 
2026-03-20 06:15:33,349 - isca - WARNING - WARNING from PE    0: socrates_init: lw_hires_spectral_filename is unset, making equal to lw_spectral_filename
2026-03-20 06:15:33,349 - isca - DEBUG - 
2026-03-20 06:15:33,349 - isca - DEBUG - 
2026-03-20 06:15:33,349 - isca - WARNING - WARNING from PE    0: socrates_init: sw_hires_spectral_filename is unset, making equal to sw_spectral_filename
2026-03-20 06:15:33,349 - isca - DEBUG - 
2026-03-20 06:15:33,349 - isca - DEBUG - 
2026-03-20 06:15:33,349 - isca - WARNING - WARNING from PE    0: socrates_init: sw_hires_spectral_filename is unset, making equal to sw_spectral_filename
2026-03-20 06:15:33,349 - isca - DEBUG - 
2026-03-20 06:15:34,559 - isca - DEBUG - NOTE from PE    0: Interpolator: Using input file with no time dimension - ozone_1990_notime_zero.nc
2026-03-20 06:15:34,559 - isca - DEBUG - Initializing src field : ozone_1990
2026-03-20 06:15:34,562 - isca - DEBUG - 
2026-03-20 06:15:34,562 - isca - DEBUG - -----------------------------------
2026-03-20 06:15:34,562 - isca - DEBUG - ____                       _
2026-03-20 06:15:34,562 - isca - DEBUG - / ___|  ___   ___ _ __ __ _| |_ ___  ___
2026-03-20 06:15:34,562 - isca - DEBUG - \___ \ / _ \ / __|  __/ _` | __/ _ \/ __|
2026-03-20 06:15:34,562 - isca - DEBUG - ___) | (_) | (__| | | (_| | ||  __/\__ \
2026-03-20 06:15:34,562 - isca - DEBUG - |____/ \___/ \___|_|  \__,_|\__\___||___/
2026-03-20 06:15:34,562 - isca - DEBUG - 
2026-03-20 06:15:34,562 - isca - DEBUG - Initialised Socrates v17.03
2026-03-20 06:15:34,562 - isca - DEBUG - Stellar constant =    1840.00000000000
2026-03-20 06:15:34,562 - isca - DEBUG - Longwave spectral file =
2026-03-20 06:15:34,562 - isca - DEBUG - /proj/bolinc/users/x_ryabo/socrates_edited_for_isca/spectral_files_for_GCMs/Sun
2026-03-20 06:15:34,562 - isca - DEBUG - /miniSuran_lw.sf WITH           16  bands
2026-03-20 06:15:34,562 - isca - DEBUG - Longwave hires spectral file =
2026-03-20 06:15:34,562 - isca - DEBUG - /proj/bolinc/users/x_ryabo/socrates_edited_for_isca/spectral_files_for_GCMs/Sun
2026-03-20 06:15:34,562 - isca - DEBUG - /miniSuran_lw.sf WITH           16  bands
2026-03-20 06:15:34,562 - isca - DEBUG - Shortwave spectral file =
2026-03-20 06:15:34,562 - isca - DEBUG - /proj/bolinc/users/x_ryabo/socrates_edited_for_isca/spectral_files_for_GCMs/Sun
2026-03-20 06:15:34,562 - isca - DEBUG - /miniSuran_sw.sf WITH           16  bands
2026-03-20 06:15:34,562 - isca - DEBUG - Shortwave hires spectral file =
2026-03-20 06:15:34,563 - isca - DEBUG - /proj/bolinc/users/x_ryabo/socrates_edited_for_isca/spectral_files_for_GCMs/Sun
2026-03-20 06:15:34,563 - isca - DEBUG - /miniSuran_sw.sf WITH           16  bands
2026-03-20 06:15:34,563 - isca - DEBUG - 
2026-03-20 06:15:34,563 - isca - DEBUG - -----------------------------------
2026-03-20 06:15:34,563 - isca - DEBUG - 
2026-03-20 06:16:05,588 - isca - DEBUG - Integration completed through    2 Jul  2   0: 0: 0
2026-03-20 06:16:36,959 - isca - DEBUG - Integration completed through    2 Jul  3   0: 0: 0
2026-03-20 06:17:07,917 - isca - DEBUG - Integration completed through    2 Jul  4   0: 0: 0
2026-03-20 06:17:38,994 - isca - DEBUG - Integration completed through    2 Jul  5   0: 0: 0
2026-03-20 06:18:09,910 - isca - DEBUG - Integration completed through    2 Jul  6   0: 0: 0
2026-03-20 06:18:40,879 - isca - DEBUG - Integration completed through    2 Jul  7   0: 0: 0
2026-03-20 06:19:11,758 - isca - DEBUG - Integration completed through    2 Jul  8   0: 0: 0
2026-03-20 06:19:42,688 - isca - DEBUG - Integration completed through    2 Jul  9   0: 0: 0
2026-03-20 06:20:13,514 - isca - DEBUG - Integration completed through    2 Jul 10   0: 0: 0
2026-03-20 06:20:44,694 - isca - DEBUG - Integration completed through    2 Jul 11   0: 0: 0
2026-03-20 06:21:15,837 - isca - DEBUG - Integration completed through    2 Jul 12   0: 0: 0
2026-03-20 06:21:46,771 - isca - DEBUG - Integration completed through    2 Jul 13   0: 0: 0
2026-03-20 06:22:17,998 - isca - DEBUG - Integration completed through    2 Jul 14   0: 0: 0
2026-03-20 06:22:48,952 - isca - DEBUG - Integration completed through    2 Jul 15   0: 0: 0
2026-03-20 06:23:20,347 - isca - DEBUG - Integration completed through    2 Jul 16   0: 0: 0
2026-03-20 06:23:51,332 - isca - DEBUG - Integration completed through    2 Jul 17   0: 0: 0
2026-03-20 06:24:22,571 - isca - DEBUG - Integration completed through    2 Jul 18   0: 0: 0
2026-03-20 06:24:53,593 - isca - DEBUG - Integration completed through    2 Jul 19   0: 0: 0
2026-03-20 06:25:24,931 - isca - DEBUG - Integration completed through    2 Jul 20   0: 0: 0
2026-03-20 06:25:56,054 - isca - DEBUG - Integration completed through    2 Jul 21   0: 0: 0
2026-03-20 06:26:27,429 - isca - DEBUG - Integration completed through    2 Jul 22   0: 0: 0
2026-03-20 06:26:58,534 - isca - DEBUG - Integration completed through    2 Jul 23   0: 0: 0
2026-03-20 06:27:29,926 - isca - DEBUG - Integration completed through    2 Jul 24   0: 0: 0
2026-03-20 06:28:00,992 - isca - DEBUG - Integration completed through    2 Jul 25   0: 0: 0
2026-03-20 06:28:32,508 - isca - DEBUG - Integration completed through    2 Jul 26   0: 0: 0
2026-03-20 06:29:03,537 - isca - DEBUG - Integration completed through    2 Jul 27   0: 0: 0
2026-03-20 06:29:35,094 - isca - DEBUG - Integration completed through    2 Jul 28   0: 0: 0
2026-03-20 06:30:06,087 - isca - DEBUG - Integration completed through    2 Jul 29   0: 0: 0
2026-03-20 06:30:37,137 - isca - DEBUG - Integration completed through    2 Jul 30   0: 0: 0
2026-03-20 06:31:08,142 - isca - DEBUG - Integration completed through    2 Aug  1   0: 0: 0
2026-03-20 06:31:08,151 - isca - DEBUG - 
2026-03-20 06:31:08,151 - isca - WARNING - WARNING from PE    0: diag_util_mod::opening_file: module/field_name (socrates/soc_toa_sw_down_clr) NOT registered
2026-03-20 06:31:08,151 - isca - DEBUG - 
2026-03-20 06:31:08,151 - isca - DEBUG - 
2026-03-20 06:31:08,151 - isca - WARNING - WARNING from PE    0: diag_util_mod::opening_file: module/field_name (socrates/soc_toa_sw_down_clr) NOT registered
2026-03-20 06:31:08,151 - isca - DEBUG - 
2026-03-20 06:31:08,151 - isca - DEBUG - 
2026-03-20 06:31:08,151 - isca - WARNING - WARNING from PE    0: diag_util_mod::opening_file: module/field_name (cloud_simple/rh_min) NOT registered
2026-03-20 06:31:08,151 - isca - DEBUG - 
2026-03-20 06:31:08,151 - isca - DEBUG - 
2026-03-20 06:31:08,151 - isca - WARNING - WARNING from PE    0: diag_util_mod::opening_file: module/field_name (cloud_simple/rh_min) NOT registered
2026-03-20 06:31:08,151 - isca - DEBUG - 
2026-03-20 06:31:08,163 - isca - DEBUG - NOTE from PE    0: MPP_IO_SET_STACK_SIZE: stack size set to     393216.
2026-03-20 06:31:08,281 - isca - DEBUG - MPP_DOMAINS_STACK high water mark=       49152
2026-03-20 06:31:08,281 - isca - DEBUG - 
2026-03-20 06:31:08,281 - isca - DEBUG - Tabulating mpp_clock statistics across     16 PEs...
2026-03-20 06:31:08,281 - isca - DEBUG - 
2026-03-20 06:31:08,281 - isca - DEBUG - tmin          tmax          tavg          tstd  tfrac grain pemin pemax
2026-03-20 06:31:08,281 - isca - DEBUG - Total runtime                       935.018109    935.024339    935.021471      0.001811  1.000     0     0    15
2026-03-20 06:31:08,282 - isca - DEBUG - MPP_STACK high water mark=           0
2026-03-20 06:31:08,434 - isca - INFO - Run 19 complete
2026-03-20 06:31:09,383 - isca - DEBUG - atmos_monthly.nc combined and copied to data directory
2026-03-20 06:31:12,620 - isca - INFO - Restart archive created at /proj/bolinc/users/x_ryabo/Isca-Ryan_outputs/Earth_1840/restarts/res0019.tar.gz
2026-03-20 06:31:12,632 - isca - INFO - Writing namelist to '/proj/bolinc/users/x_ryabo/Isca-Ryan_outputs/Earth_1840/run0019/input.nml'
2026-03-20 06:31:12,634 - isca - INFO - Writing field_table to '/proj/bolinc/users/x_ryabo/Isca-Ryan_outputs/Earth_1840/run0019/field_table'
2026-03-20 06:31:12,649 - isca - INFO - Writing diag_table to '/proj/bolinc/users/x_ryabo/Isca-Ryan_outputs/Earth_1840/run0019/diag_table'
2026-03-20 06:31:13,043 - isca - INFO - Emptied run directory '/home/x_ryabo/Isca-Ryan_tmp/experiment/Earth_1840/run'
2026-03-20 06:31:13,063 - isca - INFO - Emptied run directory '/home/x_ryabo/Isca-Ryan_tmp/experiment/Earth_1840/run'
2026-03-20 06:31:13,393 - isca - INFO - Writing namelist to '/home/x_ryabo/Isca-Ryan_tmp/experiment/Earth_1840/run/input.nml'
2026-03-20 06:31:13,394 - isca - INFO - Writing field_table to '/home/x_ryabo/Isca-Ryan_tmp/experiment/Earth_1840/run/field_table'
2026-03-20 06:31:13,406 - isca - INFO - Writing diag_table to '/home/x_ryabo/Isca-Ryan_tmp/experiment/Earth_1840/run/diag_table'
2026-03-20 06:31:13,435 - isca - INFO - Using restart file '/proj/bolinc/users/x_ryabo/Isca-Ryan_outputs/Earth_1840/restarts/res0019.tar.gz'
2026-03-20 06:31:13,852 - isca - INFO - Restart /proj/bolinc/users/x_ryabo/Isca-Ryan_outputs/Earth_1840/restarts/res0019.tar.gz extracted to /home/x_ryabo/Isca-Ryan_tmp/experiment/Earth_1840/run/INPUT
2026-03-20 06:31:13,853 - isca - INFO - Beginning run 20
2026-03-20 06:31:13,868 - isca - INFO - process running as 2537452
2026-03-20 06:31:13,868 - isca - DEBUG - loadmodules for Isca on NSC cluster Tetralith
2026-03-20 06:31:13,869 - isca - DEBUG - mpiifort
2026-03-20 06:31:13,983 - isca - DEBUG - The following modules were not unloaded:
2026-03-20 06:31:13,983 - isca - DEBUG - (Use "module --force purge" to unload all):
2026-03-20 06:31:13,983 - isca - DEBUG - 
2026-03-20 06:31:13,983 - isca - DEBUG - 1) hpc/.1.10.1
2026-03-20 06:31:14,091 - isca - DEBUG - ***************************************************
2026-03-20 06:31:14,091 - isca - DEBUG - You have loaded a buildenv module
2026-03-20 06:31:14,091 - isca - DEBUG - ***************************************************
2026-03-20 06:31:14,091 - isca - DEBUG - The buldenv-intel module makes available:
2026-03-20 06:31:14,091 - isca - DEBUG - - Compilers: icc, ifort, etc.
2026-03-20 06:31:14,091 - isca - DEBUG - - Mpi library with mpi-wrapped compilers: intel mpi with mpicc, mpifort, etc.
2026-03-20 06:31:14,091 - isca - DEBUG - - Numerical libraries: intel MKL
2026-03-20 06:31:14,091 - isca - DEBUG - 
2026-03-20 06:31:14,091 - isca - DEBUG - It also makes a set of dependency library modules available via
2026-03-20 06:31:14,091 - isca - DEBUG - the regular module command. Just do:
2026-03-20 06:31:14,091 - isca - DEBUG - module avail
2026-03-20 06:31:14,091 - isca - DEBUG - to see what is available.
2026-03-20 06:31:14,091 - isca - DEBUG - 
2026-03-20 06:31:14,091 - isca - DEBUG - NOTE: You shoud never load build environments inside submitted jobs.
2026-03-20 06:31:14,091 - isca - DEBUG - (with the single exception of when using supercomputer time to compile code.)
2026-03-20 06:31:14,091 - isca - DEBUG - 
2026-03-20 06:31:15,275 - isca - DEBUG - NOTE from PE    0: MPP_DOMAINS_SET_STACK_SIZE: stack size set to    32768.
2026-03-20 06:31:15,275 - isca - DEBUG - &MPP_IO_NML
2026-03-20 06:31:15,275 - isca - DEBUG - HEADER_BUFFER_VAL       =       16384,
2026-03-20 06:31:15,275 - isca - DEBUG - GLOBAL_FIELD_ON_ROOT_PE = T,
2026-03-20 06:31:15,276 - isca - DEBUG - IO_CLOCKS_ON    = F,
2026-03-20 06:31:15,276 - isca - DEBUG - SHUFFLE =           0,
2026-03-20 06:31:15,276 - isca - DEBUG - DEFLATE_LEVEL   =          -1
2026-03-20 06:31:15,276 - isca - DEBUG - /
2026-03-20 06:31:15,277 - isca - DEBUG - NOTE from PE    0: MPP_IO_SET_STACK_SIZE: stack size set to     131072.
2026-03-20 06:31:15,281 - isca - DEBUG - NOTE from PE    0: MPP_DOMAINS_SET_STACK_SIZE: stack size set to   600000.
2026-03-20 06:31:15,289 - isca - DEBUG - starting            1  OpenMP threads per MPI-task
2026-03-20 06:31:15,291 - isca - DEBUG - ATMOS MODEL DOMAIN DECOMPOSITION
2026-03-20 06:31:15,291 - isca - DEBUG - X-AXIS =  128
2026-03-20 06:31:15,291 - isca - DEBUG - Y-AXIS =    4   4   4   4   4   4   4   4   4   4   4   4   4   4   4   4
2026-03-20 06:31:15,346 - isca - DEBUG - NOTE from PE    0: cloud_simple: Using SimCloud cloud scheme
2026-03-20 06:31:15,346 - isca - DEBUG - NOTE from PE    0: ls_cloud: Using Sundqvist (1989) cloud fraction diagnostic formula.
2026-03-20 06:31:15,347 - isca - DEBUG - NOTE from PE    0: cloud_cover: The cloud overlap assumption is MAXIMUM-RANDOM
2026-03-20 06:31:15,347 - isca - DEBUG - NOTE from PE    0: idealized_moist_phys: Using Frierson Quasi-Equilibrium convection scheme.
2026-03-20 06:31:15,356 - isca - DEBUG - 
2026-03-20 06:31:15,356 - isca - WARNING - WARNING from PE    0: socrates_init: lw_hires_spectral_filename is unset, making equal to lw_spectral_filename
2026-03-20 06:31:15,356 - isca - DEBUG - 
2026-03-20 06:31:15,356 - isca - DEBUG - 
2026-03-20 06:31:15,356 - isca - WARNING - WARNING from PE    0: socrates_init: sw_hires_spectral_filename is unset, making equal to sw_spectral_filename
2026-03-20 06:31:15,356 - isca - DEBUG - 
2026-03-20 06:31:15,356 - isca - DEBUG - 
2026-03-20 06:31:15,356 - isca - WARNING - WARNING from PE    0: socrates_init: lw_hires_spectral_filename is unset, making equal to lw_spectral_filename
2026-03-20 06:31:15,356 - isca - DEBUG - 
2026-03-20 06:31:15,356 - isca - DEBUG - 
2026-03-20 06:31:15,356 - isca - WARNING - WARNING from PE    0: socrates_init: sw_hires_spectral_filename is unset, making equal to sw_spectral_filename
2026-03-20 06:31:15,356 - isca - DEBUG - 
2026-03-20 06:31:16,679 - isca - DEBUG - NOTE from PE    0: Interpolator: Using input file with no time dimension - ozone_1990_notime_zero.nc
2026-03-20 06:31:16,680 - isca - DEBUG - Initializing src field : ozone_1990
2026-03-20 06:31:16,682 - isca - DEBUG - 
2026-03-20 06:31:16,682 - isca - DEBUG - -----------------------------------
2026-03-20 06:31:16,682 - isca - DEBUG - ____                       _
2026-03-20 06:31:16,682 - isca - DEBUG - / ___|  ___   ___ _ __ __ _| |_ ___  ___
2026-03-20 06:31:16,682 - isca - DEBUG - \___ \ / _ \ / __|  __/ _` | __/ _ \/ __|
2026-03-20 06:31:16,682 - isca - DEBUG - ___) | (_) | (__| | | (_| | ||  __/\__ \
2026-03-20 06:31:16,682 - isca - DEBUG - |____/ \___/ \___|_|  \__,_|\__\___||___/
2026-03-20 06:31:16,682 - isca - DEBUG - 
2026-03-20 06:31:16,682 - isca - DEBUG - Initialised Socrates v17.03
2026-03-20 06:31:16,682 - isca - DEBUG - Stellar constant =    1840.00000000000
2026-03-20 06:31:16,682 - isca - DEBUG - Longwave spectral file =
2026-03-20 06:31:16,682 - isca - DEBUG - /proj/bolinc/users/x_ryabo/socrates_edited_for_isca/spectral_files_for_GCMs/Sun
2026-03-20 06:31:16,682 - isca - DEBUG - /miniSuran_lw.sf WITH           16  bands
2026-03-20 06:31:16,682 - isca - DEBUG - Longwave hires spectral file =
2026-03-20 06:31:16,682 - isca - DEBUG - /proj/bolinc/users/x_ryabo/socrates_edited_for_isca/spectral_files_for_GCMs/Sun
2026-03-20 06:31:16,682 - isca - DEBUG - /miniSuran_lw.sf WITH           16  bands
2026-03-20 06:31:16,682 - isca - DEBUG - Shortwave spectral file =
2026-03-20 06:31:16,682 - isca - DEBUG - /proj/bolinc/users/x_ryabo/socrates_edited_for_isca/spectral_files_for_GCMs/Sun
2026-03-20 06:31:16,682 - isca - DEBUG - /miniSuran_sw.sf WITH           16  bands
2026-03-20 06:31:16,682 - isca - DEBUG - Shortwave hires spectral file =
2026-03-20 06:31:16,682 - isca - DEBUG - /proj/bolinc/users/x_ryabo/socrates_edited_for_isca/spectral_files_for_GCMs/Sun
2026-03-20 06:31:16,683 - isca - DEBUG - /miniSuran_sw.sf WITH           16  bands
2026-03-20 06:31:16,683 - isca - DEBUG - 
2026-03-20 06:31:16,683 - isca - DEBUG - -----------------------------------
2026-03-20 06:31:16,683 - isca - DEBUG - 
2026-03-20 06:31:47,536 - isca - DEBUG - Integration completed through    2 Aug  2   0: 0: 0
2026-03-20 06:32:18,345 - isca - DEBUG - Integration completed through    2 Aug  3   0: 0: 0
2026-03-20 06:32:49,146 - isca - DEBUG - Integration completed through    2 Aug  4   0: 0: 0
2026-03-20 06:33:20,246 - isca - DEBUG - Integration completed through    2 Aug  5   0: 0: 0
2026-03-20 06:33:50,965 - isca - DEBUG - Integration completed through    2 Aug  6   0: 0: 0
2026-03-20 06:34:22,196 - isca - DEBUG - Integration completed through    2 Aug  7   0: 0: 0
2026-03-20 06:34:53,041 - isca - DEBUG - Integration completed through    2 Aug  8   0: 0: 0
2026-03-20 06:35:24,216 - isca - DEBUG - Integration completed through    2 Aug  9   0: 0: 0
2026-03-20 06:35:55,042 - isca - DEBUG - Integration completed through    2 Aug 10   0: 0: 0
2026-03-20 06:36:26,328 - isca - DEBUG - Integration completed through    2 Aug 11   0: 0: 0
2026-03-20 06:36:57,186 - isca - DEBUG - Integration completed through    2 Aug 12   0: 0: 0
2026-03-20 06:37:28,366 - isca - DEBUG - Integration completed through    2 Aug 13   0: 0: 0
2026-03-20 06:37:59,158 - isca - DEBUG - Integration completed through    2 Aug 14   0: 0: 0
2026-03-20 06:38:29,963 - isca - DEBUG - Integration completed through    2 Aug 15   0: 0: 0
2026-03-20 06:39:00,719 - isca - DEBUG - Integration completed through    2 Aug 16   0: 0: 0
2026-03-20 06:39:31,453 - isca - DEBUG - Integration completed through    2 Aug 17   0: 0: 0
2026-03-20 06:40:02,180 - isca - DEBUG - Integration completed through    2 Aug 18   0: 0: 0
2026-03-20 06:40:32,943 - isca - DEBUG - Integration completed through    2 Aug 19   0: 0: 0
2026-03-20 06:41:03,632 - isca - DEBUG - Integration completed through    2 Aug 20   0: 0: 0
2026-03-20 06:41:34,750 - isca - DEBUG - Integration completed through    2 Aug 21   0: 0: 0
2026-03-20 06:42:05,523 - isca - DEBUG - Integration completed through    2 Aug 22   0: 0: 0
2026-03-20 06:42:36,424 - isca - DEBUG - Integration completed through    2 Aug 23   0: 0: 0
2026-03-20 06:43:07,247 - isca - DEBUG - Integration completed through    2 Aug 24   0: 0: 0
2026-03-20 06:43:38,456 - isca - DEBUG - Integration completed through    2 Aug 25   0: 0: 0
2026-03-20 06:44:09,323 - isca - DEBUG - Integration completed through    2 Aug 26   0: 0: 0
2026-03-20 06:44:40,552 - isca - DEBUG - Integration completed through    2 Aug 27   0: 0: 0
2026-03-20 06:45:11,387 - isca - DEBUG - Integration completed through    2 Aug 28   0: 0: 0
2026-03-20 06:45:42,267 - isca - DEBUG - Integration completed through    2 Aug 29   0: 0: 0
2026-03-20 06:46:13,126 - isca - DEBUG - Integration completed through    2 Aug 30   0: 0: 0
2026-03-20 06:46:44,071 - isca - DEBUG - Integration completed through    2 Sep  1   0: 0: 0
2026-03-20 06:46:44,080 - isca - DEBUG - 
2026-03-20 06:46:44,080 - isca - WARNING - WARNING from PE    0: diag_util_mod::opening_file: module/field_name (socrates/soc_toa_sw_down_clr) NOT registered
2026-03-20 06:46:44,081 - isca - DEBUG - 
2026-03-20 06:46:44,081 - isca - DEBUG - 
2026-03-20 06:46:44,081 - isca - WARNING - WARNING from PE    0: diag_util_mod::opening_file: module/field_name (socrates/soc_toa_sw_down_clr) NOT registered
2026-03-20 06:46:44,081 - isca - DEBUG - 
2026-03-20 06:46:44,081 - isca - DEBUG - 
2026-03-20 06:46:44,081 - isca - WARNING - WARNING from PE    0: diag_util_mod::opening_file: module/field_name (cloud_simple/rh_min) NOT registered
2026-03-20 06:46:44,081 - isca - DEBUG - 
2026-03-20 06:46:44,082 - isca - DEBUG - 
2026-03-20 06:46:44,082 - isca - WARNING - WARNING from PE    0: diag_util_mod::opening_file: module/field_name (cloud_simple/rh_min) NOT registered
2026-03-20 06:46:44,082 - isca - DEBUG - 
2026-03-20 06:46:44,093 - isca - DEBUG - NOTE from PE    0: MPP_IO_SET_STACK_SIZE: stack size set to     393216.
2026-03-20 06:46:44,205 - isca - DEBUG - MPP_DOMAINS_STACK high water mark=       49152
2026-03-20 06:46:44,205 - isca - DEBUG - 
2026-03-20 06:46:44,205 - isca - DEBUG - Tabulating mpp_clock statistics across     16 PEs...
2026-03-20 06:46:44,205 - isca - DEBUG - 
2026-03-20 06:46:44,206 - isca - DEBUG - tmin          tmax          tavg          tstd  tfrac grain pemin pemax
2026-03-20 06:46:44,206 - isca - DEBUG - Total runtime                       928.926744    928.933088    928.931649      0.001606  1.000     0     0    15
2026-03-20 06:46:44,206 - isca - DEBUG - MPP_STACK high water mark=           0
2026-03-20 06:46:44,266 - isca - INFO - Run 20 complete
2026-03-20 06:46:45,298 - isca - DEBUG - atmos_monthly.nc combined and copied to data directory
2026-03-20 06:46:48,527 - isca - INFO - Restart archive created at /proj/bolinc/users/x_ryabo/Isca-Ryan_outputs/Earth_1840/restarts/res0020.tar.gz
2026-03-20 06:46:48,555 - isca - INFO - Writing namelist to '/proj/bolinc/users/x_ryabo/Isca-Ryan_outputs/Earth_1840/run0020/input.nml'
2026-03-20 06:46:48,557 - isca - INFO - Writing field_table to '/proj/bolinc/users/x_ryabo/Isca-Ryan_outputs/Earth_1840/run0020/field_table'
2026-03-20 06:46:48,568 - isca - INFO - Writing diag_table to '/proj/bolinc/users/x_ryabo/Isca-Ryan_outputs/Earth_1840/run0020/diag_table'
2026-03-20 06:46:48,925 - isca - INFO - Emptied run directory '/home/x_ryabo/Isca-Ryan_tmp/experiment/Earth_1840/run'
2026-03-20 06:46:48,944 - isca - INFO - Emptied run directory '/home/x_ryabo/Isca-Ryan_tmp/experiment/Earth_1840/run'
2026-03-20 06:46:49,275 - isca - INFO - Writing namelist to '/home/x_ryabo/Isca-Ryan_tmp/experiment/Earth_1840/run/input.nml'
2026-03-20 06:46:49,277 - isca - INFO - Writing field_table to '/home/x_ryabo/Isca-Ryan_tmp/experiment/Earth_1840/run/field_table'
2026-03-20 06:46:49,288 - isca - INFO - Writing diag_table to '/home/x_ryabo/Isca-Ryan_tmp/experiment/Earth_1840/run/diag_table'
2026-03-20 06:46:49,301 - isca - INFO - Using restart file '/proj/bolinc/users/x_ryabo/Isca-Ryan_outputs/Earth_1840/restarts/res0020.tar.gz'
2026-03-20 06:46:49,729 - isca - INFO - Restart /proj/bolinc/users/x_ryabo/Isca-Ryan_outputs/Earth_1840/restarts/res0020.tar.gz extracted to /home/x_ryabo/Isca-Ryan_tmp/experiment/Earth_1840/run/INPUT
2026-03-20 06:46:49,730 - isca - INFO - Beginning run 21
2026-03-20 06:46:49,742 - isca - INFO - process running as 2538389
2026-03-20 06:46:49,742 - isca - DEBUG - loadmodules for Isca on NSC cluster Tetralith
2026-03-20 06:46:49,742 - isca - DEBUG - mpiifort
2026-03-20 06:46:49,858 - isca - DEBUG - The following modules were not unloaded:
2026-03-20 06:46:49,858 - isca - DEBUG - (Use "module --force purge" to unload all):
2026-03-20 06:46:49,858 - isca - DEBUG - 
2026-03-20 06:46:49,858 - isca - DEBUG - 1) hpc/.1.10.1
2026-03-20 06:46:49,966 - isca - DEBUG - ***************************************************
2026-03-20 06:46:49,966 - isca - DEBUG - You have loaded a buildenv module
2026-03-20 06:46:49,966 - isca - DEBUG - ***************************************************
2026-03-20 06:46:49,966 - isca - DEBUG - The buldenv-intel module makes available:
2026-03-20 06:46:49,966 - isca - DEBUG - - Compilers: icc, ifort, etc.
2026-03-20 06:46:49,966 - isca - DEBUG - - Mpi library with mpi-wrapped compilers: intel mpi with mpicc, mpifort, etc.
2026-03-20 06:46:49,966 - isca - DEBUG - - Numerical libraries: intel MKL
2026-03-20 06:46:49,966 - isca - DEBUG - 
2026-03-20 06:46:49,967 - isca - DEBUG - It also makes a set of dependency library modules available via
2026-03-20 06:46:49,967 - isca - DEBUG - the regular module command. Just do:
2026-03-20 06:46:49,967 - isca - DEBUG - module avail
2026-03-20 06:46:49,967 - isca - DEBUG - to see what is available.
2026-03-20 06:46:49,967 - isca - DEBUG - 
2026-03-20 06:46:49,967 - isca - DEBUG - NOTE: You shoud never load build environments inside submitted jobs.
2026-03-20 06:46:49,967 - isca - DEBUG - (with the single exception of when using supercomputer time to compile code.)
2026-03-20 06:46:49,967 - isca - DEBUG - 
2026-03-20 06:46:51,104 - isca - DEBUG - NOTE from PE    0: MPP_DOMAINS_SET_STACK_SIZE: stack size set to    32768.
2026-03-20 06:46:51,104 - isca - DEBUG - &MPP_IO_NML
2026-03-20 06:46:51,104 - isca - DEBUG - HEADER_BUFFER_VAL       =       16384,
2026-03-20 06:46:51,104 - isca - DEBUG - GLOBAL_FIELD_ON_ROOT_PE = T,
2026-03-20 06:46:51,104 - isca - DEBUG - IO_CLOCKS_ON    = F,
2026-03-20 06:46:51,104 - isca - DEBUG - SHUFFLE =           0,
2026-03-20 06:46:51,105 - isca - DEBUG - DEFLATE_LEVEL   =          -1
2026-03-20 06:46:51,105 - isca - DEBUG - /
2026-03-20 06:46:51,106 - isca - DEBUG - NOTE from PE    0: MPP_IO_SET_STACK_SIZE: stack size set to     131072.
2026-03-20 06:46:51,107 - isca - DEBUG - NOTE from PE    0: MPP_DOMAINS_SET_STACK_SIZE: stack size set to   600000.
2026-03-20 06:46:51,114 - isca - DEBUG - starting            1  OpenMP threads per MPI-task
2026-03-20 06:46:51,116 - isca - DEBUG - ATMOS MODEL DOMAIN DECOMPOSITION
2026-03-20 06:46:51,116 - isca - DEBUG - X-AXIS =  128
2026-03-20 06:46:51,116 - isca - DEBUG - Y-AXIS =    4   4   4   4   4   4   4   4   4   4   4   4   4   4   4   4
2026-03-20 06:46:51,175 - isca - DEBUG - NOTE from PE    0: cloud_simple: Using SimCloud cloud scheme
2026-03-20 06:46:51,176 - isca - DEBUG - NOTE from PE    0: ls_cloud: Using Sundqvist (1989) cloud fraction diagnostic formula.
2026-03-20 06:46:51,177 - isca - DEBUG - NOTE from PE    0: cloud_cover: The cloud overlap assumption is MAXIMUM-RANDOM
2026-03-20 06:46:51,177 - isca - DEBUG - NOTE from PE    0: idealized_moist_phys: Using Frierson Quasi-Equilibrium convection scheme.
2026-03-20 06:46:51,185 - isca - DEBUG - 
2026-03-20 06:46:51,185 - isca - WARNING - WARNING from PE    0: socrates_init: lw_hires_spectral_filename is unset, making equal to lw_spectral_filename
2026-03-20 06:46:51,186 - isca - DEBUG - 
2026-03-20 06:46:51,186 - isca - DEBUG - 
2026-03-20 06:46:51,186 - isca - WARNING - WARNING from PE    0: socrates_init: lw_hires_spectral_filename is unset, making equal to lw_spectral_filename
2026-03-20 06:46:51,186 - isca - DEBUG - 
2026-03-20 06:46:51,186 - isca - DEBUG - 
2026-03-20 06:46:51,186 - isca - WARNING - WARNING from PE    0: socrates_init: sw_hires_spectral_filename is unset, making equal to sw_spectral_filename
2026-03-20 06:46:51,186 - isca - DEBUG - 
2026-03-20 06:46:51,186 - isca - DEBUG - 
2026-03-20 06:46:51,186 - isca - WARNING - WARNING from PE    0: socrates_init: sw_hires_spectral_filename is unset, making equal to sw_spectral_filename
2026-03-20 06:46:51,186 - isca - DEBUG - 
2026-03-20 06:46:52,379 - isca - DEBUG - NOTE from PE    0: Interpolator: Using input file with no time dimension - ozone_1990_notime_zero.nc
2026-03-20 06:46:52,379 - isca - DEBUG - Initializing src field : ozone_1990
2026-03-20 06:46:52,382 - isca - DEBUG - 
2026-03-20 06:46:52,382 - isca - DEBUG - -----------------------------------
2026-03-20 06:46:52,382 - isca - DEBUG - ____                       _
2026-03-20 06:46:52,382 - isca - DEBUG - / ___|  ___   ___ _ __ __ _| |_ ___  ___
2026-03-20 06:46:52,382 - isca - DEBUG - \___ \ / _ \ / __|  __/ _` | __/ _ \/ __|
2026-03-20 06:46:52,382 - isca - DEBUG - ___) | (_) | (__| | | (_| | ||  __/\__ \
2026-03-20 06:46:52,382 - isca - DEBUG - |____/ \___/ \___|_|  \__,_|\__\___||___/
2026-03-20 06:46:52,382 - isca - DEBUG - 
2026-03-20 06:46:52,382 - isca - DEBUG - Initialised Socrates v17.03
2026-03-20 06:46:52,382 - isca - DEBUG - Stellar constant =    1840.00000000000
2026-03-20 06:46:52,382 - isca - DEBUG - Longwave spectral file =
2026-03-20 06:46:52,382 - isca - DEBUG - /proj/bolinc/users/x_ryabo/socrates_edited_for_isca/spectral_files_for_GCMs/Sun
2026-03-20 06:46:52,382 - isca - DEBUG - /miniSuran_lw.sf WITH           16  bands
2026-03-20 06:46:52,382 - isca - DEBUG - Longwave hires spectral file =
2026-03-20 06:46:52,382 - isca - DEBUG - /proj/bolinc/users/x_ryabo/socrates_edited_for_isca/spectral_files_for_GCMs/Sun
2026-03-20 06:46:52,382 - isca - DEBUG - /miniSuran_lw.sf WITH           16  bands
2026-03-20 06:46:52,382 - isca - DEBUG - Shortwave spectral file =
2026-03-20 06:46:52,382 - isca - DEBUG - /proj/bolinc/users/x_ryabo/socrates_edited_for_isca/spectral_files_for_GCMs/Sun
2026-03-20 06:46:52,382 - isca - DEBUG - /miniSuran_sw.sf WITH           16  bands
2026-03-20 06:46:52,383 - isca - DEBUG - Shortwave hires spectral file =
2026-03-20 06:46:52,383 - isca - DEBUG - /proj/bolinc/users/x_ryabo/socrates_edited_for_isca/spectral_files_for_GCMs/Sun
2026-03-20 06:46:52,383 - isca - DEBUG - /miniSuran_sw.sf WITH           16  bands
2026-03-20 06:46:52,383 - isca - DEBUG - 
2026-03-20 06:46:52,383 - isca - DEBUG - -----------------------------------
2026-03-20 06:46:52,383 - isca - DEBUG - 
2026-03-20 06:47:23,622 - isca - DEBUG - Integration completed through    2 Sep  2   0: 0: 0
2026-03-20 06:47:54,458 - isca - DEBUG - Integration completed through    2 Sep  3   0: 0: 0
2026-03-20 06:48:25,309 - isca - DEBUG - Integration completed through    2 Sep  4   0: 0: 0
2026-03-20 06:48:56,093 - isca - DEBUG - Integration completed through    2 Sep  5   0: 0: 0
2026-03-20 06:49:26,866 - isca - DEBUG - Integration completed through    2 Sep  6   0: 0: 0
2026-03-20 06:49:57,585 - isca - DEBUG - Integration completed through    2 Sep  7   0: 0: 0
2026-03-20 06:50:28,377 - isca - DEBUG - Integration completed through    2 Sep  8   0: 0: 0
2026-03-20 06:50:59,076 - isca - DEBUG - Integration completed through    2 Sep  9   0: 0: 0
2026-03-20 06:51:29,843 - isca - DEBUG - Integration completed through    2 Sep 10   0: 0: 0
2026-03-20 06:52:00,601 - isca - DEBUG - Integration completed through    2 Sep 11   0: 0: 0
2026-03-20 06:52:31,352 - isca - DEBUG - Integration completed through    2 Sep 12   0: 0: 0
2026-03-20 06:53:02,154 - isca - DEBUG - Integration completed through    2 Sep 13   0: 0: 0
2026-03-20 06:53:32,925 - isca - DEBUG - Integration completed through    2 Sep 14   0: 0: 0
2026-03-20 06:54:03,741 - isca - DEBUG - Integration completed through    2 Sep 15   0: 0: 0
2026-03-20 06:54:34,570 - isca - DEBUG - Integration completed through    2 Sep 16   0: 0: 0
2026-03-20 06:55:05,358 - isca - DEBUG - Integration completed through    2 Sep 17   0: 0: 0
2026-03-20 06:55:36,208 - isca - DEBUG - Integration completed through    2 Sep 18   0: 0: 0
2026-03-20 06:56:07,096 - isca - DEBUG - Integration completed through    2 Sep 19   0: 0: 0
2026-03-20 06:56:38,064 - isca - DEBUG - Integration completed through    2 Sep 20   0: 0: 0
2026-03-20 06:57:08,910 - isca - DEBUG - Integration completed through    2 Sep 21   0: 0: 0
2026-03-20 06:57:39,757 - isca - DEBUG - Integration completed through    2 Sep 22   0: 0: 0
2026-03-20 06:58:10,623 - isca - DEBUG - Integration completed through    2 Sep 23   0: 0: 0
2026-03-20 06:58:41,468 - isca - DEBUG - Integration completed through    2 Sep 24   0: 0: 0
2026-03-20 06:59:12,337 - isca - DEBUG - Integration completed through    2 Sep 25   0: 0: 0
2026-03-20 06:59:43,498 - isca - DEBUG - Integration completed through    2 Sep 26   0: 0: 0
2026-03-20 07:00:14,300 - isca - DEBUG - Integration completed through    2 Sep 27   0: 0: 0
2026-03-20 07:00:45,621 - isca - DEBUG - Integration completed through    2 Sep 28   0: 0: 0
2026-03-20 07:01:16,418 - isca - DEBUG - Integration completed through    2 Sep 29   0: 0: 0
2026-03-20 07:01:47,627 - isca - DEBUG - Integration completed through    2 Sep 30   0: 0: 0
2026-03-20 07:02:18,361 - isca - DEBUG - Integration completed through    2 Oct  1   0: 0: 0
2026-03-20 07:02:18,371 - isca - DEBUG - 
2026-03-20 07:02:18,371 - isca - WARNING - WARNING from PE    0: diag_util_mod::opening_file: module/field_name (socrates/soc_toa_sw_down_clr) NOT registered
2026-03-20 07:02:18,371 - isca - DEBUG - 
2026-03-20 07:02:18,371 - isca - DEBUG - 
2026-03-20 07:02:18,371 - isca - WARNING - WARNING from PE    0: diag_util_mod::opening_file: module/field_name (socrates/soc_toa_sw_down_clr) NOT registered
2026-03-20 07:02:18,371 - isca - DEBUG - 
2026-03-20 07:02:18,371 - isca - DEBUG - 
2026-03-20 07:02:18,371 - isca - WARNING - WARNING from PE    0: diag_util_mod::opening_file: module/field_name (cloud_simple/rh_min) NOT registered
2026-03-20 07:02:18,371 - isca - DEBUG - 
2026-03-20 07:02:18,371 - isca - DEBUG - 
2026-03-20 07:02:18,371 - isca - WARNING - WARNING from PE    0: diag_util_mod::opening_file: module/field_name (cloud_simple/rh_min) NOT registered
2026-03-20 07:02:18,371 - isca - DEBUG - 
2026-03-20 07:02:18,382 - isca - DEBUG - NOTE from PE    0: MPP_IO_SET_STACK_SIZE: stack size set to     393216.
2026-03-20 07:02:18,532 - isca - DEBUG - MPP_DOMAINS_STACK high water mark=       49152
2026-03-20 07:02:18,533 - isca - DEBUG - 
2026-03-20 07:02:18,533 - isca - DEBUG - Tabulating mpp_clock statistics across     16 PEs...
2026-03-20 07:02:18,533 - isca - DEBUG - 
2026-03-20 07:02:18,533 - isca - DEBUG - tmin          tmax          tavg          tstd  tfrac grain pemin pemax
2026-03-20 07:02:18,533 - isca - DEBUG - Total runtime                       927.428080    927.431406    927.429661      0.000989  1.000     0     0    15
2026-03-20 07:02:18,533 - isca - DEBUG - MPP_STACK high water mark=           0
2026-03-20 07:02:18,629 - isca - INFO - Run 21 complete
2026-03-20 07:02:19,559 - isca - DEBUG - atmos_monthly.nc combined and copied to data directory
2026-03-20 07:02:22,809 - isca - INFO - Restart archive created at /proj/bolinc/users/x_ryabo/Isca-Ryan_outputs/Earth_1840/restarts/res0021.tar.gz
2026-03-20 07:02:22,822 - isca - INFO - Writing namelist to '/proj/bolinc/users/x_ryabo/Isca-Ryan_outputs/Earth_1840/run0021/input.nml'
2026-03-20 07:02:22,823 - isca - INFO - Writing field_table to '/proj/bolinc/users/x_ryabo/Isca-Ryan_outputs/Earth_1840/run0021/field_table'
2026-03-20 07:02:22,834 - isca - INFO - Writing diag_table to '/proj/bolinc/users/x_ryabo/Isca-Ryan_outputs/Earth_1840/run0021/diag_table'
2026-03-20 07:02:23,207 - isca - INFO - Emptied run directory '/home/x_ryabo/Isca-Ryan_tmp/experiment/Earth_1840/run'
2026-03-20 07:02:23,230 - isca - INFO - Emptied run directory '/home/x_ryabo/Isca-Ryan_tmp/experiment/Earth_1840/run'
2026-03-20 07:02:23,562 - isca - INFO - Writing namelist to '/home/x_ryabo/Isca-Ryan_tmp/experiment/Earth_1840/run/input.nml'
2026-03-20 07:02:23,563 - isca - INFO - Writing field_table to '/home/x_ryabo/Isca-Ryan_tmp/experiment/Earth_1840/run/field_table'
2026-03-20 07:02:23,575 - isca - INFO - Writing diag_table to '/home/x_ryabo/Isca-Ryan_tmp/experiment/Earth_1840/run/diag_table'
2026-03-20 07:02:23,592 - isca - INFO - Using restart file '/proj/bolinc/users/x_ryabo/Isca-Ryan_outputs/Earth_1840/restarts/res0021.tar.gz'
2026-03-20 07:02:24,013 - isca - INFO - Restart /proj/bolinc/users/x_ryabo/Isca-Ryan_outputs/Earth_1840/restarts/res0021.tar.gz extracted to /home/x_ryabo/Isca-Ryan_tmp/experiment/Earth_1840/run/INPUT
2026-03-20 07:02:24,013 - isca - INFO - Beginning run 22
2026-03-20 07:02:24,025 - isca - INFO - process running as 2539366
2026-03-20 07:02:24,025 - isca - DEBUG - loadmodules for Isca on NSC cluster Tetralith
2026-03-20 07:02:24,025 - isca - DEBUG - mpiifort
2026-03-20 07:02:24,142 - isca - DEBUG - The following modules were not unloaded:
2026-03-20 07:02:24,142 - isca - DEBUG - (Use "module --force purge" to unload all):
2026-03-20 07:02:24,142 - isca - DEBUG - 
2026-03-20 07:02:24,142 - isca - DEBUG - 1) hpc/.1.10.1
2026-03-20 07:02:24,251 - isca - DEBUG - ***************************************************
2026-03-20 07:02:24,251 - isca - DEBUG - You have loaded a buildenv module
2026-03-20 07:02:24,251 - isca - DEBUG - ***************************************************
2026-03-20 07:02:24,251 - isca - DEBUG - The buldenv-intel module makes available:
2026-03-20 07:02:24,251 - isca - DEBUG - - Compilers: icc, ifort, etc.
2026-03-20 07:02:24,251 - isca - DEBUG - - Mpi library with mpi-wrapped compilers: intel mpi with mpicc, mpifort, etc.
2026-03-20 07:02:24,251 - isca - DEBUG - - Numerical libraries: intel MKL
2026-03-20 07:02:24,251 - isca - DEBUG - 
2026-03-20 07:02:24,251 - isca - DEBUG - It also makes a set of dependency library modules available via
2026-03-20 07:02:24,251 - isca - DEBUG - the regular module command. Just do:
2026-03-20 07:02:24,251 - isca - DEBUG - module avail
2026-03-20 07:02:24,251 - isca - DEBUG - to see what is available.
2026-03-20 07:02:24,251 - isca - DEBUG - 
2026-03-20 07:02:24,251 - isca - DEBUG - NOTE: You shoud never load build environments inside submitted jobs.
2026-03-20 07:02:24,251 - isca - DEBUG - (with the single exception of when using supercomputer time to compile code.)
2026-03-20 07:02:24,251 - isca - DEBUG - 
2026-03-20 07:02:26,224 - isca - DEBUG - NOTE from PE    0: MPP_DOMAINS_SET_STACK_SIZE: stack size set to    32768.
2026-03-20 07:02:26,225 - isca - DEBUG - &MPP_IO_NML
2026-03-20 07:02:26,225 - isca - DEBUG - HEADER_BUFFER_VAL       =       16384,
2026-03-20 07:02:26,225 - isca - DEBUG - GLOBAL_FIELD_ON_ROOT_PE = T,
2026-03-20 07:02:26,225 - isca - DEBUG - IO_CLOCKS_ON    = F,
2026-03-20 07:02:26,225 - isca - DEBUG - SHUFFLE =           0,
2026-03-20 07:02:26,225 - isca - DEBUG - DEFLATE_LEVEL   =          -1
2026-03-20 07:02:26,225 - isca - DEBUG - /
2026-03-20 07:02:26,226 - isca - DEBUG - NOTE from PE    0: MPP_IO_SET_STACK_SIZE: stack size set to     131072.
2026-03-20 07:02:26,227 - isca - DEBUG - NOTE from PE    0: MPP_DOMAINS_SET_STACK_SIZE: stack size set to   600000.
2026-03-20 07:02:26,235 - isca - DEBUG - starting            1  OpenMP threads per MPI-task
2026-03-20 07:02:26,236 - isca - DEBUG - ATMOS MODEL DOMAIN DECOMPOSITION
2026-03-20 07:02:26,237 - isca - DEBUG - X-AXIS =  128
2026-03-20 07:02:26,237 - isca - DEBUG - Y-AXIS =    4   4   4   4   4   4   4   4   4   4   4   4   4   4   4   4
2026-03-20 07:02:26,289 - isca - DEBUG - NOTE from PE    0: cloud_simple: Using SimCloud cloud scheme
2026-03-20 07:02:26,290 - isca - DEBUG - NOTE from PE    0: ls_cloud: Using Sundqvist (1989) cloud fraction diagnostic formula.
2026-03-20 07:02:26,290 - isca - DEBUG - NOTE from PE    0: cloud_cover: The cloud overlap assumption is MAXIMUM-RANDOM
2026-03-20 07:02:26,291 - isca - DEBUG - NOTE from PE    0: idealized_moist_phys: Using Frierson Quasi-Equilibrium convection scheme.
2026-03-20 07:02:26,299 - isca - DEBUG - 
2026-03-20 07:02:26,300 - isca - WARNING - WARNING from PE    0: socrates_init: lw_hires_spectral_filename is unset, making equal to lw_spectral_filename
2026-03-20 07:02:26,300 - isca - DEBUG - 
2026-03-20 07:02:26,300 - isca - DEBUG - 
2026-03-20 07:02:26,300 - isca - WARNING - WARNING from PE    0: socrates_init: lw_hires_spectral_filename is unset, making equal to lw_spectral_filename
2026-03-20 07:02:26,300 - isca - DEBUG - 
2026-03-20 07:02:26,300 - isca - DEBUG - 
2026-03-20 07:02:26,300 - isca - WARNING - WARNING from PE    0: socrates_init: sw_hires_spectral_filename is unset, making equal to sw_spectral_filename
2026-03-20 07:02:26,300 - isca - DEBUG - 
2026-03-20 07:02:26,300 - isca - DEBUG - 
2026-03-20 07:02:26,300 - isca - WARNING - WARNING from PE    0: socrates_init: sw_hires_spectral_filename is unset, making equal to sw_spectral_filename
2026-03-20 07:02:26,300 - isca - DEBUG - 
2026-03-20 07:02:27,560 - isca - DEBUG - NOTE from PE    0: Interpolator: Using input file with no time dimension - ozone_1990_notime_zero.nc
2026-03-20 07:02:27,560 - isca - DEBUG - Initializing src field : ozone_1990
2026-03-20 07:02:27,562 - isca - DEBUG - 
2026-03-20 07:02:27,562 - isca - DEBUG - -----------------------------------
2026-03-20 07:02:27,562 - isca - DEBUG - ____                       _
2026-03-20 07:02:27,562 - isca - DEBUG - / ___|  ___   ___ _ __ __ _| |_ ___  ___
2026-03-20 07:02:27,562 - isca - DEBUG - \___ \ / _ \ / __|  __/ _` | __/ _ \/ __|
2026-03-20 07:02:27,562 - isca - DEBUG - ___) | (_) | (__| | | (_| | ||  __/\__ \
2026-03-20 07:02:27,563 - isca - DEBUG - |____/ \___/ \___|_|  \__,_|\__\___||___/
2026-03-20 07:02:27,563 - isca - DEBUG - 
2026-03-20 07:02:27,563 - isca - DEBUG - Initialised Socrates v17.03
2026-03-20 07:02:27,563 - isca - DEBUG - Stellar constant =    1840.00000000000
2026-03-20 07:02:27,563 - isca - DEBUG - Longwave spectral file =
2026-03-20 07:02:27,563 - isca - DEBUG - /proj/bolinc/users/x_ryabo/socrates_edited_for_isca/spectral_files_for_GCMs/Sun
2026-03-20 07:02:27,563 - isca - DEBUG - /miniSuran_lw.sf WITH           16  bands
2026-03-20 07:02:27,563 - isca - DEBUG - Longwave hires spectral file =
2026-03-20 07:02:27,563 - isca - DEBUG - /proj/bolinc/users/x_ryabo/socrates_edited_for_isca/spectral_files_for_GCMs/Sun
2026-03-20 07:02:27,563 - isca - DEBUG - /miniSuran_lw.sf WITH           16  bands
2026-03-20 07:02:27,563 - isca - DEBUG - Shortwave spectral file =
2026-03-20 07:02:27,563 - isca - DEBUG - /proj/bolinc/users/x_ryabo/socrates_edited_for_isca/spectral_files_for_GCMs/Sun
2026-03-20 07:02:27,563 - isca - DEBUG - /miniSuran_sw.sf WITH           16  bands
2026-03-20 07:02:27,563 - isca - DEBUG - Shortwave hires spectral file =
2026-03-20 07:02:27,563 - isca - DEBUG - /proj/bolinc/users/x_ryabo/socrates_edited_for_isca/spectral_files_for_GCMs/Sun
2026-03-20 07:02:27,563 - isca - DEBUG - /miniSuran_sw.sf WITH           16  bands
2026-03-20 07:02:27,563 - isca - DEBUG - 
2026-03-20 07:02:27,563 - isca - DEBUG - -----------------------------------
2026-03-20 07:02:27,563 - isca - DEBUG - 
2026-03-20 07:02:58,451 - isca - DEBUG - Integration completed through    2 Oct  2   0: 0: 0
2026-03-20 07:03:29,601 - isca - DEBUG - Integration completed through    2 Oct  3   0: 0: 0
2026-03-20 07:04:00,404 - isca - DEBUG - Integration completed through    2 Oct  4   0: 0: 0
2026-03-20 07:04:31,688 - isca - DEBUG - Integration completed through    2 Oct  5   0: 0: 0
2026-03-20 07:05:02,608 - isca - DEBUG - Integration completed through    2 Oct  6   0: 0: 0
2026-03-20 07:05:33,880 - isca - DEBUG - Integration completed through    2 Oct  7   0: 0: 0
2026-03-20 07:06:04,780 - isca - DEBUG - Integration completed through    2 Oct  8   0: 0: 0
2026-03-20 07:06:36,034 - isca - DEBUG - Integration completed through    2 Oct  9   0: 0: 0
2026-03-20 07:07:06,880 - isca - DEBUG - Integration completed through    2 Oct 10   0: 0: 0
2026-03-20 07:07:38,113 - isca - DEBUG - Integration completed through    2 Oct 11   0: 0: 0
2026-03-20 07:08:09,042 - isca - DEBUG - Integration completed through    2 Oct 12   0: 0: 0
2026-03-20 07:08:40,431 - isca - DEBUG - Integration completed through    2 Oct 13   0: 0: 0
2026-03-20 07:09:11,362 - isca - DEBUG - Integration completed through    2 Oct 14   0: 0: 0
2026-03-20 07:09:42,319 - isca - DEBUG - Integration completed through    2 Oct 15   0: 0: 0
2026-03-20 07:10:13,220 - isca - DEBUG - Integration completed through    2 Oct 16   0: 0: 0
2026-03-20 07:10:44,538 - isca - DEBUG - Integration completed through    2 Oct 17   0: 0: 0
2026-03-20 07:11:15,483 - isca - DEBUG - Integration completed through    2 Oct 18   0: 0: 0
2026-03-20 07:11:46,825 - isca - DEBUG - Integration completed through    2 Oct 19   0: 0: 0
2026-03-20 07:12:18,194 - isca - DEBUG - Integration completed through    2 Oct 20   0: 0: 0
2026-03-20 07:12:49,150 - isca - DEBUG - Integration completed through    2 Oct 21   0: 0: 0
2026-03-20 07:13:20,380 - isca - DEBUG - Integration completed through    2 Oct 22   0: 0: 0
2026-03-20 07:13:51,416 - isca - DEBUG - Integration completed through    2 Oct 23   0: 0: 0
2026-03-20 07:14:22,671 - isca - DEBUG - Integration completed through    2 Oct 24   0: 0: 0
2026-03-20 07:14:53,599 - isca - DEBUG - Integration completed through    2 Oct 25   0: 0: 0
2026-03-20 07:15:24,976 - isca - DEBUG - Integration completed through    2 Oct 26   0: 0: 0
2026-03-20 07:15:55,867 - isca - DEBUG - Integration completed through    2 Oct 27   0: 0: 0
2026-03-20 07:16:27,325 - isca - DEBUG - Integration completed through    2 Oct 28   0: 0: 0
2026-03-20 07:16:58,267 - isca - DEBUG - Integration completed through    2 Oct 29   0: 0: 0
2026-03-20 07:17:29,578 - isca - DEBUG - Integration completed through    2 Oct 30   0: 0: 0
2026-03-20 07:18:00,523 - isca - DEBUG - Integration completed through    2 Nov  1   0: 0: 0
2026-03-20 07:18:00,533 - isca - DEBUG - 
2026-03-20 07:18:00,533 - isca - WARNING - WARNING from PE    0: diag_util_mod::opening_file: module/field_name (socrates/soc_toa_sw_down_clr) NOT registered
2026-03-20 07:18:00,533 - isca - DEBUG - 
2026-03-20 07:18:00,533 - isca - DEBUG - 
2026-03-20 07:18:00,533 - isca - WARNING - WARNING from PE    0: diag_util_mod::opening_file: module/field_name (socrates/soc_toa_sw_down_clr) NOT registered
2026-03-20 07:18:00,533 - isca - DEBUG - 
2026-03-20 07:18:00,533 - isca - DEBUG - 
2026-03-20 07:18:00,533 - isca - WARNING - WARNING from PE    0: diag_util_mod::opening_file: module/field_name (cloud_simple/rh_min) NOT registered
2026-03-20 07:18:00,533 - isca - DEBUG - 
2026-03-20 07:18:00,533 - isca - DEBUG - 
2026-03-20 07:18:00,533 - isca - WARNING - WARNING from PE    0: diag_util_mod::opening_file: module/field_name (cloud_simple/rh_min) NOT registered
2026-03-20 07:18:00,534 - isca - DEBUG - 
2026-03-20 07:18:00,545 - isca - DEBUG - NOTE from PE    0: MPP_IO_SET_STACK_SIZE: stack size set to     393216.
2026-03-20 07:18:00,707 - isca - DEBUG - MPP_DOMAINS_STACK high water mark=       49152
2026-03-20 07:18:00,707 - isca - DEBUG - 
2026-03-20 07:18:00,707 - isca - DEBUG - Tabulating mpp_clock statistics across     16 PEs...
2026-03-20 07:18:00,707 - isca - DEBUG - 
2026-03-20 07:18:00,708 - isca - DEBUG - tmin          tmax          tavg          tstd  tfrac grain pemin pemax
2026-03-20 07:18:00,708 - isca - DEBUG - Total runtime                       934.480765    934.486612    934.483778      0.001588  1.000     0     0    15
2026-03-20 07:18:00,708 - isca - DEBUG - MPP_STACK high water mark=           0
2026-03-20 07:18:00,856 - isca - INFO - Run 22 complete
2026-03-20 07:18:02,761 - isca - DEBUG - atmos_monthly.nc combined and copied to data directory
2026-03-20 07:18:06,008 - isca - INFO - Restart archive created at /proj/bolinc/users/x_ryabo/Isca-Ryan_outputs/Earth_1840/restarts/res0022.tar.gz
2026-03-20 07:18:06,020 - isca - INFO - Writing namelist to '/proj/bolinc/users/x_ryabo/Isca-Ryan_outputs/Earth_1840/run0022/input.nml'
2026-03-20 07:18:06,024 - isca - INFO - Writing field_table to '/proj/bolinc/users/x_ryabo/Isca-Ryan_outputs/Earth_1840/run0022/field_table'
2026-03-20 07:18:06,034 - isca - INFO - Writing diag_table to '/proj/bolinc/users/x_ryabo/Isca-Ryan_outputs/Earth_1840/run0022/diag_table'
2026-03-20 07:18:06,437 - isca - INFO - Emptied run directory '/home/x_ryabo/Isca-Ryan_tmp/experiment/Earth_1840/run'
2026-03-20 07:18:06,457 - isca - INFO - Emptied run directory '/home/x_ryabo/Isca-Ryan_tmp/experiment/Earth_1840/run'
2026-03-20 07:18:06,785 - isca - INFO - Writing namelist to '/home/x_ryabo/Isca-Ryan_tmp/experiment/Earth_1840/run/input.nml'
2026-03-20 07:18:06,787 - isca - INFO - Writing field_table to '/home/x_ryabo/Isca-Ryan_tmp/experiment/Earth_1840/run/field_table'
2026-03-20 07:18:06,799 - isca - INFO - Writing diag_table to '/home/x_ryabo/Isca-Ryan_tmp/experiment/Earth_1840/run/diag_table'
2026-03-20 07:18:06,812 - isca - INFO - Using restart file '/proj/bolinc/users/x_ryabo/Isca-Ryan_outputs/Earth_1840/restarts/res0022.tar.gz'
2026-03-20 07:18:07,234 - isca - INFO - Restart /proj/bolinc/users/x_ryabo/Isca-Ryan_outputs/Earth_1840/restarts/res0022.tar.gz extracted to /home/x_ryabo/Isca-Ryan_tmp/experiment/Earth_1840/run/INPUT
2026-03-20 07:18:07,235 - isca - INFO - Beginning run 23
2026-03-20 07:18:07,250 - isca - INFO - process running as 2540444
2026-03-20 07:18:07,251 - isca - DEBUG - loadmodules for Isca on NSC cluster Tetralith
2026-03-20 07:18:07,251 - isca - DEBUG - mpiifort
2026-03-20 07:18:07,364 - isca - DEBUG - The following modules were not unloaded:
2026-03-20 07:18:07,364 - isca - DEBUG - (Use "module --force purge" to unload all):
2026-03-20 07:18:07,364 - isca - DEBUG - 
2026-03-20 07:18:07,364 - isca - DEBUG - 1) hpc/.1.10.1
2026-03-20 07:18:07,470 - isca - DEBUG - ***************************************************
2026-03-20 07:18:07,471 - isca - DEBUG - You have loaded a buildenv module
2026-03-20 07:18:07,471 - isca - DEBUG - ***************************************************
2026-03-20 07:18:07,471 - isca - DEBUG - The buldenv-intel module makes available:
2026-03-20 07:18:07,471 - isca - DEBUG - - Compilers: icc, ifort, etc.
2026-03-20 07:18:07,471 - isca - DEBUG - - Mpi library with mpi-wrapped compilers: intel mpi with mpicc, mpifort, etc.
2026-03-20 07:18:07,471 - isca - DEBUG - - Numerical libraries: intel MKL
2026-03-20 07:18:07,471 - isca - DEBUG - 
2026-03-20 07:18:07,471 - isca - DEBUG - It also makes a set of dependency library modules available via
2026-03-20 07:18:07,471 - isca - DEBUG - the regular module command. Just do:
2026-03-20 07:18:07,471 - isca - DEBUG - module avail
2026-03-20 07:18:07,471 - isca - DEBUG - to see what is available.
2026-03-20 07:18:07,471 - isca - DEBUG - 
2026-03-20 07:18:07,471 - isca - DEBUG - NOTE: You shoud never load build environments inside submitted jobs.
2026-03-20 07:18:07,471 - isca - DEBUG - (with the single exception of when using supercomputer time to compile code.)
2026-03-20 07:18:07,471 - isca - DEBUG - 
2026-03-20 07:18:08,960 - isca - DEBUG - NOTE from PE    0: MPP_DOMAINS_SET_STACK_SIZE: stack size set to    32768.
2026-03-20 07:18:08,960 - isca - DEBUG - &MPP_IO_NML
2026-03-20 07:18:08,960 - isca - DEBUG - HEADER_BUFFER_VAL       =       16384,
2026-03-20 07:18:08,961 - isca - DEBUG - GLOBAL_FIELD_ON_ROOT_PE = T,
2026-03-20 07:18:08,961 - isca - DEBUG - IO_CLOCKS_ON    = F,
2026-03-20 07:18:08,961 - isca - DEBUG - SHUFFLE =           0,
2026-03-20 07:18:08,961 - isca - DEBUG - DEFLATE_LEVEL   =          -1
2026-03-20 07:18:08,961 - isca - DEBUG - /
2026-03-20 07:18:08,962 - isca - DEBUG - NOTE from PE    0: MPP_IO_SET_STACK_SIZE: stack size set to     131072.
2026-03-20 07:18:08,963 - isca - DEBUG - NOTE from PE    0: MPP_DOMAINS_SET_STACK_SIZE: stack size set to   600000.
2026-03-20 07:18:08,971 - isca - DEBUG - starting            1  OpenMP threads per MPI-task
2026-03-20 07:18:08,973 - isca - DEBUG - ATMOS MODEL DOMAIN DECOMPOSITION
2026-03-20 07:18:08,973 - isca - DEBUG - X-AXIS =  128
2026-03-20 07:18:08,973 - isca - DEBUG - Y-AXIS =    4   4   4   4   4   4   4   4   4   4   4   4   4   4   4   4
2026-03-20 07:18:09,032 - isca - DEBUG - NOTE from PE    0: cloud_simple: Using SimCloud cloud scheme
2026-03-20 07:18:09,034 - isca - DEBUG - NOTE from PE    0: ls_cloud: Using Sundqvist (1989) cloud fraction diagnostic formula.
2026-03-20 07:18:09,034 - isca - DEBUG - NOTE from PE    0: cloud_cover: The cloud overlap assumption is MAXIMUM-RANDOM
2026-03-20 07:18:09,035 - isca - DEBUG - NOTE from PE    0: idealized_moist_phys: Using Frierson Quasi-Equilibrium convection scheme.
2026-03-20 07:18:09,043 - isca - DEBUG - 
2026-03-20 07:18:09,044 - isca - WARNING - WARNING from PE    0: socrates_init: lw_hires_spectral_filename is unset, making equal to lw_spectral_filename
2026-03-20 07:18:09,044 - isca - DEBUG - 
2026-03-20 07:18:09,044 - isca - DEBUG - 
2026-03-20 07:18:09,044 - isca - WARNING - WARNING from PE    0: socrates_init: lw_hires_spectral_filename is unset, making equal to lw_spectral_filename
2026-03-20 07:18:09,044 - isca - DEBUG - 
2026-03-20 07:18:09,044 - isca - DEBUG - 
2026-03-20 07:18:09,044 - isca - WARNING - WARNING from PE    0: socrates_init: sw_hires_spectral_filename is unset, making equal to sw_spectral_filename
2026-03-20 07:18:09,044 - isca - DEBUG - 
2026-03-20 07:18:09,045 - isca - DEBUG - 
2026-03-20 07:18:09,045 - isca - WARNING - WARNING from PE    0: socrates_init: sw_hires_spectral_filename is unset, making equal to sw_spectral_filename
2026-03-20 07:18:09,045 - isca - DEBUG - 
2026-03-20 07:18:10,266 - isca - DEBUG - NOTE from PE    0: Interpolator: Using input file with no time dimension - ozone_1990_notime_zero.nc
2026-03-20 07:18:10,266 - isca - DEBUG - Initializing src field : ozone_1990
2026-03-20 07:18:10,268 - isca - DEBUG - 
2026-03-20 07:18:10,268 - isca - DEBUG - -----------------------------------
2026-03-20 07:18:10,268 - isca - DEBUG - ____                       _
2026-03-20 07:18:10,268 - isca - DEBUG - / ___|  ___   ___ _ __ __ _| |_ ___  ___
2026-03-20 07:18:10,268 - isca - DEBUG - \___ \ / _ \ / __|  __/ _` | __/ _ \/ __|
2026-03-20 07:18:10,268 - isca - DEBUG - ___) | (_) | (__| | | (_| | ||  __/\__ \
2026-03-20 07:18:10,268 - isca - DEBUG - |____/ \___/ \___|_|  \__,_|\__\___||___/
2026-03-20 07:18:10,268 - isca - DEBUG - 
2026-03-20 07:18:10,269 - isca - DEBUG - Initialised Socrates v17.03
2026-03-20 07:18:10,269 - isca - DEBUG - Stellar constant =    1840.00000000000
2026-03-20 07:18:10,269 - isca - DEBUG - Longwave spectral file =
2026-03-20 07:18:10,269 - isca - DEBUG - /proj/bolinc/users/x_ryabo/socrates_edited_for_isca/spectral_files_for_GCMs/Sun
2026-03-20 07:18:10,269 - isca - DEBUG - /miniSuran_lw.sf WITH           16  bands
2026-03-20 07:18:10,269 - isca - DEBUG - Longwave hires spectral file =
2026-03-20 07:18:10,269 - isca - DEBUG - /proj/bolinc/users/x_ryabo/socrates_edited_for_isca/spectral_files_for_GCMs/Sun
2026-03-20 07:18:10,269 - isca - DEBUG - /miniSuran_lw.sf WITH           16  bands
2026-03-20 07:18:10,269 - isca - DEBUG - Shortwave spectral file =
2026-03-20 07:18:10,269 - isca - DEBUG - /proj/bolinc/users/x_ryabo/socrates_edited_for_isca/spectral_files_for_GCMs/Sun
2026-03-20 07:18:10,269 - isca - DEBUG - /miniSuran_sw.sf WITH           16  bands
2026-03-20 07:18:10,269 - isca - DEBUG - Shortwave hires spectral file =
2026-03-20 07:18:10,269 - isca - DEBUG - /proj/bolinc/users/x_ryabo/socrates_edited_for_isca/spectral_files_for_GCMs/Sun
2026-03-20 07:18:10,269 - isca - DEBUG - /miniSuran_sw.sf WITH           16  bands
2026-03-20 07:18:10,269 - isca - DEBUG - 
2026-03-20 07:18:10,269 - isca - DEBUG - -----------------------------------
2026-03-20 07:18:10,269 - isca - DEBUG - 
2026-03-20 07:18:41,638 - isca - DEBUG - Integration completed through    2 Nov  2   0: 0: 0
2026-03-20 07:19:12,473 - isca - DEBUG - Integration completed through    2 Nov  3   0: 0: 0
2026-03-20 07:19:43,275 - isca - DEBUG - Integration completed through    2 Nov  4   0: 0: 0
2026-03-20 07:20:14,126 - isca - DEBUG - Integration completed through    2 Nov  5   0: 0: 0
2026-03-20 07:20:44,999 - isca - DEBUG - Integration completed through    2 Nov  6   0: 0: 0
2026-03-20 07:21:15,897 - isca - DEBUG - Integration completed through    2 Nov  7   0: 0: 0
2026-03-20 07:21:46,778 - isca - DEBUG - Integration completed through    2 Nov  8   0: 0: 0
2026-03-20 07:22:17,653 - isca - DEBUG - Integration completed through    2 Nov  9   0: 0: 0
2026-03-20 07:22:48,565 - isca - DEBUG - Integration completed through    2 Nov 10   0: 0: 0
2026-03-20 07:23:19,467 - isca - DEBUG - Integration completed through    2 Nov 11   0: 0: 0
2026-03-20 07:23:50,349 - isca - DEBUG - Integration completed through    2 Nov 12   0: 0: 0
2026-03-20 07:24:21,705 - isca - DEBUG - Integration completed through    2 Nov 13   0: 0: 0
2026-03-20 07:24:52,571 - isca - DEBUG - Integration completed through    2 Nov 14   0: 0: 0
2026-03-20 07:25:23,890 - isca - DEBUG - Integration completed through    2 Nov 15   0: 0: 0
2026-03-20 07:25:54,797 - isca - DEBUG - Integration completed through    2 Nov 16   0: 0: 0
2026-03-20 07:26:25,734 - isca - DEBUG - Integration completed through    2 Nov 17   0: 0: 0
2026-03-20 07:26:56,639 - isca - DEBUG - Integration completed through    2 Nov 18   0: 0: 0
2026-03-20 07:27:28,113 - isca - DEBUG - Integration completed through    2 Nov 19   0: 0: 0
2026-03-20 07:27:58,994 - isca - DEBUG - Integration completed through    2 Nov 20   0: 0: 0
2026-03-20 07:28:29,861 - isca - DEBUG - Integration completed through    2 Nov 21   0: 0: 0
2026-03-20 07:29:00,684 - isca - DEBUG - Integration completed through    2 Nov 22   0: 0: 0
2026-03-20 07:29:32,009 - isca - DEBUG - Integration completed through    2 Nov 23   0: 0: 0
2026-03-20 07:30:02,910 - isca - DEBUG - Integration completed through    2 Nov 24   0: 0: 0
2026-03-20 07:30:34,147 - isca - DEBUG - Integration completed through    2 Nov 25   0: 0: 0
2026-03-20 07:31:05,007 - isca - DEBUG - Integration completed through    2 Nov 26   0: 0: 0
2026-03-20 07:31:35,918 - isca - DEBUG - Integration completed through    2 Nov 27   0: 0: 0
2026-03-20 07:32:06,785 - isca - DEBUG - Integration completed through    2 Nov 28   0: 0: 0
2026-03-20 07:32:37,724 - isca - DEBUG - Integration completed through    2 Nov 29   0: 0: 0
2026-03-20 07:33:08,687 - isca - DEBUG - Integration completed through    2 Nov 30   0: 0: 0
2026-03-20 07:33:40,065 - isca - DEBUG - Integration completed through    2 Dec  1   0: 0: 0
2026-03-20 07:33:40,074 - isca - DEBUG - 
2026-03-20 07:33:40,074 - isca - WARNING - WARNING from PE    0: diag_util_mod::opening_file: module/field_name (socrates/soc_toa_sw_down_clr) NOT registered
2026-03-20 07:33:40,074 - isca - DEBUG - 
2026-03-20 07:33:40,074 - isca - DEBUG - 
2026-03-20 07:33:40,074 - isca - WARNING - WARNING from PE    0: diag_util_mod::opening_file: module/field_name (socrates/soc_toa_sw_down_clr) NOT registered
2026-03-20 07:33:40,074 - isca - DEBUG - 
2026-03-20 07:33:40,074 - isca - DEBUG - 
2026-03-20 07:33:40,074 - isca - WARNING - WARNING from PE    0: diag_util_mod::opening_file: module/field_name (cloud_simple/rh_min) NOT registered
2026-03-20 07:33:40,074 - isca - DEBUG - 
2026-03-20 07:33:40,074 - isca - DEBUG - 
2026-03-20 07:33:40,074 - isca - WARNING - WARNING from PE    0: diag_util_mod::opening_file: module/field_name (cloud_simple/rh_min) NOT registered
2026-03-20 07:33:40,074 - isca - DEBUG - 
2026-03-20 07:33:40,084 - isca - DEBUG - NOTE from PE    0: MPP_IO_SET_STACK_SIZE: stack size set to     393216.
2026-03-20 07:33:40,217 - isca - DEBUG - MPP_DOMAINS_STACK high water mark=       49152
2026-03-20 07:33:40,217 - isca - DEBUG - 
2026-03-20 07:33:40,217 - isca - DEBUG - Tabulating mpp_clock statistics across     16 PEs...
2026-03-20 07:33:40,217 - isca - DEBUG - 
2026-03-20 07:33:40,217 - isca - DEBUG - tmin          tmax          tavg          tstd  tfrac grain pemin pemax
2026-03-20 07:33:40,218 - isca - DEBUG - Total runtime                       931.254919    931.261194    931.257816      0.001856  1.000     0     0    15
2026-03-20 07:33:40,218 - isca - DEBUG - MPP_STACK high water mark=           0
2026-03-20 07:33:40,361 - isca - INFO - Run 23 complete
2026-03-20 07:33:41,308 - isca - DEBUG - atmos_monthly.nc combined and copied to data directory
2026-03-20 07:33:44,534 - isca - INFO - Restart archive created at /proj/bolinc/users/x_ryabo/Isca-Ryan_outputs/Earth_1840/restarts/res0023.tar.gz
2026-03-20 07:33:44,546 - isca - INFO - Writing namelist to '/proj/bolinc/users/x_ryabo/Isca-Ryan_outputs/Earth_1840/run0023/input.nml'
2026-03-20 07:33:44,550 - isca - INFO - Writing field_table to '/proj/bolinc/users/x_ryabo/Isca-Ryan_outputs/Earth_1840/run0023/field_table'
2026-03-20 07:33:44,561 - isca - INFO - Writing diag_table to '/proj/bolinc/users/x_ryabo/Isca-Ryan_outputs/Earth_1840/run0023/diag_table'
2026-03-20 07:33:44,926 - isca - INFO - Emptied run directory '/home/x_ryabo/Isca-Ryan_tmp/experiment/Earth_1840/run'
2026-03-20 07:33:44,946 - isca - INFO - Emptied run directory '/home/x_ryabo/Isca-Ryan_tmp/experiment/Earth_1840/run'
2026-03-20 07:33:45,275 - isca - INFO - Writing namelist to '/home/x_ryabo/Isca-Ryan_tmp/experiment/Earth_1840/run/input.nml'
2026-03-20 07:33:45,277 - isca - INFO - Writing field_table to '/home/x_ryabo/Isca-Ryan_tmp/experiment/Earth_1840/run/field_table'
2026-03-20 07:33:45,289 - isca - INFO - Writing diag_table to '/home/x_ryabo/Isca-Ryan_tmp/experiment/Earth_1840/run/diag_table'
2026-03-20 07:33:45,309 - isca - INFO - Using restart file '/proj/bolinc/users/x_ryabo/Isca-Ryan_outputs/Earth_1840/restarts/res0023.tar.gz'
2026-03-20 07:33:45,731 - isca - INFO - Restart /proj/bolinc/users/x_ryabo/Isca-Ryan_outputs/Earth_1840/restarts/res0023.tar.gz extracted to /home/x_ryabo/Isca-Ryan_tmp/experiment/Earth_1840/run/INPUT
2026-03-20 07:33:45,731 - isca - INFO - Beginning run 24
2026-03-20 07:33:45,743 - isca - INFO - process running as 2541323
2026-03-20 07:33:45,743 - isca - DEBUG - loadmodules for Isca on NSC cluster Tetralith
2026-03-20 07:33:45,743 - isca - DEBUG - mpiifort
2026-03-20 07:33:45,858 - isca - DEBUG - The following modules were not unloaded:
2026-03-20 07:33:45,858 - isca - DEBUG - (Use "module --force purge" to unload all):
2026-03-20 07:33:45,858 - isca - DEBUG - 
2026-03-20 07:33:45,858 - isca - DEBUG - 1) hpc/.1.10.1
2026-03-20 07:33:45,965 - isca - DEBUG - ***************************************************
2026-03-20 07:33:45,965 - isca - DEBUG - You have loaded a buildenv module
2026-03-20 07:33:45,965 - isca - DEBUG - ***************************************************
2026-03-20 07:33:45,965 - isca - DEBUG - The buldenv-intel module makes available:
2026-03-20 07:33:45,965 - isca - DEBUG - - Compilers: icc, ifort, etc.
2026-03-20 07:33:45,965 - isca - DEBUG - - Mpi library with mpi-wrapped compilers: intel mpi with mpicc, mpifort, etc.
2026-03-20 07:33:45,965 - isca - DEBUG - - Numerical libraries: intel MKL
2026-03-20 07:33:45,965 - isca - DEBUG - 
2026-03-20 07:33:45,965 - isca - DEBUG - It also makes a set of dependency library modules available via
2026-03-20 07:33:45,965 - isca - DEBUG - the regular module command. Just do:
2026-03-20 07:33:45,965 - isca - DEBUG - module avail
2026-03-20 07:33:45,965 - isca - DEBUG - to see what is available.
2026-03-20 07:33:45,965 - isca - DEBUG - 
2026-03-20 07:33:45,965 - isca - DEBUG - NOTE: You shoud never load build environments inside submitted jobs.
2026-03-20 07:33:45,965 - isca - DEBUG - (with the single exception of when using supercomputer time to compile code.)
2026-03-20 07:33:45,965 - isca - DEBUG - 
2026-03-20 07:33:48,915 - isca - DEBUG - NOTE from PE    0: MPP_DOMAINS_SET_STACK_SIZE: stack size set to    32768.
2026-03-20 07:33:48,916 - isca - DEBUG - &MPP_IO_NML
2026-03-20 07:33:48,916 - isca - DEBUG - HEADER_BUFFER_VAL       =       16384,
2026-03-20 07:33:48,916 - isca - DEBUG - GLOBAL_FIELD_ON_ROOT_PE = T,
2026-03-20 07:33:48,916 - isca - DEBUG - IO_CLOCKS_ON    = F,
2026-03-20 07:33:48,916 - isca - DEBUG - SHUFFLE =           0,
2026-03-20 07:33:48,916 - isca - DEBUG - DEFLATE_LEVEL   =          -1
2026-03-20 07:33:48,916 - isca - DEBUG - /
2026-03-20 07:33:48,917 - isca - DEBUG - NOTE from PE    0: MPP_IO_SET_STACK_SIZE: stack size set to     131072.
2026-03-20 07:33:48,918 - isca - DEBUG - NOTE from PE    0: MPP_DOMAINS_SET_STACK_SIZE: stack size set to   600000.
2026-03-20 07:33:48,926 - isca - DEBUG - starting            1  OpenMP threads per MPI-task
2026-03-20 07:33:48,928 - isca - DEBUG - ATMOS MODEL DOMAIN DECOMPOSITION
2026-03-20 07:33:48,928 - isca - DEBUG - X-AXIS =  128
2026-03-20 07:33:48,928 - isca - DEBUG - Y-AXIS =    4   4   4   4   4   4   4   4   4   4   4   4   4   4   4   4
2026-03-20 07:33:48,988 - isca - DEBUG - NOTE from PE    0: cloud_simple: Using SimCloud cloud scheme
2026-03-20 07:33:48,989 - isca - DEBUG - NOTE from PE    0: ls_cloud: Using Sundqvist (1989) cloud fraction diagnostic formula.
2026-03-20 07:33:48,989 - isca - DEBUG - NOTE from PE    0: cloud_cover: The cloud overlap assumption is MAXIMUM-RANDOM
2026-03-20 07:33:48,989 - isca - DEBUG - NOTE from PE    0: idealized_moist_phys: Using Frierson Quasi-Equilibrium convection scheme.
2026-03-20 07:33:48,999 - isca - DEBUG - 
2026-03-20 07:33:48,999 - isca - WARNING - WARNING from PE    0: socrates_init: lw_hires_spectral_filename is unset, making equal to lw_spectral_filename
2026-03-20 07:33:48,999 - isca - DEBUG - 
2026-03-20 07:33:48,999 - isca - DEBUG - 
2026-03-20 07:33:48,999 - isca - WARNING - WARNING from PE    0: socrates_init: lw_hires_spectral_filename is unset, making equal to lw_spectral_filename
2026-03-20 07:33:48,999 - isca - DEBUG - 
2026-03-20 07:33:48,999 - isca - DEBUG - 
2026-03-20 07:33:48,999 - isca - WARNING - WARNING from PE    0: socrates_init: sw_hires_spectral_filename is unset, making equal to sw_spectral_filename
2026-03-20 07:33:48,999 - isca - DEBUG - 
2026-03-20 07:33:48,999 - isca - DEBUG - 
2026-03-20 07:33:48,999 - isca - WARNING - WARNING from PE    0: socrates_init: sw_hires_spectral_filename is unset, making equal to sw_spectral_filename
2026-03-20 07:33:48,999 - isca - DEBUG - 
2026-03-20 07:33:50,213 - isca - DEBUG - NOTE from PE    0: Interpolator: Using input file with no time dimension - ozone_1990_notime_zero.nc
2026-03-20 07:33:50,213 - isca - DEBUG - Initializing src field : ozone_1990
2026-03-20 07:33:50,216 - isca - DEBUG - 
2026-03-20 07:33:50,216 - isca - DEBUG - -----------------------------------
2026-03-20 07:33:50,216 - isca - DEBUG - ____                       _
2026-03-20 07:33:50,216 - isca - DEBUG - / ___|  ___   ___ _ __ __ _| |_ ___  ___
2026-03-20 07:33:50,216 - isca - DEBUG - \___ \ / _ \ / __|  __/ _` | __/ _ \/ __|
2026-03-20 07:33:50,216 - isca - DEBUG - ___) | (_) | (__| | | (_| | ||  __/\__ \
2026-03-20 07:33:50,216 - isca - DEBUG - |____/ \___/ \___|_|  \__,_|\__\___||___/
2026-03-20 07:33:50,216 - isca - DEBUG - 
2026-03-20 07:33:50,216 - isca - DEBUG - Initialised Socrates v17.03
2026-03-20 07:33:50,216 - isca - DEBUG - Stellar constant =    1840.00000000000
2026-03-20 07:33:50,216 - isca - DEBUG - Longwave spectral file =
2026-03-20 07:33:50,216 - isca - DEBUG - /proj/bolinc/users/x_ryabo/socrates_edited_for_isca/spectral_files_for_GCMs/Sun
2026-03-20 07:33:50,216 - isca - DEBUG - /miniSuran_lw.sf WITH           16  bands
2026-03-20 07:33:50,216 - isca - DEBUG - Longwave hires spectral file =
2026-03-20 07:33:50,216 - isca - DEBUG - /proj/bolinc/users/x_ryabo/socrates_edited_for_isca/spectral_files_for_GCMs/Sun
2026-03-20 07:33:50,216 - isca - DEBUG - /miniSuran_lw.sf WITH           16  bands
2026-03-20 07:33:50,216 - isca - DEBUG - Shortwave spectral file =
2026-03-20 07:33:50,216 - isca - DEBUG - /proj/bolinc/users/x_ryabo/socrates_edited_for_isca/spectral_files_for_GCMs/Sun
2026-03-20 07:33:50,216 - isca - DEBUG - /miniSuran_sw.sf WITH           16  bands
2026-03-20 07:33:50,216 - isca - DEBUG - Shortwave hires spectral file =
2026-03-20 07:33:50,216 - isca - DEBUG - /proj/bolinc/users/x_ryabo/socrates_edited_for_isca/spectral_files_for_GCMs/Sun
2026-03-20 07:33:50,216 - isca - DEBUG - /miniSuran_sw.sf WITH           16  bands
2026-03-20 07:33:50,216 - isca - DEBUG - 
2026-03-20 07:33:50,216 - isca - DEBUG - -----------------------------------
2026-03-20 07:33:50,216 - isca - DEBUG - 
2026-03-20 07:34:21,880 - isca - DEBUG - Integration completed through    2 Dec  2   0: 0: 0
2026-03-20 07:34:53,089 - isca - DEBUG - Integration completed through    2 Dec  3   0: 0: 0
2026-03-20 07:35:24,833 - isca - DEBUG - Integration completed through    2 Dec  4   0: 0: 0
2026-03-20 07:35:56,010 - isca - DEBUG - Integration completed through    2 Dec  5   0: 0: 0
2026-03-20 07:36:27,119 - isca - DEBUG - Integration completed through    2 Dec  6   0: 0: 0
2026-03-20 07:36:58,147 - isca - DEBUG - Integration completed through    2 Dec  7   0: 0: 0
2026-03-20 07:37:29,195 - isca - DEBUG - Integration completed through    2 Dec  8   0: 0: 0
2026-03-20 07:38:00,252 - isca - DEBUG - Integration completed through    2 Dec  9   0: 0: 0
2026-03-20 07:38:31,346 - isca - DEBUG - Integration completed through    2 Dec 10   0: 0: 0
2026-03-20 07:39:02,538 - isca - DEBUG - Integration completed through    2 Dec 11   0: 0: 0
2026-03-20 07:39:34,126 - isca - DEBUG - Integration completed through    2 Dec 12   0: 0: 0
2026-03-20 07:40:05,329 - isca - DEBUG - Integration completed through    2 Dec 13   0: 0: 0
2026-03-20 07:40:36,529 - isca - DEBUG - Integration completed through    2 Dec 14   0: 0: 0
2026-03-20 07:41:07,782 - isca - DEBUG - Integration completed through    2 Dec 15   0: 0: 0
2026-03-20 07:41:39,409 - isca - DEBUG - Integration completed through    2 Dec 16   0: 0: 0
2026-03-20 07:42:10,645 - isca - DEBUG - Integration completed through    2 Dec 17   0: 0: 0
2026-03-20 07:42:42,272 - isca - DEBUG - Integration completed through    2 Dec 18   0: 0: 0
2026-03-20 07:43:13,418 - isca - DEBUG - Integration completed through    2 Dec 19   0: 0: 0
2026-03-20 07:43:44,920 - isca - DEBUG - Integration completed through    2 Dec 20   0: 0: 0
2026-03-20 07:44:15,972 - isca - DEBUG - Integration completed through    2 Dec 21   0: 0: 0
2026-03-20 07:44:47,500 - isca - DEBUG - Integration completed through    2 Dec 22   0: 0: 0
2026-03-20 07:45:18,649 - isca - DEBUG - Integration completed through    2 Dec 23   0: 0: 0
2026-03-20 07:45:50,191 - isca - DEBUG - Integration completed through    2 Dec 24   0: 0: 0
2026-03-20 07:46:21,704 - isca - DEBUG - Integration completed through    2 Dec 25   0: 0: 0
2026-03-20 07:46:52,930 - isca - DEBUG - Integration completed through    2 Dec 26   0: 0: 0
2026-03-20 07:47:24,505 - isca - DEBUG - Integration completed through    2 Dec 27   0: 0: 0
2026-03-20 07:47:55,628 - isca - DEBUG - Integration completed through    2 Dec 28   0: 0: 0
2026-03-20 07:48:27,129 - isca - DEBUG - Integration completed through    2 Dec 29   0: 0: 0
2026-03-20 07:48:58,159 - isca - DEBUG - Integration completed through    2 Dec 30   0: 0: 0
2026-03-20 07:49:29,230 - isca - DEBUG - Integration completed through    3 Jan  1   0: 0: 0
2026-03-20 07:49:29,240 - isca - DEBUG - 
2026-03-20 07:49:29,240 - isca - WARNING - WARNING from PE    0: diag_util_mod::opening_file: module/field_name (socrates/soc_toa_sw_down_clr) NOT registered
2026-03-20 07:49:29,240 - isca - DEBUG - 
2026-03-20 07:49:29,240 - isca - DEBUG - 
2026-03-20 07:49:29,240 - isca - WARNING - WARNING from PE    0: diag_util_mod::opening_file: module/field_name (socrates/soc_toa_sw_down_clr) NOT registered
2026-03-20 07:49:29,240 - isca - DEBUG - 
2026-03-20 07:49:29,241 - isca - DEBUG - 
2026-03-20 07:49:29,241 - isca - WARNING - WARNING from PE    0: diag_util_mod::opening_file: module/field_name (cloud_simple/rh_min) NOT registered
2026-03-20 07:49:29,241 - isca - DEBUG - 
2026-03-20 07:49:29,241 - isca - DEBUG - 
2026-03-20 07:49:29,241 - isca - WARNING - WARNING from PE    0: diag_util_mod::opening_file: module/field_name (cloud_simple/rh_min) NOT registered
2026-03-20 07:49:29,241 - isca - DEBUG - 
2026-03-20 07:49:29,252 - isca - DEBUG - NOTE from PE    0: MPP_IO_SET_STACK_SIZE: stack size set to     393216.
2026-03-20 07:49:29,360 - isca - DEBUG - MPP_DOMAINS_STACK high water mark=       49152
2026-03-20 07:49:29,360 - isca - DEBUG - 
2026-03-20 07:49:29,360 - isca - DEBUG - Tabulating mpp_clock statistics across     16 PEs...
2026-03-20 07:49:29,360 - isca - DEBUG - 
2026-03-20 07:49:29,360 - isca - DEBUG - tmin          tmax          tavg          tstd  tfrac grain pemin pemax
2026-03-20 07:49:29,360 - isca - DEBUG - Total runtime                       940.442385    940.448128    940.445584      0.001468  1.000     0     0    15
2026-03-20 07:49:29,361 - isca - DEBUG - MPP_STACK high water mark=           0
2026-03-20 07:49:29,492 - isca - INFO - Run 24 complete
2026-03-20 07:49:30,571 - isca - DEBUG - atmos_monthly.nc combined and copied to data directory
2026-03-20 07:49:33,814 - isca - INFO - Restart archive created at /proj/bolinc/users/x_ryabo/Isca-Ryan_outputs/Earth_1840/restarts/res0024.tar.gz
2026-03-20 07:49:33,826 - isca - INFO - Writing namelist to '/proj/bolinc/users/x_ryabo/Isca-Ryan_outputs/Earth_1840/run0024/input.nml'
2026-03-20 07:49:33,828 - isca - INFO - Writing field_table to '/proj/bolinc/users/x_ryabo/Isca-Ryan_outputs/Earth_1840/run0024/field_table'
2026-03-20 07:49:33,839 - isca - INFO - Writing diag_table to '/proj/bolinc/users/x_ryabo/Isca-Ryan_outputs/Earth_1840/run0024/diag_table'
2026-03-20 07:49:34,199 - isca - INFO - Emptied run directory '/home/x_ryabo/Isca-Ryan_tmp/experiment/Earth_1840/run'
2026-03-20 07:49:34,222 - isca - INFO - Emptied run directory '/home/x_ryabo/Isca-Ryan_tmp/experiment/Earth_1840/run'
2026-03-20 07:49:34,551 - isca - INFO - Writing namelist to '/home/x_ryabo/Isca-Ryan_tmp/experiment/Earth_1840/run/input.nml'
2026-03-20 07:49:34,553 - isca - INFO - Writing field_table to '/home/x_ryabo/Isca-Ryan_tmp/experiment/Earth_1840/run/field_table'
2026-03-20 07:49:34,565 - isca - INFO - Writing diag_table to '/home/x_ryabo/Isca-Ryan_tmp/experiment/Earth_1840/run/diag_table'
2026-03-20 07:49:34,581 - isca - INFO - Using restart file '/proj/bolinc/users/x_ryabo/Isca-Ryan_outputs/Earth_1840/restarts/res0024.tar.gz'
2026-03-20 07:49:35,002 - isca - INFO - Restart /proj/bolinc/users/x_ryabo/Isca-Ryan_outputs/Earth_1840/restarts/res0024.tar.gz extracted to /home/x_ryabo/Isca-Ryan_tmp/experiment/Earth_1840/run/INPUT
2026-03-20 07:49:35,002 - isca - INFO - Beginning run 25
2026-03-20 07:49:35,014 - isca - INFO - process running as 2542218
2026-03-20 07:49:35,014 - isca - DEBUG - loadmodules for Isca on NSC cluster Tetralith
2026-03-20 07:49:35,014 - isca - DEBUG - mpiifort
2026-03-20 07:49:35,128 - isca - DEBUG - The following modules were not unloaded:
2026-03-20 07:49:35,129 - isca - DEBUG - (Use "module --force purge" to unload all):
2026-03-20 07:49:35,129 - isca - DEBUG - 
2026-03-20 07:49:35,129 - isca - DEBUG - 1) hpc/.1.10.1
2026-03-20 07:49:35,235 - isca - DEBUG - ***************************************************
2026-03-20 07:49:35,235 - isca - DEBUG - You have loaded a buildenv module
2026-03-20 07:49:35,235 - isca - DEBUG - ***************************************************
2026-03-20 07:49:35,235 - isca - DEBUG - The buldenv-intel module makes available:
2026-03-20 07:49:35,235 - isca - DEBUG - - Compilers: icc, ifort, etc.
2026-03-20 07:49:35,235 - isca - DEBUG - - Mpi library with mpi-wrapped compilers: intel mpi with mpicc, mpifort, etc.
2026-03-20 07:49:35,235 - isca - DEBUG - - Numerical libraries: intel MKL
2026-03-20 07:49:35,235 - isca - DEBUG - 
2026-03-20 07:49:35,235 - isca - DEBUG - It also makes a set of dependency library modules available via
2026-03-20 07:49:35,235 - isca - DEBUG - the regular module command. Just do:
2026-03-20 07:49:35,235 - isca - DEBUG - module avail
2026-03-20 07:49:35,235 - isca - DEBUG - to see what is available.
2026-03-20 07:49:35,235 - isca - DEBUG - 
2026-03-20 07:49:35,235 - isca - DEBUG - NOTE: You shoud never load build environments inside submitted jobs.
2026-03-20 07:49:35,235 - isca - DEBUG - (with the single exception of when using supercomputer time to compile code.)
2026-03-20 07:49:35,235 - isca - DEBUG - 
2026-03-20 07:49:36,371 - isca - DEBUG - NOTE from PE    0: MPP_DOMAINS_SET_STACK_SIZE: stack size set to    32768.
2026-03-20 07:49:36,372 - isca - DEBUG - &MPP_IO_NML
2026-03-20 07:49:36,372 - isca - DEBUG - HEADER_BUFFER_VAL       =       16384,
2026-03-20 07:49:36,372 - isca - DEBUG - GLOBAL_FIELD_ON_ROOT_PE = T,
2026-03-20 07:49:36,372 - isca - DEBUG - IO_CLOCKS_ON    = F,
2026-03-20 07:49:36,372 - isca - DEBUG - SHUFFLE =           0,
2026-03-20 07:49:36,372 - isca - DEBUG - DEFLATE_LEVEL   =          -1
2026-03-20 07:49:36,372 - isca - DEBUG - /
2026-03-20 07:49:36,373 - isca - DEBUG - NOTE from PE    0: MPP_IO_SET_STACK_SIZE: stack size set to     131072.
2026-03-20 07:49:36,374 - isca - DEBUG - NOTE from PE    0: MPP_DOMAINS_SET_STACK_SIZE: stack size set to   600000.
2026-03-20 07:49:36,382 - isca - DEBUG - starting            1  OpenMP threads per MPI-task
2026-03-20 07:49:36,384 - isca - DEBUG - ATMOS MODEL DOMAIN DECOMPOSITION
2026-03-20 07:49:36,384 - isca - DEBUG - X-AXIS =  128
2026-03-20 07:49:36,384 - isca - DEBUG - Y-AXIS =    4   4   4   4   4   4   4   4   4   4   4   4   4   4   4   4
2026-03-20 07:49:36,445 - isca - DEBUG - NOTE from PE    0: cloud_simple: Using SimCloud cloud scheme
2026-03-20 07:49:36,446 - isca - DEBUG - NOTE from PE    0: ls_cloud: Using Sundqvist (1989) cloud fraction diagnostic formula.
2026-03-20 07:49:36,446 - isca - DEBUG - NOTE from PE    0: cloud_cover: The cloud overlap assumption is MAXIMUM-RANDOM
2026-03-20 07:49:36,447 - isca - DEBUG - NOTE from PE    0: idealized_moist_phys: Using Frierson Quasi-Equilibrium convection scheme.
2026-03-20 07:49:36,455 - isca - DEBUG - 
2026-03-20 07:49:36,456 - isca - WARNING - WARNING from PE    0: socrates_init: lw_hires_spectral_filename is unset, making equal to lw_spectral_filename
2026-03-20 07:49:36,456 - isca - DEBUG - 
2026-03-20 07:49:36,456 - isca - DEBUG - 
2026-03-20 07:49:36,456 - isca - WARNING - WARNING from PE    0: socrates_init: lw_hires_spectral_filename is unset, making equal to lw_spectral_filename
2026-03-20 07:49:36,456 - isca - DEBUG - 
2026-03-20 07:49:36,456 - isca - DEBUG - 
2026-03-20 07:49:36,456 - isca - WARNING - WARNING from PE    0: socrates_init: sw_hires_spectral_filename is unset, making equal to sw_spectral_filename
2026-03-20 07:49:36,456 - isca - DEBUG - 
2026-03-20 07:49:36,456 - isca - DEBUG - 
2026-03-20 07:49:36,456 - isca - WARNING - WARNING from PE    0: socrates_init: sw_hires_spectral_filename is unset, making equal to sw_spectral_filename
2026-03-20 07:49:36,456 - isca - DEBUG - 
2026-03-20 07:49:37,674 - isca - DEBUG - NOTE from PE    0: Interpolator: Using input file with no time dimension - ozone_1990_notime_zero.nc
2026-03-20 07:49:37,674 - isca - DEBUG - Initializing src field : ozone_1990
2026-03-20 07:49:37,677 - isca - DEBUG - 
2026-03-20 07:49:37,677 - isca - DEBUG - -----------------------------------
2026-03-20 07:49:37,677 - isca - DEBUG - ____                       _
2026-03-20 07:49:37,677 - isca - DEBUG - / ___|  ___   ___ _ __ __ _| |_ ___  ___
2026-03-20 07:49:37,677 - isca - DEBUG - \___ \ / _ \ / __|  __/ _` | __/ _ \/ __|
2026-03-20 07:49:37,677 - isca - DEBUG - ___) | (_) | (__| | | (_| | ||  __/\__ \
2026-03-20 07:49:37,677 - isca - DEBUG - |____/ \___/ \___|_|  \__,_|\__\___||___/
2026-03-20 07:49:37,677 - isca - DEBUG - 
2026-03-20 07:49:37,677 - isca - DEBUG - Initialised Socrates v17.03
2026-03-20 07:49:37,677 - isca - DEBUG - Stellar constant =    1840.00000000000
2026-03-20 07:49:37,677 - isca - DEBUG - Longwave spectral file =
2026-03-20 07:49:37,677 - isca - DEBUG - /proj/bolinc/users/x_ryabo/socrates_edited_for_isca/spectral_files_for_GCMs/Sun
2026-03-20 07:49:37,677 - isca - DEBUG - /miniSuran_lw.sf WITH           16  bands
2026-03-20 07:49:37,677 - isca - DEBUG - Longwave hires spectral file =
2026-03-20 07:49:37,677 - isca - DEBUG - /proj/bolinc/users/x_ryabo/socrates_edited_for_isca/spectral_files_for_GCMs/Sun
2026-03-20 07:49:37,677 - isca - DEBUG - /miniSuran_lw.sf WITH           16  bands
2026-03-20 07:49:37,677 - isca - DEBUG - Shortwave spectral file =
2026-03-20 07:49:37,677 - isca - DEBUG - /proj/bolinc/users/x_ryabo/socrates_edited_for_isca/spectral_files_for_GCMs/Sun
2026-03-20 07:49:37,677 - isca - DEBUG - /miniSuran_sw.sf WITH           16  bands
2026-03-20 07:49:37,677 - isca - DEBUG - Shortwave hires spectral file =
2026-03-20 07:49:37,677 - isca - DEBUG - /proj/bolinc/users/x_ryabo/socrates_edited_for_isca/spectral_files_for_GCMs/Sun
2026-03-20 07:49:37,677 - isca - DEBUG - /miniSuran_sw.sf WITH           16  bands
2026-03-20 07:49:37,677 - isca - DEBUG - 
2026-03-20 07:49:37,677 - isca - DEBUG - -----------------------------------
2026-03-20 07:49:37,677 - isca - DEBUG - 
2026-03-20 07:50:08,888 - isca - DEBUG - Integration completed through    3 Jan  2   0: 0: 0
2026-03-20 07:50:40,032 - isca - DEBUG - Integration completed through    3 Jan  3   0: 0: 0
2026-03-20 07:51:11,154 - isca - DEBUG - Integration completed through    3 Jan  4   0: 0: 0
2026-03-20 07:51:42,232 - isca - DEBUG - Integration completed through    3 Jan  5   0: 0: 0
2026-03-20 07:52:13,294 - isca - DEBUG - Integration completed through    3 Jan  6   0: 0: 0
2026-03-20 07:52:44,342 - isca - DEBUG - Integration completed through    3 Jan  7   0: 0: 0
2026-03-20 07:53:15,403 - isca - DEBUG - Integration completed through    3 Jan  8   0: 0: 0
2026-03-20 07:53:46,458 - isca - DEBUG - Integration completed through    3 Jan  9   0: 0: 0
2026-03-20 07:54:17,466 - isca - DEBUG - Integration completed through    3 Jan 10   0: 0: 0
2026-03-20 07:54:48,440 - isca - DEBUG - Integration completed through    3 Jan 11   0: 0: 0
2026-03-20 07:55:19,404 - isca - DEBUG - Integration completed through    3 Jan 12   0: 0: 0
2026-03-20 07:55:50,370 - isca - DEBUG - Integration completed through    3 Jan 13   0: 0: 0
2026-03-20 07:56:21,620 - isca - DEBUG - Integration completed through    3 Jan 14   0: 0: 0
2026-03-20 07:56:52,596 - isca - DEBUG - Integration completed through    3 Jan 15   0: 0: 0
2026-03-20 07:57:23,904 - isca - DEBUG - Integration completed through    3 Jan 16   0: 0: 0
2026-03-20 07:57:54,932 - isca - DEBUG - Integration completed through    3 Jan 17   0: 0: 0
2026-03-20 07:58:25,956 - isca - DEBUG - Integration completed through    3 Jan 18   0: 0: 0
2026-03-20 07:58:57,019 - isca - DEBUG - Integration completed through    3 Jan 19   0: 0: 0
2026-03-20 07:59:28,070 - isca - DEBUG - Integration completed through    3 Jan 20   0: 0: 0
2026-03-20 07:59:59,109 - isca - DEBUG - Integration completed through    3 Jan 21   0: 0: 0
2026-03-20 08:00:30,182 - isca - DEBUG - Integration completed through    3 Jan 22   0: 0: 0
2026-03-20 08:01:01,216 - isca - DEBUG - Integration completed through    3 Jan 23   0: 0: 0
2026-03-20 08:01:32,206 - isca - DEBUG - Integration completed through    3 Jan 24   0: 0: 0
2026-03-20 08:02:03,193 - isca - DEBUG - Integration completed through    3 Jan 25   0: 0: 0
2026-03-20 08:02:34,496 - isca - DEBUG - Integration completed through    3 Jan 26   0: 0: 0
2026-03-20 08:03:05,469 - isca - DEBUG - Integration completed through    3 Jan 27   0: 0: 0
2026-03-20 08:03:36,739 - isca - DEBUG - Integration completed through    3 Jan 28   0: 0: 0
2026-03-20 08:04:07,672 - isca - DEBUG - Integration completed through    3 Jan 29   0: 0: 0
2026-03-20 08:04:38,977 - isca - DEBUG - Integration completed through    3 Jan 30   0: 0: 0
2026-03-20 08:05:09,921 - isca - DEBUG - Integration completed through    3 Feb  1   0: 0: 0
2026-03-20 08:05:10,211 - isca - DEBUG - 
2026-03-20 08:05:10,211 - isca - WARNING - WARNING from PE    0: diag_util_mod::opening_file: module/field_name (socrates/soc_toa_sw_down_clr) NOT registered
2026-03-20 08:05:10,211 - isca - DEBUG - 
2026-03-20 08:05:10,211 - isca - DEBUG - 
2026-03-20 08:05:10,211 - isca - WARNING - WARNING from PE    0: diag_util_mod::opening_file: module/field_name (cloud_simple/rh_min) NOT registered
2026-03-20 08:05:10,211 - isca - DEBUG - 
2026-03-20 08:05:10,211 - isca - DEBUG - 
2026-03-20 08:05:10,211 - isca - WARNING - WARNING from PE    0: diag_util_mod::opening_file: module/field_name (socrates/soc_toa_sw_down_clr) NOT registered
2026-03-20 08:05:10,211 - isca - DEBUG - 
2026-03-20 08:05:10,211 - isca - DEBUG - 
2026-03-20 08:05:10,211 - isca - WARNING - WARNING from PE    0: diag_util_mod::opening_file: module/field_name (cloud_simple/rh_min) NOT registered
2026-03-20 08:05:10,211 - isca - DEBUG - 
2026-03-20 08:05:10,223 - isca - DEBUG - NOTE from PE    0: MPP_IO_SET_STACK_SIZE: stack size set to     393216.
2026-03-20 08:05:10,767 - isca - DEBUG - MPP_DOMAINS_STACK high water mark=       49152
2026-03-20 08:05:10,768 - isca - DEBUG - 
2026-03-20 08:05:10,768 - isca - DEBUG - Tabulating mpp_clock statistics across     16 PEs...
2026-03-20 08:05:10,768 - isca - DEBUG - 
2026-03-20 08:05:10,769 - isca - DEBUG - tmin          tmax          tavg          tstd  tfrac grain pemin pemax
2026-03-20 08:05:10,769 - isca - DEBUG - Total runtime                       934.395174    934.399551    934.396738      0.001007  1.000     0     0    15
2026-03-20 08:05:10,769 - isca - DEBUG - MPP_STACK high water mark=           0
2026-03-20 08:05:10,869 - isca - INFO - Run 25 complete
2026-03-20 08:05:12,116 - isca - DEBUG - atmos_monthly.nc combined and copied to data directory
2026-03-20 08:05:15,359 - isca - INFO - Restart archive created at /proj/bolinc/users/x_ryabo/Isca-Ryan_outputs/Earth_1840/restarts/res0025.tar.gz
2026-03-20 08:05:15,372 - isca - INFO - Writing namelist to '/proj/bolinc/users/x_ryabo/Isca-Ryan_outputs/Earth_1840/run0025/input.nml'
2026-03-20 08:05:15,374 - isca - INFO - Writing field_table to '/proj/bolinc/users/x_ryabo/Isca-Ryan_outputs/Earth_1840/run0025/field_table'
2026-03-20 08:05:15,385 - isca - INFO - Writing diag_table to '/proj/bolinc/users/x_ryabo/Isca-Ryan_outputs/Earth_1840/run0025/diag_table'
2026-03-20 08:05:15,769 - isca - INFO - Emptied run directory '/home/x_ryabo/Isca-Ryan_tmp/experiment/Earth_1840/run'
2026-03-20 08:05:15,790 - isca - INFO - Emptied run directory '/home/x_ryabo/Isca-Ryan_tmp/experiment/Earth_1840/run'
2026-03-20 08:05:16,133 - isca - INFO - Writing namelist to '/home/x_ryabo/Isca-Ryan_tmp/experiment/Earth_1840/run/input.nml'
2026-03-20 08:05:16,134 - isca - INFO - Writing field_table to '/home/x_ryabo/Isca-Ryan_tmp/experiment/Earth_1840/run/field_table'
2026-03-20 08:05:16,146 - isca - INFO - Writing diag_table to '/home/x_ryabo/Isca-Ryan_tmp/experiment/Earth_1840/run/diag_table'
2026-03-20 08:05:16,160 - isca - INFO - Using restart file '/proj/bolinc/users/x_ryabo/Isca-Ryan_outputs/Earth_1840/restarts/res0025.tar.gz'
2026-03-20 08:05:16,589 - isca - INFO - Restart /proj/bolinc/users/x_ryabo/Isca-Ryan_outputs/Earth_1840/restarts/res0025.tar.gz extracted to /home/x_ryabo/Isca-Ryan_tmp/experiment/Earth_1840/run/INPUT
2026-03-20 08:05:16,590 - isca - INFO - Beginning run 26
2026-03-20 08:05:16,606 - isca - INFO - process running as 2543215
2026-03-20 08:05:16,606 - isca - DEBUG - loadmodules for Isca on NSC cluster Tetralith
2026-03-20 08:05:16,606 - isca - DEBUG - mpiifort
2026-03-20 08:05:16,719 - isca - DEBUG - The following modules were not unloaded:
2026-03-20 08:05:16,719 - isca - DEBUG - (Use "module --force purge" to unload all):
2026-03-20 08:05:16,719 - isca - DEBUG - 
2026-03-20 08:05:16,719 - isca - DEBUG - 1) hpc/.1.10.1
2026-03-20 08:05:16,829 - isca - DEBUG - ***************************************************
2026-03-20 08:05:16,829 - isca - DEBUG - You have loaded a buildenv module
2026-03-20 08:05:16,829 - isca - DEBUG - ***************************************************
2026-03-20 08:05:16,829 - isca - DEBUG - The buldenv-intel module makes available:
2026-03-20 08:05:16,829 - isca - DEBUG - - Compilers: icc, ifort, etc.
2026-03-20 08:05:16,829 - isca - DEBUG - - Mpi library with mpi-wrapped compilers: intel mpi with mpicc, mpifort, etc.
2026-03-20 08:05:16,829 - isca - DEBUG - - Numerical libraries: intel MKL
2026-03-20 08:05:16,830 - isca - DEBUG - 
2026-03-20 08:05:16,830 - isca - DEBUG - It also makes a set of dependency library modules available via
2026-03-20 08:05:16,830 - isca - DEBUG - the regular module command. Just do:
2026-03-20 08:05:16,830 - isca - DEBUG - module avail
2026-03-20 08:05:16,830 - isca - DEBUG - to see what is available.
2026-03-20 08:05:16,830 - isca - DEBUG - 
2026-03-20 08:05:16,830 - isca - DEBUG - NOTE: You shoud never load build environments inside submitted jobs.
2026-03-20 08:05:16,830 - isca - DEBUG - (with the single exception of when using supercomputer time to compile code.)
2026-03-20 08:05:16,830 - isca - DEBUG - 
2026-03-20 08:05:18,151 - isca - DEBUG - NOTE from PE    0: MPP_DOMAINS_SET_STACK_SIZE: stack size set to    32768.
2026-03-20 08:05:18,152 - isca - DEBUG - &MPP_IO_NML
2026-03-20 08:05:18,152 - isca - DEBUG - HEADER_BUFFER_VAL       =       16384,
2026-03-20 08:05:18,152 - isca - DEBUG - GLOBAL_FIELD_ON_ROOT_PE = T,
2026-03-20 08:05:18,152 - isca - DEBUG - IO_CLOCKS_ON    = F,
2026-03-20 08:05:18,152 - isca - DEBUG - SHUFFLE =           0,
2026-03-20 08:05:18,152 - isca - DEBUG - DEFLATE_LEVEL   =          -1
2026-03-20 08:05:18,152 - isca - DEBUG - /
2026-03-20 08:05:18,153 - isca - DEBUG - NOTE from PE    0: MPP_IO_SET_STACK_SIZE: stack size set to     131072.
2026-03-20 08:05:18,154 - isca - DEBUG - NOTE from PE    0: MPP_DOMAINS_SET_STACK_SIZE: stack size set to   600000.
2026-03-20 08:05:18,163 - isca - DEBUG - starting            1  OpenMP threads per MPI-task
2026-03-20 08:05:18,165 - isca - DEBUG - ATMOS MODEL DOMAIN DECOMPOSITION
2026-03-20 08:05:18,165 - isca - DEBUG - X-AXIS =  128
2026-03-20 08:05:18,165 - isca - DEBUG - Y-AXIS =    4   4   4   4   4   4   4   4   4   4   4   4   4   4   4   4
2026-03-20 08:05:18,238 - isca - DEBUG - NOTE from PE    0: cloud_simple: Using SimCloud cloud scheme
2026-03-20 08:05:18,239 - isca - DEBUG - NOTE from PE    0: ls_cloud: Using Sundqvist (1989) cloud fraction diagnostic formula.
2026-03-20 08:05:18,240 - isca - DEBUG - NOTE from PE    0: cloud_cover: The cloud overlap assumption is MAXIMUM-RANDOM
2026-03-20 08:05:18,240 - isca - DEBUG - NOTE from PE    0: idealized_moist_phys: Using Frierson Quasi-Equilibrium convection scheme.
2026-03-20 08:05:18,249 - isca - DEBUG - 
2026-03-20 08:05:18,249 - isca - WARNING - WARNING from PE    0: socrates_init: lw_hires_spectral_filename is unset, making equal to lw_spectral_filename
2026-03-20 08:05:18,249 - isca - DEBUG - 
2026-03-20 08:05:18,249 - isca - DEBUG - 
2026-03-20 08:05:18,249 - isca - WARNING - WARNING from PE    0: socrates_init: lw_hires_spectral_filename is unset, making equal to lw_spectral_filename
2026-03-20 08:05:18,249 - isca - DEBUG - 
2026-03-20 08:05:18,249 - isca - DEBUG - 
2026-03-20 08:05:18,249 - isca - WARNING - WARNING from PE    0: socrates_init: sw_hires_spectral_filename is unset, making equal to sw_spectral_filename
2026-03-20 08:05:18,249 - isca - DEBUG - 
2026-03-20 08:05:18,249 - isca - DEBUG - 
2026-03-20 08:05:18,249 - isca - WARNING - WARNING from PE    0: socrates_init: sw_hires_spectral_filename is unset, making equal to sw_spectral_filename
2026-03-20 08:05:18,249 - isca - DEBUG - 
2026-03-20 08:05:19,541 - isca - DEBUG - NOTE from PE    0: Interpolator: Using input file with no time dimension - ozone_1990_notime_zero.nc
2026-03-20 08:05:19,541 - isca - DEBUG - Initializing src field : ozone_1990
2026-03-20 08:05:19,543 - isca - DEBUG - 
2026-03-20 08:05:19,544 - isca - DEBUG - -----------------------------------
2026-03-20 08:05:19,544 - isca - DEBUG - ____                       _
2026-03-20 08:05:19,544 - isca - DEBUG - / ___|  ___   ___ _ __ __ _| |_ ___  ___
2026-03-20 08:05:19,544 - isca - DEBUG - \___ \ / _ \ / __|  __/ _` | __/ _ \/ __|
2026-03-20 08:05:19,544 - isca - DEBUG - ___) | (_) | (__| | | (_| | ||  __/\__ \
2026-03-20 08:05:19,544 - isca - DEBUG - |____/ \___/ \___|_|  \__,_|\__\___||___/
2026-03-20 08:05:19,544 - isca - DEBUG - 
2026-03-20 08:05:19,544 - isca - DEBUG - Initialised Socrates v17.03
2026-03-20 08:05:19,544 - isca - DEBUG - Stellar constant =    1840.00000000000
2026-03-20 08:05:19,544 - isca - DEBUG - Longwave spectral file =
2026-03-20 08:05:19,544 - isca - DEBUG - /proj/bolinc/users/x_ryabo/socrates_edited_for_isca/spectral_files_for_GCMs/Sun
2026-03-20 08:05:19,544 - isca - DEBUG - /miniSuran_lw.sf WITH           16  bands
2026-03-20 08:05:19,544 - isca - DEBUG - Longwave hires spectral file =
2026-03-20 08:05:19,544 - isca - DEBUG - /proj/bolinc/users/x_ryabo/socrates_edited_for_isca/spectral_files_for_GCMs/Sun
2026-03-20 08:05:19,544 - isca - DEBUG - /miniSuran_lw.sf WITH           16  bands
2026-03-20 08:05:19,544 - isca - DEBUG - Shortwave spectral file =
2026-03-20 08:05:19,544 - isca - DEBUG - /proj/bolinc/users/x_ryabo/socrates_edited_for_isca/spectral_files_for_GCMs/Sun
2026-03-20 08:05:19,544 - isca - DEBUG - /miniSuran_sw.sf WITH           16  bands
2026-03-20 08:05:19,544 - isca - DEBUG - Shortwave hires spectral file =
2026-03-20 08:05:19,544 - isca - DEBUG - /proj/bolinc/users/x_ryabo/socrates_edited_for_isca/spectral_files_for_GCMs/Sun
2026-03-20 08:05:19,544 - isca - DEBUG - /miniSuran_sw.sf WITH           16  bands
2026-03-20 08:05:19,544 - isca - DEBUG - 
2026-03-20 08:05:19,545 - isca - DEBUG - -----------------------------------
2026-03-20 08:05:19,545 - isca - DEBUG - 
2026-03-20 08:05:50,671 - isca - DEBUG - Integration completed through    3 Feb  2   0: 0: 0
2026-03-20 08:06:22,109 - isca - DEBUG - Integration completed through    3 Feb  3   0: 0: 0
2026-03-20 08:06:53,111 - isca - DEBUG - Integration completed through    3 Feb  4   0: 0: 0
2026-03-20 08:07:24,198 - isca - DEBUG - Integration completed through    3 Feb  5   0: 0: 0
2026-03-20 08:07:55,233 - isca - DEBUG - Integration completed through    3 Feb  6   0: 0: 0
2026-03-20 08:08:26,350 - isca - DEBUG - Integration completed through    3 Feb  7   0: 0: 0
2026-03-20 08:08:57,473 - isca - DEBUG - Integration completed through    3 Feb  8   0: 0: 0
2026-03-20 08:09:28,719 - isca - DEBUG - Integration completed through    3 Feb  9   0: 0: 0
2026-03-20 08:09:59,910 - isca - DEBUG - Integration completed through    3 Feb 10   0: 0: 0
2026-03-20 08:10:31,062 - isca - DEBUG - Integration completed through    3 Feb 11   0: 0: 0
2026-03-20 08:11:02,151 - isca - DEBUG - Integration completed through    3 Feb 12   0: 0: 0
2026-03-20 08:11:33,571 - isca - DEBUG - Integration completed through    3 Feb 13   0: 0: 0
2026-03-20 08:12:04,661 - isca - DEBUG - Integration completed through    3 Feb 14   0: 0: 0
2026-03-20 08:12:36,144 - isca - DEBUG - Integration completed through    3 Feb 15   0: 0: 0
2026-03-20 08:13:07,258 - isca - DEBUG - Integration completed through    3 Feb 16   0: 0: 0
2026-03-20 08:13:38,822 - isca - DEBUG - Integration completed through    3 Feb 17   0: 0: 0
2026-03-20 08:14:09,916 - isca - DEBUG - Integration completed through    3 Feb 18   0: 0: 0
2026-03-20 08:14:40,974 - isca - DEBUG - Integration completed through    3 Feb 19   0: 0: 0
2026-03-20 08:15:12,092 - isca - DEBUG - Integration completed through    3 Feb 20   0: 0: 0
2026-03-20 08:15:43,315 - isca - DEBUG - Integration completed through    3 Feb 21   0: 0: 0
2026-03-20 08:16:14,402 - isca - DEBUG - Integration completed through    3 Feb 22   0: 0: 0
2026-03-20 08:16:45,473 - isca - DEBUG - Integration completed through    3 Feb 23   0: 0: 0
2026-03-20 08:17:16,439 - isca - DEBUG - Integration completed through    3 Feb 24   0: 0: 0
2026-03-20 08:17:47,986 - isca - DEBUG - Integration completed through    3 Feb 25   0: 0: 0
2026-03-20 08:18:19,072 - isca - DEBUG - Integration completed through    3 Feb 26   0: 0: 0
2026-03-20 08:18:50,499 - isca - DEBUG - Integration completed through    3 Feb 27   0: 0: 0
2026-03-20 08:19:21,501 - isca - DEBUG - Integration completed through    3 Feb 28   0: 0: 0
2026-03-20 08:19:52,874 - isca - DEBUG - Integration completed through    3 Feb 29   0: 0: 0
2026-03-20 08:20:23,969 - isca - DEBUG - Integration completed through    3 Feb 30   0: 0: 0
2026-03-20 08:20:55,028 - isca - DEBUG - Integration completed through    3 Mar  1   0: 0: 0
2026-03-20 08:20:55,037 - isca - DEBUG - 
2026-03-20 08:20:55,037 - isca - WARNING - WARNING from PE    0: diag_util_mod::opening_file: module/field_name (socrates/soc_toa_sw_down_clr) NOT registered
2026-03-20 08:20:55,037 - isca - DEBUG - 
2026-03-20 08:20:55,037 - isca - DEBUG - 
2026-03-20 08:20:55,037 - isca - WARNING - WARNING from PE    0: diag_util_mod::opening_file: module/field_name (socrates/soc_toa_sw_down_clr) NOT registered
2026-03-20 08:20:55,037 - isca - DEBUG - 
2026-03-20 08:20:55,037 - isca - DEBUG - 
2026-03-20 08:20:55,037 - isca - WARNING - WARNING from PE    0: diag_util_mod::opening_file: module/field_name (cloud_simple/rh_min) NOT registered
2026-03-20 08:20:55,037 - isca - DEBUG - 
2026-03-20 08:20:55,037 - isca - DEBUG - 
2026-03-20 08:20:55,037 - isca - WARNING - WARNING from PE    0: diag_util_mod::opening_file: module/field_name (cloud_simple/rh_min) NOT registered
2026-03-20 08:20:55,037 - isca - DEBUG - 
2026-03-20 08:20:55,049 - isca - DEBUG - NOTE from PE    0: MPP_IO_SET_STACK_SIZE: stack size set to     393216.
2026-03-20 08:20:55,154 - isca - DEBUG - MPP_DOMAINS_STACK high water mark=       49152
2026-03-20 08:20:55,155 - isca - DEBUG - 
2026-03-20 08:20:55,155 - isca - DEBUG - Tabulating mpp_clock statistics across     16 PEs...
2026-03-20 08:20:55,155 - isca - DEBUG - 
2026-03-20 08:20:55,155 - isca - DEBUG - tmin          tmax          tavg          tstd  tfrac grain pemin pemax
2026-03-20 08:20:55,155 - isca - DEBUG - Total runtime                       937.001477    937.007054    937.004813      0.001235  1.000     0     0    15
2026-03-20 08:20:55,155 - isca - DEBUG - MPP_STACK high water mark=           0
2026-03-20 08:20:55,302 - isca - INFO - Run 26 complete
2026-03-20 08:20:56,207 - isca - DEBUG - atmos_monthly.nc combined and copied to data directory
2026-03-20 08:20:59,424 - isca - INFO - Restart archive created at /proj/bolinc/users/x_ryabo/Isca-Ryan_outputs/Earth_1840/restarts/res0026.tar.gz
2026-03-20 08:20:59,436 - isca - INFO - Writing namelist to '/proj/bolinc/users/x_ryabo/Isca-Ryan_outputs/Earth_1840/run0026/input.nml'
2026-03-20 08:20:59,438 - isca - INFO - Writing field_table to '/proj/bolinc/users/x_ryabo/Isca-Ryan_outputs/Earth_1840/run0026/field_table'
2026-03-20 08:20:59,449 - isca - INFO - Writing diag_table to '/proj/bolinc/users/x_ryabo/Isca-Ryan_outputs/Earth_1840/run0026/diag_table'
2026-03-20 08:20:59,819 - isca - INFO - Emptied run directory '/home/x_ryabo/Isca-Ryan_tmp/experiment/Earth_1840/run'
2026-03-20 08:20:59,839 - isca - INFO - Emptied run directory '/home/x_ryabo/Isca-Ryan_tmp/experiment/Earth_1840/run'
2026-03-20 08:21:00,171 - isca - INFO - Writing namelist to '/home/x_ryabo/Isca-Ryan_tmp/experiment/Earth_1840/run/input.nml'
2026-03-20 08:21:00,173 - isca - INFO - Writing field_table to '/home/x_ryabo/Isca-Ryan_tmp/experiment/Earth_1840/run/field_table'
2026-03-20 08:21:00,189 - isca - INFO - Writing diag_table to '/home/x_ryabo/Isca-Ryan_tmp/experiment/Earth_1840/run/diag_table'
2026-03-20 08:21:00,204 - isca - INFO - Using restart file '/proj/bolinc/users/x_ryabo/Isca-Ryan_outputs/Earth_1840/restarts/res0026.tar.gz'
2026-03-20 08:21:00,628 - isca - INFO - Restart /proj/bolinc/users/x_ryabo/Isca-Ryan_outputs/Earth_1840/restarts/res0026.tar.gz extracted to /home/x_ryabo/Isca-Ryan_tmp/experiment/Earth_1840/run/INPUT
2026-03-20 08:21:00,629 - isca - INFO - Beginning run 27
2026-03-20 08:21:00,640 - isca - INFO - process running as 2544270
2026-03-20 08:21:00,640 - isca - DEBUG - loadmodules for Isca on NSC cluster Tetralith
2026-03-20 08:21:00,641 - isca - DEBUG - mpiifort
2026-03-20 08:21:00,754 - isca - DEBUG - The following modules were not unloaded:
2026-03-20 08:21:00,754 - isca - DEBUG - (Use "module --force purge" to unload all):
2026-03-20 08:21:00,754 - isca - DEBUG - 
2026-03-20 08:21:00,755 - isca - DEBUG - 1) hpc/.1.10.1
2026-03-20 08:21:00,860 - isca - DEBUG - ***************************************************
2026-03-20 08:21:00,860 - isca - DEBUG - You have loaded a buildenv module
2026-03-20 08:21:00,860 - isca - DEBUG - ***************************************************
2026-03-20 08:21:00,860 - isca - DEBUG - The buldenv-intel module makes available:
2026-03-20 08:21:00,860 - isca - DEBUG - - Compilers: icc, ifort, etc.
2026-03-20 08:21:00,860 - isca - DEBUG - - Mpi library with mpi-wrapped compilers: intel mpi with mpicc, mpifort, etc.
2026-03-20 08:21:00,860 - isca - DEBUG - - Numerical libraries: intel MKL
2026-03-20 08:21:00,860 - isca - DEBUG - 
2026-03-20 08:21:00,860 - isca - DEBUG - It also makes a set of dependency library modules available via
2026-03-20 08:21:00,860 - isca - DEBUG - the regular module command. Just do:
2026-03-20 08:21:00,860 - isca - DEBUG - module avail
2026-03-20 08:21:00,860 - isca - DEBUG - to see what is available.
2026-03-20 08:21:00,860 - isca - DEBUG - 
2026-03-20 08:21:00,860 - isca - DEBUG - NOTE: You shoud never load build environments inside submitted jobs.
2026-03-20 08:21:00,860 - isca - DEBUG - (with the single exception of when using supercomputer time to compile code.)
2026-03-20 08:21:00,861 - isca - DEBUG - 
2026-03-20 08:21:01,998 - isca - DEBUG - NOTE from PE    0: MPP_DOMAINS_SET_STACK_SIZE: stack size set to    32768.
2026-03-20 08:21:01,998 - isca - DEBUG - &MPP_IO_NML
2026-03-20 08:21:01,998 - isca - DEBUG - HEADER_BUFFER_VAL       =       16384,
2026-03-20 08:21:01,998 - isca - DEBUG - GLOBAL_FIELD_ON_ROOT_PE = T,
2026-03-20 08:21:01,998 - isca - DEBUG - IO_CLOCKS_ON    = F,
2026-03-20 08:21:01,998 - isca - DEBUG - SHUFFLE =           0,
2026-03-20 08:21:01,998 - isca - DEBUG - DEFLATE_LEVEL   =          -1
2026-03-20 08:21:01,998 - isca - DEBUG - /
2026-03-20 08:21:02,000 - isca - DEBUG - NOTE from PE    0: MPP_IO_SET_STACK_SIZE: stack size set to     131072.
2026-03-20 08:21:02,001 - isca - DEBUG - NOTE from PE    0: MPP_DOMAINS_SET_STACK_SIZE: stack size set to   600000.
2026-03-20 08:21:02,008 - isca - DEBUG - starting            1  OpenMP threads per MPI-task
2026-03-20 08:21:02,010 - isca - DEBUG - ATMOS MODEL DOMAIN DECOMPOSITION
2026-03-20 08:21:02,010 - isca - DEBUG - X-AXIS =  128
2026-03-20 08:21:02,010 - isca - DEBUG - Y-AXIS =    4   4   4   4   4   4   4   4   4   4   4   4   4   4   4   4
2026-03-20 08:21:02,066 - isca - DEBUG - NOTE from PE    0: cloud_simple: Using SimCloud cloud scheme
2026-03-20 08:21:02,067 - isca - DEBUG - NOTE from PE    0: ls_cloud: Using Sundqvist (1989) cloud fraction diagnostic formula.
2026-03-20 08:21:02,068 - isca - DEBUG - NOTE from PE    0: cloud_cover: The cloud overlap assumption is MAXIMUM-RANDOM
2026-03-20 08:21:02,068 - isca - DEBUG - NOTE from PE    0: idealized_moist_phys: Using Frierson Quasi-Equilibrium convection scheme.
2026-03-20 08:21:02,076 - isca - DEBUG - 
2026-03-20 08:21:02,076 - isca - WARNING - WARNING from PE    0: socrates_init: lw_hires_spectral_filename is unset, making equal to lw_spectral_filename
2026-03-20 08:21:02,076 - isca - DEBUG - 
2026-03-20 08:21:02,076 - isca - DEBUG - 
2026-03-20 08:21:02,076 - isca - WARNING - WARNING from PE    0: socrates_init: lw_hires_spectral_filename is unset, making equal to lw_spectral_filename
2026-03-20 08:21:02,076 - isca - DEBUG - 
2026-03-20 08:21:02,077 - isca - DEBUG - 
2026-03-20 08:21:02,077 - isca - WARNING - WARNING from PE    0: socrates_init: sw_hires_spectral_filename is unset, making equal to sw_spectral_filename
2026-03-20 08:21:02,077 - isca - DEBUG - 
2026-03-20 08:21:02,077 - isca - DEBUG - 
2026-03-20 08:21:02,077 - isca - WARNING - WARNING from PE    0: socrates_init: sw_hires_spectral_filename is unset, making equal to sw_spectral_filename
2026-03-20 08:21:02,077 - isca - DEBUG - 
2026-03-20 08:21:03,268 - isca - DEBUG - NOTE from PE    0: Interpolator: Using input file with no time dimension - ozone_1990_notime_zero.nc
2026-03-20 08:21:03,268 - isca - DEBUG - Initializing src field : ozone_1990
2026-03-20 08:21:03,270 - isca - DEBUG - 
2026-03-20 08:21:03,270 - isca - DEBUG - -----------------------------------
2026-03-20 08:21:03,270 - isca - DEBUG - ____                       _
2026-03-20 08:21:03,270 - isca - DEBUG - / ___|  ___   ___ _ __ __ _| |_ ___  ___
2026-03-20 08:21:03,270 - isca - DEBUG - \___ \ / _ \ / __|  __/ _` | __/ _ \/ __|
2026-03-20 08:21:03,270 - isca - DEBUG - ___) | (_) | (__| | | (_| | ||  __/\__ \
2026-03-20 08:21:03,270 - isca - DEBUG - |____/ \___/ \___|_|  \__,_|\__\___||___/
2026-03-20 08:21:03,270 - isca - DEBUG - 
2026-03-20 08:21:03,270 - isca - DEBUG - Initialised Socrates v17.03
2026-03-20 08:21:03,270 - isca - DEBUG - Stellar constant =    1840.00000000000
2026-03-20 08:21:03,270 - isca - DEBUG - Longwave spectral file =
2026-03-20 08:21:03,270 - isca - DEBUG - /proj/bolinc/users/x_ryabo/socrates_edited_for_isca/spectral_files_for_GCMs/Sun
2026-03-20 08:21:03,270 - isca - DEBUG - /miniSuran_lw.sf WITH           16  bands
2026-03-20 08:21:03,270 - isca - DEBUG - Longwave hires spectral file =
2026-03-20 08:21:03,271 - isca - DEBUG - /proj/bolinc/users/x_ryabo/socrates_edited_for_isca/spectral_files_for_GCMs/Sun
2026-03-20 08:21:03,271 - isca - DEBUG - /miniSuran_lw.sf WITH           16  bands
2026-03-20 08:21:03,271 - isca - DEBUG - Shortwave spectral file =
2026-03-20 08:21:03,271 - isca - DEBUG - /proj/bolinc/users/x_ryabo/socrates_edited_for_isca/spectral_files_for_GCMs/Sun
2026-03-20 08:21:03,271 - isca - DEBUG - /miniSuran_sw.sf WITH           16  bands
2026-03-20 08:21:03,271 - isca - DEBUG - Shortwave hires spectral file =
2026-03-20 08:21:03,271 - isca - DEBUG - /proj/bolinc/users/x_ryabo/socrates_edited_for_isca/spectral_files_for_GCMs/Sun
2026-03-20 08:21:03,271 - isca - DEBUG - /miniSuran_sw.sf WITH           16  bands
2026-03-20 08:21:03,271 - isca - DEBUG - 
2026-03-20 08:21:03,271 - isca - DEBUG - -----------------------------------
2026-03-20 08:21:03,271 - isca - DEBUG - 
2026-03-20 08:21:34,665 - isca - DEBUG - Integration completed through    3 Mar  2   0: 0: 0
2026-03-20 08:22:05,682 - isca - DEBUG - Integration completed through    3 Mar  3   0: 0: 0
2026-03-20 08:22:37,072 - isca - DEBUG - Integration completed through    3 Mar  4   0: 0: 0
2026-03-20 08:23:08,118 - isca - DEBUG - Integration completed through    3 Mar  5   0: 0: 0
2026-03-20 08:23:39,526 - isca - DEBUG - Integration completed through    3 Mar  6   0: 0: 0
2026-03-20 08:24:10,603 - isca - DEBUG - Integration completed through    3 Mar  7   0: 0: 0
2026-03-20 08:24:42,002 - isca - DEBUG - Integration completed through    3 Mar  8   0: 0: 0
2026-03-20 08:25:13,072 - isca - DEBUG - Integration completed through    3 Mar  9   0: 0: 0
2026-03-20 08:25:44,586 - isca - DEBUG - Integration completed through    3 Mar 10   0: 0: 0
2026-03-20 08:26:15,682 - isca - DEBUG - Integration completed through    3 Mar 11   0: 0: 0
2026-03-20 08:26:47,145 - isca - DEBUG - Integration completed through    3 Mar 12   0: 0: 0
2026-03-20 08:27:18,271 - isca - DEBUG - Integration completed through    3 Mar 13   0: 0: 0
2026-03-20 08:27:49,730 - isca - DEBUG - Integration completed through    3 Mar 14   0: 0: 0
2026-03-20 08:28:20,775 - isca - DEBUG - Integration completed through    3 Mar 15   0: 0: 0
2026-03-20 08:28:52,154 - isca - DEBUG - Integration completed through    3 Mar 16   0: 0: 0
2026-03-20 08:29:23,570 - isca - DEBUG - Integration completed through    3 Mar 17   0: 0: 0
2026-03-20 08:29:54,559 - isca - DEBUG - Integration completed through    3 Mar 18   0: 0: 0
2026-03-20 08:30:25,980 - isca - DEBUG - Integration completed through    3 Mar 19   0: 0: 0
2026-03-20 08:30:57,044 - isca - DEBUG - Integration completed through    3 Mar 20   0: 0: 0
2026-03-20 08:31:28,190 - isca - DEBUG - Integration completed through    3 Mar 21   0: 0: 0
2026-03-20 08:31:59,203 - isca - DEBUG - Integration completed through    3 Mar 22   0: 0: 0
2026-03-20 08:32:30,264 - isca - DEBUG - Integration completed through    3 Mar 23   0: 0: 0
2026-03-20 08:33:01,294 - isca - DEBUG - Integration completed through    3 Mar 24   0: 0: 0
2026-03-20 08:33:32,633 - isca - DEBUG - Integration completed through    3 Mar 25   0: 0: 0
2026-03-20 08:34:03,658 - isca - DEBUG - Integration completed through    3 Mar 26   0: 0: 0
2026-03-20 08:34:35,133 - isca - DEBUG - Integration completed through    3 Mar 27   0: 0: 0
2026-03-20 08:35:06,195 - isca - DEBUG - Integration completed through    3 Mar 28   0: 0: 0
2026-03-20 08:35:37,235 - isca - DEBUG - Integration completed through    3 Mar 29   0: 0: 0
2026-03-20 08:36:08,352 - isca - DEBUG - Integration completed through    3 Mar 30   0: 0: 0
2026-03-20 08:36:39,431 - isca - DEBUG - Integration completed through    3 Apr  1   0: 0: 0
2026-03-20 08:36:39,441 - isca - DEBUG - 
2026-03-20 08:36:39,441 - isca - WARNING - WARNING from PE    0: diag_util_mod::opening_file: module/field_name (socrates/soc_toa_sw_down_clr) NOT registered
2026-03-20 08:36:39,441 - isca - DEBUG - 
2026-03-20 08:36:39,441 - isca - DEBUG - 
2026-03-20 08:36:39,441 - isca - WARNING - WARNING from PE    0: diag_util_mod::opening_file: module/field_name (socrates/soc_toa_sw_down_clr) NOT registered
2026-03-20 08:36:39,441 - isca - DEBUG - 
2026-03-20 08:36:39,441 - isca - DEBUG - 
2026-03-20 08:36:39,441 - isca - WARNING - WARNING from PE    0: diag_util_mod::opening_file: module/field_name (cloud_simple/rh_min) NOT registered
2026-03-20 08:36:39,441 - isca - DEBUG - 
2026-03-20 08:36:39,441 - isca - DEBUG - 
2026-03-20 08:36:39,441 - isca - WARNING - WARNING from PE    0: diag_util_mod::opening_file: module/field_name (cloud_simple/rh_min) NOT registered
2026-03-20 08:36:39,441 - isca - DEBUG - 
2026-03-20 08:36:39,451 - isca - DEBUG - NOTE from PE    0: MPP_IO_SET_STACK_SIZE: stack size set to     393216.
2026-03-20 08:36:39,672 - isca - DEBUG - MPP_DOMAINS_STACK high water mark=       49152
2026-03-20 08:36:39,672 - isca - DEBUG - 
2026-03-20 08:36:39,672 - isca - DEBUG - Tabulating mpp_clock statistics across     16 PEs...
2026-03-20 08:36:39,672 - isca - DEBUG - 
2026-03-20 08:36:39,672 - isca - DEBUG - tmin          tmax          tavg          tstd  tfrac grain pemin pemax
2026-03-20 08:36:39,672 - isca - DEBUG - Total runtime                       937.671939    937.677046    937.675328      0.001360  1.000     0     0    15
2026-03-20 08:36:39,673 - isca - DEBUG - MPP_STACK high water mark=           0
2026-03-20 08:36:39,759 - isca - INFO - Run 27 complete
2026-03-20 08:36:40,685 - isca - DEBUG - atmos_monthly.nc combined and copied to data directory
2026-03-20 08:36:43,906 - isca - INFO - Restart archive created at /proj/bolinc/users/x_ryabo/Isca-Ryan_outputs/Earth_1840/restarts/res0027.tar.gz
2026-03-20 08:36:43,918 - isca - INFO - Writing namelist to '/proj/bolinc/users/x_ryabo/Isca-Ryan_outputs/Earth_1840/run0027/input.nml'
2026-03-20 08:36:43,920 - isca - INFO - Writing field_table to '/proj/bolinc/users/x_ryabo/Isca-Ryan_outputs/Earth_1840/run0027/field_table'
2026-03-20 08:36:43,931 - isca - INFO - Writing diag_table to '/proj/bolinc/users/x_ryabo/Isca-Ryan_outputs/Earth_1840/run0027/diag_table'
2026-03-20 08:36:44,299 - isca - INFO - Emptied run directory '/home/x_ryabo/Isca-Ryan_tmp/experiment/Earth_1840/run'
2026-03-20 08:36:44,320 - isca - INFO - Emptied run directory '/home/x_ryabo/Isca-Ryan_tmp/experiment/Earth_1840/run'
2026-03-20 08:36:44,658 - isca - INFO - Writing namelist to '/home/x_ryabo/Isca-Ryan_tmp/experiment/Earth_1840/run/input.nml'
2026-03-20 08:36:44,660 - isca - INFO - Writing field_table to '/home/x_ryabo/Isca-Ryan_tmp/experiment/Earth_1840/run/field_table'
2026-03-20 08:36:44,672 - isca - INFO - Writing diag_table to '/home/x_ryabo/Isca-Ryan_tmp/experiment/Earth_1840/run/diag_table'
2026-03-20 08:36:44,685 - isca - INFO - Using restart file '/proj/bolinc/users/x_ryabo/Isca-Ryan_outputs/Earth_1840/restarts/res0027.tar.gz'
2026-03-20 08:36:45,105 - isca - INFO - Restart /proj/bolinc/users/x_ryabo/Isca-Ryan_outputs/Earth_1840/restarts/res0027.tar.gz extracted to /home/x_ryabo/Isca-Ryan_tmp/experiment/Earth_1840/run/INPUT
2026-03-20 08:36:45,106 - isca - INFO - Beginning run 28
2026-03-20 08:36:45,121 - isca - INFO - process running as 2545271
2026-03-20 08:36:45,121 - isca - DEBUG - loadmodules for Isca on NSC cluster Tetralith
2026-03-20 08:36:45,121 - isca - DEBUG - mpiifort
2026-03-20 08:36:45,231 - isca - DEBUG - The following modules were not unloaded:
2026-03-20 08:36:45,231 - isca - DEBUG - (Use "module --force purge" to unload all):
2026-03-20 08:36:45,231 - isca - DEBUG - 
2026-03-20 08:36:45,231 - isca - DEBUG - 1) hpc/.1.10.1
2026-03-20 08:36:45,337 - isca - DEBUG - ***************************************************
2026-03-20 08:36:45,337 - isca - DEBUG - You have loaded a buildenv module
2026-03-20 08:36:45,337 - isca - DEBUG - ***************************************************
2026-03-20 08:36:45,337 - isca - DEBUG - The buldenv-intel module makes available:
2026-03-20 08:36:45,337 - isca - DEBUG - - Compilers: icc, ifort, etc.
2026-03-20 08:36:45,337 - isca - DEBUG - - Mpi library with mpi-wrapped compilers: intel mpi with mpicc, mpifort, etc.
2026-03-20 08:36:45,337 - isca - DEBUG - - Numerical libraries: intel MKL
2026-03-20 08:36:45,337 - isca - DEBUG - 
2026-03-20 08:36:45,337 - isca - DEBUG - It also makes a set of dependency library modules available via
2026-03-20 08:36:45,337 - isca - DEBUG - the regular module command. Just do:
2026-03-20 08:36:45,337 - isca - DEBUG - module avail
2026-03-20 08:36:45,337 - isca - DEBUG - to see what is available.
2026-03-20 08:36:45,337 - isca - DEBUG - 
2026-03-20 08:36:45,337 - isca - DEBUG - NOTE: You shoud never load build environments inside submitted jobs.
2026-03-20 08:36:45,337 - isca - DEBUG - (with the single exception of when using supercomputer time to compile code.)
2026-03-20 08:36:45,337 - isca - DEBUG - 
2026-03-20 08:36:46,700 - isca - DEBUG - NOTE from PE    0: MPP_DOMAINS_SET_STACK_SIZE: stack size set to    32768.
2026-03-20 08:36:46,700 - isca - DEBUG - &MPP_IO_NML
2026-03-20 08:36:46,700 - isca - DEBUG - HEADER_BUFFER_VAL       =       16384,
2026-03-20 08:36:46,700 - isca - DEBUG - GLOBAL_FIELD_ON_ROOT_PE = T,
2026-03-20 08:36:46,700 - isca - DEBUG - IO_CLOCKS_ON    = F,
2026-03-20 08:36:46,700 - isca - DEBUG - SHUFFLE =           0,
2026-03-20 08:36:46,700 - isca - DEBUG - DEFLATE_LEVEL   =          -1
2026-03-20 08:36:46,700 - isca - DEBUG - /
2026-03-20 08:36:46,702 - isca - DEBUG - NOTE from PE    0: MPP_IO_SET_STACK_SIZE: stack size set to     131072.
2026-03-20 08:36:46,703 - isca - DEBUG - NOTE from PE    0: MPP_DOMAINS_SET_STACK_SIZE: stack size set to   600000.
2026-03-20 08:36:46,711 - isca - DEBUG - starting            1  OpenMP threads per MPI-task
2026-03-20 08:36:46,713 - isca - DEBUG - ATMOS MODEL DOMAIN DECOMPOSITION
2026-03-20 08:36:46,713 - isca - DEBUG - X-AXIS =  128
2026-03-20 08:36:46,713 - isca - DEBUG - Y-AXIS =    4   4   4   4   4   4   4   4   4   4   4   4   4   4   4   4
2026-03-20 08:36:46,775 - isca - DEBUG - NOTE from PE    0: cloud_simple: Using SimCloud cloud scheme
2026-03-20 08:36:46,777 - isca - DEBUG - NOTE from PE    0: ls_cloud: Using Sundqvist (1989) cloud fraction diagnostic formula.
2026-03-20 08:36:46,777 - isca - DEBUG - NOTE from PE    0: cloud_cover: The cloud overlap assumption is MAXIMUM-RANDOM
2026-03-20 08:36:46,777 - isca - DEBUG - NOTE from PE    0: idealized_moist_phys: Using Frierson Quasi-Equilibrium convection scheme.
2026-03-20 08:36:46,786 - isca - DEBUG - 
2026-03-20 08:36:46,786 - isca - WARNING - WARNING from PE    0: socrates_init: lw_hires_spectral_filename is unset, making equal to lw_spectral_filename
2026-03-20 08:36:46,786 - isca - DEBUG - 
2026-03-20 08:36:46,786 - isca - DEBUG - 
2026-03-20 08:36:46,786 - isca - WARNING - WARNING from PE    0: socrates_init: lw_hires_spectral_filename is unset, making equal to lw_spectral_filename
2026-03-20 08:36:46,786 - isca - DEBUG - 
2026-03-20 08:36:46,786 - isca - DEBUG - 
2026-03-20 08:36:46,786 - isca - WARNING - WARNING from PE    0: socrates_init: sw_hires_spectral_filename is unset, making equal to sw_spectral_filename
2026-03-20 08:36:46,786 - isca - DEBUG - 
2026-03-20 08:36:46,786 - isca - DEBUG - 
2026-03-20 08:36:46,786 - isca - WARNING - WARNING from PE    0: socrates_init: sw_hires_spectral_filename is unset, making equal to sw_spectral_filename
2026-03-20 08:36:46,786 - isca - DEBUG - 
2026-03-20 08:36:47,990 - isca - DEBUG - NOTE from PE    0: Interpolator: Using input file with no time dimension - ozone_1990_notime_zero.nc
2026-03-20 08:36:47,990 - isca - DEBUG - Initializing src field : ozone_1990
2026-03-20 08:36:47,992 - isca - DEBUG - 
2026-03-20 08:36:47,992 - isca - DEBUG - -----------------------------------
2026-03-20 08:36:47,992 - isca - DEBUG - ____                       _
2026-03-20 08:36:47,992 - isca - DEBUG - / ___|  ___   ___ _ __ __ _| |_ ___  ___
2026-03-20 08:36:47,992 - isca - DEBUG - \___ \ / _ \ / __|  __/ _` | __/ _ \/ __|
2026-03-20 08:36:47,992 - isca - DEBUG - ___) | (_) | (__| | | (_| | ||  __/\__ \
2026-03-20 08:36:47,992 - isca - DEBUG - |____/ \___/ \___|_|  \__,_|\__\___||___/
2026-03-20 08:36:47,992 - isca - DEBUG - 
2026-03-20 08:36:47,993 - isca - DEBUG - Initialised Socrates v17.03
2026-03-20 08:36:47,993 - isca - DEBUG - Stellar constant =    1840.00000000000
2026-03-20 08:36:47,993 - isca - DEBUG - Longwave spectral file =
2026-03-20 08:36:47,993 - isca - DEBUG - /proj/bolinc/users/x_ryabo/socrates_edited_for_isca/spectral_files_for_GCMs/Sun
2026-03-20 08:36:47,993 - isca - DEBUG - /miniSuran_lw.sf WITH           16  bands
2026-03-20 08:36:47,993 - isca - DEBUG - Longwave hires spectral file =
2026-03-20 08:36:47,993 - isca - DEBUG - /proj/bolinc/users/x_ryabo/socrates_edited_for_isca/spectral_files_for_GCMs/Sun
2026-03-20 08:36:47,993 - isca - DEBUG - /miniSuran_lw.sf WITH           16  bands
2026-03-20 08:36:47,993 - isca - DEBUG - Shortwave spectral file =
2026-03-20 08:36:47,993 - isca - DEBUG - /proj/bolinc/users/x_ryabo/socrates_edited_for_isca/spectral_files_for_GCMs/Sun
2026-03-20 08:36:47,993 - isca - DEBUG - /miniSuran_sw.sf WITH           16  bands
2026-03-20 08:36:47,993 - isca - DEBUG - Shortwave hires spectral file =
2026-03-20 08:36:47,993 - isca - DEBUG - /proj/bolinc/users/x_ryabo/socrates_edited_for_isca/spectral_files_for_GCMs/Sun
2026-03-20 08:36:47,993 - isca - DEBUG - /miniSuran_sw.sf WITH           16  bands
2026-03-20 08:36:47,993 - isca - DEBUG - 
2026-03-20 08:36:47,993 - isca - DEBUG - -----------------------------------
2026-03-20 08:36:47,993 - isca - DEBUG - 
2026-03-20 08:37:19,164 - isca - DEBUG - Integration completed through    3 Apr  2   0: 0: 0
2026-03-20 08:37:50,726 - isca - DEBUG - Integration completed through    3 Apr  3   0: 0: 0
2026-03-20 08:38:21,756 - isca - DEBUG - Integration completed through    3 Apr  4   0: 0: 0
2026-03-20 08:38:52,847 - isca - DEBUG - Integration completed through    3 Apr  5   0: 0: 0
2026-03-20 08:39:23,900 - isca - DEBUG - Integration completed through    3 Apr  6   0: 0: 0
2026-03-20 08:39:54,989 - isca - DEBUG - Integration completed through    3 Apr  7   0: 0: 0
2026-03-20 08:40:26,013 - isca - DEBUG - Integration completed through    3 Apr  8   0: 0: 0
2026-03-20 08:40:57,040 - isca - DEBUG - Integration completed through    3 Apr  9   0: 0: 0
2026-03-20 08:41:28,468 - isca - DEBUG - Integration completed through    3 Apr 10   0: 0: 0
2026-03-20 08:41:59,470 - isca - DEBUG - Integration completed through    3 Apr 11   0: 0: 0
2026-03-20 08:42:30,539 - isca - DEBUG - Integration completed through    3 Apr 12   0: 0: 0
2026-03-20 08:43:01,508 - isca - DEBUG - Integration completed through    3 Apr 13   0: 0: 0
2026-03-20 08:43:32,453 - isca - DEBUG - Integration completed through    3 Apr 14   0: 0: 0
2026-03-20 08:44:03,356 - isca - DEBUG - Integration completed through    3 Apr 15   0: 0: 0
2026-03-20 08:44:34,653 - isca - DEBUG - Integration completed through    3 Apr 16   0: 0: 0
2026-03-20 08:45:05,576 - isca - DEBUG - Integration completed through    3 Apr 17   0: 0: 0
2026-03-20 08:45:36,927 - isca - DEBUG - Integration completed through    3 Apr 18   0: 0: 0
2026-03-20 08:46:07,931 - isca - DEBUG - Integration completed through    3 Apr 19   0: 0: 0
2026-03-20 08:46:39,305 - isca - DEBUG - Integration completed through    3 Apr 20   0: 0: 0
2026-03-20 08:47:10,303 - isca - DEBUG - Integration completed through    3 Apr 21   0: 0: 0
2026-03-20 08:47:41,575 - isca - DEBUG - Integration completed through    3 Apr 22   0: 0: 0
2026-03-20 08:48:12,514 - isca - DEBUG - Integration completed through    3 Apr 23   0: 0: 0
2026-03-20 08:48:43,880 - isca - DEBUG - Integration completed through    3 Apr 24   0: 0: 0
2026-03-20 08:49:14,891 - isca - DEBUG - Integration completed through    3 Apr 25   0: 0: 0
2026-03-20 08:49:46,390 - isca - DEBUG - Integration completed through    3 Apr 26   0: 0: 0
2026-03-20 08:50:17,442 - isca - DEBUG - Integration completed through    3 Apr 27   0: 0: 0
2026-03-20 08:50:48,895 - isca - DEBUG - Integration completed through    3 Apr 28   0: 0: 0
2026-03-20 08:51:20,014 - isca - DEBUG - Integration completed through    3 Apr 29   0: 0: 0
2026-03-20 08:51:51,518 - isca - DEBUG - Integration completed through    3 Apr 30   0: 0: 0
2026-03-20 08:52:23,040 - isca - DEBUG - Integration completed through    3 May  1   0: 0: 0
2026-03-20 08:52:23,049 - isca - DEBUG - 
2026-03-20 08:52:23,049 - isca - WARNING - WARNING from PE    0: diag_util_mod::opening_file: module/field_name (socrates/soc_toa_sw_down_clr) NOT registered
2026-03-20 08:52:23,049 - isca - DEBUG - 
2026-03-20 08:52:23,049 - isca - DEBUG - 
2026-03-20 08:52:23,050 - isca - WARNING - WARNING from PE    0: diag_util_mod::opening_file: module/field_name (socrates/soc_toa_sw_down_clr) NOT registered
2026-03-20 08:52:23,050 - isca - DEBUG - 
2026-03-20 08:52:23,050 - isca - DEBUG - 
2026-03-20 08:52:23,050 - isca - WARNING - WARNING from PE    0: diag_util_mod::opening_file: module/field_name (cloud_simple/rh_min) NOT registered
2026-03-20 08:52:23,050 - isca - DEBUG - 
2026-03-20 08:52:23,050 - isca - DEBUG - 
2026-03-20 08:52:23,051 - isca - WARNING - WARNING from PE    0: diag_util_mod::opening_file: module/field_name (cloud_simple/rh_min) NOT registered
2026-03-20 08:52:23,051 - isca - DEBUG - 
2026-03-20 08:52:23,062 - isca - DEBUG - NOTE from PE    0: MPP_IO_SET_STACK_SIZE: stack size set to     393216.
2026-03-20 08:52:23,177 - isca - DEBUG - MPP_DOMAINS_STACK high water mark=       49152
2026-03-20 08:52:23,177 - isca - DEBUG - 
2026-03-20 08:52:23,177 - isca - DEBUG - Tabulating mpp_clock statistics across     16 PEs...
2026-03-20 08:52:23,177 - isca - DEBUG - 
2026-03-20 08:52:23,177 - isca - DEBUG - tmin          tmax          tavg          tstd  tfrac grain pemin pemax
2026-03-20 08:52:23,177 - isca - DEBUG - Total runtime                       936.475282    936.479838    936.477705      0.001051  1.000     0     0    15
2026-03-20 08:52:23,177 - isca - DEBUG - MPP_STACK high water mark=           0
2026-03-20 08:52:23,263 - isca - INFO - Run 28 complete
2026-03-20 08:52:24,174 - isca - DEBUG - atmos_monthly.nc combined and copied to data directory
2026-03-20 08:52:27,390 - isca - INFO - Restart archive created at /proj/bolinc/users/x_ryabo/Isca-Ryan_outputs/Earth_1840/restarts/res0028.tar.gz
2026-03-20 08:52:27,402 - isca - INFO - Writing namelist to '/proj/bolinc/users/x_ryabo/Isca-Ryan_outputs/Earth_1840/run0028/input.nml'
2026-03-20 08:52:27,405 - isca - INFO - Writing field_table to '/proj/bolinc/users/x_ryabo/Isca-Ryan_outputs/Earth_1840/run0028/field_table'
2026-03-20 08:52:27,415 - isca - INFO - Writing diag_table to '/proj/bolinc/users/x_ryabo/Isca-Ryan_outputs/Earth_1840/run0028/diag_table'
2026-03-20 08:52:27,778 - isca - INFO - Emptied run directory '/home/x_ryabo/Isca-Ryan_tmp/experiment/Earth_1840/run'
2026-03-20 08:52:27,798 - isca - INFO - Emptied run directory '/home/x_ryabo/Isca-Ryan_tmp/experiment/Earth_1840/run'
2026-03-20 08:52:28,129 - isca - INFO - Writing namelist to '/home/x_ryabo/Isca-Ryan_tmp/experiment/Earth_1840/run/input.nml'
2026-03-20 08:52:28,131 - isca - INFO - Writing field_table to '/home/x_ryabo/Isca-Ryan_tmp/experiment/Earth_1840/run/field_table'
2026-03-20 08:52:28,143 - isca - INFO - Writing diag_table to '/home/x_ryabo/Isca-Ryan_tmp/experiment/Earth_1840/run/diag_table'
2026-03-20 08:52:28,156 - isca - INFO - Using restart file '/proj/bolinc/users/x_ryabo/Isca-Ryan_outputs/Earth_1840/restarts/res0028.tar.gz'
2026-03-20 08:52:28,575 - isca - INFO - Restart /proj/bolinc/users/x_ryabo/Isca-Ryan_outputs/Earth_1840/restarts/res0028.tar.gz extracted to /home/x_ryabo/Isca-Ryan_tmp/experiment/Earth_1840/run/INPUT
2026-03-20 08:52:28,576 - isca - INFO - Beginning run 29
2026-03-20 08:52:28,587 - isca - INFO - process running as 2546238
2026-03-20 08:52:28,588 - isca - DEBUG - loadmodules for Isca on NSC cluster Tetralith
2026-03-20 08:52:28,588 - isca - DEBUG - mpiifort
2026-03-20 08:52:28,703 - isca - DEBUG - The following modules were not unloaded:
2026-03-20 08:52:28,703 - isca - DEBUG - (Use "module --force purge" to unload all):
2026-03-20 08:52:28,703 - isca - DEBUG - 
2026-03-20 08:52:28,703 - isca - DEBUG - 1) hpc/.1.10.1
2026-03-20 08:52:28,808 - isca - DEBUG - ***************************************************
2026-03-20 08:52:28,809 - isca - DEBUG - You have loaded a buildenv module
2026-03-20 08:52:28,809 - isca - DEBUG - ***************************************************
2026-03-20 08:52:28,809 - isca - DEBUG - The buldenv-intel module makes available:
2026-03-20 08:52:28,809 - isca - DEBUG - - Compilers: icc, ifort, etc.
2026-03-20 08:52:28,809 - isca - DEBUG - - Mpi library with mpi-wrapped compilers: intel mpi with mpicc, mpifort, etc.
2026-03-20 08:52:28,809 - isca - DEBUG - - Numerical libraries: intel MKL
2026-03-20 08:52:28,809 - isca - DEBUG - 
2026-03-20 08:52:28,809 - isca - DEBUG - It also makes a set of dependency library modules available via
2026-03-20 08:52:28,809 - isca - DEBUG - the regular module command. Just do:
2026-03-20 08:52:28,809 - isca - DEBUG - module avail
2026-03-20 08:52:28,809 - isca - DEBUG - to see what is available.
2026-03-20 08:52:28,809 - isca - DEBUG - 
2026-03-20 08:52:28,809 - isca - DEBUG - NOTE: You shoud never load build environments inside submitted jobs.
2026-03-20 08:52:28,809 - isca - DEBUG - (with the single exception of when using supercomputer time to compile code.)
2026-03-20 08:52:28,809 - isca - DEBUG - 
2026-03-20 08:52:29,951 - isca - DEBUG - NOTE from PE    0: MPP_DOMAINS_SET_STACK_SIZE: stack size set to    32768.
2026-03-20 08:52:29,951 - isca - DEBUG - &MPP_IO_NML
2026-03-20 08:52:29,952 - isca - DEBUG - HEADER_BUFFER_VAL       =       16384,
2026-03-20 08:52:29,952 - isca - DEBUG - GLOBAL_FIELD_ON_ROOT_PE = T,
2026-03-20 08:52:29,952 - isca - DEBUG - IO_CLOCKS_ON    = F,
2026-03-20 08:52:29,952 - isca - DEBUG - SHUFFLE =           0,
2026-03-20 08:52:29,952 - isca - DEBUG - DEFLATE_LEVEL   =          -1
2026-03-20 08:52:29,952 - isca - DEBUG - /
2026-03-20 08:52:29,953 - isca - DEBUG - NOTE from PE    0: MPP_IO_SET_STACK_SIZE: stack size set to     131072.
2026-03-20 08:52:29,954 - isca - DEBUG - NOTE from PE    0: MPP_DOMAINS_SET_STACK_SIZE: stack size set to   600000.
2026-03-20 08:52:29,961 - isca - DEBUG - starting            1  OpenMP threads per MPI-task
2026-03-20 08:52:29,963 - isca - DEBUG - ATMOS MODEL DOMAIN DECOMPOSITION
2026-03-20 08:52:29,963 - isca - DEBUG - X-AXIS =  128
2026-03-20 08:52:29,963 - isca - DEBUG - Y-AXIS =    4   4   4   4   4   4   4   4   4   4   4   4   4   4   4   4
2026-03-20 08:52:30,023 - isca - DEBUG - NOTE from PE    0: cloud_simple: Using SimCloud cloud scheme
2026-03-20 08:52:30,024 - isca - DEBUG - NOTE from PE    0: ls_cloud: Using Sundqvist (1989) cloud fraction diagnostic formula.
2026-03-20 08:52:30,025 - isca - DEBUG - NOTE from PE    0: cloud_cover: The cloud overlap assumption is MAXIMUM-RANDOM
2026-03-20 08:52:30,025 - isca - DEBUG - NOTE from PE    0: idealized_moist_phys: Using Frierson Quasi-Equilibrium convection scheme.
2026-03-20 08:52:30,034 - isca - DEBUG - 
2026-03-20 08:52:30,034 - isca - WARNING - WARNING from PE    0: socrates_init: lw_hires_spectral_filename is unset, making equal to lw_spectral_filename
2026-03-20 08:52:30,034 - isca - DEBUG - 
2026-03-20 08:52:30,034 - isca - DEBUG - 
2026-03-20 08:52:30,034 - isca - WARNING - WARNING from PE    0: socrates_init: lw_hires_spectral_filename is unset, making equal to lw_spectral_filename
2026-03-20 08:52:30,034 - isca - DEBUG - 
2026-03-20 08:52:30,034 - isca - DEBUG - 
2026-03-20 08:52:30,034 - isca - WARNING - WARNING from PE    0: socrates_init: sw_hires_spectral_filename is unset, making equal to sw_spectral_filename
2026-03-20 08:52:30,034 - isca - DEBUG - 
2026-03-20 08:52:30,034 - isca - DEBUG - 
2026-03-20 08:52:30,034 - isca - WARNING - WARNING from PE    0: socrates_init: sw_hires_spectral_filename is unset, making equal to sw_spectral_filename
2026-03-20 08:52:30,034 - isca - DEBUG - 
2026-03-20 08:52:31,276 - isca - DEBUG - NOTE from PE    0: Interpolator: Using input file with no time dimension - ozone_1990_notime_zero.nc
2026-03-20 08:52:31,276 - isca - DEBUG - Initializing src field : ozone_1990
2026-03-20 08:52:31,279 - isca - DEBUG - 
2026-03-20 08:52:31,279 - isca - DEBUG - -----------------------------------
2026-03-20 08:52:31,279 - isca - DEBUG - ____                       _
2026-03-20 08:52:31,279 - isca - DEBUG - / ___|  ___   ___ _ __ __ _| |_ ___  ___
2026-03-20 08:52:31,279 - isca - DEBUG - \___ \ / _ \ / __|  __/ _` | __/ _ \/ __|
2026-03-20 08:52:31,279 - isca - DEBUG - ___) | (_) | (__| | | (_| | ||  __/\__ \
2026-03-20 08:52:31,279 - isca - DEBUG - |____/ \___/ \___|_|  \__,_|\__\___||___/
2026-03-20 08:52:31,279 - isca - DEBUG - 
2026-03-20 08:52:31,279 - isca - DEBUG - Initialised Socrates v17.03
2026-03-20 08:52:31,279 - isca - DEBUG - Stellar constant =    1840.00000000000
2026-03-20 08:52:31,279 - isca - DEBUG - Longwave spectral file =
2026-03-20 08:52:31,279 - isca - DEBUG - /proj/bolinc/users/x_ryabo/socrates_edited_for_isca/spectral_files_for_GCMs/Sun
2026-03-20 08:52:31,279 - isca - DEBUG - /miniSuran_lw.sf WITH           16  bands
2026-03-20 08:52:31,279 - isca - DEBUG - Longwave hires spectral file =
2026-03-20 08:52:31,279 - isca - DEBUG - /proj/bolinc/users/x_ryabo/socrates_edited_for_isca/spectral_files_for_GCMs/Sun
2026-03-20 08:52:31,279 - isca - DEBUG - /miniSuran_lw.sf WITH           16  bands
2026-03-20 08:52:31,279 - isca - DEBUG - Shortwave spectral file =
2026-03-20 08:52:31,279 - isca - DEBUG - /proj/bolinc/users/x_ryabo/socrates_edited_for_isca/spectral_files_for_GCMs/Sun
2026-03-20 08:52:31,279 - isca - DEBUG - /miniSuran_sw.sf WITH           16  bands
2026-03-20 08:52:31,279 - isca - DEBUG - Shortwave hires spectral file =
2026-03-20 08:52:31,279 - isca - DEBUG - /proj/bolinc/users/x_ryabo/socrates_edited_for_isca/spectral_files_for_GCMs/Sun
2026-03-20 08:52:31,279 - isca - DEBUG - /miniSuran_sw.sf WITH           16  bands
2026-03-20 08:52:31,279 - isca - DEBUG - 
2026-03-20 08:52:31,279 - isca - DEBUG - -----------------------------------
2026-03-20 08:52:31,279 - isca - DEBUG - 
2026-03-20 08:53:02,602 - isca - DEBUG - Integration completed through    3 May  2   0: 0: 0
2026-03-20 08:53:33,797 - isca - DEBUG - Integration completed through    3 May  3   0: 0: 0
2026-03-20 08:54:04,938 - isca - DEBUG - Integration completed through    3 May  4   0: 0: 0
2026-03-20 08:54:36,446 - isca - DEBUG - Integration completed through    3 May  5   0: 0: 0
2026-03-20 08:55:07,613 - isca - DEBUG - Integration completed through    3 May  6   0: 0: 0
2026-03-20 08:55:39,162 - isca - DEBUG - Integration completed through    3 May  7   0: 0: 0
2026-03-20 08:56:10,271 - isca - DEBUG - Integration completed through    3 May  8   0: 0: 0
2026-03-20 08:56:41,783 - isca - DEBUG - Integration completed through    3 May  9   0: 0: 0
2026-03-20 08:57:12,886 - isca - DEBUG - Integration completed through    3 May 10   0: 0: 0
2026-03-20 08:57:44,311 - isca - DEBUG - Integration completed through    3 May 11   0: 0: 0
2026-03-20 08:58:15,382 - isca - DEBUG - Integration completed through    3 May 12   0: 0: 0
2026-03-20 08:58:46,980 - isca - DEBUG - Integration completed through    3 May 13   0: 0: 0
2026-03-20 08:59:18,041 - isca - DEBUG - Integration completed through    3 May 14   0: 0: 0
2026-03-20 08:59:49,570 - isca - DEBUG - Integration completed through    3 May 15   0: 0: 0
2026-03-20 09:00:20,676 - isca - DEBUG - Integration completed through    3 May 16   0: 0: 0
2026-03-20 09:00:51,757 - isca - DEBUG - Integration completed through    3 May 17   0: 0: 0
2026-03-20 09:01:22,877 - isca - DEBUG - Integration completed through    3 May 18   0: 0: 0
2026-03-20 09:01:54,322 - isca - DEBUG - Integration completed through    3 May 19   0: 0: 0
2026-03-20 09:02:25,788 - isca - DEBUG - Integration completed through    3 May 20   0: 0: 0
2026-03-20 09:02:56,968 - isca - DEBUG - Integration completed through    3 May 21   0: 0: 0
2026-03-20 09:03:28,451 - isca - DEBUG - Integration completed through    3 May 22   0: 0: 0
2026-03-20 09:03:59,664 - isca - DEBUG - Integration completed through    3 May 23   0: 0: 0
2026-03-20 09:04:31,135 - isca - DEBUG - Integration completed through    3 May 24   0: 0: 0
2026-03-20 09:05:02,251 - isca - DEBUG - Integration completed through    3 May 25   0: 0: 0
2026-03-20 09:05:33,726 - isca - DEBUG - Integration completed through    3 May 26   0: 0: 0
2026-03-20 09:06:04,991 - isca - DEBUG - Integration completed through    3 May 27   0: 0: 0
2026-03-20 09:06:36,489 - isca - DEBUG - Integration completed through    3 May 28   0: 0: 0
2026-03-20 09:07:07,746 - isca - DEBUG - Integration completed through    3 May 29   0: 0: 0
2026-03-20 09:07:38,947 - isca - DEBUG - Integration completed through    3 May 30   0: 0: 0
2026-03-20 09:08:10,156 - isca - DEBUG - Integration completed through    3 Jun  1   0: 0: 0
2026-03-20 09:08:10,295 - isca - DEBUG - 
2026-03-20 09:08:10,295 - isca - WARNING - WARNING from PE    0: diag_util_mod::opening_file: module/field_name (socrates/soc_toa_sw_down_clr) NOT registered
2026-03-20 09:08:10,296 - isca - DEBUG - 
2026-03-20 09:08:10,296 - isca - DEBUG - 
2026-03-20 09:08:10,296 - isca - WARNING - WARNING from PE    0: diag_util_mod::opening_file: module/field_name (socrates/soc_toa_sw_down_clr) NOT registered
2026-03-20 09:08:10,296 - isca - DEBUG - 
2026-03-20 09:08:10,296 - isca - DEBUG - 
2026-03-20 09:08:10,296 - isca - WARNING - WARNING from PE    0: diag_util_mod::opening_file: module/field_name (cloud_simple/rh_min) NOT registered
2026-03-20 09:08:10,296 - isca - DEBUG - 
2026-03-20 09:08:10,296 - isca - DEBUG - 
2026-03-20 09:08:10,296 - isca - WARNING - WARNING from PE    0: diag_util_mod::opening_file: module/field_name (cloud_simple/rh_min) NOT registered
2026-03-20 09:08:10,296 - isca - DEBUG - 
2026-03-20 09:08:10,306 - isca - DEBUG - NOTE from PE    0: MPP_IO_SET_STACK_SIZE: stack size set to     393216.
2026-03-20 09:08:10,414 - isca - DEBUG - MPP_DOMAINS_STACK high water mark=       49152
2026-03-20 09:08:10,414 - isca - DEBUG - 
2026-03-20 09:08:10,415 - isca - DEBUG - Tabulating mpp_clock statistics across     16 PEs...
2026-03-20 09:08:10,415 - isca - DEBUG - 
2026-03-20 09:08:10,415 - isca - DEBUG - tmin          tmax          tavg          tstd  tfrac grain pemin pemax
2026-03-20 09:08:10,415 - isca - DEBUG - Total runtime                       940.460732    940.466220    940.463608      0.001667  1.000     0     0    15
2026-03-20 09:08:10,415 - isca - DEBUG - MPP_STACK high water mark=           0
2026-03-20 09:08:10,483 - isca - INFO - Run 29 complete
2026-03-20 09:08:11,553 - isca - DEBUG - atmos_monthly.nc combined and copied to data directory
2026-03-20 09:08:14,768 - isca - INFO - Restart archive created at /proj/bolinc/users/x_ryabo/Isca-Ryan_outputs/Earth_1840/restarts/res0029.tar.gz
2026-03-20 09:08:14,781 - isca - INFO - Writing namelist to '/proj/bolinc/users/x_ryabo/Isca-Ryan_outputs/Earth_1840/run0029/input.nml'
2026-03-20 09:08:14,782 - isca - INFO - Writing field_table to '/proj/bolinc/users/x_ryabo/Isca-Ryan_outputs/Earth_1840/run0029/field_table'
2026-03-20 09:08:14,793 - isca - INFO - Writing diag_table to '/proj/bolinc/users/x_ryabo/Isca-Ryan_outputs/Earth_1840/run0029/diag_table'
2026-03-20 09:08:15,230 - isca - INFO - Emptied run directory '/home/x_ryabo/Isca-Ryan_tmp/experiment/Earth_1840/run'
2026-03-20 09:08:15,254 - isca - INFO - Emptied run directory '/home/x_ryabo/Isca-Ryan_tmp/experiment/Earth_1840/run'
2026-03-20 09:08:15,586 - isca - INFO - Writing namelist to '/home/x_ryabo/Isca-Ryan_tmp/experiment/Earth_1840/run/input.nml'
2026-03-20 09:08:15,588 - isca - INFO - Writing field_table to '/home/x_ryabo/Isca-Ryan_tmp/experiment/Earth_1840/run/field_table'
2026-03-20 09:08:15,600 - isca - INFO - Writing diag_table to '/home/x_ryabo/Isca-Ryan_tmp/experiment/Earth_1840/run/diag_table'
2026-03-20 09:08:15,622 - isca - INFO - Using restart file '/proj/bolinc/users/x_ryabo/Isca-Ryan_outputs/Earth_1840/restarts/res0029.tar.gz'
2026-03-20 09:08:16,044 - isca - INFO - Restart /proj/bolinc/users/x_ryabo/Isca-Ryan_outputs/Earth_1840/restarts/res0029.tar.gz extracted to /home/x_ryabo/Isca-Ryan_tmp/experiment/Earth_1840/run/INPUT
2026-03-20 09:08:16,044 - isca - INFO - Beginning run 30
2026-03-20 09:08:16,056 - isca - INFO - process running as 2547196
2026-03-20 09:08:16,056 - isca - DEBUG - loadmodules for Isca on NSC cluster Tetralith
2026-03-20 09:08:16,056 - isca - DEBUG - mpiifort
2026-03-20 09:08:16,183 - isca - DEBUG - The following modules were not unloaded:
2026-03-20 09:08:16,183 - isca - DEBUG - (Use "module --force purge" to unload all):
2026-03-20 09:08:16,183 - isca - DEBUG - 
2026-03-20 09:08:16,183 - isca - DEBUG - 1) hpc/.1.10.1
2026-03-20 09:08:16,289 - isca - DEBUG - ***************************************************
2026-03-20 09:08:16,289 - isca - DEBUG - You have loaded a buildenv module
2026-03-20 09:08:16,289 - isca - DEBUG - ***************************************************
2026-03-20 09:08:16,289 - isca - DEBUG - The buldenv-intel module makes available:
2026-03-20 09:08:16,289 - isca - DEBUG - - Compilers: icc, ifort, etc.
2026-03-20 09:08:16,289 - isca - DEBUG - - Mpi library with mpi-wrapped compilers: intel mpi with mpicc, mpifort, etc.
2026-03-20 09:08:16,289 - isca - DEBUG - - Numerical libraries: intel MKL
2026-03-20 09:08:16,289 - isca - DEBUG - 
2026-03-20 09:08:16,289 - isca - DEBUG - It also makes a set of dependency library modules available via
2026-03-20 09:08:16,289 - isca - DEBUG - the regular module command. Just do:
2026-03-20 09:08:16,290 - isca - DEBUG - module avail
2026-03-20 09:08:16,290 - isca - DEBUG - to see what is available.
2026-03-20 09:08:16,290 - isca - DEBUG - 
2026-03-20 09:08:16,290 - isca - DEBUG - NOTE: You shoud never load build environments inside submitted jobs.
2026-03-20 09:08:16,290 - isca - DEBUG - (with the single exception of when using supercomputer time to compile code.)
2026-03-20 09:08:16,290 - isca - DEBUG - 
2026-03-20 09:08:19,009 - isca - DEBUG - NOTE from PE    0: MPP_DOMAINS_SET_STACK_SIZE: stack size set to    32768.
2026-03-20 09:08:19,009 - isca - DEBUG - &MPP_IO_NML
2026-03-20 09:08:19,010 - isca - DEBUG - HEADER_BUFFER_VAL       =       16384,
2026-03-20 09:08:19,010 - isca - DEBUG - GLOBAL_FIELD_ON_ROOT_PE = T,
2026-03-20 09:08:19,010 - isca - DEBUG - IO_CLOCKS_ON    = F,
2026-03-20 09:08:19,010 - isca - DEBUG - SHUFFLE =           0,
2026-03-20 09:08:19,010 - isca - DEBUG - DEFLATE_LEVEL   =          -1
2026-03-20 09:08:19,010 - isca - DEBUG - /
2026-03-20 09:08:19,011 - isca - DEBUG - NOTE from PE    0: MPP_IO_SET_STACK_SIZE: stack size set to     131072.
2026-03-20 09:08:19,012 - isca - DEBUG - NOTE from PE    0: MPP_DOMAINS_SET_STACK_SIZE: stack size set to   600000.
2026-03-20 09:08:19,020 - isca - DEBUG - starting            1  OpenMP threads per MPI-task
2026-03-20 09:08:19,022 - isca - DEBUG - ATMOS MODEL DOMAIN DECOMPOSITION
2026-03-20 09:08:19,022 - isca - DEBUG - X-AXIS =  128
2026-03-20 09:08:19,022 - isca - DEBUG - Y-AXIS =    4   4   4   4   4   4   4   4   4   4   4   4   4   4   4   4
2026-03-20 09:08:19,078 - isca - DEBUG - NOTE from PE    0: cloud_simple: Using SimCloud cloud scheme
2026-03-20 09:08:19,080 - isca - DEBUG - NOTE from PE    0: ls_cloud: Using Sundqvist (1989) cloud fraction diagnostic formula.
2026-03-20 09:08:19,080 - isca - DEBUG - NOTE from PE    0: cloud_cover: The cloud overlap assumption is MAXIMUM-RANDOM
2026-03-20 09:08:19,080 - isca - DEBUG - NOTE from PE    0: idealized_moist_phys: Using Frierson Quasi-Equilibrium convection scheme.
2026-03-20 09:08:19,090 - isca - DEBUG - 
2026-03-20 09:08:19,090 - isca - WARNING - WARNING from PE    0: socrates_init: lw_hires_spectral_filename is unset, making equal to lw_spectral_filename
2026-03-20 09:08:19,090 - isca - DEBUG - 
2026-03-20 09:08:19,090 - isca - DEBUG - 
2026-03-20 09:08:19,090 - isca - WARNING - WARNING from PE    0: socrates_init: lw_hires_spectral_filename is unset, making equal to lw_spectral_filename
2026-03-20 09:08:19,090 - isca - DEBUG - 
2026-03-20 09:08:19,090 - isca - DEBUG - 
2026-03-20 09:08:19,090 - isca - WARNING - WARNING from PE    0: socrates_init: sw_hires_spectral_filename is unset, making equal to sw_spectral_filename
2026-03-20 09:08:19,090 - isca - DEBUG - 
2026-03-20 09:08:19,090 - isca - DEBUG - 
2026-03-20 09:08:19,090 - isca - WARNING - WARNING from PE    0: socrates_init: sw_hires_spectral_filename is unset, making equal to sw_spectral_filename
2026-03-20 09:08:19,090 - isca - DEBUG - 
2026-03-20 09:08:20,309 - isca - DEBUG - NOTE from PE    0: Interpolator: Using input file with no time dimension - ozone_1990_notime_zero.nc
2026-03-20 09:08:20,309 - isca - DEBUG - Initializing src field : ozone_1990
2026-03-20 09:08:20,312 - isca - DEBUG - 
2026-03-20 09:08:20,312 - isca - DEBUG - -----------------------------------
2026-03-20 09:08:20,312 - isca - DEBUG - ____                       _
2026-03-20 09:08:20,312 - isca - DEBUG - / ___|  ___   ___ _ __ __ _| |_ ___  ___
2026-03-20 09:08:20,312 - isca - DEBUG - \___ \ / _ \ / __|  __/ _` | __/ _ \/ __|
2026-03-20 09:08:20,312 - isca - DEBUG - ___) | (_) | (__| | | (_| | ||  __/\__ \
2026-03-20 09:08:20,312 - isca - DEBUG - |____/ \___/ \___|_|  \__,_|\__\___||___/
2026-03-20 09:08:20,312 - isca - DEBUG - 
2026-03-20 09:08:20,312 - isca - DEBUG - Initialised Socrates v17.03
2026-03-20 09:08:20,312 - isca - DEBUG - Stellar constant =    1840.00000000000
2026-03-20 09:08:20,312 - isca - DEBUG - Longwave spectral file =
2026-03-20 09:08:20,312 - isca - DEBUG - /proj/bolinc/users/x_ryabo/socrates_edited_for_isca/spectral_files_for_GCMs/Sun
2026-03-20 09:08:20,312 - isca - DEBUG - /miniSuran_lw.sf WITH           16  bands
2026-03-20 09:08:20,312 - isca - DEBUG - Longwave hires spectral file =
2026-03-20 09:08:20,312 - isca - DEBUG - /proj/bolinc/users/x_ryabo/socrates_edited_for_isca/spectral_files_for_GCMs/Sun
2026-03-20 09:08:20,312 - isca - DEBUG - /miniSuran_lw.sf WITH           16  bands
2026-03-20 09:08:20,312 - isca - DEBUG - Shortwave spectral file =
2026-03-20 09:08:20,312 - isca - DEBUG - /proj/bolinc/users/x_ryabo/socrates_edited_for_isca/spectral_files_for_GCMs/Sun
2026-03-20 09:08:20,312 - isca - DEBUG - /miniSuran_sw.sf WITH           16  bands
2026-03-20 09:08:20,312 - isca - DEBUG - Shortwave hires spectral file =
2026-03-20 09:08:20,312 - isca - DEBUG - /proj/bolinc/users/x_ryabo/socrates_edited_for_isca/spectral_files_for_GCMs/Sun
2026-03-20 09:08:20,312 - isca - DEBUG - /miniSuran_sw.sf WITH           16  bands
2026-03-20 09:08:20,312 - isca - DEBUG - 
2026-03-20 09:08:20,312 - isca - DEBUG - -----------------------------------
2026-03-20 09:08:20,313 - isca - DEBUG - 
2026-03-20 09:08:51,955 - isca - DEBUG - Integration completed through    3 Jun  2   0: 0: 0
2026-03-20 09:09:23,210 - isca - DEBUG - Integration completed through    3 Jun  3   0: 0: 0
2026-03-20 09:09:54,775 - isca - DEBUG - Integration completed through    3 Jun  4   0: 0: 0
2026-03-20 09:10:26,342 - isca - DEBUG - Integration completed through    3 Jun  5   0: 0: 0
2026-03-20 09:10:57,558 - isca - DEBUG - Integration completed through    3 Jun  6   0: 0: 0
2026-03-20 09:11:29,217 - isca - DEBUG - Integration completed through    3 Jun  7   0: 0: 0
2026-03-20 09:12:00,479 - isca - DEBUG - Integration completed through    3 Jun  8   0: 0: 0
2026-03-20 09:12:32,140 - isca - DEBUG - Integration completed through    3 Jun  9   0: 0: 0
2026-03-20 09:13:03,383 - isca - DEBUG - Integration completed through    3 Jun 10   0: 0: 0
2026-03-20 09:13:35,068 - isca - DEBUG - Integration completed through    3 Jun 11   0: 0: 0
2026-03-20 09:14:06,276 - isca - DEBUG - Integration completed through    3 Jun 12   0: 0: 0
2026-03-20 09:14:37,766 - isca - DEBUG - Integration completed through    3 Jun 13   0: 0: 0
2026-03-20 09:15:08,935 - isca - DEBUG - Integration completed through    3 Jun 14   0: 0: 0
2026-03-20 09:15:40,161 - isca - DEBUG - Integration completed through    3 Jun 15   0: 0: 0
2026-03-20 09:16:11,385 - isca - DEBUG - Integration completed through    3 Jun 16   0: 0: 0
2026-03-20 09:16:42,981 - isca - DEBUG - Integration completed through    3 Jun 17   0: 0: 0
2026-03-20 09:17:14,142 - isca - DEBUG - Integration completed through    3 Jun 18   0: 0: 0
2026-03-20 09:17:45,682 - isca - DEBUG - Integration completed through    3 Jun 19   0: 0: 0
2026-03-20 09:18:16,839 - isca - DEBUG - Integration completed through    3 Jun 20   0: 0: 0
2026-03-20 09:18:48,058 - isca - DEBUG - Integration completed through    3 Jun 21   0: 0: 0
2026-03-20 09:19:19,224 - isca - DEBUG - Integration completed through    3 Jun 22   0: 0: 0
2026-03-20 09:19:50,420 - isca - DEBUG - Integration completed through    3 Jun 23   0: 0: 0
2026-03-20 09:20:21,613 - isca - DEBUG - Integration completed through    3 Jun 24   0: 0: 0
2026-03-20 09:20:52,830 - isca - DEBUG - Integration completed through    3 Jun 25   0: 0: 0
2026-03-20 09:21:24,086 - isca - DEBUG - Integration completed through    3 Jun 26   0: 0: 0
2026-03-20 09:21:55,358 - isca - DEBUG - Integration completed through    3 Jun 27   0: 0: 0
2026-03-20 09:22:26,716 - isca - DEBUG - Integration completed through    3 Jun 28   0: 0: 0
2026-03-20 09:22:58,054 - isca - DEBUG - Integration completed through    3 Jun 29   0: 0: 0
2026-03-20 09:23:29,394 - isca - DEBUG - Integration completed through    3 Jun 30   0: 0: 0
2026-03-20 09:24:00,737 - isca - DEBUG - Integration completed through    3 Jul  1   0: 0: 0
2026-03-20 09:24:00,747 - isca - DEBUG - 
2026-03-20 09:24:00,747 - isca - WARNING - WARNING from PE    0: diag_util_mod::opening_file: module/field_name (socrates/soc_toa_sw_down_clr) NOT registered
2026-03-20 09:24:00,747 - isca - DEBUG - 
2026-03-20 09:24:00,747 - isca - DEBUG - 
2026-03-20 09:24:00,747 - isca - WARNING - WARNING from PE    0: diag_util_mod::opening_file: module/field_name (socrates/soc_toa_sw_down_clr) NOT registered
2026-03-20 09:24:00,747 - isca - DEBUG - 
2026-03-20 09:24:00,747 - isca - DEBUG - 
2026-03-20 09:24:00,747 - isca - WARNING - WARNING from PE    0: diag_util_mod::opening_file: module/field_name (cloud_simple/rh_min) NOT registered
2026-03-20 09:24:00,747 - isca - DEBUG - 
2026-03-20 09:24:00,747 - isca - DEBUG - 
2026-03-20 09:24:00,747 - isca - WARNING - WARNING from PE    0: diag_util_mod::opening_file: module/field_name (cloud_simple/rh_min) NOT registered
2026-03-20 09:24:00,747 - isca - DEBUG - 
2026-03-20 09:24:00,758 - isca - DEBUG - NOTE from PE    0: MPP_IO_SET_STACK_SIZE: stack size set to     393216.
2026-03-20 09:24:00,929 - isca - DEBUG - MPP_DOMAINS_STACK high water mark=       49152
2026-03-20 09:24:00,929 - isca - DEBUG - 
2026-03-20 09:24:00,929 - isca - DEBUG - Tabulating mpp_clock statistics across     16 PEs...
2026-03-20 09:24:00,929 - isca - DEBUG - 
2026-03-20 09:24:00,929 - isca - DEBUG - tmin          tmax          tavg          tstd  tfrac grain pemin pemax
2026-03-20 09:24:00,930 - isca - DEBUG - Total runtime                       941.918182    941.922833    941.920183      0.001318  1.000     0     0    15
2026-03-20 09:24:00,930 - isca - DEBUG - MPP_STACK high water mark=           0
2026-03-20 09:24:01,024 - isca - INFO - Run 30 complete
2026-03-20 09:24:01,946 - isca - DEBUG - atmos_monthly.nc combined and copied to data directory
2026-03-20 09:24:05,182 - isca - INFO - Restart archive created at /proj/bolinc/users/x_ryabo/Isca-Ryan_outputs/Earth_1840/restarts/res0030.tar.gz
2026-03-20 09:24:05,194 - isca - INFO - Writing namelist to '/proj/bolinc/users/x_ryabo/Isca-Ryan_outputs/Earth_1840/run0030/input.nml'
2026-03-20 09:24:05,196 - isca - INFO - Writing field_table to '/proj/bolinc/users/x_ryabo/Isca-Ryan_outputs/Earth_1840/run0030/field_table'
2026-03-20 09:24:05,207 - isca - INFO - Writing diag_table to '/proj/bolinc/users/x_ryabo/Isca-Ryan_outputs/Earth_1840/run0030/diag_table'
2026-03-20 09:24:05,566 - isca - INFO - Emptied run directory '/home/x_ryabo/Isca-Ryan_tmp/experiment/Earth_1840/run'
2026-03-20 09:24:05,586 - isca - INFO - Emptied run directory '/home/x_ryabo/Isca-Ryan_tmp/experiment/Earth_1840/run'
2026-03-20 09:24:05,917 - isca - INFO - Writing namelist to '/home/x_ryabo/Isca-Ryan_tmp/experiment/Earth_1840/run/input.nml'
2026-03-20 09:24:05,919 - isca - INFO - Writing field_table to '/home/x_ryabo/Isca-Ryan_tmp/experiment/Earth_1840/run/field_table'
2026-03-20 09:24:05,931 - isca - INFO - Writing diag_table to '/home/x_ryabo/Isca-Ryan_tmp/experiment/Earth_1840/run/diag_table'
2026-03-20 09:24:05,945 - isca - INFO - Using restart file '/proj/bolinc/users/x_ryabo/Isca-Ryan_outputs/Earth_1840/restarts/res0030.tar.gz'
2026-03-20 09:24:06,363 - isca - INFO - Restart /proj/bolinc/users/x_ryabo/Isca-Ryan_outputs/Earth_1840/restarts/res0030.tar.gz extracted to /home/x_ryabo/Isca-Ryan_tmp/experiment/Earth_1840/run/INPUT
2026-03-20 09:24:06,364 - isca - INFO - Beginning run 31
2026-03-20 09:24:06,380 - isca - INFO - process running as 2548088
2026-03-20 09:24:06,380 - isca - DEBUG - loadmodules for Isca on NSC cluster Tetralith
2026-03-20 09:24:06,380 - isca - DEBUG - mpiifort
2026-03-20 09:24:06,492 - isca - DEBUG - The following modules were not unloaded:
2026-03-20 09:24:06,492 - isca - DEBUG - (Use "module --force purge" to unload all):
2026-03-20 09:24:06,492 - isca - DEBUG - 
2026-03-20 09:24:06,492 - isca - DEBUG - 1) hpc/.1.10.1
2026-03-20 09:24:06,599 - isca - DEBUG - ***************************************************
2026-03-20 09:24:06,599 - isca - DEBUG - You have loaded a buildenv module
2026-03-20 09:24:06,599 - isca - DEBUG - ***************************************************
2026-03-20 09:24:06,599 - isca - DEBUG - The buldenv-intel module makes available:
2026-03-20 09:24:06,599 - isca - DEBUG - - Compilers: icc, ifort, etc.
2026-03-20 09:24:06,599 - isca - DEBUG - - Mpi library with mpi-wrapped compilers: intel mpi with mpicc, mpifort, etc.
2026-03-20 09:24:06,599 - isca - DEBUG - - Numerical libraries: intel MKL
2026-03-20 09:24:06,599 - isca - DEBUG - 
2026-03-20 09:24:06,599 - isca - DEBUG - It also makes a set of dependency library modules available via
2026-03-20 09:24:06,599 - isca - DEBUG - the regular module command. Just do:
2026-03-20 09:24:06,599 - isca - DEBUG - module avail
2026-03-20 09:24:06,599 - isca - DEBUG - to see what is available.
2026-03-20 09:24:06,599 - isca - DEBUG - 
2026-03-20 09:24:06,599 - isca - DEBUG - NOTE: You shoud never load build environments inside submitted jobs.
2026-03-20 09:24:06,599 - isca - DEBUG - (with the single exception of when using supercomputer time to compile code.)
2026-03-20 09:24:06,599 - isca - DEBUG - 
2026-03-20 09:24:07,740 - isca - DEBUG - NOTE from PE    0: MPP_DOMAINS_SET_STACK_SIZE: stack size set to    32768.
2026-03-20 09:24:07,740 - isca - DEBUG - &MPP_IO_NML
2026-03-20 09:24:07,740 - isca - DEBUG - HEADER_BUFFER_VAL       =       16384,
2026-03-20 09:24:07,740 - isca - DEBUG - GLOBAL_FIELD_ON_ROOT_PE = T,
2026-03-20 09:24:07,740 - isca - DEBUG - IO_CLOCKS_ON    = F,
2026-03-20 09:24:07,740 - isca - DEBUG - SHUFFLE =           0,
2026-03-20 09:24:07,740 - isca - DEBUG - DEFLATE_LEVEL   =          -1
2026-03-20 09:24:07,740 - isca - DEBUG - /
2026-03-20 09:24:07,742 - isca - DEBUG - NOTE from PE    0: MPP_IO_SET_STACK_SIZE: stack size set to     131072.
2026-03-20 09:24:07,743 - isca - DEBUG - NOTE from PE    0: MPP_DOMAINS_SET_STACK_SIZE: stack size set to   600000.
2026-03-20 09:24:07,751 - isca - DEBUG - starting            1  OpenMP threads per MPI-task
2026-03-20 09:24:07,752 - isca - DEBUG - ATMOS MODEL DOMAIN DECOMPOSITION
2026-03-20 09:24:07,753 - isca - DEBUG - X-AXIS =  128
2026-03-20 09:24:07,753 - isca - DEBUG - Y-AXIS =    4   4   4   4   4   4   4   4   4   4   4   4   4   4   4   4
2026-03-20 09:24:07,812 - isca - DEBUG - NOTE from PE    0: cloud_simple: Using SimCloud cloud scheme
2026-03-20 09:24:07,813 - isca - DEBUG - NOTE from PE    0: ls_cloud: Using Sundqvist (1989) cloud fraction diagnostic formula.
2026-03-20 09:24:07,813 - isca - DEBUG - NOTE from PE    0: cloud_cover: The cloud overlap assumption is MAXIMUM-RANDOM
2026-03-20 09:24:07,813 - isca - DEBUG - NOTE from PE    0: idealized_moist_phys: Using Frierson Quasi-Equilibrium convection scheme.
2026-03-20 09:24:07,823 - isca - DEBUG - 
2026-03-20 09:24:07,823 - isca - WARNING - WARNING from PE    0: socrates_init: lw_hires_spectral_filename is unset, making equal to lw_spectral_filename
2026-03-20 09:24:07,823 - isca - DEBUG - 
2026-03-20 09:24:07,823 - isca - DEBUG - 
2026-03-20 09:24:07,823 - isca - WARNING - WARNING from PE    0: socrates_init: lw_hires_spectral_filename is unset, making equal to lw_spectral_filename
2026-03-20 09:24:07,823 - isca - DEBUG - 
2026-03-20 09:24:07,823 - isca - DEBUG - 
2026-03-20 09:24:07,823 - isca - WARNING - WARNING from PE    0: socrates_init: sw_hires_spectral_filename is unset, making equal to sw_spectral_filename
2026-03-20 09:24:07,823 - isca - DEBUG - 
2026-03-20 09:24:07,823 - isca - DEBUG - 
2026-03-20 09:24:07,823 - isca - WARNING - WARNING from PE    0: socrates_init: sw_hires_spectral_filename is unset, making equal to sw_spectral_filename
2026-03-20 09:24:07,823 - isca - DEBUG - 
2026-03-20 09:24:09,036 - isca - DEBUG - NOTE from PE    0: Interpolator: Using input file with no time dimension - ozone_1990_notime_zero.nc
2026-03-20 09:24:09,036 - isca - DEBUG - Initializing src field : ozone_1990
2026-03-20 09:24:09,038 - isca - DEBUG - 
2026-03-20 09:24:09,039 - isca - DEBUG - -----------------------------------
2026-03-20 09:24:09,039 - isca - DEBUG - ____                       _
2026-03-20 09:24:09,039 - isca - DEBUG - / ___|  ___   ___ _ __ __ _| |_ ___  ___
2026-03-20 09:24:09,039 - isca - DEBUG - \___ \ / _ \ / __|  __/ _` | __/ _ \/ __|
2026-03-20 09:24:09,039 - isca - DEBUG - ___) | (_) | (__| | | (_| | ||  __/\__ \
2026-03-20 09:24:09,039 - isca - DEBUG - |____/ \___/ \___|_|  \__,_|\__\___||___/
2026-03-20 09:24:09,039 - isca - DEBUG - 
2026-03-20 09:24:09,039 - isca - DEBUG - Initialised Socrates v17.03
2026-03-20 09:24:09,039 - isca - DEBUG - Stellar constant =    1840.00000000000
2026-03-20 09:24:09,039 - isca - DEBUG - Longwave spectral file =
2026-03-20 09:24:09,039 - isca - DEBUG - /proj/bolinc/users/x_ryabo/socrates_edited_for_isca/spectral_files_for_GCMs/Sun
2026-03-20 09:24:09,039 - isca - DEBUG - /miniSuran_lw.sf WITH           16  bands
2026-03-20 09:24:09,039 - isca - DEBUG - Longwave hires spectral file =
2026-03-20 09:24:09,039 - isca - DEBUG - /proj/bolinc/users/x_ryabo/socrates_edited_for_isca/spectral_files_for_GCMs/Sun
2026-03-20 09:24:09,039 - isca - DEBUG - /miniSuran_lw.sf WITH           16  bands
2026-03-20 09:24:09,039 - isca - DEBUG - Shortwave spectral file =
2026-03-20 09:24:09,039 - isca - DEBUG - /proj/bolinc/users/x_ryabo/socrates_edited_for_isca/spectral_files_for_GCMs/Sun
2026-03-20 09:24:09,039 - isca - DEBUG - /miniSuran_sw.sf WITH           16  bands
2026-03-20 09:24:09,039 - isca - DEBUG - Shortwave hires spectral file =
2026-03-20 09:24:09,039 - isca - DEBUG - /proj/bolinc/users/x_ryabo/socrates_edited_for_isca/spectral_files_for_GCMs/Sun
2026-03-20 09:24:09,039 - isca - DEBUG - /miniSuran_sw.sf WITH           16  bands
2026-03-20 09:24:09,039 - isca - DEBUG - 
2026-03-20 09:24:09,039 - isca - DEBUG - -----------------------------------
2026-03-20 09:24:09,039 - isca - DEBUG - 
2026-03-20 09:24:40,806 - isca - DEBUG - Integration completed through    3 Jul  2   0: 0: 0
2026-03-20 09:25:12,469 - isca - DEBUG - Integration completed through    3 Jul  3   0: 0: 0
2026-03-20 09:25:44,138 - isca - DEBUG - Integration completed through    3 Jul  4   0: 0: 0
2026-03-20 09:26:15,771 - isca - DEBUG - Integration completed through    3 Jul  5   0: 0: 0
2026-03-20 09:26:47,380 - isca - DEBUG - Integration completed through    3 Jul  6   0: 0: 0
2026-03-20 09:27:18,994 - isca - DEBUG - Integration completed through    3 Jul  7   0: 0: 0
2026-03-20 09:27:50,605 - isca - DEBUG - Integration completed through    3 Jul  8   0: 0: 0
2026-03-20 09:28:22,199 - isca - DEBUG - Integration completed through    3 Jul  9   0: 0: 0
2026-03-20 09:28:53,804 - isca - DEBUG - Integration completed through    3 Jul 10   0: 0: 0
2026-03-20 09:29:25,538 - isca - DEBUG - Integration completed through    3 Jul 11   0: 0: 0
2026-03-20 09:29:57,201 - isca - DEBUG - Integration completed through    3 Jul 12   0: 0: 0
2026-03-20 09:30:28,764 - isca - DEBUG - Integration completed through    3 Jul 13   0: 0: 0
2026-03-20 09:31:00,353 - isca - DEBUG - Integration completed through    3 Jul 14   0: 0: 0
2026-03-20 09:31:32,098 - isca - DEBUG - Integration completed through    3 Jul 15   0: 0: 0
2026-03-20 09:32:03,784 - isca - DEBUG - Integration completed through    3 Jul 16   0: 0: 0
2026-03-20 09:32:35,502 - isca - DEBUG - Integration completed through    3 Jul 17   0: 0: 0
2026-03-20 09:33:07,231 - isca - DEBUG - Integration completed through    3 Jul 18   0: 0: 0
2026-03-20 09:33:38,828 - isca - DEBUG - Integration completed through    3 Jul 19   0: 0: 0
2026-03-20 09:34:10,438 - isca - DEBUG - Integration completed through    3 Jul 20   0: 0: 0
2026-03-20 09:34:42,434 - isca - DEBUG - Integration completed through    3 Jul 21   0: 0: 0
2026-03-20 09:35:14,101 - isca - DEBUG - Integration completed through    3 Jul 22   0: 0: 0
2026-03-20 09:35:46,129 - isca - DEBUG - Integration completed through    3 Jul 23   0: 0: 0
2026-03-20 09:36:17,865 - isca - DEBUG - Integration completed through    3 Jul 24   0: 0: 0
2026-03-20 09:36:49,848 - isca - DEBUG - Integration completed through    3 Jul 25   0: 0: 0
2026-03-20 09:37:21,511 - isca - DEBUG - Integration completed through    3 Jul 26   0: 0: 0
2026-03-20 09:37:53,062 - isca - DEBUG - Integration completed through    3 Jul 27   0: 0: 0
2026-03-20 09:38:24,696 - isca - DEBUG - Integration completed through    3 Jul 28   0: 0: 0
2026-03-20 09:38:56,275 - isca - DEBUG - Integration completed through    3 Jul 29   0: 0: 0
2026-03-20 09:39:27,894 - isca - DEBUG - Integration completed through    3 Jul 30   0: 0: 0
2026-03-20 09:39:59,484 - isca - DEBUG - Integration completed through    3 Aug  1   0: 0: 0
2026-03-20 09:39:59,495 - isca - DEBUG - 
2026-03-20 09:39:59,497 - isca - WARNING - WARNING from PE    0: diag_util_mod::opening_file: module/field_name (socrates/soc_toa_sw_down_clr) NOT registered
2026-03-20 09:39:59,497 - isca - DEBUG - 
2026-03-20 09:39:59,497 - isca - DEBUG - 
2026-03-20 09:39:59,498 - isca - WARNING - WARNING from PE    0: diag_util_mod::opening_file: module/field_name (socrates/soc_toa_sw_down_clr) NOT registered
2026-03-20 09:39:59,500 - isca - DEBUG - 
2026-03-20 09:39:59,500 - isca - DEBUG - 
2026-03-20 09:39:59,500 - isca - WARNING - WARNING from PE    0: diag_util_mod::opening_file: module/field_name (cloud_simple/rh_min) NOT registered
2026-03-20 09:39:59,500 - isca - DEBUG - 
2026-03-20 09:39:59,500 - isca - DEBUG - 
2026-03-20 09:39:59,500 - isca - WARNING - WARNING from PE    0: diag_util_mod::opening_file: module/field_name (cloud_simple/rh_min) NOT registered
2026-03-20 09:39:59,500 - isca - DEBUG - 
2026-03-20 09:39:59,507 - isca - DEBUG - NOTE from PE    0: MPP_IO_SET_STACK_SIZE: stack size set to     393216.
2026-03-20 09:39:59,663 - isca - DEBUG - MPP_DOMAINS_STACK high water mark=       49152
2026-03-20 09:39:59,664 - isca - DEBUG - 
2026-03-20 09:39:59,664 - isca - DEBUG - Tabulating mpp_clock statistics across     16 PEs...
2026-03-20 09:39:59,664 - isca - DEBUG - 
2026-03-20 09:39:59,664 - isca - DEBUG - tmin          tmax          tavg          tstd  tfrac grain pemin pemax
2026-03-20 09:39:59,664 - isca - DEBUG - Total runtime                       951.921310    951.925946    951.924309      0.001264  1.000     0     0    15
2026-03-20 09:39:59,664 - isca - DEBUG - MPP_STACK high water mark=           0
2026-03-20 09:39:59,785 - isca - INFO - Run 31 complete
2026-03-20 09:40:00,770 - isca - DEBUG - atmos_monthly.nc combined and copied to data directory
2026-03-20 09:40:03,972 - isca - INFO - Restart archive created at /proj/bolinc/users/x_ryabo/Isca-Ryan_outputs/Earth_1840/restarts/res0031.tar.gz
2026-03-20 09:40:03,984 - isca - INFO - Writing namelist to '/proj/bolinc/users/x_ryabo/Isca-Ryan_outputs/Earth_1840/run0031/input.nml'
2026-03-20 09:40:03,986 - isca - INFO - Writing field_table to '/proj/bolinc/users/x_ryabo/Isca-Ryan_outputs/Earth_1840/run0031/field_table'
2026-03-20 09:40:03,997 - isca - INFO - Writing diag_table to '/proj/bolinc/users/x_ryabo/Isca-Ryan_outputs/Earth_1840/run0031/diag_table'
2026-03-20 09:40:04,360 - isca - INFO - Emptied run directory '/home/x_ryabo/Isca-Ryan_tmp/experiment/Earth_1840/run'
2026-03-20 09:40:04,379 - isca - INFO - Emptied run directory '/home/x_ryabo/Isca-Ryan_tmp/experiment/Earth_1840/run'
2026-03-20 09:40:04,706 - isca - INFO - Writing namelist to '/home/x_ryabo/Isca-Ryan_tmp/experiment/Earth_1840/run/input.nml'
2026-03-20 09:40:04,708 - isca - INFO - Writing field_table to '/home/x_ryabo/Isca-Ryan_tmp/experiment/Earth_1840/run/field_table'
2026-03-20 09:40:04,723 - isca - INFO - Writing diag_table to '/home/x_ryabo/Isca-Ryan_tmp/experiment/Earth_1840/run/diag_table'
2026-03-20 09:40:04,737 - isca - INFO - Using restart file '/proj/bolinc/users/x_ryabo/Isca-Ryan_outputs/Earth_1840/restarts/res0031.tar.gz'
2026-03-20 09:40:05,148 - isca - INFO - Restart /proj/bolinc/users/x_ryabo/Isca-Ryan_outputs/Earth_1840/restarts/res0031.tar.gz extracted to /home/x_ryabo/Isca-Ryan_tmp/experiment/Earth_1840/run/INPUT
2026-03-20 09:40:05,148 - isca - INFO - Beginning run 32
2026-03-20 09:40:05,160 - isca - INFO - process running as 2550865
2026-03-20 09:40:05,160 - isca - DEBUG - loadmodules for Isca on NSC cluster Tetralith
2026-03-20 09:40:05,160 - isca - DEBUG - mpiifort
2026-03-20 09:40:05,271 - isca - DEBUG - The following modules were not unloaded:
2026-03-20 09:40:05,271 - isca - DEBUG - (Use "module --force purge" to unload all):
2026-03-20 09:40:05,271 - isca - DEBUG - 
2026-03-20 09:40:05,271 - isca - DEBUG - 1) hpc/.1.10.1
2026-03-20 09:40:05,375 - isca - DEBUG - ***************************************************
2026-03-20 09:40:05,376 - isca - DEBUG - You have loaded a buildenv module
2026-03-20 09:40:05,376 - isca - DEBUG - ***************************************************
2026-03-20 09:40:05,376 - isca - DEBUG - The buldenv-intel module makes available:
2026-03-20 09:40:05,376 - isca - DEBUG - - Compilers: icc, ifort, etc.
2026-03-20 09:40:05,376 - isca - DEBUG - - Mpi library with mpi-wrapped compilers: intel mpi with mpicc, mpifort, etc.
2026-03-20 09:40:05,376 - isca - DEBUG - - Numerical libraries: intel MKL
2026-03-20 09:40:05,376 - isca - DEBUG - 
2026-03-20 09:40:05,376 - isca - DEBUG - It also makes a set of dependency library modules available via
2026-03-20 09:40:05,376 - isca - DEBUG - the regular module command. Just do:
2026-03-20 09:40:05,376 - isca - DEBUG - module avail
2026-03-20 09:40:05,376 - isca - DEBUG - to see what is available.
2026-03-20 09:40:05,376 - isca - DEBUG - 
2026-03-20 09:40:05,376 - isca - DEBUG - NOTE: You shoud never load build environments inside submitted jobs.
2026-03-20 09:40:05,376 - isca - DEBUG - (with the single exception of when using supercomputer time to compile code.)
2026-03-20 09:40:05,376 - isca - DEBUG - 
2026-03-20 09:40:06,498 - isca - DEBUG - NOTE from PE    0: MPP_DOMAINS_SET_STACK_SIZE: stack size set to    32768.
2026-03-20 09:40:06,498 - isca - DEBUG - &MPP_IO_NML
2026-03-20 09:40:06,499 - isca - DEBUG - HEADER_BUFFER_VAL       =       16384,
2026-03-20 09:40:06,499 - isca - DEBUG - GLOBAL_FIELD_ON_ROOT_PE = T,
2026-03-20 09:40:06,499 - isca - DEBUG - IO_CLOCKS_ON    = F,
2026-03-20 09:40:06,499 - isca - DEBUG - SHUFFLE =           0,
2026-03-20 09:40:06,499 - isca - DEBUG - DEFLATE_LEVEL   =          -1
2026-03-20 09:40:06,499 - isca - DEBUG - /
2026-03-20 09:40:06,500 - isca - DEBUG - NOTE from PE    0: MPP_IO_SET_STACK_SIZE: stack size set to     131072.
2026-03-20 09:40:06,501 - isca - DEBUG - NOTE from PE    0: MPP_DOMAINS_SET_STACK_SIZE: stack size set to   600000.
2026-03-20 09:40:06,509 - isca - DEBUG - starting            1  OpenMP threads per MPI-task
2026-03-20 09:40:06,510 - isca - DEBUG - ATMOS MODEL DOMAIN DECOMPOSITION
2026-03-20 09:40:06,511 - isca - DEBUG - X-AXIS =  128
2026-03-20 09:40:06,511 - isca - DEBUG - Y-AXIS =    4   4   4   4   4   4   4   4   4   4   4   4   4   4   4   4
2026-03-20 09:40:06,568 - isca - DEBUG - NOTE from PE    0: cloud_simple: Using SimCloud cloud scheme
2026-03-20 09:40:06,570 - isca - DEBUG - NOTE from PE    0: ls_cloud: Using Sundqvist (1989) cloud fraction diagnostic formula.
2026-03-20 09:40:06,570 - isca - DEBUG - NOTE from PE    0: cloud_cover: The cloud overlap assumption is MAXIMUM-RANDOM
2026-03-20 09:40:06,570 - isca - DEBUG - NOTE from PE    0: idealized_moist_phys: Using Frierson Quasi-Equilibrium convection scheme.
2026-03-20 09:40:06,579 - isca - DEBUG - 
2026-03-20 09:40:06,579 - isca - WARNING - WARNING from PE    0: socrates_init: lw_hires_spectral_filename is unset, making equal to lw_spectral_filename
2026-03-20 09:40:06,579 - isca - DEBUG - 
2026-03-20 09:40:06,579 - isca - DEBUG - 
2026-03-20 09:40:06,579 - isca - WARNING - WARNING from PE    0: socrates_init: lw_hires_spectral_filename is unset, making equal to lw_spectral_filename
2026-03-20 09:40:06,579 - isca - DEBUG - 
2026-03-20 09:40:06,579 - isca - DEBUG - 
2026-03-20 09:40:06,579 - isca - WARNING - WARNING from PE    0: socrates_init: sw_hires_spectral_filename is unset, making equal to sw_spectral_filename
2026-03-20 09:40:06,579 - isca - DEBUG - 
2026-03-20 09:40:06,579 - isca - DEBUG - 
2026-03-20 09:40:06,579 - isca - WARNING - WARNING from PE    0: socrates_init: sw_hires_spectral_filename is unset, making equal to sw_spectral_filename
2026-03-20 09:40:06,579 - isca - DEBUG - 
2026-03-20 09:40:07,781 - isca - DEBUG - NOTE from PE    0: Interpolator: Using input file with no time dimension - ozone_1990_notime_zero.nc
2026-03-20 09:40:07,781 - isca - DEBUG - Initializing src field : ozone_1990
2026-03-20 09:40:07,783 - isca - DEBUG - 
2026-03-20 09:40:07,783 - isca - DEBUG - -----------------------------------
2026-03-20 09:40:07,783 - isca - DEBUG - ____                       _
2026-03-20 09:40:07,783 - isca - DEBUG - / ___|  ___   ___ _ __ __ _| |_ ___  ___
2026-03-20 09:40:07,783 - isca - DEBUG - \___ \ / _ \ / __|  __/ _` | __/ _ \/ __|
2026-03-20 09:40:07,783 - isca - DEBUG - ___) | (_) | (__| | | (_| | ||  __/\__ \
2026-03-20 09:40:07,783 - isca - DEBUG - |____/ \___/ \___|_|  \__,_|\__\___||___/
2026-03-20 09:40:07,783 - isca - DEBUG - 
2026-03-20 09:40:07,784 - isca - DEBUG - Initialised Socrates v17.03
2026-03-20 09:40:07,784 - isca - DEBUG - Stellar constant =    1840.00000000000
2026-03-20 09:40:07,784 - isca - DEBUG - Longwave spectral file =
2026-03-20 09:40:07,784 - isca - DEBUG - /proj/bolinc/users/x_ryabo/socrates_edited_for_isca/spectral_files_for_GCMs/Sun
2026-03-20 09:40:07,784 - isca - DEBUG - /miniSuran_lw.sf WITH           16  bands
2026-03-20 09:40:07,784 - isca - DEBUG - Longwave hires spectral file =
2026-03-20 09:40:07,784 - isca - DEBUG - /proj/bolinc/users/x_ryabo/socrates_edited_for_isca/spectral_files_for_GCMs/Sun
2026-03-20 09:40:07,784 - isca - DEBUG - /miniSuran_lw.sf WITH           16  bands
2026-03-20 09:40:07,784 - isca - DEBUG - Shortwave spectral file =
2026-03-20 09:40:07,784 - isca - DEBUG - /proj/bolinc/users/x_ryabo/socrates_edited_for_isca/spectral_files_for_GCMs/Sun
2026-03-20 09:40:07,784 - isca - DEBUG - /miniSuran_sw.sf WITH           16  bands
2026-03-20 09:40:07,784 - isca - DEBUG - Shortwave hires spectral file =
2026-03-20 09:40:07,784 - isca - DEBUG - /proj/bolinc/users/x_ryabo/socrates_edited_for_isca/spectral_files_for_GCMs/Sun
2026-03-20 09:40:07,784 - isca - DEBUG - /miniSuran_sw.sf WITH           16  bands
2026-03-20 09:40:07,784 - isca - DEBUG - 
2026-03-20 09:40:07,784 - isca - DEBUG - -----------------------------------
2026-03-20 09:40:07,784 - isca - DEBUG - 
2026-03-20 09:40:38,999 - isca - DEBUG - Integration completed through    3 Aug  2   0: 0: 0
2026-03-20 09:41:10,103 - isca - DEBUG - Integration completed through    3 Aug  3   0: 0: 0
2026-03-20 09:41:41,210 - isca - DEBUG - Integration completed through    3 Aug  4   0: 0: 0
2026-03-20 09:42:12,401 - isca - DEBUG - Integration completed through    3 Aug  5   0: 0: 0
2026-03-20 09:42:43,558 - isca - DEBUG - Integration completed through    3 Aug  6   0: 0: 0
2026-03-20 09:43:14,716 - isca - DEBUG - Integration completed through    3 Aug  7   0: 0: 0
2026-03-20 09:43:45,868 - isca - DEBUG - Integration completed through    3 Aug  8   0: 0: 0
2026-03-20 09:44:17,039 - isca - DEBUG - Integration completed through    3 Aug  9   0: 0: 0
2026-03-20 09:44:48,155 - isca - DEBUG - Integration completed through    3 Aug 10   0: 0: 0
2026-03-20 09:45:19,243 - isca - DEBUG - Integration completed through    3 Aug 11   0: 0: 0
2026-03-20 09:45:50,374 - isca - DEBUG - Integration completed through    3 Aug 12   0: 0: 0
2026-03-20 09:46:21,586 - isca - DEBUG - Integration completed through    3 Aug 13   0: 0: 0
2026-03-20 09:46:52,753 - isca - DEBUG - Integration completed through    3 Aug 14   0: 0: 0
2026-03-20 09:47:23,951 - isca - DEBUG - Integration completed through    3 Aug 15   0: 0: 0
2026-03-20 09:47:55,097 - isca - DEBUG - Integration completed through    3 Aug 16   0: 0: 0
2026-03-20 09:48:26,249 - isca - DEBUG - Integration completed through    3 Aug 17   0: 0: 0
2026-03-20 09:48:57,425 - isca - DEBUG - Integration completed through    3 Aug 18   0: 0: 0
2026-03-20 09:49:28,565 - isca - DEBUG - Integration completed through    3 Aug 19   0: 0: 0
2026-03-20 09:49:59,750 - isca - DEBUG - Integration completed through    3 Aug 20   0: 0: 0
2026-03-20 09:50:30,965 - isca - DEBUG - Integration completed through    3 Aug 21   0: 0: 0
2026-03-20 09:51:02,177 - isca - DEBUG - Integration completed through    3 Aug 22   0: 0: 0
2026-03-20 09:51:33,416 - isca - DEBUG - Integration completed through    3 Aug 23   0: 0: 0
2026-03-20 09:52:04,604 - isca - DEBUG - Integration completed through    3 Aug 24   0: 0: 0
2026-03-20 09:52:35,835 - isca - DEBUG - Integration completed through    3 Aug 25   0: 0: 0
2026-03-20 09:53:07,086 - isca - DEBUG - Integration completed through    3 Aug 26   0: 0: 0
2026-03-20 09:53:38,275 - isca - DEBUG - Integration completed through    3 Aug 27   0: 0: 0
2026-03-20 09:54:09,464 - isca - DEBUG - Integration completed through    3 Aug 28   0: 0: 0
2026-03-20 09:54:40,678 - isca - DEBUG - Integration completed through    3 Aug 29   0: 0: 0
2026-03-20 09:55:11,854 - isca - DEBUG - Integration completed through    3 Aug 30   0: 0: 0
2026-03-20 09:55:43,041 - isca - DEBUG - Integration completed through    3 Sep  1   0: 0: 0
2026-03-20 09:55:43,050 - isca - DEBUG - 
2026-03-20 09:55:43,050 - isca - WARNING - WARNING from PE    0: diag_util_mod::opening_file: module/field_name (socrates/soc_toa_sw_down_clr) NOT registered
2026-03-20 09:55:43,050 - isca - DEBUG - 
2026-03-20 09:55:43,050 - isca - DEBUG - 
2026-03-20 09:55:43,050 - isca - WARNING - WARNING from PE    0: diag_util_mod::opening_file: module/field_name (socrates/soc_toa_sw_down_clr) NOT registered
2026-03-20 09:55:43,050 - isca - DEBUG - 
2026-03-20 09:55:43,050 - isca - DEBUG - 
2026-03-20 09:55:43,050 - isca - WARNING - WARNING from PE    0: diag_util_mod::opening_file: module/field_name (cloud_simple/rh_min) NOT registered
2026-03-20 09:55:43,050 - isca - DEBUG - 
2026-03-20 09:55:43,050 - isca - DEBUG - 
2026-03-20 09:55:43,050 - isca - WARNING - WARNING from PE    0: diag_util_mod::opening_file: module/field_name (cloud_simple/rh_min) NOT registered
2026-03-20 09:55:43,050 - isca - DEBUG - 
2026-03-20 09:55:43,062 - isca - DEBUG - NOTE from PE    0: MPP_IO_SET_STACK_SIZE: stack size set to     393216.
2026-03-20 09:55:43,167 - isca - DEBUG - MPP_DOMAINS_STACK high water mark=       49152
2026-03-20 09:55:43,167 - isca - DEBUG - 
2026-03-20 09:55:43,167 - isca - DEBUG - Tabulating mpp_clock statistics across     16 PEs...
2026-03-20 09:55:43,167 - isca - DEBUG - 
2026-03-20 09:55:43,167 - isca - DEBUG - tmin          tmax          tavg          tstd  tfrac grain pemin pemax
2026-03-20 09:55:43,168 - isca - DEBUG - Total runtime                       936.667148    936.673562    936.670288      0.001813  1.000     0     0    15
2026-03-20 09:55:43,168 - isca - DEBUG - MPP_STACK high water mark=           0
2026-03-20 09:55:43,267 - isca - INFO - Run 32 complete
2026-03-20 09:55:44,188 - isca - DEBUG - atmos_monthly.nc combined and copied to data directory
2026-03-20 09:55:47,378 - isca - INFO - Restart archive created at /proj/bolinc/users/x_ryabo/Isca-Ryan_outputs/Earth_1840/restarts/res0032.tar.gz
2026-03-20 09:55:47,390 - isca - INFO - Writing namelist to '/proj/bolinc/users/x_ryabo/Isca-Ryan_outputs/Earth_1840/run0032/input.nml'
2026-03-20 09:55:47,392 - isca - INFO - Writing field_table to '/proj/bolinc/users/x_ryabo/Isca-Ryan_outputs/Earth_1840/run0032/field_table'
2026-03-20 09:55:47,402 - isca - INFO - Writing diag_table to '/proj/bolinc/users/x_ryabo/Isca-Ryan_outputs/Earth_1840/run0032/diag_table'
2026-03-20 09:55:47,759 - isca - INFO - Emptied run directory '/home/x_ryabo/Isca-Ryan_tmp/experiment/Earth_1840/run'
2026-03-20 09:55:47,778 - isca - INFO - Emptied run directory '/home/x_ryabo/Isca-Ryan_tmp/experiment/Earth_1840/run'
2026-03-20 09:55:48,102 - isca - INFO - Writing namelist to '/home/x_ryabo/Isca-Ryan_tmp/experiment/Earth_1840/run/input.nml'
2026-03-20 09:55:48,103 - isca - INFO - Writing field_table to '/home/x_ryabo/Isca-Ryan_tmp/experiment/Earth_1840/run/field_table'
2026-03-20 09:55:48,115 - isca - INFO - Writing diag_table to '/home/x_ryabo/Isca-Ryan_tmp/experiment/Earth_1840/run/diag_table'
2026-03-20 09:55:48,128 - isca - INFO - Using restart file '/proj/bolinc/users/x_ryabo/Isca-Ryan_outputs/Earth_1840/restarts/res0032.tar.gz'
2026-03-20 09:55:48,539 - isca - INFO - Restart /proj/bolinc/users/x_ryabo/Isca-Ryan_outputs/Earth_1840/restarts/res0032.tar.gz extracted to /home/x_ryabo/Isca-Ryan_tmp/experiment/Earth_1840/run/INPUT
2026-03-20 09:55:48,539 - isca - INFO - Beginning run 33
2026-03-20 09:55:48,554 - isca - INFO - process running as 2551775
2026-03-20 09:55:48,554 - isca - DEBUG - loadmodules for Isca on NSC cluster Tetralith
2026-03-20 09:55:48,555 - isca - DEBUG - mpiifort
2026-03-20 09:55:48,663 - isca - DEBUG - The following modules were not unloaded:
2026-03-20 09:55:48,663 - isca - DEBUG - (Use "module --force purge" to unload all):
2026-03-20 09:55:48,663 - isca - DEBUG - 
2026-03-20 09:55:48,663 - isca - DEBUG - 1) hpc/.1.10.1
2026-03-20 09:55:48,766 - isca - DEBUG - ***************************************************
2026-03-20 09:55:48,766 - isca - DEBUG - You have loaded a buildenv module
2026-03-20 09:55:48,766 - isca - DEBUG - ***************************************************
2026-03-20 09:55:48,766 - isca - DEBUG - The buldenv-intel module makes available:
2026-03-20 09:55:48,766 - isca - DEBUG - - Compilers: icc, ifort, etc.
2026-03-20 09:55:48,766 - isca - DEBUG - - Mpi library with mpi-wrapped compilers: intel mpi with mpicc, mpifort, etc.
2026-03-20 09:55:48,767 - isca - DEBUG - - Numerical libraries: intel MKL
2026-03-20 09:55:48,767 - isca - DEBUG - 
2026-03-20 09:55:48,767 - isca - DEBUG - It also makes a set of dependency library modules available via
2026-03-20 09:55:48,767 - isca - DEBUG - the regular module command. Just do:
2026-03-20 09:55:48,767 - isca - DEBUG - module avail
2026-03-20 09:55:48,767 - isca - DEBUG - to see what is available.
2026-03-20 09:55:48,767 - isca - DEBUG - 
2026-03-20 09:55:48,767 - isca - DEBUG - NOTE: You shoud never load build environments inside submitted jobs.
2026-03-20 09:55:48,767 - isca - DEBUG - (with the single exception of when using supercomputer time to compile code.)
2026-03-20 09:55:48,767 - isca - DEBUG - 
2026-03-20 09:55:54,197 - isca - DEBUG - NOTE from PE    0: MPP_DOMAINS_SET_STACK_SIZE: stack size set to    32768.
2026-03-20 09:55:54,197 - isca - DEBUG - &MPP_IO_NML
2026-03-20 09:55:54,197 - isca - DEBUG - HEADER_BUFFER_VAL       =       16384,
2026-03-20 09:55:54,197 - isca - DEBUG - GLOBAL_FIELD_ON_ROOT_PE = T,
2026-03-20 09:55:54,197 - isca - DEBUG - IO_CLOCKS_ON    = F,
2026-03-20 09:55:54,197 - isca - DEBUG - SHUFFLE =           0,
2026-03-20 09:55:54,197 - isca - DEBUG - DEFLATE_LEVEL   =          -1
2026-03-20 09:55:54,197 - isca - DEBUG - /
2026-03-20 09:55:54,198 - isca - DEBUG - NOTE from PE    0: MPP_IO_SET_STACK_SIZE: stack size set to     131072.
2026-03-20 09:55:54,199 - isca - DEBUG - NOTE from PE    0: MPP_DOMAINS_SET_STACK_SIZE: stack size set to   600000.
2026-03-20 09:55:54,207 - isca - DEBUG - starting            1  OpenMP threads per MPI-task
2026-03-20 09:55:54,209 - isca - DEBUG - ATMOS MODEL DOMAIN DECOMPOSITION
2026-03-20 09:55:54,209 - isca - DEBUG - X-AXIS =  128
2026-03-20 09:55:54,209 - isca - DEBUG - Y-AXIS =    4   4   4   4   4   4   4   4   4   4   4   4   4   4   4   4
2026-03-20 09:55:54,263 - isca - DEBUG - NOTE from PE    0: cloud_simple: Using SimCloud cloud scheme
2026-03-20 09:55:54,264 - isca - DEBUG - NOTE from PE    0: ls_cloud: Using Sundqvist (1989) cloud fraction diagnostic formula.
2026-03-20 09:55:54,265 - isca - DEBUG - NOTE from PE    0: cloud_cover: The cloud overlap assumption is MAXIMUM-RANDOM
2026-03-20 09:55:54,265 - isca - DEBUG - NOTE from PE    0: idealized_moist_phys: Using Frierson Quasi-Equilibrium convection scheme.
2026-03-20 09:55:54,273 - isca - DEBUG - 
2026-03-20 09:55:54,274 - isca - WARNING - WARNING from PE    0: socrates_init: lw_hires_spectral_filename is unset, making equal to lw_spectral_filename
2026-03-20 09:55:54,274 - isca - DEBUG - 
2026-03-20 09:55:54,274 - isca - DEBUG - 
2026-03-20 09:55:54,274 - isca - WARNING - WARNING from PE    0: socrates_init: lw_hires_spectral_filename is unset, making equal to lw_spectral_filename
2026-03-20 09:55:54,274 - isca - DEBUG - 
2026-03-20 09:55:54,274 - isca - DEBUG - 
2026-03-20 09:55:54,274 - isca - WARNING - WARNING from PE    0: socrates_init: sw_hires_spectral_filename is unset, making equal to sw_spectral_filename
2026-03-20 09:55:54,274 - isca - DEBUG - 
2026-03-20 09:55:54,274 - isca - DEBUG - 
2026-03-20 09:55:54,274 - isca - WARNING - WARNING from PE    0: socrates_init: sw_hires_spectral_filename is unset, making equal to sw_spectral_filename
2026-03-20 09:55:54,274 - isca - DEBUG - 
2026-03-20 09:55:55,473 - isca - DEBUG - NOTE from PE    0: Interpolator: Using input file with no time dimension - ozone_1990_notime_zero.nc
2026-03-20 09:55:55,473 - isca - DEBUG - Initializing src field : ozone_1990
2026-03-20 09:55:55,475 - isca - DEBUG - 
2026-03-20 09:55:55,475 - isca - DEBUG - -----------------------------------
2026-03-20 09:55:55,475 - isca - DEBUG - ____                       _
2026-03-20 09:55:55,475 - isca - DEBUG - / ___|  ___   ___ _ __ __ _| |_ ___  ___
2026-03-20 09:55:55,475 - isca - DEBUG - \___ \ / _ \ / __|  __/ _` | __/ _ \/ __|
2026-03-20 09:55:55,475 - isca - DEBUG - ___) | (_) | (__| | | (_| | ||  __/\__ \
2026-03-20 09:55:55,475 - isca - DEBUG - |____/ \___/ \___|_|  \__,_|\__\___||___/
2026-03-20 09:55:55,475 - isca - DEBUG - 
2026-03-20 09:55:55,475 - isca - DEBUG - Initialised Socrates v17.03
2026-03-20 09:55:55,475 - isca - DEBUG - Stellar constant =    1840.00000000000
2026-03-20 09:55:55,475 - isca - DEBUG - Longwave spectral file =
2026-03-20 09:55:55,475 - isca - DEBUG - /proj/bolinc/users/x_ryabo/socrates_edited_for_isca/spectral_files_for_GCMs/Sun
2026-03-20 09:55:55,475 - isca - DEBUG - /miniSuran_lw.sf WITH           16  bands
2026-03-20 09:55:55,476 - isca - DEBUG - Longwave hires spectral file =
2026-03-20 09:55:55,476 - isca - DEBUG - /proj/bolinc/users/x_ryabo/socrates_edited_for_isca/spectral_files_for_GCMs/Sun
2026-03-20 09:55:55,476 - isca - DEBUG - /miniSuran_lw.sf WITH           16  bands
2026-03-20 09:55:55,476 - isca - DEBUG - Shortwave spectral file =
2026-03-20 09:55:55,476 - isca - DEBUG - /proj/bolinc/users/x_ryabo/socrates_edited_for_isca/spectral_files_for_GCMs/Sun
2026-03-20 09:55:55,476 - isca - DEBUG - /miniSuran_sw.sf WITH           16  bands
2026-03-20 09:55:55,476 - isca - DEBUG - Shortwave hires spectral file =
2026-03-20 09:55:55,476 - isca - DEBUG - /proj/bolinc/users/x_ryabo/socrates_edited_for_isca/spectral_files_for_GCMs/Sun
2026-03-20 09:55:55,476 - isca - DEBUG - /miniSuran_sw.sf WITH           16  bands
2026-03-20 09:55:55,476 - isca - DEBUG - 
2026-03-20 09:55:55,476 - isca - DEBUG - -----------------------------------
2026-03-20 09:55:55,476 - isca - DEBUG - 
2026-03-20 09:56:27,255 - isca - DEBUG - Integration completed through    3 Sep  2   0: 0: 0
2026-03-20 09:56:59,011 - isca - DEBUG - Integration completed through    3 Sep  3   0: 0: 0
2026-03-20 09:57:30,682 - isca - DEBUG - Integration completed through    3 Sep  4   0: 0: 0
2026-03-20 09:58:02,308 - isca - DEBUG - Integration completed through    3 Sep  5   0: 0: 0
2026-03-20 09:58:33,958 - isca - DEBUG - Integration completed through    3 Sep  6   0: 0: 0
2026-03-20 09:59:05,665 - isca - DEBUG - Integration completed through    3 Sep  7   0: 0: 0
2026-03-20 09:59:37,347 - isca - DEBUG - Integration completed through    3 Sep  8   0: 0: 0
2026-03-20 10:00:09,057 - isca - DEBUG - Integration completed through    3 Sep  9   0: 0: 0
2026-03-20 10:00:40,756 - isca - DEBUG - Integration completed through    3 Sep 10   0: 0: 0
2026-03-20 10:01:12,451 - isca - DEBUG - Integration completed through    3 Sep 11   0: 0: 0
2026-03-20 10:01:44,134 - isca - DEBUG - Integration completed through    3 Sep 12   0: 0: 0
2026-03-20 10:02:15,889 - isca - DEBUG - Integration completed through    3 Sep 13   0: 0: 0
2026-03-20 10:02:47,557 - isca - DEBUG - Integration completed through    3 Sep 14   0: 0: 0
2026-03-20 10:03:19,181 - isca - DEBUG - Integration completed through    3 Sep 15   0: 0: 0
2026-03-20 10:03:50,968 - isca - DEBUG - Integration completed through    3 Sep 16   0: 0: 0
2026-03-20 10:04:22,683 - isca - DEBUG - Integration completed through    3 Sep 17   0: 0: 0
2026-03-20 10:04:54,385 - isca - DEBUG - Integration completed through    3 Sep 18   0: 0: 0
2026-03-20 10:05:26,083 - isca - DEBUG - Integration completed through    3 Sep 19   0: 0: 0
2026-03-20 10:05:57,752 - isca - DEBUG - Integration completed through    3 Sep 20   0: 0: 0
2026-03-20 10:06:29,458 - isca - DEBUG - Integration completed through    3 Sep 21   0: 0: 0
2026-03-20 10:07:01,232 - isca - DEBUG - Integration completed through    3 Sep 22   0: 0: 0
2026-03-20 10:07:32,962 - isca - DEBUG - Integration completed through    3 Sep 23   0: 0: 0
2026-03-20 10:08:04,687 - isca - DEBUG - Integration completed through    3 Sep 24   0: 0: 0
2026-03-20 10:08:36,380 - isca - DEBUG - Integration completed through    3 Sep 25   0: 0: 0
2026-03-20 10:09:08,122 - isca - DEBUG - Integration completed through    3 Sep 26   0: 0: 0
2026-03-20 10:09:39,829 - isca - DEBUG - Integration completed through    3 Sep 27   0: 0: 0
2026-03-20 10:10:11,546 - isca - DEBUG - Integration completed through    3 Sep 28   0: 0: 0
2026-03-20 10:10:43,246 - isca - DEBUG - Integration completed through    3 Sep 29   0: 0: 0
2026-03-20 10:11:14,937 - isca - DEBUG - Integration completed through    3 Sep 30   0: 0: 0
2026-03-20 10:11:46,642 - isca - DEBUG - Integration completed through    3 Oct  1   0: 0: 0
2026-03-20 10:11:46,779 - isca - DEBUG - 
2026-03-20 10:11:46,779 - isca - WARNING - WARNING from PE    0: diag_util_mod::opening_file: module/field_name (socrates/soc_toa_sw_down_clr) NOT registered
2026-03-20 10:11:46,779 - isca - DEBUG - 
2026-03-20 10:11:46,779 - isca - WARNING - WARNING from PE    0: diag_util_mod::opening_file: module/field_name (socrates/soc_toa_sw_down_clr) NOT registered
2026-03-20 10:11:46,779 - isca - DEBUG - 
2026-03-20 10:11:46,779 - isca - DEBUG - 
2026-03-20 10:11:46,779 - isca - WARNING - WARNING from PE    0: diag_util_mod::opening_file: module/field_name (cloud_simple/rh_min) NOT registered
2026-03-20 10:11:46,779 - isca - DEBUG - 
2026-03-20 10:11:46,779 - isca - DEBUG - 
2026-03-20 10:11:46,779 - isca - DEBUG - 
2026-03-20 10:11:46,779 - isca - WARNING - WARNING from PE    0: diag_util_mod::opening_file: module/field_name (cloud_simple/rh_min) NOT registered
2026-03-20 10:11:46,779 - isca - DEBUG - 
2026-03-20 10:11:46,789 - isca - DEBUG - NOTE from PE    0: MPP_IO_SET_STACK_SIZE: stack size set to     393216.
2026-03-20 10:11:46,903 - isca - DEBUG - MPP_DOMAINS_STACK high water mark=       49152
2026-03-20 10:11:46,904 - isca - DEBUG - 
2026-03-20 10:11:46,904 - isca - DEBUG - Tabulating mpp_clock statistics across     16 PEs...
2026-03-20 10:11:46,904 - isca - DEBUG - 
2026-03-20 10:11:46,904 - isca - DEBUG - tmin          tmax          tavg          tstd  tfrac grain pemin pemax
2026-03-20 10:11:46,905 - isca - DEBUG - Total runtime                       952.705199    952.709122    952.707189      0.001160  1.000     0     0    15
2026-03-20 10:11:46,905 - isca - DEBUG - MPP_STACK high water mark=           0
2026-03-20 10:11:47,002 - isca - INFO - Run 33 complete
2026-03-20 10:11:47,957 - isca - DEBUG - atmos_monthly.nc combined and copied to data directory
2026-03-20 10:11:51,152 - isca - INFO - Restart archive created at /proj/bolinc/users/x_ryabo/Isca-Ryan_outputs/Earth_1840/restarts/res0033.tar.gz
2026-03-20 10:11:51,164 - isca - INFO - Writing namelist to '/proj/bolinc/users/x_ryabo/Isca-Ryan_outputs/Earth_1840/run0033/input.nml'
2026-03-20 10:11:51,165 - isca - INFO - Writing field_table to '/proj/bolinc/users/x_ryabo/Isca-Ryan_outputs/Earth_1840/run0033/field_table'
2026-03-20 10:11:51,176 - isca - INFO - Writing diag_table to '/proj/bolinc/users/x_ryabo/Isca-Ryan_outputs/Earth_1840/run0033/diag_table'
2026-03-20 10:11:51,543 - isca - INFO - Emptied run directory '/home/x_ryabo/Isca-Ryan_tmp/experiment/Earth_1840/run'
2026-03-20 10:11:51,562 - isca - INFO - Emptied run directory '/home/x_ryabo/Isca-Ryan_tmp/experiment/Earth_1840/run'
2026-03-20 10:11:51,888 - isca - INFO - Writing namelist to '/home/x_ryabo/Isca-Ryan_tmp/experiment/Earth_1840/run/input.nml'
2026-03-20 10:11:51,890 - isca - INFO - Writing field_table to '/home/x_ryabo/Isca-Ryan_tmp/experiment/Earth_1840/run/field_table'
2026-03-20 10:11:51,902 - isca - INFO - Writing diag_table to '/home/x_ryabo/Isca-Ryan_tmp/experiment/Earth_1840/run/diag_table'
2026-03-20 10:11:51,916 - isca - INFO - Using restart file '/proj/bolinc/users/x_ryabo/Isca-Ryan_outputs/Earth_1840/restarts/res0033.tar.gz'
2026-03-20 10:11:52,326 - isca - INFO - Restart /proj/bolinc/users/x_ryabo/Isca-Ryan_outputs/Earth_1840/restarts/res0033.tar.gz extracted to /home/x_ryabo/Isca-Ryan_tmp/experiment/Earth_1840/run/INPUT
2026-03-20 10:11:52,327 - isca - INFO - Beginning run 34
2026-03-20 10:11:52,338 - isca - INFO - process running as 2552832
2026-03-20 10:11:52,338 - isca - DEBUG - loadmodules for Isca on NSC cluster Tetralith
2026-03-20 10:11:52,339 - isca - DEBUG - mpiifort
2026-03-20 10:11:52,449 - isca - DEBUG - The following modules were not unloaded:
2026-03-20 10:11:52,449 - isca - DEBUG - (Use "module --force purge" to unload all):
2026-03-20 10:11:52,450 - isca - DEBUG - 
2026-03-20 10:11:52,450 - isca - DEBUG - 1) hpc/.1.10.1
2026-03-20 10:11:52,552 - isca - DEBUG - ***************************************************
2026-03-20 10:11:52,552 - isca - DEBUG - You have loaded a buildenv module
2026-03-20 10:11:52,552 - isca - DEBUG - ***************************************************
2026-03-20 10:11:52,552 - isca - DEBUG - The buldenv-intel module makes available:
2026-03-20 10:11:52,552 - isca - DEBUG - - Compilers: icc, ifort, etc.
2026-03-20 10:11:52,552 - isca - DEBUG - - Mpi library with mpi-wrapped compilers: intel mpi with mpicc, mpifort, etc.
2026-03-20 10:11:52,552 - isca - DEBUG - - Numerical libraries: intel MKL
2026-03-20 10:11:52,552 - isca - DEBUG - 
2026-03-20 10:11:52,552 - isca - DEBUG - It also makes a set of dependency library modules available via
2026-03-20 10:11:52,552 - isca - DEBUG - the regular module command. Just do:
2026-03-20 10:11:52,552 - isca - DEBUG - module avail
2026-03-20 10:11:52,552 - isca - DEBUG - to see what is available.
2026-03-20 10:11:52,552 - isca - DEBUG - 
2026-03-20 10:11:52,552 - isca - DEBUG - NOTE: You shoud never load build environments inside submitted jobs.
2026-03-20 10:11:52,552 - isca - DEBUG - (with the single exception of when using supercomputer time to compile code.)
2026-03-20 10:11:52,552 - isca - DEBUG - 
2026-03-20 10:11:53,669 - isca - DEBUG - NOTE from PE    0: MPP_DOMAINS_SET_STACK_SIZE: stack size set to    32768.
2026-03-20 10:11:53,669 - isca - DEBUG - &MPP_IO_NML
2026-03-20 10:11:53,669 - isca - DEBUG - HEADER_BUFFER_VAL       =       16384,
2026-03-20 10:11:53,669 - isca - DEBUG - GLOBAL_FIELD_ON_ROOT_PE = T,
2026-03-20 10:11:53,669 - isca - DEBUG - IO_CLOCKS_ON    = F,
2026-03-20 10:11:53,669 - isca - DEBUG - SHUFFLE =           0,
2026-03-20 10:11:53,669 - isca - DEBUG - DEFLATE_LEVEL   =          -1
2026-03-20 10:11:53,669 - isca - DEBUG - /
2026-03-20 10:11:53,671 - isca - DEBUG - NOTE from PE    0: MPP_IO_SET_STACK_SIZE: stack size set to     131072.
2026-03-20 10:11:53,672 - isca - DEBUG - NOTE from PE    0: MPP_DOMAINS_SET_STACK_SIZE: stack size set to   600000.
2026-03-20 10:11:53,679 - isca - DEBUG - starting            1  OpenMP threads per MPI-task
2026-03-20 10:11:53,682 - isca - DEBUG - ATMOS MODEL DOMAIN DECOMPOSITION
2026-03-20 10:11:53,682 - isca - DEBUG - X-AXIS =  128
2026-03-20 10:11:53,682 - isca - DEBUG - Y-AXIS =    4   4   4   4   4   4   4   4   4   4   4   4   4   4   4   4
2026-03-20 10:11:53,738 - isca - DEBUG - NOTE from PE    0: cloud_simple: Using SimCloud cloud scheme
2026-03-20 10:11:53,739 - isca - DEBUG - NOTE from PE    0: ls_cloud: Using Sundqvist (1989) cloud fraction diagnostic formula.
2026-03-20 10:11:53,740 - isca - DEBUG - NOTE from PE    0: cloud_cover: The cloud overlap assumption is MAXIMUM-RANDOM
2026-03-20 10:11:53,740 - isca - DEBUG - NOTE from PE    0: idealized_moist_phys: Using Frierson Quasi-Equilibrium convection scheme.
2026-03-20 10:11:53,749 - isca - DEBUG - 
2026-03-20 10:11:53,750 - isca - WARNING - WARNING from PE    0: socrates_init: lw_hires_spectral_filename is unset, making equal to lw_spectral_filename
2026-03-20 10:11:53,750 - isca - DEBUG - 
2026-03-20 10:11:53,750 - isca - DEBUG - 
2026-03-20 10:11:53,750 - isca - WARNING - WARNING from PE    0: socrates_init: lw_hires_spectral_filename is unset, making equal to lw_spectral_filename
2026-03-20 10:11:53,750 - isca - DEBUG - 
2026-03-20 10:11:53,750 - isca - DEBUG - 
2026-03-20 10:11:53,750 - isca - WARNING - WARNING from PE    0: socrates_init: sw_hires_spectral_filename is unset, making equal to sw_spectral_filename
2026-03-20 10:11:53,750 - isca - DEBUG - 
2026-03-20 10:11:53,750 - isca - DEBUG - 
2026-03-20 10:11:53,750 - isca - WARNING - WARNING from PE    0: socrates_init: sw_hires_spectral_filename is unset, making equal to sw_spectral_filename
2026-03-20 10:11:53,750 - isca - DEBUG - 
2026-03-20 10:11:55,009 - isca - DEBUG - NOTE from PE    0: Interpolator: Using input file with no time dimension - ozone_1990_notime_zero.nc
2026-03-20 10:11:55,009 - isca - DEBUG - Initializing src field : ozone_1990
2026-03-20 10:11:55,011 - isca - DEBUG - 
2026-03-20 10:11:55,011 - isca - DEBUG - -----------------------------------
2026-03-20 10:11:55,011 - isca - DEBUG - ____                       _
2026-03-20 10:11:55,011 - isca - DEBUG - / ___|  ___   ___ _ __ __ _| |_ ___  ___
2026-03-20 10:11:55,011 - isca - DEBUG - \___ \ / _ \ / __|  __/ _` | __/ _ \/ __|
2026-03-20 10:11:55,011 - isca - DEBUG - ___) | (_) | (__| | | (_| | ||  __/\__ \
2026-03-20 10:11:55,012 - isca - DEBUG - |____/ \___/ \___|_|  \__,_|\__\___||___/
2026-03-20 10:11:55,012 - isca - DEBUG - 
2026-03-20 10:11:55,012 - isca - DEBUG - Initialised Socrates v17.03
2026-03-20 10:11:55,012 - isca - DEBUG - Stellar constant =    1840.00000000000
2026-03-20 10:11:55,012 - isca - DEBUG - Longwave spectral file =
2026-03-20 10:11:55,012 - isca - DEBUG - /proj/bolinc/users/x_ryabo/socrates_edited_for_isca/spectral_files_for_GCMs/Sun
2026-03-20 10:11:55,012 - isca - DEBUG - /miniSuran_lw.sf WITH           16  bands
2026-03-20 10:11:55,012 - isca - DEBUG - Longwave hires spectral file =
2026-03-20 10:11:55,012 - isca - DEBUG - /proj/bolinc/users/x_ryabo/socrates_edited_for_isca/spectral_files_for_GCMs/Sun
2026-03-20 10:11:55,012 - isca - DEBUG - /miniSuran_lw.sf WITH           16  bands
2026-03-20 10:11:55,012 - isca - DEBUG - Shortwave spectral file =
2026-03-20 10:11:55,012 - isca - DEBUG - /proj/bolinc/users/x_ryabo/socrates_edited_for_isca/spectral_files_for_GCMs/Sun
2026-03-20 10:11:55,012 - isca - DEBUG - /miniSuran_sw.sf WITH           16  bands
2026-03-20 10:11:55,012 - isca - DEBUG - Shortwave hires spectral file =
2026-03-20 10:11:55,012 - isca - DEBUG - /proj/bolinc/users/x_ryabo/socrates_edited_for_isca/spectral_files_for_GCMs/Sun
2026-03-20 10:11:55,012 - isca - DEBUG - /miniSuran_sw.sf WITH           16  bands
2026-03-20 10:11:55,012 - isca - DEBUG - 
2026-03-20 10:11:55,012 - isca - DEBUG - -----------------------------------
2026-03-20 10:11:55,012 - isca - DEBUG - 
2026-03-20 10:12:26,471 - isca - DEBUG - Integration completed through    3 Oct  2   0: 0: 0
2026-03-20 10:12:57,923 - isca - DEBUG - Integration completed through    3 Oct  3   0: 0: 0
2026-03-20 10:13:29,366 - isca - DEBUG - Integration completed through    3 Oct  4   0: 0: 0
2026-03-20 10:14:00,861 - isca - DEBUG - Integration completed through    3 Oct  5   0: 0: 0
2026-03-20 10:14:32,268 - isca - DEBUG - Integration completed through    3 Oct  6   0: 0: 0
2026-03-20 10:15:03,689 - isca - DEBUG - Integration completed through    3 Oct  7   0: 0: 0
2026-03-20 10:15:35,111 - isca - DEBUG - Integration completed through    3 Oct  8   0: 0: 0
2026-03-20 10:16:06,550 - isca - DEBUG - Integration completed through    3 Oct  9   0: 0: 0
2026-03-20 10:16:37,980 - isca - DEBUG - Integration completed through    3 Oct 10   0: 0: 0
2026-03-20 10:17:09,356 - isca - DEBUG - Integration completed through    3 Oct 11   0: 0: 0
2026-03-20 10:17:40,787 - isca - DEBUG - Integration completed through    3 Oct 12   0: 0: 0
2026-03-20 10:18:12,233 - isca - DEBUG - Integration completed through    3 Oct 13   0: 0: 0
2026-03-20 10:18:43,653 - isca - DEBUG - Integration completed through    3 Oct 14   0: 0: 0
2026-03-20 10:19:15,092 - isca - DEBUG - Integration completed through    3 Oct 15   0: 0: 0
2026-03-20 10:19:46,564 - isca - DEBUG - Integration completed through    3 Oct 16   0: 0: 0
2026-03-20 10:20:18,079 - isca - DEBUG - Integration completed through    3 Oct 17   0: 0: 0
2026-03-20 10:20:49,509 - isca - DEBUG - Integration completed through    3 Oct 18   0: 0: 0
2026-03-20 10:21:20,961 - isca - DEBUG - Integration completed through    3 Oct 19   0: 0: 0
2026-03-20 10:21:52,378 - isca - DEBUG - Integration completed through    3 Oct 20   0: 0: 0
2026-03-20 10:22:23,798 - isca - DEBUG - Integration completed through    3 Oct 21   0: 0: 0
2026-03-20 10:22:55,235 - isca - DEBUG - Integration completed through    3 Oct 22   0: 0: 0
2026-03-20 10:23:26,746 - isca - DEBUG - Integration completed through    3 Oct 23   0: 0: 0
2026-03-20 10:23:58,270 - isca - DEBUG - Integration completed through    3 Oct 24   0: 0: 0
2026-03-20 10:24:29,714 - isca - DEBUG - Integration completed through    3 Oct 25   0: 0: 0
2026-03-20 10:25:01,145 - isca - DEBUG - Integration completed through    3 Oct 26   0: 0: 0
2026-03-20 10:25:32,587 - isca - DEBUG - Integration completed through    3 Oct 27   0: 0: 0
2026-03-20 10:26:04,065 - isca - DEBUG - Integration completed through    3 Oct 28   0: 0: 0
2026-03-20 10:26:35,552 - isca - DEBUG - Integration completed through    3 Oct 29   0: 0: 0
2026-03-20 10:27:07,049 - isca - DEBUG - Integration completed through    3 Oct 30   0: 0: 0
2026-03-20 10:27:38,542 - isca - DEBUG - Integration completed through    3 Nov  1   0: 0: 0
2026-03-20 10:27:38,551 - isca - DEBUG - 
2026-03-20 10:27:38,552 - isca - WARNING - WARNING from PE    0: diag_util_mod::opening_file: module/field_name (socrates/soc_toa_sw_down_clr) NOT registered
2026-03-20 10:27:38,552 - isca - DEBUG - 
2026-03-20 10:27:38,552 - isca - DEBUG - 
2026-03-20 10:27:38,552 - isca - WARNING - WARNING from PE    0: diag_util_mod::opening_file: module/field_name (socrates/soc_toa_sw_down_clr) NOT registered
2026-03-20 10:27:38,552 - isca - DEBUG - 
2026-03-20 10:27:38,552 - isca - DEBUG - 
2026-03-20 10:27:38,552 - isca - WARNING - WARNING from PE    0: diag_util_mod::opening_file: module/field_name (cloud_simple/rh_min) NOT registered
2026-03-20 10:27:38,552 - isca - DEBUG - 
2026-03-20 10:27:38,552 - isca - DEBUG - 
2026-03-20 10:27:38,552 - isca - WARNING - WARNING from PE    0: diag_util_mod::opening_file: module/field_name (cloud_simple/rh_min) NOT registered
2026-03-20 10:27:38,552 - isca - DEBUG - 
2026-03-20 10:27:38,563 - isca - DEBUG - NOTE from PE    0: MPP_IO_SET_STACK_SIZE: stack size set to     393216.
2026-03-20 10:27:38,661 - isca - DEBUG - MPP_DOMAINS_STACK high water mark=       49152
2026-03-20 10:27:38,661 - isca - DEBUG - 
2026-03-20 10:27:38,661 - isca - DEBUG - Tabulating mpp_clock statistics across     16 PEs...
2026-03-20 10:27:38,661 - isca - DEBUG - 
2026-03-20 10:27:38,661 - isca - DEBUG - tmin          tmax          tavg          tstd  tfrac grain pemin pemax
2026-03-20 10:27:38,662 - isca - DEBUG - Total runtime                       944.990367    944.997372    944.993610      0.001697  1.000     0     0    15
2026-03-20 10:27:38,662 - isca - DEBUG - MPP_STACK high water mark=           0
2026-03-20 10:27:38,774 - isca - INFO - Run 34 complete
2026-03-20 10:27:40,381 - isca - DEBUG - atmos_monthly.nc combined and copied to data directory
2026-03-20 10:27:43,568 - isca - INFO - Restart archive created at /proj/bolinc/users/x_ryabo/Isca-Ryan_outputs/Earth_1840/restarts/res0034.tar.gz
2026-03-20 10:27:43,580 - isca - INFO - Writing namelist to '/proj/bolinc/users/x_ryabo/Isca-Ryan_outputs/Earth_1840/run0034/input.nml'
2026-03-20 10:27:43,582 - isca - INFO - Writing field_table to '/proj/bolinc/users/x_ryabo/Isca-Ryan_outputs/Earth_1840/run0034/field_table'
2026-03-20 10:27:43,601 - isca - INFO - Writing diag_table to '/proj/bolinc/users/x_ryabo/Isca-Ryan_outputs/Earth_1840/run0034/diag_table'
2026-03-20 10:27:44,366 - isca - INFO - Emptied run directory '/home/x_ryabo/Isca-Ryan_tmp/experiment/Earth_1840/run'
2026-03-20 10:27:44,390 - isca - INFO - Emptied run directory '/home/x_ryabo/Isca-Ryan_tmp/experiment/Earth_1840/run'
2026-03-20 10:27:44,720 - isca - INFO - Writing namelist to '/home/x_ryabo/Isca-Ryan_tmp/experiment/Earth_1840/run/input.nml'
2026-03-20 10:27:44,721 - isca - INFO - Writing field_table to '/home/x_ryabo/Isca-Ryan_tmp/experiment/Earth_1840/run/field_table'
2026-03-20 10:27:44,733 - isca - INFO - Writing diag_table to '/home/x_ryabo/Isca-Ryan_tmp/experiment/Earth_1840/run/diag_table'
2026-03-20 10:27:44,749 - isca - INFO - Using restart file '/proj/bolinc/users/x_ryabo/Isca-Ryan_outputs/Earth_1840/restarts/res0034.tar.gz'
2026-03-20 10:27:45,160 - isca - INFO - Restart /proj/bolinc/users/x_ryabo/Isca-Ryan_outputs/Earth_1840/restarts/res0034.tar.gz extracted to /home/x_ryabo/Isca-Ryan_tmp/experiment/Earth_1840/run/INPUT
2026-03-20 10:27:45,161 - isca - INFO - Beginning run 35
2026-03-20 10:27:45,172 - isca - INFO - process running as 2554453
2026-03-20 10:27:45,172 - isca - DEBUG - loadmodules for Isca on NSC cluster Tetralith
2026-03-20 10:27:45,172 - isca - DEBUG - mpiifort
2026-03-20 10:27:45,285 - isca - DEBUG - The following modules were not unloaded:
2026-03-20 10:27:45,285 - isca - DEBUG - (Use "module --force purge" to unload all):
2026-03-20 10:27:45,285 - isca - DEBUG - 
2026-03-20 10:27:45,285 - isca - DEBUG - 1) hpc/.1.10.1
2026-03-20 10:27:45,388 - isca - DEBUG - ***************************************************
2026-03-20 10:27:45,388 - isca - DEBUG - You have loaded a buildenv module
2026-03-20 10:27:45,388 - isca - DEBUG - ***************************************************
2026-03-20 10:27:45,388 - isca - DEBUG - The buldenv-intel module makes available:
2026-03-20 10:27:45,388 - isca - DEBUG - - Compilers: icc, ifort, etc.
2026-03-20 10:27:45,388 - isca - DEBUG - - Mpi library with mpi-wrapped compilers: intel mpi with mpicc, mpifort, etc.
2026-03-20 10:27:45,388 - isca - DEBUG - - Numerical libraries: intel MKL
2026-03-20 10:27:45,388 - isca - DEBUG - 
2026-03-20 10:27:45,388 - isca - DEBUG - It also makes a set of dependency library modules available via
2026-03-20 10:27:45,388 - isca - DEBUG - the regular module command. Just do:
2026-03-20 10:27:45,388 - isca - DEBUG - module avail
2026-03-20 10:27:45,388 - isca - DEBUG - to see what is available.
2026-03-20 10:27:45,388 - isca - DEBUG - 
2026-03-20 10:27:45,389 - isca - DEBUG - NOTE: You shoud never load build environments inside submitted jobs.
2026-03-20 10:27:45,389 - isca - DEBUG - (with the single exception of when using supercomputer time to compile code.)
2026-03-20 10:27:45,389 - isca - DEBUG - 
2026-03-20 10:27:46,672 - isca - DEBUG - NOTE from PE    0: MPP_DOMAINS_SET_STACK_SIZE: stack size set to    32768.
2026-03-20 10:27:46,672 - isca - DEBUG - &MPP_IO_NML
2026-03-20 10:27:46,672 - isca - DEBUG - HEADER_BUFFER_VAL       =       16384,
2026-03-20 10:27:46,672 - isca - DEBUG - GLOBAL_FIELD_ON_ROOT_PE = T,
2026-03-20 10:27:46,672 - isca - DEBUG - IO_CLOCKS_ON    = F,
2026-03-20 10:27:46,672 - isca - DEBUG - SHUFFLE =           0,
2026-03-20 10:27:46,672 - isca - DEBUG - DEFLATE_LEVEL   =          -1
2026-03-20 10:27:46,672 - isca - DEBUG - /
2026-03-20 10:27:46,673 - isca - DEBUG - NOTE from PE    0: MPP_IO_SET_STACK_SIZE: stack size set to     131072.
2026-03-20 10:27:46,674 - isca - DEBUG - NOTE from PE    0: MPP_DOMAINS_SET_STACK_SIZE: stack size set to   600000.
2026-03-20 10:27:46,682 - isca - DEBUG - starting            1  OpenMP threads per MPI-task
2026-03-20 10:27:46,684 - isca - DEBUG - ATMOS MODEL DOMAIN DECOMPOSITION
2026-03-20 10:27:46,684 - isca - DEBUG - X-AXIS =  128
2026-03-20 10:27:46,684 - isca - DEBUG - Y-AXIS =    4   4   4   4   4   4   4   4   4   4   4   4   4   4   4   4
2026-03-20 10:27:46,741 - isca - DEBUG - NOTE from PE    0: cloud_simple: Using SimCloud cloud scheme
2026-03-20 10:27:46,743 - isca - DEBUG - NOTE from PE    0: ls_cloud: Using Sundqvist (1989) cloud fraction diagnostic formula.
2026-03-20 10:27:46,743 - isca - DEBUG - NOTE from PE    0: cloud_cover: The cloud overlap assumption is MAXIMUM-RANDOM
2026-03-20 10:27:46,743 - isca - DEBUG - NOTE from PE    0: idealized_moist_phys: Using Frierson Quasi-Equilibrium convection scheme.
2026-03-20 10:27:46,753 - isca - DEBUG - 
2026-03-20 10:27:46,753 - isca - WARNING - WARNING from PE    0: socrates_init: lw_hires_spectral_filename is unset, making equal to lw_spectral_filename
2026-03-20 10:27:46,753 - isca - DEBUG - 
2026-03-20 10:27:46,753 - isca - DEBUG - 
2026-03-20 10:27:46,753 - isca - WARNING - WARNING from PE    0: socrates_init: lw_hires_spectral_filename is unset, making equal to lw_spectral_filename
2026-03-20 10:27:46,753 - isca - DEBUG - 
2026-03-20 10:27:46,753 - isca - DEBUG - 
2026-03-20 10:27:46,753 - isca - WARNING - WARNING from PE    0: socrates_init: sw_hires_spectral_filename is unset, making equal to sw_spectral_filename
2026-03-20 10:27:46,753 - isca - DEBUG - 
2026-03-20 10:27:46,753 - isca - DEBUG - 
2026-03-20 10:27:46,753 - isca - WARNING - WARNING from PE    0: socrates_init: sw_hires_spectral_filename is unset, making equal to sw_spectral_filename
2026-03-20 10:27:46,753 - isca - DEBUG - 
2026-03-20 10:27:47,978 - isca - DEBUG - NOTE from PE    0: Interpolator: Using input file with no time dimension - ozone_1990_notime_zero.nc
2026-03-20 10:27:47,978 - isca - DEBUG - Initializing src field : ozone_1990
2026-03-20 10:27:47,980 - isca - DEBUG - 
2026-03-20 10:27:47,980 - isca - DEBUG - -----------------------------------
2026-03-20 10:27:47,980 - isca - DEBUG - ____                       _
2026-03-20 10:27:47,980 - isca - DEBUG - / ___|  ___   ___ _ __ __ _| |_ ___  ___
2026-03-20 10:27:47,980 - isca - DEBUG - \___ \ / _ \ / __|  __/ _` | __/ _ \/ __|
2026-03-20 10:27:47,980 - isca - DEBUG - ___) | (_) | (__| | | (_| | ||  __/\__ \
2026-03-20 10:27:47,980 - isca - DEBUG - |____/ \___/ \___|_|  \__,_|\__\___||___/
2026-03-20 10:27:47,980 - isca - DEBUG - 
2026-03-20 10:27:47,980 - isca - DEBUG - Initialised Socrates v17.03
2026-03-20 10:27:47,981 - isca - DEBUG - Stellar constant =    1840.00000000000
2026-03-20 10:27:47,981 - isca - DEBUG - Longwave spectral file =
2026-03-20 10:27:47,981 - isca - DEBUG - /proj/bolinc/users/x_ryabo/socrates_edited_for_isca/spectral_files_for_GCMs/Sun
2026-03-20 10:27:47,981 - isca - DEBUG - /miniSuran_lw.sf WITH           16  bands
2026-03-20 10:27:47,981 - isca - DEBUG - Longwave hires spectral file =
2026-03-20 10:27:47,981 - isca - DEBUG - /proj/bolinc/users/x_ryabo/socrates_edited_for_isca/spectral_files_for_GCMs/Sun
2026-03-20 10:27:47,981 - isca - DEBUG - /miniSuran_lw.sf WITH           16  bands
2026-03-20 10:27:47,981 - isca - DEBUG - Shortwave spectral file =
2026-03-20 10:27:47,981 - isca - DEBUG - /proj/bolinc/users/x_ryabo/socrates_edited_for_isca/spectral_files_for_GCMs/Sun
2026-03-20 10:27:47,981 - isca - DEBUG - /miniSuran_sw.sf WITH           16  bands
2026-03-20 10:27:47,981 - isca - DEBUG - Shortwave hires spectral file =
2026-03-20 10:27:47,981 - isca - DEBUG - /proj/bolinc/users/x_ryabo/socrates_edited_for_isca/spectral_files_for_GCMs/Sun
2026-03-20 10:27:47,981 - isca - DEBUG - /miniSuran_sw.sf WITH           16  bands
2026-03-20 10:27:47,981 - isca - DEBUG - 
2026-03-20 10:27:47,981 - isca - DEBUG - -----------------------------------
2026-03-20 10:27:47,981 - isca - DEBUG - 
2026-03-20 10:28:19,531 - isca - DEBUG - Integration completed through    3 Nov  2   0: 0: 0
2026-03-20 10:28:51,037 - isca - DEBUG - Integration completed through    3 Nov  3   0: 0: 0
2026-03-20 10:29:22,518 - isca - DEBUG - Integration completed through    3 Nov  4   0: 0: 0
2026-03-20 10:29:53,930 - isca - DEBUG - Integration completed through    3 Nov  5   0: 0: 0
2026-03-20 10:30:25,344 - isca - DEBUG - Integration completed through    3 Nov  6   0: 0: 0
2026-03-20 10:30:56,802 - isca - DEBUG - Integration completed through    3 Nov  7   0: 0: 0
2026-03-20 10:31:28,274 - isca - DEBUG - Integration completed through    3 Nov  8   0: 0: 0
2026-03-20 10:31:59,800 - isca - DEBUG - Integration completed through    3 Nov  9   0: 0: 0
2026-03-20 10:32:31,289 - isca - DEBUG - Integration completed through    3 Nov 10   0: 0: 0
2026-03-20 10:33:02,867 - isca - DEBUG - Integration completed through    3 Nov 11   0: 0: 0
2026-03-20 10:33:34,407 - isca - DEBUG - Integration completed through    3 Nov 12   0: 0: 0
2026-03-20 10:34:05,955 - isca - DEBUG - Integration completed through    3 Nov 13   0: 0: 0
2026-03-20 10:34:37,466 - isca - DEBUG - Integration completed through    3 Nov 14   0: 0: 0
2026-03-20 10:35:08,975 - isca - DEBUG - Integration completed through    3 Nov 15   0: 0: 0
2026-03-20 10:35:40,447 - isca - DEBUG - Integration completed through    3 Nov 16   0: 0: 0
2026-03-20 10:36:11,909 - isca - DEBUG - Integration completed through    3 Nov 17   0: 0: 0
2026-03-20 10:36:43,388 - isca - DEBUG - Integration completed through    3 Nov 18   0: 0: 0
2026-03-20 10:37:14,910 - isca - DEBUG - Integration completed through    3 Nov 19   0: 0: 0
2026-03-20 10:37:46,392 - isca - DEBUG - Integration completed through    3 Nov 20   0: 0: 0
2026-03-20 10:38:17,859 - isca - DEBUG - Integration completed through    3 Nov 21   0: 0: 0
2026-03-20 10:38:49,390 - isca - DEBUG - Integration completed through    3 Nov 22   0: 0: 0
2026-03-20 10:39:20,902 - isca - DEBUG - Integration completed through    3 Nov 23   0: 0: 0
2026-03-20 10:39:52,458 - isca - DEBUG - Integration completed through    3 Nov 24   0: 0: 0
2026-03-20 10:40:23,982 - isca - DEBUG - Integration completed through    3 Nov 25   0: 0: 0
2026-03-20 10:40:55,531 - isca - DEBUG - Integration completed through    3 Nov 26   0: 0: 0
2026-03-20 10:41:27,060 - isca - DEBUG - Integration completed through    3 Nov 27   0: 0: 0
2026-03-20 10:41:58,554 - isca - DEBUG - Integration completed through    3 Nov 28   0: 0: 0
2026-03-20 10:42:30,076 - isca - DEBUG - Integration completed through    3 Nov 29   0: 0: 0
2026-03-20 10:43:01,624 - isca - DEBUG - Integration completed through    3 Nov 30   0: 0: 0
2026-03-20 10:43:33,052 - isca - DEBUG - Integration completed through    3 Dec  1   0: 0: 0
2026-03-20 10:43:33,060 - isca - DEBUG - 
2026-03-20 10:43:33,061 - isca - WARNING - WARNING from PE    0: diag_util_mod::opening_file: module/field_name (socrates/soc_toa_sw_down_clr) NOT registered
2026-03-20 10:43:33,061 - isca - DEBUG - 
2026-03-20 10:43:33,061 - isca - DEBUG - 
2026-03-20 10:43:33,061 - isca - WARNING - WARNING from PE    0: diag_util_mod::opening_file: module/field_name (socrates/soc_toa_sw_down_clr) NOT registered
2026-03-20 10:43:33,061 - isca - DEBUG - 
2026-03-20 10:43:33,061 - isca - DEBUG - 
2026-03-20 10:43:33,061 - isca - WARNING - WARNING from PE    0: diag_util_mod::opening_file: module/field_name (cloud_simple/rh_min) NOT registered
2026-03-20 10:43:33,061 - isca - DEBUG - 
2026-03-20 10:43:33,061 - isca - DEBUG - 
2026-03-20 10:43:33,061 - isca - WARNING - WARNING from PE    0: diag_util_mod::opening_file: module/field_name (cloud_simple/rh_min) NOT registered
2026-03-20 10:43:33,061 - isca - DEBUG - 
2026-03-20 10:43:33,072 - isca - DEBUG - NOTE from PE    0: MPP_IO_SET_STACK_SIZE: stack size set to     393216.
2026-03-20 10:43:33,235 - isca - DEBUG - MPP_DOMAINS_STACK high water mark=       49152
2026-03-20 10:43:33,235 - isca - DEBUG - 
2026-03-20 10:43:33,235 - isca - DEBUG - Tabulating mpp_clock statistics across     16 PEs...
2026-03-20 10:43:33,235 - isca - DEBUG - 
2026-03-20 10:43:33,235 - isca - DEBUG - tmin          tmax          tavg          tstd  tfrac grain pemin pemax
2026-03-20 10:43:33,236 - isca - DEBUG - Total runtime                       946.561056    946.567254    946.564600      0.001724  1.000     0     0    15
2026-03-20 10:43:33,236 - isca - DEBUG - MPP_STACK high water mark=           0
2026-03-20 10:43:33,315 - isca - INFO - Run 35 complete
2026-03-20 10:43:34,255 - isca - DEBUG - atmos_monthly.nc combined and copied to data directory
2026-03-20 10:43:37,450 - isca - INFO - Restart archive created at /proj/bolinc/users/x_ryabo/Isca-Ryan_outputs/Earth_1840/restarts/res0035.tar.gz
2026-03-20 10:43:37,461 - isca - INFO - Writing namelist to '/proj/bolinc/users/x_ryabo/Isca-Ryan_outputs/Earth_1840/run0035/input.nml'
2026-03-20 10:43:37,463 - isca - INFO - Writing field_table to '/proj/bolinc/users/x_ryabo/Isca-Ryan_outputs/Earth_1840/run0035/field_table'
2026-03-20 10:43:37,473 - isca - INFO - Writing diag_table to '/proj/bolinc/users/x_ryabo/Isca-Ryan_outputs/Earth_1840/run0035/diag_table'
2026-03-20 10:43:37,830 - isca - INFO - Emptied run directory '/home/x_ryabo/Isca-Ryan_tmp/experiment/Earth_1840/run'
2026-03-20 10:43:37,851 - isca - INFO - Emptied run directory '/home/x_ryabo/Isca-Ryan_tmp/experiment/Earth_1840/run'
2026-03-20 10:43:38,178 - isca - INFO - Writing namelist to '/home/x_ryabo/Isca-Ryan_tmp/experiment/Earth_1840/run/input.nml'
2026-03-20 10:43:38,179 - isca - INFO - Writing field_table to '/home/x_ryabo/Isca-Ryan_tmp/experiment/Earth_1840/run/field_table'
2026-03-20 10:43:38,191 - isca - INFO - Writing diag_table to '/home/x_ryabo/Isca-Ryan_tmp/experiment/Earth_1840/run/diag_table'
2026-03-20 10:43:38,204 - isca - INFO - Using restart file '/proj/bolinc/users/x_ryabo/Isca-Ryan_outputs/Earth_1840/restarts/res0035.tar.gz'
2026-03-20 10:43:38,614 - isca - INFO - Restart /proj/bolinc/users/x_ryabo/Isca-Ryan_outputs/Earth_1840/restarts/res0035.tar.gz extracted to /home/x_ryabo/Isca-Ryan_tmp/experiment/Earth_1840/run/INPUT
2026-03-20 10:43:38,615 - isca - INFO - Beginning run 36
2026-03-20 10:43:38,626 - isca - INFO - process running as 2555357
2026-03-20 10:43:38,626 - isca - DEBUG - loadmodules for Isca on NSC cluster Tetralith
2026-03-20 10:43:38,626 - isca - DEBUG - mpiifort
2026-03-20 10:43:38,739 - isca - DEBUG - The following modules were not unloaded:
2026-03-20 10:43:38,739 - isca - DEBUG - (Use "module --force purge" to unload all):
2026-03-20 10:43:38,739 - isca - DEBUG - 
2026-03-20 10:43:38,739 - isca - DEBUG - 1) hpc/.1.10.1
2026-03-20 10:43:38,845 - isca - DEBUG - ***************************************************
2026-03-20 10:43:38,845 - isca - DEBUG - You have loaded a buildenv module
2026-03-20 10:43:38,845 - isca - DEBUG - ***************************************************
2026-03-20 10:43:38,845 - isca - DEBUG - The buldenv-intel module makes available:
2026-03-20 10:43:38,845 - isca - DEBUG - - Compilers: icc, ifort, etc.
2026-03-20 10:43:38,845 - isca - DEBUG - - Mpi library with mpi-wrapped compilers: intel mpi with mpicc, mpifort, etc.
2026-03-20 10:43:38,845 - isca - DEBUG - - Numerical libraries: intel MKL
2026-03-20 10:43:38,845 - isca - DEBUG - 
2026-03-20 10:43:38,845 - isca - DEBUG - It also makes a set of dependency library modules available via
2026-03-20 10:43:38,845 - isca - DEBUG - the regular module command. Just do:
2026-03-20 10:43:38,845 - isca - DEBUG - module avail
2026-03-20 10:43:38,845 - isca - DEBUG - to see what is available.
2026-03-20 10:43:38,845 - isca - DEBUG - 
2026-03-20 10:43:38,845 - isca - DEBUG - NOTE: You shoud never load build environments inside submitted jobs.
2026-03-20 10:43:38,845 - isca - DEBUG - (with the single exception of when using supercomputer time to compile code.)
2026-03-20 10:43:38,845 - isca - DEBUG - 
2026-03-20 10:43:40,016 - isca - DEBUG - NOTE from PE    0: MPP_DOMAINS_SET_STACK_SIZE: stack size set to    32768.
2026-03-20 10:43:40,016 - isca - DEBUG - &MPP_IO_NML
2026-03-20 10:43:40,016 - isca - DEBUG - HEADER_BUFFER_VAL       =       16384,
2026-03-20 10:43:40,016 - isca - DEBUG - GLOBAL_FIELD_ON_ROOT_PE = T,
2026-03-20 10:43:40,016 - isca - DEBUG - IO_CLOCKS_ON    = F,
2026-03-20 10:43:40,016 - isca - DEBUG - SHUFFLE =           0,
2026-03-20 10:43:40,016 - isca - DEBUG - DEFLATE_LEVEL   =          -1
2026-03-20 10:43:40,016 - isca - DEBUG - /
2026-03-20 10:43:40,018 - isca - DEBUG - NOTE from PE    0: MPP_IO_SET_STACK_SIZE: stack size set to     131072.
2026-03-20 10:43:40,019 - isca - DEBUG - NOTE from PE    0: MPP_DOMAINS_SET_STACK_SIZE: stack size set to   600000.
2026-03-20 10:43:40,026 - isca - DEBUG - starting            1  OpenMP threads per MPI-task
2026-03-20 10:43:40,028 - isca - DEBUG - ATMOS MODEL DOMAIN DECOMPOSITION
2026-03-20 10:43:40,028 - isca - DEBUG - X-AXIS =  128
2026-03-20 10:43:40,028 - isca - DEBUG - Y-AXIS =    4   4   4   4   4   4   4   4   4   4   4   4   4   4   4   4
2026-03-20 10:43:40,085 - isca - DEBUG - NOTE from PE    0: cloud_simple: Using SimCloud cloud scheme
2026-03-20 10:43:40,086 - isca - DEBUG - NOTE from PE    0: ls_cloud: Using Sundqvist (1989) cloud fraction diagnostic formula.
2026-03-20 10:43:40,087 - isca - DEBUG - NOTE from PE    0: cloud_cover: The cloud overlap assumption is MAXIMUM-RANDOM
2026-03-20 10:43:40,087 - isca - DEBUG - NOTE from PE    0: idealized_moist_phys: Using Frierson Quasi-Equilibrium convection scheme.
2026-03-20 10:43:40,095 - isca - DEBUG - 
2026-03-20 10:43:40,096 - isca - WARNING - WARNING from PE    0: socrates_init: lw_hires_spectral_filename is unset, making equal to lw_spectral_filename
2026-03-20 10:43:40,096 - isca - DEBUG - 
2026-03-20 10:43:40,096 - isca - DEBUG - 
2026-03-20 10:43:40,096 - isca - WARNING - WARNING from PE    0: socrates_init: lw_hires_spectral_filename is unset, making equal to lw_spectral_filename
2026-03-20 10:43:40,096 - isca - DEBUG - 
2026-03-20 10:43:40,096 - isca - DEBUG - 
2026-03-20 10:43:40,096 - isca - WARNING - WARNING from PE    0: socrates_init: sw_hires_spectral_filename is unset, making equal to sw_spectral_filename
2026-03-20 10:43:40,096 - isca - DEBUG - 
2026-03-20 10:43:40,096 - isca - DEBUG - 
2026-03-20 10:43:40,096 - isca - WARNING - WARNING from PE    0: socrates_init: sw_hires_spectral_filename is unset, making equal to sw_spectral_filename
2026-03-20 10:43:40,096 - isca - DEBUG - 
2026-03-20 10:43:41,310 - isca - DEBUG - NOTE from PE    0: Interpolator: Using input file with no time dimension - ozone_1990_notime_zero.nc
2026-03-20 10:43:41,310 - isca - DEBUG - Initializing src field : ozone_1990
2026-03-20 10:43:41,312 - isca - DEBUG - 
2026-03-20 10:43:41,313 - isca - DEBUG - -----------------------------------
2026-03-20 10:43:41,313 - isca - DEBUG - ____                       _
2026-03-20 10:43:41,313 - isca - DEBUG - / ___|  ___   ___ _ __ __ _| |_ ___  ___
2026-03-20 10:43:41,313 - isca - DEBUG - \___ \ / _ \ / __|  __/ _` | __/ _ \/ __|
2026-03-20 10:43:41,313 - isca - DEBUG - ___) | (_) | (__| | | (_| | ||  __/\__ \
2026-03-20 10:43:41,313 - isca - DEBUG - |____/ \___/ \___|_|  \__,_|\__\___||___/
2026-03-20 10:43:41,313 - isca - DEBUG - 
2026-03-20 10:43:41,313 - isca - DEBUG - Initialised Socrates v17.03
2026-03-20 10:43:41,313 - isca - DEBUG - Stellar constant =    1840.00000000000
2026-03-20 10:43:41,313 - isca - DEBUG - Longwave spectral file =
2026-03-20 10:43:41,313 - isca - DEBUG - /proj/bolinc/users/x_ryabo/socrates_edited_for_isca/spectral_files_for_GCMs/Sun
2026-03-20 10:43:41,313 - isca - DEBUG - /miniSuran_lw.sf WITH           16  bands
2026-03-20 10:43:41,313 - isca - DEBUG - Longwave hires spectral file =
2026-03-20 10:43:41,313 - isca - DEBUG - /proj/bolinc/users/x_ryabo/socrates_edited_for_isca/spectral_files_for_GCMs/Sun
2026-03-20 10:43:41,313 - isca - DEBUG - /miniSuran_lw.sf WITH           16  bands
2026-03-20 10:43:41,313 - isca - DEBUG - Shortwave spectral file =
2026-03-20 10:43:41,313 - isca - DEBUG - /proj/bolinc/users/x_ryabo/socrates_edited_for_isca/spectral_files_for_GCMs/Sun
2026-03-20 10:43:41,313 - isca - DEBUG - /miniSuran_sw.sf WITH           16  bands
2026-03-20 10:43:41,313 - isca - DEBUG - Shortwave hires spectral file =
2026-03-20 10:43:41,313 - isca - DEBUG - /proj/bolinc/users/x_ryabo/socrates_edited_for_isca/spectral_files_for_GCMs/Sun
2026-03-20 10:43:41,313 - isca - DEBUG - /miniSuran_sw.sf WITH           16  bands
2026-03-20 10:43:41,313 - isca - DEBUG - 
2026-03-20 10:43:41,313 - isca - DEBUG - -----------------------------------
2026-03-20 10:43:41,313 - isca - DEBUG - 
2026-03-20 10:44:12,650 - isca - DEBUG - Integration completed through    3 Dec  2   0: 0: 0
2026-03-20 10:44:43,905 - isca - DEBUG - Integration completed through    3 Dec  3   0: 0: 0
2026-03-20 10:45:15,150 - isca - DEBUG - Integration completed through    3 Dec  4   0: 0: 0
2026-03-20 10:45:46,447 - isca - DEBUG - Integration completed through    3 Dec  5   0: 0: 0
2026-03-20 10:46:17,767 - isca - DEBUG - Integration completed through    3 Dec  6   0: 0: 0
2026-03-20 10:46:49,093 - isca - DEBUG - Integration completed through    3 Dec  7   0: 0: 0
2026-03-20 10:47:20,398 - isca - DEBUG - Integration completed through    3 Dec  8   0: 0: 0
2026-03-20 10:47:51,663 - isca - DEBUG - Integration completed through    3 Dec  9   0: 0: 0
2026-03-20 10:48:22,902 - isca - DEBUG - Integration completed through    3 Dec 10   0: 0: 0
2026-03-20 10:48:54,198 - isca - DEBUG - Integration completed through    3 Dec 11   0: 0: 0
2026-03-20 10:49:25,547 - isca - DEBUG - Integration completed through    3 Dec 12   0: 0: 0
2026-03-20 10:49:56,885 - isca - DEBUG - Integration completed through    3 Dec 13   0: 0: 0
2026-03-20 10:50:28,187 - isca - DEBUG - Integration completed through    3 Dec 14   0: 0: 0
2026-03-20 10:50:59,520 - isca - DEBUG - Integration completed through    3 Dec 15   0: 0: 0
2026-03-20 10:51:30,859 - isca - DEBUG - Integration completed through    3 Dec 16   0: 0: 0
2026-03-20 10:52:02,172 - isca - DEBUG - Integration completed through    3 Dec 17   0: 0: 0
2026-03-20 10:52:33,481 - isca - DEBUG - Integration completed through    3 Dec 18   0: 0: 0
2026-03-20 10:53:04,797 - isca - DEBUG - Integration completed through    3 Dec 19   0: 0: 0
2026-03-20 10:53:36,134 - isca - DEBUG - Integration completed through    3 Dec 20   0: 0: 0
2026-03-20 10:54:07,478 - isca - DEBUG - Integration completed through    3 Dec 21   0: 0: 0
2026-03-20 10:54:38,828 - isca - DEBUG - Integration completed through    3 Dec 22   0: 0: 0
2026-03-20 10:55:10,202 - isca - DEBUG - Integration completed through    3 Dec 23   0: 0: 0
2026-03-20 10:55:41,552 - isca - DEBUG - Integration completed through    3 Dec 24   0: 0: 0
2026-03-20 10:56:12,882 - isca - DEBUG - Integration completed through    3 Dec 25   0: 0: 0
2026-03-20 10:56:44,250 - isca - DEBUG - Integration completed through    3 Dec 26   0: 0: 0
2026-03-20 10:57:15,574 - isca - DEBUG - Integration completed through    3 Dec 27   0: 0: 0
2026-03-20 10:57:46,896 - isca - DEBUG - Integration completed through    3 Dec 28   0: 0: 0
2026-03-20 10:58:18,184 - isca - DEBUG - Integration completed through    3 Dec 29   0: 0: 0
2026-03-20 10:58:49,465 - isca - DEBUG - Integration completed through    3 Dec 30   0: 0: 0
2026-03-20 10:59:20,761 - isca - DEBUG - Integration completed through    4 Jan  1   0: 0: 0
2026-03-20 10:59:20,768 - isca - DEBUG - 
2026-03-20 10:59:20,768 - isca - WARNING - WARNING from PE    0: diag_util_mod::opening_file: module/field_name (socrates/soc_toa_sw_down_clr) NOT registered
2026-03-20 10:59:20,768 - isca - DEBUG - 
2026-03-20 10:59:20,768 - isca - DEBUG - 
2026-03-20 10:59:20,768 - isca - WARNING - WARNING from PE    0: diag_util_mod::opening_file: module/field_name (socrates/soc_toa_sw_down_clr) NOT registered
2026-03-20 10:59:20,768 - isca - DEBUG - 
2026-03-20 10:59:20,768 - isca - DEBUG - 
2026-03-20 10:59:20,769 - isca - WARNING - WARNING from PE    0: diag_util_mod::opening_file: module/field_name (cloud_simple/rh_min) NOT registered
2026-03-20 10:59:20,769 - isca - DEBUG - 
2026-03-20 10:59:20,769 - isca - DEBUG - 
2026-03-20 10:59:20,769 - isca - WARNING - WARNING from PE    0: diag_util_mod::opening_file: module/field_name (cloud_simple/rh_min) NOT registered
2026-03-20 10:59:20,769 - isca - DEBUG - 
2026-03-20 10:59:20,779 - isca - DEBUG - NOTE from PE    0: MPP_IO_SET_STACK_SIZE: stack size set to     393216.
2026-03-20 10:59:20,925 - isca - DEBUG - MPP_DOMAINS_STACK high water mark=       49152
2026-03-20 10:59:20,926 - isca - DEBUG - 
2026-03-20 10:59:20,926 - isca - DEBUG - Tabulating mpp_clock statistics across     16 PEs...
2026-03-20 10:59:20,926 - isca - DEBUG - 
2026-03-20 10:59:20,926 - isca - DEBUG - tmin          tmax          tavg          tstd  tfrac grain pemin pemax
2026-03-20 10:59:20,926 - isca - DEBUG - Total runtime                       940.907412    940.913805    940.910100      0.001777  1.000     0     0    15
2026-03-20 10:59:20,926 - isca - DEBUG - MPP_STACK high water mark=           0
2026-03-20 10:59:21,057 - isca - INFO - Run 36 complete
2026-03-20 10:59:21,979 - isca - DEBUG - atmos_monthly.nc combined and copied to data directory
2026-03-20 10:59:25,187 - isca - INFO - Restart archive created at /proj/bolinc/users/x_ryabo/Isca-Ryan_outputs/Earth_1840/restarts/res0036.tar.gz
2026-03-20 10:59:25,199 - isca - INFO - Writing namelist to '/proj/bolinc/users/x_ryabo/Isca-Ryan_outputs/Earth_1840/run0036/input.nml'
2026-03-20 10:59:25,201 - isca - INFO - Writing field_table to '/proj/bolinc/users/x_ryabo/Isca-Ryan_outputs/Earth_1840/run0036/field_table'
2026-03-20 10:59:25,211 - isca - INFO - Writing diag_table to '/proj/bolinc/users/x_ryabo/Isca-Ryan_outputs/Earth_1840/run0036/diag_table'
2026-03-20 10:59:25,561 - isca - INFO - Emptied run directory '/home/x_ryabo/Isca-Ryan_tmp/experiment/Earth_1840/run'
2026-03-20 10:59:25,584 - isca - INFO - Emptied run directory '/home/x_ryabo/Isca-Ryan_tmp/experiment/Earth_1840/run'
2026-03-20 10:59:25,908 - isca - INFO - Writing namelist to '/home/x_ryabo/Isca-Ryan_tmp/experiment/Earth_1840/run/input.nml'
2026-03-20 10:59:25,910 - isca - INFO - Writing field_table to '/home/x_ryabo/Isca-Ryan_tmp/experiment/Earth_1840/run/field_table'
2026-03-20 10:59:25,922 - isca - INFO - Writing diag_table to '/home/x_ryabo/Isca-Ryan_tmp/experiment/Earth_1840/run/diag_table'
2026-03-20 10:59:25,939 - isca - INFO - Using restart file '/proj/bolinc/users/x_ryabo/Isca-Ryan_outputs/Earth_1840/restarts/res0036.tar.gz'
2026-03-20 10:59:26,350 - isca - INFO - Restart /proj/bolinc/users/x_ryabo/Isca-Ryan_outputs/Earth_1840/restarts/res0036.tar.gz extracted to /home/x_ryabo/Isca-Ryan_tmp/experiment/Earth_1840/run/INPUT
2026-03-20 10:59:26,350 - isca - INFO - Beginning run 37
2026-03-20 10:59:26,361 - isca - INFO - process running as 2556254
2026-03-20 10:59:26,362 - isca - DEBUG - loadmodules for Isca on NSC cluster Tetralith
2026-03-20 10:59:26,362 - isca - DEBUG - mpiifort
2026-03-20 10:59:26,474 - isca - DEBUG - The following modules were not unloaded:
2026-03-20 10:59:26,474 - isca - DEBUG - (Use "module --force purge" to unload all):
2026-03-20 10:59:26,474 - isca - DEBUG - 
2026-03-20 10:59:26,474 - isca - DEBUG - 1) hpc/.1.10.1
2026-03-20 10:59:26,577 - isca - DEBUG - ***************************************************
2026-03-20 10:59:26,577 - isca - DEBUG - You have loaded a buildenv module
2026-03-20 10:59:26,577 - isca - DEBUG - ***************************************************
2026-03-20 10:59:26,577 - isca - DEBUG - The buldenv-intel module makes available:
2026-03-20 10:59:26,577 - isca - DEBUG - - Compilers: icc, ifort, etc.
2026-03-20 10:59:26,578 - isca - DEBUG - - Mpi library with mpi-wrapped compilers: intel mpi with mpicc, mpifort, etc.
2026-03-20 10:59:26,578 - isca - DEBUG - - Numerical libraries: intel MKL
2026-03-20 10:59:26,578 - isca - DEBUG - 
2026-03-20 10:59:26,578 - isca - DEBUG - It also makes a set of dependency library modules available via
2026-03-20 10:59:26,578 - isca - DEBUG - the regular module command. Just do:
2026-03-20 10:59:26,578 - isca - DEBUG - module avail
2026-03-20 10:59:26,578 - isca - DEBUG - to see what is available.
2026-03-20 10:59:26,578 - isca - DEBUG - 
2026-03-20 10:59:26,578 - isca - DEBUG - NOTE: You shoud never load build environments inside submitted jobs.
2026-03-20 10:59:26,578 - isca - DEBUG - (with the single exception of when using supercomputer time to compile code.)
2026-03-20 10:59:26,578 - isca - DEBUG - 
2026-03-20 10:59:28,269 - isca - DEBUG - NOTE from PE    0: MPP_DOMAINS_SET_STACK_SIZE: stack size set to    32768.
2026-03-20 10:59:28,270 - isca - DEBUG - &MPP_IO_NML
2026-03-20 10:59:28,270 - isca - DEBUG - HEADER_BUFFER_VAL       =       16384,
2026-03-20 10:59:28,270 - isca - DEBUG - GLOBAL_FIELD_ON_ROOT_PE = T,
2026-03-20 10:59:28,270 - isca - DEBUG - IO_CLOCKS_ON    = F,
2026-03-20 10:59:28,270 - isca - DEBUG - SHUFFLE =           0,
2026-03-20 10:59:28,270 - isca - DEBUG - DEFLATE_LEVEL   =          -1
2026-03-20 10:59:28,270 - isca - DEBUG - /
2026-03-20 10:59:28,271 - isca - DEBUG - NOTE from PE    0: MPP_IO_SET_STACK_SIZE: stack size set to     131072.
2026-03-20 10:59:28,272 - isca - DEBUG - NOTE from PE    0: MPP_DOMAINS_SET_STACK_SIZE: stack size set to   600000.
2026-03-20 10:59:28,280 - isca - DEBUG - starting            1  OpenMP threads per MPI-task
2026-03-20 10:59:28,282 - isca - DEBUG - ATMOS MODEL DOMAIN DECOMPOSITION
2026-03-20 10:59:28,282 - isca - DEBUG - X-AXIS =  128
2026-03-20 10:59:28,282 - isca - DEBUG - Y-AXIS =    4   4   4   4   4   4   4   4   4   4   4   4   4   4   4   4
2026-03-20 10:59:28,339 - isca - DEBUG - NOTE from PE    0: cloud_simple: Using SimCloud cloud scheme
2026-03-20 10:59:28,340 - isca - DEBUG - NOTE from PE    0: ls_cloud: Using Sundqvist (1989) cloud fraction diagnostic formula.
2026-03-20 10:59:28,340 - isca - DEBUG - NOTE from PE    0: cloud_cover: The cloud overlap assumption is MAXIMUM-RANDOM
2026-03-20 10:59:28,341 - isca - DEBUG - NOTE from PE    0: idealized_moist_phys: Using Frierson Quasi-Equilibrium convection scheme.
2026-03-20 10:59:28,350 - isca - DEBUG - 
2026-03-20 10:59:28,350 - isca - WARNING - WARNING from PE    0: socrates_init: lw_hires_spectral_filename is unset, making equal to lw_spectral_filename
2026-03-20 10:59:28,350 - isca - DEBUG - 
2026-03-20 10:59:28,350 - isca - DEBUG - 
2026-03-20 10:59:28,350 - isca - WARNING - WARNING from PE    0: socrates_init: lw_hires_spectral_filename is unset, making equal to lw_spectral_filename
2026-03-20 10:59:28,350 - isca - DEBUG - 
2026-03-20 10:59:28,350 - isca - DEBUG - 
2026-03-20 10:59:28,351 - isca - WARNING - WARNING from PE    0: socrates_init: sw_hires_spectral_filename is unset, making equal to sw_spectral_filename
2026-03-20 10:59:28,351 - isca - DEBUG - 
2026-03-20 10:59:28,351 - isca - DEBUG - 
2026-03-20 10:59:28,351 - isca - WARNING - WARNING from PE    0: socrates_init: sw_hires_spectral_filename is unset, making equal to sw_spectral_filename
2026-03-20 10:59:28,351 - isca - DEBUG - 
2026-03-20 10:59:29,581 - isca - DEBUG - NOTE from PE    0: Interpolator: Using input file with no time dimension - ozone_1990_notime_zero.nc
2026-03-20 10:59:29,581 - isca - DEBUG - Initializing src field : ozone_1990
2026-03-20 10:59:29,583 - isca - DEBUG - 
2026-03-20 10:59:29,583 - isca - DEBUG - -----------------------------------
2026-03-20 10:59:29,583 - isca - DEBUG - ____                       _
2026-03-20 10:59:29,583 - isca - DEBUG - / ___|  ___   ___ _ __ __ _| |_ ___  ___
2026-03-20 10:59:29,583 - isca - DEBUG - \___ \ / _ \ / __|  __/ _` | __/ _ \/ __|
2026-03-20 10:59:29,583 - isca - DEBUG - ___) | (_) | (__| | | (_| | ||  __/\__ \
2026-03-20 10:59:29,584 - isca - DEBUG - |____/ \___/ \___|_|  \__,_|\__\___||___/
2026-03-20 10:59:29,584 - isca - DEBUG - 
2026-03-20 10:59:29,584 - isca - DEBUG - Initialised Socrates v17.03
2026-03-20 10:59:29,584 - isca - DEBUG - Stellar constant =    1840.00000000000
2026-03-20 10:59:29,584 - isca - DEBUG - Longwave spectral file =
2026-03-20 10:59:29,584 - isca - DEBUG - /proj/bolinc/users/x_ryabo/socrates_edited_for_isca/spectral_files_for_GCMs/Sun
2026-03-20 10:59:29,584 - isca - DEBUG - /miniSuran_lw.sf WITH           16  bands
2026-03-20 10:59:29,584 - isca - DEBUG - Longwave hires spectral file =
2026-03-20 10:59:29,584 - isca - DEBUG - /proj/bolinc/users/x_ryabo/socrates_edited_for_isca/spectral_files_for_GCMs/Sun
2026-03-20 10:59:29,584 - isca - DEBUG - /miniSuran_lw.sf WITH           16  bands
2026-03-20 10:59:29,584 - isca - DEBUG - Shortwave spectral file =
2026-03-20 10:59:29,584 - isca - DEBUG - /proj/bolinc/users/x_ryabo/socrates_edited_for_isca/spectral_files_for_GCMs/Sun
2026-03-20 10:59:29,584 - isca - DEBUG - /miniSuran_sw.sf WITH           16  bands
2026-03-20 10:59:29,584 - isca - DEBUG - Shortwave hires spectral file =
2026-03-20 10:59:29,584 - isca - DEBUG - /proj/bolinc/users/x_ryabo/socrates_edited_for_isca/spectral_files_for_GCMs/Sun
2026-03-20 10:59:29,584 - isca - DEBUG - /miniSuran_sw.sf WITH           16  bands
2026-03-20 10:59:29,584 - isca - DEBUG - 
2026-03-20 10:59:29,584 - isca - DEBUG - -----------------------------------
2026-03-20 10:59:29,584 - isca - DEBUG - 
2026-03-20 11:00:01,538 - isca - DEBUG - Integration completed through    4 Jan  2   0: 0: 0
2026-03-20 11:00:33,425 - isca - DEBUG - Integration completed through    4 Jan  3   0: 0: 0
2026-03-20 11:01:05,284 - isca - DEBUG - Integration completed through    4 Jan  4   0: 0: 0
2026-03-20 11:01:37,234 - isca - DEBUG - Integration completed through    4 Jan  5   0: 0: 0
2026-03-20 11:02:09,183 - isca - DEBUG - Integration completed through    4 Jan  6   0: 0: 0
2026-03-20 11:02:41,147 - isca - DEBUG - Integration completed through    4 Jan  7   0: 0: 0
2026-03-20 11:03:13,036 - isca - DEBUG - Integration completed through    4 Jan  8   0: 0: 0
2026-03-20 11:03:44,950 - isca - DEBUG - Integration completed through    4 Jan  9   0: 0: 0
2026-03-20 11:04:16,788 - isca - DEBUG - Integration completed through    4 Jan 10   0: 0: 0
2026-03-20 11:04:48,596 - isca - DEBUG - Integration completed through    4 Jan 11   0: 0: 0
2026-03-20 11:05:20,444 - isca - DEBUG - Integration completed through    4 Jan 12   0: 0: 0
2026-03-20 11:05:52,304 - isca - DEBUG - Integration completed through    4 Jan 13   0: 0: 0
2026-03-20 11:06:24,165 - isca - DEBUG - Integration completed through    4 Jan 14   0: 0: 0
2026-03-20 11:06:56,059 - isca - DEBUG - Integration completed through    4 Jan 15   0: 0: 0
2026-03-20 11:07:27,952 - isca - DEBUG - Integration completed through    4 Jan 16   0: 0: 0
2026-03-20 11:07:59,853 - isca - DEBUG - Integration completed through    4 Jan 17   0: 0: 0
2026-03-20 11:08:31,790 - isca - DEBUG - Integration completed through    4 Jan 18   0: 0: 0
2026-03-20 11:09:03,689 - isca - DEBUG - Integration completed through    4 Jan 19   0: 0: 0
2026-03-20 11:09:35,601 - isca - DEBUG - Integration completed through    4 Jan 20   0: 0: 0
2026-03-20 11:10:07,472 - isca - DEBUG - Integration completed through    4 Jan 21   0: 0: 0
2026-03-20 11:10:39,300 - isca - DEBUG - Integration completed through    4 Jan 22   0: 0: 0
2026-03-20 11:11:11,153 - isca - DEBUG - Integration completed through    4 Jan 23   0: 0: 0
2026-03-20 11:11:43,098 - isca - DEBUG - Integration completed through    4 Jan 24   0: 0: 0
2026-03-20 11:12:15,056 - isca - DEBUG - Integration completed through    4 Jan 25   0: 0: 0
2026-03-20 11:12:47,086 - isca - DEBUG - Integration completed through    4 Jan 26   0: 0: 0
2026-03-20 11:13:19,134 - isca - DEBUG - Integration completed through    4 Jan 27   0: 0: 0
2026-03-20 11:13:51,133 - isca - DEBUG - Integration completed through    4 Jan 28   0: 0: 0
2026-03-20 11:14:23,118 - isca - DEBUG - Integration completed through    4 Jan 29   0: 0: 0
2026-03-20 11:14:55,116 - isca - DEBUG - Integration completed through    4 Jan 30   0: 0: 0
2026-03-20 11:15:27,073 - isca - DEBUG - Integration completed through    4 Feb  1   0: 0: 0
2026-03-20 11:15:27,269 - isca - DEBUG - 
2026-03-20 11:15:27,269 - isca - WARNING - WARNING from PE    0: diag_util_mod::opening_file: module/field_name (socrates/soc_toa_sw_down_clr) NOT registered
2026-03-20 11:15:27,269 - isca - DEBUG - 
2026-03-20 11:15:27,269 - isca - DEBUG - 
2026-03-20 11:15:27,269 - isca - WARNING - WARNING from PE    0: diag_util_mod::opening_file: module/field_name (cloud_simple/rh_min) NOT registered
2026-03-20 11:15:27,270 - isca - DEBUG - 
2026-03-20 11:15:27,270 - isca - DEBUG - 
2026-03-20 11:15:27,270 - isca - WARNING - WARNING from PE    0: diag_util_mod::opening_file: module/field_name (socrates/soc_toa_sw_down_clr) NOT registered
2026-03-20 11:15:27,270 - isca - DEBUG - 
2026-03-20 11:15:27,270 - isca - DEBUG - 
2026-03-20 11:15:27,270 - isca - WARNING - WARNING from PE    0: diag_util_mod::opening_file: module/field_name (cloud_simple/rh_min) NOT registered
2026-03-20 11:15:27,270 - isca - DEBUG - 
2026-03-20 11:15:27,280 - isca - DEBUG - NOTE from PE    0: MPP_IO_SET_STACK_SIZE: stack size set to     393216.
2026-03-20 11:15:27,389 - isca - DEBUG - MPP_DOMAINS_STACK high water mark=       49152
2026-03-20 11:15:27,389 - isca - DEBUG - 
2026-03-20 11:15:27,389 - isca - DEBUG - Tabulating mpp_clock statistics across     16 PEs...
2026-03-20 11:15:27,389 - isca - DEBUG - 
2026-03-20 11:15:27,390 - isca - DEBUG - tmin          tmax          tavg          tstd  tfrac grain pemin pemax
2026-03-20 11:15:27,390 - isca - DEBUG - Total runtime                       959.117395    959.124515    959.120825      0.002037  1.000     0     0    15
2026-03-20 11:15:27,390 - isca - DEBUG - MPP_STACK high water mark=           0
2026-03-20 11:15:27,450 - isca - INFO - Run 37 complete
2026-03-20 11:15:28,446 - isca - DEBUG - atmos_monthly.nc combined and copied to data directory
2026-03-20 11:15:31,654 - isca - INFO - Restart archive created at /proj/bolinc/users/x_ryabo/Isca-Ryan_outputs/Earth_1840/restarts/res0037.tar.gz
2026-03-20 11:15:31,666 - isca - INFO - Writing namelist to '/proj/bolinc/users/x_ryabo/Isca-Ryan_outputs/Earth_1840/run0037/input.nml'
2026-03-20 11:15:31,669 - isca - INFO - Writing field_table to '/proj/bolinc/users/x_ryabo/Isca-Ryan_outputs/Earth_1840/run0037/field_table'
2026-03-20 11:15:31,679 - isca - INFO - Writing diag_table to '/proj/bolinc/users/x_ryabo/Isca-Ryan_outputs/Earth_1840/run0037/diag_table'
2026-03-20 11:15:32,467 - isca - INFO - Emptied run directory '/home/x_ryabo/Isca-Ryan_tmp/experiment/Earth_1840/run'
2026-03-20 11:15:32,487 - isca - INFO - Emptied run directory '/home/x_ryabo/Isca-Ryan_tmp/experiment/Earth_1840/run'
2026-03-20 11:15:32,817 - isca - INFO - Writing namelist to '/home/x_ryabo/Isca-Ryan_tmp/experiment/Earth_1840/run/input.nml'
2026-03-20 11:15:32,818 - isca - INFO - Writing field_table to '/home/x_ryabo/Isca-Ryan_tmp/experiment/Earth_1840/run/field_table'
2026-03-20 11:15:32,831 - isca - INFO - Writing diag_table to '/home/x_ryabo/Isca-Ryan_tmp/experiment/Earth_1840/run/diag_table'
2026-03-20 11:15:32,844 - isca - INFO - Using restart file '/proj/bolinc/users/x_ryabo/Isca-Ryan_outputs/Earth_1840/restarts/res0037.tar.gz'
2026-03-20 11:15:33,255 - isca - INFO - Restart /proj/bolinc/users/x_ryabo/Isca-Ryan_outputs/Earth_1840/restarts/res0037.tar.gz extracted to /home/x_ryabo/Isca-Ryan_tmp/experiment/Earth_1840/run/INPUT
2026-03-20 11:15:33,256 - isca - INFO - Beginning run 38
2026-03-20 11:15:33,271 - isca - INFO - process running as 2557249
2026-03-20 11:15:33,271 - isca - DEBUG - loadmodules for Isca on NSC cluster Tetralith
2026-03-20 11:15:33,271 - isca - DEBUG - mpiifort
2026-03-20 11:15:33,391 - isca - DEBUG - The following modules were not unloaded:
2026-03-20 11:15:33,391 - isca - DEBUG - (Use "module --force purge" to unload all):
2026-03-20 11:15:33,391 - isca - DEBUG - 
2026-03-20 11:15:33,391 - isca - DEBUG - 1) hpc/.1.10.1
2026-03-20 11:15:33,496 - isca - DEBUG - ***************************************************
2026-03-20 11:15:33,496 - isca - DEBUG - You have loaded a buildenv module
2026-03-20 11:15:33,496 - isca - DEBUG - ***************************************************
2026-03-20 11:15:33,496 - isca - DEBUG - The buldenv-intel module makes available:
2026-03-20 11:15:33,496 - isca - DEBUG - - Compilers: icc, ifort, etc.
2026-03-20 11:15:33,496 - isca - DEBUG - - Mpi library with mpi-wrapped compilers: intel mpi with mpicc, mpifort, etc.
2026-03-20 11:15:33,496 - isca - DEBUG - - Numerical libraries: intel MKL
2026-03-20 11:15:33,496 - isca - DEBUG - 
2026-03-20 11:15:33,496 - isca - DEBUG - It also makes a set of dependency library modules available via
2026-03-20 11:15:33,497 - isca - DEBUG - the regular module command. Just do:
2026-03-20 11:15:33,497 - isca - DEBUG - module avail
2026-03-20 11:15:33,497 - isca - DEBUG - to see what is available.
2026-03-20 11:15:33,497 - isca - DEBUG - 
2026-03-20 11:15:33,497 - isca - DEBUG - NOTE: You shoud never load build environments inside submitted jobs.
2026-03-20 11:15:33,497 - isca - DEBUG - (with the single exception of when using supercomputer time to compile code.)
2026-03-20 11:15:33,497 - isca - DEBUG - 
2026-03-20 11:15:34,646 - isca - DEBUG - NOTE from PE    0: MPP_DOMAINS_SET_STACK_SIZE: stack size set to    32768.
2026-03-20 11:15:34,646 - isca - DEBUG - &MPP_IO_NML
2026-03-20 11:15:34,646 - isca - DEBUG - HEADER_BUFFER_VAL       =       16384,
2026-03-20 11:15:34,646 - isca - DEBUG - GLOBAL_FIELD_ON_ROOT_PE = T,
2026-03-20 11:15:34,646 - isca - DEBUG - IO_CLOCKS_ON    = F,
2026-03-20 11:15:34,646 - isca - DEBUG - SHUFFLE =           0,
2026-03-20 11:15:34,646 - isca - DEBUG - DEFLATE_LEVEL   =          -1
2026-03-20 11:15:34,646 - isca - DEBUG - /
2026-03-20 11:15:34,647 - isca - DEBUG - NOTE from PE    0: MPP_IO_SET_STACK_SIZE: stack size set to     131072.
2026-03-20 11:15:34,648 - isca - DEBUG - NOTE from PE    0: MPP_DOMAINS_SET_STACK_SIZE: stack size set to   600000.
2026-03-20 11:15:34,656 - isca - DEBUG - starting            1  OpenMP threads per MPI-task
2026-03-20 11:15:34,658 - isca - DEBUG - ATMOS MODEL DOMAIN DECOMPOSITION
2026-03-20 11:15:34,658 - isca - DEBUG - X-AXIS =  128
2026-03-20 11:15:34,658 - isca - DEBUG - Y-AXIS =    4   4   4   4   4   4   4   4   4   4   4   4   4   4   4   4
2026-03-20 11:15:34,713 - isca - DEBUG - NOTE from PE    0: cloud_simple: Using SimCloud cloud scheme
2026-03-20 11:15:34,714 - isca - DEBUG - NOTE from PE    0: ls_cloud: Using Sundqvist (1989) cloud fraction diagnostic formula.
2026-03-20 11:15:34,714 - isca - DEBUG - NOTE from PE    0: cloud_cover: The cloud overlap assumption is MAXIMUM-RANDOM
2026-03-20 11:15:34,714 - isca - DEBUG - NOTE from PE    0: idealized_moist_phys: Using Frierson Quasi-Equilibrium convection scheme.
2026-03-20 11:15:34,723 - isca - DEBUG - 
2026-03-20 11:15:34,723 - isca - WARNING - WARNING from PE    0: socrates_init: lw_hires_spectral_filename is unset, making equal to lw_spectral_filename
2026-03-20 11:15:34,723 - isca - DEBUG - 
2026-03-20 11:15:34,723 - isca - DEBUG - 
2026-03-20 11:15:34,723 - isca - WARNING - WARNING from PE    0: socrates_init: lw_hires_spectral_filename is unset, making equal to lw_spectral_filename
2026-03-20 11:15:34,724 - isca - DEBUG - 
2026-03-20 11:15:34,724 - isca - DEBUG - 
2026-03-20 11:15:34,724 - isca - WARNING - WARNING from PE    0: socrates_init: sw_hires_spectral_filename is unset, making equal to sw_spectral_filename
2026-03-20 11:15:34,724 - isca - DEBUG - 
2026-03-20 11:15:34,724 - isca - DEBUG - 
2026-03-20 11:15:34,724 - isca - WARNING - WARNING from PE    0: socrates_init: sw_hires_spectral_filename is unset, making equal to sw_spectral_filename
2026-03-20 11:15:34,724 - isca - DEBUG - 
2026-03-20 11:15:35,932 - isca - DEBUG - NOTE from PE    0: Interpolator: Using input file with no time dimension - ozone_1990_notime_zero.nc
2026-03-20 11:15:35,932 - isca - DEBUG - Initializing src field : ozone_1990
2026-03-20 11:15:35,934 - isca - DEBUG - 
2026-03-20 11:15:35,934 - isca - DEBUG - -----------------------------------
2026-03-20 11:15:35,934 - isca - DEBUG - ____                       _
2026-03-20 11:15:35,934 - isca - DEBUG - / ___|  ___   ___ _ __ __ _| |_ ___  ___
2026-03-20 11:15:35,934 - isca - DEBUG - \___ \ / _ \ / __|  __/ _` | __/ _ \/ __|
2026-03-20 11:15:35,934 - isca - DEBUG - ___) | (_) | (__| | | (_| | ||  __/\__ \
2026-03-20 11:15:35,934 - isca - DEBUG - |____/ \___/ \___|_|  \__,_|\__\___||___/
2026-03-20 11:15:35,935 - isca - DEBUG - 
2026-03-20 11:15:35,935 - isca - DEBUG - Initialised Socrates v17.03
2026-03-20 11:15:35,935 - isca - DEBUG - Stellar constant =    1840.00000000000
2026-03-20 11:15:35,935 - isca - DEBUG - Longwave spectral file =
2026-03-20 11:15:35,935 - isca - DEBUG - /proj/bolinc/users/x_ryabo/socrates_edited_for_isca/spectral_files_for_GCMs/Sun
2026-03-20 11:15:35,935 - isca - DEBUG - /miniSuran_lw.sf WITH           16  bands
2026-03-20 11:15:35,935 - isca - DEBUG - Longwave hires spectral file =
2026-03-20 11:15:35,935 - isca - DEBUG - /proj/bolinc/users/x_ryabo/socrates_edited_for_isca/spectral_files_for_GCMs/Sun
2026-03-20 11:15:35,935 - isca - DEBUG - /miniSuran_lw.sf WITH           16  bands
2026-03-20 11:15:35,935 - isca - DEBUG - Shortwave spectral file =
2026-03-20 11:15:35,935 - isca - DEBUG - /proj/bolinc/users/x_ryabo/socrates_edited_for_isca/spectral_files_for_GCMs/Sun
2026-03-20 11:15:35,935 - isca - DEBUG - /miniSuran_sw.sf WITH           16  bands
2026-03-20 11:15:35,935 - isca - DEBUG - Shortwave hires spectral file =
2026-03-20 11:15:35,935 - isca - DEBUG - /proj/bolinc/users/x_ryabo/socrates_edited_for_isca/spectral_files_for_GCMs/Sun
2026-03-20 11:15:35,935 - isca - DEBUG - /miniSuran_sw.sf WITH           16  bands
2026-03-20 11:15:35,935 - isca - DEBUG - 
2026-03-20 11:15:35,935 - isca - DEBUG - -----------------------------------
2026-03-20 11:15:35,935 - isca - DEBUG - 
2026-03-20 11:16:07,290 - isca - DEBUG - Integration completed through    4 Feb  2   0: 0: 0
2026-03-20 11:16:38,580 - isca - DEBUG - Integration completed through    4 Feb  3   0: 0: 0
2026-03-20 11:17:09,867 - isca - DEBUG - Integration completed through    4 Feb  4   0: 0: 0
2026-03-20 11:17:41,117 - isca - DEBUG - Integration completed through    4 Feb  5   0: 0: 0
2026-03-20 11:18:12,370 - isca - DEBUG - Integration completed through    4 Feb  6   0: 0: 0
2026-03-20 11:18:43,641 - isca - DEBUG - Integration completed through    4 Feb  7   0: 0: 0
2026-03-20 11:19:14,883 - isca - DEBUG - Integration completed through    4 Feb  8   0: 0: 0
2026-03-20 11:19:46,160 - isca - DEBUG - Integration completed through    4 Feb  9   0: 0: 0
2026-03-20 11:20:17,444 - isca - DEBUG - Integration completed through    4 Feb 10   0: 0: 0
2026-03-20 11:20:48,686 - isca - DEBUG - Integration completed through    4 Feb 11   0: 0: 0
2026-03-20 11:21:19,923 - isca - DEBUG - Integration completed through    4 Feb 12   0: 0: 0
2026-03-20 11:21:51,181 - isca - DEBUG - Integration completed through    4 Feb 13   0: 0: 0
2026-03-20 11:22:22,445 - isca - DEBUG - Integration completed through    4 Feb 14   0: 0: 0
2026-03-20 11:22:53,715 - isca - DEBUG - Integration completed through    4 Feb 15   0: 0: 0
2026-03-20 11:23:24,986 - isca - DEBUG - Integration completed through    4 Feb 16   0: 0: 0
2026-03-20 11:23:56,315 - isca - DEBUG - Integration completed through    4 Feb 17   0: 0: 0
2026-03-20 11:24:27,580 - isca - DEBUG - Integration completed through    4 Feb 18   0: 0: 0
2026-03-20 11:24:58,904 - isca - DEBUG - Integration completed through    4 Feb 19   0: 0: 0
2026-03-20 11:25:30,151 - isca - DEBUG - Integration completed through    4 Feb 20   0: 0: 0
2026-03-20 11:26:01,434 - isca - DEBUG - Integration completed through    4 Feb 21   0: 0: 0
2026-03-20 11:26:32,717 - isca - DEBUG - Integration completed through    4 Feb 22   0: 0: 0
2026-03-20 11:27:04,044 - isca - DEBUG - Integration completed through    4 Feb 23   0: 0: 0
2026-03-20 11:27:35,363 - isca - DEBUG - Integration completed through    4 Feb 24   0: 0: 0
2026-03-20 11:28:06,628 - isca - DEBUG - Integration completed through    4 Feb 25   0: 0: 0
2026-03-20 11:28:37,960 - isca - DEBUG - Integration completed through    4 Feb 26   0: 0: 0
2026-03-20 11:29:09,236 - isca - DEBUG - Integration completed through    4 Feb 27   0: 0: 0
2026-03-20 11:29:40,607 - isca - DEBUG - Integration completed through    4 Feb 28   0: 0: 0
2026-03-20 11:30:11,932 - isca - DEBUG - Integration completed through    4 Feb 29   0: 0: 0
2026-03-20 11:30:43,273 - isca - DEBUG - Integration completed through    4 Feb 30   0: 0: 0
2026-03-20 11:31:14,548 - isca - DEBUG - Integration completed through    4 Mar  1   0: 0: 0
2026-03-20 11:31:14,557 - isca - DEBUG - 
2026-03-20 11:31:14,557 - isca - WARNING - WARNING from PE    0: diag_util_mod::opening_file: module/field_name (socrates/soc_toa_sw_down_clr) NOT registered
2026-03-20 11:31:14,557 - isca - DEBUG - 
2026-03-20 11:31:14,557 - isca - DEBUG - 
2026-03-20 11:31:14,557 - isca - WARNING - WARNING from PE    0: diag_util_mod::opening_file: module/field_name (socrates/soc_toa_sw_down_clr) NOT registered
2026-03-20 11:31:14,557 - isca - DEBUG - 
2026-03-20 11:31:14,557 - isca - DEBUG - 
2026-03-20 11:31:14,558 - isca - WARNING - WARNING from PE    0: diag_util_mod::opening_file: module/field_name (cloud_simple/rh_min) NOT registered
2026-03-20 11:31:14,558 - isca - DEBUG - 
2026-03-20 11:31:14,558 - isca - DEBUG - 
2026-03-20 11:31:14,558 - isca - WARNING - WARNING from PE    0: diag_util_mod::opening_file: module/field_name (cloud_simple/rh_min) NOT registered
2026-03-20 11:31:14,558 - isca - DEBUG - 
2026-03-20 11:31:14,568 - isca - DEBUG - NOTE from PE    0: MPP_IO_SET_STACK_SIZE: stack size set to     393216.
2026-03-20 11:31:14,664 - isca - DEBUG - MPP_DOMAINS_STACK high water mark=       49152
2026-03-20 11:31:14,664 - isca - DEBUG - 
2026-03-20 11:31:14,664 - isca - DEBUG - Tabulating mpp_clock statistics across     16 PEs...
2026-03-20 11:31:14,664 - isca - DEBUG - 
2026-03-20 11:31:14,664 - isca - DEBUG - tmin          tmax          tavg          tstd  tfrac grain pemin pemax
2026-03-20 11:31:14,664 - isca - DEBUG - Total runtime                       940.016309    940.021610    940.018937      0.001270  1.000     0     0    15
2026-03-20 11:31:14,665 - isca - DEBUG - MPP_STACK high water mark=           0
2026-03-20 11:31:14,773 - isca - INFO - Run 38 complete
2026-03-20 11:31:15,671 - isca - DEBUG - atmos_monthly.nc combined and copied to data directory
2026-03-20 11:31:18,880 - isca - INFO - Restart archive created at /proj/bolinc/users/x_ryabo/Isca-Ryan_outputs/Earth_1840/restarts/res0038.tar.gz
2026-03-20 11:31:18,892 - isca - INFO - Writing namelist to '/proj/bolinc/users/x_ryabo/Isca-Ryan_outputs/Earth_1840/run0038/input.nml'
2026-03-20 11:31:18,894 - isca - INFO - Writing field_table to '/proj/bolinc/users/x_ryabo/Isca-Ryan_outputs/Earth_1840/run0038/field_table'
2026-03-20 11:31:18,905 - isca - INFO - Writing diag_table to '/proj/bolinc/users/x_ryabo/Isca-Ryan_outputs/Earth_1840/run0038/diag_table'
2026-03-20 11:31:19,263 - isca - INFO - Emptied run directory '/home/x_ryabo/Isca-Ryan_tmp/experiment/Earth_1840/run'
2026-03-20 11:31:19,283 - isca - INFO - Emptied run directory '/home/x_ryabo/Isca-Ryan_tmp/experiment/Earth_1840/run'
2026-03-20 11:31:19,610 - isca - INFO - Writing namelist to '/home/x_ryabo/Isca-Ryan_tmp/experiment/Earth_1840/run/input.nml'
2026-03-20 11:31:19,611 - isca - INFO - Writing field_table to '/home/x_ryabo/Isca-Ryan_tmp/experiment/Earth_1840/run/field_table'
2026-03-20 11:31:19,628 - isca - INFO - Writing diag_table to '/home/x_ryabo/Isca-Ryan_tmp/experiment/Earth_1840/run/diag_table'
2026-03-20 11:31:19,641 - isca - INFO - Using restart file '/proj/bolinc/users/x_ryabo/Isca-Ryan_outputs/Earth_1840/restarts/res0038.tar.gz'
2026-03-20 11:31:20,052 - isca - INFO - Restart /proj/bolinc/users/x_ryabo/Isca-Ryan_outputs/Earth_1840/restarts/res0038.tar.gz extracted to /home/x_ryabo/Isca-Ryan_tmp/experiment/Earth_1840/run/INPUT
2026-03-20 11:31:20,052 - isca - INFO - Beginning run 39
2026-03-20 11:31:20,063 - isca - INFO - process running as 2558134
2026-03-20 11:31:20,064 - isca - DEBUG - loadmodules for Isca on NSC cluster Tetralith
2026-03-20 11:31:20,064 - isca - DEBUG - mpiifort
2026-03-20 11:31:20,177 - isca - DEBUG - The following modules were not unloaded:
2026-03-20 11:31:20,177 - isca - DEBUG - (Use "module --force purge" to unload all):
2026-03-20 11:31:20,177 - isca - DEBUG - 
2026-03-20 11:31:20,177 - isca - DEBUG - 1) hpc/.1.10.1
2026-03-20 11:31:20,281 - isca - DEBUG - ***************************************************
2026-03-20 11:31:20,281 - isca - DEBUG - You have loaded a buildenv module
2026-03-20 11:31:20,281 - isca - DEBUG - ***************************************************
2026-03-20 11:31:20,281 - isca - DEBUG - The buldenv-intel module makes available:
2026-03-20 11:31:20,281 - isca - DEBUG - - Compilers: icc, ifort, etc.
2026-03-20 11:31:20,281 - isca - DEBUG - - Mpi library with mpi-wrapped compilers: intel mpi with mpicc, mpifort, etc.
2026-03-20 11:31:20,281 - isca - DEBUG - - Numerical libraries: intel MKL
2026-03-20 11:31:20,282 - isca - DEBUG - 
2026-03-20 11:31:20,282 - isca - DEBUG - It also makes a set of dependency library modules available via
2026-03-20 11:31:20,282 - isca - DEBUG - the regular module command. Just do:
2026-03-20 11:31:20,282 - isca - DEBUG - module avail
2026-03-20 11:31:20,282 - isca - DEBUG - to see what is available.
2026-03-20 11:31:20,282 - isca - DEBUG - 
2026-03-20 11:31:20,282 - isca - DEBUG - NOTE: You shoud never load build environments inside submitted jobs.
2026-03-20 11:31:20,282 - isca - DEBUG - (with the single exception of when using supercomputer time to compile code.)
2026-03-20 11:31:20,282 - isca - DEBUG - 
2026-03-20 11:31:22,710 - isca - DEBUG - NOTE from PE    0: MPP_DOMAINS_SET_STACK_SIZE: stack size set to    32768.
2026-03-20 11:31:22,711 - isca - DEBUG - &MPP_IO_NML
2026-03-20 11:31:22,711 - isca - DEBUG - HEADER_BUFFER_VAL       =       16384,
2026-03-20 11:31:22,711 - isca - DEBUG - GLOBAL_FIELD_ON_ROOT_PE = T,
2026-03-20 11:31:22,711 - isca - DEBUG - IO_CLOCKS_ON    = F,
2026-03-20 11:31:22,711 - isca - DEBUG - SHUFFLE =           0,
2026-03-20 11:31:22,711 - isca - DEBUG - DEFLATE_LEVEL   =          -1
2026-03-20 11:31:22,711 - isca - DEBUG - /
2026-03-20 11:31:22,712 - isca - DEBUG - NOTE from PE    0: MPP_IO_SET_STACK_SIZE: stack size set to     131072.
2026-03-20 11:31:22,713 - isca - DEBUG - NOTE from PE    0: MPP_DOMAINS_SET_STACK_SIZE: stack size set to   600000.
2026-03-20 11:31:22,720 - isca - DEBUG - starting            1  OpenMP threads per MPI-task
2026-03-20 11:31:22,722 - isca - DEBUG - ATMOS MODEL DOMAIN DECOMPOSITION
2026-03-20 11:31:22,723 - isca - DEBUG - X-AXIS =  128
2026-03-20 11:31:22,723 - isca - DEBUG - Y-AXIS =    4   4   4   4   4   4   4   4   4   4   4   4   4   4   4   4
2026-03-20 11:31:22,778 - isca - DEBUG - NOTE from PE    0: cloud_simple: Using SimCloud cloud scheme
2026-03-20 11:31:22,779 - isca - DEBUG - NOTE from PE    0: ls_cloud: Using Sundqvist (1989) cloud fraction diagnostic formula.
2026-03-20 11:31:22,780 - isca - DEBUG - NOTE from PE    0: cloud_cover: The cloud overlap assumption is MAXIMUM-RANDOM
2026-03-20 11:31:22,780 - isca - DEBUG - NOTE from PE    0: idealized_moist_phys: Using Frierson Quasi-Equilibrium convection scheme.
2026-03-20 11:31:22,789 - isca - DEBUG - 
2026-03-20 11:31:22,789 - isca - WARNING - WARNING from PE    0: socrates_init: lw_hires_spectral_filename is unset, making equal to lw_spectral_filename
2026-03-20 11:31:22,790 - isca - DEBUG - 
2026-03-20 11:31:22,790 - isca - DEBUG - 
2026-03-20 11:31:22,790 - isca - WARNING - WARNING from PE    0: socrates_init: lw_hires_spectral_filename is unset, making equal to lw_spectral_filename
2026-03-20 11:31:22,790 - isca - DEBUG - 
2026-03-20 11:31:22,790 - isca - DEBUG - 
2026-03-20 11:31:22,790 - isca - WARNING - WARNING from PE    0: socrates_init: sw_hires_spectral_filename is unset, making equal to sw_spectral_filename
2026-03-20 11:31:22,790 - isca - DEBUG - 
2026-03-20 11:31:22,790 - isca - DEBUG - 
2026-03-20 11:31:22,790 - isca - WARNING - WARNING from PE    0: socrates_init: sw_hires_spectral_filename is unset, making equal to sw_spectral_filename
2026-03-20 11:31:22,790 - isca - DEBUG - 
2026-03-20 11:31:23,998 - isca - DEBUG - NOTE from PE    0: Interpolator: Using input file with no time dimension - ozone_1990_notime_zero.nc
2026-03-20 11:31:23,998 - isca - DEBUG - Initializing src field : ozone_1990
2026-03-20 11:31:24,001 - isca - DEBUG - 
2026-03-20 11:31:24,001 - isca - DEBUG - -----------------------------------
2026-03-20 11:31:24,001 - isca - DEBUG - ____                       _
2026-03-20 11:31:24,001 - isca - DEBUG - / ___|  ___   ___ _ __ __ _| |_ ___  ___
2026-03-20 11:31:24,001 - isca - DEBUG - \___ \ / _ \ / __|  __/ _` | __/ _ \/ __|
2026-03-20 11:31:24,001 - isca - DEBUG - ___) | (_) | (__| | | (_| | ||  __/\__ \
2026-03-20 11:31:24,001 - isca - DEBUG - |____/ \___/ \___|_|  \__,_|\__\___||___/
2026-03-20 11:31:24,001 - isca - DEBUG - 
2026-03-20 11:31:24,001 - isca - DEBUG - Initialised Socrates v17.03
2026-03-20 11:31:24,001 - isca - DEBUG - Stellar constant =    1840.00000000000
2026-03-20 11:31:24,001 - isca - DEBUG - Longwave spectral file =
2026-03-20 11:31:24,001 - isca - DEBUG - /proj/bolinc/users/x_ryabo/socrates_edited_for_isca/spectral_files_for_GCMs/Sun
2026-03-20 11:31:24,001 - isca - DEBUG - /miniSuran_lw.sf WITH           16  bands
2026-03-20 11:31:24,001 - isca - DEBUG - Longwave hires spectral file =
2026-03-20 11:31:24,001 - isca - DEBUG - /proj/bolinc/users/x_ryabo/socrates_edited_for_isca/spectral_files_for_GCMs/Sun
2026-03-20 11:31:24,001 - isca - DEBUG - /miniSuran_lw.sf WITH           16  bands
2026-03-20 11:31:24,001 - isca - DEBUG - Shortwave spectral file =
2026-03-20 11:31:24,001 - isca - DEBUG - /proj/bolinc/users/x_ryabo/socrates_edited_for_isca/spectral_files_for_GCMs/Sun
2026-03-20 11:31:24,001 - isca - DEBUG - /miniSuran_sw.sf WITH           16  bands
2026-03-20 11:31:24,001 - isca - DEBUG - Shortwave hires spectral file =
2026-03-20 11:31:24,001 - isca - DEBUG - /proj/bolinc/users/x_ryabo/socrates_edited_for_isca/spectral_files_for_GCMs/Sun
2026-03-20 11:31:24,001 - isca - DEBUG - /miniSuran_sw.sf WITH           16  bands
2026-03-20 11:31:24,001 - isca - DEBUG - 
2026-03-20 11:31:24,001 - isca - DEBUG - -----------------------------------
2026-03-20 11:31:24,001 - isca - DEBUG - 
2026-03-20 11:31:55,341 - isca - DEBUG - Integration completed through    4 Mar  2   0: 0: 0
2026-03-20 11:32:26,674 - isca - DEBUG - Integration completed through    4 Mar  3   0: 0: 0
2026-03-20 11:32:57,974 - isca - DEBUG - Integration completed through    4 Mar  4   0: 0: 0
2026-03-20 11:33:29,336 - isca - DEBUG - Integration completed through    4 Mar  5   0: 0: 0
2026-03-20 11:34:00,642 - isca - DEBUG - Integration completed through    4 Mar  6   0: 0: 0
2026-03-20 11:34:31,965 - isca - DEBUG - Integration completed through    4 Mar  7   0: 0: 0
2026-03-20 11:35:03,194 - isca - DEBUG - Integration completed through    4 Mar  8   0: 0: 0
2026-03-20 11:35:34,407 - isca - DEBUG - Integration completed through    4 Mar  9   0: 0: 0
2026-03-20 11:36:05,629 - isca - DEBUG - Integration completed through    4 Mar 10   0: 0: 0
2026-03-20 11:36:36,873 - isca - DEBUG - Integration completed through    4 Mar 11   0: 0: 0
2026-03-20 11:37:08,143 - isca - DEBUG - Integration completed through    4 Mar 12   0: 0: 0
2026-03-20 11:37:39,389 - isca - DEBUG - Integration completed through    4 Mar 13   0: 0: 0
2026-03-20 11:38:10,620 - isca - DEBUG - Integration completed through    4 Mar 14   0: 0: 0
2026-03-20 11:38:41,916 - isca - DEBUG - Integration completed through    4 Mar 15   0: 0: 0
2026-03-20 11:39:13,227 - isca - DEBUG - Integration completed through    4 Mar 16   0: 0: 0
2026-03-20 11:39:44,538 - isca - DEBUG - Integration completed through    4 Mar 17   0: 0: 0
2026-03-20 11:40:15,816 - isca - DEBUG - Integration completed through    4 Mar 18   0: 0: 0
2026-03-20 11:40:47,110 - isca - DEBUG - Integration completed through    4 Mar 19   0: 0: 0
2026-03-20 11:41:18,394 - isca - DEBUG - Integration completed through    4 Mar 20   0: 0: 0
2026-03-20 11:41:49,679 - isca - DEBUG - Integration completed through    4 Mar 21   0: 0: 0
2026-03-20 11:42:20,996 - isca - DEBUG - Integration completed through    4 Mar 22   0: 0: 0
2026-03-20 11:42:52,327 - isca - DEBUG - Integration completed through    4 Mar 23   0: 0: 0
2026-03-20 11:43:23,634 - isca - DEBUG - Integration completed through    4 Mar 24   0: 0: 0
2026-03-20 11:43:54,923 - isca - DEBUG - Integration completed through    4 Mar 25   0: 0: 0
2026-03-20 11:44:26,236 - isca - DEBUG - Integration completed through    4 Mar 26   0: 0: 0
2026-03-20 11:44:57,541 - isca - DEBUG - Integration completed through    4 Mar 27   0: 0: 0
2026-03-20 11:45:28,883 - isca - DEBUG - Integration completed through    4 Mar 28   0: 0: 0
2026-03-20 11:46:00,173 - isca - DEBUG - Integration completed through    4 Mar 29   0: 0: 0
2026-03-20 11:46:31,504 - isca - DEBUG - Integration completed through    4 Mar 30   0: 0: 0
2026-03-20 11:47:02,818 - isca - DEBUG - Integration completed through    4 Apr  1   0: 0: 0
2026-03-20 11:47:02,827 - isca - DEBUG - 
2026-03-20 11:47:02,827 - isca - WARNING - WARNING from PE    0: diag_util_mod::opening_file: module/field_name (socrates/soc_toa_sw_down_clr) NOT registered
2026-03-20 11:47:02,827 - isca - DEBUG - 
2026-03-20 11:47:02,827 - isca - DEBUG - 
2026-03-20 11:47:02,827 - isca - WARNING - WARNING from PE    0: diag_util_mod::opening_file: module/field_name (socrates/soc_toa_sw_down_clr) NOT registered
2026-03-20 11:47:02,827 - isca - DEBUG - 
2026-03-20 11:47:02,827 - isca - DEBUG - 
2026-03-20 11:47:02,827 - isca - WARNING - WARNING from PE    0: diag_util_mod::opening_file: module/field_name (cloud_simple/rh_min) NOT registered
2026-03-20 11:47:02,827 - isca - DEBUG - 
2026-03-20 11:47:02,827 - isca - DEBUG - 
2026-03-20 11:47:02,827 - isca - WARNING - WARNING from PE    0: diag_util_mod::opening_file: module/field_name (cloud_simple/rh_min) NOT registered
2026-03-20 11:47:02,827 - isca - DEBUG - 
2026-03-20 11:47:02,838 - isca - DEBUG - NOTE from PE    0: MPP_IO_SET_STACK_SIZE: stack size set to     393216.
2026-03-20 11:47:02,943 - isca - DEBUG - MPP_DOMAINS_STACK high water mark=       49152
2026-03-20 11:47:02,943 - isca - DEBUG - 
2026-03-20 11:47:02,943 - isca - DEBUG - Tabulating mpp_clock statistics across     16 PEs...
2026-03-20 11:47:02,943 - isca - DEBUG - 
2026-03-20 11:47:02,943 - isca - DEBUG - tmin          tmax          tavg          tstd  tfrac grain pemin pemax
2026-03-20 11:47:02,944 - isca - DEBUG - Total runtime                       940.230415    940.236032    940.233342      0.001573  1.000     0     0    15
2026-03-20 11:47:02,944 - isca - DEBUG - MPP_STACK high water mark=           0
2026-03-20 11:47:03,000 - isca - INFO - Run 39 complete
2026-03-20 11:47:03,892 - isca - DEBUG - atmos_monthly.nc combined and copied to data directory
2026-03-20 11:47:07,096 - isca - INFO - Restart archive created at /proj/bolinc/users/x_ryabo/Isca-Ryan_outputs/Earth_1840/restarts/res0039.tar.gz
2026-03-20 11:47:07,108 - isca - INFO - Writing namelist to '/proj/bolinc/users/x_ryabo/Isca-Ryan_outputs/Earth_1840/run0039/input.nml'
2026-03-20 11:47:07,110 - isca - INFO - Writing field_table to '/proj/bolinc/users/x_ryabo/Isca-Ryan_outputs/Earth_1840/run0039/field_table'
2026-03-20 11:47:07,121 - isca - INFO - Writing diag_table to '/proj/bolinc/users/x_ryabo/Isca-Ryan_outputs/Earth_1840/run0039/diag_table'
2026-03-20 11:47:07,479 - isca - INFO - Emptied run directory '/home/x_ryabo/Isca-Ryan_tmp/experiment/Earth_1840/run'
2026-03-20 11:47:07,499 - isca - INFO - Emptied run directory '/home/x_ryabo/Isca-Ryan_tmp/experiment/Earth_1840/run'
2026-03-20 11:47:07,824 - isca - INFO - Writing namelist to '/home/x_ryabo/Isca-Ryan_tmp/experiment/Earth_1840/run/input.nml'
2026-03-20 11:47:07,825 - isca - INFO - Writing field_table to '/home/x_ryabo/Isca-Ryan_tmp/experiment/Earth_1840/run/field_table'
2026-03-20 11:47:07,838 - isca - INFO - Writing diag_table to '/home/x_ryabo/Isca-Ryan_tmp/experiment/Earth_1840/run/diag_table'
2026-03-20 11:47:07,851 - isca - INFO - Using restart file '/proj/bolinc/users/x_ryabo/Isca-Ryan_outputs/Earth_1840/restarts/res0039.tar.gz'
2026-03-20 11:47:08,261 - isca - INFO - Restart /proj/bolinc/users/x_ryabo/Isca-Ryan_outputs/Earth_1840/restarts/res0039.tar.gz extracted to /home/x_ryabo/Isca-Ryan_tmp/experiment/Earth_1840/run/INPUT
2026-03-20 11:47:08,262 - isca - INFO - Beginning run 40
2026-03-20 11:47:08,278 - isca - DEBUG - loadmodules for Isca on NSC cluster Tetralith
2026-03-20 11:47:08,278 - isca - INFO - process running as 2559045
2026-03-20 11:47:08,278 - isca - DEBUG - mpiifort
2026-03-20 11:47:08,387 - isca - DEBUG - The following modules were not unloaded:
2026-03-20 11:47:08,387 - isca - DEBUG - (Use "module --force purge" to unload all):
2026-03-20 11:47:08,388 - isca - DEBUG - 
2026-03-20 11:47:08,388 - isca - DEBUG - 1) hpc/.1.10.1
2026-03-20 11:47:08,490 - isca - DEBUG - ***************************************************
2026-03-20 11:47:08,490 - isca - DEBUG - You have loaded a buildenv module
2026-03-20 11:47:08,490 - isca - DEBUG - ***************************************************
2026-03-20 11:47:08,490 - isca - DEBUG - The buldenv-intel module makes available:
2026-03-20 11:47:08,490 - isca - DEBUG - - Compilers: icc, ifort, etc.
2026-03-20 11:47:08,490 - isca - DEBUG - - Mpi library with mpi-wrapped compilers: intel mpi with mpicc, mpifort, etc.
2026-03-20 11:47:08,490 - isca - DEBUG - - Numerical libraries: intel MKL
2026-03-20 11:47:08,490 - isca - DEBUG - 
2026-03-20 11:47:08,490 - isca - DEBUG - It also makes a set of dependency library modules available via
2026-03-20 11:47:08,490 - isca - DEBUG - the regular module command. Just do:
2026-03-20 11:47:08,490 - isca - DEBUG - module avail
2026-03-20 11:47:08,490 - isca - DEBUG - to see what is available.
2026-03-20 11:47:08,490 - isca - DEBUG - 
2026-03-20 11:47:08,490 - isca - DEBUG - NOTE: You shoud never load build environments inside submitted jobs.
2026-03-20 11:47:08,490 - isca - DEBUG - (with the single exception of when using supercomputer time to compile code.)
2026-03-20 11:47:08,490 - isca - DEBUG - 
2026-03-20 11:47:09,616 - isca - DEBUG - NOTE from PE    0: MPP_DOMAINS_SET_STACK_SIZE: stack size set to    32768.
2026-03-20 11:47:09,616 - isca - DEBUG - &MPP_IO_NML
2026-03-20 11:47:09,616 - isca - DEBUG - HEADER_BUFFER_VAL       =       16384,
2026-03-20 11:47:09,616 - isca - DEBUG - GLOBAL_FIELD_ON_ROOT_PE = T,
2026-03-20 11:47:09,616 - isca - DEBUG - IO_CLOCKS_ON    = F,
2026-03-20 11:47:09,616 - isca - DEBUG - SHUFFLE =           0,
2026-03-20 11:47:09,616 - isca - DEBUG - DEFLATE_LEVEL   =          -1
2026-03-20 11:47:09,616 - isca - DEBUG - /
2026-03-20 11:47:09,618 - isca - DEBUG - NOTE from PE    0: MPP_IO_SET_STACK_SIZE: stack size set to     131072.
2026-03-20 11:47:09,619 - isca - DEBUG - NOTE from PE    0: MPP_DOMAINS_SET_STACK_SIZE: stack size set to   600000.
2026-03-20 11:47:09,626 - isca - DEBUG - starting            1  OpenMP threads per MPI-task
2026-03-20 11:47:09,628 - isca - DEBUG - ATMOS MODEL DOMAIN DECOMPOSITION
2026-03-20 11:47:09,628 - isca - DEBUG - X-AXIS =  128
2026-03-20 11:47:09,628 - isca - DEBUG - Y-AXIS =    4   4   4   4   4   4   4   4   4   4   4   4   4   4   4   4
2026-03-20 11:47:09,686 - isca - DEBUG - NOTE from PE    0: cloud_simple: Using SimCloud cloud scheme
2026-03-20 11:47:09,688 - isca - DEBUG - NOTE from PE    0: ls_cloud: Using Sundqvist (1989) cloud fraction diagnostic formula.
2026-03-20 11:47:09,688 - isca - DEBUG - NOTE from PE    0: cloud_cover: The cloud overlap assumption is MAXIMUM-RANDOM
2026-03-20 11:47:09,688 - isca - DEBUG - NOTE from PE    0: idealized_moist_phys: Using Frierson Quasi-Equilibrium convection scheme.
2026-03-20 11:47:09,697 - isca - DEBUG - 
2026-03-20 11:47:09,697 - isca - WARNING - WARNING from PE    0: socrates_init: lw_hires_spectral_filename is unset, making equal to lw_spectral_filename
2026-03-20 11:47:09,697 - isca - DEBUG - 
2026-03-20 11:47:09,698 - isca - DEBUG - 
2026-03-20 11:47:09,698 - isca - WARNING - WARNING from PE    0: socrates_init: lw_hires_spectral_filename is unset, making equal to lw_spectral_filename
2026-03-20 11:47:09,698 - isca - DEBUG - 
2026-03-20 11:47:09,698 - isca - DEBUG - 
2026-03-20 11:47:09,698 - isca - WARNING - WARNING from PE    0: socrates_init: sw_hires_spectral_filename is unset, making equal to sw_spectral_filename
2026-03-20 11:47:09,698 - isca - DEBUG - 
2026-03-20 11:47:09,698 - isca - DEBUG - 
2026-03-20 11:47:09,698 - isca - WARNING - WARNING from PE    0: socrates_init: sw_hires_spectral_filename is unset, making equal to sw_spectral_filename
2026-03-20 11:47:09,698 - isca - DEBUG - 
2026-03-20 11:47:10,915 - isca - DEBUG - NOTE from PE    0: Interpolator: Using input file with no time dimension - ozone_1990_notime_zero.nc
2026-03-20 11:47:10,915 - isca - DEBUG - Initializing src field : ozone_1990
2026-03-20 11:47:10,917 - isca - DEBUG - 
2026-03-20 11:47:10,917 - isca - DEBUG - -----------------------------------
2026-03-20 11:47:10,917 - isca - DEBUG - ____                       _
2026-03-20 11:47:10,917 - isca - DEBUG - / ___|  ___   ___ _ __ __ _| |_ ___  ___
2026-03-20 11:47:10,917 - isca - DEBUG - \___ \ / _ \ / __|  __/ _` | __/ _ \/ __|
2026-03-20 11:47:10,917 - isca - DEBUG - ___) | (_) | (__| | | (_| | ||  __/\__ \
2026-03-20 11:47:10,917 - isca - DEBUG - |____/ \___/ \___|_|  \__,_|\__\___||___/
2026-03-20 11:47:10,917 - isca - DEBUG - 
2026-03-20 11:47:10,917 - isca - DEBUG - Initialised Socrates v17.03
2026-03-20 11:47:10,918 - isca - DEBUG - Stellar constant =    1840.00000000000
2026-03-20 11:47:10,918 - isca - DEBUG - Longwave spectral file =
2026-03-20 11:47:10,918 - isca - DEBUG - /proj/bolinc/users/x_ryabo/socrates_edited_for_isca/spectral_files_for_GCMs/Sun
2026-03-20 11:47:10,918 - isca - DEBUG - /miniSuran_lw.sf WITH           16  bands
2026-03-20 11:47:10,918 - isca - DEBUG - Longwave hires spectral file =
2026-03-20 11:47:10,918 - isca - DEBUG - /proj/bolinc/users/x_ryabo/socrates_edited_for_isca/spectral_files_for_GCMs/Sun
2026-03-20 11:47:10,918 - isca - DEBUG - /miniSuran_lw.sf WITH           16  bands
2026-03-20 11:47:10,918 - isca - DEBUG - Shortwave spectral file =
2026-03-20 11:47:10,918 - isca - DEBUG - /proj/bolinc/users/x_ryabo/socrates_edited_for_isca/spectral_files_for_GCMs/Sun
2026-03-20 11:47:10,918 - isca - DEBUG - /miniSuran_sw.sf WITH           16  bands
2026-03-20 11:47:10,918 - isca - DEBUG - Shortwave hires spectral file =
2026-03-20 11:47:10,918 - isca - DEBUG - /proj/bolinc/users/x_ryabo/socrates_edited_for_isca/spectral_files_for_GCMs/Sun
2026-03-20 11:47:10,918 - isca - DEBUG - /miniSuran_sw.sf WITH           16  bands
2026-03-20 11:47:10,918 - isca - DEBUG - 
2026-03-20 11:47:10,918 - isca - DEBUG - -----------------------------------
2026-03-20 11:47:10,918 - isca - DEBUG - 
2026-03-20 11:47:42,354 - isca - DEBUG - Integration completed through    4 Apr  2   0: 0: 0
2026-03-20 11:48:13,742 - isca - DEBUG - Integration completed through    4 Apr  3   0: 0: 0
2026-03-20 11:48:45,081 - isca - DEBUG - Integration completed through    4 Apr  4   0: 0: 0
2026-03-20 11:49:16,397 - isca - DEBUG - Integration completed through    4 Apr  5   0: 0: 0
2026-03-20 11:49:47,744 - isca - DEBUG - Integration completed through    4 Apr  6   0: 0: 0
2026-03-20 11:50:19,086 - isca - DEBUG - Integration completed through    4 Apr  7   0: 0: 0
2026-03-20 11:50:50,425 - isca - DEBUG - Integration completed through    4 Apr  8   0: 0: 0
2026-03-20 11:51:21,752 - isca - DEBUG - Integration completed through    4 Apr  9   0: 0: 0
2026-03-20 11:51:53,060 - isca - DEBUG - Integration completed through    4 Apr 10   0: 0: 0
2026-03-20 11:52:24,398 - isca - DEBUG - Integration completed through    4 Apr 11   0: 0: 0
2026-03-20 11:52:55,680 - isca - DEBUG - Integration completed through    4 Apr 12   0: 0: 0
2026-03-20 11:53:27,015 - isca - DEBUG - Integration completed through    4 Apr 13   0: 0: 0
2026-03-20 11:53:58,332 - isca - DEBUG - Integration completed through    4 Apr 14   0: 0: 0
2026-03-20 11:54:29,697 - isca - DEBUG - Integration completed through    4 Apr 15   0: 0: 0
2026-03-20 11:55:01,073 - isca - DEBUG - Integration completed through    4 Apr 16   0: 0: 0
2026-03-20 11:55:32,488 - isca - DEBUG - Integration completed through    4 Apr 17   0: 0: 0
2026-03-20 11:56:03,873 - isca - DEBUG - Integration completed through    4 Apr 18   0: 0: 0
2026-03-20 11:56:35,311 - isca - DEBUG - Integration completed through    4 Apr 19   0: 0: 0
2026-03-20 11:57:06,716 - isca - DEBUG - Integration completed through    4 Apr 20   0: 0: 0
2026-03-20 11:57:38,113 - isca - DEBUG - Integration completed through    4 Apr 21   0: 0: 0
2026-03-20 11:58:09,566 - isca - DEBUG - Integration completed through    4 Apr 22   0: 0: 0
2026-03-20 11:58:41,010 - isca - DEBUG - Integration completed through    4 Apr 23   0: 0: 0
2026-03-20 11:59:12,442 - isca - DEBUG - Integration completed through    4 Apr 24   0: 0: 0
2026-03-20 11:59:43,869 - isca - DEBUG - Integration completed through    4 Apr 25   0: 0: 0
2026-03-20 12:00:15,335 - isca - DEBUG - Integration completed through    4 Apr 26   0: 0: 0
2026-03-20 12:00:46,760 - isca - DEBUG - Integration completed through    4 Apr 27   0: 0: 0
2026-03-20 12:01:18,231 - isca - DEBUG - Integration completed through    4 Apr 28   0: 0: 0
2026-03-20 12:01:49,718 - isca - DEBUG - Integration completed through    4 Apr 29   0: 0: 0
2026-03-20 12:02:21,242 - isca - DEBUG - Integration completed through    4 Apr 30   0: 0: 0
2026-03-20 12:02:52,694 - isca - DEBUG - Integration completed through    4 May  1   0: 0: 0
2026-03-20 12:02:52,908 - isca - DEBUG - 
2026-03-20 12:02:52,909 - isca - WARNING - WARNING from PE    0: diag_util_mod::opening_file: module/field_name (socrates/soc_toa_sw_down_clr) NOT registered
2026-03-20 12:02:52,909 - isca - DEBUG - 
2026-03-20 12:02:52,909 - isca - DEBUG - 
2026-03-20 12:02:52,909 - isca - WARNING - WARNING from PE    0: diag_util_mod::opening_file: module/field_name (socrates/soc_toa_sw_down_clr) NOT registered
2026-03-20 12:02:52,909 - isca - DEBUG - 
2026-03-20 12:02:52,909 - isca - DEBUG - 
2026-03-20 12:02:52,909 - isca - WARNING - WARNING from PE    0: diag_util_mod::opening_file: module/field_name (cloud_simple/rh_min) NOT registered
2026-03-20 12:02:52,909 - isca - DEBUG - 
2026-03-20 12:02:52,909 - isca - DEBUG - 
2026-03-20 12:02:52,909 - isca - WARNING - WARNING from PE    0: diag_util_mod::opening_file: module/field_name (cloud_simple/rh_min) NOT registered
2026-03-20 12:02:52,909 - isca - DEBUG - 
2026-03-20 12:02:52,920 - isca - DEBUG - NOTE from PE    0: MPP_IO_SET_STACK_SIZE: stack size set to     393216.
2026-03-20 12:02:53,017 - isca - DEBUG - MPP_DOMAINS_STACK high water mark=       49152
2026-03-20 12:02:53,017 - isca - DEBUG - 
2026-03-20 12:02:53,017 - isca - DEBUG - Tabulating mpp_clock statistics across     16 PEs...
2026-03-20 12:02:53,017 - isca - DEBUG - 
2026-03-20 12:02:53,017 - isca - DEBUG - tmin          tmax          tavg          tstd  tfrac grain pemin pemax
2026-03-20 12:02:53,017 - isca - DEBUG - Total runtime                       943.399124    943.404406    943.401659      0.001339  1.000     0     0    15
2026-03-20 12:02:53,017 - isca - DEBUG - MPP_STACK high water mark=           0
2026-03-20 12:02:53,093 - isca - INFO - Run 40 complete
2026-03-20 12:02:54,039 - isca - DEBUG - atmos_monthly.nc combined and copied to data directory
2026-03-20 12:02:57,251 - isca - INFO - Restart archive created at /proj/bolinc/users/x_ryabo/Isca-Ryan_outputs/Earth_1840/restarts/res0040.tar.gz
2026-03-20 12:02:57,263 - isca - INFO - Writing namelist to '/proj/bolinc/users/x_ryabo/Isca-Ryan_outputs/Earth_1840/run0040/input.nml'
2026-03-20 12:02:57,265 - isca - INFO - Writing field_table to '/proj/bolinc/users/x_ryabo/Isca-Ryan_outputs/Earth_1840/run0040/field_table'
2026-03-20 12:02:57,276 - isca - INFO - Writing diag_table to '/proj/bolinc/users/x_ryabo/Isca-Ryan_outputs/Earth_1840/run0040/diag_table'
2026-03-20 12:02:57,653 - isca - INFO - Emptied run directory '/home/x_ryabo/Isca-Ryan_tmp/experiment/Earth_1840/run'
2026-03-20 12:02:57,674 - isca - INFO - Emptied run directory '/home/x_ryabo/Isca-Ryan_tmp/experiment/Earth_1840/run'
2026-03-20 12:02:58,003 - isca - INFO - Writing namelist to '/home/x_ryabo/Isca-Ryan_tmp/experiment/Earth_1840/run/input.nml'
2026-03-20 12:02:58,005 - isca - INFO - Writing field_table to '/home/x_ryabo/Isca-Ryan_tmp/experiment/Earth_1840/run/field_table'
2026-03-20 12:02:58,016 - isca - INFO - Writing diag_table to '/home/x_ryabo/Isca-Ryan_tmp/experiment/Earth_1840/run/diag_table'
2026-03-20 12:02:58,029 - isca - INFO - Using restart file '/proj/bolinc/users/x_ryabo/Isca-Ryan_outputs/Earth_1840/restarts/res0040.tar.gz'
2026-03-20 12:02:58,439 - isca - INFO - Restart /proj/bolinc/users/x_ryabo/Isca-Ryan_outputs/Earth_1840/restarts/res0040.tar.gz extracted to /home/x_ryabo/Isca-Ryan_tmp/experiment/Earth_1840/run/INPUT
2026-03-20 12:02:58,440 - isca - INFO - Beginning run 41
2026-03-20 12:02:58,451 - isca - INFO - process running as 2560116
2026-03-20 12:02:58,451 - isca - DEBUG - loadmodules for Isca on NSC cluster Tetralith
2026-03-20 12:02:58,452 - isca - DEBUG - mpiifort
2026-03-20 12:02:58,564 - isca - DEBUG - The following modules were not unloaded:
2026-03-20 12:02:58,564 - isca - DEBUG - (Use "module --force purge" to unload all):
2026-03-20 12:02:58,565 - isca - DEBUG - 
2026-03-20 12:02:58,565 - isca - DEBUG - 1) hpc/.1.10.1
2026-03-20 12:02:58,668 - isca - DEBUG - ***************************************************
2026-03-20 12:02:58,668 - isca - DEBUG - You have loaded a buildenv module
2026-03-20 12:02:58,668 - isca - DEBUG - ***************************************************
2026-03-20 12:02:58,668 - isca - DEBUG - The buldenv-intel module makes available:
2026-03-20 12:02:58,668 - isca - DEBUG - - Compilers: icc, ifort, etc.
2026-03-20 12:02:58,668 - isca - DEBUG - - Mpi library with mpi-wrapped compilers: intel mpi with mpicc, mpifort, etc.
2026-03-20 12:02:58,668 - isca - DEBUG - - Numerical libraries: intel MKL
2026-03-20 12:02:58,668 - isca - DEBUG - 
2026-03-20 12:02:58,669 - isca - DEBUG - It also makes a set of dependency library modules available via
2026-03-20 12:02:58,669 - isca - DEBUG - the regular module command. Just do:
2026-03-20 12:02:58,669 - isca - DEBUG - module avail
2026-03-20 12:02:58,669 - isca - DEBUG - to see what is available.
2026-03-20 12:02:58,669 - isca - DEBUG - 
2026-03-20 12:02:58,669 - isca - DEBUG - NOTE: You shoud never load build environments inside submitted jobs.
2026-03-20 12:02:58,669 - isca - DEBUG - (with the single exception of when using supercomputer time to compile code.)
2026-03-20 12:02:58,669 - isca - DEBUG - 
2026-03-20 12:03:04,802 - isca - DEBUG - NOTE from PE    0: MPP_DOMAINS_SET_STACK_SIZE: stack size set to    32768.
2026-03-20 12:03:04,803 - isca - DEBUG - &MPP_IO_NML
2026-03-20 12:03:04,803 - isca - DEBUG - HEADER_BUFFER_VAL       =       16384,
2026-03-20 12:03:04,803 - isca - DEBUG - GLOBAL_FIELD_ON_ROOT_PE = T,
2026-03-20 12:03:04,803 - isca - DEBUG - IO_CLOCKS_ON    = F,
2026-03-20 12:03:04,803 - isca - DEBUG - SHUFFLE =           0,
2026-03-20 12:03:04,803 - isca - DEBUG - DEFLATE_LEVEL   =          -1
2026-03-20 12:03:04,803 - isca - DEBUG - /
2026-03-20 12:03:04,804 - isca - DEBUG - NOTE from PE    0: MPP_IO_SET_STACK_SIZE: stack size set to     131072.
2026-03-20 12:03:04,805 - isca - DEBUG - NOTE from PE    0: MPP_DOMAINS_SET_STACK_SIZE: stack size set to   600000.
2026-03-20 12:03:04,813 - isca - DEBUG - starting            1  OpenMP threads per MPI-task
2026-03-20 12:03:04,815 - isca - DEBUG - ATMOS MODEL DOMAIN DECOMPOSITION
2026-03-20 12:03:04,815 - isca - DEBUG - X-AXIS =  128
2026-03-20 12:03:04,815 - isca - DEBUG - Y-AXIS =    4   4   4   4   4   4   4   4   4   4   4   4   4   4   4   4
2026-03-20 12:03:04,874 - isca - DEBUG - NOTE from PE    0: cloud_simple: Using SimCloud cloud scheme
2026-03-20 12:03:04,875 - isca - DEBUG - NOTE from PE    0: ls_cloud: Using Sundqvist (1989) cloud fraction diagnostic formula.
2026-03-20 12:03:04,876 - isca - DEBUG - NOTE from PE    0: cloud_cover: The cloud overlap assumption is MAXIMUM-RANDOM
2026-03-20 12:03:04,876 - isca - DEBUG - NOTE from PE    0: idealized_moist_phys: Using Frierson Quasi-Equilibrium convection scheme.
2026-03-20 12:03:04,885 - isca - DEBUG - 
2026-03-20 12:03:04,886 - isca - WARNING - WARNING from PE    0: socrates_init: lw_hires_spectral_filename is unset, making equal to lw_spectral_filename
2026-03-20 12:03:04,886 - isca - DEBUG - 
2026-03-20 12:03:04,886 - isca - DEBUG - 
2026-03-20 12:03:04,886 - isca - WARNING - WARNING from PE    0: socrates_init: lw_hires_spectral_filename is unset, making equal to lw_spectral_filename
2026-03-20 12:03:04,886 - isca - DEBUG - 
2026-03-20 12:03:04,886 - isca - DEBUG - 
2026-03-20 12:03:04,886 - isca - WARNING - WARNING from PE    0: socrates_init: sw_hires_spectral_filename is unset, making equal to sw_spectral_filename
2026-03-20 12:03:04,886 - isca - DEBUG - 
2026-03-20 12:03:04,886 - isca - DEBUG - 
2026-03-20 12:03:04,886 - isca - WARNING - WARNING from PE    0: socrates_init: sw_hires_spectral_filename is unset, making equal to sw_spectral_filename
2026-03-20 12:03:04,886 - isca - DEBUG - 
2026-03-20 12:03:06,105 - isca - DEBUG - NOTE from PE    0: Interpolator: Using input file with no time dimension - ozone_1990_notime_zero.nc
2026-03-20 12:03:06,105 - isca - DEBUG - Initializing src field : ozone_1990
2026-03-20 12:03:06,108 - isca - DEBUG - 
2026-03-20 12:03:06,108 - isca - DEBUG - -----------------------------------
2026-03-20 12:03:06,108 - isca - DEBUG - ____                       _
2026-03-20 12:03:06,108 - isca - DEBUG - / ___|  ___   ___ _ __ __ _| |_ ___  ___
2026-03-20 12:03:06,108 - isca - DEBUG - \___ \ / _ \ / __|  __/ _` | __/ _ \/ __|
2026-03-20 12:03:06,108 - isca - DEBUG - ___) | (_) | (__| | | (_| | ||  __/\__ \
2026-03-20 12:03:06,108 - isca - DEBUG - |____/ \___/ \___|_|  \__,_|\__\___||___/
2026-03-20 12:03:06,108 - isca - DEBUG - 
2026-03-20 12:03:06,108 - isca - DEBUG - Initialised Socrates v17.03
2026-03-20 12:03:06,108 - isca - DEBUG - Stellar constant =    1840.00000000000
2026-03-20 12:03:06,108 - isca - DEBUG - Longwave spectral file =
2026-03-20 12:03:06,108 - isca - DEBUG - /proj/bolinc/users/x_ryabo/socrates_edited_for_isca/spectral_files_for_GCMs/Sun
2026-03-20 12:03:06,108 - isca - DEBUG - /miniSuran_lw.sf WITH           16  bands
2026-03-20 12:03:06,108 - isca - DEBUG - Longwave hires spectral file =
2026-03-20 12:03:06,108 - isca - DEBUG - /proj/bolinc/users/x_ryabo/socrates_edited_for_isca/spectral_files_for_GCMs/Sun
2026-03-20 12:03:06,108 - isca - DEBUG - /miniSuran_lw.sf WITH           16  bands
2026-03-20 12:03:06,108 - isca - DEBUG - Shortwave spectral file =
2026-03-20 12:03:06,108 - isca - DEBUG - /proj/bolinc/users/x_ryabo/socrates_edited_for_isca/spectral_files_for_GCMs/Sun
2026-03-20 12:03:06,108 - isca - DEBUG - /miniSuran_sw.sf WITH           16  bands
2026-03-20 12:03:06,108 - isca - DEBUG - Shortwave hires spectral file =
2026-03-20 12:03:06,109 - isca - DEBUG - /proj/bolinc/users/x_ryabo/socrates_edited_for_isca/spectral_files_for_GCMs/Sun
2026-03-20 12:03:06,109 - isca - DEBUG - /miniSuran_sw.sf WITH           16  bands
2026-03-20 12:03:06,109 - isca - DEBUG - 
2026-03-20 12:03:06,109 - isca - DEBUG - -----------------------------------
2026-03-20 12:03:06,109 - isca - DEBUG - 
2026-03-20 12:03:37,712 - isca - DEBUG - Integration completed through    4 May  2   0: 0: 0
2026-03-20 12:04:09,256 - isca - DEBUG - Integration completed through    4 May  3   0: 0: 0
2026-03-20 12:04:40,748 - isca - DEBUG - Integration completed through    4 May  4   0: 0: 0
2026-03-20 12:05:12,287 - isca - DEBUG - Integration completed through    4 May  5   0: 0: 0
2026-03-20 12:05:43,827 - isca - DEBUG - Integration completed through    4 May  6   0: 0: 0
2026-03-20 12:06:15,420 - isca - DEBUG - Integration completed through    4 May  7   0: 0: 0
2026-03-20 12:06:47,016 - isca - DEBUG - Integration completed through    4 May  8   0: 0: 0
2026-03-20 12:07:18,606 - isca - DEBUG - Integration completed through    4 May  9   0: 0: 0
2026-03-20 12:07:50,159 - isca - DEBUG - Integration completed through    4 May 10   0: 0: 0
2026-03-20 12:08:21,700 - isca - DEBUG - Integration completed through    4 May 11   0: 0: 0
2026-03-20 12:08:53,313 - isca - DEBUG - Integration completed through    4 May 12   0: 0: 0
2026-03-20 12:09:24,982 - isca - DEBUG - Integration completed through    4 May 13   0: 0: 0
2026-03-20 12:09:56,600 - isca - DEBUG - Integration completed through    4 May 14   0: 0: 0
2026-03-20 12:10:28,170 - isca - DEBUG - Integration completed through    4 May 15   0: 0: 0
2026-03-20 12:10:59,729 - isca - DEBUG - Integration completed through    4 May 16   0: 0: 0
2026-03-20 12:11:31,296 - isca - DEBUG - Integration completed through    4 May 17   0: 0: 0
2026-03-20 12:12:02,789 - isca - DEBUG - Integration completed through    4 May 18   0: 0: 0
2026-03-20 12:12:34,393 - isca - DEBUG - Integration completed through    4 May 19   0: 0: 0
2026-03-20 12:13:05,883 - isca - DEBUG - Integration completed through    4 May 20   0: 0: 0
2026-03-20 12:13:37,371 - isca - DEBUG - Integration completed through    4 May 21   0: 0: 0
2026-03-20 12:14:08,942 - isca - DEBUG - Integration completed through    4 May 22   0: 0: 0
2026-03-20 12:14:40,432 - isca - DEBUG - Integration completed through    4 May 23   0: 0: 0
2026-03-20 12:15:11,963 - isca - DEBUG - Integration completed through    4 May 24   0: 0: 0
2026-03-20 12:15:43,510 - isca - DEBUG - Integration completed through    4 May 25   0: 0: 0
2026-03-20 12:16:15,066 - isca - DEBUG - Integration completed through    4 May 26   0: 0: 0
2026-03-20 12:16:46,628 - isca - DEBUG - Integration completed through    4 May 27   0: 0: 0
2026-03-20 12:17:18,208 - isca - DEBUG - Integration completed through    4 May 28   0: 0: 0
2026-03-20 12:17:49,780 - isca - DEBUG - Integration completed through    4 May 29   0: 0: 0
2026-03-20 12:18:21,374 - isca - DEBUG - Integration completed through    4 May 30   0: 0: 0
2026-03-20 12:18:52,938 - isca - DEBUG - Integration completed through    4 Jun  1   0: 0: 0
2026-03-20 12:18:52,949 - isca - DEBUG - 
2026-03-20 12:18:52,949 - isca - WARNING - WARNING from PE    0: diag_util_mod::opening_file: module/field_name (socrates/soc_toa_sw_down_clr) NOT registered
2026-03-20 12:18:52,949 - isca - DEBUG - 
2026-03-20 12:18:52,949 - isca - DEBUG - 
2026-03-20 12:18:52,949 - isca - WARNING - WARNING from PE    0: diag_util_mod::opening_file: module/field_name (socrates/soc_toa_sw_down_clr) NOT registered
2026-03-20 12:18:52,949 - isca - DEBUG - 
2026-03-20 12:18:52,950 - isca - DEBUG - 
2026-03-20 12:18:52,950 - isca - WARNING - WARNING from PE    0: diag_util_mod::opening_file: module/field_name (cloud_simple/rh_min) NOT registered
2026-03-20 12:18:52,950 - isca - DEBUG - 
2026-03-20 12:18:52,950 - isca - DEBUG - 
2026-03-20 12:18:52,950 - isca - WARNING - WARNING from PE    0: diag_util_mod::opening_file: module/field_name (cloud_simple/rh_min) NOT registered
2026-03-20 12:18:52,950 - isca - DEBUG - 
2026-03-20 12:18:52,961 - isca - DEBUG - NOTE from PE    0: MPP_IO_SET_STACK_SIZE: stack size set to     393216.
2026-03-20 12:18:53,092 - isca - DEBUG - MPP_DOMAINS_STACK high water mark=       49152
2026-03-20 12:18:53,092 - isca - DEBUG - 
2026-03-20 12:18:53,092 - isca - DEBUG - Tabulating mpp_clock statistics across     16 PEs...
2026-03-20 12:18:53,092 - isca - DEBUG - 
2026-03-20 12:18:53,092 - isca - DEBUG - tmin          tmax          tavg          tstd  tfrac grain pemin pemax
2026-03-20 12:18:53,092 - isca - DEBUG - Total runtime                       948.288636    948.293715    948.290879      0.001394  1.000     0     0    15
2026-03-20 12:18:53,093 - isca - DEBUG - MPP_STACK high water mark=           0
2026-03-20 12:18:53,190 - isca - INFO - Run 41 complete
2026-03-20 12:18:54,199 - isca - DEBUG - atmos_monthly.nc combined and copied to data directory
2026-03-20 12:18:57,417 - isca - INFO - Restart archive created at /proj/bolinc/users/x_ryabo/Isca-Ryan_outputs/Earth_1840/restarts/res0041.tar.gz
2026-03-20 12:18:57,429 - isca - INFO - Writing namelist to '/proj/bolinc/users/x_ryabo/Isca-Ryan_outputs/Earth_1840/run0041/input.nml'
2026-03-20 12:18:57,431 - isca - INFO - Writing field_table to '/proj/bolinc/users/x_ryabo/Isca-Ryan_outputs/Earth_1840/run0041/field_table'
2026-03-20 12:18:57,474 - isca - INFO - Writing diag_table to '/proj/bolinc/users/x_ryabo/Isca-Ryan_outputs/Earth_1840/run0041/diag_table'
2026-03-20 12:18:57,822 - isca - INFO - Emptied run directory '/home/x_ryabo/Isca-Ryan_tmp/experiment/Earth_1840/run'
2026-03-20 12:18:57,845 - isca - INFO - Emptied run directory '/home/x_ryabo/Isca-Ryan_tmp/experiment/Earth_1840/run'
2026-03-20 12:18:58,173 - isca - INFO - Writing namelist to '/home/x_ryabo/Isca-Ryan_tmp/experiment/Earth_1840/run/input.nml'
2026-03-20 12:18:58,175 - isca - INFO - Writing field_table to '/home/x_ryabo/Isca-Ryan_tmp/experiment/Earth_1840/run/field_table'
2026-03-20 12:18:58,188 - isca - INFO - Writing diag_table to '/home/x_ryabo/Isca-Ryan_tmp/experiment/Earth_1840/run/diag_table'
2026-03-20 12:18:58,206 - isca - INFO - Using restart file '/proj/bolinc/users/x_ryabo/Isca-Ryan_outputs/Earth_1840/restarts/res0041.tar.gz'
2026-03-20 12:18:58,615 - isca - INFO - Restart /proj/bolinc/users/x_ryabo/Isca-Ryan_outputs/Earth_1840/restarts/res0041.tar.gz extracted to /home/x_ryabo/Isca-Ryan_tmp/experiment/Earth_1840/run/INPUT
2026-03-20 12:18:58,616 - isca - INFO - Beginning run 42
2026-03-20 12:18:58,627 - isca - INFO - process running as 2561091
2026-03-20 12:18:58,628 - isca - DEBUG - loadmodules for Isca on NSC cluster Tetralith
2026-03-20 12:18:58,628 - isca - DEBUG - mpiifort
2026-03-20 12:18:58,741 - isca - DEBUG - The following modules were not unloaded:
2026-03-20 12:18:58,741 - isca - DEBUG - (Use "module --force purge" to unload all):
2026-03-20 12:18:58,741 - isca - DEBUG - 
2026-03-20 12:18:58,741 - isca - DEBUG - 1) hpc/.1.10.1
2026-03-20 12:18:58,846 - isca - DEBUG - ***************************************************
2026-03-20 12:18:58,846 - isca - DEBUG - You have loaded a buildenv module
2026-03-20 12:18:58,846 - isca - DEBUG - ***************************************************
2026-03-20 12:18:58,847 - isca - DEBUG - The buldenv-intel module makes available:
2026-03-20 12:18:58,847 - isca - DEBUG - - Compilers: icc, ifort, etc.
2026-03-20 12:18:58,847 - isca - DEBUG - - Mpi library with mpi-wrapped compilers: intel mpi with mpicc, mpifort, etc.
2026-03-20 12:18:58,847 - isca - DEBUG - - Numerical libraries: intel MKL
2026-03-20 12:18:58,847 - isca - DEBUG - 
2026-03-20 12:18:58,847 - isca - DEBUG - It also makes a set of dependency library modules available via
2026-03-20 12:18:58,847 - isca - DEBUG - the regular module command. Just do:
2026-03-20 12:18:58,847 - isca - DEBUG - module avail
2026-03-20 12:18:58,847 - isca - DEBUG - to see what is available.
2026-03-20 12:18:58,847 - isca - DEBUG - 
2026-03-20 12:18:58,847 - isca - DEBUG - NOTE: You shoud never load build environments inside submitted jobs.
2026-03-20 12:18:58,847 - isca - DEBUG - (with the single exception of when using supercomputer time to compile code.)
2026-03-20 12:18:58,847 - isca - DEBUG - 
2026-03-20 12:18:59,967 - isca - DEBUG - NOTE from PE    0: MPP_DOMAINS_SET_STACK_SIZE: stack size set to    32768.
2026-03-20 12:18:59,967 - isca - DEBUG - &MPP_IO_NML
2026-03-20 12:18:59,968 - isca - DEBUG - HEADER_BUFFER_VAL       =       16384,
2026-03-20 12:18:59,968 - isca - DEBUG - GLOBAL_FIELD_ON_ROOT_PE = T,
2026-03-20 12:18:59,968 - isca - DEBUG - IO_CLOCKS_ON    = F,
2026-03-20 12:18:59,968 - isca - DEBUG - SHUFFLE =           0,
2026-03-20 12:18:59,968 - isca - DEBUG - DEFLATE_LEVEL   =          -1
2026-03-20 12:18:59,968 - isca - DEBUG - /
2026-03-20 12:18:59,970 - isca - DEBUG - NOTE from PE    0: MPP_IO_SET_STACK_SIZE: stack size set to     131072.
2026-03-20 12:18:59,971 - isca - DEBUG - NOTE from PE    0: MPP_DOMAINS_SET_STACK_SIZE: stack size set to   600000.
2026-03-20 12:18:59,978 - isca - DEBUG - starting            1  OpenMP threads per MPI-task
2026-03-20 12:18:59,980 - isca - DEBUG - ATMOS MODEL DOMAIN DECOMPOSITION
2026-03-20 12:18:59,981 - isca - DEBUG - X-AXIS =  128
2026-03-20 12:18:59,981 - isca - DEBUG - Y-AXIS =    4   4   4   4   4   4   4   4   4   4   4   4   4   4   4   4
2026-03-20 12:19:00,036 - isca - DEBUG - NOTE from PE    0: cloud_simple: Using SimCloud cloud scheme
2026-03-20 12:19:00,037 - isca - DEBUG - NOTE from PE    0: ls_cloud: Using Sundqvist (1989) cloud fraction diagnostic formula.
2026-03-20 12:19:00,038 - isca - DEBUG - NOTE from PE    0: cloud_cover: The cloud overlap assumption is MAXIMUM-RANDOM
2026-03-20 12:19:00,038 - isca - DEBUG - NOTE from PE    0: idealized_moist_phys: Using Frierson Quasi-Equilibrium convection scheme.
2026-03-20 12:19:00,048 - isca - DEBUG - 
2026-03-20 12:19:00,048 - isca - WARNING - WARNING from PE    0: socrates_init: lw_hires_spectral_filename is unset, making equal to lw_spectral_filename
2026-03-20 12:19:00,048 - isca - DEBUG - 
2026-03-20 12:19:00,048 - isca - DEBUG - 
2026-03-20 12:19:00,048 - isca - WARNING - WARNING from PE    0: socrates_init: lw_hires_spectral_filename is unset, making equal to lw_spectral_filename
2026-03-20 12:19:00,049 - isca - DEBUG - 
2026-03-20 12:19:00,049 - isca - DEBUG - 
2026-03-20 12:19:00,049 - isca - WARNING - WARNING from PE    0: socrates_init: sw_hires_spectral_filename is unset, making equal to sw_spectral_filename
2026-03-20 12:19:00,049 - isca - DEBUG - 
2026-03-20 12:19:00,049 - isca - DEBUG - 
2026-03-20 12:19:00,049 - isca - WARNING - WARNING from PE    0: socrates_init: sw_hires_spectral_filename is unset, making equal to sw_spectral_filename
2026-03-20 12:19:00,049 - isca - DEBUG - 
2026-03-20 12:19:01,237 - isca - DEBUG - NOTE from PE    0: Interpolator: Using input file with no time dimension - ozone_1990_notime_zero.nc
2026-03-20 12:19:01,237 - isca - DEBUG - Initializing src field : ozone_1990
2026-03-20 12:19:01,239 - isca - DEBUG - 
2026-03-20 12:19:01,239 - isca - DEBUG - -----------------------------------
2026-03-20 12:19:01,240 - isca - DEBUG - ____                       _
2026-03-20 12:19:01,240 - isca - DEBUG - / ___|  ___   ___ _ __ __ _| |_ ___  ___
2026-03-20 12:19:01,240 - isca - DEBUG - \___ \ / _ \ / __|  __/ _` | __/ _ \/ __|
2026-03-20 12:19:01,240 - isca - DEBUG - ___) | (_) | (__| | | (_| | ||  __/\__ \
2026-03-20 12:19:01,240 - isca - DEBUG - |____/ \___/ \___|_|  \__,_|\__\___||___/
2026-03-20 12:19:01,240 - isca - DEBUG - 
2026-03-20 12:19:01,240 - isca - DEBUG - Initialised Socrates v17.03
2026-03-20 12:19:01,240 - isca - DEBUG - Stellar constant =    1840.00000000000
2026-03-20 12:19:01,241 - isca - DEBUG - Longwave spectral file =
2026-03-20 12:19:01,241 - isca - DEBUG - /proj/bolinc/users/x_ryabo/socrates_edited_for_isca/spectral_files_for_GCMs/Sun
2026-03-20 12:19:01,241 - isca - DEBUG - /miniSuran_lw.sf WITH           16  bands
2026-03-20 12:19:01,241 - isca - DEBUG - Longwave hires spectral file =
2026-03-20 12:19:01,241 - isca - DEBUG - /proj/bolinc/users/x_ryabo/socrates_edited_for_isca/spectral_files_for_GCMs/Sun
2026-03-20 12:19:01,241 - isca - DEBUG - /miniSuran_lw.sf WITH           16  bands
2026-03-20 12:19:01,241 - isca - DEBUG - Shortwave spectral file =
2026-03-20 12:19:01,241 - isca - DEBUG - /proj/bolinc/users/x_ryabo/socrates_edited_for_isca/spectral_files_for_GCMs/Sun
2026-03-20 12:19:01,242 - isca - DEBUG - /miniSuran_sw.sf WITH           16  bands
2026-03-20 12:19:01,242 - isca - DEBUG - Shortwave hires spectral file =
2026-03-20 12:19:01,242 - isca - DEBUG - /proj/bolinc/users/x_ryabo/socrates_edited_for_isca/spectral_files_for_GCMs/Sun
2026-03-20 12:19:01,242 - isca - DEBUG - /miniSuran_sw.sf WITH           16  bands
2026-03-20 12:19:01,242 - isca - DEBUG - 
2026-03-20 12:19:01,242 - isca - DEBUG - -----------------------------------
2026-03-20 12:19:01,242 - isca - DEBUG - 
2026-03-20 12:19:32,928 - isca - DEBUG - Integration completed through    4 Jun  2   0: 0: 0
2026-03-20 12:20:04,637 - isca - DEBUG - Integration completed through    4 Jun  3   0: 0: 0
2026-03-20 12:20:36,286 - isca - DEBUG - Integration completed through    4 Jun  4   0: 0: 0
2026-03-20 12:21:07,932 - isca - DEBUG - Integration completed through    4 Jun  5   0: 0: 0
2026-03-20 12:21:39,574 - isca - DEBUG - Integration completed through    4 Jun  6   0: 0: 0
2026-03-20 12:22:11,320 - isca - DEBUG - Integration completed through    4 Jun  7   0: 0: 0
2026-03-20 12:22:43,010 - isca - DEBUG - Integration completed through    4 Jun  8   0: 0: 0
2026-03-20 12:23:14,671 - isca - DEBUG - Integration completed through    4 Jun  9   0: 0: 0
2026-03-20 12:23:46,324 - isca - DEBUG - Integration completed through    4 Jun 10   0: 0: 0
2026-03-20 12:24:17,962 - isca - DEBUG - Integration completed through    4 Jun 11   0: 0: 0
2026-03-20 12:24:49,594 - isca - DEBUG - Integration completed through    4 Jun 12   0: 0: 0
2026-03-20 12:25:21,260 - isca - DEBUG - Integration completed through    4 Jun 13   0: 0: 0
2026-03-20 12:25:52,895 - isca - DEBUG - Integration completed through    4 Jun 14   0: 0: 0
2026-03-20 12:26:24,545 - isca - DEBUG - Integration completed through    4 Jun 15   0: 0: 0
2026-03-20 12:26:56,179 - isca - DEBUG - Integration completed through    4 Jun 16   0: 0: 0
2026-03-20 12:27:27,810 - isca - DEBUG - Integration completed through    4 Jun 17   0: 0: 0
2026-03-20 12:27:59,439 - isca - DEBUG - Integration completed through    4 Jun 18   0: 0: 0
2026-03-20 12:28:31,060 - isca - DEBUG - Integration completed through    4 Jun 19   0: 0: 0
2026-03-20 12:29:02,718 - isca - DEBUG - Integration completed through    4 Jun 20   0: 0: 0
2026-03-20 12:29:34,366 - isca - DEBUG - Integration completed through    4 Jun 21   0: 0: 0
2026-03-20 12:30:06,079 - isca - DEBUG - Integration completed through    4 Jun 22   0: 0: 0
2026-03-20 12:30:37,722 - isca - DEBUG - Integration completed through    4 Jun 23   0: 0: 0
2026-03-20 12:31:09,421 - isca - DEBUG - Integration completed through    4 Jun 24   0: 0: 0
2026-03-20 12:31:41,114 - isca - DEBUG - Integration completed through    4 Jun 25   0: 0: 0
2026-03-20 12:32:12,807 - isca - DEBUG - Integration completed through    4 Jun 26   0: 0: 0
2026-03-20 12:32:44,534 - isca - DEBUG - Integration completed through    4 Jun 27   0: 0: 0
2026-03-20 12:33:16,247 - isca - DEBUG - Integration completed through    4 Jun 28   0: 0: 0
2026-03-20 12:33:47,947 - isca - DEBUG - Integration completed through    4 Jun 29   0: 0: 0
2026-03-20 12:34:19,625 - isca - DEBUG - Integration completed through    4 Jun 30   0: 0: 0
2026-03-20 12:34:51,342 - isca - DEBUG - Integration completed through    4 Jul  1   0: 0: 0
2026-03-20 12:34:51,351 - isca - DEBUG - 
2026-03-20 12:34:51,351 - isca - WARNING - WARNING from PE    0: diag_util_mod::opening_file: module/field_name (socrates/soc_toa_sw_down_clr) NOT registered
2026-03-20 12:34:51,351 - isca - DEBUG - 
2026-03-20 12:34:51,351 - isca - DEBUG - 
2026-03-20 12:34:51,351 - isca - WARNING - WARNING from PE    0: diag_util_mod::opening_file: module/field_name (socrates/soc_toa_sw_down_clr) NOT registered
2026-03-20 12:34:51,351 - isca - DEBUG - 
2026-03-20 12:34:51,351 - isca - DEBUG - 
2026-03-20 12:34:51,351 - isca - WARNING - WARNING from PE    0: diag_util_mod::opening_file: module/field_name (cloud_simple/rh_min) NOT registered
2026-03-20 12:34:51,351 - isca - DEBUG - 
2026-03-20 12:34:51,351 - isca - DEBUG - 
2026-03-20 12:34:51,351 - isca - WARNING - WARNING from PE    0: diag_util_mod::opening_file: module/field_name (cloud_simple/rh_min) NOT registered
2026-03-20 12:34:51,351 - isca - DEBUG - 
2026-03-20 12:34:51,362 - isca - DEBUG - NOTE from PE    0: MPP_IO_SET_STACK_SIZE: stack size set to     393216.
2026-03-20 12:34:51,462 - isca - DEBUG - MPP_DOMAINS_STACK high water mark=       49152
2026-03-20 12:34:51,463 - isca - DEBUG - 
2026-03-20 12:34:51,463 - isca - DEBUG - Tabulating mpp_clock statistics across     16 PEs...
2026-03-20 12:34:51,463 - isca - DEBUG - 
2026-03-20 12:34:51,463 - isca - DEBUG - tmin          tmax          tavg          tstd  tfrac grain pemin pemax
2026-03-20 12:34:51,463 - isca - DEBUG - Total runtime                       951.492666    951.499423    951.496398      0.001645  1.000     0     0    15
2026-03-20 12:34:51,463 - isca - DEBUG - MPP_STACK high water mark=           0
2026-03-20 12:34:51,599 - isca - INFO - Run 42 complete
2026-03-20 12:34:52,505 - isca - DEBUG - atmos_monthly.nc combined and copied to data directory
2026-03-20 12:34:55,709 - isca - INFO - Restart archive created at /proj/bolinc/users/x_ryabo/Isca-Ryan_outputs/Earth_1840/restarts/res0042.tar.gz
2026-03-20 12:34:55,721 - isca - INFO - Writing namelist to '/proj/bolinc/users/x_ryabo/Isca-Ryan_outputs/Earth_1840/run0042/input.nml'
2026-03-20 12:34:55,723 - isca - INFO - Writing field_table to '/proj/bolinc/users/x_ryabo/Isca-Ryan_outputs/Earth_1840/run0042/field_table'
2026-03-20 12:34:55,733 - isca - INFO - Writing diag_table to '/proj/bolinc/users/x_ryabo/Isca-Ryan_outputs/Earth_1840/run0042/diag_table'
2026-03-20 12:34:56,081 - isca - INFO - Emptied run directory '/home/x_ryabo/Isca-Ryan_tmp/experiment/Earth_1840/run'
2026-03-20 12:34:56,100 - isca - INFO - Emptied run directory '/home/x_ryabo/Isca-Ryan_tmp/experiment/Earth_1840/run'
2026-03-20 12:34:56,427 - isca - INFO - Writing namelist to '/home/x_ryabo/Isca-Ryan_tmp/experiment/Earth_1840/run/input.nml'
2026-03-20 12:34:56,428 - isca - INFO - Writing field_table to '/home/x_ryabo/Isca-Ryan_tmp/experiment/Earth_1840/run/field_table'
2026-03-20 12:34:56,440 - isca - INFO - Writing diag_table to '/home/x_ryabo/Isca-Ryan_tmp/experiment/Earth_1840/run/diag_table'
2026-03-20 12:34:56,454 - isca - INFO - Using restart file '/proj/bolinc/users/x_ryabo/Isca-Ryan_outputs/Earth_1840/restarts/res0042.tar.gz'
2026-03-20 12:34:56,861 - isca - INFO - Restart /proj/bolinc/users/x_ryabo/Isca-Ryan_outputs/Earth_1840/restarts/res0042.tar.gz extracted to /home/x_ryabo/Isca-Ryan_tmp/experiment/Earth_1840/run/INPUT
2026-03-20 12:34:56,862 - isca - INFO - Beginning run 43
2026-03-20 12:34:56,877 - isca - DEBUG - loadmodules for Isca on NSC cluster Tetralith
2026-03-20 12:34:56,877 - isca - INFO - process running as 2561990
2026-03-20 12:34:56,877 - isca - DEBUG - mpiifort
2026-03-20 12:34:56,986 - isca - DEBUG - The following modules were not unloaded:
2026-03-20 12:34:56,986 - isca - DEBUG - (Use "module --force purge" to unload all):
2026-03-20 12:34:56,986 - isca - DEBUG - 
2026-03-20 12:34:56,986 - isca - DEBUG - 1) hpc/.1.10.1
2026-03-20 12:34:57,088 - isca - DEBUG - ***************************************************
2026-03-20 12:34:57,088 - isca - DEBUG - You have loaded a buildenv module
2026-03-20 12:34:57,088 - isca - DEBUG - ***************************************************
2026-03-20 12:34:57,088 - isca - DEBUG - The buldenv-intel module makes available:
2026-03-20 12:34:57,088 - isca - DEBUG - - Compilers: icc, ifort, etc.
2026-03-20 12:34:57,088 - isca - DEBUG - - Mpi library with mpi-wrapped compilers: intel mpi with mpicc, mpifort, etc.
2026-03-20 12:34:57,088 - isca - DEBUG - - Numerical libraries: intel MKL
2026-03-20 12:34:57,088 - isca - DEBUG - 
2026-03-20 12:34:57,088 - isca - DEBUG - It also makes a set of dependency library modules available via
2026-03-20 12:34:57,088 - isca - DEBUG - the regular module command. Just do:
2026-03-20 12:34:57,089 - isca - DEBUG - module avail
2026-03-20 12:34:57,089 - isca - DEBUG - to see what is available.
2026-03-20 12:34:57,089 - isca - DEBUG - 
2026-03-20 12:34:57,089 - isca - DEBUG - NOTE: You shoud never load build environments inside submitted jobs.
2026-03-20 12:34:57,089 - isca - DEBUG - (with the single exception of when using supercomputer time to compile code.)
2026-03-20 12:34:57,089 - isca - DEBUG - 
2026-03-20 12:34:58,218 - isca - DEBUG - NOTE from PE    0: MPP_DOMAINS_SET_STACK_SIZE: stack size set to    32768.
2026-03-20 12:34:58,218 - isca - DEBUG - &MPP_IO_NML
2026-03-20 12:34:58,219 - isca - DEBUG - HEADER_BUFFER_VAL       =       16384,
2026-03-20 12:34:58,219 - isca - DEBUG - GLOBAL_FIELD_ON_ROOT_PE = T,
2026-03-20 12:34:58,219 - isca - DEBUG - IO_CLOCKS_ON    = F,
2026-03-20 12:34:58,219 - isca - DEBUG - SHUFFLE =           0,
2026-03-20 12:34:58,219 - isca - DEBUG - DEFLATE_LEVEL   =          -1
2026-03-20 12:34:58,219 - isca - DEBUG - /
2026-03-20 12:34:58,220 - isca - DEBUG - NOTE from PE    0: MPP_IO_SET_STACK_SIZE: stack size set to     131072.
2026-03-20 12:34:58,221 - isca - DEBUG - NOTE from PE    0: MPP_DOMAINS_SET_STACK_SIZE: stack size set to   600000.
2026-03-20 12:34:58,228 - isca - DEBUG - starting            1  OpenMP threads per MPI-task
2026-03-20 12:34:58,230 - isca - DEBUG - ATMOS MODEL DOMAIN DECOMPOSITION
2026-03-20 12:34:58,230 - isca - DEBUG - X-AXIS =  128
2026-03-20 12:34:58,230 - isca - DEBUG - Y-AXIS =    4   4   4   4   4   4   4   4   4   4   4   4   4   4   4   4
2026-03-20 12:34:58,288 - isca - DEBUG - NOTE from PE    0: cloud_simple: Using SimCloud cloud scheme
2026-03-20 12:34:58,289 - isca - DEBUG - NOTE from PE    0: ls_cloud: Using Sundqvist (1989) cloud fraction diagnostic formula.
2026-03-20 12:34:58,290 - isca - DEBUG - NOTE from PE    0: cloud_cover: The cloud overlap assumption is MAXIMUM-RANDOM
2026-03-20 12:34:58,290 - isca - DEBUG - NOTE from PE    0: idealized_moist_phys: Using Frierson Quasi-Equilibrium convection scheme.
2026-03-20 12:34:58,299 - isca - DEBUG - 
2026-03-20 12:34:58,299 - isca - WARNING - WARNING from PE    0: socrates_init: lw_hires_spectral_filename is unset, making equal to lw_spectral_filename
2026-03-20 12:34:58,299 - isca - DEBUG - 
2026-03-20 12:34:58,299 - isca - DEBUG - 
2026-03-20 12:34:58,300 - isca - WARNING - WARNING from PE    0: socrates_init: lw_hires_spectral_filename is unset, making equal to lw_spectral_filename
2026-03-20 12:34:58,300 - isca - DEBUG - 
2026-03-20 12:34:58,300 - isca - DEBUG - 
2026-03-20 12:34:58,300 - isca - WARNING - WARNING from PE    0: socrates_init: sw_hires_spectral_filename is unset, making equal to sw_spectral_filename
2026-03-20 12:34:58,300 - isca - DEBUG - 
2026-03-20 12:34:58,300 - isca - DEBUG - 
2026-03-20 12:34:58,300 - isca - WARNING - WARNING from PE    0: socrates_init: sw_hires_spectral_filename is unset, making equal to sw_spectral_filename
2026-03-20 12:34:58,300 - isca - DEBUG - 
2026-03-20 12:34:59,514 - isca - DEBUG - NOTE from PE    0: Interpolator: Using input file with no time dimension - ozone_1990_notime_zero.nc
2026-03-20 12:34:59,514 - isca - DEBUG - Initializing src field : ozone_1990
2026-03-20 12:34:59,516 - isca - DEBUG - 
2026-03-20 12:34:59,516 - isca - DEBUG - -----------------------------------
2026-03-20 12:34:59,516 - isca - DEBUG - ____                       _
2026-03-20 12:34:59,516 - isca - DEBUG - / ___|  ___   ___ _ __ __ _| |_ ___  ___
2026-03-20 12:34:59,516 - isca - DEBUG - \___ \ / _ \ / __|  __/ _` | __/ _ \/ __|
2026-03-20 12:34:59,516 - isca - DEBUG - ___) | (_) | (__| | | (_| | ||  __/\__ \
2026-03-20 12:34:59,516 - isca - DEBUG - |____/ \___/ \___|_|  \__,_|\__\___||___/
2026-03-20 12:34:59,516 - isca - DEBUG - 
2026-03-20 12:34:59,516 - isca - DEBUG - Initialised Socrates v17.03
2026-03-20 12:34:59,516 - isca - DEBUG - Stellar constant =    1840.00000000000
2026-03-20 12:34:59,516 - isca - DEBUG - Longwave spectral file =
2026-03-20 12:34:59,516 - isca - DEBUG - /proj/bolinc/users/x_ryabo/socrates_edited_for_isca/spectral_files_for_GCMs/Sun
2026-03-20 12:34:59,516 - isca - DEBUG - /miniSuran_lw.sf WITH           16  bands
2026-03-20 12:34:59,517 - isca - DEBUG - Longwave hires spectral file =
2026-03-20 12:34:59,517 - isca - DEBUG - /proj/bolinc/users/x_ryabo/socrates_edited_for_isca/spectral_files_for_GCMs/Sun
2026-03-20 12:34:59,517 - isca - DEBUG - /miniSuran_lw.sf WITH           16  bands
2026-03-20 12:34:59,517 - isca - DEBUG - Shortwave spectral file =
2026-03-20 12:34:59,517 - isca - DEBUG - /proj/bolinc/users/x_ryabo/socrates_edited_for_isca/spectral_files_for_GCMs/Sun
2026-03-20 12:34:59,517 - isca - DEBUG - /miniSuran_sw.sf WITH           16  bands
2026-03-20 12:34:59,517 - isca - DEBUG - Shortwave hires spectral file =
2026-03-20 12:34:59,517 - isca - DEBUG - /proj/bolinc/users/x_ryabo/socrates_edited_for_isca/spectral_files_for_GCMs/Sun
2026-03-20 12:34:59,517 - isca - DEBUG - /miniSuran_sw.sf WITH           16  bands
2026-03-20 12:34:59,517 - isca - DEBUG - 
2026-03-20 12:34:59,517 - isca - DEBUG - -----------------------------------
2026-03-20 12:34:59,517 - isca - DEBUG - 
2026-03-20 12:35:31,134 - isca - DEBUG - Integration completed through    4 Jul  2   0: 0: 0
2026-03-20 12:36:02,720 - isca - DEBUG - Integration completed through    4 Jul  3   0: 0: 0
2026-03-20 12:36:34,244 - isca - DEBUG - Integration completed through    4 Jul  4   0: 0: 0
2026-03-20 12:37:05,755 - isca - DEBUG - Integration completed through    4 Jul  5   0: 0: 0
2026-03-20 12:37:37,238 - isca - DEBUG - Integration completed through    4 Jul  6   0: 0: 0
2026-03-20 12:38:08,767 - isca - DEBUG - Integration completed through    4 Jul  7   0: 0: 0
2026-03-20 12:38:40,287 - isca - DEBUG - Integration completed through    4 Jul  8   0: 0: 0
2026-03-20 12:39:11,833 - isca - DEBUG - Integration completed through    4 Jul  9   0: 0: 0
2026-03-20 12:39:43,317 - isca - DEBUG - Integration completed through    4 Jul 10   0: 0: 0
2026-03-20 12:40:14,794 - isca - DEBUG - Integration completed through    4 Jul 11   0: 0: 0
2026-03-20 12:40:46,243 - isca - DEBUG - Integration completed through    4 Jul 12   0: 0: 0
2026-03-20 12:41:17,660 - isca - DEBUG - Integration completed through    4 Jul 13   0: 0: 0
2026-03-20 12:41:49,087 - isca - DEBUG - Integration completed through    4 Jul 14   0: 0: 0
2026-03-20 12:42:20,491 - isca - DEBUG - Integration completed through    4 Jul 15   0: 0: 0
2026-03-20 12:42:51,890 - isca - DEBUG - Integration completed through    4 Jul 16   0: 0: 0
2026-03-20 12:43:23,350 - isca - DEBUG - Integration completed through    4 Jul 17   0: 0: 0
2026-03-20 12:43:54,784 - isca - DEBUG - Integration completed through    4 Jul 18   0: 0: 0
2026-03-20 12:44:26,210 - isca - DEBUG - Integration completed through    4 Jul 19   0: 0: 0
2026-03-20 12:44:57,684 - isca - DEBUG - Integration completed through    4 Jul 20   0: 0: 0
2026-03-20 12:45:29,124 - isca - DEBUG - Integration completed through    4 Jul 21   0: 0: 0
2026-03-20 12:46:00,558 - isca - DEBUG - Integration completed through    4 Jul 22   0: 0: 0
2026-03-20 12:46:31,959 - isca - DEBUG - Integration completed through    4 Jul 23   0: 0: 0
2026-03-20 12:47:03,379 - isca - DEBUG - Integration completed through    4 Jul 24   0: 0: 0
2026-03-20 12:47:34,789 - isca - DEBUG - Integration completed through    4 Jul 25   0: 0: 0
2026-03-20 12:48:06,173 - isca - DEBUG - Integration completed through    4 Jul 26   0: 0: 0
2026-03-20 12:48:37,601 - isca - DEBUG - Integration completed through    4 Jul 27   0: 0: 0
2026-03-20 12:49:08,972 - isca - DEBUG - Integration completed through    4 Jul 28   0: 0: 0
2026-03-20 12:49:40,332 - isca - DEBUG - Integration completed through    4 Jul 29   0: 0: 0
2026-03-20 12:50:11,631 - isca - DEBUG - Integration completed through    4 Jul 30   0: 0: 0
2026-03-20 12:50:42,971 - isca - DEBUG - Integration completed through    4 Aug  1   0: 0: 0
2026-03-20 12:50:42,978 - isca - DEBUG - 
2026-03-20 12:50:42,978 - isca - WARNING - WARNING from PE    0: diag_util_mod::opening_file: module/field_name (socrates/soc_toa_sw_down_clr) NOT registered
2026-03-20 12:50:42,978 - isca - DEBUG - 
2026-03-20 12:50:42,978 - isca - DEBUG - 
2026-03-20 12:50:42,979 - isca - WARNING - WARNING from PE    0: diag_util_mod::opening_file: module/field_name (socrates/soc_toa_sw_down_clr) NOT registered
2026-03-20 12:50:42,979 - isca - DEBUG - 
2026-03-20 12:50:42,979 - isca - DEBUG - 
2026-03-20 12:50:42,979 - isca - WARNING - WARNING from PE    0: diag_util_mod::opening_file: module/field_name (cloud_simple/rh_min) NOT registered
2026-03-20 12:50:42,979 - isca - DEBUG - 
2026-03-20 12:50:42,979 - isca - DEBUG - 
2026-03-20 12:50:42,979 - isca - WARNING - WARNING from PE    0: diag_util_mod::opening_file: module/field_name (cloud_simple/rh_min) NOT registered
2026-03-20 12:50:42,979 - isca - DEBUG - 
2026-03-20 12:50:42,989 - isca - DEBUG - NOTE from PE    0: MPP_IO_SET_STACK_SIZE: stack size set to     393216.
2026-03-20 12:50:43,097 - isca - DEBUG - MPP_DOMAINS_STACK high water mark=       49152
2026-03-20 12:50:43,097 - isca - DEBUG - 
2026-03-20 12:50:43,097 - isca - DEBUG - Tabulating mpp_clock statistics across     16 PEs...
2026-03-20 12:50:43,097 - isca - DEBUG - 
2026-03-20 12:50:43,097 - isca - DEBUG - tmin          tmax          tavg          tstd  tfrac grain pemin pemax
2026-03-20 12:50:43,098 - isca - DEBUG - Total runtime                       944.876840    944.882624    944.879885      0.001516  1.000     0     0    15
2026-03-20 12:50:43,098 - isca - DEBUG - MPP_STACK high water mark=           0
2026-03-20 12:50:43,195 - isca - INFO - Run 43 complete
2026-03-20 12:50:44,269 - isca - DEBUG - atmos_monthly.nc combined and copied to data directory
2026-03-20 12:50:47,489 - isca - INFO - Restart archive created at /proj/bolinc/users/x_ryabo/Isca-Ryan_outputs/Earth_1840/restarts/res0043.tar.gz
2026-03-20 12:50:47,502 - isca - INFO - Writing namelist to '/proj/bolinc/users/x_ryabo/Isca-Ryan_outputs/Earth_1840/run0043/input.nml'
2026-03-20 12:50:47,504 - isca - INFO - Writing field_table to '/proj/bolinc/users/x_ryabo/Isca-Ryan_outputs/Earth_1840/run0043/field_table'
2026-03-20 12:50:47,514 - isca - INFO - Writing diag_table to '/proj/bolinc/users/x_ryabo/Isca-Ryan_outputs/Earth_1840/run0043/diag_table'
2026-03-20 12:50:47,866 - isca - INFO - Emptied run directory '/home/x_ryabo/Isca-Ryan_tmp/experiment/Earth_1840/run'
2026-03-20 12:50:47,886 - isca - INFO - Emptied run directory '/home/x_ryabo/Isca-Ryan_tmp/experiment/Earth_1840/run'
2026-03-20 12:50:48,214 - isca - INFO - Writing namelist to '/home/x_ryabo/Isca-Ryan_tmp/experiment/Earth_1840/run/input.nml'
2026-03-20 12:50:48,216 - isca - INFO - Writing field_table to '/home/x_ryabo/Isca-Ryan_tmp/experiment/Earth_1840/run/field_table'
2026-03-20 12:50:48,232 - isca - INFO - Writing diag_table to '/home/x_ryabo/Isca-Ryan_tmp/experiment/Earth_1840/run/diag_table'
2026-03-20 12:50:48,245 - isca - INFO - Using restart file '/proj/bolinc/users/x_ryabo/Isca-Ryan_outputs/Earth_1840/restarts/res0043.tar.gz'
2026-03-20 12:50:48,654 - isca - INFO - Restart /proj/bolinc/users/x_ryabo/Isca-Ryan_outputs/Earth_1840/restarts/res0043.tar.gz extracted to /home/x_ryabo/Isca-Ryan_tmp/experiment/Earth_1840/run/INPUT
2026-03-20 12:50:48,655 - isca - INFO - Beginning run 44
2026-03-20 12:50:48,666 - isca - INFO - process running as 2562966
2026-03-20 12:50:48,666 - isca - DEBUG - loadmodules for Isca on NSC cluster Tetralith
2026-03-20 12:50:48,666 - isca - DEBUG - mpiifort
2026-03-20 12:50:48,780 - isca - DEBUG - The following modules were not unloaded:
2026-03-20 12:50:48,780 - isca - DEBUG - (Use "module --force purge" to unload all):
2026-03-20 12:50:48,780 - isca - DEBUG - 
2026-03-20 12:50:48,780 - isca - DEBUG - 1) hpc/.1.10.1
2026-03-20 12:50:48,882 - isca - DEBUG - ***************************************************
2026-03-20 12:50:48,882 - isca - DEBUG - You have loaded a buildenv module
2026-03-20 12:50:48,883 - isca - DEBUG - ***************************************************
2026-03-20 12:50:48,883 - isca - DEBUG - The buldenv-intel module makes available:
2026-03-20 12:50:48,883 - isca - DEBUG - - Compilers: icc, ifort, etc.
2026-03-20 12:50:48,883 - isca - DEBUG - - Mpi library with mpi-wrapped compilers: intel mpi with mpicc, mpifort, etc.
2026-03-20 12:50:48,883 - isca - DEBUG - - Numerical libraries: intel MKL
2026-03-20 12:50:48,883 - isca - DEBUG - 
2026-03-20 12:50:48,883 - isca - DEBUG - It also makes a set of dependency library modules available via
2026-03-20 12:50:48,883 - isca - DEBUG - the regular module command. Just do:
2026-03-20 12:50:48,883 - isca - DEBUG - module avail
2026-03-20 12:50:48,883 - isca - DEBUG - to see what is available.
2026-03-20 12:50:48,883 - isca - DEBUG - 
2026-03-20 12:50:48,883 - isca - DEBUG - NOTE: You shoud never load build environments inside submitted jobs.
2026-03-20 12:50:48,883 - isca - DEBUG - (with the single exception of when using supercomputer time to compile code.)
2026-03-20 12:50:48,883 - isca - DEBUG - 
2026-03-20 12:50:50,020 - isca - DEBUG - NOTE from PE    0: MPP_DOMAINS_SET_STACK_SIZE: stack size set to    32768.
2026-03-20 12:50:50,020 - isca - DEBUG - &MPP_IO_NML
2026-03-20 12:50:50,021 - isca - DEBUG - HEADER_BUFFER_VAL       =       16384,
2026-03-20 12:50:50,021 - isca - DEBUG - GLOBAL_FIELD_ON_ROOT_PE = T,
2026-03-20 12:50:50,021 - isca - DEBUG - IO_CLOCKS_ON    = F,
2026-03-20 12:50:50,021 - isca - DEBUG - SHUFFLE =           0,
2026-03-20 12:50:50,021 - isca - DEBUG - DEFLATE_LEVEL   =          -1
2026-03-20 12:50:50,021 - isca - DEBUG - /
2026-03-20 12:50:50,023 - isca - DEBUG - NOTE from PE    0: MPP_IO_SET_STACK_SIZE: stack size set to     131072.
2026-03-20 12:50:50,024 - isca - DEBUG - NOTE from PE    0: MPP_DOMAINS_SET_STACK_SIZE: stack size set to   600000.
2026-03-20 12:50:50,031 - isca - DEBUG - starting            1  OpenMP threads per MPI-task
2026-03-20 12:50:50,033 - isca - DEBUG - ATMOS MODEL DOMAIN DECOMPOSITION
2026-03-20 12:50:50,034 - isca - DEBUG - X-AXIS =  128
2026-03-20 12:50:50,034 - isca - DEBUG - Y-AXIS =    4   4   4   4   4   4   4   4   4   4   4   4   4   4   4   4
2026-03-20 12:50:50,086 - isca - DEBUG - NOTE from PE    0: cloud_simple: Using SimCloud cloud scheme
2026-03-20 12:50:50,088 - isca - DEBUG - NOTE from PE    0: ls_cloud: Using Sundqvist (1989) cloud fraction diagnostic formula.
2026-03-20 12:50:50,089 - isca - DEBUG - NOTE from PE    0: cloud_cover: The cloud overlap assumption is MAXIMUM-RANDOM
2026-03-20 12:50:50,089 - isca - DEBUG - NOTE from PE    0: idealized_moist_phys: Using Frierson Quasi-Equilibrium convection scheme.
2026-03-20 12:50:50,098 - isca - DEBUG - 
2026-03-20 12:50:50,098 - isca - WARNING - WARNING from PE    0: socrates_init: lw_hires_spectral_filename is unset, making equal to lw_spectral_filename
2026-03-20 12:50:50,098 - isca - DEBUG - 
2026-03-20 12:50:50,098 - isca - DEBUG - 
2026-03-20 12:50:50,099 - isca - WARNING - WARNING from PE    0: socrates_init: lw_hires_spectral_filename is unset, making equal to lw_spectral_filename
2026-03-20 12:50:50,099 - isca - DEBUG - 
2026-03-20 12:50:50,099 - isca - DEBUG - 
2026-03-20 12:50:50,099 - isca - WARNING - WARNING from PE    0: socrates_init: sw_hires_spectral_filename is unset, making equal to sw_spectral_filename
2026-03-20 12:50:50,099 - isca - DEBUG - 
2026-03-20 12:50:50,099 - isca - DEBUG - 
2026-03-20 12:50:50,099 - isca - WARNING - WARNING from PE    0: socrates_init: sw_hires_spectral_filename is unset, making equal to sw_spectral_filename
2026-03-20 12:50:50,099 - isca - DEBUG - 
2026-03-20 12:50:51,312 - isca - DEBUG - NOTE from PE    0: Interpolator: Using input file with no time dimension - ozone_1990_notime_zero.nc
2026-03-20 12:50:51,312 - isca - DEBUG - Initializing src field : ozone_1990
2026-03-20 12:50:51,314 - isca - DEBUG - 
2026-03-20 12:50:51,314 - isca - DEBUG - -----------------------------------
2026-03-20 12:50:51,315 - isca - DEBUG - ____                       _
2026-03-20 12:50:51,315 - isca - DEBUG - / ___|  ___   ___ _ __ __ _| |_ ___  ___
2026-03-20 12:50:51,315 - isca - DEBUG - \___ \ / _ \ / __|  __/ _` | __/ _ \/ __|
2026-03-20 12:50:51,315 - isca - DEBUG - ___) | (_) | (__| | | (_| | ||  __/\__ \
2026-03-20 12:50:51,315 - isca - DEBUG - |____/ \___/ \___|_|  \__,_|\__\___||___/
2026-03-20 12:50:51,315 - isca - DEBUG - 
2026-03-20 12:50:51,315 - isca - DEBUG - Initialised Socrates v17.03
2026-03-20 12:50:51,315 - isca - DEBUG - Stellar constant =    1840.00000000000
2026-03-20 12:50:51,316 - isca - DEBUG - Longwave spectral file =
2026-03-20 12:50:51,316 - isca - DEBUG - /proj/bolinc/users/x_ryabo/socrates_edited_for_isca/spectral_files_for_GCMs/Sun
2026-03-20 12:50:51,316 - isca - DEBUG - /miniSuran_lw.sf WITH           16  bands
2026-03-20 12:50:51,316 - isca - DEBUG - Longwave hires spectral file =
2026-03-20 12:50:51,316 - isca - DEBUG - /proj/bolinc/users/x_ryabo/socrates_edited_for_isca/spectral_files_for_GCMs/Sun
2026-03-20 12:50:51,316 - isca - DEBUG - /miniSuran_lw.sf WITH           16  bands
2026-03-20 12:50:51,316 - isca - DEBUG - Shortwave spectral file =
2026-03-20 12:50:51,316 - isca - DEBUG - /proj/bolinc/users/x_ryabo/socrates_edited_for_isca/spectral_files_for_GCMs/Sun
2026-03-20 12:50:51,316 - isca - DEBUG - /miniSuran_sw.sf WITH           16  bands
2026-03-20 12:50:51,317 - isca - DEBUG - Shortwave hires spectral file =
2026-03-20 12:50:51,317 - isca - DEBUG - /proj/bolinc/users/x_ryabo/socrates_edited_for_isca/spectral_files_for_GCMs/Sun
2026-03-20 12:50:51,317 - isca - DEBUG - /miniSuran_sw.sf WITH           16  bands
2026-03-20 12:50:51,317 - isca - DEBUG - 
2026-03-20 12:50:51,317 - isca - DEBUG - -----------------------------------
2026-03-20 12:50:51,317 - isca - DEBUG - 
2026-03-20 12:51:22,656 - isca - DEBUG - Integration completed through    4 Aug  2   0: 0: 0
2026-03-20 12:51:53,931 - isca - DEBUG - Integration completed through    4 Aug  3   0: 0: 0
2026-03-20 12:52:25,244 - isca - DEBUG - Integration completed through    4 Aug  4   0: 0: 0
2026-03-20 12:52:56,532 - isca - DEBUG - Integration completed through    4 Aug  5   0: 0: 0
2026-03-20 12:53:27,769 - isca - DEBUG - Integration completed through    4 Aug  6   0: 0: 0
2026-03-20 12:53:59,075 - isca - DEBUG - Integration completed through    4 Aug  7   0: 0: 0
2026-03-20 12:54:30,398 - isca - DEBUG - Integration completed through    4 Aug  8   0: 0: 0
2026-03-20 12:55:01,676 - isca - DEBUG - Integration completed through    4 Aug  9   0: 0: 0
2026-03-20 12:55:32,997 - isca - DEBUG - Integration completed through    4 Aug 10   0: 0: 0
2026-03-20 12:56:04,264 - isca - DEBUG - Integration completed through    4 Aug 11   0: 0: 0
2026-03-20 12:56:35,538 - isca - DEBUG - Integration completed through    4 Aug 12   0: 0: 0
2026-03-20 12:57:06,838 - isca - DEBUG - Integration completed through    4 Aug 13   0: 0: 0
2026-03-20 12:57:38,132 - isca - DEBUG - Integration completed through    4 Aug 14   0: 0: 0
2026-03-20 12:58:09,467 - isca - DEBUG - Integration completed through    4 Aug 15   0: 0: 0
2026-03-20 12:58:40,804 - isca - DEBUG - Integration completed through    4 Aug 16   0: 0: 0
2026-03-20 12:59:12,099 - isca - DEBUG - Integration completed through    4 Aug 17   0: 0: 0
2026-03-20 12:59:43,431 - isca - DEBUG - Integration completed through    4 Aug 18   0: 0: 0
2026-03-20 13:00:14,761 - isca - DEBUG - Integration completed through    4 Aug 19   0: 0: 0
2026-03-20 13:00:46,147 - isca - DEBUG - Integration completed through    4 Aug 20   0: 0: 0
2026-03-20 13:01:17,622 - isca - DEBUG - Integration completed through    4 Aug 21   0: 0: 0
2026-03-20 13:01:49,099 - isca - DEBUG - Integration completed through    4 Aug 22   0: 0: 0
2026-03-20 13:02:20,571 - isca - DEBUG - Integration completed through    4 Aug 23   0: 0: 0
2026-03-20 13:02:52,025 - isca - DEBUG - Integration completed through    4 Aug 24   0: 0: 0
2026-03-20 13:03:23,416 - isca - DEBUG - Integration completed through    4 Aug 25   0: 0: 0
2026-03-20 13:03:54,828 - isca - DEBUG - Integration completed through    4 Aug 26   0: 0: 0
2026-03-20 13:04:26,241 - isca - DEBUG - Integration completed through    4 Aug 27   0: 0: 0
2026-03-20 13:04:57,638 - isca - DEBUG - Integration completed through    4 Aug 28   0: 0: 0
2026-03-20 13:05:29,038 - isca - DEBUG - Integration completed through    4 Aug 29   0: 0: 0
2026-03-20 13:06:00,466 - isca - DEBUG - Integration completed through    4 Aug 30   0: 0: 0
2026-03-20 13:06:31,881 - isca - DEBUG - Integration completed through    4 Sep  1   0: 0: 0
2026-03-20 13:06:32,080 - isca - DEBUG - 
2026-03-20 13:06:32,080 - isca - WARNING - WARNING from PE    0: diag_util_mod::opening_file: module/field_name (socrates/soc_toa_sw_down_clr) NOT registered
2026-03-20 13:06:32,080 - isca - DEBUG - 
2026-03-20 13:06:32,080 - isca - DEBUG - 
2026-03-20 13:06:32,080 - isca - WARNING - WARNING from PE    0: diag_util_mod::opening_file: module/field_name (cloud_simple/rh_min) NOT registered
2026-03-20 13:06:32,080 - isca - DEBUG - 
2026-03-20 13:06:32,080 - isca - DEBUG - 
2026-03-20 13:06:32,080 - isca - WARNING - WARNING from PE    0: diag_util_mod::opening_file: module/field_name (socrates/soc_toa_sw_down_clr) NOT registered
2026-03-20 13:06:32,080 - isca - DEBUG - 
2026-03-20 13:06:32,080 - isca - DEBUG - 
2026-03-20 13:06:32,080 - isca - WARNING - WARNING from PE    0: diag_util_mod::opening_file: module/field_name (cloud_simple/rh_min) NOT registered
2026-03-20 13:06:32,080 - isca - DEBUG - 
2026-03-20 13:06:32,090 - isca - DEBUG - NOTE from PE    0: MPP_IO_SET_STACK_SIZE: stack size set to     393216.
2026-03-20 13:06:32,186 - isca - DEBUG - MPP_DOMAINS_STACK high water mark=       49152
2026-03-20 13:06:32,187 - isca - DEBUG - 
2026-03-20 13:06:32,187 - isca - DEBUG - Tabulating mpp_clock statistics across     16 PEs...
2026-03-20 13:06:32,187 - isca - DEBUG - 
2026-03-20 13:06:32,187 - isca - DEBUG - tmin          tmax          tavg          tstd  tfrac grain pemin pemax
2026-03-20 13:06:32,187 - isca - DEBUG - Total runtime                       942.164984    942.169028    942.167473      0.000991  1.000     0     0    15
2026-03-20 13:06:32,187 - isca - DEBUG - MPP_STACK high water mark=           0
2026-03-20 13:06:32,294 - isca - INFO - Run 44 complete
2026-03-20 13:06:33,230 - isca - DEBUG - atmos_monthly.nc combined and copied to data directory
2026-03-20 13:06:36,462 - isca - INFO - Restart archive created at /proj/bolinc/users/x_ryabo/Isca-Ryan_outputs/Earth_1840/restarts/res0044.tar.gz
2026-03-20 13:06:36,474 - isca - INFO - Writing namelist to '/proj/bolinc/users/x_ryabo/Isca-Ryan_outputs/Earth_1840/run0044/input.nml'
2026-03-20 13:06:36,476 - isca - INFO - Writing field_table to '/proj/bolinc/users/x_ryabo/Isca-Ryan_outputs/Earth_1840/run0044/field_table'
2026-03-20 13:06:36,487 - isca - INFO - Writing diag_table to '/proj/bolinc/users/x_ryabo/Isca-Ryan_outputs/Earth_1840/run0044/diag_table'
2026-03-20 13:06:36,868 - isca - INFO - Emptied run directory '/home/x_ryabo/Isca-Ryan_tmp/experiment/Earth_1840/run'
2026-03-20 13:06:36,888 - isca - INFO - Emptied run directory '/home/x_ryabo/Isca-Ryan_tmp/experiment/Earth_1840/run'
2026-03-20 13:06:37,212 - isca - INFO - Writing namelist to '/home/x_ryabo/Isca-Ryan_tmp/experiment/Earth_1840/run/input.nml'
2026-03-20 13:06:37,214 - isca - INFO - Writing field_table to '/home/x_ryabo/Isca-Ryan_tmp/experiment/Earth_1840/run/field_table'
2026-03-20 13:06:37,227 - isca - INFO - Writing diag_table to '/home/x_ryabo/Isca-Ryan_tmp/experiment/Earth_1840/run/diag_table'
2026-03-20 13:06:37,241 - isca - INFO - Using restart file '/proj/bolinc/users/x_ryabo/Isca-Ryan_outputs/Earth_1840/restarts/res0044.tar.gz'
2026-03-20 13:06:37,651 - isca - INFO - Restart /proj/bolinc/users/x_ryabo/Isca-Ryan_outputs/Earth_1840/restarts/res0044.tar.gz extracted to /home/x_ryabo/Isca-Ryan_tmp/experiment/Earth_1840/run/INPUT
2026-03-20 13:06:37,651 - isca - INFO - Beginning run 45
2026-03-20 13:06:37,671 - isca - INFO - process running as 2563942
2026-03-20 13:06:37,671 - isca - DEBUG - loadmodules for Isca on NSC cluster Tetralith
2026-03-20 13:06:37,671 - isca - DEBUG - mpiifort
2026-03-20 13:06:37,775 - isca - DEBUG - The following modules were not unloaded:
2026-03-20 13:06:37,775 - isca - DEBUG - (Use "module --force purge" to unload all):
2026-03-20 13:06:37,775 - isca - DEBUG - 
2026-03-20 13:06:37,775 - isca - DEBUG - 1) hpc/.1.10.1
2026-03-20 13:06:37,880 - isca - DEBUG - ***************************************************
2026-03-20 13:06:37,880 - isca - DEBUG - You have loaded a buildenv module
2026-03-20 13:06:37,880 - isca - DEBUG - ***************************************************
2026-03-20 13:06:37,880 - isca - DEBUG - The buldenv-intel module makes available:
2026-03-20 13:06:37,880 - isca - DEBUG - - Compilers: icc, ifort, etc.
2026-03-20 13:06:37,880 - isca - DEBUG - - Mpi library with mpi-wrapped compilers: intel mpi with mpicc, mpifort, etc.
2026-03-20 13:06:37,880 - isca - DEBUG - - Numerical libraries: intel MKL
2026-03-20 13:06:37,880 - isca - DEBUG - 
2026-03-20 13:06:37,880 - isca - DEBUG - It also makes a set of dependency library modules available via
2026-03-20 13:06:37,880 - isca - DEBUG - the regular module command. Just do:
2026-03-20 13:06:37,880 - isca - DEBUG - module avail
2026-03-20 13:06:37,880 - isca - DEBUG - to see what is available.
2026-03-20 13:06:37,880 - isca - DEBUG - 
2026-03-20 13:06:37,880 - isca - DEBUG - NOTE: You shoud never load build environments inside submitted jobs.
2026-03-20 13:06:37,880 - isca - DEBUG - (with the single exception of when using supercomputer time to compile code.)
2026-03-20 13:06:37,880 - isca - DEBUG - 
2026-03-20 13:06:42,967 - isca - DEBUG - NOTE from PE    0: MPP_DOMAINS_SET_STACK_SIZE: stack size set to    32768.
2026-03-20 13:06:42,967 - isca - DEBUG - &MPP_IO_NML
2026-03-20 13:06:42,967 - isca - DEBUG - HEADER_BUFFER_VAL       =       16384,
2026-03-20 13:06:42,968 - isca - DEBUG - GLOBAL_FIELD_ON_ROOT_PE = T,
2026-03-20 13:06:42,968 - isca - DEBUG - IO_CLOCKS_ON    = F,
2026-03-20 13:06:42,968 - isca - DEBUG - SHUFFLE =           0,
2026-03-20 13:06:42,968 - isca - DEBUG - DEFLATE_LEVEL   =          -1
2026-03-20 13:06:42,968 - isca - DEBUG - /
2026-03-20 13:06:42,969 - isca - DEBUG - NOTE from PE    0: MPP_IO_SET_STACK_SIZE: stack size set to     131072.
2026-03-20 13:06:42,971 - isca - DEBUG - NOTE from PE    0: MPP_DOMAINS_SET_STACK_SIZE: stack size set to   600000.
2026-03-20 13:06:42,978 - isca - DEBUG - starting            1  OpenMP threads per MPI-task
2026-03-20 13:06:42,981 - isca - DEBUG - ATMOS MODEL DOMAIN DECOMPOSITION
2026-03-20 13:06:42,981 - isca - DEBUG - X-AXIS =  128
2026-03-20 13:06:42,981 - isca - DEBUG - Y-AXIS =    4   4   4   4   4   4   4   4   4   4   4   4   4   4   4   4
2026-03-20 13:06:43,045 - isca - DEBUG - NOTE from PE    0: cloud_simple: Using SimCloud cloud scheme
2026-03-20 13:06:43,046 - isca - DEBUG - NOTE from PE    0: ls_cloud: Using Sundqvist (1989) cloud fraction diagnostic formula.
2026-03-20 13:06:43,047 - isca - DEBUG - NOTE from PE    0: cloud_cover: The cloud overlap assumption is MAXIMUM-RANDOM
2026-03-20 13:06:43,047 - isca - DEBUG - NOTE from PE    0: idealized_moist_phys: Using Frierson Quasi-Equilibrium convection scheme.
2026-03-20 13:06:43,055 - isca - DEBUG - 
2026-03-20 13:06:43,055 - isca - WARNING - WARNING from PE    0: socrates_init: lw_hires_spectral_filename is unset, making equal to lw_spectral_filename
2026-03-20 13:06:43,056 - isca - DEBUG - 
2026-03-20 13:06:43,056 - isca - DEBUG - 
2026-03-20 13:06:43,056 - isca - WARNING - WARNING from PE    0: socrates_init: lw_hires_spectral_filename is unset, making equal to lw_spectral_filename
2026-03-20 13:06:43,056 - isca - DEBUG - 
2026-03-20 13:06:43,056 - isca - DEBUG - 
2026-03-20 13:06:43,056 - isca - WARNING - WARNING from PE    0: socrates_init: sw_hires_spectral_filename is unset, making equal to sw_spectral_filename
2026-03-20 13:06:43,056 - isca - DEBUG - 
2026-03-20 13:06:43,056 - isca - DEBUG - 
2026-03-20 13:06:43,056 - isca - WARNING - WARNING from PE    0: socrates_init: sw_hires_spectral_filename is unset, making equal to sw_spectral_filename
2026-03-20 13:06:43,056 - isca - DEBUG - 
2026-03-20 13:06:44,272 - isca - DEBUG - NOTE from PE    0: Interpolator: Using input file with no time dimension - ozone_1990_notime_zero.nc
2026-03-20 13:06:44,272 - isca - DEBUG - Initializing src field : ozone_1990
2026-03-20 13:06:44,274 - isca - DEBUG - 
2026-03-20 13:06:44,274 - isca - DEBUG - -----------------------------------
2026-03-20 13:06:44,274 - isca - DEBUG - ____                       _
2026-03-20 13:06:44,274 - isca - DEBUG - / ___|  ___   ___ _ __ __ _| |_ ___  ___
2026-03-20 13:06:44,274 - isca - DEBUG - \___ \ / _ \ / __|  __/ _` | __/ _ \/ __|
2026-03-20 13:06:44,274 - isca - DEBUG - ___) | (_) | (__| | | (_| | ||  __/\__ \
2026-03-20 13:06:44,274 - isca - DEBUG - |____/ \___/ \___|_|  \__,_|\__\___||___/
2026-03-20 13:06:44,274 - isca - DEBUG - 
2026-03-20 13:06:44,274 - isca - DEBUG - Initialised Socrates v17.03
2026-03-20 13:06:44,274 - isca - DEBUG - Stellar constant =    1840.00000000000
2026-03-20 13:06:44,274 - isca - DEBUG - Longwave spectral file =
2026-03-20 13:06:44,274 - isca - DEBUG - /proj/bolinc/users/x_ryabo/socrates_edited_for_isca/spectral_files_for_GCMs/Sun
2026-03-20 13:06:44,274 - isca - DEBUG - /miniSuran_lw.sf WITH           16  bands
2026-03-20 13:06:44,275 - isca - DEBUG - Longwave hires spectral file =
2026-03-20 13:06:44,275 - isca - DEBUG - /proj/bolinc/users/x_ryabo/socrates_edited_for_isca/spectral_files_for_GCMs/Sun
2026-03-20 13:06:44,275 - isca - DEBUG - /miniSuran_lw.sf WITH           16  bands
2026-03-20 13:06:44,275 - isca - DEBUG - Shortwave spectral file =
2026-03-20 13:06:44,275 - isca - DEBUG - /proj/bolinc/users/x_ryabo/socrates_edited_for_isca/spectral_files_for_GCMs/Sun
2026-03-20 13:06:44,275 - isca - DEBUG - /miniSuran_sw.sf WITH           16  bands
2026-03-20 13:06:44,275 - isca - DEBUG - Shortwave hires spectral file =
2026-03-20 13:06:44,275 - isca - DEBUG - /proj/bolinc/users/x_ryabo/socrates_edited_for_isca/spectral_files_for_GCMs/Sun
2026-03-20 13:06:44,275 - isca - DEBUG - /miniSuran_sw.sf WITH           16  bands
2026-03-20 13:06:44,275 - isca - DEBUG - 
2026-03-20 13:06:44,275 - isca - DEBUG - -----------------------------------
2026-03-20 13:06:44,275 - isca - DEBUG - 
2026-03-20 13:07:15,845 - isca - DEBUG - Integration completed through    4 Sep  2   0: 0: 0
2026-03-20 13:07:47,370 - isca - DEBUG - Integration completed through    4 Sep  3   0: 0: 0
2026-03-20 13:08:18,861 - isca - DEBUG - Integration completed through    4 Sep  4   0: 0: 0
2026-03-20 13:08:50,370 - isca - DEBUG - Integration completed through    4 Sep  5   0: 0: 0
2026-03-20 13:09:21,835 - isca - DEBUG - Integration completed through    4 Sep  6   0: 0: 0
2026-03-20 13:09:53,306 - isca - DEBUG - Integration completed through    4 Sep  7   0: 0: 0
2026-03-20 13:10:24,823 - isca - DEBUG - Integration completed through    4 Sep  8   0: 0: 0
2026-03-20 13:10:56,354 - isca - DEBUG - Integration completed through    4 Sep  9   0: 0: 0
2026-03-20 13:11:27,873 - isca - DEBUG - Integration completed through    4 Sep 10   0: 0: 0
2026-03-20 13:11:59,458 - isca - DEBUG - Integration completed through    4 Sep 11   0: 0: 0
2026-03-20 13:12:31,005 - isca - DEBUG - Integration completed through    4 Sep 12   0: 0: 0
2026-03-20 13:13:02,521 - isca - DEBUG - Integration completed through    4 Sep 13   0: 0: 0
2026-03-20 13:13:34,022 - isca - DEBUG - Integration completed through    4 Sep 14   0: 0: 0
2026-03-20 13:14:05,569 - isca - DEBUG - Integration completed through    4 Sep 15   0: 0: 0
2026-03-20 13:14:37,136 - isca - DEBUG - Integration completed through    4 Sep 16   0: 0: 0
2026-03-20 13:15:08,741 - isca - DEBUG - Integration completed through    4 Sep 17   0: 0: 0
2026-03-20 13:15:40,280 - isca - DEBUG - Integration completed through    4 Sep 18   0: 0: 0
2026-03-20 13:16:11,784 - isca - DEBUG - Integration completed through    4 Sep 19   0: 0: 0
2026-03-20 13:16:43,372 - isca - DEBUG - Integration completed through    4 Sep 20   0: 0: 0
2026-03-20 13:17:14,953 - isca - DEBUG - Integration completed through    4 Sep 21   0: 0: 0
2026-03-20 13:17:46,522 - isca - DEBUG - Integration completed through    4 Sep 22   0: 0: 0
2026-03-20 13:18:18,108 - isca - DEBUG - Integration completed through    4 Sep 23   0: 0: 0
2026-03-20 13:18:49,681 - isca - DEBUG - Integration completed through    4 Sep 24   0: 0: 0
2026-03-20 13:19:21,171 - isca - DEBUG - Integration completed through    4 Sep 25   0: 0: 0
2026-03-20 13:19:52,728 - isca - DEBUG - Integration completed through    4 Sep 26   0: 0: 0
2026-03-20 13:20:24,232 - isca - DEBUG - Integration completed through    4 Sep 27   0: 0: 0
2026-03-20 13:20:55,740 - isca - DEBUG - Integration completed through    4 Sep 28   0: 0: 0
2026-03-20 13:21:27,266 - isca - DEBUG - Integration completed through    4 Sep 29   0: 0: 0
2026-03-20 13:21:58,821 - isca - DEBUG - Integration completed through    4 Sep 30   0: 0: 0
2026-03-20 13:22:30,374 - isca - DEBUG - Integration completed through    4 Oct  1   0: 0: 0
2026-03-20 13:22:30,384 - isca - DEBUG - 
2026-03-20 13:22:30,384 - isca - WARNING - WARNING from PE    0: diag_util_mod::opening_file: module/field_name (socrates/soc_toa_sw_down_clr) NOT registered
2026-03-20 13:22:30,384 - isca - DEBUG - 
2026-03-20 13:22:30,384 - isca - DEBUG - 
2026-03-20 13:22:30,384 - isca - WARNING - WARNING from PE    0: diag_util_mod::opening_file: module/field_name (socrates/soc_toa_sw_down_clr) NOT registered
2026-03-20 13:22:30,384 - isca - DEBUG - 
2026-03-20 13:22:30,384 - isca - DEBUG - 
2026-03-20 13:22:30,384 - isca - WARNING - WARNING from PE    0: diag_util_mod::opening_file: module/field_name (cloud_simple/rh_min) NOT registered
2026-03-20 13:22:30,384 - isca - DEBUG - 
2026-03-20 13:22:30,384 - isca - DEBUG - 
2026-03-20 13:22:30,384 - isca - WARNING - WARNING from PE    0: diag_util_mod::opening_file: module/field_name (cloud_simple/rh_min) NOT registered
2026-03-20 13:22:30,384 - isca - DEBUG - 
2026-03-20 13:22:30,394 - isca - DEBUG - NOTE from PE    0: MPP_IO_SET_STACK_SIZE: stack size set to     393216.
2026-03-20 13:22:30,492 - isca - DEBUG - MPP_DOMAINS_STACK high water mark=       49152
2026-03-20 13:22:30,492 - isca - DEBUG - 
2026-03-20 13:22:30,492 - isca - DEBUG - Tabulating mpp_clock statistics across     16 PEs...
2026-03-20 13:22:30,492 - isca - DEBUG - 
2026-03-20 13:22:30,492 - isca - DEBUG - tmin          tmax          tavg          tstd  tfrac grain pemin pemax
2026-03-20 13:22:30,492 - isca - DEBUG - Total runtime                       947.524488    947.528983    947.526288      0.001351  1.000     0     0    15
2026-03-20 13:22:30,492 - isca - DEBUG - MPP_STACK high water mark=           0
2026-03-20 13:22:30,610 - isca - INFO - Run 45 complete
2026-03-20 13:22:31,541 - isca - DEBUG - atmos_monthly.nc combined and copied to data directory
2026-03-20 13:22:34,799 - isca - INFO - Restart archive created at /proj/bolinc/users/x_ryabo/Isca-Ryan_outputs/Earth_1840/restarts/res0045.tar.gz
2026-03-20 13:22:34,811 - isca - INFO - Writing namelist to '/proj/bolinc/users/x_ryabo/Isca-Ryan_outputs/Earth_1840/run0045/input.nml'
2026-03-20 13:22:34,813 - isca - INFO - Writing field_table to '/proj/bolinc/users/x_ryabo/Isca-Ryan_outputs/Earth_1840/run0045/field_table'
2026-03-20 13:22:34,823 - isca - INFO - Writing diag_table to '/proj/bolinc/users/x_ryabo/Isca-Ryan_outputs/Earth_1840/run0045/diag_table'
2026-03-20 13:22:35,316 - isca - INFO - Emptied run directory '/home/x_ryabo/Isca-Ryan_tmp/experiment/Earth_1840/run'
2026-03-20 13:22:35,336 - isca - INFO - Emptied run directory '/home/x_ryabo/Isca-Ryan_tmp/experiment/Earth_1840/run'
2026-03-20 13:22:35,659 - isca - INFO - Writing namelist to '/home/x_ryabo/Isca-Ryan_tmp/experiment/Earth_1840/run/input.nml'
2026-03-20 13:22:35,660 - isca - INFO - Writing field_table to '/home/x_ryabo/Isca-Ryan_tmp/experiment/Earth_1840/run/field_table'
2026-03-20 13:22:35,673 - isca - INFO - Writing diag_table to '/home/x_ryabo/Isca-Ryan_tmp/experiment/Earth_1840/run/diag_table'
2026-03-20 13:22:35,686 - isca - INFO - Using restart file '/proj/bolinc/users/x_ryabo/Isca-Ryan_outputs/Earth_1840/restarts/res0045.tar.gz'
2026-03-20 13:22:36,094 - isca - INFO - Restart /proj/bolinc/users/x_ryabo/Isca-Ryan_outputs/Earth_1840/restarts/res0045.tar.gz extracted to /home/x_ryabo/Isca-Ryan_tmp/experiment/Earth_1840/run/INPUT
2026-03-20 13:22:36,094 - isca - INFO - Beginning run 46
2026-03-20 13:22:36,106 - isca - INFO - process running as 2564837
2026-03-20 13:22:36,106 - isca - DEBUG - loadmodules for Isca on NSC cluster Tetralith
2026-03-20 13:22:36,106 - isca - DEBUG - mpiifort
2026-03-20 13:22:36,221 - isca - DEBUG - The following modules were not unloaded:
2026-03-20 13:22:36,221 - isca - DEBUG - (Use "module --force purge" to unload all):
2026-03-20 13:22:36,222 - isca - DEBUG - 
2026-03-20 13:22:36,222 - isca - DEBUG - 1) hpc/.1.10.1
2026-03-20 13:22:36,327 - isca - DEBUG - ***************************************************
2026-03-20 13:22:36,327 - isca - DEBUG - You have loaded a buildenv module
2026-03-20 13:22:36,327 - isca - DEBUG - ***************************************************
2026-03-20 13:22:36,327 - isca - DEBUG - The buldenv-intel module makes available:
2026-03-20 13:22:36,327 - isca - DEBUG - - Compilers: icc, ifort, etc.
2026-03-20 13:22:36,327 - isca - DEBUG - - Mpi library with mpi-wrapped compilers: intel mpi with mpicc, mpifort, etc.
2026-03-20 13:22:36,327 - isca - DEBUG - - Numerical libraries: intel MKL
2026-03-20 13:22:36,327 - isca - DEBUG - 
2026-03-20 13:22:36,327 - isca - DEBUG - It also makes a set of dependency library modules available via
2026-03-20 13:22:36,327 - isca - DEBUG - the regular module command. Just do:
2026-03-20 13:22:36,327 - isca - DEBUG - module avail
2026-03-20 13:22:36,327 - isca - DEBUG - to see what is available.
2026-03-20 13:22:36,327 - isca - DEBUG - 
2026-03-20 13:22:36,327 - isca - DEBUG - NOTE: You shoud never load build environments inside submitted jobs.
2026-03-20 13:22:36,327 - isca - DEBUG - (with the single exception of when using supercomputer time to compile code.)
2026-03-20 13:22:36,327 - isca - DEBUG - 
2026-03-20 13:22:39,963 - isca - DEBUG - NOTE from PE    0: MPP_DOMAINS_SET_STACK_SIZE: stack size set to    32768.
2026-03-20 13:22:39,963 - isca - DEBUG - &MPP_IO_NML
2026-03-20 13:22:39,963 - isca - DEBUG - HEADER_BUFFER_VAL       =       16384,
2026-03-20 13:22:39,964 - isca - DEBUG - GLOBAL_FIELD_ON_ROOT_PE = T,
2026-03-20 13:22:39,964 - isca - DEBUG - IO_CLOCKS_ON    = F,
2026-03-20 13:22:39,964 - isca - DEBUG - SHUFFLE =           0,
2026-03-20 13:22:39,964 - isca - DEBUG - DEFLATE_LEVEL   =          -1
2026-03-20 13:22:39,964 - isca - DEBUG - /
2026-03-20 13:22:39,966 - isca - DEBUG - NOTE from PE    0: MPP_IO_SET_STACK_SIZE: stack size set to     131072.
2026-03-20 13:22:39,967 - isca - DEBUG - NOTE from PE    0: MPP_DOMAINS_SET_STACK_SIZE: stack size set to   600000.
2026-03-20 13:22:39,974 - isca - DEBUG - starting            1  OpenMP threads per MPI-task
2026-03-20 13:22:39,976 - isca - DEBUG - ATMOS MODEL DOMAIN DECOMPOSITION
2026-03-20 13:22:39,977 - isca - DEBUG - X-AXIS =  128
2026-03-20 13:22:39,977 - isca - DEBUG - Y-AXIS =    4   4   4   4   4   4   4   4   4   4   4   4   4   4   4   4
2026-03-20 13:22:40,037 - isca - DEBUG - NOTE from PE    0: cloud_simple: Using SimCloud cloud scheme
2026-03-20 13:22:40,038 - isca - DEBUG - NOTE from PE    0: ls_cloud: Using Sundqvist (1989) cloud fraction diagnostic formula.
2026-03-20 13:22:40,039 - isca - DEBUG - NOTE from PE    0: cloud_cover: The cloud overlap assumption is MAXIMUM-RANDOM
2026-03-20 13:22:40,039 - isca - DEBUG - NOTE from PE    0: idealized_moist_phys: Using Frierson Quasi-Equilibrium convection scheme.
2026-03-20 13:22:40,048 - isca - DEBUG - 
2026-03-20 13:22:40,048 - isca - WARNING - WARNING from PE    0: socrates_init: lw_hires_spectral_filename is unset, making equal to lw_spectral_filename
2026-03-20 13:22:40,049 - isca - DEBUG - 
2026-03-20 13:22:40,049 - isca - DEBUG - 
2026-03-20 13:22:40,049 - isca - WARNING - WARNING from PE    0: socrates_init: lw_hires_spectral_filename is unset, making equal to lw_spectral_filename
2026-03-20 13:22:40,049 - isca - DEBUG - 
2026-03-20 13:22:40,049 - isca - DEBUG - 
2026-03-20 13:22:40,049 - isca - WARNING - WARNING from PE    0: socrates_init: sw_hires_spectral_filename is unset, making equal to sw_spectral_filename
2026-03-20 13:22:40,049 - isca - DEBUG - 
2026-03-20 13:22:40,049 - isca - DEBUG - 
2026-03-20 13:22:40,049 - isca - WARNING - WARNING from PE    0: socrates_init: sw_hires_spectral_filename is unset, making equal to sw_spectral_filename
2026-03-20 13:22:40,049 - isca - DEBUG - 
2026-03-20 13:22:41,261 - isca - DEBUG - NOTE from PE    0: Interpolator: Using input file with no time dimension - ozone_1990_notime_zero.nc
2026-03-20 13:22:41,261 - isca - DEBUG - Initializing src field : ozone_1990
2026-03-20 13:22:41,263 - isca - DEBUG - 
2026-03-20 13:22:41,263 - isca - DEBUG - -----------------------------------
2026-03-20 13:22:41,263 - isca - DEBUG - ____                       _
2026-03-20 13:22:41,263 - isca - DEBUG - / ___|  ___   ___ _ __ __ _| |_ ___  ___
2026-03-20 13:22:41,263 - isca - DEBUG - \___ \ / _ \ / __|  __/ _` | __/ _ \/ __|
2026-03-20 13:22:41,263 - isca - DEBUG - ___) | (_) | (__| | | (_| | ||  __/\__ \
2026-03-20 13:22:41,263 - isca - DEBUG - |____/ \___/ \___|_|  \__,_|\__\___||___/
2026-03-20 13:22:41,263 - isca - DEBUG - 
2026-03-20 13:22:41,263 - isca - DEBUG - Initialised Socrates v17.03
2026-03-20 13:22:41,263 - isca - DEBUG - Stellar constant =    1840.00000000000
2026-03-20 13:22:41,264 - isca - DEBUG - Longwave spectral file =
2026-03-20 13:22:41,264 - isca - DEBUG - /proj/bolinc/users/x_ryabo/socrates_edited_for_isca/spectral_files_for_GCMs/Sun
2026-03-20 13:22:41,264 - isca - DEBUG - /miniSuran_lw.sf WITH           16  bands
2026-03-20 13:22:41,264 - isca - DEBUG - Longwave hires spectral file =
2026-03-20 13:22:41,264 - isca - DEBUG - /proj/bolinc/users/x_ryabo/socrates_edited_for_isca/spectral_files_for_GCMs/Sun
2026-03-20 13:22:41,264 - isca - DEBUG - /miniSuran_lw.sf WITH           16  bands
2026-03-20 13:22:41,264 - isca - DEBUG - Shortwave spectral file =
2026-03-20 13:22:41,264 - isca - DEBUG - /proj/bolinc/users/x_ryabo/socrates_edited_for_isca/spectral_files_for_GCMs/Sun
2026-03-20 13:22:41,264 - isca - DEBUG - /miniSuran_sw.sf WITH           16  bands
2026-03-20 13:22:41,264 - isca - DEBUG - Shortwave hires spectral file =
2026-03-20 13:22:41,264 - isca - DEBUG - /proj/bolinc/users/x_ryabo/socrates_edited_for_isca/spectral_files_for_GCMs/Sun
2026-03-20 13:22:41,264 - isca - DEBUG - /miniSuran_sw.sf WITH           16  bands
2026-03-20 13:22:41,264 - isca - DEBUG - 
2026-03-20 13:22:41,264 - isca - DEBUG - -----------------------------------
2026-03-20 13:22:41,264 - isca - DEBUG - 
2026-03-20 13:23:12,803 - isca - DEBUG - Integration completed through    4 Oct  2   0: 0: 0
2026-03-20 13:23:44,296 - isca - DEBUG - Integration completed through    4 Oct  3   0: 0: 0
2026-03-20 13:24:15,738 - isca - DEBUG - Integration completed through    4 Oct  4   0: 0: 0
2026-03-20 13:24:47,212 - isca - DEBUG - Integration completed through    4 Oct  5   0: 0: 0
2026-03-20 13:25:18,657 - isca - DEBUG - Integration completed through    4 Oct  6   0: 0: 0
2026-03-20 13:25:50,134 - isca - DEBUG - Integration completed through    4 Oct  7   0: 0: 0
2026-03-20 13:26:21,559 - isca - DEBUG - Integration completed through    4 Oct  8   0: 0: 0
2026-03-20 13:26:53,030 - isca - DEBUG - Integration completed through    4 Oct  9   0: 0: 0
2026-03-20 13:27:24,485 - isca - DEBUG - Integration completed through    4 Oct 10   0: 0: 0
2026-03-20 13:27:55,965 - isca - DEBUG - Integration completed through    4 Oct 11   0: 0: 0
2026-03-20 13:28:27,421 - isca - DEBUG - Integration completed through    4 Oct 12   0: 0: 0
2026-03-20 13:28:58,871 - isca - DEBUG - Integration completed through    4 Oct 13   0: 0: 0
2026-03-20 13:29:30,345 - isca - DEBUG - Integration completed through    4 Oct 14   0: 0: 0
2026-03-20 13:30:01,805 - isca - DEBUG - Integration completed through    4 Oct 15   0: 0: 0
2026-03-20 13:30:33,271 - isca - DEBUG - Integration completed through    4 Oct 16   0: 0: 0
2026-03-20 13:31:04,767 - isca - DEBUG - Integration completed through    4 Oct 17   0: 0: 0
2026-03-20 13:31:36,229 - isca - DEBUG - Integration completed through    4 Oct 18   0: 0: 0
2026-03-20 13:32:07,735 - isca - DEBUG - Integration completed through    4 Oct 19   0: 0: 0
2026-03-20 13:32:39,229 - isca - DEBUG - Integration completed through    4 Oct 20   0: 0: 0
2026-03-20 13:33:10,698 - isca - DEBUG - Integration completed through    4 Oct 21   0: 0: 0
2026-03-20 13:33:42,137 - isca - DEBUG - Integration completed through    4 Oct 22   0: 0: 0
2026-03-20 13:34:13,598 - isca - DEBUG - Integration completed through    4 Oct 23   0: 0: 0
2026-03-20 13:34:45,045 - isca - DEBUG - Integration completed through    4 Oct 24   0: 0: 0
2026-03-20 13:35:16,511 - isca - DEBUG - Integration completed through    4 Oct 25   0: 0: 0
2026-03-20 13:35:48,050 - isca - DEBUG - Integration completed through    4 Oct 26   0: 0: 0
2026-03-20 13:36:19,546 - isca - DEBUG - Integration completed through    4 Oct 27   0: 0: 0
2026-03-20 13:36:51,061 - isca - DEBUG - Integration completed through    4 Oct 28   0: 0: 0
2026-03-20 13:37:22,575 - isca - DEBUG - Integration completed through    4 Oct 29   0: 0: 0
2026-03-20 13:37:54,058 - isca - DEBUG - Integration completed through    4 Oct 30   0: 0: 0
2026-03-20 13:38:25,542 - isca - DEBUG - Integration completed through    4 Nov  1   0: 0: 0
2026-03-20 13:38:25,550 - isca - DEBUG - 
2026-03-20 13:38:25,550 - isca - WARNING - WARNING from PE    0: diag_util_mod::opening_file: module/field_name (socrates/soc_toa_sw_down_clr) NOT registered
2026-03-20 13:38:25,550 - isca - DEBUG - 
2026-03-20 13:38:25,551 - isca - DEBUG - 
2026-03-20 13:38:25,551 - isca - WARNING - WARNING from PE    0: diag_util_mod::opening_file: module/field_name (socrates/soc_toa_sw_down_clr) NOT registered
2026-03-20 13:38:25,551 - isca - DEBUG - 
2026-03-20 13:38:25,551 - isca - DEBUG - 
2026-03-20 13:38:25,551 - isca - WARNING - WARNING from PE    0: diag_util_mod::opening_file: module/field_name (cloud_simple/rh_min) NOT registered
2026-03-20 13:38:25,551 - isca - DEBUG - 
2026-03-20 13:38:25,551 - isca - DEBUG - 
2026-03-20 13:38:25,551 - isca - WARNING - WARNING from PE    0: diag_util_mod::opening_file: module/field_name (cloud_simple/rh_min) NOT registered
2026-03-20 13:38:25,551 - isca - DEBUG - 
2026-03-20 13:38:25,562 - isca - DEBUG - NOTE from PE    0: MPP_IO_SET_STACK_SIZE: stack size set to     393216.
2026-03-20 13:38:25,672 - isca - DEBUG - MPP_DOMAINS_STACK high water mark=       49152
2026-03-20 13:38:25,672 - isca - DEBUG - 
2026-03-20 13:38:25,672 - isca - DEBUG - Tabulating mpp_clock statistics across     16 PEs...
2026-03-20 13:38:25,672 - isca - DEBUG - 
2026-03-20 13:38:25,672 - isca - DEBUG - tmin          tmax          tavg          tstd  tfrac grain pemin pemax
2026-03-20 13:38:25,672 - isca - DEBUG - Total runtime                       945.707578    945.713545    945.709875      0.001797  1.000     0     0    15
2026-03-20 13:38:25,673 - isca - DEBUG - MPP_STACK high water mark=           0
2026-03-20 13:38:25,756 - isca - INFO - Run 46 complete
2026-03-20 13:38:26,760 - isca - DEBUG - atmos_monthly.nc combined and copied to data directory
2026-03-20 13:38:29,970 - isca - INFO - Restart archive created at /proj/bolinc/users/x_ryabo/Isca-Ryan_outputs/Earth_1840/restarts/res0046.tar.gz
2026-03-20 13:38:29,982 - isca - INFO - Writing namelist to '/proj/bolinc/users/x_ryabo/Isca-Ryan_outputs/Earth_1840/run0046/input.nml'
2026-03-20 13:38:29,984 - isca - INFO - Writing field_table to '/proj/bolinc/users/x_ryabo/Isca-Ryan_outputs/Earth_1840/run0046/field_table'
2026-03-20 13:38:29,995 - isca - INFO - Writing diag_table to '/proj/bolinc/users/x_ryabo/Isca-Ryan_outputs/Earth_1840/run0046/diag_table'
2026-03-20 13:38:30,347 - isca - INFO - Emptied run directory '/home/x_ryabo/Isca-Ryan_tmp/experiment/Earth_1840/run'
2026-03-20 13:38:30,370 - isca - INFO - Emptied run directory '/home/x_ryabo/Isca-Ryan_tmp/experiment/Earth_1840/run'
2026-03-20 13:38:30,697 - isca - INFO - Writing namelist to '/home/x_ryabo/Isca-Ryan_tmp/experiment/Earth_1840/run/input.nml'
2026-03-20 13:38:30,699 - isca - INFO - Writing field_table to '/home/x_ryabo/Isca-Ryan_tmp/experiment/Earth_1840/run/field_table'
2026-03-20 13:38:30,711 - isca - INFO - Writing diag_table to '/home/x_ryabo/Isca-Ryan_tmp/experiment/Earth_1840/run/diag_table'
2026-03-20 13:38:30,727 - isca - INFO - Using restart file '/proj/bolinc/users/x_ryabo/Isca-Ryan_outputs/Earth_1840/restarts/res0046.tar.gz'
2026-03-20 13:38:31,135 - isca - INFO - Restart /proj/bolinc/users/x_ryabo/Isca-Ryan_outputs/Earth_1840/restarts/res0046.tar.gz extracted to /home/x_ryabo/Isca-Ryan_tmp/experiment/Earth_1840/run/INPUT
2026-03-20 13:38:31,136 - isca - INFO - Beginning run 47
2026-03-20 13:38:31,147 - isca - INFO - process running as 2565736
2026-03-20 13:38:31,147 - isca - DEBUG - loadmodules for Isca on NSC cluster Tetralith
2026-03-20 13:38:31,148 - isca - DEBUG - mpiifort
2026-03-20 13:38:31,260 - isca - DEBUG - The following modules were not unloaded:
2026-03-20 13:38:31,260 - isca - DEBUG - (Use "module --force purge" to unload all):
2026-03-20 13:38:31,260 - isca - DEBUG - 
2026-03-20 13:38:31,260 - isca - DEBUG - 1) hpc/.1.10.1
2026-03-20 13:38:31,365 - isca - DEBUG - ***************************************************
2026-03-20 13:38:31,365 - isca - DEBUG - You have loaded a buildenv module
2026-03-20 13:38:31,365 - isca - DEBUG - ***************************************************
2026-03-20 13:38:31,365 - isca - DEBUG - The buldenv-intel module makes available:
2026-03-20 13:38:31,365 - isca - DEBUG - - Compilers: icc, ifort, etc.
2026-03-20 13:38:31,365 - isca - DEBUG - - Mpi library with mpi-wrapped compilers: intel mpi with mpicc, mpifort, etc.
2026-03-20 13:38:31,365 - isca - DEBUG - - Numerical libraries: intel MKL
2026-03-20 13:38:31,365 - isca - DEBUG - 
2026-03-20 13:38:31,365 - isca - DEBUG - It also makes a set of dependency library modules available via
2026-03-20 13:38:31,365 - isca - DEBUG - the regular module command. Just do:
2026-03-20 13:38:31,365 - isca - DEBUG - module avail
2026-03-20 13:38:31,365 - isca - DEBUG - to see what is available.
2026-03-20 13:38:31,365 - isca - DEBUG - 
2026-03-20 13:38:31,365 - isca - DEBUG - NOTE: You shoud never load build environments inside submitted jobs.
2026-03-20 13:38:31,365 - isca - DEBUG - (with the single exception of when using supercomputer time to compile code.)
2026-03-20 13:38:31,365 - isca - DEBUG - 
2026-03-20 13:38:32,486 - isca - DEBUG - NOTE from PE    0: MPP_DOMAINS_SET_STACK_SIZE: stack size set to    32768.
2026-03-20 13:38:32,486 - isca - DEBUG - &MPP_IO_NML
2026-03-20 13:38:32,486 - isca - DEBUG - HEADER_BUFFER_VAL       =       16384,
2026-03-20 13:38:32,486 - isca - DEBUG - GLOBAL_FIELD_ON_ROOT_PE = T,
2026-03-20 13:38:32,486 - isca - DEBUG - IO_CLOCKS_ON    = F,
2026-03-20 13:38:32,486 - isca - DEBUG - SHUFFLE =           0,
2026-03-20 13:38:32,486 - isca - DEBUG - DEFLATE_LEVEL   =          -1
2026-03-20 13:38:32,486 - isca - DEBUG - /
2026-03-20 13:38:32,487 - isca - DEBUG - NOTE from PE    0: MPP_IO_SET_STACK_SIZE: stack size set to     131072.
2026-03-20 13:38:32,488 - isca - DEBUG - NOTE from PE    0: MPP_DOMAINS_SET_STACK_SIZE: stack size set to   600000.
2026-03-20 13:38:32,496 - isca - DEBUG - starting            1  OpenMP threads per MPI-task
2026-03-20 13:38:32,498 - isca - DEBUG - ATMOS MODEL DOMAIN DECOMPOSITION
2026-03-20 13:38:32,498 - isca - DEBUG - X-AXIS =  128
2026-03-20 13:38:32,498 - isca - DEBUG - Y-AXIS =    4   4   4   4   4   4   4   4   4   4   4   4   4   4   4   4
2026-03-20 13:38:32,559 - isca - DEBUG - NOTE from PE    0: cloud_simple: Using SimCloud cloud scheme
2026-03-20 13:38:32,560 - isca - DEBUG - NOTE from PE    0: ls_cloud: Using Sundqvist (1989) cloud fraction diagnostic formula.
2026-03-20 13:38:32,560 - isca - DEBUG - NOTE from PE    0: cloud_cover: The cloud overlap assumption is MAXIMUM-RANDOM
2026-03-20 13:38:32,560 - isca - DEBUG - NOTE from PE    0: idealized_moist_phys: Using Frierson Quasi-Equilibrium convection scheme.
2026-03-20 13:38:32,569 - isca - DEBUG - 
2026-03-20 13:38:32,570 - isca - WARNING - WARNING from PE    0: socrates_init: lw_hires_spectral_filename is unset, making equal to lw_spectral_filename
2026-03-20 13:38:32,570 - isca - DEBUG - 
2026-03-20 13:38:32,570 - isca - DEBUG - 
2026-03-20 13:38:32,570 - isca - WARNING - WARNING from PE    0: socrates_init: lw_hires_spectral_filename is unset, making equal to lw_spectral_filename
2026-03-20 13:38:32,570 - isca - DEBUG - 
2026-03-20 13:38:32,570 - isca - DEBUG - 
2026-03-20 13:38:32,570 - isca - WARNING - WARNING from PE    0: socrates_init: sw_hires_spectral_filename is unset, making equal to sw_spectral_filename
2026-03-20 13:38:32,570 - isca - DEBUG - 
2026-03-20 13:38:32,570 - isca - DEBUG - 
2026-03-20 13:38:32,570 - isca - WARNING - WARNING from PE    0: socrates_init: sw_hires_spectral_filename is unset, making equal to sw_spectral_filename
2026-03-20 13:38:32,570 - isca - DEBUG - 
2026-03-20 13:38:33,786 - isca - DEBUG - NOTE from PE    0: Interpolator: Using input file with no time dimension - ozone_1990_notime_zero.nc
2026-03-20 13:38:33,787 - isca - DEBUG - Initializing src field : ozone_1990
2026-03-20 13:38:33,789 - isca - DEBUG - 
2026-03-20 13:38:33,789 - isca - DEBUG - -----------------------------------
2026-03-20 13:38:33,789 - isca - DEBUG - ____                       _
2026-03-20 13:38:33,789 - isca - DEBUG - / ___|  ___   ___ _ __ __ _| |_ ___  ___
2026-03-20 13:38:33,789 - isca - DEBUG - \___ \ / _ \ / __|  __/ _` | __/ _ \/ __|
2026-03-20 13:38:33,789 - isca - DEBUG - ___) | (_) | (__| | | (_| | ||  __/\__ \
2026-03-20 13:38:33,789 - isca - DEBUG - |____/ \___/ \___|_|  \__,_|\__\___||___/
2026-03-20 13:38:33,789 - isca - DEBUG - 
2026-03-20 13:38:33,789 - isca - DEBUG - Initialised Socrates v17.03
2026-03-20 13:38:33,789 - isca - DEBUG - Stellar constant =    1840.00000000000
2026-03-20 13:38:33,789 - isca - DEBUG - Longwave spectral file =
2026-03-20 13:38:33,789 - isca - DEBUG - /proj/bolinc/users/x_ryabo/socrates_edited_for_isca/spectral_files_for_GCMs/Sun
2026-03-20 13:38:33,789 - isca - DEBUG - /miniSuran_lw.sf WITH           16  bands
2026-03-20 13:38:33,789 - isca - DEBUG - Longwave hires spectral file =
2026-03-20 13:38:33,789 - isca - DEBUG - /proj/bolinc/users/x_ryabo/socrates_edited_for_isca/spectral_files_for_GCMs/Sun
2026-03-20 13:38:33,789 - isca - DEBUG - /miniSuran_lw.sf WITH           16  bands
2026-03-20 13:38:33,789 - isca - DEBUG - Shortwave spectral file =
2026-03-20 13:38:33,789 - isca - DEBUG - /proj/bolinc/users/x_ryabo/socrates_edited_for_isca/spectral_files_for_GCMs/Sun
2026-03-20 13:38:33,789 - isca - DEBUG - /miniSuran_sw.sf WITH           16  bands
2026-03-20 13:38:33,789 - isca - DEBUG - Shortwave hires spectral file =
2026-03-20 13:38:33,789 - isca - DEBUG - /proj/bolinc/users/x_ryabo/socrates_edited_for_isca/spectral_files_for_GCMs/Sun
2026-03-20 13:38:33,789 - isca - DEBUG - /miniSuran_sw.sf WITH           16  bands
2026-03-20 13:38:33,789 - isca - DEBUG - 
2026-03-20 13:38:33,789 - isca - DEBUG - -----------------------------------
2026-03-20 13:38:33,790 - isca - DEBUG - 
2026-03-20 13:39:05,777 - isca - DEBUG - Integration completed through    4 Nov  2   0: 0: 0
2026-03-20 13:39:37,671 - isca - DEBUG - Integration completed through    4 Nov  3   0: 0: 0
2026-03-20 13:40:09,541 - isca - DEBUG - Integration completed through    4 Nov  4   0: 0: 0
2026-03-20 13:40:41,410 - isca - DEBUG - Integration completed through    4 Nov  5   0: 0: 0
2026-03-20 13:41:13,260 - isca - DEBUG - Integration completed through    4 Nov  6   0: 0: 0
2026-03-20 13:41:45,178 - isca - DEBUG - Integration completed through    4 Nov  7   0: 0: 0
2026-03-20 13:42:17,072 - isca - DEBUG - Integration completed through    4 Nov  8   0: 0: 0
2026-03-20 13:42:48,997 - isca - DEBUG - Integration completed through    4 Nov  9   0: 0: 0
2026-03-20 13:43:20,860 - isca - DEBUG - Integration completed through    4 Nov 10   0: 0: 0
2026-03-20 13:43:52,762 - isca - DEBUG - Integration completed through    4 Nov 11   0: 0: 0
2026-03-20 13:44:24,654 - isca - DEBUG - Integration completed through    4 Nov 12   0: 0: 0
2026-03-20 13:44:56,519 - isca - DEBUG - Integration completed through    4 Nov 13   0: 0: 0
2026-03-20 13:45:28,397 - isca - DEBUG - Integration completed through    4 Nov 14   0: 0: 0
2026-03-20 13:46:00,328 - isca - DEBUG - Integration completed through    4 Nov 15   0: 0: 0
2026-03-20 13:46:32,273 - isca - DEBUG - Integration completed through    4 Nov 16   0: 0: 0
2026-03-20 13:47:04,188 - isca - DEBUG - Integration completed through    4 Nov 17   0: 0: 0
2026-03-20 13:47:36,122 - isca - DEBUG - Integration completed through    4 Nov 18   0: 0: 0
2026-03-20 13:48:08,031 - isca - DEBUG - Integration completed through    4 Nov 19   0: 0: 0
2026-03-20 13:48:40,003 - isca - DEBUG - Integration completed through    4 Nov 20   0: 0: 0
2026-03-20 13:49:11,966 - isca - DEBUG - Integration completed through    4 Nov 21   0: 0: 0
2026-03-20 13:49:43,968 - isca - DEBUG - Integration completed through    4 Nov 22   0: 0: 0
2026-03-20 13:50:15,896 - isca - DEBUG - Integration completed through    4 Nov 23   0: 0: 0
2026-03-20 13:50:47,851 - isca - DEBUG - Integration completed through    4 Nov 24   0: 0: 0
2026-03-20 13:51:19,786 - isca - DEBUG - Integration completed through    4 Nov 25   0: 0: 0
2026-03-20 13:51:51,741 - isca - DEBUG - Integration completed through    4 Nov 26   0: 0: 0
2026-03-20 13:52:23,659 - isca - DEBUG - Integration completed through    4 Nov 27   0: 0: 0
2026-03-20 13:52:55,607 - isca - DEBUG - Integration completed through    4 Nov 28   0: 0: 0
2026-03-20 13:53:27,549 - isca - DEBUG - Integration completed through    4 Nov 29   0: 0: 0
2026-03-20 13:53:59,463 - isca - DEBUG - Integration completed through    4 Nov 30   0: 0: 0
2026-03-20 13:54:31,280 - isca - DEBUG - Integration completed through    4 Dec  1   0: 0: 0
2026-03-20 13:54:31,289 - isca - DEBUG - 
2026-03-20 13:54:31,290 - isca - WARNING - WARNING from PE    0: diag_util_mod::opening_file: module/field_name (socrates/soc_toa_sw_down_clr) NOT registered
2026-03-20 13:54:31,290 - isca - DEBUG - 
2026-03-20 13:54:31,290 - isca - DEBUG - 
2026-03-20 13:54:31,290 - isca - WARNING - WARNING from PE    0: diag_util_mod::opening_file: module/field_name (socrates/soc_toa_sw_down_clr) NOT registered
2026-03-20 13:54:31,290 - isca - DEBUG - 
2026-03-20 13:54:31,290 - isca - DEBUG - 
2026-03-20 13:54:31,290 - isca - WARNING - WARNING from PE    0: diag_util_mod::opening_file: module/field_name (cloud_simple/rh_min) NOT registered
2026-03-20 13:54:31,290 - isca - DEBUG - 
2026-03-20 13:54:31,290 - isca - DEBUG - 
2026-03-20 13:54:31,290 - isca - WARNING - WARNING from PE    0: diag_util_mod::opening_file: module/field_name (cloud_simple/rh_min) NOT registered
2026-03-20 13:54:31,290 - isca - DEBUG - 
2026-03-20 13:54:31,301 - isca - DEBUG - NOTE from PE    0: MPP_IO_SET_STACK_SIZE: stack size set to     393216.
2026-03-20 13:54:31,394 - isca - DEBUG - MPP_DOMAINS_STACK high water mark=       49152
2026-03-20 13:54:31,395 - isca - DEBUG - 
2026-03-20 13:54:31,395 - isca - DEBUG - Tabulating mpp_clock statistics across     16 PEs...
2026-03-20 13:54:31,395 - isca - DEBUG - 
2026-03-20 13:54:31,395 - isca - DEBUG - tmin          tmax          tavg          tstd  tfrac grain pemin pemax
2026-03-20 13:54:31,395 - isca - DEBUG - Total runtime                       958.905601    958.912640    958.909272      0.001678  1.000     0     0    15
2026-03-20 13:54:31,395 - isca - DEBUG - MPP_STACK high water mark=           0
2026-03-20 13:54:31,522 - isca - INFO - Run 47 complete
2026-03-20 13:54:32,501 - isca - DEBUG - atmos_monthly.nc combined and copied to data directory
2026-03-20 13:54:35,725 - isca - INFO - Restart archive created at /proj/bolinc/users/x_ryabo/Isca-Ryan_outputs/Earth_1840/restarts/res0047.tar.gz
2026-03-20 13:54:35,737 - isca - INFO - Writing namelist to '/proj/bolinc/users/x_ryabo/Isca-Ryan_outputs/Earth_1840/run0047/input.nml'
2026-03-20 13:54:35,739 - isca - INFO - Writing field_table to '/proj/bolinc/users/x_ryabo/Isca-Ryan_outputs/Earth_1840/run0047/field_table'
2026-03-20 13:54:35,749 - isca - INFO - Writing diag_table to '/proj/bolinc/users/x_ryabo/Isca-Ryan_outputs/Earth_1840/run0047/diag_table'
2026-03-20 13:54:36,115 - isca - INFO - Emptied run directory '/home/x_ryabo/Isca-Ryan_tmp/experiment/Earth_1840/run'
2026-03-20 13:54:36,137 - isca - INFO - Emptied run directory '/home/x_ryabo/Isca-Ryan_tmp/experiment/Earth_1840/run'
2026-03-20 13:54:36,466 - isca - INFO - Writing namelist to '/home/x_ryabo/Isca-Ryan_tmp/experiment/Earth_1840/run/input.nml'
2026-03-20 13:54:36,468 - isca - INFO - Writing field_table to '/home/x_ryabo/Isca-Ryan_tmp/experiment/Earth_1840/run/field_table'
2026-03-20 13:54:36,481 - isca - INFO - Writing diag_table to '/home/x_ryabo/Isca-Ryan_tmp/experiment/Earth_1840/run/diag_table'
2026-03-20 13:54:36,494 - isca - INFO - Using restart file '/proj/bolinc/users/x_ryabo/Isca-Ryan_outputs/Earth_1840/restarts/res0047.tar.gz'
2026-03-20 13:54:36,904 - isca - INFO - Restart /proj/bolinc/users/x_ryabo/Isca-Ryan_outputs/Earth_1840/restarts/res0047.tar.gz extracted to /home/x_ryabo/Isca-Ryan_tmp/experiment/Earth_1840/run/INPUT
2026-03-20 13:54:36,905 - isca - INFO - Beginning run 48
2026-03-20 13:54:36,920 - isca - INFO - process running as 2566643
2026-03-20 13:54:36,920 - isca - DEBUG - loadmodules for Isca on NSC cluster Tetralith
2026-03-20 13:54:36,920 - isca - DEBUG - mpiifort
2026-03-20 13:54:37,029 - isca - DEBUG - The following modules were not unloaded:
2026-03-20 13:54:37,029 - isca - DEBUG - (Use "module --force purge" to unload all):
2026-03-20 13:54:37,029 - isca - DEBUG - 
2026-03-20 13:54:37,029 - isca - DEBUG - 1) hpc/.1.10.1
2026-03-20 13:54:37,134 - isca - DEBUG - ***************************************************
2026-03-20 13:54:37,135 - isca - DEBUG - You have loaded a buildenv module
2026-03-20 13:54:37,135 - isca - DEBUG - ***************************************************
2026-03-20 13:54:37,135 - isca - DEBUG - The buldenv-intel module makes available:
2026-03-20 13:54:37,135 - isca - DEBUG - - Compilers: icc, ifort, etc.
2026-03-20 13:54:37,135 - isca - DEBUG - - Mpi library with mpi-wrapped compilers: intel mpi with mpicc, mpifort, etc.
2026-03-20 13:54:37,135 - isca - DEBUG - - Numerical libraries: intel MKL
2026-03-20 13:54:37,135 - isca - DEBUG - 
2026-03-20 13:54:37,135 - isca - DEBUG - It also makes a set of dependency library modules available via
2026-03-20 13:54:37,135 - isca - DEBUG - the regular module command. Just do:
2026-03-20 13:54:37,135 - isca - DEBUG - module avail
2026-03-20 13:54:37,135 - isca - DEBUG - to see what is available.
2026-03-20 13:54:37,135 - isca - DEBUG - 
2026-03-20 13:54:37,135 - isca - DEBUG - NOTE: You shoud never load build environments inside submitted jobs.
2026-03-20 13:54:37,135 - isca - DEBUG - (with the single exception of when using supercomputer time to compile code.)
2026-03-20 13:54:37,135 - isca - DEBUG - 
2026-03-20 13:54:43,117 - isca - DEBUG - NOTE from PE    0: MPP_DOMAINS_SET_STACK_SIZE: stack size set to    32768.
2026-03-20 13:54:43,117 - isca - DEBUG - &MPP_IO_NML
2026-03-20 13:54:43,117 - isca - DEBUG - HEADER_BUFFER_VAL       =       16384,
2026-03-20 13:54:43,117 - isca - DEBUG - GLOBAL_FIELD_ON_ROOT_PE = T,
2026-03-20 13:54:43,118 - isca - DEBUG - IO_CLOCKS_ON    = F,
2026-03-20 13:54:43,118 - isca - DEBUG - SHUFFLE =           0,
2026-03-20 13:54:43,118 - isca - DEBUG - DEFLATE_LEVEL   =          -1
2026-03-20 13:54:43,118 - isca - DEBUG - /
2026-03-20 13:54:43,119 - isca - DEBUG - NOTE from PE    0: MPP_IO_SET_STACK_SIZE: stack size set to     131072.
2026-03-20 13:54:43,120 - isca - DEBUG - NOTE from PE    0: MPP_DOMAINS_SET_STACK_SIZE: stack size set to   600000.
2026-03-20 13:54:43,127 - isca - DEBUG - starting            1  OpenMP threads per MPI-task
2026-03-20 13:54:43,129 - isca - DEBUG - ATMOS MODEL DOMAIN DECOMPOSITION
2026-03-20 13:54:43,129 - isca - DEBUG - X-AXIS =  128
2026-03-20 13:54:43,130 - isca - DEBUG - Y-AXIS =    4   4   4   4   4   4   4   4   4   4   4   4   4   4   4   4
2026-03-20 13:54:43,190 - isca - DEBUG - NOTE from PE    0: cloud_simple: Using SimCloud cloud scheme
2026-03-20 13:54:43,191 - isca - DEBUG - NOTE from PE    0: ls_cloud: Using Sundqvist (1989) cloud fraction diagnostic formula.
2026-03-20 13:54:43,191 - isca - DEBUG - NOTE from PE    0: cloud_cover: The cloud overlap assumption is MAXIMUM-RANDOM
2026-03-20 13:54:43,192 - isca - DEBUG - NOTE from PE    0: idealized_moist_phys: Using Frierson Quasi-Equilibrium convection scheme.
2026-03-20 13:54:43,200 - isca - DEBUG - 
2026-03-20 13:54:43,200 - isca - WARNING - WARNING from PE    0: socrates_init: lw_hires_spectral_filename is unset, making equal to lw_spectral_filename
2026-03-20 13:54:43,200 - isca - DEBUG - 
2026-03-20 13:54:43,200 - isca - DEBUG - 
2026-03-20 13:54:43,200 - isca - WARNING - WARNING from PE    0: socrates_init: lw_hires_spectral_filename is unset, making equal to lw_spectral_filename
2026-03-20 13:54:43,200 - isca - DEBUG - 
2026-03-20 13:54:43,200 - isca - DEBUG - 
2026-03-20 13:54:43,200 - isca - WARNING - WARNING from PE    0: socrates_init: sw_hires_spectral_filename is unset, making equal to sw_spectral_filename
2026-03-20 13:54:43,200 - isca - DEBUG - 
2026-03-20 13:54:43,200 - isca - DEBUG - 
2026-03-20 13:54:43,200 - isca - WARNING - WARNING from PE    0: socrates_init: sw_hires_spectral_filename is unset, making equal to sw_spectral_filename
2026-03-20 13:54:43,200 - isca - DEBUG - 
2026-03-20 13:54:44,428 - isca - DEBUG - NOTE from PE    0: Interpolator: Using input file with no time dimension - ozone_1990_notime_zero.nc
2026-03-20 13:54:44,428 - isca - DEBUG - Initializing src field : ozone_1990
2026-03-20 13:54:44,431 - isca - DEBUG - 
2026-03-20 13:54:44,431 - isca - DEBUG - -----------------------------------
2026-03-20 13:54:44,431 - isca - DEBUG - ____                       _
2026-03-20 13:54:44,431 - isca - DEBUG - / ___|  ___   ___ _ __ __ _| |_ ___  ___
2026-03-20 13:54:44,431 - isca - DEBUG - \___ \ / _ \ / __|  __/ _` | __/ _ \/ __|
2026-03-20 13:54:44,431 - isca - DEBUG - ___) | (_) | (__| | | (_| | ||  __/\__ \
2026-03-20 13:54:44,431 - isca - DEBUG - |____/ \___/ \___|_|  \__,_|\__\___||___/
2026-03-20 13:54:44,431 - isca - DEBUG - 
2026-03-20 13:54:44,431 - isca - DEBUG - Initialised Socrates v17.03
2026-03-20 13:54:44,431 - isca - DEBUG - Stellar constant =    1840.00000000000
2026-03-20 13:54:44,431 - isca - DEBUG - Longwave spectral file =
2026-03-20 13:54:44,431 - isca - DEBUG - /proj/bolinc/users/x_ryabo/socrates_edited_for_isca/spectral_files_for_GCMs/Sun
2026-03-20 13:54:44,431 - isca - DEBUG - /miniSuran_lw.sf WITH           16  bands
2026-03-20 13:54:44,431 - isca - DEBUG - Longwave hires spectral file =
2026-03-20 13:54:44,431 - isca - DEBUG - /proj/bolinc/users/x_ryabo/socrates_edited_for_isca/spectral_files_for_GCMs/Sun
2026-03-20 13:54:44,444 - isca - DEBUG - /miniSuran_lw.sf WITH           16  bands
2026-03-20 13:54:44,444 - isca - DEBUG - Shortwave spectral file =
2026-03-20 13:54:44,444 - isca - DEBUG - /proj/bolinc/users/x_ryabo/socrates_edited_for_isca/spectral_files_for_GCMs/Sun
2026-03-20 13:54:44,444 - isca - DEBUG - /miniSuran_sw.sf WITH           16  bands
2026-03-20 13:54:44,444 - isca - DEBUG - Shortwave hires spectral file =
2026-03-20 13:54:44,444 - isca - DEBUG - /proj/bolinc/users/x_ryabo/socrates_edited_for_isca/spectral_files_for_GCMs/Sun
2026-03-20 13:54:44,444 - isca - DEBUG - /miniSuran_sw.sf WITH           16  bands
2026-03-20 13:54:44,444 - isca - DEBUG - 
2026-03-20 13:54:44,445 - isca - DEBUG - -----------------------------------
2026-03-20 13:54:44,445 - isca - DEBUG - 
2026-03-20 13:55:15,977 - isca - DEBUG - Integration completed through    4 Dec  2   0: 0: 0
2026-03-20 13:55:47,525 - isca - DEBUG - Integration completed through    4 Dec  3   0: 0: 0
2026-03-20 13:56:19,019 - isca - DEBUG - Integration completed through    4 Dec  4   0: 0: 0
2026-03-20 13:56:50,544 - isca - DEBUG - Integration completed through    4 Dec  5   0: 0: 0
2026-03-20 13:57:22,079 - isca - DEBUG - Integration completed through    4 Dec  6   0: 0: 0
2026-03-20 13:57:53,642 - isca - DEBUG - Integration completed through    4 Dec  7   0: 0: 0
2026-03-20 13:58:25,202 - isca - DEBUG - Integration completed through    4 Dec  8   0: 0: 0
2026-03-20 13:58:56,789 - isca - DEBUG - Integration completed through    4 Dec  9   0: 0: 0
2026-03-20 13:59:28,303 - isca - DEBUG - Integration completed through    4 Dec 10   0: 0: 0
2026-03-20 13:59:59,839 - isca - DEBUG - Integration completed through    4 Dec 11   0: 0: 0
2026-03-20 14:00:31,380 - isca - DEBUG - Integration completed through    4 Dec 12   0: 0: 0
2026-03-20 14:01:02,956 - isca - DEBUG - Integration completed through    4 Dec 13   0: 0: 0
2026-03-20 14:01:34,473 - isca - DEBUG - Integration completed through    4 Dec 14   0: 0: 0
2026-03-20 14:02:06,030 - isca - DEBUG - Integration completed through    4 Dec 15   0: 0: 0
2026-03-20 14:02:37,556 - isca - DEBUG - Integration completed through    4 Dec 16   0: 0: 0
2026-03-20 14:03:09,175 - isca - DEBUG - Integration completed through    4 Dec 17   0: 0: 0
2026-03-20 14:03:40,840 - isca - DEBUG - Integration completed through    4 Dec 18   0: 0: 0
2026-03-20 14:04:12,387 - isca - DEBUG - Integration completed through    4 Dec 19   0: 0: 0
2026-03-20 14:04:43,962 - isca - DEBUG - Integration completed through    4 Dec 20   0: 0: 0
2026-03-20 14:05:15,499 - isca - DEBUG - Integration completed through    4 Dec 21   0: 0: 0
2026-03-20 14:05:47,061 - isca - DEBUG - Integration completed through    4 Dec 22   0: 0: 0
2026-03-20 14:06:18,594 - isca - DEBUG - Integration completed through    4 Dec 23   0: 0: 0
2026-03-20 14:06:50,170 - isca - DEBUG - Integration completed through    4 Dec 24   0: 0: 0
2026-03-20 14:07:21,727 - isca - DEBUG - Integration completed through    4 Dec 25   0: 0: 0
2026-03-20 14:07:53,254 - isca - DEBUG - Integration completed through    4 Dec 26   0: 0: 0
2026-03-20 14:08:24,802 - isca - DEBUG - Integration completed through    4 Dec 27   0: 0: 0
2026-03-20 14:08:56,305 - isca - DEBUG - Integration completed through    4 Dec 28   0: 0: 0
2026-03-20 14:09:27,761 - isca - DEBUG - Integration completed through    4 Dec 29   0: 0: 0
2026-03-20 14:09:59,285 - isca - DEBUG - Integration completed through    4 Dec 30   0: 0: 0
2026-03-20 14:10:30,820 - isca - DEBUG - Integration completed through    5 Jan  1   0: 0: 0
2026-03-20 14:10:31,076 - isca - DEBUG - 
2026-03-20 14:10:31,076 - isca - WARNING - WARNING from PE    0: diag_util_mod::opening_file: module/field_name (socrates/soc_toa_sw_down_clr) NOT registered
2026-03-20 14:10:31,076 - isca - DEBUG - 
2026-03-20 14:10:31,076 - isca - DEBUG - 
2026-03-20 14:10:31,076 - isca - WARNING - WARNING from PE    0: diag_util_mod::opening_file: module/field_name (cloud_simple/rh_min) NOT registered
2026-03-20 14:10:31,076 - isca - DEBUG - 
2026-03-20 14:10:31,076 - isca - DEBUG - 
2026-03-20 14:10:31,077 - isca - WARNING - WARNING from PE    0: diag_util_mod::opening_file: module/field_name (socrates/soc_toa_sw_down_clr) NOT registered
2026-03-20 14:10:31,077 - isca - DEBUG - 
2026-03-20 14:10:31,077 - isca - DEBUG - 
2026-03-20 14:10:31,077 - isca - WARNING - WARNING from PE    0: diag_util_mod::opening_file: module/field_name (cloud_simple/rh_min) NOT registered
2026-03-20 14:10:31,077 - isca - DEBUG - 
2026-03-20 14:10:31,086 - isca - DEBUG - NOTE from PE    0: MPP_IO_SET_STACK_SIZE: stack size set to     393216.
2026-03-20 14:10:31,296 - isca - DEBUG - MPP_DOMAINS_STACK high water mark=       49152
2026-03-20 14:10:31,297 - isca - DEBUG - 
2026-03-20 14:10:31,297 - isca - DEBUG - Tabulating mpp_clock statistics across     16 PEs...
2026-03-20 14:10:31,297 - isca - DEBUG - 
2026-03-20 14:10:31,297 - isca - DEBUG - tmin          tmax          tavg          tstd  tfrac grain pemin pemax
2026-03-20 14:10:31,297 - isca - DEBUG - Total runtime                       948.178126    948.183159    948.180439      0.001404  1.000     0     0    15
2026-03-20 14:10:31,297 - isca - DEBUG - MPP_STACK high water mark=           0
2026-03-20 14:10:31,427 - isca - INFO - Run 48 complete
2026-03-20 14:10:32,359 - isca - DEBUG - atmos_monthly.nc combined and copied to data directory
2026-03-20 14:10:35,569 - isca - INFO - Restart archive created at /proj/bolinc/users/x_ryabo/Isca-Ryan_outputs/Earth_1840/restarts/res0048.tar.gz
2026-03-20 14:10:35,582 - isca - INFO - Writing namelist to '/proj/bolinc/users/x_ryabo/Isca-Ryan_outputs/Earth_1840/run0048/input.nml'
2026-03-20 14:10:35,583 - isca - INFO - Writing field_table to '/proj/bolinc/users/x_ryabo/Isca-Ryan_outputs/Earth_1840/run0048/field_table'
2026-03-20 14:10:35,594 - isca - INFO - Writing diag_table to '/proj/bolinc/users/x_ryabo/Isca-Ryan_outputs/Earth_1840/run0048/diag_table'
2026-03-20 14:10:35,994 - isca - INFO - Emptied run directory '/home/x_ryabo/Isca-Ryan_tmp/experiment/Earth_1840/run'
2026-03-20 14:10:36,014 - isca - INFO - Emptied run directory '/home/x_ryabo/Isca-Ryan_tmp/experiment/Earth_1840/run'
2026-03-20 14:10:36,341 - isca - INFO - Writing namelist to '/home/x_ryabo/Isca-Ryan_tmp/experiment/Earth_1840/run/input.nml'
2026-03-20 14:10:36,343 - isca - INFO - Writing field_table to '/home/x_ryabo/Isca-Ryan_tmp/experiment/Earth_1840/run/field_table'
2026-03-20 14:10:36,360 - isca - INFO - Writing diag_table to '/home/x_ryabo/Isca-Ryan_tmp/experiment/Earth_1840/run/diag_table'
2026-03-20 14:10:36,374 - isca - INFO - Using restart file '/proj/bolinc/users/x_ryabo/Isca-Ryan_outputs/Earth_1840/restarts/res0048.tar.gz'
2026-03-20 14:10:36,783 - isca - INFO - Restart /proj/bolinc/users/x_ryabo/Isca-Ryan_outputs/Earth_1840/restarts/res0048.tar.gz extracted to /home/x_ryabo/Isca-Ryan_tmp/experiment/Earth_1840/run/INPUT
2026-03-20 14:10:36,784 - isca - INFO - Beginning run 49
2026-03-20 14:10:36,796 - isca - INFO - process running as 2567704
2026-03-20 14:10:36,796 - isca - DEBUG - loadmodules for Isca on NSC cluster Tetralith
2026-03-20 14:10:36,796 - isca - DEBUG - mpiifort
2026-03-20 14:10:36,908 - isca - DEBUG - The following modules were not unloaded:
2026-03-20 14:10:36,908 - isca - DEBUG - (Use "module --force purge" to unload all):
2026-03-20 14:10:36,908 - isca - DEBUG - 
2026-03-20 14:10:36,908 - isca - DEBUG - 1) hpc/.1.10.1
2026-03-20 14:10:37,013 - isca - DEBUG - ***************************************************
2026-03-20 14:10:37,013 - isca - DEBUG - You have loaded a buildenv module
2026-03-20 14:10:37,013 - isca - DEBUG - ***************************************************
2026-03-20 14:10:37,013 - isca - DEBUG - The buldenv-intel module makes available:
2026-03-20 14:10:37,013 - isca - DEBUG - - Compilers: icc, ifort, etc.
2026-03-20 14:10:37,013 - isca - DEBUG - - Mpi library with mpi-wrapped compilers: intel mpi with mpicc, mpifort, etc.
2026-03-20 14:10:37,013 - isca - DEBUG - - Numerical libraries: intel MKL
2026-03-20 14:10:37,013 - isca - DEBUG - 
2026-03-20 14:10:37,013 - isca - DEBUG - It also makes a set of dependency library modules available via
2026-03-20 14:10:37,013 - isca - DEBUG - the regular module command. Just do:
2026-03-20 14:10:37,013 - isca - DEBUG - module avail
2026-03-20 14:10:37,013 - isca - DEBUG - to see what is available.
2026-03-20 14:10:37,013 - isca - DEBUG - 
2026-03-20 14:10:37,014 - isca - DEBUG - NOTE: You shoud never load build environments inside submitted jobs.
2026-03-20 14:10:37,014 - isca - DEBUG - (with the single exception of when using supercomputer time to compile code.)
2026-03-20 14:10:37,014 - isca - DEBUG - 
2026-03-20 14:10:42,674 - isca - DEBUG - NOTE from PE    0: MPP_DOMAINS_SET_STACK_SIZE: stack size set to    32768.
2026-03-20 14:10:42,675 - isca - DEBUG - &MPP_IO_NML
2026-03-20 14:10:42,675 - isca - DEBUG - HEADER_BUFFER_VAL       =       16384,
2026-03-20 14:10:42,675 - isca - DEBUG - GLOBAL_FIELD_ON_ROOT_PE = T,
2026-03-20 14:10:42,675 - isca - DEBUG - IO_CLOCKS_ON    = F,
2026-03-20 14:10:42,675 - isca - DEBUG - SHUFFLE =           0,
2026-03-20 14:10:42,675 - isca - DEBUG - DEFLATE_LEVEL   =          -1
2026-03-20 14:10:42,675 - isca - DEBUG - /
2026-03-20 14:10:42,676 - isca - DEBUG - NOTE from PE    0: MPP_IO_SET_STACK_SIZE: stack size set to     131072.
2026-03-20 14:10:42,677 - isca - DEBUG - NOTE from PE    0: MPP_DOMAINS_SET_STACK_SIZE: stack size set to   600000.
2026-03-20 14:10:42,685 - isca - DEBUG - starting            1  OpenMP threads per MPI-task
2026-03-20 14:10:42,686 - isca - DEBUG - ATMOS MODEL DOMAIN DECOMPOSITION
2026-03-20 14:10:42,687 - isca - DEBUG - X-AXIS =  128
2026-03-20 14:10:42,687 - isca - DEBUG - Y-AXIS =    4   4   4   4   4   4   4   4   4   4   4   4   4   4   4   4
2026-03-20 14:10:42,742 - isca - DEBUG - NOTE from PE    0: cloud_simple: Using SimCloud cloud scheme
2026-03-20 14:10:42,744 - isca - DEBUG - NOTE from PE    0: ls_cloud: Using Sundqvist (1989) cloud fraction diagnostic formula.
2026-03-20 14:10:42,744 - isca - DEBUG - NOTE from PE    0: cloud_cover: The cloud overlap assumption is MAXIMUM-RANDOM
2026-03-20 14:10:42,744 - isca - DEBUG - NOTE from PE    0: idealized_moist_phys: Using Frierson Quasi-Equilibrium convection scheme.
2026-03-20 14:10:42,753 - isca - DEBUG - 
2026-03-20 14:10:42,753 - isca - WARNING - WARNING from PE    0: socrates_init: lw_hires_spectral_filename is unset, making equal to lw_spectral_filename
2026-03-20 14:10:42,754 - isca - DEBUG - 
2026-03-20 14:10:42,754 - isca - DEBUG - 
2026-03-20 14:10:42,754 - isca - WARNING - WARNING from PE    0: socrates_init: lw_hires_spectral_filename is unset, making equal to lw_spectral_filename
2026-03-20 14:10:42,754 - isca - DEBUG - 
2026-03-20 14:10:42,754 - isca - DEBUG - 
2026-03-20 14:10:42,754 - isca - WARNING - WARNING from PE    0: socrates_init: sw_hires_spectral_filename is unset, making equal to sw_spectral_filename
2026-03-20 14:10:42,754 - isca - DEBUG - 
2026-03-20 14:10:42,754 - isca - DEBUG - 
2026-03-20 14:10:42,754 - isca - WARNING - WARNING from PE    0: socrates_init: sw_hires_spectral_filename is unset, making equal to sw_spectral_filename
2026-03-20 14:10:42,754 - isca - DEBUG - 
2026-03-20 14:10:43,963 - isca - DEBUG - NOTE from PE    0: Interpolator: Using input file with no time dimension - ozone_1990_notime_zero.nc
2026-03-20 14:10:43,963 - isca - DEBUG - Initializing src field : ozone_1990
2026-03-20 14:10:43,965 - isca - DEBUG - 
2026-03-20 14:10:43,965 - isca - DEBUG - -----------------------------------
2026-03-20 14:10:43,965 - isca - DEBUG - ____                       _
2026-03-20 14:10:43,965 - isca - DEBUG - / ___|  ___   ___ _ __ __ _| |_ ___  ___
2026-03-20 14:10:43,965 - isca - DEBUG - \___ \ / _ \ / __|  __/ _` | __/ _ \/ __|
2026-03-20 14:10:43,965 - isca - DEBUG - ___) | (_) | (__| | | (_| | ||  __/\__ \
2026-03-20 14:10:43,965 - isca - DEBUG - |____/ \___/ \___|_|  \__,_|\__\___||___/
2026-03-20 14:10:43,965 - isca - DEBUG - 
2026-03-20 14:10:43,965 - isca - DEBUG - Initialised Socrates v17.03
2026-03-20 14:10:43,965 - isca - DEBUG - Stellar constant =    1840.00000000000
2026-03-20 14:10:43,965 - isca - DEBUG - Longwave spectral file =
2026-03-20 14:10:43,966 - isca - DEBUG - /proj/bolinc/users/x_ryabo/socrates_edited_for_isca/spectral_files_for_GCMs/Sun
2026-03-20 14:10:43,966 - isca - DEBUG - /miniSuran_lw.sf WITH           16  bands
2026-03-20 14:10:43,966 - isca - DEBUG - Longwave hires spectral file =
2026-03-20 14:10:43,966 - isca - DEBUG - /proj/bolinc/users/x_ryabo/socrates_edited_for_isca/spectral_files_for_GCMs/Sun
2026-03-20 14:10:43,966 - isca - DEBUG - /miniSuran_lw.sf WITH           16  bands
2026-03-20 14:10:43,966 - isca - DEBUG - Shortwave spectral file =
2026-03-20 14:10:43,966 - isca - DEBUG - /proj/bolinc/users/x_ryabo/socrates_edited_for_isca/spectral_files_for_GCMs/Sun
2026-03-20 14:10:43,967 - isca - DEBUG - /miniSuran_sw.sf WITH           16  bands
2026-03-20 14:10:43,967 - isca - DEBUG - Shortwave hires spectral file =
2026-03-20 14:10:43,967 - isca - DEBUG - /proj/bolinc/users/x_ryabo/socrates_edited_for_isca/spectral_files_for_GCMs/Sun
2026-03-20 14:10:43,967 - isca - DEBUG - /miniSuran_sw.sf WITH           16  bands
2026-03-20 14:10:43,967 - isca - DEBUG - 
2026-03-20 14:10:43,967 - isca - DEBUG - -----------------------------------
2026-03-20 14:10:43,967 - isca - DEBUG - 
2026-03-20 14:11:15,453 - isca - DEBUG - Integration completed through    5 Jan  2   0: 0: 0
2026-03-20 14:11:46,904 - isca - DEBUG - Integration completed through    5 Jan  3   0: 0: 0
2026-03-20 14:12:18,304 - isca - DEBUG - Integration completed through    5 Jan  4   0: 0: 0
2026-03-20 14:12:49,711 - isca - DEBUG - Integration completed through    5 Jan  5   0: 0: 0
2026-03-20 14:13:21,085 - isca - DEBUG - Integration completed through    5 Jan  6   0: 0: 0
2026-03-20 14:13:52,569 - isca - DEBUG - Integration completed through    5 Jan  7   0: 0: 0
2026-03-20 14:14:23,977 - isca - DEBUG - Integration completed through    5 Jan  8   0: 0: 0
2026-03-20 14:14:55,321 - isca - DEBUG - Integration completed through    5 Jan  9   0: 0: 0
2026-03-20 14:15:26,747 - isca - DEBUG - Integration completed through    5 Jan 10   0: 0: 0
2026-03-20 14:15:58,132 - isca - DEBUG - Integration completed through    5 Jan 11   0: 0: 0
2026-03-20 14:16:29,498 - isca - DEBUG - Integration completed through    5 Jan 12   0: 0: 0
2026-03-20 14:17:00,853 - isca - DEBUG - Integration completed through    5 Jan 13   0: 0: 0
2026-03-20 14:17:32,231 - isca - DEBUG - Integration completed through    5 Jan 14   0: 0: 0
2026-03-20 14:18:03,677 - isca - DEBUG - Integration completed through    5 Jan 15   0: 0: 0
2026-03-20 14:18:35,055 - isca - DEBUG - Integration completed through    5 Jan 16   0: 0: 0
2026-03-20 14:19:06,435 - isca - DEBUG - Integration completed through    5 Jan 17   0: 0: 0
2026-03-20 14:19:37,792 - isca - DEBUG - Integration completed through    5 Jan 18   0: 0: 0
2026-03-20 14:20:09,179 - isca - DEBUG - Integration completed through    5 Jan 19   0: 0: 0
2026-03-20 14:20:40,571 - isca - DEBUG - Integration completed through    5 Jan 20   0: 0: 0
2026-03-20 14:21:12,015 - isca - DEBUG - Integration completed through    5 Jan 21   0: 0: 0
2026-03-20 14:21:43,392 - isca - DEBUG - Integration completed through    5 Jan 22   0: 0: 0
2026-03-20 14:22:14,749 - isca - DEBUG - Integration completed through    5 Jan 23   0: 0: 0
2026-03-20 14:22:46,131 - isca - DEBUG - Integration completed through    5 Jan 24   0: 0: 0
2026-03-20 14:23:17,551 - isca - DEBUG - Integration completed through    5 Jan 25   0: 0: 0
2026-03-20 14:23:49,075 - isca - DEBUG - Integration completed through    5 Jan 26   0: 0: 0
2026-03-20 14:24:20,529 - isca - DEBUG - Integration completed through    5 Jan 27   0: 0: 0
2026-03-20 14:24:52,018 - isca - DEBUG - Integration completed through    5 Jan 28   0: 0: 0
2026-03-20 14:25:23,406 - isca - DEBUG - Integration completed through    5 Jan 29   0: 0: 0
2026-03-20 14:25:54,829 - isca - DEBUG - Integration completed through    5 Jan 30   0: 0: 0
2026-03-20 14:26:26,224 - isca - DEBUG - Integration completed through    5 Feb  1   0: 0: 0
2026-03-20 14:26:26,233 - isca - DEBUG - 
2026-03-20 14:26:26,233 - isca - WARNING - WARNING from PE    0: diag_util_mod::opening_file: module/field_name (socrates/soc_toa_sw_down_clr) NOT registered
2026-03-20 14:26:26,234 - isca - DEBUG - 
2026-03-20 14:26:26,234 - isca - DEBUG - 
2026-03-20 14:26:26,234 - isca - WARNING - WARNING from PE    0: diag_util_mod::opening_file: module/field_name (socrates/soc_toa_sw_down_clr) NOT registered
2026-03-20 14:26:26,234 - isca - DEBUG - 
2026-03-20 14:26:26,234 - isca - DEBUG - 
2026-03-20 14:26:26,234 - isca - WARNING - WARNING from PE    0: diag_util_mod::opening_file: module/field_name (cloud_simple/rh_min) NOT registered
2026-03-20 14:26:26,234 - isca - DEBUG - 
2026-03-20 14:26:26,234 - isca - DEBUG - 
2026-03-20 14:26:26,234 - isca - WARNING - WARNING from PE    0: diag_util_mod::opening_file: module/field_name (cloud_simple/rh_min) NOT registered
2026-03-20 14:26:26,234 - isca - DEBUG - 
2026-03-20 14:26:26,245 - isca - DEBUG - NOTE from PE    0: MPP_IO_SET_STACK_SIZE: stack size set to     393216.
2026-03-20 14:26:27,211 - isca - DEBUG - MPP_DOMAINS_STACK high water mark=       49152
2026-03-20 14:26:27,211 - isca - DEBUG - 
2026-03-20 14:26:27,212 - isca - DEBUG - Tabulating mpp_clock statistics across     16 PEs...
2026-03-20 14:26:27,212 - isca - DEBUG - 
2026-03-20 14:26:27,212 - isca - DEBUG - tmin          tmax          tavg          tstd  tfrac grain pemin pemax
2026-03-20 14:26:27,212 - isca - DEBUG - Total runtime                       944.534858    944.539486    944.537325      0.001497  1.000     0     0    15
2026-03-20 14:26:27,212 - isca - DEBUG - MPP_STACK high water mark=           0
2026-03-20 14:26:27,364 - isca - INFO - Run 49 complete
2026-03-20 14:26:28,391 - isca - DEBUG - atmos_monthly.nc combined and copied to data directory
2026-03-20 14:26:31,608 - isca - INFO - Restart archive created at /proj/bolinc/users/x_ryabo/Isca-Ryan_outputs/Earth_1840/restarts/res0049.tar.gz
2026-03-20 14:26:31,621 - isca - INFO - Writing namelist to '/proj/bolinc/users/x_ryabo/Isca-Ryan_outputs/Earth_1840/run0049/input.nml'
2026-03-20 14:26:31,622 - isca - INFO - Writing field_table to '/proj/bolinc/users/x_ryabo/Isca-Ryan_outputs/Earth_1840/run0049/field_table'
2026-03-20 14:26:31,635 - isca - INFO - Writing diag_table to '/proj/bolinc/users/x_ryabo/Isca-Ryan_outputs/Earth_1840/run0049/diag_table'
2026-03-20 14:26:31,996 - isca - INFO - Emptied run directory '/home/x_ryabo/Isca-Ryan_tmp/experiment/Earth_1840/run'
2026-03-20 14:26:32,016 - isca - INFO - Emptied run directory '/home/x_ryabo/Isca-Ryan_tmp/experiment/Earth_1840/run'
2026-03-20 14:26:32,340 - isca - INFO - Writing namelist to '/home/x_ryabo/Isca-Ryan_tmp/experiment/Earth_1840/run/input.nml'
2026-03-20 14:26:32,342 - isca - INFO - Writing field_table to '/home/x_ryabo/Isca-Ryan_tmp/experiment/Earth_1840/run/field_table'
2026-03-20 14:26:32,355 - isca - INFO - Writing diag_table to '/home/x_ryabo/Isca-Ryan_tmp/experiment/Earth_1840/run/diag_table'
2026-03-20 14:26:32,368 - isca - INFO - Using restart file '/proj/bolinc/users/x_ryabo/Isca-Ryan_outputs/Earth_1840/restarts/res0049.tar.gz'
2026-03-20 14:26:32,776 - isca - INFO - Restart /proj/bolinc/users/x_ryabo/Isca-Ryan_outputs/Earth_1840/restarts/res0049.tar.gz extracted to /home/x_ryabo/Isca-Ryan_tmp/experiment/Earth_1840/run/INPUT
2026-03-20 14:26:32,777 - isca - INFO - Beginning run 50
2026-03-20 14:26:32,792 - isca - INFO - process running as 2568606
2026-03-20 14:26:32,792 - isca - DEBUG - loadmodules for Isca on NSC cluster Tetralith
2026-03-20 14:26:32,792 - isca - DEBUG - mpiifort
2026-03-20 14:26:32,901 - isca - DEBUG - The following modules were not unloaded:
2026-03-20 14:26:32,901 - isca - DEBUG - (Use "module --force purge" to unload all):
2026-03-20 14:26:32,901 - isca - DEBUG - 
2026-03-20 14:26:32,901 - isca - DEBUG - 1) hpc/.1.10.1
2026-03-20 14:26:33,005 - isca - DEBUG - ***************************************************
2026-03-20 14:26:33,005 - isca - DEBUG - You have loaded a buildenv module
2026-03-20 14:26:33,005 - isca - DEBUG - ***************************************************
2026-03-20 14:26:33,005 - isca - DEBUG - The buldenv-intel module makes available:
2026-03-20 14:26:33,006 - isca - DEBUG - - Compilers: icc, ifort, etc.
2026-03-20 14:26:33,006 - isca - DEBUG - - Mpi library with mpi-wrapped compilers: intel mpi with mpicc, mpifort, etc.
2026-03-20 14:26:33,006 - isca - DEBUG - - Numerical libraries: intel MKL
2026-03-20 14:26:33,006 - isca - DEBUG - 
2026-03-20 14:26:33,006 - isca - DEBUG - It also makes a set of dependency library modules available via
2026-03-20 14:26:33,006 - isca - DEBUG - the regular module command. Just do:
2026-03-20 14:26:33,006 - isca - DEBUG - module avail
2026-03-20 14:26:33,006 - isca - DEBUG - to see what is available.
2026-03-20 14:26:33,006 - isca - DEBUG - 
2026-03-20 14:26:33,006 - isca - DEBUG - NOTE: You shoud never load build environments inside submitted jobs.
2026-03-20 14:26:33,006 - isca - DEBUG - (with the single exception of when using supercomputer time to compile code.)
2026-03-20 14:26:33,006 - isca - DEBUG - 
2026-03-20 14:26:38,552 - isca - DEBUG - NOTE from PE    0: MPP_DOMAINS_SET_STACK_SIZE: stack size set to    32768.
2026-03-20 14:26:38,552 - isca - DEBUG - &MPP_IO_NML
2026-03-20 14:26:38,552 - isca - DEBUG - HEADER_BUFFER_VAL       =       16384,
2026-03-20 14:26:38,552 - isca - DEBUG - GLOBAL_FIELD_ON_ROOT_PE = T,
2026-03-20 14:26:38,552 - isca - DEBUG - IO_CLOCKS_ON    = F,
2026-03-20 14:26:38,552 - isca - DEBUG - SHUFFLE =           0,
2026-03-20 14:26:38,552 - isca - DEBUG - DEFLATE_LEVEL   =          -1
2026-03-20 14:26:38,552 - isca - DEBUG - /
2026-03-20 14:26:38,554 - isca - DEBUG - NOTE from PE    0: MPP_IO_SET_STACK_SIZE: stack size set to     131072.
2026-03-20 14:26:38,555 - isca - DEBUG - NOTE from PE    0: MPP_DOMAINS_SET_STACK_SIZE: stack size set to   600000.
2026-03-20 14:26:38,563 - isca - DEBUG - starting            1  OpenMP threads per MPI-task
2026-03-20 14:26:38,565 - isca - DEBUG - ATMOS MODEL DOMAIN DECOMPOSITION
2026-03-20 14:26:38,565 - isca - DEBUG - X-AXIS =  128
2026-03-20 14:26:38,565 - isca - DEBUG - Y-AXIS =    4   4   4   4   4   4   4   4   4   4   4   4   4   4   4   4
2026-03-20 14:26:38,622 - isca - DEBUG - NOTE from PE    0: cloud_simple: Using SimCloud cloud scheme
2026-03-20 14:26:38,624 - isca - DEBUG - NOTE from PE    0: ls_cloud: Using Sundqvist (1989) cloud fraction diagnostic formula.
2026-03-20 14:26:38,624 - isca - DEBUG - NOTE from PE    0: cloud_cover: The cloud overlap assumption is MAXIMUM-RANDOM
2026-03-20 14:26:38,624 - isca - DEBUG - NOTE from PE    0: idealized_moist_phys: Using Frierson Quasi-Equilibrium convection scheme.
2026-03-20 14:26:38,632 - isca - DEBUG - 
2026-03-20 14:26:38,633 - isca - WARNING - WARNING from PE    0: socrates_init: lw_hires_spectral_filename is unset, making equal to lw_spectral_filename
2026-03-20 14:26:38,633 - isca - DEBUG - 
2026-03-20 14:26:38,633 - isca - DEBUG - 
2026-03-20 14:26:38,633 - isca - WARNING - WARNING from PE    0: socrates_init: lw_hires_spectral_filename is unset, making equal to lw_spectral_filename
2026-03-20 14:26:38,633 - isca - DEBUG - 
2026-03-20 14:26:38,633 - isca - DEBUG - 
2026-03-20 14:26:38,633 - isca - WARNING - WARNING from PE    0: socrates_init: sw_hires_spectral_filename is unset, making equal to sw_spectral_filename
2026-03-20 14:26:38,633 - isca - DEBUG - 
2026-03-20 14:26:38,633 - isca - DEBUG - 
2026-03-20 14:26:38,633 - isca - WARNING - WARNING from PE    0: socrates_init: sw_hires_spectral_filename is unset, making equal to sw_spectral_filename
2026-03-20 14:26:38,633 - isca - DEBUG - 
2026-03-20 14:26:39,893 - isca - DEBUG - NOTE from PE    0: Interpolator: Using input file with no time dimension - ozone_1990_notime_zero.nc
2026-03-20 14:26:39,893 - isca - DEBUG - Initializing src field : ozone_1990
2026-03-20 14:26:39,895 - isca - DEBUG - 
2026-03-20 14:26:39,895 - isca - DEBUG - -----------------------------------
2026-03-20 14:26:39,895 - isca - DEBUG - ____                       _
2026-03-20 14:26:39,895 - isca - DEBUG - / ___|  ___   ___ _ __ __ _| |_ ___  ___
2026-03-20 14:26:39,895 - isca - DEBUG - \___ \ / _ \ / __|  __/ _` | __/ _ \/ __|
2026-03-20 14:26:39,895 - isca - DEBUG - ___) | (_) | (__| | | (_| | ||  __/\__ \
2026-03-20 14:26:39,896 - isca - DEBUG - |____/ \___/ \___|_|  \__,_|\__\___||___/
2026-03-20 14:26:39,896 - isca - DEBUG - 
2026-03-20 14:26:39,896 - isca - DEBUG - Initialised Socrates v17.03
2026-03-20 14:26:39,896 - isca - DEBUG - Stellar constant =    1840.00000000000
2026-03-20 14:26:39,896 - isca - DEBUG - Longwave spectral file =
2026-03-20 14:26:39,896 - isca - DEBUG - /proj/bolinc/users/x_ryabo/socrates_edited_for_isca/spectral_files_for_GCMs/Sun
2026-03-20 14:26:39,896 - isca - DEBUG - /miniSuran_lw.sf WITH           16  bands
2026-03-20 14:26:39,896 - isca - DEBUG - Longwave hires spectral file =
2026-03-20 14:26:39,896 - isca - DEBUG - /proj/bolinc/users/x_ryabo/socrates_edited_for_isca/spectral_files_for_GCMs/Sun
2026-03-20 14:26:39,896 - isca - DEBUG - /miniSuran_lw.sf WITH           16  bands
2026-03-20 14:26:39,896 - isca - DEBUG - Shortwave spectral file =
2026-03-20 14:26:39,896 - isca - DEBUG - /proj/bolinc/users/x_ryabo/socrates_edited_for_isca/spectral_files_for_GCMs/Sun
2026-03-20 14:26:39,896 - isca - DEBUG - /miniSuran_sw.sf WITH           16  bands
2026-03-20 14:26:39,896 - isca - DEBUG - Shortwave hires spectral file =
2026-03-20 14:26:39,896 - isca - DEBUG - /proj/bolinc/users/x_ryabo/socrates_edited_for_isca/spectral_files_for_GCMs/Sun
2026-03-20 14:26:39,896 - isca - DEBUG - /miniSuran_sw.sf WITH           16  bands
2026-03-20 14:26:39,896 - isca - DEBUG - 
2026-03-20 14:26:39,896 - isca - DEBUG - -----------------------------------
2026-03-20 14:26:39,897 - isca - DEBUG - 
2026-03-20 14:27:11,432 - isca - DEBUG - Integration completed through    5 Feb  2   0: 0: 0
2026-03-20 14:27:42,938 - isca - DEBUG - Integration completed through    5 Feb  3   0: 0: 0
2026-03-20 14:28:14,366 - isca - DEBUG - Integration completed through    5 Feb  4   0: 0: 0
2026-03-20 14:28:45,810 - isca - DEBUG - Integration completed through    5 Feb  5   0: 0: 0
2026-03-20 14:29:17,259 - isca - DEBUG - Integration completed through    5 Feb  6   0: 0: 0
2026-03-20 14:29:48,766 - isca - DEBUG - Integration completed through    5 Feb  7   0: 0: 0
2026-03-20 14:30:20,219 - isca - DEBUG - Integration completed through    5 Feb  8   0: 0: 0
2026-03-20 14:30:51,629 - isca - DEBUG - Integration completed through    5 Feb  9   0: 0: 0
2026-03-20 14:31:23,001 - isca - DEBUG - Integration completed through    5 Feb 10   0: 0: 0
2026-03-20 14:31:54,397 - isca - DEBUG - Integration completed through    5 Feb 11   0: 0: 0
2026-03-20 14:32:25,786 - isca - DEBUG - Integration completed through    5 Feb 12   0: 0: 0
2026-03-20 14:32:57,178 - isca - DEBUG - Integration completed through    5 Feb 13   0: 0: 0
2026-03-20 14:33:28,560 - isca - DEBUG - Integration completed through    5 Feb 14   0: 0: 0
2026-03-20 14:33:59,980 - isca - DEBUG - Integration completed through    5 Feb 15   0: 0: 0
2026-03-20 14:34:31,435 - isca - DEBUG - Integration completed through    5 Feb 16   0: 0: 0
2026-03-20 14:35:02,872 - isca - DEBUG - Integration completed through    5 Feb 17   0: 0: 0
2026-03-20 14:35:34,279 - isca - DEBUG - Integration completed through    5 Feb 18   0: 0: 0
2026-03-20 14:36:05,713 - isca - DEBUG - Integration completed through    5 Feb 19   0: 0: 0
2026-03-20 14:36:37,187 - isca - DEBUG - Integration completed through    5 Feb 20   0: 0: 0
2026-03-20 14:37:08,632 - isca - DEBUG - Integration completed through    5 Feb 21   0: 0: 0
2026-03-20 14:37:40,073 - isca - DEBUG - Integration completed through    5 Feb 22   0: 0: 0
2026-03-20 14:38:11,522 - isca - DEBUG - Integration completed through    5 Feb 23   0: 0: 0
2026-03-20 14:38:42,952 - isca - DEBUG - Integration completed through    5 Feb 24   0: 0: 0
2026-03-20 14:39:14,366 - isca - DEBUG - Integration completed through    5 Feb 25   0: 0: 0
2026-03-20 14:39:45,850 - isca - DEBUG - Integration completed through    5 Feb 26   0: 0: 0
2026-03-20 14:40:17,280 - isca - DEBUG - Integration completed through    5 Feb 27   0: 0: 0
2026-03-20 14:40:48,747 - isca - DEBUG - Integration completed through    5 Feb 28   0: 0: 0
2026-03-20 14:41:20,221 - isca - DEBUG - Integration completed through    5 Feb 29   0: 0: 0
2026-03-20 14:41:51,731 - isca - DEBUG - Integration completed through    5 Feb 30   0: 0: 0
2026-03-20 14:42:23,237 - isca - DEBUG - Integration completed through    5 Mar  1   0: 0: 0
2026-03-20 14:42:23,245 - isca - DEBUG - 
2026-03-20 14:42:23,246 - isca - WARNING - WARNING from PE    0: diag_util_mod::opening_file: module/field_name (socrates/soc_toa_sw_down_clr) NOT registered
2026-03-20 14:42:23,246 - isca - DEBUG - 
2026-03-20 14:42:23,246 - isca - DEBUG - 
2026-03-20 14:42:23,246 - isca - WARNING - WARNING from PE    0: diag_util_mod::opening_file: module/field_name (socrates/soc_toa_sw_down_clr) NOT registered
2026-03-20 14:42:23,246 - isca - DEBUG - 
2026-03-20 14:42:23,246 - isca - DEBUG - 
2026-03-20 14:42:23,246 - isca - WARNING - WARNING from PE    0: diag_util_mod::opening_file: module/field_name (cloud_simple/rh_min) NOT registered
2026-03-20 14:42:23,246 - isca - DEBUG - 
2026-03-20 14:42:23,246 - isca - DEBUG - 
2026-03-20 14:42:23,246 - isca - WARNING - WARNING from PE    0: diag_util_mod::opening_file: module/field_name (cloud_simple/rh_min) NOT registered
2026-03-20 14:42:23,246 - isca - DEBUG - 
2026-03-20 14:42:23,256 - isca - DEBUG - NOTE from PE    0: MPP_IO_SET_STACK_SIZE: stack size set to     393216.
2026-03-20 14:42:23,355 - isca - DEBUG - MPP_DOMAINS_STACK high water mark=       49152
2026-03-20 14:42:23,355 - isca - DEBUG - 
2026-03-20 14:42:23,356 - isca - DEBUG - Tabulating mpp_clock statistics across     16 PEs...
2026-03-20 14:42:23,356 - isca - DEBUG - 
2026-03-20 14:42:23,356 - isca - DEBUG - tmin          tmax          tavg          tstd  tfrac grain pemin pemax
2026-03-20 14:42:23,356 - isca - DEBUG - Total runtime                       944.801162    944.805258    944.803329      0.001253  1.000     0     0    15
2026-03-20 14:42:23,356 - isca - DEBUG - MPP_STACK high water mark=           0
2026-03-20 14:42:23,465 - isca - INFO - Run 50 complete
2026-03-20 14:42:24,406 - isca - DEBUG - atmos_monthly.nc combined and copied to data directory
2026-03-20 14:42:27,615 - isca - INFO - Restart archive created at /proj/bolinc/users/x_ryabo/Isca-Ryan_outputs/Earth_1840/restarts/res0050.tar.gz
2026-03-20 14:42:27,627 - isca - INFO - Writing namelist to '/proj/bolinc/users/x_ryabo/Isca-Ryan_outputs/Earth_1840/run0050/input.nml'
2026-03-20 14:42:27,629 - isca - INFO - Writing field_table to '/proj/bolinc/users/x_ryabo/Isca-Ryan_outputs/Earth_1840/run0050/field_table'
2026-03-20 14:42:27,639 - isca - INFO - Writing diag_table to '/proj/bolinc/users/x_ryabo/Isca-Ryan_outputs/Earth_1840/run0050/diag_table'
2026-03-20 14:42:27,994 - isca - INFO - Emptied run directory '/home/x_ryabo/Isca-Ryan_tmp/experiment/Earth_1840/run'
2026-03-20 14:42:28,015 - isca - INFO - Emptied run directory '/home/x_ryabo/Isca-Ryan_tmp/experiment/Earth_1840/run'
2026-03-20 14:42:28,340 - isca - INFO - Writing namelist to '/home/x_ryabo/Isca-Ryan_tmp/experiment/Earth_1840/run/input.nml'
2026-03-20 14:42:28,341 - isca - INFO - Writing field_table to '/home/x_ryabo/Isca-Ryan_tmp/experiment/Earth_1840/run/field_table'
2026-03-20 14:42:28,354 - isca - INFO - Writing diag_table to '/home/x_ryabo/Isca-Ryan_tmp/experiment/Earth_1840/run/diag_table'
2026-03-20 14:42:28,368 - isca - INFO - Using restart file '/proj/bolinc/users/x_ryabo/Isca-Ryan_outputs/Earth_1840/restarts/res0050.tar.gz'
2026-03-20 14:42:28,790 - isca - INFO - Restart /proj/bolinc/users/x_ryabo/Isca-Ryan_outputs/Earth_1840/restarts/res0050.tar.gz extracted to /home/x_ryabo/Isca-Ryan_tmp/experiment/Earth_1840/run/INPUT
2026-03-20 14:42:28,791 - isca - INFO - Beginning run 51
2026-03-20 14:42:28,802 - isca - INFO - process running as 2569509
2026-03-20 14:42:28,802 - isca - DEBUG - loadmodules for Isca on NSC cluster Tetralith
2026-03-20 14:42:28,802 - isca - DEBUG - mpiifort
2026-03-20 14:42:28,914 - isca - DEBUG - The following modules were not unloaded:
2026-03-20 14:42:28,914 - isca - DEBUG - (Use "module --force purge" to unload all):
2026-03-20 14:42:28,914 - isca - DEBUG - 
2026-03-20 14:42:28,930 - isca - DEBUG - 1) hpc/.1.10.1
2026-03-20 14:42:29,019 - isca - DEBUG - ***************************************************
2026-03-20 14:42:29,019 - isca - DEBUG - You have loaded a buildenv module
2026-03-20 14:42:29,019 - isca - DEBUG - ***************************************************
2026-03-20 14:42:29,019 - isca - DEBUG - The buldenv-intel module makes available:
2026-03-20 14:42:29,019 - isca - DEBUG - - Compilers: icc, ifort, etc.
2026-03-20 14:42:29,019 - isca - DEBUG - - Mpi library with mpi-wrapped compilers: intel mpi with mpicc, mpifort, etc.
2026-03-20 14:42:29,019 - isca - DEBUG - - Numerical libraries: intel MKL
2026-03-20 14:42:29,019 - isca - DEBUG - 
2026-03-20 14:42:29,019 - isca - DEBUG - It also makes a set of dependency library modules available via
2026-03-20 14:42:29,019 - isca - DEBUG - the regular module command. Just do:
2026-03-20 14:42:29,019 - isca - DEBUG - module avail
2026-03-20 14:42:29,019 - isca - DEBUG - to see what is available.
2026-03-20 14:42:29,019 - isca - DEBUG - 
2026-03-20 14:42:29,019 - isca - DEBUG - NOTE: You shoud never load build environments inside submitted jobs.
2026-03-20 14:42:29,019 - isca - DEBUG - (with the single exception of when using supercomputer time to compile code.)
2026-03-20 14:42:29,019 - isca - DEBUG - 
2026-03-20 14:42:33,914 - isca - DEBUG - NOTE from PE    0: MPP_DOMAINS_SET_STACK_SIZE: stack size set to    32768.
2026-03-20 14:42:33,915 - isca - DEBUG - &MPP_IO_NML
2026-03-20 14:42:33,915 - isca - DEBUG - HEADER_BUFFER_VAL       =       16384,
2026-03-20 14:42:33,915 - isca - DEBUG - GLOBAL_FIELD_ON_ROOT_PE = T,
2026-03-20 14:42:33,915 - isca - DEBUG - IO_CLOCKS_ON    = F,
2026-03-20 14:42:33,915 - isca - DEBUG - SHUFFLE =           0,
2026-03-20 14:42:33,915 - isca - DEBUG - DEFLATE_LEVEL   =          -1
2026-03-20 14:42:33,915 - isca - DEBUG - /
2026-03-20 14:42:33,916 - isca - DEBUG - NOTE from PE    0: MPP_IO_SET_STACK_SIZE: stack size set to     131072.
2026-03-20 14:42:33,917 - isca - DEBUG - NOTE from PE    0: MPP_DOMAINS_SET_STACK_SIZE: stack size set to   600000.
2026-03-20 14:42:33,925 - isca - DEBUG - starting            1  OpenMP threads per MPI-task
2026-03-20 14:42:33,927 - isca - DEBUG - ATMOS MODEL DOMAIN DECOMPOSITION
2026-03-20 14:42:33,927 - isca - DEBUG - X-AXIS =  128
2026-03-20 14:42:33,927 - isca - DEBUG - Y-AXIS =    4   4   4   4   4   4   4   4   4   4   4   4   4   4   4   4
2026-03-20 14:42:33,988 - isca - DEBUG - NOTE from PE    0: cloud_simple: Using SimCloud cloud scheme
2026-03-20 14:42:33,989 - isca - DEBUG - NOTE from PE    0: ls_cloud: Using Sundqvist (1989) cloud fraction diagnostic formula.
2026-03-20 14:42:33,990 - isca - DEBUG - NOTE from PE    0: cloud_cover: The cloud overlap assumption is MAXIMUM-RANDOM
2026-03-20 14:42:33,990 - isca - DEBUG - NOTE from PE    0: idealized_moist_phys: Using Frierson Quasi-Equilibrium convection scheme.
2026-03-20 14:42:33,998 - isca - DEBUG - 
2026-03-20 14:42:33,999 - isca - WARNING - WARNING from PE    0: socrates_init: lw_hires_spectral_filename is unset, making equal to lw_spectral_filename
2026-03-20 14:42:33,999 - isca - DEBUG - 
2026-03-20 14:42:33,999 - isca - DEBUG - 
2026-03-20 14:42:33,999 - isca - WARNING - WARNING from PE    0: socrates_init: lw_hires_spectral_filename is unset, making equal to lw_spectral_filename
2026-03-20 14:42:33,999 - isca - DEBUG - 
2026-03-20 14:42:33,999 - isca - DEBUG - 
2026-03-20 14:42:33,999 - isca - WARNING - WARNING from PE    0: socrates_init: sw_hires_spectral_filename is unset, making equal to sw_spectral_filename
2026-03-20 14:42:33,999 - isca - DEBUG - 
2026-03-20 14:42:33,999 - isca - DEBUG - 
2026-03-20 14:42:33,999 - isca - WARNING - WARNING from PE    0: socrates_init: sw_hires_spectral_filename is unset, making equal to sw_spectral_filename
2026-03-20 14:42:33,999 - isca - DEBUG - 
2026-03-20 14:42:35,269 - isca - DEBUG - NOTE from PE    0: Interpolator: Using input file with no time dimension - ozone_1990_notime_zero.nc
2026-03-20 14:42:35,269 - isca - DEBUG - Initializing src field : ozone_1990
2026-03-20 14:42:35,271 - isca - DEBUG - 
2026-03-20 14:42:35,271 - isca - DEBUG - -----------------------------------
2026-03-20 14:42:35,271 - isca - DEBUG - ____                       _
2026-03-20 14:42:35,271 - isca - DEBUG - / ___|  ___   ___ _ __ __ _| |_ ___  ___
2026-03-20 14:42:35,271 - isca - DEBUG - \___ \ / _ \ / __|  __/ _` | __/ _ \/ __|
2026-03-20 14:42:35,271 - isca - DEBUG - ___) | (_) | (__| | | (_| | ||  __/\__ \
2026-03-20 14:42:35,271 - isca - DEBUG - |____/ \___/ \___|_|  \__,_|\__\___||___/
2026-03-20 14:42:35,271 - isca - DEBUG - 
2026-03-20 14:42:35,271 - isca - DEBUG - Initialised Socrates v17.03
2026-03-20 14:42:35,272 - isca - DEBUG - Stellar constant =    1840.00000000000
2026-03-20 14:42:35,272 - isca - DEBUG - Longwave spectral file =
2026-03-20 14:42:35,272 - isca - DEBUG - /proj/bolinc/users/x_ryabo/socrates_edited_for_isca/spectral_files_for_GCMs/Sun
2026-03-20 14:42:35,272 - isca - DEBUG - /miniSuran_lw.sf WITH           16  bands
2026-03-20 14:42:35,272 - isca - DEBUG - Longwave hires spectral file =
2026-03-20 14:42:35,272 - isca - DEBUG - /proj/bolinc/users/x_ryabo/socrates_edited_for_isca/spectral_files_for_GCMs/Sun
2026-03-20 14:42:35,272 - isca - DEBUG - /miniSuran_lw.sf WITH           16  bands
2026-03-20 14:42:35,272 - isca - DEBUG - Shortwave spectral file =
2026-03-20 14:42:35,272 - isca - DEBUG - /proj/bolinc/users/x_ryabo/socrates_edited_for_isca/spectral_files_for_GCMs/Sun
2026-03-20 14:42:35,272 - isca - DEBUG - /miniSuran_sw.sf WITH           16  bands
2026-03-20 14:42:35,272 - isca - DEBUG - Shortwave hires spectral file =
2026-03-20 14:42:35,272 - isca - DEBUG - /proj/bolinc/users/x_ryabo/socrates_edited_for_isca/spectral_files_for_GCMs/Sun
2026-03-20 14:42:35,272 - isca - DEBUG - /miniSuran_sw.sf WITH           16  bands
2026-03-20 14:42:35,272 - isca - DEBUG - 
2026-03-20 14:42:35,272 - isca - DEBUG - -----------------------------------
2026-03-20 14:42:35,272 - isca - DEBUG - 
2026-03-20 14:43:06,948 - isca - DEBUG - Integration completed through    5 Mar  2   0: 0: 0
2026-03-20 14:43:38,589 - isca - DEBUG - Integration completed through    5 Mar  3   0: 0: 0
2026-03-20 14:44:10,219 - isca - DEBUG - Integration completed through    5 Mar  4   0: 0: 0
2026-03-20 14:44:41,849 - isca - DEBUG - Integration completed through    5 Mar  5   0: 0: 0
2026-03-20 14:45:13,450 - isca - DEBUG - Integration completed through    5 Mar  6   0: 0: 0
2026-03-20 14:45:45,050 - isca - DEBUG - Integration completed through    5 Mar  7   0: 0: 0
2026-03-20 14:46:16,651 - isca - DEBUG - Integration completed through    5 Mar  8   0: 0: 0
2026-03-20 14:46:48,279 - isca - DEBUG - Integration completed through    5 Mar  9   0: 0: 0
2026-03-20 14:47:19,912 - isca - DEBUG - Integration completed through    5 Mar 10   0: 0: 0
2026-03-20 14:47:51,495 - isca - DEBUG - Integration completed through    5 Mar 11   0: 0: 0
2026-03-20 14:48:23,110 - isca - DEBUG - Integration completed through    5 Mar 12   0: 0: 0
2026-03-20 14:48:54,696 - isca - DEBUG - Integration completed through    5 Mar 13   0: 0: 0
2026-03-20 14:49:26,358 - isca - DEBUG - Integration completed through    5 Mar 14   0: 0: 0
2026-03-20 14:49:58,049 - isca - DEBUG - Integration completed through    5 Mar 15   0: 0: 0
2026-03-20 14:50:29,667 - isca - DEBUG - Integration completed through    5 Mar 16   0: 0: 0
2026-03-20 14:51:01,303 - isca - DEBUG - Integration completed through    5 Mar 17   0: 0: 0
2026-03-20 14:51:32,899 - isca - DEBUG - Integration completed through    5 Mar 18   0: 0: 0
2026-03-20 14:52:04,441 - isca - DEBUG - Integration completed through    5 Mar 19   0: 0: 0
2026-03-20 14:52:36,076 - isca - DEBUG - Integration completed through    5 Mar 20   0: 0: 0
2026-03-20 14:53:07,655 - isca - DEBUG - Integration completed through    5 Mar 21   0: 0: 0
2026-03-20 14:53:39,302 - isca - DEBUG - Integration completed through    5 Mar 22   0: 0: 0
2026-03-20 14:54:10,827 - isca - DEBUG - Integration completed through    5 Mar 23   0: 0: 0
2026-03-20 14:54:42,493 - isca - DEBUG - Integration completed through    5 Mar 24   0: 0: 0
2026-03-20 14:55:14,080 - isca - DEBUG - Integration completed through    5 Mar 25   0: 0: 0
2026-03-20 14:55:45,731 - isca - DEBUG - Integration completed through    5 Mar 26   0: 0: 0
2026-03-20 14:56:17,286 - isca - DEBUG - Integration completed through    5 Mar 27   0: 0: 0
2026-03-20 14:56:48,850 - isca - DEBUG - Integration completed through    5 Mar 28   0: 0: 0
2026-03-20 14:57:20,313 - isca - DEBUG - Integration completed through    5 Mar 29   0: 0: 0
2026-03-20 14:57:51,839 - isca - DEBUG - Integration completed through    5 Mar 30   0: 0: 0
2026-03-20 14:58:23,317 - isca - DEBUG - Integration completed through    5 Apr  1   0: 0: 0
2026-03-20 14:58:23,325 - isca - DEBUG - 
2026-03-20 14:58:23,325 - isca - WARNING - WARNING from PE    0: diag_util_mod::opening_file: module/field_name (socrates/soc_toa_sw_down_clr) NOT registered
2026-03-20 14:58:23,325 - isca - DEBUG - 
2026-03-20 14:58:23,325 - isca - DEBUG - 
2026-03-20 14:58:23,326 - isca - WARNING - WARNING from PE    0: diag_util_mod::opening_file: module/field_name (socrates/soc_toa_sw_down_clr) NOT registered
2026-03-20 14:58:23,326 - isca - DEBUG - 
2026-03-20 14:58:23,326 - isca - DEBUG - 
2026-03-20 14:58:23,326 - isca - WARNING - WARNING from PE    0: diag_util_mod::opening_file: module/field_name (cloud_simple/rh_min) NOT registered
2026-03-20 14:58:23,326 - isca - DEBUG - 
2026-03-20 14:58:23,326 - isca - DEBUG - 
2026-03-20 14:58:23,326 - isca - WARNING - WARNING from PE    0: diag_util_mod::opening_file: module/field_name (cloud_simple/rh_min) NOT registered
2026-03-20 14:58:23,326 - isca - DEBUG - 
2026-03-20 14:58:23,336 - isca - DEBUG - NOTE from PE    0: MPP_IO_SET_STACK_SIZE: stack size set to     393216.
2026-03-20 14:58:23,451 - isca - DEBUG - MPP_DOMAINS_STACK high water mark=       49152
2026-03-20 14:58:23,452 - isca - DEBUG - 
2026-03-20 14:58:23,452 - isca - DEBUG - Tabulating mpp_clock statistics across     16 PEs...
2026-03-20 14:58:23,452 - isca - DEBUG - 
2026-03-20 14:58:23,452 - isca - DEBUG - tmin          tmax          tavg          tstd  tfrac grain pemin pemax
2026-03-20 14:58:23,452 - isca - DEBUG - Total runtime                       949.534699    949.539400    949.537715      0.001157  1.000     0     0    15
2026-03-20 14:58:23,452 - isca - DEBUG - MPP_STACK high water mark=           0
2026-03-20 14:58:23,593 - isca - INFO - Run 51 complete
2026-03-20 14:58:24,523 - isca - DEBUG - atmos_monthly.nc combined and copied to data directory
2026-03-20 14:58:27,739 - isca - INFO - Restart archive created at /proj/bolinc/users/x_ryabo/Isca-Ryan_outputs/Earth_1840/restarts/res0051.tar.gz
2026-03-20 14:58:27,752 - isca - INFO - Writing namelist to '/proj/bolinc/users/x_ryabo/Isca-Ryan_outputs/Earth_1840/run0051/input.nml'
2026-03-20 14:58:27,754 - isca - INFO - Writing field_table to '/proj/bolinc/users/x_ryabo/Isca-Ryan_outputs/Earth_1840/run0051/field_table'
2026-03-20 14:58:27,765 - isca - INFO - Writing diag_table to '/proj/bolinc/users/x_ryabo/Isca-Ryan_outputs/Earth_1840/run0051/diag_table'
2026-03-20 14:58:28,154 - isca - INFO - Emptied run directory '/home/x_ryabo/Isca-Ryan_tmp/experiment/Earth_1840/run'
2026-03-20 14:58:28,178 - isca - INFO - Emptied run directory '/home/x_ryabo/Isca-Ryan_tmp/experiment/Earth_1840/run'
2026-03-20 14:58:28,504 - isca - INFO - Writing namelist to '/home/x_ryabo/Isca-Ryan_tmp/experiment/Earth_1840/run/input.nml'
2026-03-20 14:58:28,505 - isca - INFO - Writing field_table to '/home/x_ryabo/Isca-Ryan_tmp/experiment/Earth_1840/run/field_table'
2026-03-20 14:58:28,518 - isca - INFO - Writing diag_table to '/home/x_ryabo/Isca-Ryan_tmp/experiment/Earth_1840/run/diag_table'
2026-03-20 14:58:28,536 - isca - INFO - Using restart file '/proj/bolinc/users/x_ryabo/Isca-Ryan_outputs/Earth_1840/restarts/res0051.tar.gz'
2026-03-20 14:58:28,947 - isca - INFO - Restart /proj/bolinc/users/x_ryabo/Isca-Ryan_outputs/Earth_1840/restarts/res0051.tar.gz extracted to /home/x_ryabo/Isca-Ryan_tmp/experiment/Earth_1840/run/INPUT
2026-03-20 14:58:28,947 - isca - INFO - Beginning run 52
2026-03-20 14:58:28,960 - isca - INFO - process running as 2570408
2026-03-20 14:58:28,960 - isca - DEBUG - loadmodules for Isca on NSC cluster Tetralith
2026-03-20 14:58:28,960 - isca - DEBUG - mpiifort
2026-03-20 14:58:29,075 - isca - DEBUG - The following modules were not unloaded:
2026-03-20 14:58:29,075 - isca - DEBUG - (Use "module --force purge" to unload all):
2026-03-20 14:58:29,075 - isca - DEBUG - 
2026-03-20 14:58:29,075 - isca - DEBUG - 1) hpc/.1.10.1
2026-03-20 14:58:29,180 - isca - DEBUG - ***************************************************
2026-03-20 14:58:29,180 - isca - DEBUG - You have loaded a buildenv module
2026-03-20 14:58:29,180 - isca - DEBUG - ***************************************************
2026-03-20 14:58:29,180 - isca - DEBUG - The buldenv-intel module makes available:
2026-03-20 14:58:29,180 - isca - DEBUG - - Compilers: icc, ifort, etc.
2026-03-20 14:58:29,180 - isca - DEBUG - - Mpi library with mpi-wrapped compilers: intel mpi with mpicc, mpifort, etc.
2026-03-20 14:58:29,180 - isca - DEBUG - - Numerical libraries: intel MKL
2026-03-20 14:58:29,180 - isca - DEBUG - 
2026-03-20 14:58:29,180 - isca - DEBUG - It also makes a set of dependency library modules available via
2026-03-20 14:58:29,180 - isca - DEBUG - the regular module command. Just do:
2026-03-20 14:58:29,180 - isca - DEBUG - module avail
2026-03-20 14:58:29,180 - isca - DEBUG - to see what is available.
2026-03-20 14:58:29,180 - isca - DEBUG - 
2026-03-20 14:58:29,180 - isca - DEBUG - NOTE: You shoud never load build environments inside submitted jobs.
2026-03-20 14:58:29,180 - isca - DEBUG - (with the single exception of when using supercomputer time to compile code.)
2026-03-20 14:58:29,180 - isca - DEBUG - 
2026-03-20 14:58:30,327 - isca - DEBUG - NOTE from PE    0: MPP_DOMAINS_SET_STACK_SIZE: stack size set to    32768.
2026-03-20 14:58:30,328 - isca - DEBUG - &MPP_IO_NML
2026-03-20 14:58:30,328 - isca - DEBUG - HEADER_BUFFER_VAL       =       16384,
2026-03-20 14:58:30,328 - isca - DEBUG - GLOBAL_FIELD_ON_ROOT_PE = T,
2026-03-20 14:58:30,328 - isca - DEBUG - IO_CLOCKS_ON    = F,
2026-03-20 14:58:30,328 - isca - DEBUG - SHUFFLE =           0,
2026-03-20 14:58:30,328 - isca - DEBUG - DEFLATE_LEVEL   =          -1
2026-03-20 14:58:30,328 - isca - DEBUG - /
2026-03-20 14:58:30,329 - isca - DEBUG - NOTE from PE    0: MPP_IO_SET_STACK_SIZE: stack size set to     131072.
2026-03-20 14:58:30,330 - isca - DEBUG - NOTE from PE    0: MPP_DOMAINS_SET_STACK_SIZE: stack size set to   600000.
2026-03-20 14:58:30,338 - isca - DEBUG - starting            1  OpenMP threads per MPI-task
2026-03-20 14:58:30,340 - isca - DEBUG - ATMOS MODEL DOMAIN DECOMPOSITION
2026-03-20 14:58:30,340 - isca - DEBUG - X-AXIS =  128
2026-03-20 14:58:30,340 - isca - DEBUG - Y-AXIS =    4   4   4   4   4   4   4   4   4   4   4   4   4   4   4   4
2026-03-20 14:58:30,398 - isca - DEBUG - NOTE from PE    0: cloud_simple: Using SimCloud cloud scheme
2026-03-20 14:58:30,399 - isca - DEBUG - NOTE from PE    0: ls_cloud: Using Sundqvist (1989) cloud fraction diagnostic formula.
2026-03-20 14:58:30,399 - isca - DEBUG - NOTE from PE    0: cloud_cover: The cloud overlap assumption is MAXIMUM-RANDOM
2026-03-20 14:58:30,400 - isca - DEBUG - NOTE from PE    0: idealized_moist_phys: Using Frierson Quasi-Equilibrium convection scheme.
2026-03-20 14:58:30,408 - isca - DEBUG - 
2026-03-20 14:58:30,408 - isca - WARNING - WARNING from PE    0: socrates_init: lw_hires_spectral_filename is unset, making equal to lw_spectral_filename
2026-03-20 14:58:30,409 - isca - DEBUG - 
2026-03-20 14:58:30,409 - isca - DEBUG - 
2026-03-20 14:58:30,409 - isca - WARNING - WARNING from PE    0: socrates_init: lw_hires_spectral_filename is unset, making equal to lw_spectral_filename
2026-03-20 14:58:30,409 - isca - DEBUG - 
2026-03-20 14:58:30,409 - isca - DEBUG - 
2026-03-20 14:58:30,409 - isca - WARNING - WARNING from PE    0: socrates_init: sw_hires_spectral_filename is unset, making equal to sw_spectral_filename
2026-03-20 14:58:30,409 - isca - DEBUG - 
2026-03-20 14:58:30,409 - isca - DEBUG - 
2026-03-20 14:58:30,409 - isca - WARNING - WARNING from PE    0: socrates_init: sw_hires_spectral_filename is unset, making equal to sw_spectral_filename
2026-03-20 14:58:30,409 - isca - DEBUG - 
2026-03-20 14:58:31,668 - isca - DEBUG - NOTE from PE    0: Interpolator: Using input file with no time dimension - ozone_1990_notime_zero.nc
2026-03-20 14:58:31,668 - isca - DEBUG - Initializing src field : ozone_1990
2026-03-20 14:58:31,670 - isca - DEBUG - 
2026-03-20 14:58:31,670 - isca - DEBUG - -----------------------------------
2026-03-20 14:58:31,670 - isca - DEBUG - ____                       _
2026-03-20 14:58:31,671 - isca - DEBUG - / ___|  ___   ___ _ __ __ _| |_ ___  ___
2026-03-20 14:58:31,671 - isca - DEBUG - \___ \ / _ \ / __|  __/ _` | __/ _ \/ __|
2026-03-20 14:58:31,671 - isca - DEBUG - ___) | (_) | (__| | | (_| | ||  __/\__ \
2026-03-20 14:58:31,671 - isca - DEBUG - |____/ \___/ \___|_|  \__,_|\__\___||___/
2026-03-20 14:58:31,671 - isca - DEBUG - 
2026-03-20 14:58:31,671 - isca - DEBUG - Initialised Socrates v17.03
2026-03-20 14:58:31,671 - isca - DEBUG - Stellar constant =    1840.00000000000
2026-03-20 14:58:31,671 - isca - DEBUG - Longwave spectral file =
2026-03-20 14:58:31,671 - isca - DEBUG - /proj/bolinc/users/x_ryabo/socrates_edited_for_isca/spectral_files_for_GCMs/Sun
2026-03-20 14:58:31,671 - isca - DEBUG - /miniSuran_lw.sf WITH           16  bands
2026-03-20 14:58:31,671 - isca - DEBUG - Longwave hires spectral file =
2026-03-20 14:58:31,671 - isca - DEBUG - /proj/bolinc/users/x_ryabo/socrates_edited_for_isca/spectral_files_for_GCMs/Sun
2026-03-20 14:58:31,671 - isca - DEBUG - /miniSuran_lw.sf WITH           16  bands
2026-03-20 14:58:31,671 - isca - DEBUG - Shortwave spectral file =
2026-03-20 14:58:31,671 - isca - DEBUG - /proj/bolinc/users/x_ryabo/socrates_edited_for_isca/spectral_files_for_GCMs/Sun
2026-03-20 14:58:31,671 - isca - DEBUG - /miniSuran_sw.sf WITH           16  bands
2026-03-20 14:58:31,671 - isca - DEBUG - Shortwave hires spectral file =
2026-03-20 14:58:31,671 - isca - DEBUG - /proj/bolinc/users/x_ryabo/socrates_edited_for_isca/spectral_files_for_GCMs/Sun
2026-03-20 14:58:31,671 - isca - DEBUG - /miniSuran_sw.sf WITH           16  bands
2026-03-20 14:58:31,671 - isca - DEBUG - 
2026-03-20 14:58:31,671 - isca - DEBUG - -----------------------------------
2026-03-20 14:58:31,671 - isca - DEBUG - 
2026-03-20 14:59:03,300 - isca - DEBUG - Integration completed through    5 Apr  2   0: 0: 0
2026-03-20 14:59:34,858 - isca - DEBUG - Integration completed through    5 Apr  3   0: 0: 0
2026-03-20 15:00:06,397 - isca - DEBUG - Integration completed through    5 Apr  4   0: 0: 0
2026-03-20 15:00:38,000 - isca - DEBUG - Integration completed through    5 Apr  5   0: 0: 0
2026-03-20 15:01:09,610 - isca - DEBUG - Integration completed through    5 Apr  6   0: 0: 0
2026-03-20 15:01:41,147 - isca - DEBUG - Integration completed through    5 Apr  7   0: 0: 0
2026-03-20 15:02:12,598 - isca - DEBUG - Integration completed through    5 Apr  8   0: 0: 0
2026-03-20 15:02:44,218 - isca - DEBUG - Integration completed through    5 Apr  9   0: 0: 0
2026-03-20 15:03:15,692 - isca - DEBUG - Integration completed through    5 Apr 10   0: 0: 0
2026-03-20 15:03:47,181 - isca - DEBUG - Integration completed through    5 Apr 11   0: 0: 0
2026-03-20 15:04:18,731 - isca - DEBUG - Integration completed through    5 Apr 12   0: 0: 0
2026-03-20 15:04:50,311 - isca - DEBUG - Integration completed through    5 Apr 13   0: 0: 0
2026-03-20 15:05:21,869 - isca - DEBUG - Integration completed through    5 Apr 14   0: 0: 0
2026-03-20 15:05:53,458 - isca - DEBUG - Integration completed through    5 Apr 15   0: 0: 0
2026-03-20 15:06:24,933 - isca - DEBUG - Integration completed through    5 Apr 16   0: 0: 0
2026-03-20 15:06:56,401 - isca - DEBUG - Integration completed through    5 Apr 17   0: 0: 0
2026-03-20 15:07:27,912 - isca - DEBUG - Integration completed through    5 Apr 18   0: 0: 0
2026-03-20 15:07:59,500 - isca - DEBUG - Integration completed through    5 Apr 19   0: 0: 0
2026-03-20 15:08:31,123 - isca - DEBUG - Integration completed through    5 Apr 20   0: 0: 0
2026-03-20 15:09:02,665 - isca - DEBUG - Integration completed through    5 Apr 21   0: 0: 0
2026-03-20 15:09:34,278 - isca - DEBUG - Integration completed through    5 Apr 22   0: 0: 0
2026-03-20 15:10:05,860 - isca - DEBUG - Integration completed through    5 Apr 23   0: 0: 0
2026-03-20 15:10:37,476 - isca - DEBUG - Integration completed through    5 Apr 24   0: 0: 0
2026-03-20 15:11:09,093 - isca - DEBUG - Integration completed through    5 Apr 25   0: 0: 0
2026-03-20 15:11:40,629 - isca - DEBUG - Integration completed through    5 Apr 26   0: 0: 0
2026-03-20 15:12:12,147 - isca - DEBUG - Integration completed through    5 Apr 27   0: 0: 0
2026-03-20 15:12:43,663 - isca - DEBUG - Integration completed through    5 Apr 28   0: 0: 0
2026-03-20 15:13:15,140 - isca - DEBUG - Integration completed through    5 Apr 29   0: 0: 0
2026-03-20 15:13:46,689 - isca - DEBUG - Integration completed through    5 Apr 30   0: 0: 0
2026-03-20 15:14:18,143 - isca - DEBUG - Integration completed through    5 May  1   0: 0: 0
2026-03-20 15:14:18,305 - isca - DEBUG - 
2026-03-20 15:14:18,306 - isca - WARNING - WARNING from PE    0: diag_util_mod::opening_file: module/field_name (socrates/soc_toa_sw_down_clr) NOT registered
2026-03-20 15:14:18,306 - isca - DEBUG - 
2026-03-20 15:14:18,306 - isca - DEBUG - 
2026-03-20 15:14:18,306 - isca - WARNING - WARNING from PE    0: diag_util_mod::opening_file: module/field_name (socrates/soc_toa_sw_down_clr) NOT registered
2026-03-20 15:14:18,306 - isca - DEBUG - 
2026-03-20 15:14:18,306 - isca - DEBUG - 
2026-03-20 15:14:18,306 - isca - WARNING - WARNING from PE    0: diag_util_mod::opening_file: module/field_name (cloud_simple/rh_min) NOT registered
2026-03-20 15:14:18,306 - isca - DEBUG - 
2026-03-20 15:14:18,306 - isca - DEBUG - 
2026-03-20 15:14:18,306 - isca - WARNING - WARNING from PE    0: diag_util_mod::opening_file: module/field_name (cloud_simple/rh_min) NOT registered
2026-03-20 15:14:18,306 - isca - DEBUG - 
2026-03-20 15:14:18,317 - isca - DEBUG - NOTE from PE    0: MPP_IO_SET_STACK_SIZE: stack size set to     393216.
2026-03-20 15:14:18,518 - isca - DEBUG - MPP_DOMAINS_STACK high water mark=       49152
2026-03-20 15:14:18,519 - isca - DEBUG - 
2026-03-20 15:14:18,519 - isca - DEBUG - Tabulating mpp_clock statistics across     16 PEs...
2026-03-20 15:14:18,519 - isca - DEBUG - 
2026-03-20 15:14:18,519 - isca - DEBUG - tmin          tmax          tavg          tstd  tfrac grain pemin pemax
2026-03-20 15:14:18,520 - isca - DEBUG - Total runtime                       948.188513    948.195149    948.192053      0.001960  1.000     0     0    15
2026-03-20 15:14:18,520 - isca - DEBUG - MPP_STACK high water mark=           0
2026-03-20 15:14:18,592 - isca - INFO - Run 52 complete
2026-03-20 15:14:19,572 - isca - DEBUG - atmos_monthly.nc combined and copied to data directory
2026-03-20 15:14:22,775 - isca - INFO - Restart archive created at /proj/bolinc/users/x_ryabo/Isca-Ryan_outputs/Earth_1840/restarts/res0052.tar.gz
2026-03-20 15:14:22,787 - isca - INFO - Writing namelist to '/proj/bolinc/users/x_ryabo/Isca-Ryan_outputs/Earth_1840/run0052/input.nml'
2026-03-20 15:14:22,789 - isca - INFO - Writing field_table to '/proj/bolinc/users/x_ryabo/Isca-Ryan_outputs/Earth_1840/run0052/field_table'
2026-03-20 15:14:22,801 - isca - INFO - Writing diag_table to '/proj/bolinc/users/x_ryabo/Isca-Ryan_outputs/Earth_1840/run0052/diag_table'
2026-03-20 15:14:23,216 - isca - INFO - Emptied run directory '/home/x_ryabo/Isca-Ryan_tmp/experiment/Earth_1840/run'
2026-03-20 15:14:23,236 - isca - INFO - Emptied run directory '/home/x_ryabo/Isca-Ryan_tmp/experiment/Earth_1840/run'
2026-03-20 15:14:23,562 - isca - INFO - Writing namelist to '/home/x_ryabo/Isca-Ryan_tmp/experiment/Earth_1840/run/input.nml'
2026-03-20 15:14:23,564 - isca - INFO - Writing field_table to '/home/x_ryabo/Isca-Ryan_tmp/experiment/Earth_1840/run/field_table'
2026-03-20 15:14:23,577 - isca - INFO - Writing diag_table to '/home/x_ryabo/Isca-Ryan_tmp/experiment/Earth_1840/run/diag_table'
2026-03-20 15:14:23,590 - isca - INFO - Using restart file '/proj/bolinc/users/x_ryabo/Isca-Ryan_outputs/Earth_1840/restarts/res0052.tar.gz'
2026-03-20 15:14:23,999 - isca - INFO - Restart /proj/bolinc/users/x_ryabo/Isca-Ryan_outputs/Earth_1840/restarts/res0052.tar.gz extracted to /home/x_ryabo/Isca-Ryan_tmp/experiment/Earth_1840/run/INPUT
2026-03-20 15:14:24,000 - isca - INFO - Beginning run 53
2026-03-20 15:14:24,015 - isca - INFO - process running as 2571429
2026-03-20 15:14:24,015 - isca - DEBUG - loadmodules for Isca on NSC cluster Tetralith
2026-03-20 15:14:24,015 - isca - DEBUG - mpiifort
2026-03-20 15:14:24,127 - isca - DEBUG - The following modules were not unloaded:
2026-03-20 15:14:24,127 - isca - DEBUG - (Use "module --force purge" to unload all):
2026-03-20 15:14:24,127 - isca - DEBUG - 
2026-03-20 15:14:24,127 - isca - DEBUG - 1) hpc/.1.10.1
2026-03-20 15:14:24,231 - isca - DEBUG - ***************************************************
2026-03-20 15:14:24,232 - isca - DEBUG - You have loaded a buildenv module
2026-03-20 15:14:24,232 - isca - DEBUG - ***************************************************
2026-03-20 15:14:24,232 - isca - DEBUG - The buldenv-intel module makes available:
2026-03-20 15:14:24,232 - isca - DEBUG - - Compilers: icc, ifort, etc.
2026-03-20 15:14:24,232 - isca - DEBUG - - Mpi library with mpi-wrapped compilers: intel mpi with mpicc, mpifort, etc.
2026-03-20 15:14:24,232 - isca - DEBUG - - Numerical libraries: intel MKL
2026-03-20 15:14:24,232 - isca - DEBUG - 
2026-03-20 15:14:24,232 - isca - DEBUG - It also makes a set of dependency library modules available via
2026-03-20 15:14:24,232 - isca - DEBUG - the regular module command. Just do:
2026-03-20 15:14:24,232 - isca - DEBUG - module avail
2026-03-20 15:14:24,232 - isca - DEBUG - to see what is available.
2026-03-20 15:14:24,232 - isca - DEBUG - 
2026-03-20 15:14:24,232 - isca - DEBUG - NOTE: You shoud never load build environments inside submitted jobs.
2026-03-20 15:14:24,232 - isca - DEBUG - (with the single exception of when using supercomputer time to compile code.)
2026-03-20 15:14:24,232 - isca - DEBUG - 
2026-03-20 15:14:25,361 - isca - DEBUG - NOTE from PE    0: MPP_DOMAINS_SET_STACK_SIZE: stack size set to    32768.
2026-03-20 15:14:25,362 - isca - DEBUG - &MPP_IO_NML
2026-03-20 15:14:25,362 - isca - DEBUG - HEADER_BUFFER_VAL       =       16384,
2026-03-20 15:14:25,362 - isca - DEBUG - GLOBAL_FIELD_ON_ROOT_PE = T,
2026-03-20 15:14:25,362 - isca - DEBUG - IO_CLOCKS_ON    = F,
2026-03-20 15:14:25,362 - isca - DEBUG - SHUFFLE =           0,
2026-03-20 15:14:25,362 - isca - DEBUG - DEFLATE_LEVEL   =          -1
2026-03-20 15:14:25,362 - isca - DEBUG - /
2026-03-20 15:14:25,363 - isca - DEBUG - NOTE from PE    0: MPP_IO_SET_STACK_SIZE: stack size set to     131072.
2026-03-20 15:14:25,364 - isca - DEBUG - NOTE from PE    0: MPP_DOMAINS_SET_STACK_SIZE: stack size set to   600000.
2026-03-20 15:14:25,372 - isca - DEBUG - starting            1  OpenMP threads per MPI-task
2026-03-20 15:14:25,374 - isca - DEBUG - ATMOS MODEL DOMAIN DECOMPOSITION
2026-03-20 15:14:25,374 - isca - DEBUG - X-AXIS =  128
2026-03-20 15:14:25,374 - isca - DEBUG - Y-AXIS =    4   4   4   4   4   4   4   4   4   4   4   4   4   4   4   4
2026-03-20 15:14:25,436 - isca - DEBUG - NOTE from PE    0: cloud_simple: Using SimCloud cloud scheme
2026-03-20 15:14:25,437 - isca - DEBUG - NOTE from PE    0: ls_cloud: Using Sundqvist (1989) cloud fraction diagnostic formula.
2026-03-20 15:14:25,437 - isca - DEBUG - NOTE from PE    0: cloud_cover: The cloud overlap assumption is MAXIMUM-RANDOM
2026-03-20 15:14:25,437 - isca - DEBUG - NOTE from PE    0: idealized_moist_phys: Using Frierson Quasi-Equilibrium convection scheme.
2026-03-20 15:14:25,446 - isca - DEBUG - 
2026-03-20 15:14:25,446 - isca - WARNING - WARNING from PE    0: socrates_init: lw_hires_spectral_filename is unset, making equal to lw_spectral_filename
2026-03-20 15:14:25,446 - isca - DEBUG - 
2026-03-20 15:14:25,446 - isca - DEBUG - 
2026-03-20 15:14:25,446 - isca - WARNING - WARNING from PE    0: socrates_init: lw_hires_spectral_filename is unset, making equal to lw_spectral_filename
2026-03-20 15:14:25,447 - isca - DEBUG - 
2026-03-20 15:14:25,447 - isca - DEBUG - 
2026-03-20 15:14:25,447 - isca - WARNING - WARNING from PE    0: socrates_init: sw_hires_spectral_filename is unset, making equal to sw_spectral_filename
2026-03-20 15:14:25,447 - isca - DEBUG - 
2026-03-20 15:14:25,447 - isca - DEBUG - 
2026-03-20 15:14:25,447 - isca - WARNING - WARNING from PE    0: socrates_init: sw_hires_spectral_filename is unset, making equal to sw_spectral_filename
2026-03-20 15:14:25,447 - isca - DEBUG - 
2026-03-20 15:14:26,688 - isca - DEBUG - NOTE from PE    0: Interpolator: Using input file with no time dimension - ozone_1990_notime_zero.nc
2026-03-20 15:14:26,688 - isca - DEBUG - Initializing src field : ozone_1990
2026-03-20 15:14:26,690 - isca - DEBUG - 
2026-03-20 15:14:26,691 - isca - DEBUG - -----------------------------------
2026-03-20 15:14:26,691 - isca - DEBUG - ____                       _
2026-03-20 15:14:26,691 - isca - DEBUG - / ___|  ___   ___ _ __ __ _| |_ ___  ___
2026-03-20 15:14:26,691 - isca - DEBUG - \___ \ / _ \ / __|  __/ _` | __/ _ \/ __|
2026-03-20 15:14:26,691 - isca - DEBUG - ___) | (_) | (__| | | (_| | ||  __/\__ \
2026-03-20 15:14:26,691 - isca - DEBUG - |____/ \___/ \___|_|  \__,_|\__\___||___/
2026-03-20 15:14:26,691 - isca - DEBUG - 
2026-03-20 15:14:26,691 - isca - DEBUG - Initialised Socrates v17.03
2026-03-20 15:14:26,691 - isca - DEBUG - Stellar constant =    1840.00000000000
2026-03-20 15:14:26,691 - isca - DEBUG - Longwave spectral file =
2026-03-20 15:14:26,691 - isca - DEBUG - /proj/bolinc/users/x_ryabo/socrates_edited_for_isca/spectral_files_for_GCMs/Sun
2026-03-20 15:14:26,691 - isca - DEBUG - /miniSuran_lw.sf WITH           16  bands
2026-03-20 15:14:26,691 - isca - DEBUG - Longwave hires spectral file =
2026-03-20 15:14:26,691 - isca - DEBUG - /proj/bolinc/users/x_ryabo/socrates_edited_for_isca/spectral_files_for_GCMs/Sun
2026-03-20 15:14:26,691 - isca - DEBUG - /miniSuran_lw.sf WITH           16  bands
2026-03-20 15:14:26,691 - isca - DEBUG - Shortwave spectral file =
2026-03-20 15:14:26,691 - isca - DEBUG - /proj/bolinc/users/x_ryabo/socrates_edited_for_isca/spectral_files_for_GCMs/Sun
2026-03-20 15:14:26,691 - isca - DEBUG - /miniSuran_sw.sf WITH           16  bands
2026-03-20 15:14:26,691 - isca - DEBUG - Shortwave hires spectral file =
2026-03-20 15:14:26,691 - isca - DEBUG - /proj/bolinc/users/x_ryabo/socrates_edited_for_isca/spectral_files_for_GCMs/Sun
2026-03-20 15:14:26,692 - isca - DEBUG - /miniSuran_sw.sf WITH           16  bands
2026-03-20 15:14:26,692 - isca - DEBUG - 
2026-03-20 15:14:26,692 - isca - DEBUG - -----------------------------------
2026-03-20 15:14:26,692 - isca - DEBUG - 
2026-03-20 15:14:58,128 - isca - DEBUG - Integration completed through    5 May  2   0: 0: 0
2026-03-20 15:15:29,503 - isca - DEBUG - Integration completed through    5 May  3   0: 0: 0
2026-03-20 15:16:00,864 - isca - DEBUG - Integration completed through    5 May  4   0: 0: 0
2026-03-20 15:16:32,214 - isca - DEBUG - Integration completed through    5 May  5   0: 0: 0
2026-03-20 15:17:03,551 - isca - DEBUG - Integration completed through    5 May  6   0: 0: 0
2026-03-20 15:17:34,946 - isca - DEBUG - Integration completed through    5 May  7   0: 0: 0
2026-03-20 15:18:06,262 - isca - DEBUG - Integration completed through    5 May  8   0: 0: 0
2026-03-20 15:18:37,569 - isca - DEBUG - Integration completed through    5 May  9   0: 0: 0
2026-03-20 15:19:08,894 - isca - DEBUG - Integration completed through    5 May 10   0: 0: 0
2026-03-20 15:19:40,287 - isca - DEBUG - Integration completed through    5 May 11   0: 0: 0
2026-03-20 15:20:11,582 - isca - DEBUG - Integration completed through    5 May 12   0: 0: 0
2026-03-20 15:20:42,988 - isca - DEBUG - Integration completed through    5 May 13   0: 0: 0
2026-03-20 15:21:14,422 - isca - DEBUG - Integration completed through    5 May 14   0: 0: 0
2026-03-20 15:21:45,841 - isca - DEBUG - Integration completed through    5 May 15   0: 0: 0
2026-03-20 15:22:17,228 - isca - DEBUG - Integration completed through    5 May 16   0: 0: 0
2026-03-20 15:22:48,664 - isca - DEBUG - Integration completed through    5 May 17   0: 0: 0
2026-03-20 15:23:20,041 - isca - DEBUG - Integration completed through    5 May 18   0: 0: 0
2026-03-20 15:23:51,553 - isca - DEBUG - Integration completed through    5 May 19   0: 0: 0
2026-03-20 15:24:23,045 - isca - DEBUG - Integration completed through    5 May 20   0: 0: 0
2026-03-20 15:24:54,500 - isca - DEBUG - Integration completed through    5 May 21   0: 0: 0
2026-03-20 15:25:25,959 - isca - DEBUG - Integration completed through    5 May 22   0: 0: 0
2026-03-20 15:25:57,436 - isca - DEBUG - Integration completed through    5 May 23   0: 0: 0
2026-03-20 15:26:28,951 - isca - DEBUG - Integration completed through    5 May 24   0: 0: 0
2026-03-20 15:27:00,402 - isca - DEBUG - Integration completed through    5 May 25   0: 0: 0
2026-03-20 15:27:31,769 - isca - DEBUG - Integration completed through    5 May 26   0: 0: 0
2026-03-20 15:28:03,181 - isca - DEBUG - Integration completed through    5 May 27   0: 0: 0
2026-03-20 15:28:34,629 - isca - DEBUG - Integration completed through    5 May 28   0: 0: 0
2026-03-20 15:29:06,023 - isca - DEBUG - Integration completed through    5 May 29   0: 0: 0
2026-03-20 15:29:37,421 - isca - DEBUG - Integration completed through    5 May 30   0: 0: 0
2026-03-20 15:30:08,725 - isca - DEBUG - Integration completed through    5 Jun  1   0: 0: 0
2026-03-20 15:30:08,732 - isca - DEBUG - 
2026-03-20 15:30:08,732 - isca - WARNING - WARNING from PE    0: diag_util_mod::opening_file: module/field_name (socrates/soc_toa_sw_down_clr) NOT registered
2026-03-20 15:30:08,732 - isca - DEBUG - 
2026-03-20 15:30:08,732 - isca - DEBUG - 
2026-03-20 15:30:08,732 - isca - WARNING - WARNING from PE    0: diag_util_mod::opening_file: module/field_name (socrates/soc_toa_sw_down_clr) NOT registered
2026-03-20 15:30:08,732 - isca - DEBUG - 
2026-03-20 15:30:08,732 - isca - DEBUG - 
2026-03-20 15:30:08,732 - isca - WARNING - WARNING from PE    0: diag_util_mod::opening_file: module/field_name (cloud_simple/rh_min) NOT registered
2026-03-20 15:30:08,732 - isca - DEBUG - 
2026-03-20 15:30:08,732 - isca - DEBUG - 
2026-03-20 15:30:08,732 - isca - WARNING - WARNING from PE    0: diag_util_mod::opening_file: module/field_name (cloud_simple/rh_min) NOT registered
2026-03-20 15:30:08,732 - isca - DEBUG - 
2026-03-20 15:30:08,743 - isca - DEBUG - NOTE from PE    0: MPP_IO_SET_STACK_SIZE: stack size set to     393216.
2026-03-20 15:30:09,149 - isca - DEBUG - MPP_DOMAINS_STACK high water mark=       49152
2026-03-20 15:30:09,149 - isca - DEBUG - 
2026-03-20 15:30:09,149 - isca - DEBUG - Tabulating mpp_clock statistics across     16 PEs...
2026-03-20 15:30:09,149 - isca - DEBUG - 
2026-03-20 15:30:09,149 - isca - DEBUG - tmin          tmax          tavg          tstd  tfrac grain pemin pemax
2026-03-20 15:30:09,149 - isca - DEBUG - Total runtime                       943.785681    943.790701    943.788363      0.001809  1.000     0     0    15
2026-03-20 15:30:09,149 - isca - DEBUG - MPP_STACK high water mark=           0
2026-03-20 15:30:09,260 - isca - INFO - Run 53 complete
2026-03-20 15:30:10,196 - isca - DEBUG - atmos_monthly.nc combined and copied to data directory
2026-03-20 15:30:13,402 - isca - INFO - Restart archive created at /proj/bolinc/users/x_ryabo/Isca-Ryan_outputs/Earth_1840/restarts/res0053.tar.gz
2026-03-20 15:30:13,415 - isca - INFO - Writing namelist to '/proj/bolinc/users/x_ryabo/Isca-Ryan_outputs/Earth_1840/run0053/input.nml'
2026-03-20 15:30:13,416 - isca - INFO - Writing field_table to '/proj/bolinc/users/x_ryabo/Isca-Ryan_outputs/Earth_1840/run0053/field_table'
2026-03-20 15:30:13,427 - isca - INFO - Writing diag_table to '/proj/bolinc/users/x_ryabo/Isca-Ryan_outputs/Earth_1840/run0053/diag_table'
2026-03-20 15:30:13,788 - isca - INFO - Emptied run directory '/home/x_ryabo/Isca-Ryan_tmp/experiment/Earth_1840/run'
2026-03-20 15:30:13,809 - isca - INFO - Emptied run directory '/home/x_ryabo/Isca-Ryan_tmp/experiment/Earth_1840/run'
2026-03-20 15:30:14,134 - isca - INFO - Writing namelist to '/home/x_ryabo/Isca-Ryan_tmp/experiment/Earth_1840/run/input.nml'
2026-03-20 15:30:14,136 - isca - INFO - Writing field_table to '/home/x_ryabo/Isca-Ryan_tmp/experiment/Earth_1840/run/field_table'
2026-03-20 15:30:14,152 - isca - INFO - Writing diag_table to '/home/x_ryabo/Isca-Ryan_tmp/experiment/Earth_1840/run/diag_table'
2026-03-20 15:30:14,169 - isca - INFO - Using restart file '/proj/bolinc/users/x_ryabo/Isca-Ryan_outputs/Earth_1840/restarts/res0053.tar.gz'
2026-03-20 15:30:14,577 - isca - INFO - Restart /proj/bolinc/users/x_ryabo/Isca-Ryan_outputs/Earth_1840/restarts/res0053.tar.gz extracted to /home/x_ryabo/Isca-Ryan_tmp/experiment/Earth_1840/run/INPUT
2026-03-20 15:30:14,578 - isca - INFO - Beginning run 54
2026-03-20 15:30:14,589 - isca - INFO - process running as 2572325
2026-03-20 15:30:14,590 - isca - DEBUG - loadmodules for Isca on NSC cluster Tetralith
2026-03-20 15:30:14,590 - isca - DEBUG - mpiifort
2026-03-20 15:30:14,703 - isca - DEBUG - The following modules were not unloaded:
2026-03-20 15:30:14,703 - isca - DEBUG - (Use "module --force purge" to unload all):
2026-03-20 15:30:14,703 - isca - DEBUG - 
2026-03-20 15:30:14,703 - isca - DEBUG - 1) hpc/.1.10.1
2026-03-20 15:30:14,807 - isca - DEBUG - ***************************************************
2026-03-20 15:30:14,807 - isca - DEBUG - You have loaded a buildenv module
2026-03-20 15:30:14,807 - isca - DEBUG - ***************************************************
2026-03-20 15:30:14,807 - isca - DEBUG - The buldenv-intel module makes available:
2026-03-20 15:30:14,807 - isca - DEBUG - - Compilers: icc, ifort, etc.
2026-03-20 15:30:14,807 - isca - DEBUG - - Mpi library with mpi-wrapped compilers: intel mpi with mpicc, mpifort, etc.
2026-03-20 15:30:14,807 - isca - DEBUG - - Numerical libraries: intel MKL
2026-03-20 15:30:14,807 - isca - DEBUG - 
2026-03-20 15:30:14,807 - isca - DEBUG - It also makes a set of dependency library modules available via
2026-03-20 15:30:14,807 - isca - DEBUG - the regular module command. Just do:
2026-03-20 15:30:14,807 - isca - DEBUG - module avail
2026-03-20 15:30:14,807 - isca - DEBUG - to see what is available.
2026-03-20 15:30:14,808 - isca - DEBUG - 
2026-03-20 15:30:14,808 - isca - DEBUG - NOTE: You shoud never load build environments inside submitted jobs.
2026-03-20 15:30:14,808 - isca - DEBUG - (with the single exception of when using supercomputer time to compile code.)
2026-03-20 15:30:14,808 - isca - DEBUG - 
2026-03-20 15:30:20,154 - isca - DEBUG - NOTE from PE    0: MPP_DOMAINS_SET_STACK_SIZE: stack size set to    32768.
2026-03-20 15:30:20,155 - isca - DEBUG - &MPP_IO_NML
2026-03-20 15:30:20,155 - isca - DEBUG - HEADER_BUFFER_VAL       =       16384,
2026-03-20 15:30:20,155 - isca - DEBUG - GLOBAL_FIELD_ON_ROOT_PE = T,
2026-03-20 15:30:20,155 - isca - DEBUG - IO_CLOCKS_ON    = F,
2026-03-20 15:30:20,155 - isca - DEBUG - SHUFFLE =           0,
2026-03-20 15:30:20,156 - isca - DEBUG - DEFLATE_LEVEL   =          -1
2026-03-20 15:30:20,156 - isca - DEBUG - /
2026-03-20 15:30:20,157 - isca - DEBUG - NOTE from PE    0: MPP_IO_SET_STACK_SIZE: stack size set to     131072.
2026-03-20 15:30:20,158 - isca - DEBUG - NOTE from PE    0: MPP_DOMAINS_SET_STACK_SIZE: stack size set to   600000.
2026-03-20 15:30:20,166 - isca - DEBUG - starting            1  OpenMP threads per MPI-task
2026-03-20 15:30:20,168 - isca - DEBUG - ATMOS MODEL DOMAIN DECOMPOSITION
2026-03-20 15:30:20,168 - isca - DEBUG - X-AXIS =  128
2026-03-20 15:30:20,168 - isca - DEBUG - Y-AXIS =    4   4   4   4   4   4   4   4   4   4   4   4   4   4   4   4
2026-03-20 15:30:20,225 - isca - DEBUG - NOTE from PE    0: cloud_simple: Using SimCloud cloud scheme
2026-03-20 15:30:20,226 - isca - DEBUG - NOTE from PE    0: ls_cloud: Using Sundqvist (1989) cloud fraction diagnostic formula.
2026-03-20 15:30:20,226 - isca - DEBUG - NOTE from PE    0: cloud_cover: The cloud overlap assumption is MAXIMUM-RANDOM
2026-03-20 15:30:20,227 - isca - DEBUG - NOTE from PE    0: idealized_moist_phys: Using Frierson Quasi-Equilibrium convection scheme.
2026-03-20 15:30:20,236 - isca - DEBUG - 
2026-03-20 15:30:20,236 - isca - WARNING - WARNING from PE    0: socrates_init: lw_hires_spectral_filename is unset, making equal to lw_spectral_filename
2026-03-20 15:30:20,236 - isca - DEBUG - 
2026-03-20 15:30:20,236 - isca - DEBUG - 
2026-03-20 15:30:20,236 - isca - WARNING - WARNING from PE    0: socrates_init: lw_hires_spectral_filename is unset, making equal to lw_spectral_filename
2026-03-20 15:30:20,236 - isca - DEBUG - 
2026-03-20 15:30:20,236 - isca - DEBUG - 
2026-03-20 15:30:20,236 - isca - WARNING - WARNING from PE    0: socrates_init: sw_hires_spectral_filename is unset, making equal to sw_spectral_filename
2026-03-20 15:30:20,236 - isca - DEBUG - 
2026-03-20 15:30:20,236 - isca - DEBUG - 
2026-03-20 15:30:20,236 - isca - WARNING - WARNING from PE    0: socrates_init: sw_hires_spectral_filename is unset, making equal to sw_spectral_filename
2026-03-20 15:30:20,236 - isca - DEBUG - 
2026-03-20 15:30:21,464 - isca - DEBUG - NOTE from PE    0: Interpolator: Using input file with no time dimension - ozone_1990_notime_zero.nc
2026-03-20 15:30:21,464 - isca - DEBUG - Initializing src field : ozone_1990
2026-03-20 15:30:21,465 - isca - DEBUG - 
2026-03-20 15:30:21,465 - isca - DEBUG - -----------------------------------
2026-03-20 15:30:21,466 - isca - DEBUG - ____                       _
2026-03-20 15:30:21,466 - isca - DEBUG - / ___|  ___   ___ _ __ __ _| |_ ___  ___
2026-03-20 15:30:21,466 - isca - DEBUG - \___ \ / _ \ / __|  __/ _` | __/ _ \/ __|
2026-03-20 15:30:21,466 - isca - DEBUG - ___) | (_) | (__| | | (_| | ||  __/\__ \
2026-03-20 15:30:21,466 - isca - DEBUG - |____/ \___/ \___|_|  \__,_|\__\___||___/
2026-03-20 15:30:21,466 - isca - DEBUG - 
2026-03-20 15:30:21,466 - isca - DEBUG - Initialised Socrates v17.03
2026-03-20 15:30:21,466 - isca - DEBUG - Stellar constant =    1840.00000000000
2026-03-20 15:30:21,466 - isca - DEBUG - Longwave spectral file =
2026-03-20 15:30:21,466 - isca - DEBUG - /proj/bolinc/users/x_ryabo/socrates_edited_for_isca/spectral_files_for_GCMs/Sun
2026-03-20 15:30:21,466 - isca - DEBUG - /miniSuran_lw.sf WITH           16  bands
2026-03-20 15:30:21,466 - isca - DEBUG - Longwave hires spectral file =
2026-03-20 15:30:21,466 - isca - DEBUG - /proj/bolinc/users/x_ryabo/socrates_edited_for_isca/spectral_files_for_GCMs/Sun
2026-03-20 15:30:21,466 - isca - DEBUG - /miniSuran_lw.sf WITH           16  bands
2026-03-20 15:30:21,466 - isca - DEBUG - Shortwave spectral file =
2026-03-20 15:30:21,466 - isca - DEBUG - /proj/bolinc/users/x_ryabo/socrates_edited_for_isca/spectral_files_for_GCMs/Sun
2026-03-20 15:30:21,466 - isca - DEBUG - /miniSuran_sw.sf WITH           16  bands
2026-03-20 15:30:21,466 - isca - DEBUG - Shortwave hires spectral file =
2026-03-20 15:30:21,466 - isca - DEBUG - /proj/bolinc/users/x_ryabo/socrates_edited_for_isca/spectral_files_for_GCMs/Sun
2026-03-20 15:30:21,466 - isca - DEBUG - /miniSuran_sw.sf WITH           16  bands
2026-03-20 15:30:21,466 - isca - DEBUG - 
2026-03-20 15:30:21,466 - isca - DEBUG - -----------------------------------
2026-03-20 15:30:21,466 - isca - DEBUG - 
2026-03-20 15:30:53,050 - isca - DEBUG - Integration completed through    5 Jun  2   0: 0: 0
2026-03-20 15:31:24,669 - isca - DEBUG - Integration completed through    5 Jun  3   0: 0: 0
2026-03-20 15:31:56,166 - isca - DEBUG - Integration completed through    5 Jun  4   0: 0: 0
2026-03-20 15:32:27,686 - isca - DEBUG - Integration completed through    5 Jun  5   0: 0: 0
2026-03-20 15:32:59,212 - isca - DEBUG - Integration completed through    5 Jun  6   0: 0: 0
2026-03-20 15:33:30,705 - isca - DEBUG - Integration completed through    5 Jun  7   0: 0: 0
2026-03-20 15:34:02,116 - isca - DEBUG - Integration completed through    5 Jun  8   0: 0: 0
2026-03-20 15:34:33,616 - isca - DEBUG - Integration completed through    5 Jun  9   0: 0: 0
2026-03-20 15:35:05,048 - isca - DEBUG - Integration completed through    5 Jun 10   0: 0: 0
2026-03-20 15:35:36,608 - isca - DEBUG - Integration completed through    5 Jun 11   0: 0: 0
2026-03-20 15:36:08,157 - isca - DEBUG - Integration completed through    5 Jun 12   0: 0: 0
2026-03-20 15:36:39,806 - isca - DEBUG - Integration completed through    5 Jun 13   0: 0: 0
2026-03-20 15:37:11,364 - isca - DEBUG - Integration completed through    5 Jun 14   0: 0: 0
2026-03-20 15:37:42,913 - isca - DEBUG - Integration completed through    5 Jun 15   0: 0: 0
2026-03-20 15:38:14,506 - isca - DEBUG - Integration completed through    5 Jun 16   0: 0: 0
2026-03-20 15:38:46,102 - isca - DEBUG - Integration completed through    5 Jun 17   0: 0: 0
2026-03-20 15:39:17,652 - isca - DEBUG - Integration completed through    5 Jun 18   0: 0: 0
2026-03-20 15:39:49,226 - isca - DEBUG - Integration completed through    5 Jun 19   0: 0: 0
2026-03-20 15:40:20,805 - isca - DEBUG - Integration completed through    5 Jun 20   0: 0: 0
2026-03-20 15:40:52,405 - isca - DEBUG - Integration completed through    5 Jun 21   0: 0: 0
2026-03-20 15:41:23,972 - isca - DEBUG - Integration completed through    5 Jun 22   0: 0: 0
2026-03-20 15:41:55,510 - isca - DEBUG - Integration completed through    5 Jun 23   0: 0: 0
2026-03-20 15:42:27,126 - isca - DEBUG - Integration completed through    5 Jun 24   0: 0: 0
2026-03-20 15:42:58,751 - isca - DEBUG - Integration completed through    5 Jun 25   0: 0: 0
2026-03-20 15:43:30,456 - isca - DEBUG - Integration completed through    5 Jun 26   0: 0: 0
2026-03-20 15:44:02,149 - isca - DEBUG - Integration completed through    5 Jun 27   0: 0: 0
2026-03-20 15:44:33,772 - isca - DEBUG - Integration completed through    5 Jun 28   0: 0: 0
2026-03-20 15:45:05,402 - isca - DEBUG - Integration completed through    5 Jun 29   0: 0: 0
2026-03-20 15:45:37,144 - isca - DEBUG - Integration completed through    5 Jun 30   0: 0: 0
2026-03-20 15:46:08,816 - isca - DEBUG - Integration completed through    5 Jul  1   0: 0: 0
2026-03-20 15:46:08,824 - isca - DEBUG - 
2026-03-20 15:46:08,824 - isca - WARNING - WARNING from PE    0: diag_util_mod::opening_file: module/field_name (socrates/soc_toa_sw_down_clr) NOT registered
2026-03-20 15:46:08,825 - isca - DEBUG - 
2026-03-20 15:46:08,825 - isca - DEBUG - 
2026-03-20 15:46:08,825 - isca - WARNING - WARNING from PE    0: diag_util_mod::opening_file: module/field_name (socrates/soc_toa_sw_down_clr) NOT registered
2026-03-20 15:46:08,825 - isca - DEBUG - 
2026-03-20 15:46:08,825 - isca - DEBUG - 
2026-03-20 15:46:08,825 - isca - WARNING - WARNING from PE    0: diag_util_mod::opening_file: module/field_name (cloud_simple/rh_min) NOT registered
2026-03-20 15:46:08,825 - isca - DEBUG - 
2026-03-20 15:46:08,825 - isca - DEBUG - 
2026-03-20 15:46:08,825 - isca - WARNING - WARNING from PE    0: diag_util_mod::opening_file: module/field_name (cloud_simple/rh_min) NOT registered
2026-03-20 15:46:08,825 - isca - DEBUG - 
2026-03-20 15:46:08,836 - isca - DEBUG - NOTE from PE    0: MPP_IO_SET_STACK_SIZE: stack size set to     393216.
2026-03-20 15:46:08,931 - isca - DEBUG - MPP_DOMAINS_STACK high water mark=       49152
2026-03-20 15:46:08,931 - isca - DEBUG - 
2026-03-20 15:46:08,932 - isca - DEBUG - Tabulating mpp_clock statistics across     16 PEs...
2026-03-20 15:46:08,932 - isca - DEBUG - 
2026-03-20 15:46:08,932 - isca - DEBUG - tmin          tmax          tavg          tstd  tfrac grain pemin pemax
2026-03-20 15:46:08,932 - isca - DEBUG - Total runtime                       948.775600    948.779642    948.777768      0.001211  1.000     0     0    15
2026-03-20 15:46:08,932 - isca - DEBUG - MPP_STACK high water mark=           0
2026-03-20 15:46:09,055 - isca - INFO - Run 54 complete
2026-03-20 15:46:10,504 - isca - DEBUG - atmos_monthly.nc combined and copied to data directory
2026-03-20 15:46:13,712 - isca - INFO - Restart archive created at /proj/bolinc/users/x_ryabo/Isca-Ryan_outputs/Earth_1840/restarts/res0054.tar.gz
2026-03-20 15:46:13,723 - isca - INFO - Writing namelist to '/proj/bolinc/users/x_ryabo/Isca-Ryan_outputs/Earth_1840/run0054/input.nml'
2026-03-20 15:46:13,725 - isca - INFO - Writing field_table to '/proj/bolinc/users/x_ryabo/Isca-Ryan_outputs/Earth_1840/run0054/field_table'
2026-03-20 15:46:13,737 - isca - INFO - Writing diag_table to '/proj/bolinc/users/x_ryabo/Isca-Ryan_outputs/Earth_1840/run0054/diag_table'
2026-03-20 15:46:14,089 - isca - INFO - Emptied run directory '/home/x_ryabo/Isca-Ryan_tmp/experiment/Earth_1840/run'
2026-03-20 15:46:14,109 - isca - INFO - Emptied run directory '/home/x_ryabo/Isca-Ryan_tmp/experiment/Earth_1840/run'
2026-03-20 15:46:14,435 - isca - INFO - Writing namelist to '/home/x_ryabo/Isca-Ryan_tmp/experiment/Earth_1840/run/input.nml'
2026-03-20 15:46:14,437 - isca - INFO - Writing field_table to '/home/x_ryabo/Isca-Ryan_tmp/experiment/Earth_1840/run/field_table'
2026-03-20 15:46:14,449 - isca - INFO - Writing diag_table to '/home/x_ryabo/Isca-Ryan_tmp/experiment/Earth_1840/run/diag_table'
2026-03-20 15:46:14,463 - isca - INFO - Using restart file '/proj/bolinc/users/x_ryabo/Isca-Ryan_outputs/Earth_1840/restarts/res0054.tar.gz'
2026-03-20 15:46:14,872 - isca - INFO - Restart /proj/bolinc/users/x_ryabo/Isca-Ryan_outputs/Earth_1840/restarts/res0054.tar.gz extracted to /home/x_ryabo/Isca-Ryan_tmp/experiment/Earth_1840/run/INPUT
2026-03-20 15:46:14,872 - isca - INFO - Beginning run 55
2026-03-20 15:46:14,887 - isca - INFO - process running as 2575493
2026-03-20 15:46:14,888 - isca - DEBUG - loadmodules for Isca on NSC cluster Tetralith
2026-03-20 15:46:14,888 - isca - DEBUG - mpiifort
2026-03-20 15:46:14,998 - isca - DEBUG - The following modules were not unloaded:
2026-03-20 15:46:14,998 - isca - DEBUG - (Use "module --force purge" to unload all):
2026-03-20 15:46:14,998 - isca - DEBUG - 
2026-03-20 15:46:14,998 - isca - DEBUG - 1) hpc/.1.10.1
2026-03-20 15:46:15,101 - isca - DEBUG - ***************************************************
2026-03-20 15:46:15,101 - isca - DEBUG - You have loaded a buildenv module
2026-03-20 15:46:15,101 - isca - DEBUG - ***************************************************
2026-03-20 15:46:15,101 - isca - DEBUG - The buldenv-intel module makes available:
2026-03-20 15:46:15,101 - isca - DEBUG - - Compilers: icc, ifort, etc.
2026-03-20 15:46:15,101 - isca - DEBUG - - Mpi library with mpi-wrapped compilers: intel mpi with mpicc, mpifort, etc.
2026-03-20 15:46:15,101 - isca - DEBUG - - Numerical libraries: intel MKL
2026-03-20 15:46:15,101 - isca - DEBUG - 
2026-03-20 15:46:15,102 - isca - DEBUG - It also makes a set of dependency library modules available via
2026-03-20 15:46:15,102 - isca - DEBUG - the regular module command. Just do:
2026-03-20 15:46:15,102 - isca - DEBUG - module avail
2026-03-20 15:46:15,102 - isca - DEBUG - to see what is available.
2026-03-20 15:46:15,102 - isca - DEBUG - 
2026-03-20 15:46:15,102 - isca - DEBUG - NOTE: You shoud never load build environments inside submitted jobs.
2026-03-20 15:46:15,102 - isca - DEBUG - (with the single exception of when using supercomputer time to compile code.)
2026-03-20 15:46:15,102 - isca - DEBUG - 
2026-03-20 15:46:16,221 - isca - DEBUG - NOTE from PE    0: MPP_DOMAINS_SET_STACK_SIZE: stack size set to    32768.
2026-03-20 15:46:16,221 - isca - DEBUG - &MPP_IO_NML
2026-03-20 15:46:16,221 - isca - DEBUG - HEADER_BUFFER_VAL       =       16384,
2026-03-20 15:46:16,222 - isca - DEBUG - GLOBAL_FIELD_ON_ROOT_PE = T,
2026-03-20 15:46:16,222 - isca - DEBUG - IO_CLOCKS_ON    = F,
2026-03-20 15:46:16,222 - isca - DEBUG - SHUFFLE =           0,
2026-03-20 15:46:16,222 - isca - DEBUG - DEFLATE_LEVEL   =          -1
2026-03-20 15:46:16,222 - isca - DEBUG - /
2026-03-20 15:46:16,224 - isca - DEBUG - NOTE from PE    0: MPP_IO_SET_STACK_SIZE: stack size set to     131072.
2026-03-20 15:46:16,224 - isca - DEBUG - NOTE from PE    0: MPP_DOMAINS_SET_STACK_SIZE: stack size set to   600000.
2026-03-20 15:46:16,232 - isca - DEBUG - starting            1  OpenMP threads per MPI-task
2026-03-20 15:46:16,234 - isca - DEBUG - ATMOS MODEL DOMAIN DECOMPOSITION
2026-03-20 15:46:16,234 - isca - DEBUG - X-AXIS =  128
2026-03-20 15:46:16,234 - isca - DEBUG - Y-AXIS =    4   4   4   4   4   4   4   4   4   4   4   4   4   4   4   4
2026-03-20 15:46:16,290 - isca - DEBUG - NOTE from PE    0: cloud_simple: Using SimCloud cloud scheme
2026-03-20 15:46:16,292 - isca - DEBUG - NOTE from PE    0: ls_cloud: Using Sundqvist (1989) cloud fraction diagnostic formula.
2026-03-20 15:46:16,292 - isca - DEBUG - NOTE from PE    0: cloud_cover: The cloud overlap assumption is MAXIMUM-RANDOM
2026-03-20 15:46:16,292 - isca - DEBUG - NOTE from PE    0: idealized_moist_phys: Using Frierson Quasi-Equilibrium convection scheme.
2026-03-20 15:46:16,301 - isca - DEBUG - 
2026-03-20 15:46:16,301 - isca - WARNING - WARNING from PE    0: socrates_init: lw_hires_spectral_filename is unset, making equal to lw_spectral_filename
2026-03-20 15:46:16,301 - isca - DEBUG - 
2026-03-20 15:46:16,301 - isca - DEBUG - 
2026-03-20 15:46:16,301 - isca - WARNING - WARNING from PE    0: socrates_init: lw_hires_spectral_filename is unset, making equal to lw_spectral_filename
2026-03-20 15:46:16,301 - isca - DEBUG - 
2026-03-20 15:46:16,301 - isca - DEBUG - 
2026-03-20 15:46:16,301 - isca - WARNING - WARNING from PE    0: socrates_init: sw_hires_spectral_filename is unset, making equal to sw_spectral_filename
2026-03-20 15:46:16,301 - isca - DEBUG - 
2026-03-20 15:46:16,301 - isca - DEBUG - 
2026-03-20 15:46:16,301 - isca - WARNING - WARNING from PE    0: socrates_init: sw_hires_spectral_filename is unset, making equal to sw_spectral_filename
2026-03-20 15:46:16,301 - isca - DEBUG - 
2026-03-20 15:46:17,504 - isca - DEBUG - NOTE from PE    0: Interpolator: Using input file with no time dimension - ozone_1990_notime_zero.nc
2026-03-20 15:46:17,504 - isca - DEBUG - Initializing src field : ozone_1990
2026-03-20 15:46:17,506 - isca - DEBUG - 
2026-03-20 15:46:17,506 - isca - DEBUG - -----------------------------------
2026-03-20 15:46:17,506 - isca - DEBUG - ____                       _
2026-03-20 15:46:17,506 - isca - DEBUG - / ___|  ___   ___ _ __ __ _| |_ ___  ___
2026-03-20 15:46:17,506 - isca - DEBUG - \___ \ / _ \ / __|  __/ _` | __/ _ \/ __|
2026-03-20 15:46:17,506 - isca - DEBUG - ___) | (_) | (__| | | (_| | ||  __/\__ \
2026-03-20 15:46:17,506 - isca - DEBUG - |____/ \___/ \___|_|  \__,_|\__\___||___/
2026-03-20 15:46:17,506 - isca - DEBUG - 
2026-03-20 15:46:17,506 - isca - DEBUG - Initialised Socrates v17.03
2026-03-20 15:46:17,506 - isca - DEBUG - Stellar constant =    1840.00000000000
2026-03-20 15:46:17,506 - isca - DEBUG - Longwave spectral file =
2026-03-20 15:46:17,506 - isca - DEBUG - /proj/bolinc/users/x_ryabo/socrates_edited_for_isca/spectral_files_for_GCMs/Sun
2026-03-20 15:46:17,506 - isca - DEBUG - /miniSuran_lw.sf WITH           16  bands
2026-03-20 15:46:17,506 - isca - DEBUG - Longwave hires spectral file =
2026-03-20 15:46:17,507 - isca - DEBUG - /proj/bolinc/users/x_ryabo/socrates_edited_for_isca/spectral_files_for_GCMs/Sun
2026-03-20 15:46:17,507 - isca - DEBUG - /miniSuran_lw.sf WITH           16  bands
2026-03-20 15:46:17,507 - isca - DEBUG - Shortwave spectral file =
2026-03-20 15:46:17,507 - isca - DEBUG - /proj/bolinc/users/x_ryabo/socrates_edited_for_isca/spectral_files_for_GCMs/Sun
2026-03-20 15:46:17,507 - isca - DEBUG - /miniSuran_sw.sf WITH           16  bands
2026-03-20 15:46:17,507 - isca - DEBUG - Shortwave hires spectral file =
2026-03-20 15:46:17,507 - isca - DEBUG - /proj/bolinc/users/x_ryabo/socrates_edited_for_isca/spectral_files_for_GCMs/Sun
2026-03-20 15:46:17,507 - isca - DEBUG - /miniSuran_sw.sf WITH           16  bands
2026-03-20 15:46:17,507 - isca - DEBUG - 
2026-03-20 15:46:17,507 - isca - DEBUG - -----------------------------------
2026-03-20 15:46:17,507 - isca - DEBUG - 
2026-03-20 15:46:49,290 - isca - DEBUG - Integration completed through    5 Jul  2   0: 0: 0
2026-03-20 15:47:21,020 - isca - DEBUG - Integration completed through    5 Jul  3   0: 0: 0
2026-03-20 15:47:52,704 - isca - DEBUG - Integration completed through    5 Jul  4   0: 0: 0
2026-03-20 15:48:24,406 - isca - DEBUG - Integration completed through    5 Jul  5   0: 0: 0
2026-03-20 15:48:56,135 - isca - DEBUG - Integration completed through    5 Jul  6   0: 0: 0
2026-03-20 15:49:27,853 - isca - DEBUG - Integration completed through    5 Jul  7   0: 0: 0
2026-03-20 15:49:59,574 - isca - DEBUG - Integration completed through    5 Jul  8   0: 0: 0
2026-03-20 15:50:31,411 - isca - DEBUG - Integration completed through    5 Jul  9   0: 0: 0
2026-03-20 15:51:03,144 - isca - DEBUG - Integration completed through    5 Jul 10   0: 0: 0
2026-03-20 15:51:34,870 - isca - DEBUG - Integration completed through    5 Jul 11   0: 0: 0
2026-03-20 15:52:06,611 - isca - DEBUG - Integration completed through    5 Jul 12   0: 0: 0
2026-03-20 15:52:38,370 - isca - DEBUG - Integration completed through    5 Jul 13   0: 0: 0
2026-03-20 15:53:09,987 - isca - DEBUG - Integration completed through    5 Jul 14   0: 0: 0
2026-03-20 15:53:41,584 - isca - DEBUG - Integration completed through    5 Jul 15   0: 0: 0
2026-03-20 15:54:13,223 - isca - DEBUG - Integration completed through    5 Jul 16   0: 0: 0
2026-03-20 15:54:44,887 - isca - DEBUG - Integration completed through    5 Jul 17   0: 0: 0
2026-03-20 15:55:16,553 - isca - DEBUG - Integration completed through    5 Jul 18   0: 0: 0
2026-03-20 15:55:48,275 - isca - DEBUG - Integration completed through    5 Jul 19   0: 0: 0
2026-03-20 15:56:19,971 - isca - DEBUG - Integration completed through    5 Jul 20   0: 0: 0
2026-03-20 15:56:51,647 - isca - DEBUG - Integration completed through    5 Jul 21   0: 0: 0
2026-03-20 15:57:23,330 - isca - DEBUG - Integration completed through    5 Jul 22   0: 0: 0
2026-03-20 15:57:54,966 - isca - DEBUG - Integration completed through    5 Jul 23   0: 0: 0
2026-03-20 15:58:26,599 - isca - DEBUG - Integration completed through    5 Jul 24   0: 0: 0
2026-03-20 15:58:58,252 - isca - DEBUG - Integration completed through    5 Jul 25   0: 0: 0
2026-03-20 15:59:29,823 - isca - DEBUG - Integration completed through    5 Jul 26   0: 0: 0
2026-03-20 16:00:01,406 - isca - DEBUG - Integration completed through    5 Jul 27   0: 0: 0
2026-03-20 16:00:32,976 - isca - DEBUG - Integration completed through    5 Jul 28   0: 0: 0
2026-03-20 16:01:04,533 - isca - DEBUG - Integration completed through    5 Jul 29   0: 0: 0
2026-03-20 16:01:36,064 - isca - DEBUG - Integration completed through    5 Jul 30   0: 0: 0
2026-03-20 16:02:07,626 - isca - DEBUG - Integration completed through    5 Aug  1   0: 0: 0
2026-03-20 16:02:08,008 - isca - DEBUG - 
2026-03-20 16:02:08,008 - isca - WARNING - WARNING from PE    0: diag_util_mod::opening_file: module/field_name (socrates/soc_toa_sw_down_clr) NOT registered
2026-03-20 16:02:08,008 - isca - DEBUG - 
2026-03-20 16:02:08,008 - isca - DEBUG - 
2026-03-20 16:02:08,008 - isca - WARNING - WARNING from PE    0: diag_util_mod::opening_file: module/field_name (socrates/soc_toa_sw_down_clr) NOT registered
2026-03-20 16:02:08,008 - isca - DEBUG - 
2026-03-20 16:02:08,008 - isca - DEBUG - 
2026-03-20 16:02:08,008 - isca - WARNING - WARNING from PE    0: diag_util_mod::opening_file: module/field_name (cloud_simple/rh_min) NOT registered
2026-03-20 16:02:08,008 - isca - DEBUG - 
2026-03-20 16:02:08,008 - isca - DEBUG - 
2026-03-20 16:02:08,008 - isca - WARNING - WARNING from PE    0: diag_util_mod::opening_file: module/field_name (cloud_simple/rh_min) NOT registered
2026-03-20 16:02:08,008 - isca - DEBUG - 
2026-03-20 16:02:08,019 - isca - DEBUG - NOTE from PE    0: MPP_IO_SET_STACK_SIZE: stack size set to     393216.
2026-03-20 16:02:08,128 - isca - DEBUG - MPP_DOMAINS_STACK high water mark=       49152
2026-03-20 16:02:08,128 - isca - DEBUG - 
2026-03-20 16:02:08,128 - isca - DEBUG - Tabulating mpp_clock statistics across     16 PEs...
2026-03-20 16:02:08,128 - isca - DEBUG - 
2026-03-20 16:02:08,128 - isca - DEBUG - tmin          tmax          tavg          tstd  tfrac grain pemin pemax
2026-03-20 16:02:08,128 - isca - DEBUG - Total runtime                       951.905958    951.911182    951.908861      0.001507  1.000     0     0    15
2026-03-20 16:02:08,129 - isca - DEBUG - MPP_STACK high water mark=           0
2026-03-20 16:02:08,226 - isca - INFO - Run 55 complete
2026-03-20 16:02:09,342 - isca - DEBUG - atmos_monthly.nc combined and copied to data directory
2026-03-20 16:02:12,549 - isca - INFO - Restart archive created at /proj/bolinc/users/x_ryabo/Isca-Ryan_outputs/Earth_1840/restarts/res0055.tar.gz
2026-03-20 16:02:12,564 - isca - INFO - Writing namelist to '/proj/bolinc/users/x_ryabo/Isca-Ryan_outputs/Earth_1840/run0055/input.nml'
2026-03-20 16:02:12,566 - isca - INFO - Writing field_table to '/proj/bolinc/users/x_ryabo/Isca-Ryan_outputs/Earth_1840/run0055/field_table'
2026-03-20 16:02:12,576 - isca - INFO - Writing diag_table to '/proj/bolinc/users/x_ryabo/Isca-Ryan_outputs/Earth_1840/run0055/diag_table'
2026-03-20 16:02:12,952 - isca - INFO - Emptied run directory '/home/x_ryabo/Isca-Ryan_tmp/experiment/Earth_1840/run'
2026-03-20 16:02:12,973 - isca - INFO - Emptied run directory '/home/x_ryabo/Isca-Ryan_tmp/experiment/Earth_1840/run'
2026-03-20 16:02:13,302 - isca - INFO - Writing namelist to '/home/x_ryabo/Isca-Ryan_tmp/experiment/Earth_1840/run/input.nml'
2026-03-20 16:02:13,304 - isca - INFO - Writing field_table to '/home/x_ryabo/Isca-Ryan_tmp/experiment/Earth_1840/run/field_table'
2026-03-20 16:02:13,316 - isca - INFO - Writing diag_table to '/home/x_ryabo/Isca-Ryan_tmp/experiment/Earth_1840/run/diag_table'
2026-03-20 16:02:13,329 - isca - INFO - Using restart file '/proj/bolinc/users/x_ryabo/Isca-Ryan_outputs/Earth_1840/restarts/res0055.tar.gz'
2026-03-20 16:02:13,738 - isca - INFO - Restart /proj/bolinc/users/x_ryabo/Isca-Ryan_outputs/Earth_1840/restarts/res0055.tar.gz extracted to /home/x_ryabo/Isca-Ryan_tmp/experiment/Earth_1840/run/INPUT
2026-03-20 16:02:13,739 - isca - INFO - Beginning run 56
2026-03-20 16:02:13,750 - isca - INFO - process running as 2576386
2026-03-20 16:02:13,750 - isca - DEBUG - loadmodules for Isca on NSC cluster Tetralith
2026-03-20 16:02:13,750 - isca - DEBUG - mpiifort
2026-03-20 16:02:13,863 - isca - DEBUG - The following modules were not unloaded:
2026-03-20 16:02:13,863 - isca - DEBUG - (Use "module --force purge" to unload all):
2026-03-20 16:02:13,863 - isca - DEBUG - 
2026-03-20 16:02:13,863 - isca - DEBUG - 1) hpc/.1.10.1
2026-03-20 16:02:13,967 - isca - DEBUG - ***************************************************
2026-03-20 16:02:13,967 - isca - DEBUG - You have loaded a buildenv module
2026-03-20 16:02:13,967 - isca - DEBUG - ***************************************************
2026-03-20 16:02:13,967 - isca - DEBUG - The buldenv-intel module makes available:
2026-03-20 16:02:13,968 - isca - DEBUG - - Compilers: icc, ifort, etc.
2026-03-20 16:02:13,968 - isca - DEBUG - - Mpi library with mpi-wrapped compilers: intel mpi with mpicc, mpifort, etc.
2026-03-20 16:02:13,968 - isca - DEBUG - - Numerical libraries: intel MKL
2026-03-20 16:02:13,968 - isca - DEBUG - 
2026-03-20 16:02:13,968 - isca - DEBUG - It also makes a set of dependency library modules available via
2026-03-20 16:02:13,968 - isca - DEBUG - the regular module command. Just do:
2026-03-20 16:02:13,968 - isca - DEBUG - module avail
2026-03-20 16:02:13,968 - isca - DEBUG - to see what is available.
2026-03-20 16:02:13,968 - isca - DEBUG - 
2026-03-20 16:02:13,968 - isca - DEBUG - NOTE: You shoud never load build environments inside submitted jobs.
2026-03-20 16:02:13,968 - isca - DEBUG - (with the single exception of when using supercomputer time to compile code.)
2026-03-20 16:02:13,968 - isca - DEBUG - 
2026-03-20 16:02:20,463 - isca - DEBUG - NOTE from PE    0: MPP_DOMAINS_SET_STACK_SIZE: stack size set to    32768.
2026-03-20 16:02:20,464 - isca - DEBUG - &MPP_IO_NML
2026-03-20 16:02:20,464 - isca - DEBUG - HEADER_BUFFER_VAL       =       16384,
2026-03-20 16:02:20,464 - isca - DEBUG - GLOBAL_FIELD_ON_ROOT_PE = T,
2026-03-20 16:02:20,464 - isca - DEBUG - IO_CLOCKS_ON    = F,
2026-03-20 16:02:20,464 - isca - DEBUG - SHUFFLE =           0,
2026-03-20 16:02:20,464 - isca - DEBUG - DEFLATE_LEVEL   =          -1
2026-03-20 16:02:20,464 - isca - DEBUG - /
2026-03-20 16:02:20,465 - isca - DEBUG - NOTE from PE    0: MPP_IO_SET_STACK_SIZE: stack size set to     131072.
2026-03-20 16:02:20,466 - isca - DEBUG - NOTE from PE    0: MPP_DOMAINS_SET_STACK_SIZE: stack size set to   600000.
2026-03-20 16:02:20,481 - isca - DEBUG - starting            1  OpenMP threads per MPI-task
2026-03-20 16:02:20,481 - isca - DEBUG - ATMOS MODEL DOMAIN DECOMPOSITION
2026-03-20 16:02:20,481 - isca - DEBUG - X-AXIS =  128
2026-03-20 16:02:20,481 - isca - DEBUG - Y-AXIS =    4   4   4   4   4   4   4   4   4   4   4   4   4   4   4   4
2026-03-20 16:02:20,538 - isca - DEBUG - NOTE from PE    0: cloud_simple: Using SimCloud cloud scheme
2026-03-20 16:02:20,539 - isca - DEBUG - NOTE from PE    0: ls_cloud: Using Sundqvist (1989) cloud fraction diagnostic formula.
2026-03-20 16:02:20,540 - isca - DEBUG - NOTE from PE    0: cloud_cover: The cloud overlap assumption is MAXIMUM-RANDOM
2026-03-20 16:02:20,540 - isca - DEBUG - NOTE from PE    0: idealized_moist_phys: Using Frierson Quasi-Equilibrium convection scheme.
2026-03-20 16:02:20,549 - isca - DEBUG - 
2026-03-20 16:02:20,549 - isca - WARNING - WARNING from PE    0: socrates_init: lw_hires_spectral_filename is unset, making equal to lw_spectral_filename
2026-03-20 16:02:20,549 - isca - DEBUG - 
2026-03-20 16:02:20,549 - isca - DEBUG - 
2026-03-20 16:02:20,549 - isca - WARNING - WARNING from PE    0: socrates_init: lw_hires_spectral_filename is unset, making equal to lw_spectral_filename
2026-03-20 16:02:20,549 - isca - DEBUG - 
2026-03-20 16:02:20,549 - isca - DEBUG - 
2026-03-20 16:02:20,549 - isca - WARNING - WARNING from PE    0: socrates_init: sw_hires_spectral_filename is unset, making equal to sw_spectral_filename
2026-03-20 16:02:20,549 - isca - DEBUG - 
2026-03-20 16:02:20,549 - isca - DEBUG - 
2026-03-20 16:02:20,549 - isca - WARNING - WARNING from PE    0: socrates_init: sw_hires_spectral_filename is unset, making equal to sw_spectral_filename
2026-03-20 16:02:20,549 - isca - DEBUG - 
2026-03-20 16:02:21,755 - isca - DEBUG - NOTE from PE    0: Interpolator: Using input file with no time dimension - ozone_1990_notime_zero.nc
2026-03-20 16:02:21,755 - isca - DEBUG - Initializing src field : ozone_1990
2026-03-20 16:02:21,757 - isca - DEBUG - 
2026-03-20 16:02:21,757 - isca - DEBUG - -----------------------------------
2026-03-20 16:02:21,757 - isca - DEBUG - ____                       _
2026-03-20 16:02:21,757 - isca - DEBUG - / ___|  ___   ___ _ __ __ _| |_ ___  ___
2026-03-20 16:02:21,757 - isca - DEBUG - \___ \ / _ \ / __|  __/ _` | __/ _ \/ __|
2026-03-20 16:02:21,757 - isca - DEBUG - ___) | (_) | (__| | | (_| | ||  __/\__ \
2026-03-20 16:02:21,757 - isca - DEBUG - |____/ \___/ \___|_|  \__,_|\__\___||___/
2026-03-20 16:02:21,757 - isca - DEBUG - 
2026-03-20 16:02:21,757 - isca - DEBUG - Initialised Socrates v17.03
2026-03-20 16:02:21,758 - isca - DEBUG - Stellar constant =    1840.00000000000
2026-03-20 16:02:21,758 - isca - DEBUG - Longwave spectral file =
2026-03-20 16:02:21,758 - isca - DEBUG - /proj/bolinc/users/x_ryabo/socrates_edited_for_isca/spectral_files_for_GCMs/Sun
2026-03-20 16:02:21,758 - isca - DEBUG - /miniSuran_lw.sf WITH           16  bands
2026-03-20 16:02:21,758 - isca - DEBUG - Longwave hires spectral file =
2026-03-20 16:02:21,758 - isca - DEBUG - /proj/bolinc/users/x_ryabo/socrates_edited_for_isca/spectral_files_for_GCMs/Sun
2026-03-20 16:02:21,758 - isca - DEBUG - /miniSuran_lw.sf WITH           16  bands
2026-03-20 16:02:21,758 - isca - DEBUG - Shortwave spectral file =
2026-03-20 16:02:21,758 - isca - DEBUG - /proj/bolinc/users/x_ryabo/socrates_edited_for_isca/spectral_files_for_GCMs/Sun
2026-03-20 16:02:21,758 - isca - DEBUG - /miniSuran_sw.sf WITH           16  bands
2026-03-20 16:02:21,758 - isca - DEBUG - Shortwave hires spectral file =
2026-03-20 16:02:21,758 - isca - DEBUG - /proj/bolinc/users/x_ryabo/socrates_edited_for_isca/spectral_files_for_GCMs/Sun
2026-03-20 16:02:21,758 - isca - DEBUG - /miniSuran_sw.sf WITH           16  bands
2026-03-20 16:02:21,758 - isca - DEBUG - 
2026-03-20 16:02:21,758 - isca - DEBUG - -----------------------------------
2026-03-20 16:02:21,758 - isca - DEBUG - 
2026-03-20 16:02:53,338 - isca - DEBUG - Integration completed through    5 Aug  2   0: 0: 0
2026-03-20 16:03:24,807 - isca - DEBUG - Integration completed through    5 Aug  3   0: 0: 0
2026-03-20 16:03:56,285 - isca - DEBUG - Integration completed through    5 Aug  4   0: 0: 0
2026-03-20 16:04:27,780 - isca - DEBUG - Integration completed through    5 Aug  5   0: 0: 0
2026-03-20 16:04:59,292 - isca - DEBUG - Integration completed through    5 Aug  6   0: 0: 0
2026-03-20 16:05:30,793 - isca - DEBUG - Integration completed through    5 Aug  7   0: 0: 0
2026-03-20 16:06:02,304 - isca - DEBUG - Integration completed through    5 Aug  8   0: 0: 0
2026-03-20 16:06:33,893 - isca - DEBUG - Integration completed through    5 Aug  9   0: 0: 0
2026-03-20 16:07:05,421 - isca - DEBUG - Integration completed through    5 Aug 10   0: 0: 0
2026-03-20 16:07:36,978 - isca - DEBUG - Integration completed through    5 Aug 11   0: 0: 0
2026-03-20 16:08:08,446 - isca - DEBUG - Integration completed through    5 Aug 12   0: 0: 0
2026-03-20 16:08:39,886 - isca - DEBUG - Integration completed through    5 Aug 13   0: 0: 0
2026-03-20 16:09:11,417 - isca - DEBUG - Integration completed through    5 Aug 14   0: 0: 0
2026-03-20 16:09:42,916 - isca - DEBUG - Integration completed through    5 Aug 15   0: 0: 0
2026-03-20 16:10:14,390 - isca - DEBUG - Integration completed through    5 Aug 16   0: 0: 0
2026-03-20 16:10:45,861 - isca - DEBUG - Integration completed through    5 Aug 17   0: 0: 0
2026-03-20 16:11:17,278 - isca - DEBUG - Integration completed through    5 Aug 18   0: 0: 0
2026-03-20 16:11:48,742 - isca - DEBUG - Integration completed through    5 Aug 19   0: 0: 0
2026-03-20 16:12:20,201 - isca - DEBUG - Integration completed through    5 Aug 20   0: 0: 0
2026-03-20 16:12:51,630 - isca - DEBUG - Integration completed through    5 Aug 21   0: 0: 0
2026-03-20 16:13:23,091 - isca - DEBUG - Integration completed through    5 Aug 22   0: 0: 0
2026-03-20 16:13:54,578 - isca - DEBUG - Integration completed through    5 Aug 23   0: 0: 0
2026-03-20 16:14:26,070 - isca - DEBUG - Integration completed through    5 Aug 24   0: 0: 0
2026-03-20 16:14:57,589 - isca - DEBUG - Integration completed through    5 Aug 25   0: 0: 0
2026-03-20 16:15:29,192 - isca - DEBUG - Integration completed through    5 Aug 26   0: 0: 0
2026-03-20 16:16:00,734 - isca - DEBUG - Integration completed through    5 Aug 27   0: 0: 0
2026-03-20 16:16:32,292 - isca - DEBUG - Integration completed through    5 Aug 28   0: 0: 0
2026-03-20 16:17:03,880 - isca - DEBUG - Integration completed through    5 Aug 29   0: 0: 0
2026-03-20 16:17:35,484 - isca - DEBUG - Integration completed through    5 Aug 30   0: 0: 0
2026-03-20 16:18:07,068 - isca - DEBUG - Integration completed through    5 Sep  1   0: 0: 0
2026-03-20 16:18:07,078 - isca - DEBUG - 
2026-03-20 16:18:07,078 - isca - WARNING - WARNING from PE    0: diag_util_mod::opening_file: module/field_name (socrates/soc_toa_sw_down_clr) NOT registered
2026-03-20 16:18:07,078 - isca - DEBUG - 
2026-03-20 16:18:07,078 - isca - DEBUG - 
2026-03-20 16:18:07,078 - isca - WARNING - WARNING from PE    0: diag_util_mod::opening_file: module/field_name (socrates/soc_toa_sw_down_clr) NOT registered
2026-03-20 16:18:07,078 - isca - DEBUG - 
2026-03-20 16:18:07,078 - isca - DEBUG - 
2026-03-20 16:18:07,078 - isca - WARNING - WARNING from PE    0: diag_util_mod::opening_file: module/field_name (cloud_simple/rh_min) NOT registered
2026-03-20 16:18:07,078 - isca - DEBUG - 
2026-03-20 16:18:07,078 - isca - DEBUG - 
2026-03-20 16:18:07,078 - isca - WARNING - WARNING from PE    0: diag_util_mod::opening_file: module/field_name (cloud_simple/rh_min) NOT registered
2026-03-20 16:18:07,078 - isca - DEBUG - 
2026-03-20 16:18:07,090 - isca - DEBUG - NOTE from PE    0: MPP_IO_SET_STACK_SIZE: stack size set to     393216.
2026-03-20 16:18:07,183 - isca - DEBUG - MPP_DOMAINS_STACK high water mark=       49152
2026-03-20 16:18:07,183 - isca - DEBUG - 
2026-03-20 16:18:07,183 - isca - DEBUG - Tabulating mpp_clock statistics across     16 PEs...
2026-03-20 16:18:07,183 - isca - DEBUG - 
2026-03-20 16:18:07,183 - isca - DEBUG - tmin          tmax          tavg          tstd  tfrac grain pemin pemax
2026-03-20 16:18:07,183 - isca - DEBUG - Total runtime                       946.718546    946.723961    946.721432      0.001619  1.000     0     0    15
2026-03-20 16:18:07,183 - isca - DEBUG - MPP_STACK high water mark=           0
2026-03-20 16:18:07,286 - isca - INFO - Run 56 complete
2026-03-20 16:18:08,175 - isca - DEBUG - atmos_monthly.nc combined and copied to data directory
2026-03-20 16:18:11,385 - isca - INFO - Restart archive created at /proj/bolinc/users/x_ryabo/Isca-Ryan_outputs/Earth_1840/restarts/res0056.tar.gz
2026-03-20 16:18:11,397 - isca - INFO - Writing namelist to '/proj/bolinc/users/x_ryabo/Isca-Ryan_outputs/Earth_1840/run0056/input.nml'
2026-03-20 16:18:11,399 - isca - INFO - Writing field_table to '/proj/bolinc/users/x_ryabo/Isca-Ryan_outputs/Earth_1840/run0056/field_table'
2026-03-20 16:18:11,410 - isca - INFO - Writing diag_table to '/proj/bolinc/users/x_ryabo/Isca-Ryan_outputs/Earth_1840/run0056/diag_table'
2026-03-20 16:18:12,528 - isca - INFO - Emptied run directory '/home/x_ryabo/Isca-Ryan_tmp/experiment/Earth_1840/run'
2026-03-20 16:18:12,552 - isca - INFO - Emptied run directory '/home/x_ryabo/Isca-Ryan_tmp/experiment/Earth_1840/run'
2026-03-20 16:18:12,878 - isca - INFO - Writing namelist to '/home/x_ryabo/Isca-Ryan_tmp/experiment/Earth_1840/run/input.nml'
2026-03-20 16:18:12,880 - isca - INFO - Writing field_table to '/home/x_ryabo/Isca-Ryan_tmp/experiment/Earth_1840/run/field_table'
2026-03-20 16:18:12,892 - isca - INFO - Writing diag_table to '/home/x_ryabo/Isca-Ryan_tmp/experiment/Earth_1840/run/diag_table'
2026-03-20 16:18:12,908 - isca - INFO - Using restart file '/proj/bolinc/users/x_ryabo/Isca-Ryan_outputs/Earth_1840/restarts/res0056.tar.gz'
2026-03-20 16:18:13,320 - isca - INFO - Restart /proj/bolinc/users/x_ryabo/Isca-Ryan_outputs/Earth_1840/restarts/res0056.tar.gz extracted to /home/x_ryabo/Isca-Ryan_tmp/experiment/Earth_1840/run/INPUT
2026-03-20 16:18:13,320 - isca - INFO - Beginning run 57
2026-03-20 16:18:13,332 - isca - INFO - process running as 2577357
2026-03-20 16:18:13,332 - isca - DEBUG - loadmodules for Isca on NSC cluster Tetralith
2026-03-20 16:18:13,332 - isca - DEBUG - mpiifort
2026-03-20 16:18:13,450 - isca - DEBUG - The following modules were not unloaded:
2026-03-20 16:18:13,450 - isca - DEBUG - (Use "module --force purge" to unload all):
2026-03-20 16:18:13,450 - isca - DEBUG - 
2026-03-20 16:18:13,450 - isca - DEBUG - 1) hpc/.1.10.1
2026-03-20 16:18:13,552 - isca - DEBUG - ***************************************************
2026-03-20 16:18:13,552 - isca - DEBUG - You have loaded a buildenv module
2026-03-20 16:18:13,552 - isca - DEBUG - ***************************************************
2026-03-20 16:18:13,552 - isca - DEBUG - The buldenv-intel module makes available:
2026-03-20 16:18:13,552 - isca - DEBUG - - Compilers: icc, ifort, etc.
2026-03-20 16:18:13,552 - isca - DEBUG - - Mpi library with mpi-wrapped compilers: intel mpi with mpicc, mpifort, etc.
2026-03-20 16:18:13,553 - isca - DEBUG - - Numerical libraries: intel MKL
2026-03-20 16:18:13,553 - isca - DEBUG - 
2026-03-20 16:18:13,553 - isca - DEBUG - It also makes a set of dependency library modules available via
2026-03-20 16:18:13,553 - isca - DEBUG - the regular module command. Just do:
2026-03-20 16:18:13,553 - isca - DEBUG - module avail
2026-03-20 16:18:13,553 - isca - DEBUG - to see what is available.
2026-03-20 16:18:13,553 - isca - DEBUG - 
2026-03-20 16:18:13,553 - isca - DEBUG - NOTE: You shoud never load build environments inside submitted jobs.
2026-03-20 16:18:13,553 - isca - DEBUG - (with the single exception of when using supercomputer time to compile code.)
2026-03-20 16:18:13,553 - isca - DEBUG - 
2026-03-20 16:18:14,682 - isca - DEBUG - NOTE from PE    0: MPP_DOMAINS_SET_STACK_SIZE: stack size set to    32768.
2026-03-20 16:18:14,682 - isca - DEBUG - &MPP_IO_NML
2026-03-20 16:18:14,682 - isca - DEBUG - HEADER_BUFFER_VAL       =       16384,
2026-03-20 16:18:14,682 - isca - DEBUG - GLOBAL_FIELD_ON_ROOT_PE = T,
2026-03-20 16:18:14,682 - isca - DEBUG - IO_CLOCKS_ON    = F,
2026-03-20 16:18:14,682 - isca - DEBUG - SHUFFLE =           0,
2026-03-20 16:18:14,682 - isca - DEBUG - DEFLATE_LEVEL   =          -1
2026-03-20 16:18:14,682 - isca - DEBUG - /
2026-03-20 16:18:14,683 - isca - DEBUG - NOTE from PE    0: MPP_IO_SET_STACK_SIZE: stack size set to     131072.
2026-03-20 16:18:14,684 - isca - DEBUG - NOTE from PE    0: MPP_DOMAINS_SET_STACK_SIZE: stack size set to   600000.
2026-03-20 16:18:14,692 - isca - DEBUG - starting            1  OpenMP threads per MPI-task
2026-03-20 16:18:14,694 - isca - DEBUG - ATMOS MODEL DOMAIN DECOMPOSITION
2026-03-20 16:18:14,694 - isca - DEBUG - X-AXIS =  128
2026-03-20 16:18:14,694 - isca - DEBUG - Y-AXIS =    4   4   4   4   4   4   4   4   4   4   4   4   4   4   4   4
2026-03-20 16:18:14,749 - isca - DEBUG - NOTE from PE    0: cloud_simple: Using SimCloud cloud scheme
2026-03-20 16:18:14,751 - isca - DEBUG - NOTE from PE    0: ls_cloud: Using Sundqvist (1989) cloud fraction diagnostic formula.
2026-03-20 16:18:14,751 - isca - DEBUG - NOTE from PE    0: cloud_cover: The cloud overlap assumption is MAXIMUM-RANDOM
2026-03-20 16:18:14,751 - isca - DEBUG - NOTE from PE    0: idealized_moist_phys: Using Frierson Quasi-Equilibrium convection scheme.
2026-03-20 16:18:14,761 - isca - DEBUG - 
2026-03-20 16:18:14,761 - isca - WARNING - WARNING from PE    0: socrates_init: lw_hires_spectral_filename is unset, making equal to lw_spectral_filename
2026-03-20 16:18:14,761 - isca - DEBUG - 
2026-03-20 16:18:14,761 - isca - DEBUG - 
2026-03-20 16:18:14,761 - isca - WARNING - WARNING from PE    0: socrates_init: lw_hires_spectral_filename is unset, making equal to lw_spectral_filename
2026-03-20 16:18:14,761 - isca - DEBUG - 
2026-03-20 16:18:14,761 - isca - DEBUG - 
2026-03-20 16:18:14,761 - isca - WARNING - WARNING from PE    0: socrates_init: sw_hires_spectral_filename is unset, making equal to sw_spectral_filename
2026-03-20 16:18:14,761 - isca - DEBUG - 
2026-03-20 16:18:14,761 - isca - DEBUG - 
2026-03-20 16:18:14,761 - isca - WARNING - WARNING from PE    0: socrates_init: sw_hires_spectral_filename is unset, making equal to sw_spectral_filename
2026-03-20 16:18:14,761 - isca - DEBUG - 
2026-03-20 16:18:15,976 - isca - DEBUG - NOTE from PE    0: Interpolator: Using input file with no time dimension - ozone_1990_notime_zero.nc
2026-03-20 16:18:15,976 - isca - DEBUG - Initializing src field : ozone_1990
2026-03-20 16:18:15,978 - isca - DEBUG - 
2026-03-20 16:18:15,978 - isca - DEBUG - -----------------------------------
2026-03-20 16:18:15,978 - isca - DEBUG - ____                       _
2026-03-20 16:18:15,978 - isca - DEBUG - / ___|  ___   ___ _ __ __ _| |_ ___  ___
2026-03-20 16:18:15,979 - isca - DEBUG - \___ \ / _ \ / __|  __/ _` | __/ _ \/ __|
2026-03-20 16:18:15,979 - isca - DEBUG - ___) | (_) | (__| | | (_| | ||  __/\__ \
2026-03-20 16:18:15,979 - isca - DEBUG - |____/ \___/ \___|_|  \__,_|\__\___||___/
2026-03-20 16:18:15,979 - isca - DEBUG - 
2026-03-20 16:18:15,979 - isca - DEBUG - Initialised Socrates v17.03
2026-03-20 16:18:15,979 - isca - DEBUG - Stellar constant =    1840.00000000000
2026-03-20 16:18:15,979 - isca - DEBUG - Longwave spectral file =
2026-03-20 16:18:15,979 - isca - DEBUG - /proj/bolinc/users/x_ryabo/socrates_edited_for_isca/spectral_files_for_GCMs/Sun
2026-03-20 16:18:15,979 - isca - DEBUG - /miniSuran_lw.sf WITH           16  bands
2026-03-20 16:18:15,979 - isca - DEBUG - Longwave hires spectral file =
2026-03-20 16:18:15,979 - isca - DEBUG - /proj/bolinc/users/x_ryabo/socrates_edited_for_isca/spectral_files_for_GCMs/Sun
2026-03-20 16:18:15,979 - isca - DEBUG - /miniSuran_lw.sf WITH           16  bands
2026-03-20 16:18:15,979 - isca - DEBUG - Shortwave spectral file =
2026-03-20 16:18:15,979 - isca - DEBUG - /proj/bolinc/users/x_ryabo/socrates_edited_for_isca/spectral_files_for_GCMs/Sun
2026-03-20 16:18:15,979 - isca - DEBUG - /miniSuran_sw.sf WITH           16  bands
2026-03-20 16:18:15,979 - isca - DEBUG - Shortwave hires spectral file =
2026-03-20 16:18:15,979 - isca - DEBUG - /proj/bolinc/users/x_ryabo/socrates_edited_for_isca/spectral_files_for_GCMs/Sun
2026-03-20 16:18:15,979 - isca - DEBUG - /miniSuran_sw.sf WITH           16  bands
2026-03-20 16:18:15,979 - isca - DEBUG - 
2026-03-20 16:18:15,979 - isca - DEBUG - -----------------------------------
2026-03-20 16:18:15,980 - isca - DEBUG - 
2026-03-20 16:18:47,593 - isca - DEBUG - Integration completed through    5 Sep  2   0: 0: 0
2026-03-20 16:19:19,077 - isca - DEBUG - Integration completed through    5 Sep  3   0: 0: 0
2026-03-20 16:19:50,624 - isca - DEBUG - Integration completed through    5 Sep  4   0: 0: 0
2026-03-20 16:20:22,110 - isca - DEBUG - Integration completed through    5 Sep  5   0: 0: 0
2026-03-20 16:20:53,462 - isca - DEBUG - Integration completed through    5 Sep  6   0: 0: 0
2026-03-20 16:21:24,875 - isca - DEBUG - Integration completed through    5 Sep  7   0: 0: 0
2026-03-20 16:21:56,344 - isca - DEBUG - Integration completed through    5 Sep  8   0: 0: 0
2026-03-20 16:22:27,837 - isca - DEBUG - Integration completed through    5 Sep  9   0: 0: 0
2026-03-20 16:22:59,196 - isca - DEBUG - Integration completed through    5 Sep 10   0: 0: 0
2026-03-20 16:23:30,561 - isca - DEBUG - Integration completed through    5 Sep 11   0: 0: 0
2026-03-20 16:24:01,943 - isca - DEBUG - Integration completed through    5 Sep 12   0: 0: 0
2026-03-20 16:24:33,440 - isca - DEBUG - Integration completed through    5 Sep 13   0: 0: 0
2026-03-20 16:25:04,892 - isca - DEBUG - Integration completed through    5 Sep 14   0: 0: 0
2026-03-20 16:25:36,354 - isca - DEBUG - Integration completed through    5 Sep 15   0: 0: 0
2026-03-20 16:26:07,817 - isca - DEBUG - Integration completed through    5 Sep 16   0: 0: 0
2026-03-20 16:26:39,275 - isca - DEBUG - Integration completed through    5 Sep 17   0: 0: 0
2026-03-20 16:27:10,838 - isca - DEBUG - Integration completed through    5 Sep 18   0: 0: 0
2026-03-20 16:27:42,353 - isca - DEBUG - Integration completed through    5 Sep 19   0: 0: 0
2026-03-20 16:28:13,955 - isca - DEBUG - Integration completed through    5 Sep 20   0: 0: 0
2026-03-20 16:28:45,542 - isca - DEBUG - Integration completed through    5 Sep 21   0: 0: 0
2026-03-20 16:29:17,123 - isca - DEBUG - Integration completed through    5 Sep 22   0: 0: 0
2026-03-20 16:29:48,681 - isca - DEBUG - Integration completed through    5 Sep 23   0: 0: 0
2026-03-20 16:30:20,291 - isca - DEBUG - Integration completed through    5 Sep 24   0: 0: 0
2026-03-20 16:30:51,880 - isca - DEBUG - Integration completed through    5 Sep 25   0: 0: 0
2026-03-20 16:31:23,463 - isca - DEBUG - Integration completed through    5 Sep 26   0: 0: 0
2026-03-20 16:31:55,048 - isca - DEBUG - Integration completed through    5 Sep 27   0: 0: 0
2026-03-20 16:32:26,668 - isca - DEBUG - Integration completed through    5 Sep 28   0: 0: 0
2026-03-20 16:32:58,222 - isca - DEBUG - Integration completed through    5 Sep 29   0: 0: 0
2026-03-20 16:33:29,894 - isca - DEBUG - Integration completed through    5 Sep 30   0: 0: 0
2026-03-20 16:34:01,489 - isca - DEBUG - Integration completed through    5 Oct  1   0: 0: 0
2026-03-20 16:34:01,498 - isca - DEBUG - 
2026-03-20 16:34:01,498 - isca - WARNING - WARNING from PE    0: diag_util_mod::opening_file: module/field_name (socrates/soc_toa_sw_down_clr) NOT registered
2026-03-20 16:34:01,498 - isca - DEBUG - 
2026-03-20 16:34:01,498 - isca - DEBUG - 
2026-03-20 16:34:01,498 - isca - WARNING - WARNING from PE    0: diag_util_mod::opening_file: module/field_name (socrates/soc_toa_sw_down_clr) NOT registered
2026-03-20 16:34:01,498 - isca - DEBUG - 
2026-03-20 16:34:01,498 - isca - DEBUG - 
2026-03-20 16:34:01,498 - isca - WARNING - WARNING from PE    0: diag_util_mod::opening_file: module/field_name (cloud_simple/rh_min) NOT registered
2026-03-20 16:34:01,498 - isca - DEBUG - 
2026-03-20 16:34:01,498 - isca - DEBUG - 
2026-03-20 16:34:01,498 - isca - WARNING - WARNING from PE    0: diag_util_mod::opening_file: module/field_name (cloud_simple/rh_min) NOT registered
2026-03-20 16:34:01,498 - isca - DEBUG - 
2026-03-20 16:34:01,509 - isca - DEBUG - NOTE from PE    0: MPP_IO_SET_STACK_SIZE: stack size set to     393216.
2026-03-20 16:34:01,603 - isca - DEBUG - MPP_DOMAINS_STACK high water mark=       49152
2026-03-20 16:34:01,603 - isca - DEBUG - 
2026-03-20 16:34:01,603 - isca - DEBUG - Tabulating mpp_clock statistics across     16 PEs...
2026-03-20 16:34:01,603 - isca - DEBUG - 
2026-03-20 16:34:01,603 - isca - DEBUG - tmin          tmax          tavg          tstd  tfrac grain pemin pemax
2026-03-20 16:34:01,604 - isca - DEBUG - Total runtime                       946.923284    946.928497    946.925787      0.001318  1.000     0     0    15
2026-03-20 16:34:01,604 - isca - DEBUG - MPP_STACK high water mark=           0
2026-03-20 16:34:01,750 - isca - INFO - Run 57 complete
2026-03-20 16:34:03,154 - isca - DEBUG - atmos_monthly.nc combined and copied to data directory
2026-03-20 16:34:06,364 - isca - INFO - Restart archive created at /proj/bolinc/users/x_ryabo/Isca-Ryan_outputs/Earth_1840/restarts/res0057.tar.gz
2026-03-20 16:34:06,376 - isca - INFO - Writing namelist to '/proj/bolinc/users/x_ryabo/Isca-Ryan_outputs/Earth_1840/run0057/input.nml'
2026-03-20 16:34:06,378 - isca - INFO - Writing field_table to '/proj/bolinc/users/x_ryabo/Isca-Ryan_outputs/Earth_1840/run0057/field_table'
2026-03-20 16:34:06,389 - isca - INFO - Writing diag_table to '/proj/bolinc/users/x_ryabo/Isca-Ryan_outputs/Earth_1840/run0057/diag_table'
2026-03-20 16:34:06,772 - isca - INFO - Emptied run directory '/home/x_ryabo/Isca-Ryan_tmp/experiment/Earth_1840/run'
2026-03-20 16:34:06,793 - isca - INFO - Emptied run directory '/home/x_ryabo/Isca-Ryan_tmp/experiment/Earth_1840/run'
2026-03-20 16:34:07,121 - isca - INFO - Writing namelist to '/home/x_ryabo/Isca-Ryan_tmp/experiment/Earth_1840/run/input.nml'
2026-03-20 16:34:07,123 - isca - INFO - Writing field_table to '/home/x_ryabo/Isca-Ryan_tmp/experiment/Earth_1840/run/field_table'
2026-03-20 16:34:07,135 - isca - INFO - Writing diag_table to '/home/x_ryabo/Isca-Ryan_tmp/experiment/Earth_1840/run/diag_table'
2026-03-20 16:34:07,148 - isca - INFO - Using restart file '/proj/bolinc/users/x_ryabo/Isca-Ryan_outputs/Earth_1840/restarts/res0057.tar.gz'
2026-03-20 16:34:07,557 - isca - INFO - Restart /proj/bolinc/users/x_ryabo/Isca-Ryan_outputs/Earth_1840/restarts/res0057.tar.gz extracted to /home/x_ryabo/Isca-Ryan_tmp/experiment/Earth_1840/run/INPUT
2026-03-20 16:34:07,558 - isca - INFO - Beginning run 58
2026-03-20 16:34:07,569 - isca - INFO - process running as 2578263
2026-03-20 16:34:07,569 - isca - DEBUG - loadmodules for Isca on NSC cluster Tetralith
2026-03-20 16:34:07,574 - isca - DEBUG - mpiifort
2026-03-20 16:34:07,681 - isca - DEBUG - The following modules were not unloaded:
2026-03-20 16:34:07,681 - isca - DEBUG - (Use "module --force purge" to unload all):
2026-03-20 16:34:07,681 - isca - DEBUG - 
2026-03-20 16:34:07,681 - isca - DEBUG - 1) hpc/.1.10.1
2026-03-20 16:34:07,783 - isca - DEBUG - ***************************************************
2026-03-20 16:34:07,783 - isca - DEBUG - You have loaded a buildenv module
2026-03-20 16:34:07,783 - isca - DEBUG - ***************************************************
2026-03-20 16:34:07,783 - isca - DEBUG - The buldenv-intel module makes available:
2026-03-20 16:34:07,783 - isca - DEBUG - - Compilers: icc, ifort, etc.
2026-03-20 16:34:07,783 - isca - DEBUG - - Mpi library with mpi-wrapped compilers: intel mpi with mpicc, mpifort, etc.
2026-03-20 16:34:07,783 - isca - DEBUG - - Numerical libraries: intel MKL
2026-03-20 16:34:07,783 - isca - DEBUG - 
2026-03-20 16:34:07,783 - isca - DEBUG - It also makes a set of dependency library modules available via
2026-03-20 16:34:07,783 - isca - DEBUG - the regular module command. Just do:
2026-03-20 16:34:07,783 - isca - DEBUG - module avail
2026-03-20 16:34:07,783 - isca - DEBUG - to see what is available.
2026-03-20 16:34:07,783 - isca - DEBUG - 
2026-03-20 16:34:07,783 - isca - DEBUG - NOTE: You shoud never load build environments inside submitted jobs.
2026-03-20 16:34:07,783 - isca - DEBUG - (with the single exception of when using supercomputer time to compile code.)
2026-03-20 16:34:07,783 - isca - DEBUG - 
2026-03-20 16:34:08,928 - isca - DEBUG - NOTE from PE    0: MPP_DOMAINS_SET_STACK_SIZE: stack size set to    32768.
2026-03-20 16:34:08,929 - isca - DEBUG - &MPP_IO_NML
2026-03-20 16:34:08,929 - isca - DEBUG - HEADER_BUFFER_VAL       =       16384,
2026-03-20 16:34:08,929 - isca - DEBUG - GLOBAL_FIELD_ON_ROOT_PE = T,
2026-03-20 16:34:08,929 - isca - DEBUG - IO_CLOCKS_ON    = F,
2026-03-20 16:34:08,929 - isca - DEBUG - SHUFFLE =           0,
2026-03-20 16:34:08,929 - isca - DEBUG - DEFLATE_LEVEL   =          -1
2026-03-20 16:34:08,929 - isca - DEBUG - /
2026-03-20 16:34:08,930 - isca - DEBUG - NOTE from PE    0: MPP_IO_SET_STACK_SIZE: stack size set to     131072.
2026-03-20 16:34:08,931 - isca - DEBUG - NOTE from PE    0: MPP_DOMAINS_SET_STACK_SIZE: stack size set to   600000.
2026-03-20 16:34:08,939 - isca - DEBUG - starting            1  OpenMP threads per MPI-task
2026-03-20 16:34:08,941 - isca - DEBUG - ATMOS MODEL DOMAIN DECOMPOSITION
2026-03-20 16:34:08,941 - isca - DEBUG - X-AXIS =  128
2026-03-20 16:34:08,941 - isca - DEBUG - Y-AXIS =    4   4   4   4   4   4   4   4   4   4   4   4   4   4   4   4
2026-03-20 16:34:08,994 - isca - DEBUG - NOTE from PE    0: cloud_simple: Using SimCloud cloud scheme
2026-03-20 16:34:08,996 - isca - DEBUG - NOTE from PE    0: ls_cloud: Using Sundqvist (1989) cloud fraction diagnostic formula.
2026-03-20 16:34:08,996 - isca - DEBUG - NOTE from PE    0: cloud_cover: The cloud overlap assumption is MAXIMUM-RANDOM
2026-03-20 16:34:08,996 - isca - DEBUG - NOTE from PE    0: idealized_moist_phys: Using Frierson Quasi-Equilibrium convection scheme.
2026-03-20 16:34:09,005 - isca - DEBUG - 
2026-03-20 16:34:09,005 - isca - WARNING - WARNING from PE    0: socrates_init: lw_hires_spectral_filename is unset, making equal to lw_spectral_filename
2026-03-20 16:34:09,005 - isca - DEBUG - 
2026-03-20 16:34:09,005 - isca - DEBUG - 
2026-03-20 16:34:09,006 - isca - WARNING - WARNING from PE    0: socrates_init: lw_hires_spectral_filename is unset, making equal to lw_spectral_filename
2026-03-20 16:34:09,006 - isca - DEBUG - 
2026-03-20 16:34:09,006 - isca - DEBUG - 
2026-03-20 16:34:09,006 - isca - WARNING - WARNING from PE    0: socrates_init: sw_hires_spectral_filename is unset, making equal to sw_spectral_filename
2026-03-20 16:34:09,006 - isca - DEBUG - 
2026-03-20 16:34:09,006 - isca - DEBUG - 
2026-03-20 16:34:09,006 - isca - WARNING - WARNING from PE    0: socrates_init: sw_hires_spectral_filename is unset, making equal to sw_spectral_filename
2026-03-20 16:34:09,006 - isca - DEBUG - 
2026-03-20 16:34:10,207 - isca - DEBUG - NOTE from PE    0: Interpolator: Using input file with no time dimension - ozone_1990_notime_zero.nc
2026-03-20 16:34:10,207 - isca - DEBUG - Initializing src field : ozone_1990
2026-03-20 16:34:10,209 - isca - DEBUG - 
2026-03-20 16:34:10,209 - isca - DEBUG - -----------------------------------
2026-03-20 16:34:10,209 - isca - DEBUG - ____                       _
2026-03-20 16:34:10,209 - isca - DEBUG - / ___|  ___   ___ _ __ __ _| |_ ___  ___
2026-03-20 16:34:10,209 - isca - DEBUG - \___ \ / _ \ / __|  __/ _` | __/ _ \/ __|
2026-03-20 16:34:10,209 - isca - DEBUG - ___) | (_) | (__| | | (_| | ||  __/\__ \
2026-03-20 16:34:10,209 - isca - DEBUG - |____/ \___/ \___|_|  \__,_|\__\___||___/
2026-03-20 16:34:10,210 - isca - DEBUG - 
2026-03-20 16:34:10,210 - isca - DEBUG - Initialised Socrates v17.03
2026-03-20 16:34:10,210 - isca - DEBUG - Stellar constant =    1840.00000000000
2026-03-20 16:34:10,210 - isca - DEBUG - Longwave spectral file =
2026-03-20 16:34:10,210 - isca - DEBUG - /proj/bolinc/users/x_ryabo/socrates_edited_for_isca/spectral_files_for_GCMs/Sun
2026-03-20 16:34:10,210 - isca - DEBUG - /miniSuran_lw.sf WITH           16  bands
2026-03-20 16:34:10,210 - isca - DEBUG - Longwave hires spectral file =
2026-03-20 16:34:10,210 - isca - DEBUG - /proj/bolinc/users/x_ryabo/socrates_edited_for_isca/spectral_files_for_GCMs/Sun
2026-03-20 16:34:10,210 - isca - DEBUG - /miniSuran_lw.sf WITH           16  bands
2026-03-20 16:34:10,210 - isca - DEBUG - Shortwave spectral file =
2026-03-20 16:34:10,210 - isca - DEBUG - /proj/bolinc/users/x_ryabo/socrates_edited_for_isca/spectral_files_for_GCMs/Sun
2026-03-20 16:34:10,210 - isca - DEBUG - /miniSuran_sw.sf WITH           16  bands
2026-03-20 16:34:10,210 - isca - DEBUG - Shortwave hires spectral file =
2026-03-20 16:34:10,210 - isca - DEBUG - /proj/bolinc/users/x_ryabo/socrates_edited_for_isca/spectral_files_for_GCMs/Sun
2026-03-20 16:34:10,210 - isca - DEBUG - /miniSuran_sw.sf WITH           16  bands
2026-03-20 16:34:10,211 - isca - DEBUG - 
2026-03-20 16:34:10,211 - isca - DEBUG - -----------------------------------
2026-03-20 16:34:10,211 - isca - DEBUG - 
2026-03-20 16:34:41,758 - isca - DEBUG - Integration completed through    5 Oct  2   0: 0: 0
2026-03-20 16:35:13,193 - isca - DEBUG - Integration completed through    5 Oct  3   0: 0: 0
2026-03-20 16:35:44,696 - isca - DEBUG - Integration completed through    5 Oct  4   0: 0: 0
2026-03-20 16:36:16,211 - isca - DEBUG - Integration completed through    5 Oct  5   0: 0: 0
2026-03-20 16:36:47,614 - isca - DEBUG - Integration completed through    5 Oct  6   0: 0: 0
2026-03-20 16:37:19,067 - isca - DEBUG - Integration completed through    5 Oct  7   0: 0: 0
2026-03-20 16:37:50,581 - isca - DEBUG - Integration completed through    5 Oct  8   0: 0: 0
2026-03-20 16:38:21,979 - isca - DEBUG - Integration completed through    5 Oct  9   0: 0: 0
2026-03-20 16:38:53,365 - isca - DEBUG - Integration completed through    5 Oct 10   0: 0: 0
2026-03-20 16:39:24,823 - isca - DEBUG - Integration completed through    5 Oct 11   0: 0: 0
2026-03-20 16:39:56,279 - isca - DEBUG - Integration completed through    5 Oct 12   0: 0: 0
2026-03-20 16:40:27,752 - isca - DEBUG - Integration completed through    5 Oct 13   0: 0: 0
2026-03-20 16:40:59,233 - isca - DEBUG - Integration completed through    5 Oct 14   0: 0: 0
2026-03-20 16:41:30,704 - isca - DEBUG - Integration completed through    5 Oct 15   0: 0: 0
2026-03-20 16:42:02,155 - isca - DEBUG - Integration completed through    5 Oct 16   0: 0: 0
2026-03-20 16:42:33,619 - isca - DEBUG - Integration completed through    5 Oct 17   0: 0: 0
2026-03-20 16:43:05,093 - isca - DEBUG - Integration completed through    5 Oct 18   0: 0: 0
2026-03-20 16:43:36,547 - isca - DEBUG - Integration completed through    5 Oct 19   0: 0: 0
2026-03-20 16:44:07,966 - isca - DEBUG - Integration completed through    5 Oct 20   0: 0: 0
2026-03-20 16:44:39,415 - isca - DEBUG - Integration completed through    5 Oct 21   0: 0: 0
2026-03-20 16:45:10,837 - isca - DEBUG - Integration completed through    5 Oct 22   0: 0: 0
2026-03-20 16:45:42,171 - isca - DEBUG - Integration completed through    5 Oct 23   0: 0: 0
2026-03-20 16:46:13,603 - isca - DEBUG - Integration completed through    5 Oct 24   0: 0: 0
2026-03-20 16:46:44,979 - isca - DEBUG - Integration completed through    5 Oct 25   0: 0: 0
2026-03-20 16:47:16,362 - isca - DEBUG - Integration completed through    5 Oct 26   0: 0: 0
2026-03-20 16:47:47,710 - isca - DEBUG - Integration completed through    5 Oct 27   0: 0: 0
2026-03-20 16:48:19,144 - isca - DEBUG - Integration completed through    5 Oct 28   0: 0: 0
2026-03-20 16:48:50,680 - isca - DEBUG - Integration completed through    5 Oct 29   0: 0: 0
2026-03-20 16:49:22,151 - isca - DEBUG - Integration completed through    5 Oct 30   0: 0: 0
2026-03-20 16:49:53,640 - isca - DEBUG - Integration completed through    5 Nov  1   0: 0: 0
2026-03-20 16:49:53,649 - isca - DEBUG - 
2026-03-20 16:49:53,649 - isca - WARNING - WARNING from PE    0: diag_util_mod::opening_file: module/field_name (socrates/soc_toa_sw_down_clr) NOT registered
2026-03-20 16:49:53,649 - isca - DEBUG - 
2026-03-20 16:49:53,649 - isca - DEBUG - 
2026-03-20 16:49:53,649 - isca - WARNING - WARNING from PE    0: diag_util_mod::opening_file: module/field_name (socrates/soc_toa_sw_down_clr) NOT registered
2026-03-20 16:49:53,649 - isca - DEBUG - 
2026-03-20 16:49:53,649 - isca - DEBUG - 
2026-03-20 16:49:53,649 - isca - WARNING - WARNING from PE    0: diag_util_mod::opening_file: module/field_name (cloud_simple/rh_min) NOT registered
2026-03-20 16:49:53,662 - isca - DEBUG - 
2026-03-20 16:49:53,662 - isca - DEBUG - 
2026-03-20 16:49:53,662 - isca - WARNING - WARNING from PE    0: diag_util_mod::opening_file: module/field_name (cloud_simple/rh_min) NOT registered
2026-03-20 16:49:53,662 - isca - DEBUG - 
2026-03-20 16:49:53,662 - isca - DEBUG - NOTE from PE    0: MPP_IO_SET_STACK_SIZE: stack size set to     393216.
2026-03-20 16:49:53,892 - isca - DEBUG - MPP_DOMAINS_STACK high water mark=       49152
2026-03-20 16:49:53,892 - isca - DEBUG - 
2026-03-20 16:49:53,892 - isca - DEBUG - Tabulating mpp_clock statistics across     16 PEs...
2026-03-20 16:49:53,892 - isca - DEBUG - 
2026-03-20 16:49:53,892 - isca - DEBUG - tmin          tmax          tavg          tstd  tfrac grain pemin pemax
2026-03-20 16:49:53,893 - isca - DEBUG - Total runtime                       944.961839    944.966860    944.964363      0.001414  1.000     0     0    15
2026-03-20 16:49:53,893 - isca - DEBUG - MPP_STACK high water mark=           0
2026-03-20 16:49:53,992 - isca - INFO - Run 58 complete
2026-03-20 16:49:55,026 - isca - DEBUG - atmos_monthly.nc combined and copied to data directory
2026-03-20 16:49:58,227 - isca - INFO - Restart archive created at /proj/bolinc/users/x_ryabo/Isca-Ryan_outputs/Earth_1840/restarts/res0058.tar.gz
2026-03-20 16:49:58,239 - isca - INFO - Writing namelist to '/proj/bolinc/users/x_ryabo/Isca-Ryan_outputs/Earth_1840/run0058/input.nml'
2026-03-20 16:49:58,241 - isca - INFO - Writing field_table to '/proj/bolinc/users/x_ryabo/Isca-Ryan_outputs/Earth_1840/run0058/field_table'
2026-03-20 16:49:58,252 - isca - INFO - Writing diag_table to '/proj/bolinc/users/x_ryabo/Isca-Ryan_outputs/Earth_1840/run0058/diag_table'
2026-03-20 16:49:58,606 - isca - INFO - Emptied run directory '/home/x_ryabo/Isca-Ryan_tmp/experiment/Earth_1840/run'
2026-03-20 16:49:58,627 - isca - INFO - Emptied run directory '/home/x_ryabo/Isca-Ryan_tmp/experiment/Earth_1840/run'
2026-03-20 16:49:58,957 - isca - INFO - Writing namelist to '/home/x_ryabo/Isca-Ryan_tmp/experiment/Earth_1840/run/input.nml'
2026-03-20 16:49:58,959 - isca - INFO - Writing field_table to '/home/x_ryabo/Isca-Ryan_tmp/experiment/Earth_1840/run/field_table'
2026-03-20 16:49:58,975 - isca - INFO - Writing diag_table to '/home/x_ryabo/Isca-Ryan_tmp/experiment/Earth_1840/run/diag_table'
2026-03-20 16:49:58,999 - isca - INFO - Using restart file '/proj/bolinc/users/x_ryabo/Isca-Ryan_outputs/Earth_1840/restarts/res0058.tar.gz'
2026-03-20 16:49:59,409 - isca - INFO - Restart /proj/bolinc/users/x_ryabo/Isca-Ryan_outputs/Earth_1840/restarts/res0058.tar.gz extracted to /home/x_ryabo/Isca-Ryan_tmp/experiment/Earth_1840/run/INPUT
2026-03-20 16:49:59,410 - isca - INFO - Beginning run 59
2026-03-20 16:49:59,421 - isca - INFO - process running as 2579238
2026-03-20 16:49:59,421 - isca - DEBUG - loadmodules for Isca on NSC cluster Tetralith
2026-03-20 16:49:59,422 - isca - DEBUG - mpiifort
2026-03-20 16:49:59,533 - isca - DEBUG - The following modules were not unloaded:
2026-03-20 16:49:59,533 - isca - DEBUG - (Use "module --force purge" to unload all):
2026-03-20 16:49:59,533 - isca - DEBUG - 
2026-03-20 16:49:59,533 - isca - DEBUG - 1) hpc/.1.10.1
2026-03-20 16:49:59,637 - isca - DEBUG - ***************************************************
2026-03-20 16:49:59,637 - isca - DEBUG - You have loaded a buildenv module
2026-03-20 16:49:59,637 - isca - DEBUG - ***************************************************
2026-03-20 16:49:59,637 - isca - DEBUG - The buldenv-intel module makes available:
2026-03-20 16:49:59,637 - isca - DEBUG - - Compilers: icc, ifort, etc.
2026-03-20 16:49:59,637 - isca - DEBUG - - Mpi library with mpi-wrapped compilers: intel mpi with mpicc, mpifort, etc.
2026-03-20 16:49:59,637 - isca - DEBUG - - Numerical libraries: intel MKL
2026-03-20 16:49:59,637 - isca - DEBUG - 
2026-03-20 16:49:59,637 - isca - DEBUG - It also makes a set of dependency library modules available via
2026-03-20 16:49:59,637 - isca - DEBUG - the regular module command. Just do:
2026-03-20 16:49:59,637 - isca - DEBUG - module avail
2026-03-20 16:49:59,638 - isca - DEBUG - to see what is available.
2026-03-20 16:49:59,638 - isca - DEBUG - 
2026-03-20 16:49:59,638 - isca - DEBUG - NOTE: You shoud never load build environments inside submitted jobs.
2026-03-20 16:49:59,638 - isca - DEBUG - (with the single exception of when using supercomputer time to compile code.)
2026-03-20 16:49:59,638 - isca - DEBUG - 
2026-03-20 16:50:03,571 - isca - DEBUG - NOTE from PE    0: MPP_DOMAINS_SET_STACK_SIZE: stack size set to    32768.
2026-03-20 16:50:03,572 - isca - DEBUG - &MPP_IO_NML
2026-03-20 16:50:03,572 - isca - DEBUG - HEADER_BUFFER_VAL       =       16384,
2026-03-20 16:50:03,572 - isca - DEBUG - GLOBAL_FIELD_ON_ROOT_PE = T,
2026-03-20 16:50:03,572 - isca - DEBUG - IO_CLOCKS_ON    = F,
2026-03-20 16:50:03,572 - isca - DEBUG - SHUFFLE =           0,
2026-03-20 16:50:03,572 - isca - DEBUG - DEFLATE_LEVEL   =          -1
2026-03-20 16:50:03,572 - isca - DEBUG - /
2026-03-20 16:50:03,573 - isca - DEBUG - NOTE from PE    0: MPP_IO_SET_STACK_SIZE: stack size set to     131072.
2026-03-20 16:50:03,574 - isca - DEBUG - NOTE from PE    0: MPP_DOMAINS_SET_STACK_SIZE: stack size set to   600000.
2026-03-20 16:50:03,583 - isca - DEBUG - starting            1  OpenMP threads per MPI-task
2026-03-20 16:50:03,585 - isca - DEBUG - ATMOS MODEL DOMAIN DECOMPOSITION
2026-03-20 16:50:03,585 - isca - DEBUG - X-AXIS =  128
2026-03-20 16:50:03,585 - isca - DEBUG - Y-AXIS =    4   4   4   4   4   4   4   4   4   4   4   4   4   4   4   4
2026-03-20 16:50:03,640 - isca - DEBUG - NOTE from PE    0: cloud_simple: Using SimCloud cloud scheme
2026-03-20 16:50:03,642 - isca - DEBUG - NOTE from PE    0: ls_cloud: Using Sundqvist (1989) cloud fraction diagnostic formula.
2026-03-20 16:50:03,642 - isca - DEBUG - NOTE from PE    0: cloud_cover: The cloud overlap assumption is MAXIMUM-RANDOM
2026-03-20 16:50:03,642 - isca - DEBUG - NOTE from PE    0: idealized_moist_phys: Using Frierson Quasi-Equilibrium convection scheme.
2026-03-20 16:50:03,652 - isca - DEBUG - 
2026-03-20 16:50:03,652 - isca - WARNING - WARNING from PE    0: socrates_init: lw_hires_spectral_filename is unset, making equal to lw_spectral_filename
2026-03-20 16:50:03,652 - isca - DEBUG - 
2026-03-20 16:50:03,652 - isca - DEBUG - 
2026-03-20 16:50:03,652 - isca - WARNING - WARNING from PE    0: socrates_init: lw_hires_spectral_filename is unset, making equal to lw_spectral_filename
2026-03-20 16:50:03,652 - isca - DEBUG - 
2026-03-20 16:50:03,652 - isca - DEBUG - 
2026-03-20 16:50:03,652 - isca - WARNING - WARNING from PE    0: socrates_init: sw_hires_spectral_filename is unset, making equal to sw_spectral_filename
2026-03-20 16:50:03,652 - isca - DEBUG - 
2026-03-20 16:50:03,652 - isca - DEBUG - 
2026-03-20 16:50:03,652 - isca - WARNING - WARNING from PE    0: socrates_init: sw_hires_spectral_filename is unset, making equal to sw_spectral_filename
2026-03-20 16:50:03,652 - isca - DEBUG - 
2026-03-20 16:50:05,000 - isca - DEBUG - NOTE from PE    0: Interpolator: Using input file with no time dimension - ozone_1990_notime_zero.nc
2026-03-20 16:50:05,000 - isca - DEBUG - Initializing src field : ozone_1990
2026-03-20 16:50:05,002 - isca - DEBUG - 
2026-03-20 16:50:05,002 - isca - DEBUG - -----------------------------------
2026-03-20 16:50:05,002 - isca - DEBUG - ____                       _
2026-03-20 16:50:05,002 - isca - DEBUG - / ___|  ___   ___ _ __ __ _| |_ ___  ___
2026-03-20 16:50:05,002 - isca - DEBUG - \___ \ / _ \ / __|  __/ _` | __/ _ \/ __|
2026-03-20 16:50:05,002 - isca - DEBUG - ___) | (_) | (__| | | (_| | ||  __/\__ \
2026-03-20 16:50:05,003 - isca - DEBUG - |____/ \___/ \___|_|  \__,_|\__\___||___/
2026-03-20 16:50:05,003 - isca - DEBUG - 
2026-03-20 16:50:05,003 - isca - DEBUG - Initialised Socrates v17.03
2026-03-20 16:50:05,003 - isca - DEBUG - Stellar constant =    1840.00000000000
2026-03-20 16:50:05,003 - isca - DEBUG - Longwave spectral file =
2026-03-20 16:50:05,003 - isca - DEBUG - /proj/bolinc/users/x_ryabo/socrates_edited_for_isca/spectral_files_for_GCMs/Sun
2026-03-20 16:50:05,003 - isca - DEBUG - /miniSuran_lw.sf WITH           16  bands
2026-03-20 16:50:05,004 - isca - DEBUG - Longwave hires spectral file =
2026-03-20 16:50:05,004 - isca - DEBUG - /proj/bolinc/users/x_ryabo/socrates_edited_for_isca/spectral_files_for_GCMs/Sun
2026-03-20 16:50:05,004 - isca - DEBUG - /miniSuran_lw.sf WITH           16  bands
2026-03-20 16:50:05,004 - isca - DEBUG - Shortwave spectral file =
2026-03-20 16:50:05,004 - isca - DEBUG - /proj/bolinc/users/x_ryabo/socrates_edited_for_isca/spectral_files_for_GCMs/Sun
2026-03-20 16:50:05,004 - isca - DEBUG - /miniSuran_sw.sf WITH           16  bands
2026-03-20 16:50:05,004 - isca - DEBUG - Shortwave hires spectral file =
2026-03-20 16:50:05,004 - isca - DEBUG - /proj/bolinc/users/x_ryabo/socrates_edited_for_isca/spectral_files_for_GCMs/Sun
2026-03-20 16:50:05,004 - isca - DEBUG - /miniSuran_sw.sf WITH           16  bands
2026-03-20 16:50:05,004 - isca - DEBUG - 
2026-03-20 16:50:05,004 - isca - DEBUG - -----------------------------------
2026-03-20 16:50:05,004 - isca - DEBUG - 
2026-03-20 16:50:36,958 - isca - DEBUG - Integration completed through    5 Nov  2   0: 0: 0
2026-03-20 16:51:08,801 - isca - DEBUG - Integration completed through    5 Nov  3   0: 0: 0
2026-03-20 16:51:40,657 - isca - DEBUG - Integration completed through    5 Nov  4   0: 0: 0
2026-03-20 16:52:12,453 - isca - DEBUG - Integration completed through    5 Nov  5   0: 0: 0
2026-03-20 16:52:44,372 - isca - DEBUG - Integration completed through    5 Nov  6   0: 0: 0
2026-03-20 16:53:16,292 - isca - DEBUG - Integration completed through    5 Nov  7   0: 0: 0
2026-03-20 16:53:48,270 - isca - DEBUG - Integration completed through    5 Nov  8   0: 0: 0
2026-03-20 16:54:20,280 - isca - DEBUG - Integration completed through    5 Nov  9   0: 0: 0
2026-03-20 16:54:52,200 - isca - DEBUG - Integration completed through    5 Nov 10   0: 0: 0
2026-03-20 16:55:24,244 - isca - DEBUG - Integration completed through    5 Nov 11   0: 0: 0
2026-03-20 16:55:56,158 - isca - DEBUG - Integration completed through    5 Nov 12   0: 0: 0
2026-03-20 16:56:28,203 - isca - DEBUG - Integration completed through    5 Nov 13   0: 0: 0
2026-03-20 16:57:00,157 - isca - DEBUG - Integration completed through    5 Nov 14   0: 0: 0
2026-03-20 16:57:32,134 - isca - DEBUG - Integration completed through    5 Nov 15   0: 0: 0
2026-03-20 16:58:04,112 - isca - DEBUG - Integration completed through    5 Nov 16   0: 0: 0
2026-03-20 16:58:36,123 - isca - DEBUG - Integration completed through    5 Nov 17   0: 0: 0
2026-03-20 16:59:08,172 - isca - DEBUG - Integration completed through    5 Nov 18   0: 0: 0
2026-03-20 16:59:40,093 - isca - DEBUG - Integration completed through    5 Nov 19   0: 0: 0
2026-03-20 17:00:11,930 - isca - DEBUG - Integration completed through    5 Nov 20   0: 0: 0
2026-03-20 17:00:43,769 - isca - DEBUG - Integration completed through    5 Nov 21   0: 0: 0
2026-03-20 17:01:15,689 - isca - DEBUG - Integration completed through    5 Nov 22   0: 0: 0
2026-03-20 17:01:47,471 - isca - DEBUG - Integration completed through    5 Nov 23   0: 0: 0
2026-03-20 17:02:19,268 - isca - DEBUG - Integration completed through    5 Nov 24   0: 0: 0
2026-03-20 17:02:51,050 - isca - DEBUG - Integration completed through    5 Nov 25   0: 0: 0
2026-03-20 17:03:22,795 - isca - DEBUG - Integration completed through    5 Nov 26   0: 0: 0
2026-03-20 17:03:54,568 - isca - DEBUG - Integration completed through    5 Nov 27   0: 0: 0
2026-03-20 17:04:26,402 - isca - DEBUG - Integration completed through    5 Nov 28   0: 0: 0
2026-03-20 17:04:58,280 - isca - DEBUG - Integration completed through    5 Nov 29   0: 0: 0
2026-03-20 17:05:30,035 - isca - DEBUG - Integration completed through    5 Nov 30   0: 0: 0
2026-03-20 17:06:01,802 - isca - DEBUG - Integration completed through    5 Dec  1   0: 0: 0
2026-03-20 17:06:01,984 - isca - DEBUG - 
2026-03-20 17:06:01,985 - isca - DEBUG - 
2026-03-20 17:06:01,985 - isca - WARNING - WARNING from PE    0: diag_util_mod::opening_file: module/field_name (socrates/soc_toa_sw_down_clr) NOT registered
2026-03-20 17:06:01,985 - isca - DEBUG - 
2026-03-20 17:06:01,985 - isca - DEBUG - 
2026-03-20 17:06:01,985 - isca - WARNING - WARNING from PE    0: diag_util_mod::opening_file: module/field_name (cloud_simple/rh_min) NOT registered
2026-03-20 17:06:01,985 - isca - DEBUG - 
2026-03-20 17:06:01,985 - isca - WARNING - WARNING from PE    0: diag_util_mod::opening_file: module/field_name (socrates/soc_toa_sw_down_clr) NOT registered
2026-03-20 17:06:01,985 - isca - DEBUG - 
2026-03-20 17:06:01,985 - isca - DEBUG - 
2026-03-20 17:06:01,985 - isca - WARNING - WARNING from PE    0: diag_util_mod::opening_file: module/field_name (cloud_simple/rh_min) NOT registered
2026-03-20 17:06:01,985 - isca - DEBUG - 
2026-03-20 17:06:01,996 - isca - DEBUG - NOTE from PE    0: MPP_IO_SET_STACK_SIZE: stack size set to     393216.
2026-03-20 17:06:02,367 - isca - DEBUG - MPP_DOMAINS_STACK high water mark=       49152
2026-03-20 17:06:02,367 - isca - DEBUG - 
2026-03-20 17:06:02,368 - isca - DEBUG - Tabulating mpp_clock statistics across     16 PEs...
2026-03-20 17:06:02,368 - isca - DEBUG - 
2026-03-20 17:06:02,368 - isca - DEBUG - tmin          tmax          tavg          tstd  tfrac grain pemin pemax
2026-03-20 17:06:02,368 - isca - DEBUG - Total runtime                       958.793127    958.797449    958.795584      0.001375  1.000     0     0    15
2026-03-20 17:06:02,368 - isca - DEBUG - MPP_STACK high water mark=           0
2026-03-20 17:06:02,506 - isca - INFO - Run 59 complete
2026-03-20 17:06:03,840 - isca - DEBUG - atmos_monthly.nc combined and copied to data directory
2026-03-20 17:06:07,091 - isca - INFO - Restart archive created at /proj/bolinc/users/x_ryabo/Isca-Ryan_outputs/Earth_1840/restarts/res0059.tar.gz
2026-03-20 17:06:07,103 - isca - INFO - Writing namelist to '/proj/bolinc/users/x_ryabo/Isca-Ryan_outputs/Earth_1840/run0059/input.nml'
2026-03-20 17:06:07,105 - isca - INFO - Writing field_table to '/proj/bolinc/users/x_ryabo/Isca-Ryan_outputs/Earth_1840/run0059/field_table'
2026-03-20 17:06:07,116 - isca - INFO - Writing diag_table to '/proj/bolinc/users/x_ryabo/Isca-Ryan_outputs/Earth_1840/run0059/diag_table'
2026-03-20 17:06:07,467 - isca - INFO - Emptied run directory '/home/x_ryabo/Isca-Ryan_tmp/experiment/Earth_1840/run'
2026-03-20 17:06:07,487 - isca - INFO - Emptied run directory '/home/x_ryabo/Isca-Ryan_tmp/experiment/Earth_1840/run'
2026-03-20 17:06:07,814 - isca - INFO - Writing namelist to '/home/x_ryabo/Isca-Ryan_tmp/experiment/Earth_1840/run/input.nml'
2026-03-20 17:06:07,815 - isca - INFO - Writing field_table to '/home/x_ryabo/Isca-Ryan_tmp/experiment/Earth_1840/run/field_table'
2026-03-20 17:06:07,828 - isca - INFO - Writing diag_table to '/home/x_ryabo/Isca-Ryan_tmp/experiment/Earth_1840/run/diag_table'
2026-03-20 17:06:07,850 - isca - INFO - Using restart file '/proj/bolinc/users/x_ryabo/Isca-Ryan_outputs/Earth_1840/restarts/res0059.tar.gz'
2026-03-20 17:06:08,262 - isca - INFO - Restart /proj/bolinc/users/x_ryabo/Isca-Ryan_outputs/Earth_1840/restarts/res0059.tar.gz extracted to /home/x_ryabo/Isca-Ryan_tmp/experiment/Earth_1840/run/INPUT
2026-03-20 17:06:08,263 - isca - INFO - Beginning run 60
2026-03-20 17:06:08,283 - isca - INFO - process running as 2580208
2026-03-20 17:06:08,283 - isca - DEBUG - loadmodules for Isca on NSC cluster Tetralith
2026-03-20 17:06:08,283 - isca - DEBUG - mpiifort
2026-03-20 17:06:08,386 - isca - DEBUG - The following modules were not unloaded:
2026-03-20 17:06:08,386 - isca - DEBUG - (Use "module --force purge" to unload all):
2026-03-20 17:06:08,386 - isca - DEBUG - 
2026-03-20 17:06:08,386 - isca - DEBUG - 1) hpc/.1.10.1
2026-03-20 17:06:08,490 - isca - DEBUG - ***************************************************
2026-03-20 17:06:08,490 - isca - DEBUG - You have loaded a buildenv module
2026-03-20 17:06:08,490 - isca - DEBUG - ***************************************************
2026-03-20 17:06:08,490 - isca - DEBUG - The buldenv-intel module makes available:
2026-03-20 17:06:08,490 - isca - DEBUG - - Compilers: icc, ifort, etc.
2026-03-20 17:06:08,490 - isca - DEBUG - - Mpi library with mpi-wrapped compilers: intel mpi with mpicc, mpifort, etc.
2026-03-20 17:06:08,490 - isca - DEBUG - - Numerical libraries: intel MKL
2026-03-20 17:06:08,490 - isca - DEBUG - 
2026-03-20 17:06:08,490 - isca - DEBUG - It also makes a set of dependency library modules available via
2026-03-20 17:06:08,490 - isca - DEBUG - the regular module command. Just do:
2026-03-20 17:06:08,490 - isca - DEBUG - module avail
2026-03-20 17:06:08,490 - isca - DEBUG - to see what is available.
2026-03-20 17:06:08,490 - isca - DEBUG - 
2026-03-20 17:06:08,490 - isca - DEBUG - NOTE: You shoud never load build environments inside submitted jobs.
2026-03-20 17:06:08,490 - isca - DEBUG - (with the single exception of when using supercomputer time to compile code.)
2026-03-20 17:06:08,490 - isca - DEBUG - 
2026-03-20 17:06:09,618 - isca - DEBUG - NOTE from PE    0: MPP_DOMAINS_SET_STACK_SIZE: stack size set to    32768.
2026-03-20 17:06:09,618 - isca - DEBUG - &MPP_IO_NML
2026-03-20 17:06:09,618 - isca - DEBUG - HEADER_BUFFER_VAL       =       16384,
2026-03-20 17:06:09,618 - isca - DEBUG - GLOBAL_FIELD_ON_ROOT_PE = T,
2026-03-20 17:06:09,618 - isca - DEBUG - IO_CLOCKS_ON    = F,
2026-03-20 17:06:09,618 - isca - DEBUG - SHUFFLE =           0,
2026-03-20 17:06:09,618 - isca - DEBUG - DEFLATE_LEVEL   =          -1
2026-03-20 17:06:09,618 - isca - DEBUG - /
2026-03-20 17:06:09,620 - isca - DEBUG - NOTE from PE    0: MPP_IO_SET_STACK_SIZE: stack size set to     131072.
2026-03-20 17:06:09,620 - isca - DEBUG - NOTE from PE    0: MPP_DOMAINS_SET_STACK_SIZE: stack size set to   600000.
2026-03-20 17:06:09,628 - isca - DEBUG - starting            1  OpenMP threads per MPI-task
2026-03-20 17:06:09,630 - isca - DEBUG - ATMOS MODEL DOMAIN DECOMPOSITION
2026-03-20 17:06:09,630 - isca - DEBUG - X-AXIS =  128
2026-03-20 17:06:09,630 - isca - DEBUG - Y-AXIS =    4   4   4   4   4   4   4   4   4   4   4   4   4   4   4   4
2026-03-20 17:06:09,688 - isca - DEBUG - NOTE from PE    0: cloud_simple: Using SimCloud cloud scheme
2026-03-20 17:06:09,690 - isca - DEBUG - NOTE from PE    0: ls_cloud: Using Sundqvist (1989) cloud fraction diagnostic formula.
2026-03-20 17:06:09,690 - isca - DEBUG - NOTE from PE    0: cloud_cover: The cloud overlap assumption is MAXIMUM-RANDOM
2026-03-20 17:06:09,690 - isca - DEBUG - NOTE from PE    0: idealized_moist_phys: Using Frierson Quasi-Equilibrium convection scheme.
2026-03-20 17:06:09,699 - isca - DEBUG - 
2026-03-20 17:06:09,699 - isca - WARNING - WARNING from PE    0: socrates_init: lw_hires_spectral_filename is unset, making equal to lw_spectral_filename
2026-03-20 17:06:09,699 - isca - DEBUG - 
2026-03-20 17:06:09,699 - isca - DEBUG - 
2026-03-20 17:06:09,700 - isca - WARNING - WARNING from PE    0: socrates_init: lw_hires_spectral_filename is unset, making equal to lw_spectral_filename
2026-03-20 17:06:09,700 - isca - DEBUG - 
2026-03-20 17:06:09,700 - isca - DEBUG - 
2026-03-20 17:06:09,700 - isca - WARNING - WARNING from PE    0: socrates_init: sw_hires_spectral_filename is unset, making equal to sw_spectral_filename
2026-03-20 17:06:09,700 - isca - DEBUG - 
2026-03-20 17:06:09,700 - isca - DEBUG - 
2026-03-20 17:06:09,700 - isca - WARNING - WARNING from PE    0: socrates_init: sw_hires_spectral_filename is unset, making equal to sw_spectral_filename
2026-03-20 17:06:09,700 - isca - DEBUG - 
2026-03-20 17:06:10,916 - isca - DEBUG - NOTE from PE    0: Interpolator: Using input file with no time dimension - ozone_1990_notime_zero.nc
2026-03-20 17:06:10,916 - isca - DEBUG - Initializing src field : ozone_1990
2026-03-20 17:06:10,918 - isca - DEBUG - 
2026-03-20 17:06:10,918 - isca - DEBUG - -----------------------------------
2026-03-20 17:06:10,918 - isca - DEBUG - ____                       _
2026-03-20 17:06:10,918 - isca - DEBUG - / ___|  ___   ___ _ __ __ _| |_ ___  ___
2026-03-20 17:06:10,918 - isca - DEBUG - \___ \ / _ \ / __|  __/ _` | __/ _ \/ __|
2026-03-20 17:06:10,918 - isca - DEBUG - ___) | (_) | (__| | | (_| | ||  __/\__ \
2026-03-20 17:06:10,918 - isca - DEBUG - |____/ \___/ \___|_|  \__,_|\__\___||___/
2026-03-20 17:06:10,919 - isca - DEBUG - 
2026-03-20 17:06:10,919 - isca - DEBUG - Initialised Socrates v17.03
2026-03-20 17:06:10,919 - isca - DEBUG - Stellar constant =    1840.00000000000
2026-03-20 17:06:10,919 - isca - DEBUG - Longwave spectral file =
2026-03-20 17:06:10,919 - isca - DEBUG - /proj/bolinc/users/x_ryabo/socrates_edited_for_isca/spectral_files_for_GCMs/Sun
2026-03-20 17:06:10,919 - isca - DEBUG - /miniSuran_lw.sf WITH           16  bands
2026-03-20 17:06:10,919 - isca - DEBUG - Longwave hires spectral file =
2026-03-20 17:06:10,919 - isca - DEBUG - /proj/bolinc/users/x_ryabo/socrates_edited_for_isca/spectral_files_for_GCMs/Sun
2026-03-20 17:06:10,919 - isca - DEBUG - /miniSuran_lw.sf WITH           16  bands
2026-03-20 17:06:10,919 - isca - DEBUG - Shortwave spectral file =
2026-03-20 17:06:10,919 - isca - DEBUG - /proj/bolinc/users/x_ryabo/socrates_edited_for_isca/spectral_files_for_GCMs/Sun
2026-03-20 17:06:10,919 - isca - DEBUG - /miniSuran_sw.sf WITH           16  bands
2026-03-20 17:06:10,919 - isca - DEBUG - Shortwave hires spectral file =
2026-03-20 17:06:10,919 - isca - DEBUG - /proj/bolinc/users/x_ryabo/socrates_edited_for_isca/spectral_files_for_GCMs/Sun
2026-03-20 17:06:10,919 - isca - DEBUG - /miniSuran_sw.sf WITH           16  bands
2026-03-20 17:06:10,919 - isca - DEBUG - 
2026-03-20 17:06:10,919 - isca - DEBUG - -----------------------------------
2026-03-20 17:06:10,919 - isca - DEBUG - 
2026-03-20 17:06:43,155 - isca - DEBUG - Integration completed through    5 Dec  2   0: 0: 0
2026-03-20 17:07:15,323 - isca - DEBUG - Integration completed through    5 Dec  3   0: 0: 0
2026-03-20 17:07:47,455 - isca - DEBUG - Integration completed through    5 Dec  4   0: 0: 0
2026-03-20 17:08:19,608 - isca - DEBUG - Integration completed through    5 Dec  5   0: 0: 0
2026-03-20 17:08:51,696 - isca - DEBUG - Integration completed through    5 Dec  6   0: 0: 0
2026-03-20 17:09:23,855 - isca - DEBUG - Integration completed through    5 Dec  7   0: 0: 0
2026-03-20 17:09:55,746 - isca - DEBUG - Integration completed through    5 Dec  8   0: 0: 0
2026-03-20 17:10:27,753 - isca - DEBUG - Integration completed through    5 Dec  9   0: 0: 0
2026-03-20 17:10:59,795 - isca - DEBUG - Integration completed through    5 Dec 10   0: 0: 0
2026-03-20 17:11:31,827 - isca - DEBUG - Integration completed through    5 Dec 11   0: 0: 0
2026-03-20 17:12:03,850 - isca - DEBUG - Integration completed through    5 Dec 12   0: 0: 0
2026-03-20 17:12:35,835 - isca - DEBUG - Integration completed through    5 Dec 13   0: 0: 0
2026-03-20 17:13:07,912 - isca - DEBUG - Integration completed through    5 Dec 14   0: 0: 0
2026-03-20 17:13:39,996 - isca - DEBUG - Integration completed through    5 Dec 15   0: 0: 0
2026-03-20 17:14:11,951 - isca - DEBUG - Integration completed through    5 Dec 16   0: 0: 0
2026-03-20 17:14:43,915 - isca - DEBUG - Integration completed through    5 Dec 17   0: 0: 0
2026-03-20 17:15:15,962 - isca - DEBUG - Integration completed through    5 Dec 18   0: 0: 0
2026-03-20 17:15:47,971 - isca - DEBUG - Integration completed through    5 Dec 19   0: 0: 0
2026-03-20 17:16:20,055 - isca - DEBUG - Integration completed through    5 Dec 20   0: 0: 0
2026-03-20 17:16:52,215 - isca - DEBUG - Integration completed through    5 Dec 21   0: 0: 0
2026-03-20 17:17:24,368 - isca - DEBUG - Integration completed through    5 Dec 22   0: 0: 0
2026-03-20 17:17:56,472 - isca - DEBUG - Integration completed through    5 Dec 23   0: 0: 0
2026-03-20 17:18:28,571 - isca - DEBUG - Integration completed through    5 Dec 24   0: 0: 0
2026-03-20 17:19:00,617 - isca - DEBUG - Integration completed through    5 Dec 25   0: 0: 0
2026-03-20 17:19:32,687 - isca - DEBUG - Integration completed through    5 Dec 26   0: 0: 0
2026-03-20 17:20:04,784 - isca - DEBUG - Integration completed through    5 Dec 27   0: 0: 0
2026-03-20 17:20:36,817 - isca - DEBUG - Integration completed through    5 Dec 28   0: 0: 0
2026-03-20 17:21:09,068 - isca - DEBUG - Integration completed through    5 Dec 29   0: 0: 0
2026-03-20 17:21:41,223 - isca - DEBUG - Integration completed through    5 Dec 30   0: 0: 0
2026-03-20 17:22:13,425 - isca - DEBUG - Integration completed through    6 Jan  1   0: 0: 0
2026-03-20 17:22:13,432 - isca - DEBUG - 
2026-03-20 17:22:13,432 - isca - WARNING - WARNING from PE    0: diag_util_mod::opening_file: module/field_name (socrates/soc_toa_sw_down_clr) NOT registered
2026-03-20 17:22:13,432 - isca - DEBUG - 
2026-03-20 17:22:13,432 - isca - DEBUG - 
2026-03-20 17:22:13,432 - isca - WARNING - WARNING from PE    0: diag_util_mod::opening_file: module/field_name (socrates/soc_toa_sw_down_clr) NOT registered
2026-03-20 17:22:13,433 - isca - DEBUG - 
2026-03-20 17:22:13,433 - isca - DEBUG - 
2026-03-20 17:22:13,433 - isca - WARNING - WARNING from PE    0: diag_util_mod::opening_file: module/field_name (cloud_simple/rh_min) NOT registered
2026-03-20 17:22:13,433 - isca - DEBUG - 
2026-03-20 17:22:13,433 - isca - DEBUG - 
2026-03-20 17:22:13,433 - isca - WARNING - WARNING from PE    0: diag_util_mod::opening_file: module/field_name (cloud_simple/rh_min) NOT registered
2026-03-20 17:22:13,433 - isca - DEBUG - 
2026-03-20 17:22:13,444 - isca - DEBUG - NOTE from PE    0: MPP_IO_SET_STACK_SIZE: stack size set to     393216.
2026-03-20 17:22:13,539 - isca - DEBUG - MPP_DOMAINS_STACK high water mark=       49152
2026-03-20 17:22:13,539 - isca - DEBUG - 
2026-03-20 17:22:13,539 - isca - DEBUG - Tabulating mpp_clock statistics across     16 PEs...
2026-03-20 17:22:13,540 - isca - DEBUG - 
2026-03-20 17:22:13,540 - isca - DEBUG - tmin          tmax          tavg          tstd  tfrac grain pemin pemax
2026-03-20 17:22:13,540 - isca - DEBUG - Total runtime                       963.920655    963.924926    963.922863      0.001156  1.000     0     0    15
2026-03-20 17:22:13,540 - isca - DEBUG - MPP_STACK high water mark=           0
2026-03-20 17:22:13,689 - isca - INFO - Run 60 complete
2026-03-20 17:22:14,577 - isca - DEBUG - atmos_monthly.nc combined and copied to data directory
2026-03-20 17:22:17,793 - isca - INFO - Restart archive created at /proj/bolinc/users/x_ryabo/Isca-Ryan_outputs/Earth_1840/restarts/res0060.tar.gz
2026-03-20 17:22:17,805 - isca - INFO - Writing namelist to '/proj/bolinc/users/x_ryabo/Isca-Ryan_outputs/Earth_1840/run0060/input.nml'
2026-03-20 17:22:17,807 - isca - INFO - Writing field_table to '/proj/bolinc/users/x_ryabo/Isca-Ryan_outputs/Earth_1840/run0060/field_table'
2026-03-20 17:22:17,818 - isca - INFO - Writing diag_table to '/proj/bolinc/users/x_ryabo/Isca-Ryan_outputs/Earth_1840/run0060/diag_table'
2026-03-20 17:22:18,184 - isca - INFO - Emptied run directory '/home/x_ryabo/Isca-Ryan_tmp/experiment/Earth_1840/run'
2026-03-20 17:22:18,204 - isca - INFO - Emptied run directory '/home/x_ryabo/Isca-Ryan_tmp/experiment/Earth_1840/run'
2026-03-20 17:22:18,529 - isca - INFO - Writing namelist to '/home/x_ryabo/Isca-Ryan_tmp/experiment/Earth_1840/run/input.nml'
2026-03-20 17:22:18,531 - isca - INFO - Writing field_table to '/home/x_ryabo/Isca-Ryan_tmp/experiment/Earth_1840/run/field_table'
2026-03-20 17:22:18,544 - isca - INFO - Writing diag_table to '/home/x_ryabo/Isca-Ryan_tmp/experiment/Earth_1840/run/diag_table'
2026-03-20 17:22:18,557 - isca - INFO - Using restart file '/proj/bolinc/users/x_ryabo/Isca-Ryan_outputs/Earth_1840/restarts/res0060.tar.gz'
2026-03-20 17:22:18,966 - isca - INFO - Restart /proj/bolinc/users/x_ryabo/Isca-Ryan_outputs/Earth_1840/restarts/res0060.tar.gz extracted to /home/x_ryabo/Isca-Ryan_tmp/experiment/Earth_1840/run/INPUT
2026-03-20 17:22:18,966 - isca - INFO - Beginning run 61
2026-03-20 17:22:18,978 - isca - INFO - process running as 2581117
2026-03-20 17:22:18,978 - isca - DEBUG - loadmodules for Isca on NSC cluster Tetralith
2026-03-20 17:22:18,978 - isca - DEBUG - mpiifort
2026-03-20 17:22:19,091 - isca - DEBUG - The following modules were not unloaded:
2026-03-20 17:22:19,092 - isca - DEBUG - (Use "module --force purge" to unload all):
2026-03-20 17:22:19,092 - isca - DEBUG - 
2026-03-20 17:22:19,092 - isca - DEBUG - 1) hpc/.1.10.1
2026-03-20 17:22:19,195 - isca - DEBUG - ***************************************************
2026-03-20 17:22:19,196 - isca - DEBUG - You have loaded a buildenv module
2026-03-20 17:22:19,196 - isca - DEBUG - ***************************************************
2026-03-20 17:22:19,196 - isca - DEBUG - The buldenv-intel module makes available:
2026-03-20 17:22:19,196 - isca - DEBUG - - Compilers: icc, ifort, etc.
2026-03-20 17:22:19,196 - isca - DEBUG - - Mpi library with mpi-wrapped compilers: intel mpi with mpicc, mpifort, etc.
2026-03-20 17:22:19,196 - isca - DEBUG - - Numerical libraries: intel MKL
2026-03-20 17:22:19,196 - isca - DEBUG - 
2026-03-20 17:22:19,196 - isca - DEBUG - It also makes a set of dependency library modules available via
2026-03-20 17:22:19,196 - isca - DEBUG - the regular module command. Just do:
2026-03-20 17:22:19,196 - isca - DEBUG - module avail
2026-03-20 17:22:19,196 - isca - DEBUG - to see what is available.
2026-03-20 17:22:19,196 - isca - DEBUG - 
2026-03-20 17:22:19,196 - isca - DEBUG - NOTE: You shoud never load build environments inside submitted jobs.
2026-03-20 17:22:19,196 - isca - DEBUG - (with the single exception of when using supercomputer time to compile code.)
2026-03-20 17:22:19,196 - isca - DEBUG - 
2026-03-20 17:22:20,613 - isca - DEBUG - NOTE from PE    0: MPP_DOMAINS_SET_STACK_SIZE: stack size set to    32768.
2026-03-20 17:22:20,613 - isca - DEBUG - &MPP_IO_NML
2026-03-20 17:22:20,613 - isca - DEBUG - HEADER_BUFFER_VAL       =       16384,
2026-03-20 17:22:20,613 - isca - DEBUG - GLOBAL_FIELD_ON_ROOT_PE = T,
2026-03-20 17:22:20,613 - isca - DEBUG - IO_CLOCKS_ON    = F,
2026-03-20 17:22:20,613 - isca - DEBUG - SHUFFLE =           0,
2026-03-20 17:22:20,613 - isca - DEBUG - DEFLATE_LEVEL   =          -1
2026-03-20 17:22:20,614 - isca - DEBUG - /
2026-03-20 17:22:20,615 - isca - DEBUG - NOTE from PE    0: MPP_IO_SET_STACK_SIZE: stack size set to     131072.
2026-03-20 17:22:20,616 - isca - DEBUG - NOTE from PE    0: MPP_DOMAINS_SET_STACK_SIZE: stack size set to   600000.
2026-03-20 17:22:20,623 - isca - DEBUG - starting            1  OpenMP threads per MPI-task
2026-03-20 17:22:20,625 - isca - DEBUG - ATMOS MODEL DOMAIN DECOMPOSITION
2026-03-20 17:22:20,625 - isca - DEBUG - X-AXIS =  128
2026-03-20 17:22:20,625 - isca - DEBUG - Y-AXIS =    4   4   4   4   4   4   4   4   4   4   4   4   4   4   4   4
2026-03-20 17:22:20,682 - isca - DEBUG - NOTE from PE    0: cloud_simple: Using SimCloud cloud scheme
2026-03-20 17:22:20,683 - isca - DEBUG - NOTE from PE    0: ls_cloud: Using Sundqvist (1989) cloud fraction diagnostic formula.
2026-03-20 17:22:20,684 - isca - DEBUG - NOTE from PE    0: cloud_cover: The cloud overlap assumption is MAXIMUM-RANDOM
2026-03-20 17:22:20,684 - isca - DEBUG - NOTE from PE    0: idealized_moist_phys: Using Frierson Quasi-Equilibrium convection scheme.
2026-03-20 17:22:20,694 - isca - DEBUG - 
2026-03-20 17:22:20,694 - isca - WARNING - WARNING from PE    0: socrates_init: lw_hires_spectral_filename is unset, making equal to lw_spectral_filename
2026-03-20 17:22:20,694 - isca - DEBUG - 
2026-03-20 17:22:20,694 - isca - DEBUG - 
2026-03-20 17:22:20,694 - isca - WARNING - WARNING from PE    0: socrates_init: lw_hires_spectral_filename is unset, making equal to lw_spectral_filename
2026-03-20 17:22:20,694 - isca - DEBUG - 
2026-03-20 17:22:20,694 - isca - DEBUG - 
2026-03-20 17:22:20,695 - isca - WARNING - WARNING from PE    0: socrates_init: sw_hires_spectral_filename is unset, making equal to sw_spectral_filename
2026-03-20 17:22:20,695 - isca - DEBUG - 
2026-03-20 17:22:20,695 - isca - DEBUG - 
2026-03-20 17:22:20,695 - isca - WARNING - WARNING from PE    0: socrates_init: sw_hires_spectral_filename is unset, making equal to sw_spectral_filename
2026-03-20 17:22:20,695 - isca - DEBUG - 
2026-03-20 17:22:21,918 - isca - DEBUG - NOTE from PE    0: Interpolator: Using input file with no time dimension - ozone_1990_notime_zero.nc
2026-03-20 17:22:21,918 - isca - DEBUG - Initializing src field : ozone_1990
2026-03-20 17:22:21,920 - isca - DEBUG - 
2026-03-20 17:22:21,920 - isca - DEBUG - -----------------------------------
2026-03-20 17:22:21,920 - isca - DEBUG - ____                       _
2026-03-20 17:22:21,944 - isca - DEBUG - / ___|  ___   ___ _ __ __ _| |_ ___  ___
2026-03-20 17:22:21,944 - isca - DEBUG - \___ \ / _ \ / __|  __/ _` | __/ _ \/ __|
2026-03-20 17:22:21,944 - isca - DEBUG - ___) | (_) | (__| | | (_| | ||  __/\__ \
2026-03-20 17:22:21,944 - isca - DEBUG - |____/ \___/ \___|_|  \__,_|\__\___||___/
2026-03-20 17:22:21,944 - isca - DEBUG - 
2026-03-20 17:22:21,944 - isca - DEBUG - Initialised Socrates v17.03
2026-03-20 17:22:21,945 - isca - DEBUG - Stellar constant =    1840.00000000000
2026-03-20 17:22:21,945 - isca - DEBUG - Longwave spectral file =
2026-03-20 17:22:21,945 - isca - DEBUG - /proj/bolinc/users/x_ryabo/socrates_edited_for_isca/spectral_files_for_GCMs/Sun
2026-03-20 17:22:21,945 - isca - DEBUG - /miniSuran_lw.sf WITH           16  bands
2026-03-20 17:22:21,945 - isca - DEBUG - Longwave hires spectral file =
2026-03-20 17:22:21,945 - isca - DEBUG - /proj/bolinc/users/x_ryabo/socrates_edited_for_isca/spectral_files_for_GCMs/Sun
2026-03-20 17:22:21,945 - isca - DEBUG - /miniSuran_lw.sf WITH           16  bands
2026-03-20 17:22:21,945 - isca - DEBUG - Shortwave spectral file =
2026-03-20 17:22:21,945 - isca - DEBUG - /proj/bolinc/users/x_ryabo/socrates_edited_for_isca/spectral_files_for_GCMs/Sun
2026-03-20 17:22:21,945 - isca - DEBUG - /miniSuran_sw.sf WITH           16  bands
2026-03-20 17:22:21,945 - isca - DEBUG - Shortwave hires spectral file =
2026-03-20 17:22:21,945 - isca - DEBUG - /proj/bolinc/users/x_ryabo/socrates_edited_for_isca/spectral_files_for_GCMs/Sun
2026-03-20 17:22:21,945 - isca - DEBUG - /miniSuran_sw.sf WITH           16  bands
2026-03-20 17:22:21,945 - isca - DEBUG - 
2026-03-20 17:22:21,945 - isca - DEBUG - -----------------------------------
2026-03-20 17:22:21,945 - isca - DEBUG - 
2026-03-20 17:22:53,499 - isca - DEBUG - Integration completed through    6 Jan  2   0: 0: 0
2026-03-20 17:23:25,063 - isca - DEBUG - Integration completed through    6 Jan  3   0: 0: 0
2026-03-20 17:23:56,644 - isca - DEBUG - Integration completed through    6 Jan  4   0: 0: 0
2026-03-20 17:24:28,217 - isca - DEBUG - Integration completed through    6 Jan  5   0: 0: 0
2026-03-20 17:24:59,792 - isca - DEBUG - Integration completed through    6 Jan  6   0: 0: 0
2026-03-20 17:25:31,305 - isca - DEBUG - Integration completed through    6 Jan  7   0: 0: 0
2026-03-20 17:26:02,823 - isca - DEBUG - Integration completed through    6 Jan  8   0: 0: 0
2026-03-20 17:26:34,381 - isca - DEBUG - Integration completed through    6 Jan  9   0: 0: 0
2026-03-20 17:27:05,896 - isca - DEBUG - Integration completed through    6 Jan 10   0: 0: 0
2026-03-20 17:27:37,446 - isca - DEBUG - Integration completed through    6 Jan 11   0: 0: 0
2026-03-20 17:28:08,941 - isca - DEBUG - Integration completed through    6 Jan 12   0: 0: 0
2026-03-20 17:28:40,498 - isca - DEBUG - Integration completed through    6 Jan 13   0: 0: 0
2026-03-20 17:29:12,054 - isca - DEBUG - Integration completed through    6 Jan 14   0: 0: 0
2026-03-20 17:29:43,606 - isca - DEBUG - Integration completed through    6 Jan 15   0: 0: 0
2026-03-20 17:30:15,151 - isca - DEBUG - Integration completed through    6 Jan 16   0: 0: 0
2026-03-20 17:30:46,745 - isca - DEBUG - Integration completed through    6 Jan 17   0: 0: 0
2026-03-20 17:31:18,225 - isca - DEBUG - Integration completed through    6 Jan 18   0: 0: 0
2026-03-20 17:31:49,789 - isca - DEBUG - Integration completed through    6 Jan 19   0: 0: 0
2026-03-20 17:32:21,377 - isca - DEBUG - Integration completed through    6 Jan 20   0: 0: 0
2026-03-20 17:32:52,798 - isca - DEBUG - Integration completed through    6 Jan 21   0: 0: 0
2026-03-20 17:33:24,253 - isca - DEBUG - Integration completed through    6 Jan 22   0: 0: 0
2026-03-20 17:33:55,719 - isca - DEBUG - Integration completed through    6 Jan 23   0: 0: 0
2026-03-20 17:34:27,204 - isca - DEBUG - Integration completed through    6 Jan 24   0: 0: 0
2026-03-20 17:34:58,680 - isca - DEBUG - Integration completed through    6 Jan 25   0: 0: 0
2026-03-20 17:35:30,119 - isca - DEBUG - Integration completed through    6 Jan 26   0: 0: 0
2026-03-20 17:36:01,592 - isca - DEBUG - Integration completed through    6 Jan 27   0: 0: 0
2026-03-20 17:36:33,091 - isca - DEBUG - Integration completed through    6 Jan 28   0: 0: 0
2026-03-20 17:37:04,590 - isca - DEBUG - Integration completed through    6 Jan 29   0: 0: 0
2026-03-20 17:37:36,053 - isca - DEBUG - Integration completed through    6 Jan 30   0: 0: 0
2026-03-20 17:38:07,569 - isca - DEBUG - Integration completed through    6 Feb  1   0: 0: 0
2026-03-20 17:38:07,578 - isca - DEBUG - 
2026-03-20 17:38:07,578 - isca - WARNING - WARNING from PE    0: diag_util_mod::opening_file: module/field_name (socrates/soc_toa_sw_down_clr) NOT registered
2026-03-20 17:38:07,578 - isca - DEBUG - 
2026-03-20 17:38:07,578 - isca - DEBUG - 
2026-03-20 17:38:07,578 - isca - WARNING - WARNING from PE    0: diag_util_mod::opening_file: module/field_name (socrates/soc_toa_sw_down_clr) NOT registered
2026-03-20 17:38:07,578 - isca - DEBUG - 
2026-03-20 17:38:07,578 - isca - DEBUG - 
2026-03-20 17:38:07,578 - isca - WARNING - WARNING from PE    0: diag_util_mod::opening_file: module/field_name (cloud_simple/rh_min) NOT registered
2026-03-20 17:38:07,578 - isca - DEBUG - 
2026-03-20 17:38:07,578 - isca - DEBUG - 
2026-03-20 17:38:07,578 - isca - WARNING - WARNING from PE    0: diag_util_mod::opening_file: module/field_name (cloud_simple/rh_min) NOT registered
2026-03-20 17:38:07,578 - isca - DEBUG - 
2026-03-20 17:38:07,589 - isca - DEBUG - NOTE from PE    0: MPP_IO_SET_STACK_SIZE: stack size set to     393216.
2026-03-20 17:38:07,711 - isca - DEBUG - MPP_DOMAINS_STACK high water mark=       49152
2026-03-20 17:38:07,711 - isca - DEBUG - 
2026-03-20 17:38:07,711 - isca - DEBUG - Tabulating mpp_clock statistics across     16 PEs...
2026-03-20 17:38:07,711 - isca - DEBUG - 
2026-03-20 17:38:07,711 - isca - DEBUG - tmin          tmax          tavg          tstd  tfrac grain pemin pemax
2026-03-20 17:38:07,712 - isca - DEBUG - Total runtime                       947.096684    947.100831    947.098539      0.001244  1.000     0     0    15
2026-03-20 17:38:07,712 - isca - DEBUG - MPP_STACK high water mark=           0
2026-03-20 17:38:07,826 - isca - INFO - Run 61 complete
2026-03-20 17:38:08,760 - isca - DEBUG - atmos_monthly.nc combined and copied to data directory
2026-03-20 17:38:11,988 - isca - INFO - Restart archive created at /proj/bolinc/users/x_ryabo/Isca-Ryan_outputs/Earth_1840/restarts/res0061.tar.gz
2026-03-20 17:38:12,000 - isca - INFO - Writing namelist to '/proj/bolinc/users/x_ryabo/Isca-Ryan_outputs/Earth_1840/run0061/input.nml'
2026-03-20 17:38:12,002 - isca - INFO - Writing field_table to '/proj/bolinc/users/x_ryabo/Isca-Ryan_outputs/Earth_1840/run0061/field_table'
2026-03-20 17:38:12,013 - isca - INFO - Writing diag_table to '/proj/bolinc/users/x_ryabo/Isca-Ryan_outputs/Earth_1840/run0061/diag_table'
2026-03-20 17:38:12,370 - isca - INFO - Emptied run directory '/home/x_ryabo/Isca-Ryan_tmp/experiment/Earth_1840/run'
2026-03-20 17:38:12,394 - isca - INFO - Emptied run directory '/home/x_ryabo/Isca-Ryan_tmp/experiment/Earth_1840/run'
2026-03-20 17:38:12,719 - isca - INFO - Writing namelist to '/home/x_ryabo/Isca-Ryan_tmp/experiment/Earth_1840/run/input.nml'
2026-03-20 17:38:12,721 - isca - INFO - Writing field_table to '/home/x_ryabo/Isca-Ryan_tmp/experiment/Earth_1840/run/field_table'
2026-03-20 17:38:12,734 - isca - INFO - Writing diag_table to '/home/x_ryabo/Isca-Ryan_tmp/experiment/Earth_1840/run/diag_table'
2026-03-20 17:38:12,752 - isca - INFO - Using restart file '/proj/bolinc/users/x_ryabo/Isca-Ryan_outputs/Earth_1840/restarts/res0061.tar.gz'
2026-03-20 17:38:13,164 - isca - INFO - Restart /proj/bolinc/users/x_ryabo/Isca-Ryan_outputs/Earth_1840/restarts/res0061.tar.gz extracted to /home/x_ryabo/Isca-Ryan_tmp/experiment/Earth_1840/run/INPUT
2026-03-20 17:38:13,165 - isca - INFO - Beginning run 62
2026-03-20 17:38:13,176 - isca - INFO - process running as 2582046
2026-03-20 17:38:13,176 - isca - DEBUG - loadmodules for Isca on NSC cluster Tetralith
2026-03-20 17:38:13,177 - isca - DEBUG - mpiifort
2026-03-20 17:38:13,289 - isca - DEBUG - The following modules were not unloaded:
2026-03-20 17:38:13,290 - isca - DEBUG - (Use "module --force purge" to unload all):
2026-03-20 17:38:13,290 - isca - DEBUG - 
2026-03-20 17:38:13,290 - isca - DEBUG - 1) hpc/.1.10.1
2026-03-20 17:38:13,392 - isca - DEBUG - ***************************************************
2026-03-20 17:38:13,392 - isca - DEBUG - You have loaded a buildenv module
2026-03-20 17:38:13,392 - isca - DEBUG - ***************************************************
2026-03-20 17:38:13,392 - isca - DEBUG - The buldenv-intel module makes available:
2026-03-20 17:38:13,392 - isca - DEBUG - - Compilers: icc, ifort, etc.
2026-03-20 17:38:13,392 - isca - DEBUG - - Mpi library with mpi-wrapped compilers: intel mpi with mpicc, mpifort, etc.
2026-03-20 17:38:13,392 - isca - DEBUG - - Numerical libraries: intel MKL
2026-03-20 17:38:13,392 - isca - DEBUG - 
2026-03-20 17:38:13,392 - isca - DEBUG - It also makes a set of dependency library modules available via
2026-03-20 17:38:13,392 - isca - DEBUG - the regular module command. Just do:
2026-03-20 17:38:13,392 - isca - DEBUG - module avail
2026-03-20 17:38:13,392 - isca - DEBUG - to see what is available.
2026-03-20 17:38:13,392 - isca - DEBUG - 
2026-03-20 17:38:13,392 - isca - DEBUG - NOTE: You shoud never load build environments inside submitted jobs.
2026-03-20 17:38:13,392 - isca - DEBUG - (with the single exception of when using supercomputer time to compile code.)
2026-03-20 17:38:13,392 - isca - DEBUG - 
2026-03-20 17:38:17,177 - isca - DEBUG - NOTE from PE    0: MPP_DOMAINS_SET_STACK_SIZE: stack size set to    32768.
2026-03-20 17:38:17,177 - isca - DEBUG - &MPP_IO_NML
2026-03-20 17:38:17,177 - isca - DEBUG - HEADER_BUFFER_VAL       =       16384,
2026-03-20 17:38:17,177 - isca - DEBUG - GLOBAL_FIELD_ON_ROOT_PE = T,
2026-03-20 17:38:17,177 - isca - DEBUG - IO_CLOCKS_ON    = F,
2026-03-20 17:38:17,177 - isca - DEBUG - SHUFFLE =           0,
2026-03-20 17:38:17,177 - isca - DEBUG - DEFLATE_LEVEL   =          -1
2026-03-20 17:38:17,177 - isca - DEBUG - /
2026-03-20 17:38:17,179 - isca - DEBUG - NOTE from PE    0: MPP_IO_SET_STACK_SIZE: stack size set to     131072.
2026-03-20 17:38:17,180 - isca - DEBUG - NOTE from PE    0: MPP_DOMAINS_SET_STACK_SIZE: stack size set to   600000.
2026-03-20 17:38:17,187 - isca - DEBUG - starting            1  OpenMP threads per MPI-task
2026-03-20 17:38:17,189 - isca - DEBUG - ATMOS MODEL DOMAIN DECOMPOSITION
2026-03-20 17:38:17,189 - isca - DEBUG - X-AXIS =  128
2026-03-20 17:38:17,189 - isca - DEBUG - Y-AXIS =    4   4   4   4   4   4   4   4   4   4   4   4   4   4   4   4
2026-03-20 17:38:17,245 - isca - DEBUG - NOTE from PE    0: cloud_simple: Using SimCloud cloud scheme
2026-03-20 17:38:17,247 - isca - DEBUG - NOTE from PE    0: ls_cloud: Using Sundqvist (1989) cloud fraction diagnostic formula.
2026-03-20 17:38:17,247 - isca - DEBUG - NOTE from PE    0: cloud_cover: The cloud overlap assumption is MAXIMUM-RANDOM
2026-03-20 17:38:17,247 - isca - DEBUG - NOTE from PE    0: idealized_moist_phys: Using Frierson Quasi-Equilibrium convection scheme.
2026-03-20 17:38:17,257 - isca - DEBUG - 
2026-03-20 17:38:17,257 - isca - WARNING - WARNING from PE    0: socrates_init: lw_hires_spectral_filename is unset, making equal to lw_spectral_filename
2026-03-20 17:38:17,257 - isca - DEBUG - 
2026-03-20 17:38:17,257 - isca - DEBUG - 
2026-03-20 17:38:17,257 - isca - WARNING - WARNING from PE    0: socrates_init: lw_hires_spectral_filename is unset, making equal to lw_spectral_filename
2026-03-20 17:38:17,257 - isca - DEBUG - 
2026-03-20 17:38:17,257 - isca - DEBUG - 
2026-03-20 17:38:17,257 - isca - WARNING - WARNING from PE    0: socrates_init: sw_hires_spectral_filename is unset, making equal to sw_spectral_filename
2026-03-20 17:38:17,257 - isca - DEBUG - 
2026-03-20 17:38:17,257 - isca - DEBUG - 
2026-03-20 17:38:17,257 - isca - WARNING - WARNING from PE    0: socrates_init: sw_hires_spectral_filename is unset, making equal to sw_spectral_filename
2026-03-20 17:38:17,258 - isca - DEBUG - 
2026-03-20 17:38:18,472 - isca - DEBUG - NOTE from PE    0: Interpolator: Using input file with no time dimension - ozone_1990_notime_zero.nc
2026-03-20 17:38:18,472 - isca - DEBUG - Initializing src field : ozone_1990
2026-03-20 17:38:18,474 - isca - DEBUG - 
2026-03-20 17:38:18,474 - isca - DEBUG - -----------------------------------
2026-03-20 17:38:18,474 - isca - DEBUG - ____                       _
2026-03-20 17:38:18,474 - isca - DEBUG - / ___|  ___   ___ _ __ __ _| |_ ___  ___
2026-03-20 17:38:18,474 - isca - DEBUG - \___ \ / _ \ / __|  __/ _` | __/ _ \/ __|
2026-03-20 17:38:18,474 - isca - DEBUG - ___) | (_) | (__| | | (_| | ||  __/\__ \
2026-03-20 17:38:18,475 - isca - DEBUG - |____/ \___/ \___|_|  \__,_|\__\___||___/
2026-03-20 17:38:18,475 - isca - DEBUG - 
2026-03-20 17:38:18,475 - isca - DEBUG - Initialised Socrates v17.03
2026-03-20 17:38:18,475 - isca - DEBUG - Stellar constant =    1840.00000000000
2026-03-20 17:38:18,475 - isca - DEBUG - Longwave spectral file =
2026-03-20 17:38:18,475 - isca - DEBUG - /proj/bolinc/users/x_ryabo/socrates_edited_for_isca/spectral_files_for_GCMs/Sun
2026-03-20 17:38:18,475 - isca - DEBUG - /miniSuran_lw.sf WITH           16  bands
2026-03-20 17:38:18,475 - isca - DEBUG - Longwave hires spectral file =
2026-03-20 17:38:18,475 - isca - DEBUG - /proj/bolinc/users/x_ryabo/socrates_edited_for_isca/spectral_files_for_GCMs/Sun
2026-03-20 17:38:18,475 - isca - DEBUG - /miniSuran_lw.sf WITH           16  bands
2026-03-20 17:38:18,475 - isca - DEBUG - Shortwave spectral file =
2026-03-20 17:38:18,475 - isca - DEBUG - /proj/bolinc/users/x_ryabo/socrates_edited_for_isca/spectral_files_for_GCMs/Sun
2026-03-20 17:38:18,475 - isca - DEBUG - /miniSuran_sw.sf WITH           16  bands
2026-03-20 17:38:18,475 - isca - DEBUG - Shortwave hires spectral file =
2026-03-20 17:38:18,475 - isca - DEBUG - /proj/bolinc/users/x_ryabo/socrates_edited_for_isca/spectral_files_for_GCMs/Sun
2026-03-20 17:38:18,475 - isca - DEBUG - /miniSuran_sw.sf WITH           16  bands
2026-03-20 17:38:18,475 - isca - DEBUG - 
2026-03-20 17:38:18,475 - isca - DEBUG - -----------------------------------
2026-03-20 17:38:18,475 - isca - DEBUG - 
2026-03-20 17:38:50,130 - isca - DEBUG - Integration completed through    6 Feb  2   0: 0: 0
2026-03-20 17:39:21,788 - isca - DEBUG - Integration completed through    6 Feb  3   0: 0: 0
2026-03-20 17:39:53,371 - isca - DEBUG - Integration completed through    6 Feb  4   0: 0: 0
2026-03-20 17:40:24,938 - isca - DEBUG - Integration completed through    6 Feb  5   0: 0: 0
2026-03-20 17:40:56,437 - isca - DEBUG - Integration completed through    6 Feb  6   0: 0: 0
2026-03-20 17:41:27,884 - isca - DEBUG - Integration completed through    6 Feb  7   0: 0: 0
2026-03-20 17:41:59,279 - isca - DEBUG - Integration completed through    6 Feb  8   0: 0: 0
2026-03-20 17:42:30,736 - isca - DEBUG - Integration completed through    6 Feb  9   0: 0: 0
2026-03-20 17:43:02,219 - isca - DEBUG - Integration completed through    6 Feb 10   0: 0: 0
2026-03-20 17:43:33,765 - isca - DEBUG - Integration completed through    6 Feb 11   0: 0: 0
2026-03-20 17:44:05,258 - isca - DEBUG - Integration completed through    6 Feb 12   0: 0: 0
2026-03-20 17:44:36,718 - isca - DEBUG - Integration completed through    6 Feb 13   0: 0: 0
2026-03-20 17:45:08,208 - isca - DEBUG - Integration completed through    6 Feb 14   0: 0: 0
2026-03-20 17:45:39,706 - isca - DEBUG - Integration completed through    6 Feb 15   0: 0: 0
2026-03-20 17:46:11,177 - isca - DEBUG - Integration completed through    6 Feb 16   0: 0: 0
2026-03-20 17:46:42,743 - isca - DEBUG - Integration completed through    6 Feb 17   0: 0: 0
2026-03-20 17:47:14,223 - isca - DEBUG - Integration completed through    6 Feb 18   0: 0: 0
2026-03-20 17:47:45,680 - isca - DEBUG - Integration completed through    6 Feb 19   0: 0: 0
2026-03-20 17:48:17,042 - isca - DEBUG - Integration completed through    6 Feb 20   0: 0: 0
2026-03-20 17:48:48,433 - isca - DEBUG - Integration completed through    6 Feb 21   0: 0: 0
2026-03-20 17:49:19,811 - isca - DEBUG - Integration completed through    6 Feb 22   0: 0: 0
2026-03-20 17:49:51,205 - isca - DEBUG - Integration completed through    6 Feb 23   0: 0: 0
2026-03-20 17:50:22,618 - isca - DEBUG - Integration completed through    6 Feb 24   0: 0: 0
2026-03-20 17:50:54,098 - isca - DEBUG - Integration completed through    6 Feb 25   0: 0: 0
2026-03-20 17:51:25,533 - isca - DEBUG - Integration completed through    6 Feb 26   0: 0: 0
2026-03-20 17:51:56,959 - isca - DEBUG - Integration completed through    6 Feb 27   0: 0: 0
2026-03-20 17:52:28,421 - isca - DEBUG - Integration completed through    6 Feb 28   0: 0: 0
2026-03-20 17:52:59,876 - isca - DEBUG - Integration completed through    6 Feb 29   0: 0: 0
2026-03-20 17:53:31,337 - isca - DEBUG - Integration completed through    6 Feb 30   0: 0: 0
2026-03-20 17:54:02,751 - isca - DEBUG - Integration completed through    6 Mar  1   0: 0: 0
2026-03-20 17:54:02,758 - isca - DEBUG - 
2026-03-20 17:54:02,758 - isca - WARNING - WARNING from PE    0: diag_util_mod::opening_file: module/field_name (socrates/soc_toa_sw_down_clr) NOT registered
2026-03-20 17:54:02,758 - isca - DEBUG - 
2026-03-20 17:54:02,759 - isca - DEBUG - 
2026-03-20 17:54:02,759 - isca - WARNING - WARNING from PE    0: diag_util_mod::opening_file: module/field_name (socrates/soc_toa_sw_down_clr) NOT registered
2026-03-20 17:54:02,759 - isca - DEBUG - 
2026-03-20 17:54:02,759 - isca - DEBUG - 
2026-03-20 17:54:02,759 - isca - WARNING - WARNING from PE    0: diag_util_mod::opening_file: module/field_name (cloud_simple/rh_min) NOT registered
2026-03-20 17:54:02,759 - isca - DEBUG - 
2026-03-20 17:54:02,759 - isca - DEBUG - 
2026-03-20 17:54:02,759 - isca - WARNING - WARNING from PE    0: diag_util_mod::opening_file: module/field_name (cloud_simple/rh_min) NOT registered
2026-03-20 17:54:02,759 - isca - DEBUG - 
2026-03-20 17:54:02,769 - isca - DEBUG - NOTE from PE    0: MPP_IO_SET_STACK_SIZE: stack size set to     393216.
2026-03-20 17:54:02,870 - isca - DEBUG - MPP_DOMAINS_STACK high water mark=       49152
2026-03-20 17:54:02,870 - isca - DEBUG - 
2026-03-20 17:54:02,870 - isca - DEBUG - Tabulating mpp_clock statistics across     16 PEs...
2026-03-20 17:54:02,870 - isca - DEBUG - 
2026-03-20 17:54:02,870 - isca - DEBUG - tmin          tmax          tavg          tstd  tfrac grain pemin pemax
2026-03-20 17:54:02,871 - isca - DEBUG - Total runtime                       945.691279    945.695800    945.693376      0.001090  1.000     0     0    15
2026-03-20 17:54:02,871 - isca - DEBUG - MPP_STACK high water mark=           0
2026-03-20 17:54:03,025 - isca - INFO - Run 62 complete
2026-03-20 17:54:03,995 - isca - DEBUG - atmos_monthly.nc combined and copied to data directory
2026-03-20 17:54:07,240 - isca - INFO - Restart archive created at /proj/bolinc/users/x_ryabo/Isca-Ryan_outputs/Earth_1840/restarts/res0062.tar.gz
2026-03-20 17:54:07,252 - isca - INFO - Writing namelist to '/proj/bolinc/users/x_ryabo/Isca-Ryan_outputs/Earth_1840/run0062/input.nml'
2026-03-20 17:54:07,254 - isca - INFO - Writing field_table to '/proj/bolinc/users/x_ryabo/Isca-Ryan_outputs/Earth_1840/run0062/field_table'
2026-03-20 17:54:07,264 - isca - INFO - Writing diag_table to '/proj/bolinc/users/x_ryabo/Isca-Ryan_outputs/Earth_1840/run0062/diag_table'
2026-03-20 17:54:07,614 - isca - INFO - Emptied run directory '/home/x_ryabo/Isca-Ryan_tmp/experiment/Earth_1840/run'
2026-03-20 17:54:07,634 - isca - INFO - Emptied run directory '/home/x_ryabo/Isca-Ryan_tmp/experiment/Earth_1840/run'
2026-03-20 17:54:07,962 - isca - INFO - Writing namelist to '/home/x_ryabo/Isca-Ryan_tmp/experiment/Earth_1840/run/input.nml'
2026-03-20 17:54:07,963 - isca - INFO - Writing field_table to '/home/x_ryabo/Isca-Ryan_tmp/experiment/Earth_1840/run/field_table'
2026-03-20 17:54:07,976 - isca - INFO - Writing diag_table to '/home/x_ryabo/Isca-Ryan_tmp/experiment/Earth_1840/run/diag_table'
2026-03-20 17:54:08,000 - isca - INFO - Using restart file '/proj/bolinc/users/x_ryabo/Isca-Ryan_outputs/Earth_1840/restarts/res0062.tar.gz'
2026-03-20 17:54:08,411 - isca - INFO - Restart /proj/bolinc/users/x_ryabo/Isca-Ryan_outputs/Earth_1840/restarts/res0062.tar.gz extracted to /home/x_ryabo/Isca-Ryan_tmp/experiment/Earth_1840/run/INPUT
2026-03-20 17:54:08,412 - isca - INFO - Beginning run 63
2026-03-20 17:54:08,428 - isca - INFO - process running as 2582939
2026-03-20 17:54:08,428 - isca - DEBUG - loadmodules for Isca on NSC cluster Tetralith
2026-03-20 17:54:08,428 - isca - DEBUG - mpiifort
2026-03-20 17:54:08,536 - isca - DEBUG - The following modules were not unloaded:
2026-03-20 17:54:08,536 - isca - DEBUG - (Use "module --force purge" to unload all):
2026-03-20 17:54:08,536 - isca - DEBUG - 
2026-03-20 17:54:08,536 - isca - DEBUG - 1) hpc/.1.10.1
2026-03-20 17:54:08,637 - isca - DEBUG - ***************************************************
2026-03-20 17:54:08,637 - isca - DEBUG - You have loaded a buildenv module
2026-03-20 17:54:08,638 - isca - DEBUG - ***************************************************
2026-03-20 17:54:08,638 - isca - DEBUG - The buldenv-intel module makes available:
2026-03-20 17:54:08,638 - isca - DEBUG - - Compilers: icc, ifort, etc.
2026-03-20 17:54:08,638 - isca - DEBUG - - Mpi library with mpi-wrapped compilers: intel mpi with mpicc, mpifort, etc.
2026-03-20 17:54:08,638 - isca - DEBUG - - Numerical libraries: intel MKL
2026-03-20 17:54:08,638 - isca - DEBUG - 
2026-03-20 17:54:08,638 - isca - DEBUG - It also makes a set of dependency library modules available via
2026-03-20 17:54:08,638 - isca - DEBUG - the regular module command. Just do:
2026-03-20 17:54:08,638 - isca - DEBUG - module avail
2026-03-20 17:54:08,638 - isca - DEBUG - to see what is available.
2026-03-20 17:54:08,638 - isca - DEBUG - 
2026-03-20 17:54:08,638 - isca - DEBUG - NOTE: You shoud never load build environments inside submitted jobs.
2026-03-20 17:54:08,638 - isca - DEBUG - (with the single exception of when using supercomputer time to compile code.)
2026-03-20 17:54:08,638 - isca - DEBUG - 
2026-03-20 17:54:09,766 - isca - DEBUG - NOTE from PE    0: MPP_DOMAINS_SET_STACK_SIZE: stack size set to    32768.
2026-03-20 17:54:09,767 - isca - DEBUG - &MPP_IO_NML
2026-03-20 17:54:09,767 - isca - DEBUG - HEADER_BUFFER_VAL       =       16384,
2026-03-20 17:54:09,767 - isca - DEBUG - GLOBAL_FIELD_ON_ROOT_PE = T,
2026-03-20 17:54:09,767 - isca - DEBUG - IO_CLOCKS_ON    = F,
2026-03-20 17:54:09,767 - isca - DEBUG - SHUFFLE =           0,
2026-03-20 17:54:09,767 - isca - DEBUG - DEFLATE_LEVEL   =          -1
2026-03-20 17:54:09,767 - isca - DEBUG - /
2026-03-20 17:54:09,768 - isca - DEBUG - NOTE from PE    0: MPP_IO_SET_STACK_SIZE: stack size set to     131072.
2026-03-20 17:54:09,769 - isca - DEBUG - NOTE from PE    0: MPP_DOMAINS_SET_STACK_SIZE: stack size set to   600000.
2026-03-20 17:54:09,777 - isca - DEBUG - starting            1  OpenMP threads per MPI-task
2026-03-20 17:54:09,778 - isca - DEBUG - ATMOS MODEL DOMAIN DECOMPOSITION
2026-03-20 17:54:09,779 - isca - DEBUG - X-AXIS =  128
2026-03-20 17:54:09,779 - isca - DEBUG - Y-AXIS =    4   4   4   4   4   4   4   4   4   4   4   4   4   4   4   4
2026-03-20 17:54:09,837 - isca - DEBUG - NOTE from PE    0: cloud_simple: Using SimCloud cloud scheme
2026-03-20 17:54:09,838 - isca - DEBUG - NOTE from PE    0: ls_cloud: Using Sundqvist (1989) cloud fraction diagnostic formula.
2026-03-20 17:54:09,839 - isca - DEBUG - NOTE from PE    0: cloud_cover: The cloud overlap assumption is MAXIMUM-RANDOM
2026-03-20 17:54:09,839 - isca - DEBUG - NOTE from PE    0: idealized_moist_phys: Using Frierson Quasi-Equilibrium convection scheme.
2026-03-20 17:54:09,848 - isca - DEBUG - 
2026-03-20 17:54:09,848 - isca - WARNING - WARNING from PE    0: socrates_init: lw_hires_spectral_filename is unset, making equal to lw_spectral_filename
2026-03-20 17:54:09,848 - isca - DEBUG - 
2026-03-20 17:54:09,848 - isca - DEBUG - 
2026-03-20 17:54:09,848 - isca - WARNING - WARNING from PE    0: socrates_init: lw_hires_spectral_filename is unset, making equal to lw_spectral_filename
2026-03-20 17:54:09,848 - isca - DEBUG - 
2026-03-20 17:54:09,848 - isca - DEBUG - 
2026-03-20 17:54:09,849 - isca - WARNING - WARNING from PE    0: socrates_init: sw_hires_spectral_filename is unset, making equal to sw_spectral_filename
2026-03-20 17:54:09,849 - isca - DEBUG - 
2026-03-20 17:54:09,849 - isca - DEBUG - 
2026-03-20 17:54:09,849 - isca - WARNING - WARNING from PE    0: socrates_init: sw_hires_spectral_filename is unset, making equal to sw_spectral_filename
2026-03-20 17:54:09,849 - isca - DEBUG - 
2026-03-20 17:54:11,050 - isca - DEBUG - NOTE from PE    0: Interpolator: Using input file with no time dimension - ozone_1990_notime_zero.nc
2026-03-20 17:54:11,050 - isca - DEBUG - Initializing src field : ozone_1990
2026-03-20 17:54:11,052 - isca - DEBUG - 
2026-03-20 17:54:11,052 - isca - DEBUG - -----------------------------------
2026-03-20 17:54:11,052 - isca - DEBUG - ____                       _
2026-03-20 17:54:11,053 - isca - DEBUG - / ___|  ___   ___ _ __ __ _| |_ ___  ___
2026-03-20 17:54:11,053 - isca - DEBUG - \___ \ / _ \ / __|  __/ _` | __/ _ \/ __|
2026-03-20 17:54:11,053 - isca - DEBUG - ___) | (_) | (__| | | (_| | ||  __/\__ \
2026-03-20 17:54:11,053 - isca - DEBUG - |____/ \___/ \___|_|  \__,_|\__\___||___/
2026-03-20 17:54:11,053 - isca - DEBUG - 
2026-03-20 17:54:11,053 - isca - DEBUG - Initialised Socrates v17.03
2026-03-20 17:54:11,053 - isca - DEBUG - Stellar constant =    1840.00000000000
2026-03-20 17:54:11,053 - isca - DEBUG - Longwave spectral file =
2026-03-20 17:54:11,053 - isca - DEBUG - /proj/bolinc/users/x_ryabo/socrates_edited_for_isca/spectral_files_for_GCMs/Sun
2026-03-20 17:54:11,053 - isca - DEBUG - /miniSuran_lw.sf WITH           16  bands
2026-03-20 17:54:11,053 - isca - DEBUG - Longwave hires spectral file =
2026-03-20 17:54:11,053 - isca - DEBUG - /proj/bolinc/users/x_ryabo/socrates_edited_for_isca/spectral_files_for_GCMs/Sun
2026-03-20 17:54:11,053 - isca - DEBUG - /miniSuran_lw.sf WITH           16  bands
2026-03-20 17:54:11,053 - isca - DEBUG - Shortwave spectral file =
2026-03-20 17:54:11,053 - isca - DEBUG - /proj/bolinc/users/x_ryabo/socrates_edited_for_isca/spectral_files_for_GCMs/Sun
2026-03-20 17:54:11,053 - isca - DEBUG - /miniSuran_sw.sf WITH           16  bands
2026-03-20 17:54:11,053 - isca - DEBUG - Shortwave hires spectral file =
2026-03-20 17:54:11,053 - isca - DEBUG - /proj/bolinc/users/x_ryabo/socrates_edited_for_isca/spectral_files_for_GCMs/Sun
2026-03-20 17:54:11,053 - isca - DEBUG - /miniSuran_sw.sf WITH           16  bands
2026-03-20 17:54:11,053 - isca - DEBUG - 
2026-03-20 17:54:11,053 - isca - DEBUG - -----------------------------------
2026-03-20 17:54:11,053 - isca - DEBUG - 
2026-03-20 17:54:42,620 - isca - DEBUG - Integration completed through    6 Mar  2   0: 0: 0
2026-03-20 17:55:14,161 - isca - DEBUG - Integration completed through    6 Mar  3   0: 0: 0
2026-03-20 17:55:45,727 - isca - DEBUG - Integration completed through    6 Mar  4   0: 0: 0
2026-03-20 17:56:17,274 - isca - DEBUG - Integration completed through    6 Mar  5   0: 0: 0
2026-03-20 17:56:48,775 - isca - DEBUG - Integration completed through    6 Mar  6   0: 0: 0
2026-03-20 17:57:20,331 - isca - DEBUG - Integration completed through    6 Mar  7   0: 0: 0
2026-03-20 17:57:51,953 - isca - DEBUG - Integration completed through    6 Mar  8   0: 0: 0
2026-03-20 17:58:23,619 - isca - DEBUG - Integration completed through    6 Mar  9   0: 0: 0
2026-03-20 17:58:55,263 - isca - DEBUG - Integration completed through    6 Mar 10   0: 0: 0
2026-03-20 17:59:26,834 - isca - DEBUG - Integration completed through    6 Mar 11   0: 0: 0
2026-03-20 17:59:58,379 - isca - DEBUG - Integration completed through    6 Mar 12   0: 0: 0
2026-03-20 18:00:29,866 - isca - DEBUG - Integration completed through    6 Mar 13   0: 0: 0
2026-03-20 18:01:01,367 - isca - DEBUG - Integration completed through    6 Mar 14   0: 0: 0
2026-03-20 18:01:32,850 - isca - DEBUG - Integration completed through    6 Mar 15   0: 0: 0
2026-03-20 18:02:04,366 - isca - DEBUG - Integration completed through    6 Mar 16   0: 0: 0
2026-03-20 18:02:35,884 - isca - DEBUG - Integration completed through    6 Mar 17   0: 0: 0
2026-03-20 18:03:07,392 - isca - DEBUG - Integration completed through    6 Mar 18   0: 0: 0
2026-03-20 18:03:39,066 - isca - DEBUG - Integration completed through    6 Mar 19   0: 0: 0
2026-03-20 18:04:10,695 - isca - DEBUG - Integration completed through    6 Mar 20   0: 0: 0
2026-03-20 18:04:42,311 - isca - DEBUG - Integration completed through    6 Mar 21   0: 0: 0
2026-03-20 18:05:13,835 - isca - DEBUG - Integration completed through    6 Mar 22   0: 0: 0
2026-03-20 18:05:45,417 - isca - DEBUG - Integration completed through    6 Mar 23   0: 0: 0
2026-03-20 18:06:17,105 - isca - DEBUG - Integration completed through    6 Mar 24   0: 0: 0
2026-03-20 18:06:48,691 - isca - DEBUG - Integration completed through    6 Mar 25   0: 0: 0
2026-03-20 18:07:20,222 - isca - DEBUG - Integration completed through    6 Mar 26   0: 0: 0
2026-03-20 18:07:51,795 - isca - DEBUG - Integration completed through    6 Mar 27   0: 0: 0
2026-03-20 18:08:23,357 - isca - DEBUG - Integration completed through    6 Mar 28   0: 0: 0
2026-03-20 18:08:54,901 - isca - DEBUG - Integration completed through    6 Mar 29   0: 0: 0
2026-03-20 18:09:26,358 - isca - DEBUG - Integration completed through    6 Mar 30   0: 0: 0
2026-03-20 18:09:57,796 - isca - DEBUG - Integration completed through    6 Apr  1   0: 0: 0
2026-03-20 18:09:57,805 - isca - DEBUG - 
2026-03-20 18:09:57,805 - isca - WARNING - WARNING from PE    0: diag_util_mod::opening_file: module/field_name (socrates/soc_toa_sw_down_clr) NOT registered
2026-03-20 18:09:57,805 - isca - DEBUG - 
2026-03-20 18:09:57,805 - isca - DEBUG - 
2026-03-20 18:09:57,805 - isca - WARNING - WARNING from PE    0: diag_util_mod::opening_file: module/field_name (socrates/soc_toa_sw_down_clr) NOT registered
2026-03-20 18:09:57,805 - isca - DEBUG - 
2026-03-20 18:09:57,805 - isca - DEBUG - 
2026-03-20 18:09:57,805 - isca - WARNING - WARNING from PE    0: diag_util_mod::opening_file: module/field_name (cloud_simple/rh_min) NOT registered
2026-03-20 18:09:57,805 - isca - DEBUG - 
2026-03-20 18:09:57,805 - isca - DEBUG - 
2026-03-20 18:09:57,805 - isca - WARNING - WARNING from PE    0: diag_util_mod::opening_file: module/field_name (cloud_simple/rh_min) NOT registered
2026-03-20 18:09:57,805 - isca - DEBUG - 
2026-03-20 18:09:57,817 - isca - DEBUG - NOTE from PE    0: MPP_IO_SET_STACK_SIZE: stack size set to     393216.
2026-03-20 18:09:57,940 - isca - DEBUG - MPP_DOMAINS_STACK high water mark=       49152
2026-03-20 18:09:57,940 - isca - DEBUG - 
2026-03-20 18:09:57,940 - isca - DEBUG - Tabulating mpp_clock statistics across     16 PEs...
2026-03-20 18:09:57,940 - isca - DEBUG - 
2026-03-20 18:09:57,940 - isca - DEBUG - tmin          tmax          tavg          tstd  tfrac grain pemin pemax
2026-03-20 18:09:57,941 - isca - DEBUG - Total runtime                       948.170968    948.177370    948.174160      0.001848  1.000     0     0    15
2026-03-20 18:09:57,941 - isca - DEBUG - MPP_STACK high water mark=           0
2026-03-20 18:09:58,029 - isca - INFO - Run 63 complete
2026-03-20 18:09:58,920 - isca - DEBUG - atmos_monthly.nc combined and copied to data directory
2026-03-20 18:10:02,136 - isca - INFO - Restart archive created at /proj/bolinc/users/x_ryabo/Isca-Ryan_outputs/Earth_1840/restarts/res0063.tar.gz
2026-03-20 18:10:02,148 - isca - INFO - Writing namelist to '/proj/bolinc/users/x_ryabo/Isca-Ryan_outputs/Earth_1840/run0063/input.nml'
2026-03-20 18:10:02,150 - isca - INFO - Writing field_table to '/proj/bolinc/users/x_ryabo/Isca-Ryan_outputs/Earth_1840/run0063/field_table'
2026-03-20 18:10:02,160 - isca - INFO - Writing diag_table to '/proj/bolinc/users/x_ryabo/Isca-Ryan_outputs/Earth_1840/run0063/diag_table'
2026-03-20 18:10:02,520 - isca - INFO - Emptied run directory '/home/x_ryabo/Isca-Ryan_tmp/experiment/Earth_1840/run'
2026-03-20 18:10:02,541 - isca - INFO - Emptied run directory '/home/x_ryabo/Isca-Ryan_tmp/experiment/Earth_1840/run'
2026-03-20 18:10:02,869 - isca - INFO - Writing namelist to '/home/x_ryabo/Isca-Ryan_tmp/experiment/Earth_1840/run/input.nml'
2026-03-20 18:10:02,871 - isca - INFO - Writing field_table to '/home/x_ryabo/Isca-Ryan_tmp/experiment/Earth_1840/run/field_table'
2026-03-20 18:10:02,926 - isca - INFO - Writing diag_table to '/home/x_ryabo/Isca-Ryan_tmp/experiment/Earth_1840/run/diag_table'
2026-03-20 18:10:02,940 - isca - INFO - Using restart file '/proj/bolinc/users/x_ryabo/Isca-Ryan_outputs/Earth_1840/restarts/res0063.tar.gz'
2026-03-20 18:10:03,352 - isca - INFO - Restart /proj/bolinc/users/x_ryabo/Isca-Ryan_outputs/Earth_1840/restarts/res0063.tar.gz extracted to /home/x_ryabo/Isca-Ryan_tmp/experiment/Earth_1840/run/INPUT
2026-03-20 18:10:03,353 - isca - INFO - Beginning run 64
2026-03-20 18:10:03,365 - isca - INFO - process running as 2584008
2026-03-20 18:10:03,365 - isca - DEBUG - loadmodules for Isca on NSC cluster Tetralith
2026-03-20 18:10:03,365 - isca - DEBUG - mpiifort
2026-03-20 18:10:03,478 - isca - DEBUG - The following modules were not unloaded:
2026-03-20 18:10:03,478 - isca - DEBUG - (Use "module --force purge" to unload all):
2026-03-20 18:10:03,478 - isca - DEBUG - 
2026-03-20 18:10:03,478 - isca - DEBUG - 1) hpc/.1.10.1
2026-03-20 18:10:03,582 - isca - DEBUG - ***************************************************
2026-03-20 18:10:03,582 - isca - DEBUG - You have loaded a buildenv module
2026-03-20 18:10:03,583 - isca - DEBUG - ***************************************************
2026-03-20 18:10:03,583 - isca - DEBUG - The buldenv-intel module makes available:
2026-03-20 18:10:03,583 - isca - DEBUG - - Compilers: icc, ifort, etc.
2026-03-20 18:10:03,583 - isca - DEBUG - - Mpi library with mpi-wrapped compilers: intel mpi with mpicc, mpifort, etc.
2026-03-20 18:10:03,583 - isca - DEBUG - - Numerical libraries: intel MKL
2026-03-20 18:10:03,583 - isca - DEBUG - 
2026-03-20 18:10:03,583 - isca - DEBUG - It also makes a set of dependency library modules available via
2026-03-20 18:10:03,583 - isca - DEBUG - the regular module command. Just do:
2026-03-20 18:10:03,583 - isca - DEBUG - module avail
2026-03-20 18:10:03,583 - isca - DEBUG - to see what is available.
2026-03-20 18:10:03,583 - isca - DEBUG - 
2026-03-20 18:10:03,583 - isca - DEBUG - NOTE: You shoud never load build environments inside submitted jobs.
2026-03-20 18:10:03,583 - isca - DEBUG - (with the single exception of when using supercomputer time to compile code.)
2026-03-20 18:10:03,583 - isca - DEBUG - 
2026-03-20 18:10:04,713 - isca - DEBUG - NOTE from PE    0: MPP_DOMAINS_SET_STACK_SIZE: stack size set to    32768.
2026-03-20 18:10:04,713 - isca - DEBUG - &MPP_IO_NML
2026-03-20 18:10:04,713 - isca - DEBUG - HEADER_BUFFER_VAL       =       16384,
2026-03-20 18:10:04,713 - isca - DEBUG - GLOBAL_FIELD_ON_ROOT_PE = T,
2026-03-20 18:10:04,713 - isca - DEBUG - IO_CLOCKS_ON    = F,
2026-03-20 18:10:04,713 - isca - DEBUG - SHUFFLE =           0,
2026-03-20 18:10:04,713 - isca - DEBUG - DEFLATE_LEVEL   =          -1
2026-03-20 18:10:04,713 - isca - DEBUG - /
2026-03-20 18:10:04,714 - isca - DEBUG - NOTE from PE    0: MPP_IO_SET_STACK_SIZE: stack size set to     131072.
2026-03-20 18:10:04,715 - isca - DEBUG - NOTE from PE    0: MPP_DOMAINS_SET_STACK_SIZE: stack size set to   600000.
2026-03-20 18:10:04,723 - isca - DEBUG - starting            1  OpenMP threads per MPI-task
2026-03-20 18:10:04,725 - isca - DEBUG - ATMOS MODEL DOMAIN DECOMPOSITION
2026-03-20 18:10:04,725 - isca - DEBUG - X-AXIS =  128
2026-03-20 18:10:04,725 - isca - DEBUG - Y-AXIS =    4   4   4   4   4   4   4   4   4   4   4   4   4   4   4   4
2026-03-20 18:10:04,781 - isca - DEBUG - NOTE from PE    0: cloud_simple: Using SimCloud cloud scheme
2026-03-20 18:10:04,782 - isca - DEBUG - NOTE from PE    0: ls_cloud: Using Sundqvist (1989) cloud fraction diagnostic formula.
2026-03-20 18:10:04,783 - isca - DEBUG - NOTE from PE    0: cloud_cover: The cloud overlap assumption is MAXIMUM-RANDOM
2026-03-20 18:10:04,783 - isca - DEBUG - NOTE from PE    0: idealized_moist_phys: Using Frierson Quasi-Equilibrium convection scheme.
2026-03-20 18:10:04,792 - isca - DEBUG - 
2026-03-20 18:10:04,792 - isca - WARNING - WARNING from PE    0: socrates_init: lw_hires_spectral_filename is unset, making equal to lw_spectral_filename
2026-03-20 18:10:04,792 - isca - DEBUG - 
2026-03-20 18:10:04,792 - isca - DEBUG - 
2026-03-20 18:10:04,792 - isca - WARNING - WARNING from PE    0: socrates_init: lw_hires_spectral_filename is unset, making equal to lw_spectral_filename
2026-03-20 18:10:04,792 - isca - DEBUG - 
2026-03-20 18:10:04,792 - isca - DEBUG - 
2026-03-20 18:10:04,792 - isca - WARNING - WARNING from PE    0: socrates_init: sw_hires_spectral_filename is unset, making equal to sw_spectral_filename
2026-03-20 18:10:04,792 - isca - DEBUG - 
2026-03-20 18:10:04,792 - isca - DEBUG - 
2026-03-20 18:10:04,792 - isca - WARNING - WARNING from PE    0: socrates_init: sw_hires_spectral_filename is unset, making equal to sw_spectral_filename
2026-03-20 18:10:04,792 - isca - DEBUG - 
2026-03-20 18:10:06,004 - isca - DEBUG - NOTE from PE    0: Interpolator: Using input file with no time dimension - ozone_1990_notime_zero.nc
2026-03-20 18:10:06,004 - isca - DEBUG - Initializing src field : ozone_1990
2026-03-20 18:10:06,006 - isca - DEBUG - 
2026-03-20 18:10:06,006 - isca - DEBUG - -----------------------------------
2026-03-20 18:10:06,006 - isca - DEBUG - ____                       _
2026-03-20 18:10:06,006 - isca - DEBUG - / ___|  ___   ___ _ __ __ _| |_ ___  ___
2026-03-20 18:10:06,006 - isca - DEBUG - \___ \ / _ \ / __|  __/ _` | __/ _ \/ __|
2026-03-20 18:10:06,006 - isca - DEBUG - ___) | (_) | (__| | | (_| | ||  __/\__ \
2026-03-20 18:10:06,006 - isca - DEBUG - |____/ \___/ \___|_|  \__,_|\__\___||___/
2026-03-20 18:10:06,006 - isca - DEBUG - 
2026-03-20 18:10:06,006 - isca - DEBUG - Initialised Socrates v17.03
2026-03-20 18:10:06,006 - isca - DEBUG - Stellar constant =    1840.00000000000
2026-03-20 18:10:06,006 - isca - DEBUG - Longwave spectral file =
2026-03-20 18:10:06,006 - isca - DEBUG - /proj/bolinc/users/x_ryabo/socrates_edited_for_isca/spectral_files_for_GCMs/Sun
2026-03-20 18:10:06,007 - isca - DEBUG - /miniSuran_lw.sf WITH           16  bands
2026-03-20 18:10:06,007 - isca - DEBUG - Longwave hires spectral file =
2026-03-20 18:10:06,007 - isca - DEBUG - /proj/bolinc/users/x_ryabo/socrates_edited_for_isca/spectral_files_for_GCMs/Sun
2026-03-20 18:10:06,007 - isca - DEBUG - /miniSuran_lw.sf WITH           16  bands
2026-03-20 18:10:06,007 - isca - DEBUG - Shortwave spectral file =
2026-03-20 18:10:06,007 - isca - DEBUG - /proj/bolinc/users/x_ryabo/socrates_edited_for_isca/spectral_files_for_GCMs/Sun
2026-03-20 18:10:06,007 - isca - DEBUG - /miniSuran_sw.sf WITH           16  bands
2026-03-20 18:10:06,007 - isca - DEBUG - Shortwave hires spectral file =
2026-03-20 18:10:06,007 - isca - DEBUG - /proj/bolinc/users/x_ryabo/socrates_edited_for_isca/spectral_files_for_GCMs/Sun
2026-03-20 18:10:06,007 - isca - DEBUG - /miniSuran_sw.sf WITH           16  bands
2026-03-20 18:10:06,007 - isca - DEBUG - 
2026-03-20 18:10:06,007 - isca - DEBUG - -----------------------------------
2026-03-20 18:10:06,007 - isca - DEBUG - 
2026-03-20 18:10:37,637 - isca - DEBUG - Integration completed through    6 Apr  2   0: 0: 0
2026-03-20 18:11:09,223 - isca - DEBUG - Integration completed through    6 Apr  3   0: 0: 0
2026-03-20 18:11:40,733 - isca - DEBUG - Integration completed through    6 Apr  4   0: 0: 0
2026-03-20 18:12:12,310 - isca - DEBUG - Integration completed through    6 Apr  5   0: 0: 0
2026-03-20 18:12:43,864 - isca - DEBUG - Integration completed through    6 Apr  6   0: 0: 0
2026-03-20 18:13:15,465 - isca - DEBUG - Integration completed through    6 Apr  7   0: 0: 0
2026-03-20 18:13:47,083 - isca - DEBUG - Integration completed through    6 Apr  8   0: 0: 0
2026-03-20 18:14:18,716 - isca - DEBUG - Integration completed through    6 Apr  9   0: 0: 0
2026-03-20 18:14:50,218 - isca - DEBUG - Integration completed through    6 Apr 10   0: 0: 0
2026-03-20 18:15:21,779 - isca - DEBUG - Integration completed through    6 Apr 11   0: 0: 0
2026-03-20 18:15:53,359 - isca - DEBUG - Integration completed through    6 Apr 12   0: 0: 0
2026-03-20 18:16:24,914 - isca - DEBUG - Integration completed through    6 Apr 13   0: 0: 0
2026-03-20 18:16:56,502 - isca - DEBUG - Integration completed through    6 Apr 14   0: 0: 0
2026-03-20 18:17:28,156 - isca - DEBUG - Integration completed through    6 Apr 15   0: 0: 0
2026-03-20 18:17:59,798 - isca - DEBUG - Integration completed through    6 Apr 16   0: 0: 0
2026-03-20 18:18:31,438 - isca - DEBUG - Integration completed through    6 Apr 17   0: 0: 0
2026-03-20 18:19:03,051 - isca - DEBUG - Integration completed through    6 Apr 18   0: 0: 0
2026-03-20 18:19:34,650 - isca - DEBUG - Integration completed through    6 Apr 19   0: 0: 0
2026-03-20 18:20:06,213 - isca - DEBUG - Integration completed through    6 Apr 20   0: 0: 0
2026-03-20 18:20:37,761 - isca - DEBUG - Integration completed through    6 Apr 21   0: 0: 0
2026-03-20 18:21:09,384 - isca - DEBUG - Integration completed through    6 Apr 22   0: 0: 0
2026-03-20 18:21:40,993 - isca - DEBUG - Integration completed through    6 Apr 23   0: 0: 0
2026-03-20 18:22:12,657 - isca - DEBUG - Integration completed through    6 Apr 24   0: 0: 0
2026-03-20 18:22:44,235 - isca - DEBUG - Integration completed through    6 Apr 25   0: 0: 0
2026-03-20 18:23:15,799 - isca - DEBUG - Integration completed through    6 Apr 26   0: 0: 0
2026-03-20 18:23:47,415 - isca - DEBUG - Integration completed through    6 Apr 27   0: 0: 0
2026-03-20 18:24:19,078 - isca - DEBUG - Integration completed through    6 Apr 28   0: 0: 0
2026-03-20 18:24:50,655 - isca - DEBUG - Integration completed through    6 Apr 29   0: 0: 0
2026-03-20 18:25:22,121 - isca - DEBUG - Integration completed through    6 Apr 30   0: 0: 0
2026-03-20 18:25:53,610 - isca - DEBUG - Integration completed through    6 May  1   0: 0: 0
2026-03-20 18:25:53,619 - isca - DEBUG - 
2026-03-20 18:25:53,619 - isca - WARNING - WARNING from PE    0: diag_util_mod::opening_file: module/field_name (socrates/soc_toa_sw_down_clr) NOT registered
2026-03-20 18:25:53,619 - isca - DEBUG - 
2026-03-20 18:25:53,619 - isca - DEBUG - 
2026-03-20 18:25:53,619 - isca - WARNING - WARNING from PE    0: diag_util_mod::opening_file: module/field_name (socrates/soc_toa_sw_down_clr) NOT registered
2026-03-20 18:25:53,619 - isca - DEBUG - 
2026-03-20 18:25:53,619 - isca - DEBUG - 
2026-03-20 18:25:53,620 - isca - WARNING - WARNING from PE    0: diag_util_mod::opening_file: module/field_name (cloud_simple/rh_min) NOT registered
2026-03-20 18:25:53,620 - isca - DEBUG - 
2026-03-20 18:25:53,620 - isca - DEBUG - 
2026-03-20 18:25:53,620 - isca - WARNING - WARNING from PE    0: diag_util_mod::opening_file: module/field_name (cloud_simple/rh_min) NOT registered
2026-03-20 18:25:53,620 - isca - DEBUG - 
2026-03-20 18:25:53,630 - isca - DEBUG - NOTE from PE    0: MPP_IO_SET_STACK_SIZE: stack size set to     393216.
2026-03-20 18:25:53,722 - isca - DEBUG - MPP_DOMAINS_STACK high water mark=       49152
2026-03-20 18:25:53,722 - isca - DEBUG - 
2026-03-20 18:25:53,722 - isca - DEBUG - Tabulating mpp_clock statistics across     16 PEs...
2026-03-20 18:25:53,722 - isca - DEBUG - 
2026-03-20 18:25:53,722 - isca - DEBUG - tmin          tmax          tavg          tstd  tfrac grain pemin pemax
2026-03-20 18:25:53,722 - isca - DEBUG - Total runtime                       949.008209    949.012884    949.010077      0.001061  1.000     0     0    15
2026-03-20 18:25:53,722 - isca - DEBUG - MPP_STACK high water mark=           0
2026-03-20 18:25:53,784 - isca - INFO - Run 64 complete
2026-03-20 18:25:54,670 - isca - DEBUG - atmos_monthly.nc combined and copied to data directory
2026-03-20 18:25:57,882 - isca - INFO - Restart archive created at /proj/bolinc/users/x_ryabo/Isca-Ryan_outputs/Earth_1840/restarts/res0064.tar.gz
2026-03-20 18:25:57,903 - isca - INFO - Writing namelist to '/proj/bolinc/users/x_ryabo/Isca-Ryan_outputs/Earth_1840/run0064/input.nml'
2026-03-20 18:25:57,905 - isca - INFO - Writing field_table to '/proj/bolinc/users/x_ryabo/Isca-Ryan_outputs/Earth_1840/run0064/field_table'
2026-03-20 18:25:57,917 - isca - INFO - Writing diag_table to '/proj/bolinc/users/x_ryabo/Isca-Ryan_outputs/Earth_1840/run0064/diag_table'
2026-03-20 18:25:58,278 - isca - INFO - Emptied run directory '/home/x_ryabo/Isca-Ryan_tmp/experiment/Earth_1840/run'
2026-03-20 18:25:58,301 - isca - INFO - Emptied run directory '/home/x_ryabo/Isca-Ryan_tmp/experiment/Earth_1840/run'
2026-03-20 18:25:58,634 - isca - INFO - Writing namelist to '/home/x_ryabo/Isca-Ryan_tmp/experiment/Earth_1840/run/input.nml'
2026-03-20 18:25:58,636 - isca - INFO - Writing field_table to '/home/x_ryabo/Isca-Ryan_tmp/experiment/Earth_1840/run/field_table'
2026-03-20 18:25:58,648 - isca - INFO - Writing diag_table to '/home/x_ryabo/Isca-Ryan_tmp/experiment/Earth_1840/run/diag_table'
2026-03-20 18:25:58,664 - isca - INFO - Using restart file '/proj/bolinc/users/x_ryabo/Isca-Ryan_outputs/Earth_1840/restarts/res0064.tar.gz'
2026-03-20 18:25:59,092 - isca - INFO - Restart /proj/bolinc/users/x_ryabo/Isca-Ryan_outputs/Earth_1840/restarts/res0064.tar.gz extracted to /home/x_ryabo/Isca-Ryan_tmp/experiment/Earth_1840/run/INPUT
2026-03-20 18:25:59,093 - isca - INFO - Beginning run 65
2026-03-20 18:25:59,105 - isca - INFO - process running as 2584918
2026-03-20 18:25:59,105 - isca - DEBUG - loadmodules for Isca on NSC cluster Tetralith
2026-03-20 18:25:59,105 - isca - DEBUG - mpiifort
2026-03-20 18:25:59,218 - isca - DEBUG - The following modules were not unloaded:
2026-03-20 18:25:59,218 - isca - DEBUG - (Use "module --force purge" to unload all):
2026-03-20 18:25:59,218 - isca - DEBUG - 
2026-03-20 18:25:59,218 - isca - DEBUG - 1) hpc/.1.10.1
2026-03-20 18:25:59,319 - isca - DEBUG - ***************************************************
2026-03-20 18:25:59,319 - isca - DEBUG - You have loaded a buildenv module
2026-03-20 18:25:59,319 - isca - DEBUG - ***************************************************
2026-03-20 18:25:59,319 - isca - DEBUG - The buldenv-intel module makes available:
2026-03-20 18:25:59,319 - isca - DEBUG - - Compilers: icc, ifort, etc.
2026-03-20 18:25:59,319 - isca - DEBUG - - Mpi library with mpi-wrapped compilers: intel mpi with mpicc, mpifort, etc.
2026-03-20 18:25:59,319 - isca - DEBUG - - Numerical libraries: intel MKL
2026-03-20 18:25:59,319 - isca - DEBUG - 
2026-03-20 18:25:59,319 - isca - DEBUG - It also makes a set of dependency library modules available via
2026-03-20 18:25:59,319 - isca - DEBUG - the regular module command. Just do:
2026-03-20 18:25:59,319 - isca - DEBUG - module avail
2026-03-20 18:25:59,319 - isca - DEBUG - to see what is available.
2026-03-20 18:25:59,319 - isca - DEBUG - 
2026-03-20 18:25:59,319 - isca - DEBUG - NOTE: You shoud never load build environments inside submitted jobs.
2026-03-20 18:25:59,319 - isca - DEBUG - (with the single exception of when using supercomputer time to compile code.)
2026-03-20 18:25:59,319 - isca - DEBUG - 
2026-03-20 18:26:00,437 - isca - DEBUG - NOTE from PE    0: MPP_DOMAINS_SET_STACK_SIZE: stack size set to    32768.
2026-03-20 18:26:00,437 - isca - DEBUG - &MPP_IO_NML
2026-03-20 18:26:00,437 - isca - DEBUG - HEADER_BUFFER_VAL       =       16384,
2026-03-20 18:26:00,437 - isca - DEBUG - GLOBAL_FIELD_ON_ROOT_PE = T,
2026-03-20 18:26:00,437 - isca - DEBUG - IO_CLOCKS_ON    = F,
2026-03-20 18:26:00,438 - isca - DEBUG - SHUFFLE =           0,
2026-03-20 18:26:00,438 - isca - DEBUG - DEFLATE_LEVEL   =          -1
2026-03-20 18:26:00,438 - isca - DEBUG - /
2026-03-20 18:26:00,439 - isca - DEBUG - NOTE from PE    0: MPP_IO_SET_STACK_SIZE: stack size set to     131072.
2026-03-20 18:26:00,440 - isca - DEBUG - NOTE from PE    0: MPP_DOMAINS_SET_STACK_SIZE: stack size set to   600000.
2026-03-20 18:26:00,448 - isca - DEBUG - starting            1  OpenMP threads per MPI-task
2026-03-20 18:26:00,450 - isca - DEBUG - ATMOS MODEL DOMAIN DECOMPOSITION
2026-03-20 18:26:00,450 - isca - DEBUG - X-AXIS =  128
2026-03-20 18:26:00,450 - isca - DEBUG - Y-AXIS =    4   4   4   4   4   4   4   4   4   4   4   4   4   4   4   4
2026-03-20 18:26:00,510 - isca - DEBUG - NOTE from PE    0: cloud_simple: Using SimCloud cloud scheme
2026-03-20 18:26:00,511 - isca - DEBUG - NOTE from PE    0: ls_cloud: Using Sundqvist (1989) cloud fraction diagnostic formula.
2026-03-20 18:26:00,512 - isca - DEBUG - NOTE from PE    0: cloud_cover: The cloud overlap assumption is MAXIMUM-RANDOM
2026-03-20 18:26:00,512 - isca - DEBUG - NOTE from PE    0: idealized_moist_phys: Using Frierson Quasi-Equilibrium convection scheme.
2026-03-20 18:26:00,521 - isca - DEBUG - 
2026-03-20 18:26:00,522 - isca - WARNING - WARNING from PE    0: socrates_init: lw_hires_spectral_filename is unset, making equal to lw_spectral_filename
2026-03-20 18:26:00,522 - isca - DEBUG - 
2026-03-20 18:26:00,522 - isca - DEBUG - 
2026-03-20 18:26:00,522 - isca - WARNING - WARNING from PE    0: socrates_init: lw_hires_spectral_filename is unset, making equal to lw_spectral_filename
2026-03-20 18:26:00,522 - isca - DEBUG - 
2026-03-20 18:26:00,522 - isca - DEBUG - 
2026-03-20 18:26:00,522 - isca - WARNING - WARNING from PE    0: socrates_init: sw_hires_spectral_filename is unset, making equal to sw_spectral_filename
2026-03-20 18:26:00,522 - isca - DEBUG - 
2026-03-20 18:26:00,522 - isca - DEBUG - 
2026-03-20 18:26:00,522 - isca - WARNING - WARNING from PE    0: socrates_init: sw_hires_spectral_filename is unset, making equal to sw_spectral_filename
2026-03-20 18:26:00,522 - isca - DEBUG - 
2026-03-20 18:26:01,735 - isca - DEBUG - NOTE from PE    0: Interpolator: Using input file with no time dimension - ozone_1990_notime_zero.nc
2026-03-20 18:26:01,735 - isca - DEBUG - Initializing src field : ozone_1990
2026-03-20 18:26:01,737 - isca - DEBUG - 
2026-03-20 18:26:01,737 - isca - DEBUG - -----------------------------------
2026-03-20 18:26:01,737 - isca - DEBUG - ____                       _
2026-03-20 18:26:01,738 - isca - DEBUG - / ___|  ___   ___ _ __ __ _| |_ ___  ___
2026-03-20 18:26:01,738 - isca - DEBUG - \___ \ / _ \ / __|  __/ _` | __/ _ \/ __|
2026-03-20 18:26:01,738 - isca - DEBUG - ___) | (_) | (__| | | (_| | ||  __/\__ \
2026-03-20 18:26:01,738 - isca - DEBUG - |____/ \___/ \___|_|  \__,_|\__\___||___/
2026-03-20 18:26:01,738 - isca - DEBUG - 
2026-03-20 18:26:01,738 - isca - DEBUG - Initialised Socrates v17.03
2026-03-20 18:26:01,738 - isca - DEBUG - Stellar constant =    1840.00000000000
2026-03-20 18:26:01,738 - isca - DEBUG - Longwave spectral file =
2026-03-20 18:26:01,738 - isca - DEBUG - /proj/bolinc/users/x_ryabo/socrates_edited_for_isca/spectral_files_for_GCMs/Sun
2026-03-20 18:26:01,738 - isca - DEBUG - /miniSuran_lw.sf WITH           16  bands
2026-03-20 18:26:01,738 - isca - DEBUG - Longwave hires spectral file =
2026-03-20 18:26:01,738 - isca - DEBUG - /proj/bolinc/users/x_ryabo/socrates_edited_for_isca/spectral_files_for_GCMs/Sun
2026-03-20 18:26:01,738 - isca - DEBUG - /miniSuran_lw.sf WITH           16  bands
2026-03-20 18:26:01,738 - isca - DEBUG - Shortwave spectral file =
2026-03-20 18:26:01,738 - isca - DEBUG - /proj/bolinc/users/x_ryabo/socrates_edited_for_isca/spectral_files_for_GCMs/Sun
2026-03-20 18:26:01,738 - isca - DEBUG - /miniSuran_sw.sf WITH           16  bands
2026-03-20 18:26:01,738 - isca - DEBUG - Shortwave hires spectral file =
2026-03-20 18:26:01,738 - isca - DEBUG - /proj/bolinc/users/x_ryabo/socrates_edited_for_isca/spectral_files_for_GCMs/Sun
2026-03-20 18:26:01,738 - isca - DEBUG - /miniSuran_sw.sf WITH           16  bands
2026-03-20 18:26:01,738 - isca - DEBUG - 
2026-03-20 18:26:01,738 - isca - DEBUG - -----------------------------------
2026-03-20 18:26:01,738 - isca - DEBUG - 
2026-03-20 18:26:33,397 - isca - DEBUG - Integration completed through    6 May  2   0: 0: 0
2026-03-20 18:27:04,990 - isca - DEBUG - Integration completed through    6 May  3   0: 0: 0
2026-03-20 18:27:36,616 - isca - DEBUG - Integration completed through    6 May  4   0: 0: 0
2026-03-20 18:28:08,261 - isca - DEBUG - Integration completed through    6 May  5   0: 0: 0
2026-03-20 18:28:39,902 - isca - DEBUG - Integration completed through    6 May  6   0: 0: 0
2026-03-20 18:29:11,595 - isca - DEBUG - Integration completed through    6 May  7   0: 0: 0
2026-03-20 18:29:43,221 - isca - DEBUG - Integration completed through    6 May  8   0: 0: 0
2026-03-20 18:30:14,894 - isca - DEBUG - Integration completed through    6 May  9   0: 0: 0
2026-03-20 18:30:46,492 - isca - DEBUG - Integration completed through    6 May 10   0: 0: 0
2026-03-20 18:31:18,034 - isca - DEBUG - Integration completed through    6 May 11   0: 0: 0
2026-03-20 18:31:49,566 - isca - DEBUG - Integration completed through    6 May 12   0: 0: 0
2026-03-20 18:32:21,123 - isca - DEBUG - Integration completed through    6 May 13   0: 0: 0
2026-03-20 18:32:52,629 - isca - DEBUG - Integration completed through    6 May 14   0: 0: 0
2026-03-20 18:33:24,118 - isca - DEBUG - Integration completed through    6 May 15   0: 0: 0
2026-03-20 18:33:55,700 - isca - DEBUG - Integration completed through    6 May 16   0: 0: 0
2026-03-20 18:34:27,459 - isca - DEBUG - Integration completed through    6 May 17   0: 0: 0
2026-03-20 18:34:59,119 - isca - DEBUG - Integration completed through    6 May 18   0: 0: 0
2026-03-20 18:35:30,813 - isca - DEBUG - Integration completed through    6 May 19   0: 0: 0
2026-03-20 18:36:02,488 - isca - DEBUG - Integration completed through    6 May 20   0: 0: 0
2026-03-20 18:36:34,078 - isca - DEBUG - Integration completed through    6 May 21   0: 0: 0
2026-03-20 18:37:05,739 - isca - DEBUG - Integration completed through    6 May 22   0: 0: 0
2026-03-20 18:37:37,369 - isca - DEBUG - Integration completed through    6 May 23   0: 0: 0
2026-03-20 18:38:09,042 - isca - DEBUG - Integration completed through    6 May 24   0: 0: 0
2026-03-20 18:38:40,612 - isca - DEBUG - Integration completed through    6 May 25   0: 0: 0
2026-03-20 18:39:12,134 - isca - DEBUG - Integration completed through    6 May 26   0: 0: 0
2026-03-20 18:39:43,783 - isca - DEBUG - Integration completed through    6 May 27   0: 0: 0
2026-03-20 18:40:15,438 - isca - DEBUG - Integration completed through    6 May 28   0: 0: 0
2026-03-20 18:40:47,020 - isca - DEBUG - Integration completed through    6 May 29   0: 0: 0
2026-03-20 18:41:18,653 - isca - DEBUG - Integration completed through    6 May 30   0: 0: 0
2026-03-20 18:41:50,277 - isca - DEBUG - Integration completed through    6 Jun  1   0: 0: 0
2026-03-20 18:41:50,284 - isca - DEBUG - 
2026-03-20 18:41:50,284 - isca - WARNING - WARNING from PE    0: diag_util_mod::opening_file: module/field_name (socrates/soc_toa_sw_down_clr) NOT registered
2026-03-20 18:41:50,284 - isca - DEBUG - 
2026-03-20 18:41:50,284 - isca - DEBUG - 
2026-03-20 18:41:50,284 - isca - WARNING - WARNING from PE    0: diag_util_mod::opening_file: module/field_name (socrates/soc_toa_sw_down_clr) NOT registered
2026-03-20 18:41:50,284 - isca - DEBUG - 
2026-03-20 18:41:50,284 - isca - DEBUG - 
2026-03-20 18:41:50,284 - isca - WARNING - WARNING from PE    0: diag_util_mod::opening_file: module/field_name (cloud_simple/rh_min) NOT registered
2026-03-20 18:41:50,284 - isca - DEBUG - 
2026-03-20 18:41:50,284 - isca - DEBUG - 
2026-03-20 18:41:50,284 - isca - WARNING - WARNING from PE    0: diag_util_mod::opening_file: module/field_name (cloud_simple/rh_min) NOT registered
2026-03-20 18:41:50,284 - isca - DEBUG - 
2026-03-20 18:41:50,295 - isca - DEBUG - NOTE from PE    0: MPP_IO_SET_STACK_SIZE: stack size set to     393216.
2026-03-20 18:41:50,392 - isca - DEBUG - MPP_DOMAINS_STACK high water mark=       49152
2026-03-20 18:41:50,392 - isca - DEBUG - 
2026-03-20 18:41:50,392 - isca - DEBUG - Tabulating mpp_clock statistics across     16 PEs...
2026-03-20 18:41:50,392 - isca - DEBUG - 
2026-03-20 18:41:50,392 - isca - DEBUG - tmin          tmax          tavg          tstd  tfrac grain pemin pemax
2026-03-20 18:41:50,392 - isca - DEBUG - Total runtime                       949.953561    949.958295    949.955670      0.001192  1.000     0     0    15
2026-03-20 18:41:50,393 - isca - DEBUG - MPP_STACK high water mark=           0
2026-03-20 18:41:50,518 - isca - INFO - Run 65 complete
2026-03-20 18:41:51,419 - isca - DEBUG - atmos_monthly.nc combined and copied to data directory
2026-03-20 18:41:54,632 - isca - INFO - Restart archive created at /proj/bolinc/users/x_ryabo/Isca-Ryan_outputs/Earth_1840/restarts/res0065.tar.gz
2026-03-20 18:41:54,645 - isca - INFO - Writing namelist to '/proj/bolinc/users/x_ryabo/Isca-Ryan_outputs/Earth_1840/run0065/input.nml'
2026-03-20 18:41:54,647 - isca - INFO - Writing field_table to '/proj/bolinc/users/x_ryabo/Isca-Ryan_outputs/Earth_1840/run0065/field_table'
2026-03-20 18:41:54,658 - isca - INFO - Writing diag_table to '/proj/bolinc/users/x_ryabo/Isca-Ryan_outputs/Earth_1840/run0065/diag_table'
2026-03-20 18:41:55,010 - isca - INFO - Emptied run directory '/home/x_ryabo/Isca-Ryan_tmp/experiment/Earth_1840/run'
2026-03-20 18:41:55,030 - isca - INFO - Emptied run directory '/home/x_ryabo/Isca-Ryan_tmp/experiment/Earth_1840/run'
2026-03-20 18:41:55,357 - isca - INFO - Writing namelist to '/home/x_ryabo/Isca-Ryan_tmp/experiment/Earth_1840/run/input.nml'
2026-03-20 18:41:55,358 - isca - INFO - Writing field_table to '/home/x_ryabo/Isca-Ryan_tmp/experiment/Earth_1840/run/field_table'
2026-03-20 18:41:55,371 - isca - INFO - Writing diag_table to '/home/x_ryabo/Isca-Ryan_tmp/experiment/Earth_1840/run/diag_table'
2026-03-20 18:41:55,385 - isca - INFO - Using restart file '/proj/bolinc/users/x_ryabo/Isca-Ryan_outputs/Earth_1840/restarts/res0065.tar.gz'
2026-03-20 18:41:55,794 - isca - INFO - Restart /proj/bolinc/users/x_ryabo/Isca-Ryan_outputs/Earth_1840/restarts/res0065.tar.gz extracted to /home/x_ryabo/Isca-Ryan_tmp/experiment/Earth_1840/run/INPUT
2026-03-20 18:41:55,795 - isca - INFO - Beginning run 66
2026-03-20 18:41:55,811 - isca - INFO - process running as 2585809
2026-03-20 18:41:55,811 - isca - DEBUG - loadmodules for Isca on NSC cluster Tetralith
2026-03-20 18:41:55,812 - isca - DEBUG - mpiifort
2026-03-20 18:41:55,919 - isca - DEBUG - The following modules were not unloaded:
2026-03-20 18:41:55,919 - isca - DEBUG - (Use "module --force purge" to unload all):
2026-03-20 18:41:55,919 - isca - DEBUG - 
2026-03-20 18:41:55,919 - isca - DEBUG - 1) hpc/.1.10.1
2026-03-20 18:41:56,022 - isca - DEBUG - ***************************************************
2026-03-20 18:41:56,022 - isca - DEBUG - You have loaded a buildenv module
2026-03-20 18:41:56,022 - isca - DEBUG - ***************************************************
2026-03-20 18:41:56,023 - isca - DEBUG - The buldenv-intel module makes available:
2026-03-20 18:41:56,023 - isca - DEBUG - - Compilers: icc, ifort, etc.
2026-03-20 18:41:56,023 - isca - DEBUG - - Mpi library with mpi-wrapped compilers: intel mpi with mpicc, mpifort, etc.
2026-03-20 18:41:56,023 - isca - DEBUG - - Numerical libraries: intel MKL
2026-03-20 18:41:56,023 - isca - DEBUG - 
2026-03-20 18:41:56,023 - isca - DEBUG - It also makes a set of dependency library modules available via
2026-03-20 18:41:56,023 - isca - DEBUG - the regular module command. Just do:
2026-03-20 18:41:56,023 - isca - DEBUG - module avail
2026-03-20 18:41:56,023 - isca - DEBUG - to see what is available.
2026-03-20 18:41:56,023 - isca - DEBUG - 
2026-03-20 18:41:56,023 - isca - DEBUG - NOTE: You shoud never load build environments inside submitted jobs.
2026-03-20 18:41:56,023 - isca - DEBUG - (with the single exception of when using supercomputer time to compile code.)
2026-03-20 18:41:56,023 - isca - DEBUG - 
2026-03-20 18:41:57,170 - isca - DEBUG - NOTE from PE    0: MPP_DOMAINS_SET_STACK_SIZE: stack size set to    32768.
2026-03-20 18:41:57,170 - isca - DEBUG - &MPP_IO_NML
2026-03-20 18:41:57,171 - isca - DEBUG - HEADER_BUFFER_VAL       =       16384,
2026-03-20 18:41:57,171 - isca - DEBUG - GLOBAL_FIELD_ON_ROOT_PE = T,
2026-03-20 18:41:57,171 - isca - DEBUG - IO_CLOCKS_ON    = F,
2026-03-20 18:41:57,171 - isca - DEBUG - SHUFFLE =           0,
2026-03-20 18:41:57,171 - isca - DEBUG - DEFLATE_LEVEL   =          -1
2026-03-20 18:41:57,171 - isca - DEBUG - /
2026-03-20 18:41:57,172 - isca - DEBUG - NOTE from PE    0: MPP_IO_SET_STACK_SIZE: stack size set to     131072.
2026-03-20 18:41:57,173 - isca - DEBUG - NOTE from PE    0: MPP_DOMAINS_SET_STACK_SIZE: stack size set to   600000.
2026-03-20 18:41:57,180 - isca - DEBUG - starting            1  OpenMP threads per MPI-task
2026-03-20 18:41:57,183 - isca - DEBUG - ATMOS MODEL DOMAIN DECOMPOSITION
2026-03-20 18:41:57,183 - isca - DEBUG - X-AXIS =  128
2026-03-20 18:41:57,183 - isca - DEBUG - Y-AXIS =    4   4   4   4   4   4   4   4   4   4   4   4   4   4   4   4
2026-03-20 18:41:57,237 - isca - DEBUG - NOTE from PE    0: cloud_simple: Using SimCloud cloud scheme
2026-03-20 18:41:57,239 - isca - DEBUG - NOTE from PE    0: ls_cloud: Using Sundqvist (1989) cloud fraction diagnostic formula.
2026-03-20 18:41:57,239 - isca - DEBUG - NOTE from PE    0: cloud_cover: The cloud overlap assumption is MAXIMUM-RANDOM
2026-03-20 18:41:57,239 - isca - DEBUG - NOTE from PE    0: idealized_moist_phys: Using Frierson Quasi-Equilibrium convection scheme.
2026-03-20 18:41:57,248 - isca - DEBUG - 
2026-03-20 18:41:57,248 - isca - WARNING - WARNING from PE    0: socrates_init: lw_hires_spectral_filename is unset, making equal to lw_spectral_filename
2026-03-20 18:41:57,248 - isca - DEBUG - 
2026-03-20 18:41:57,248 - isca - DEBUG - 
2026-03-20 18:41:57,248 - isca - WARNING - WARNING from PE    0: socrates_init: lw_hires_spectral_filename is unset, making equal to lw_spectral_filename
2026-03-20 18:41:57,248 - isca - DEBUG - 
2026-03-20 18:41:57,248 - isca - DEBUG - 
2026-03-20 18:41:57,248 - isca - WARNING - WARNING from PE    0: socrates_init: sw_hires_spectral_filename is unset, making equal to sw_spectral_filename
2026-03-20 18:41:57,248 - isca - DEBUG - 
2026-03-20 18:41:57,248 - isca - DEBUG - 
2026-03-20 18:41:57,248 - isca - WARNING - WARNING from PE    0: socrates_init: sw_hires_spectral_filename is unset, making equal to sw_spectral_filename
2026-03-20 18:41:57,249 - isca - DEBUG - 
2026-03-20 18:41:58,465 - isca - DEBUG - NOTE from PE    0: Interpolator: Using input file with no time dimension - ozone_1990_notime_zero.nc
2026-03-20 18:41:58,465 - isca - DEBUG - Initializing src field : ozone_1990
2026-03-20 18:41:58,467 - isca - DEBUG - 
2026-03-20 18:41:58,467 - isca - DEBUG - -----------------------------------
2026-03-20 18:41:58,467 - isca - DEBUG - ____                       _
2026-03-20 18:41:58,467 - isca - DEBUG - / ___|  ___   ___ _ __ __ _| |_ ___  ___
2026-03-20 18:41:58,468 - isca - DEBUG - \___ \ / _ \ / __|  __/ _` | __/ _ \/ __|
2026-03-20 18:41:58,468 - isca - DEBUG - ___) | (_) | (__| | | (_| | ||  __/\__ \
2026-03-20 18:41:58,468 - isca - DEBUG - |____/ \___/ \___|_|  \__,_|\__\___||___/
2026-03-20 18:41:58,468 - isca - DEBUG - 
2026-03-20 18:41:58,468 - isca - DEBUG - Initialised Socrates v17.03
2026-03-20 18:41:58,468 - isca - DEBUG - Stellar constant =    1840.00000000000
2026-03-20 18:41:58,468 - isca - DEBUG - Longwave spectral file =
2026-03-20 18:41:58,468 - isca - DEBUG - /proj/bolinc/users/x_ryabo/socrates_edited_for_isca/spectral_files_for_GCMs/Sun
2026-03-20 18:41:58,468 - isca - DEBUG - /miniSuran_lw.sf WITH           16  bands
2026-03-20 18:41:58,468 - isca - DEBUG - Longwave hires spectral file =
2026-03-20 18:41:58,468 - isca - DEBUG - /proj/bolinc/users/x_ryabo/socrates_edited_for_isca/spectral_files_for_GCMs/Sun
2026-03-20 18:41:58,468 - isca - DEBUG - /miniSuran_lw.sf WITH           16  bands
2026-03-20 18:41:58,468 - isca - DEBUG - Shortwave spectral file =
2026-03-20 18:41:58,468 - isca - DEBUG - /proj/bolinc/users/x_ryabo/socrates_edited_for_isca/spectral_files_for_GCMs/Sun
2026-03-20 18:41:58,468 - isca - DEBUG - /miniSuran_sw.sf WITH           16  bands
2026-03-20 18:41:58,468 - isca - DEBUG - Shortwave hires spectral file =
2026-03-20 18:41:58,468 - isca - DEBUG - /proj/bolinc/users/x_ryabo/socrates_edited_for_isca/spectral_files_for_GCMs/Sun
2026-03-20 18:41:58,468 - isca - DEBUG - /miniSuran_sw.sf WITH           16  bands
2026-03-20 18:41:58,468 - isca - DEBUG - 
2026-03-20 18:41:58,468 - isca - DEBUG - -----------------------------------
2026-03-20 18:41:58,468 - isca - DEBUG - 
2026-03-20 18:42:30,074 - isca - DEBUG - Integration completed through    6 Jun  2   0: 0: 0
2026-03-20 18:43:01,637 - isca - DEBUG - Integration completed through    6 Jun  3   0: 0: 0
2026-03-20 18:43:33,198 - isca - DEBUG - Integration completed through    6 Jun  4   0: 0: 0
2026-03-20 18:44:04,720 - isca - DEBUG - Integration completed through    6 Jun  5   0: 0: 0
2026-03-20 18:44:36,248 - isca - DEBUG - Integration completed through    6 Jun  6   0: 0: 0
2026-03-20 18:45:07,785 - isca - DEBUG - Integration completed through    6 Jun  7   0: 0: 0
2026-03-20 18:45:39,302 - isca - DEBUG - Integration completed through    6 Jun  8   0: 0: 0
2026-03-20 18:46:10,850 - isca - DEBUG - Integration completed through    6 Jun  9   0: 0: 0
2026-03-20 18:46:42,330 - isca - DEBUG - Integration completed through    6 Jun 10   0: 0: 0
2026-03-20 18:47:13,907 - isca - DEBUG - Integration completed through    6 Jun 11   0: 0: 0
2026-03-20 18:47:45,505 - isca - DEBUG - Integration completed through    6 Jun 12   0: 0: 0
2026-03-20 18:48:17,082 - isca - DEBUG - Integration completed through    6 Jun 13   0: 0: 0
2026-03-20 18:48:48,647 - isca - DEBUG - Integration completed through    6 Jun 14   0: 0: 0
2026-03-20 18:49:20,149 - isca - DEBUG - Integration completed through    6 Jun 15   0: 0: 0
2026-03-20 18:49:51,582 - isca - DEBUG - Integration completed through    6 Jun 16   0: 0: 0
2026-03-20 18:50:23,097 - isca - DEBUG - Integration completed through    6 Jun 17   0: 0: 0
2026-03-20 18:50:54,677 - isca - DEBUG - Integration completed through    6 Jun 18   0: 0: 0
2026-03-20 18:51:26,241 - isca - DEBUG - Integration completed through    6 Jun 19   0: 0: 0
2026-03-20 18:51:57,809 - isca - DEBUG - Integration completed through    6 Jun 20   0: 0: 0
2026-03-20 18:52:29,361 - isca - DEBUG - Integration completed through    6 Jun 21   0: 0: 0
2026-03-20 18:53:00,903 - isca - DEBUG - Integration completed through    6 Jun 22   0: 0: 0
2026-03-20 18:53:32,427 - isca - DEBUG - Integration completed through    6 Jun 23   0: 0: 0
2026-03-20 18:54:03,983 - isca - DEBUG - Integration completed through    6 Jun 24   0: 0: 0
2026-03-20 18:54:35,543 - isca - DEBUG - Integration completed through    6 Jun 25   0: 0: 0
2026-03-20 18:55:07,176 - isca - DEBUG - Integration completed through    6 Jun 26   0: 0: 0
2026-03-20 18:55:38,739 - isca - DEBUG - Integration completed through    6 Jun 27   0: 0: 0
2026-03-20 18:56:10,308 - isca - DEBUG - Integration completed through    6 Jun 28   0: 0: 0
2026-03-20 18:56:41,843 - isca - DEBUG - Integration completed through    6 Jun 29   0: 0: 0
2026-03-20 18:57:13,435 - isca - DEBUG - Integration completed through    6 Jun 30   0: 0: 0
2026-03-20 18:57:44,946 - isca - DEBUG - Integration completed through    6 Jul  1   0: 0: 0
2026-03-20 18:57:44,952 - isca - DEBUG - 
2026-03-20 18:57:44,952 - isca - WARNING - WARNING from PE    0: diag_util_mod::opening_file: module/field_name (socrates/soc_toa_sw_down_clr) NOT registered
2026-03-20 18:57:44,953 - isca - DEBUG - 
2026-03-20 18:57:44,953 - isca - DEBUG - 
2026-03-20 18:57:44,953 - isca - WARNING - WARNING from PE    0: diag_util_mod::opening_file: module/field_name (socrates/soc_toa_sw_down_clr) NOT registered
2026-03-20 18:57:44,953 - isca - DEBUG - 
2026-03-20 18:57:44,953 - isca - DEBUG - 
2026-03-20 18:57:44,953 - isca - WARNING - WARNING from PE    0: diag_util_mod::opening_file: module/field_name (cloud_simple/rh_min) NOT registered
2026-03-20 18:57:44,953 - isca - DEBUG - 
2026-03-20 18:57:44,953 - isca - DEBUG - 
2026-03-20 18:57:44,953 - isca - WARNING - WARNING from PE    0: diag_util_mod::opening_file: module/field_name (cloud_simple/rh_min) NOT registered
2026-03-20 18:57:44,953 - isca - DEBUG - 
2026-03-20 18:57:44,964 - isca - DEBUG - NOTE from PE    0: MPP_IO_SET_STACK_SIZE: stack size set to     393216.
2026-03-20 18:57:45,113 - isca - DEBUG - MPP_DOMAINS_STACK high water mark=       49152
2026-03-20 18:57:45,113 - isca - DEBUG - 
2026-03-20 18:57:45,113 - isca - DEBUG - Tabulating mpp_clock statistics across     16 PEs...
2026-03-20 18:57:45,113 - isca - DEBUG - 
2026-03-20 18:57:45,113 - isca - DEBUG - tmin          tmax          tavg          tstd  tfrac grain pemin pemax
2026-03-20 18:57:45,114 - isca - DEBUG - Total runtime                       947.942126    947.947053    947.944233      0.001480  1.000     0     0    15
2026-03-20 18:57:45,114 - isca - DEBUG - MPP_STACK high water mark=           0
2026-03-20 18:57:45,250 - isca - INFO - Run 66 complete
2026-03-20 18:57:46,163 - isca - DEBUG - atmos_monthly.nc combined and copied to data directory
2026-03-20 18:57:49,387 - isca - INFO - Restart archive created at /proj/bolinc/users/x_ryabo/Isca-Ryan_outputs/Earth_1840/restarts/res0066.tar.gz
2026-03-20 18:57:49,400 - isca - INFO - Writing namelist to '/proj/bolinc/users/x_ryabo/Isca-Ryan_outputs/Earth_1840/run0066/input.nml'
2026-03-20 18:57:49,402 - isca - INFO - Writing field_table to '/proj/bolinc/users/x_ryabo/Isca-Ryan_outputs/Earth_1840/run0066/field_table'
2026-03-20 18:57:49,413 - isca - INFO - Writing diag_table to '/proj/bolinc/users/x_ryabo/Isca-Ryan_outputs/Earth_1840/run0066/diag_table'
2026-03-20 18:57:49,777 - isca - INFO - Emptied run directory '/home/x_ryabo/Isca-Ryan_tmp/experiment/Earth_1840/run'
2026-03-20 18:57:49,797 - isca - INFO - Emptied run directory '/home/x_ryabo/Isca-Ryan_tmp/experiment/Earth_1840/run'
2026-03-20 18:57:50,128 - isca - INFO - Writing namelist to '/home/x_ryabo/Isca-Ryan_tmp/experiment/Earth_1840/run/input.nml'
2026-03-20 18:57:50,129 - isca - INFO - Writing field_table to '/home/x_ryabo/Isca-Ryan_tmp/experiment/Earth_1840/run/field_table'
2026-03-20 18:57:50,145 - isca - INFO - Writing diag_table to '/home/x_ryabo/Isca-Ryan_tmp/experiment/Earth_1840/run/diag_table'
2026-03-20 18:57:50,159 - isca - INFO - Using restart file '/proj/bolinc/users/x_ryabo/Isca-Ryan_outputs/Earth_1840/restarts/res0066.tar.gz'
2026-03-20 18:57:50,570 - isca - INFO - Restart /proj/bolinc/users/x_ryabo/Isca-Ryan_outputs/Earth_1840/restarts/res0066.tar.gz extracted to /home/x_ryabo/Isca-Ryan_tmp/experiment/Earth_1840/run/INPUT
2026-03-20 18:57:50,571 - isca - INFO - Beginning run 67
2026-03-20 18:57:50,582 - isca - INFO - process running as 2586696
2026-03-20 18:57:50,582 - isca - DEBUG - loadmodules for Isca on NSC cluster Tetralith
2026-03-20 18:57:50,582 - isca - DEBUG - mpiifort
2026-03-20 18:57:50,694 - isca - DEBUG - The following modules were not unloaded:
2026-03-20 18:57:50,694 - isca - DEBUG - (Use "module --force purge" to unload all):
2026-03-20 18:57:50,694 - isca - DEBUG - 
2026-03-20 18:57:50,694 - isca - DEBUG - 1) hpc/.1.10.1
2026-03-20 18:57:50,795 - isca - DEBUG - ***************************************************
2026-03-20 18:57:50,796 - isca - DEBUG - You have loaded a buildenv module
2026-03-20 18:57:50,796 - isca - DEBUG - ***************************************************
2026-03-20 18:57:50,796 - isca - DEBUG - The buldenv-intel module makes available:
2026-03-20 18:57:50,796 - isca - DEBUG - - Compilers: icc, ifort, etc.
2026-03-20 18:57:50,796 - isca - DEBUG - - Mpi library with mpi-wrapped compilers: intel mpi with mpicc, mpifort, etc.
2026-03-20 18:57:50,796 - isca - DEBUG - - Numerical libraries: intel MKL
2026-03-20 18:57:50,796 - isca - DEBUG - 
2026-03-20 18:57:50,796 - isca - DEBUG - It also makes a set of dependency library modules available via
2026-03-20 18:57:50,796 - isca - DEBUG - the regular module command. Just do:
2026-03-20 18:57:50,796 - isca - DEBUG - module avail
2026-03-20 18:57:50,796 - isca - DEBUG - to see what is available.
2026-03-20 18:57:50,796 - isca - DEBUG - 
2026-03-20 18:57:50,796 - isca - DEBUG - NOTE: You shoud never load build environments inside submitted jobs.
2026-03-20 18:57:50,796 - isca - DEBUG - (with the single exception of when using supercomputer time to compile code.)
2026-03-20 18:57:50,796 - isca - DEBUG - 
2026-03-20 18:57:51,922 - isca - DEBUG - NOTE from PE    0: MPP_DOMAINS_SET_STACK_SIZE: stack size set to    32768.
2026-03-20 18:57:51,922 - isca - DEBUG - &MPP_IO_NML
2026-03-20 18:57:51,922 - isca - DEBUG - HEADER_BUFFER_VAL       =       16384,
2026-03-20 18:57:51,922 - isca - DEBUG - GLOBAL_FIELD_ON_ROOT_PE = T,
2026-03-20 18:57:51,922 - isca - DEBUG - IO_CLOCKS_ON    = F,
2026-03-20 18:57:51,922 - isca - DEBUG - SHUFFLE =           0,
2026-03-20 18:57:51,922 - isca - DEBUG - DEFLATE_LEVEL   =          -1
2026-03-20 18:57:51,922 - isca - DEBUG - /
2026-03-20 18:57:51,924 - isca - DEBUG - NOTE from PE    0: MPP_IO_SET_STACK_SIZE: stack size set to     131072.
2026-03-20 18:57:51,925 - isca - DEBUG - NOTE from PE    0: MPP_DOMAINS_SET_STACK_SIZE: stack size set to   600000.
2026-03-20 18:57:51,933 - isca - DEBUG - starting            1  OpenMP threads per MPI-task
2026-03-20 18:57:51,934 - isca - DEBUG - ATMOS MODEL DOMAIN DECOMPOSITION
2026-03-20 18:57:51,935 - isca - DEBUG - X-AXIS =  128
2026-03-20 18:57:51,935 - isca - DEBUG - Y-AXIS =    4   4   4   4   4   4   4   4   4   4   4   4   4   4   4   4
2026-03-20 18:57:51,995 - isca - DEBUG - NOTE from PE    0: cloud_simple: Using SimCloud cloud scheme
2026-03-20 18:57:51,996 - isca - DEBUG - NOTE from PE    0: ls_cloud: Using Sundqvist (1989) cloud fraction diagnostic formula.
2026-03-20 18:57:51,996 - isca - DEBUG - NOTE from PE    0: cloud_cover: The cloud overlap assumption is MAXIMUM-RANDOM
2026-03-20 18:57:51,996 - isca - DEBUG - NOTE from PE    0: idealized_moist_phys: Using Frierson Quasi-Equilibrium convection scheme.
2026-03-20 18:57:52,005 - isca - DEBUG - 
2026-03-20 18:57:52,005 - isca - WARNING - WARNING from PE    0: socrates_init: lw_hires_spectral_filename is unset, making equal to lw_spectral_filename
2026-03-20 18:57:52,005 - isca - DEBUG - 
2026-03-20 18:57:52,005 - isca - DEBUG - 
2026-03-20 18:57:52,005 - isca - WARNING - WARNING from PE    0: socrates_init: lw_hires_spectral_filename is unset, making equal to lw_spectral_filename
2026-03-20 18:57:52,005 - isca - DEBUG - 
2026-03-20 18:57:52,005 - isca - DEBUG - 
2026-03-20 18:57:52,005 - isca - WARNING - WARNING from PE    0: socrates_init: sw_hires_spectral_filename is unset, making equal to sw_spectral_filename
2026-03-20 18:57:52,005 - isca - DEBUG - 
2026-03-20 18:57:52,005 - isca - DEBUG - 
2026-03-20 18:57:52,005 - isca - WARNING - WARNING from PE    0: socrates_init: sw_hires_spectral_filename is unset, making equal to sw_spectral_filename
2026-03-20 18:57:52,005 - isca - DEBUG - 
2026-03-20 18:57:53,216 - isca - DEBUG - NOTE from PE    0: Interpolator: Using input file with no time dimension - ozone_1990_notime_zero.nc
2026-03-20 18:57:53,216 - isca - DEBUG - Initializing src field : ozone_1990
2026-03-20 18:57:53,218 - isca - DEBUG - 
2026-03-20 18:57:53,218 - isca - DEBUG - -----------------------------------
2026-03-20 18:57:53,218 - isca - DEBUG - ____                       _
2026-03-20 18:57:53,218 - isca - DEBUG - / ___|  ___   ___ _ __ __ _| |_ ___  ___
2026-03-20 18:57:53,218 - isca - DEBUG - \___ \ / _ \ / __|  __/ _` | __/ _ \/ __|
2026-03-20 18:57:53,218 - isca - DEBUG - ___) | (_) | (__| | | (_| | ||  __/\__ \
2026-03-20 18:57:53,218 - isca - DEBUG - |____/ \___/ \___|_|  \__,_|\__\___||___/
2026-03-20 18:57:53,218 - isca - DEBUG - 
2026-03-20 18:57:53,218 - isca - DEBUG - Initialised Socrates v17.03
2026-03-20 18:57:53,218 - isca - DEBUG - Stellar constant =    1840.00000000000
2026-03-20 18:57:53,218 - isca - DEBUG - Longwave spectral file =
2026-03-20 18:57:53,219 - isca - DEBUG - /proj/bolinc/users/x_ryabo/socrates_edited_for_isca/spectral_files_for_GCMs/Sun
2026-03-20 18:57:53,219 - isca - DEBUG - /miniSuran_lw.sf WITH           16  bands
2026-03-20 18:57:53,219 - isca - DEBUG - Longwave hires spectral file =
2026-03-20 18:57:53,219 - isca - DEBUG - /proj/bolinc/users/x_ryabo/socrates_edited_for_isca/spectral_files_for_GCMs/Sun
2026-03-20 18:57:53,219 - isca - DEBUG - /miniSuran_lw.sf WITH           16  bands
2026-03-20 18:57:53,219 - isca - DEBUG - Shortwave spectral file =
2026-03-20 18:57:53,219 - isca - DEBUG - /proj/bolinc/users/x_ryabo/socrates_edited_for_isca/spectral_files_for_GCMs/Sun
2026-03-20 18:57:53,219 - isca - DEBUG - /miniSuran_sw.sf WITH           16  bands
2026-03-20 18:57:53,219 - isca - DEBUG - Shortwave hires spectral file =
2026-03-20 18:57:53,219 - isca - DEBUG - /proj/bolinc/users/x_ryabo/socrates_edited_for_isca/spectral_files_for_GCMs/Sun
2026-03-20 18:57:53,219 - isca - DEBUG - /miniSuran_sw.sf WITH           16  bands
2026-03-20 18:57:53,219 - isca - DEBUG - 
2026-03-20 18:57:53,219 - isca - DEBUG - -----------------------------------
2026-03-20 18:57:53,219 - isca - DEBUG - 
2026-03-20 18:58:24,940 - isca - DEBUG - Integration completed through    6 Jul  2   0: 0: 0
2026-03-20 18:58:56,666 - isca - DEBUG - Integration completed through    6 Jul  3   0: 0: 0
2026-03-20 18:59:28,336 - isca - DEBUG - Integration completed through    6 Jul  4   0: 0: 0
2026-03-20 18:59:59,989 - isca - DEBUG - Integration completed through    6 Jul  5   0: 0: 0
2026-03-20 19:00:31,618 - isca - DEBUG - Integration completed through    6 Jul  6   0: 0: 0
2026-03-20 19:01:03,289 - isca - DEBUG - Integration completed through    6 Jul  7   0: 0: 0
2026-03-20 19:01:34,922 - isca - DEBUG - Integration completed through    6 Jul  8   0: 0: 0
2026-03-20 19:02:06,460 - isca - DEBUG - Integration completed through    6 Jul  9   0: 0: 0
2026-03-20 19:02:38,081 - isca - DEBUG - Integration completed through    6 Jul 10   0: 0: 0
2026-03-20 19:03:09,744 - isca - DEBUG - Integration completed through    6 Jul 11   0: 0: 0
2026-03-20 19:03:41,428 - isca - DEBUG - Integration completed through    6 Jul 12   0: 0: 0
2026-03-20 19:04:13,008 - isca - DEBUG - Integration completed through    6 Jul 13   0: 0: 0
2026-03-20 19:04:44,627 - isca - DEBUG - Integration completed through    6 Jul 14   0: 0: 0
2026-03-20 19:05:16,406 - isca - DEBUG - Integration completed through    6 Jul 15   0: 0: 0
2026-03-20 19:05:48,144 - isca - DEBUG - Integration completed through    6 Jul 16   0: 0: 0
2026-03-20 19:06:19,872 - isca - DEBUG - Integration completed through    6 Jul 17   0: 0: 0
2026-03-20 19:06:51,610 - isca - DEBUG - Integration completed through    6 Jul 18   0: 0: 0
2026-03-20 19:07:23,242 - isca - DEBUG - Integration completed through    6 Jul 19   0: 0: 0
2026-03-20 19:07:54,829 - isca - DEBUG - Integration completed through    6 Jul 20   0: 0: 0
2026-03-20 19:08:26,429 - isca - DEBUG - Integration completed through    6 Jul 21   0: 0: 0
2026-03-20 19:08:58,053 - isca - DEBUG - Integration completed through    6 Jul 22   0: 0: 0
2026-03-20 19:09:29,731 - isca - DEBUG - Integration completed through    6 Jul 23   0: 0: 0
2026-03-20 19:10:01,480 - isca - DEBUG - Integration completed through    6 Jul 24   0: 0: 0
2026-03-20 19:10:33,236 - isca - DEBUG - Integration completed through    6 Jul 25   0: 0: 0
2026-03-20 19:11:05,063 - isca - DEBUG - Integration completed through    6 Jul 26   0: 0: 0
2026-03-20 19:11:36,858 - isca - DEBUG - Integration completed through    6 Jul 27   0: 0: 0
2026-03-20 19:12:08,656 - isca - DEBUG - Integration completed through    6 Jul 28   0: 0: 0
2026-03-20 19:12:40,419 - isca - DEBUG - Integration completed through    6 Jul 29   0: 0: 0
2026-03-20 19:13:12,213 - isca - DEBUG - Integration completed through    6 Jul 30   0: 0: 0
2026-03-20 19:13:44,054 - isca - DEBUG - Integration completed through    6 Aug  1   0: 0: 0
2026-03-20 19:13:44,062 - isca - DEBUG - 
2026-03-20 19:13:44,063 - isca - WARNING - WARNING from PE    0: diag_util_mod::opening_file: module/field_name (socrates/soc_toa_sw_down_clr) NOT registered
2026-03-20 19:13:44,063 - isca - DEBUG - 
2026-03-20 19:13:44,063 - isca - DEBUG - 
2026-03-20 19:13:44,063 - isca - WARNING - WARNING from PE    0: diag_util_mod::opening_file: module/field_name (socrates/soc_toa_sw_down_clr) NOT registered
2026-03-20 19:13:44,063 - isca - DEBUG - 
2026-03-20 19:13:44,063 - isca - DEBUG - 
2026-03-20 19:13:44,063 - isca - WARNING - WARNING from PE    0: diag_util_mod::opening_file: module/field_name (cloud_simple/rh_min) NOT registered
2026-03-20 19:13:44,063 - isca - DEBUG - 
2026-03-20 19:13:44,063 - isca - DEBUG - 
2026-03-20 19:13:44,063 - isca - WARNING - WARNING from PE    0: diag_util_mod::opening_file: module/field_name (cloud_simple/rh_min) NOT registered
2026-03-20 19:13:44,063 - isca - DEBUG - 
2026-03-20 19:13:44,073 - isca - DEBUG - NOTE from PE    0: MPP_IO_SET_STACK_SIZE: stack size set to     393216.
2026-03-20 19:13:44,297 - isca - DEBUG - MPP_DOMAINS_STACK high water mark=       49152
2026-03-20 19:13:44,297 - isca - DEBUG - 
2026-03-20 19:13:44,298 - isca - DEBUG - Tabulating mpp_clock statistics across     16 PEs...
2026-03-20 19:13:44,298 - isca - DEBUG - 
2026-03-20 19:13:44,298 - isca - DEBUG - tmin          tmax          tavg          tstd  tfrac grain pemin pemax
2026-03-20 19:13:44,298 - isca - DEBUG - Total runtime                       952.373106    952.377273    952.375642      0.001353  1.000     0     0    15
2026-03-20 19:13:44,298 - isca - DEBUG - MPP_STACK high water mark=           0
2026-03-20 19:13:44,415 - isca - INFO - Run 67 complete
2026-03-20 19:13:45,332 - isca - DEBUG - atmos_monthly.nc combined and copied to data directory
2026-03-20 19:13:48,550 - isca - INFO - Restart archive created at /proj/bolinc/users/x_ryabo/Isca-Ryan_outputs/Earth_1840/restarts/res0067.tar.gz
2026-03-20 19:13:48,562 - isca - INFO - Writing namelist to '/proj/bolinc/users/x_ryabo/Isca-Ryan_outputs/Earth_1840/run0067/input.nml'
2026-03-20 19:13:48,564 - isca - INFO - Writing field_table to '/proj/bolinc/users/x_ryabo/Isca-Ryan_outputs/Earth_1840/run0067/field_table'
2026-03-20 19:13:48,575 - isca - INFO - Writing diag_table to '/proj/bolinc/users/x_ryabo/Isca-Ryan_outputs/Earth_1840/run0067/diag_table'
2026-03-20 19:13:48,981 - isca - INFO - Emptied run directory '/home/x_ryabo/Isca-Ryan_tmp/experiment/Earth_1840/run'
2026-03-20 19:13:49,002 - isca - INFO - Emptied run directory '/home/x_ryabo/Isca-Ryan_tmp/experiment/Earth_1840/run'
2026-03-20 19:13:49,331 - isca - INFO - Writing namelist to '/home/x_ryabo/Isca-Ryan_tmp/experiment/Earth_1840/run/input.nml'
2026-03-20 19:13:49,333 - isca - INFO - Writing field_table to '/home/x_ryabo/Isca-Ryan_tmp/experiment/Earth_1840/run/field_table'
2026-03-20 19:13:49,345 - isca - INFO - Writing diag_table to '/home/x_ryabo/Isca-Ryan_tmp/experiment/Earth_1840/run/diag_table'
2026-03-20 19:13:49,359 - isca - INFO - Using restart file '/proj/bolinc/users/x_ryabo/Isca-Ryan_outputs/Earth_1840/restarts/res0067.tar.gz'
2026-03-20 19:13:49,771 - isca - INFO - Restart /proj/bolinc/users/x_ryabo/Isca-Ryan_outputs/Earth_1840/restarts/res0067.tar.gz extracted to /home/x_ryabo/Isca-Ryan_tmp/experiment/Earth_1840/run/INPUT
2026-03-20 19:13:49,772 - isca - INFO - Beginning run 68
2026-03-20 19:13:49,787 - isca - INFO - process running as 2588761
2026-03-20 19:13:49,788 - isca - DEBUG - loadmodules for Isca on NSC cluster Tetralith
2026-03-20 19:13:49,788 - isca - DEBUG - mpiifort
2026-03-20 19:13:49,898 - isca - DEBUG - The following modules were not unloaded:
2026-03-20 19:13:49,898 - isca - DEBUG - (Use "module --force purge" to unload all):
2026-03-20 19:13:49,898 - isca - DEBUG - 
2026-03-20 19:13:49,898 - isca - DEBUG - 1) hpc/.1.10.1
2026-03-20 19:13:50,002 - isca - DEBUG - ***************************************************
2026-03-20 19:13:50,002 - isca - DEBUG - You have loaded a buildenv module
2026-03-20 19:13:50,002 - isca - DEBUG - ***************************************************
2026-03-20 19:13:50,002 - isca - DEBUG - The buldenv-intel module makes available:
2026-03-20 19:13:50,002 - isca - DEBUG - - Compilers: icc, ifort, etc.
2026-03-20 19:13:50,002 - isca - DEBUG - - Mpi library with mpi-wrapped compilers: intel mpi with mpicc, mpifort, etc.
2026-03-20 19:13:50,002 - isca - DEBUG - - Numerical libraries: intel MKL
2026-03-20 19:13:50,002 - isca - DEBUG - 
2026-03-20 19:13:50,002 - isca - DEBUG - It also makes a set of dependency library modules available via
2026-03-20 19:13:50,002 - isca - DEBUG - the regular module command. Just do:
2026-03-20 19:13:50,002 - isca - DEBUG - module avail
2026-03-20 19:13:50,002 - isca - DEBUG - to see what is available.
2026-03-20 19:13:50,002 - isca - DEBUG - 
2026-03-20 19:13:50,002 - isca - DEBUG - NOTE: You shoud never load build environments inside submitted jobs.
2026-03-20 19:13:50,002 - isca - DEBUG - (with the single exception of when using supercomputer time to compile code.)
2026-03-20 19:13:50,002 - isca - DEBUG - 
2026-03-20 19:13:51,132 - isca - DEBUG - NOTE from PE    0: MPP_DOMAINS_SET_STACK_SIZE: stack size set to    32768.
2026-03-20 19:13:51,132 - isca - DEBUG - &MPP_IO_NML
2026-03-20 19:13:51,133 - isca - DEBUG - HEADER_BUFFER_VAL       =       16384,
2026-03-20 19:13:51,133 - isca - DEBUG - GLOBAL_FIELD_ON_ROOT_PE = T,
2026-03-20 19:13:51,133 - isca - DEBUG - IO_CLOCKS_ON    = F,
2026-03-20 19:13:51,133 - isca - DEBUG - SHUFFLE =           0,
2026-03-20 19:13:51,133 - isca - DEBUG - DEFLATE_LEVEL   =          -1
2026-03-20 19:13:51,133 - isca - DEBUG - /
2026-03-20 19:13:51,134 - isca - DEBUG - NOTE from PE    0: MPP_IO_SET_STACK_SIZE: stack size set to     131072.
2026-03-20 19:13:51,135 - isca - DEBUG - NOTE from PE    0: MPP_DOMAINS_SET_STACK_SIZE: stack size set to   600000.
2026-03-20 19:13:51,143 - isca - DEBUG - starting            1  OpenMP threads per MPI-task
2026-03-20 19:13:51,145 - isca - DEBUG - ATMOS MODEL DOMAIN DECOMPOSITION
2026-03-20 19:13:51,145 - isca - DEBUG - X-AXIS =  128
2026-03-20 19:13:51,145 - isca - DEBUG - Y-AXIS =    4   4   4   4   4   4   4   4   4   4   4   4   4   4   4   4
2026-03-20 19:13:51,196 - isca - DEBUG - NOTE from PE    0: cloud_simple: Using SimCloud cloud scheme
2026-03-20 19:13:51,198 - isca - DEBUG - NOTE from PE    0: ls_cloud: Using Sundqvist (1989) cloud fraction diagnostic formula.
2026-03-20 19:13:51,198 - isca - DEBUG - NOTE from PE    0: cloud_cover: The cloud overlap assumption is MAXIMUM-RANDOM
2026-03-20 19:13:51,198 - isca - DEBUG - NOTE from PE    0: idealized_moist_phys: Using Frierson Quasi-Equilibrium convection scheme.
2026-03-20 19:13:51,207 - isca - DEBUG - 
2026-03-20 19:13:51,208 - isca - WARNING - WARNING from PE    0: socrates_init: lw_hires_spectral_filename is unset, making equal to lw_spectral_filename
2026-03-20 19:13:51,208 - isca - DEBUG - 
2026-03-20 19:13:51,208 - isca - DEBUG - 
2026-03-20 19:13:51,208 - isca - WARNING - WARNING from PE    0: socrates_init: lw_hires_spectral_filename is unset, making equal to lw_spectral_filename
2026-03-20 19:13:51,208 - isca - DEBUG - 
2026-03-20 19:13:51,208 - isca - DEBUG - 
2026-03-20 19:13:51,208 - isca - WARNING - WARNING from PE    0: socrates_init: sw_hires_spectral_filename is unset, making equal to sw_spectral_filename
2026-03-20 19:13:51,208 - isca - DEBUG - 
2026-03-20 19:13:51,208 - isca - DEBUG - 
2026-03-20 19:13:51,208 - isca - WARNING - WARNING from PE    0: socrates_init: sw_hires_spectral_filename is unset, making equal to sw_spectral_filename
2026-03-20 19:13:51,208 - isca - DEBUG - 
2026-03-20 19:13:52,417 - isca - DEBUG - NOTE from PE    0: Interpolator: Using input file with no time dimension - ozone_1990_notime_zero.nc
2026-03-20 19:13:52,417 - isca - DEBUG - Initializing src field : ozone_1990
2026-03-20 19:13:52,419 - isca - DEBUG - 
2026-03-20 19:13:52,419 - isca - DEBUG - -----------------------------------
2026-03-20 19:13:52,419 - isca - DEBUG - ____                       _
2026-03-20 19:13:52,419 - isca - DEBUG - / ___|  ___   ___ _ __ __ _| |_ ___  ___
2026-03-20 19:13:52,419 - isca - DEBUG - \___ \ / _ \ / __|  __/ _` | __/ _ \/ __|
2026-03-20 19:13:52,419 - isca - DEBUG - ___) | (_) | (__| | | (_| | ||  __/\__ \
2026-03-20 19:13:52,419 - isca - DEBUG - |____/ \___/ \___|_|  \__,_|\__\___||___/
2026-03-20 19:13:52,419 - isca - DEBUG - 
2026-03-20 19:13:52,419 - isca - DEBUG - Initialised Socrates v17.03
2026-03-20 19:13:52,419 - isca - DEBUG - Stellar constant =    1840.00000000000
2026-03-20 19:13:52,419 - isca - DEBUG - Longwave spectral file =
2026-03-20 19:13:52,419 - isca - DEBUG - /proj/bolinc/users/x_ryabo/socrates_edited_for_isca/spectral_files_for_GCMs/Sun
2026-03-20 19:13:52,419 - isca - DEBUG - /miniSuran_lw.sf WITH           16  bands
2026-03-20 19:13:52,419 - isca - DEBUG - Longwave hires spectral file =
2026-03-20 19:13:52,419 - isca - DEBUG - /proj/bolinc/users/x_ryabo/socrates_edited_for_isca/spectral_files_for_GCMs/Sun
2026-03-20 19:13:52,419 - isca - DEBUG - /miniSuran_lw.sf WITH           16  bands
2026-03-20 19:13:52,419 - isca - DEBUG - Shortwave spectral file =
2026-03-20 19:13:52,419 - isca - DEBUG - /proj/bolinc/users/x_ryabo/socrates_edited_for_isca/spectral_files_for_GCMs/Sun
2026-03-20 19:13:52,419 - isca - DEBUG - /miniSuran_sw.sf WITH           16  bands
2026-03-20 19:13:52,420 - isca - DEBUG - Shortwave hires spectral file =
2026-03-20 19:13:52,420 - isca - DEBUG - /proj/bolinc/users/x_ryabo/socrates_edited_for_isca/spectral_files_for_GCMs/Sun
2026-03-20 19:13:52,420 - isca - DEBUG - /miniSuran_sw.sf WITH           16  bands
2026-03-20 19:13:52,420 - isca - DEBUG - 
2026-03-20 19:13:52,420 - isca - DEBUG - -----------------------------------
2026-03-20 19:13:52,420 - isca - DEBUG - 
2026-03-20 19:14:24,351 - isca - DEBUG - Integration completed through    6 Aug  2   0: 0: 0
2026-03-20 19:14:56,198 - isca - DEBUG - Integration completed through    6 Aug  3   0: 0: 0
2026-03-20 19:15:27,932 - isca - DEBUG - Integration completed through    6 Aug  4   0: 0: 0
2026-03-20 19:15:59,706 - isca - DEBUG - Integration completed through    6 Aug  5   0: 0: 0
2026-03-20 19:16:31,388 - isca - DEBUG - Integration completed through    6 Aug  6   0: 0: 0
2026-03-20 19:17:03,037 - isca - DEBUG - Integration completed through    6 Aug  7   0: 0: 0
2026-03-20 19:17:34,833 - isca - DEBUG - Integration completed through    6 Aug  8   0: 0: 0
2026-03-20 19:18:06,653 - isca - DEBUG - Integration completed through    6 Aug  9   0: 0: 0
2026-03-20 19:18:38,398 - isca - DEBUG - Integration completed through    6 Aug 10   0: 0: 0
2026-03-20 19:19:09,996 - isca - DEBUG - Integration completed through    6 Aug 11   0: 0: 0
2026-03-20 19:19:41,633 - isca - DEBUG - Integration completed through    6 Aug 12   0: 0: 0
2026-03-20 19:20:13,344 - isca - DEBUG - Integration completed through    6 Aug 13   0: 0: 0
2026-03-20 19:20:45,153 - isca - DEBUG - Integration completed through    6 Aug 14   0: 0: 0
2026-03-20 19:21:16,983 - isca - DEBUG - Integration completed through    6 Aug 15   0: 0: 0
2026-03-20 19:21:48,757 - isca - DEBUG - Integration completed through    6 Aug 16   0: 0: 0
2026-03-20 19:22:20,506 - isca - DEBUG - Integration completed through    6 Aug 17   0: 0: 0
2026-03-20 19:22:52,292 - isca - DEBUG - Integration completed through    6 Aug 18   0: 0: 0
2026-03-20 19:23:24,051 - isca - DEBUG - Integration completed through    6 Aug 19   0: 0: 0
2026-03-20 19:23:55,780 - isca - DEBUG - Integration completed through    6 Aug 20   0: 0: 0
2026-03-20 19:24:27,546 - isca - DEBUG - Integration completed through    6 Aug 21   0: 0: 0
2026-03-20 19:24:59,296 - isca - DEBUG - Integration completed through    6 Aug 22   0: 0: 0
2026-03-20 19:25:24,322 - isca - DEBUG - 
2026-03-20 19:25:24,322 - isca - DEBUG - FATAL from PE    8: lookup_es_0d_0d: saturation vapor pressure table overflow, nbad=      1
2026-03-20 19:25:24,322 - isca - DEBUG - 
2026-03-20 19:25:24,322 - isca - DEBUG - Abort(1) on node 8 (rank 8 in comm 0): application called MPI_Abort(MPI_COMM_WORLD, 1) - process 8
Exception in thread background thread for pid 2588761:
Traceback (most recent call last):
  File "/proj/bolinc/users/x_ryabo/micromamba/envs/isca_env/lib/python3.9/threading.py", line 980, in _bootstrap_inner
    self.run()
  File "/proj/bolinc/users/x_ryabo/micromamba/envs/isca_env/lib/python3.9/threading.py", line 917, in run
    self._target(*self._args, **self._kwargs)
  File "/home/x_ryabo/.local/lib/python3.9/site-packages/sh.py", line 1639, in wrap
    fn(*rgs, **kwargs)
  File "/home/x_ryabo/.local/lib/python3.9/site-packages/sh.py", line 2641, in background_thread
    handle_exit_code(exit_code)
  File "/home/x_ryabo/.local/lib/python3.9/site-packages/sh.py", line 2332, in fn
    return self.command.handle_command_exit_code(exit_code)
  File "/home/x_ryabo/.local/lib/python3.9/site-packages/sh.py", line 826, in handle_command_exit_code
    raise exc
sh.ErrorReturnCode_1: 

  RAN: /usr/bin/bash /home/x_ryabo/Isca-Ryan_tmp/experiment/Earth_1840/run/run.sh

  STDOUT:


  STDERR:

2026-03-20 19:25:24,487 - isca - ERROR - Run 68 failed. See log for details.
2026-03-20 19:25:24,487 - isca - ERROR - Error: ErrorReturnCode_1('\n\n  RAN: /usr/bin/bash /home/x_ryabo/Isca-Ryan_tmp/experiment/Earth_1840/run/run.sh\n\n  STDOUT:\n\n\n  STDERR:\n')
Traceback (most recent call last):
  File "/home/x_ryabo/Isca-Ryan/src/extra/python/isca/experiment.py", line 284, in run
    proc.wait()
  File "/home/x_ryabo/.local/lib/python3.9/site-packages/sh.py", line 799, in wait
    self.handle_command_exit_code(exit_code)
  File "/home/x_ryabo/.local/lib/python3.9/site-packages/sh.py", line 826, in handle_command_exit_code
    raise exc
sh.ErrorReturnCode_1: 

  RAN: /usr/bin/bash /home/x_ryabo/Isca-Ryan_tmp/experiment/Earth_1840/run/run.sh

  STDOUT:


  STDERR:


During handling of the above exception, another exception occurred:

Traceback (most recent call last):
  File "/home/x_ryabo/Isca-Ryan/exp/Earth_1840/socrates_aquaplanet_cloud.py", line 448, in <module>
    exp.run(i, num_cores=NCORES, overwrite_data=overwrite)
  File "/home/x_ryabo/Isca-Ryan/src/extra/python/isca/helpers.py", line 22, in _destructive
    return fn(*args, **kwargs)
  File "/home/x_ryabo/Isca-Ryan/src/extra/python/isca/helpers.py", line 38, in _useworkdir
    return fn(*args, **kwargs)
  File "/home/x_ryabo/Isca-Ryan/src/extra/python/isca/experiment.py", line 298, in run
    raise FailedRunError()
isca.experiment.FailedRunError
