/home/x_ryabo/Isca-Ryan/exp/14_5_1570_as007_Sun/socrates_aquaplanet_cloud.py:65: DeprecationWarning: Calling np.sum(generator) is deprecated, and in the future will give a different result. Use np.sum(np.fromiter(generator)) or the python sum builtin instead.
  molar_mass_air = sum((fraction * molecular_weights[gas]) for gas, fraction in atmosphere.items())
2026-04-11 11:12:01,909 - isca - INFO - RRTM compilation disabled.
2026-04-11 11:12:01,955 - isca - INFO - Socrates source code already in correct place. Continuing.
2026-04-11 11:12:02,201 - isca - INFO - Emptied run directory '/home/x_ryabo/Isca-Ryan_tmp/experiment/14_5_1570_as007_Sun/run'
2026-04-11 11:12:02,211 - isca - INFO - Writing path_names to '/home/x_ryabo/Isca-Ryan_tmp/codebase/_home_x_ryabo_Isca-Ryan/build/soc_isca/path_names'
2026-04-11 11:12:02,286 - isca - INFO - Running compiler
2026-04-11 11:12:02,297 - isca - INFO - loadmodules for Isca on NSC cluster Tetralith
2026-04-11 11:12:02,297 - isca - INFO - mpiifort
2026-04-11 11:12:03,290 - isca - INFO - The following modules were not unloaded:
2026-04-11 11:12:03,290 - isca - INFO - (Use "module --force purge" to unload all):
2026-04-11 11:12:03,290 - isca - INFO - 1) hpc/.1.10.1
2026-04-11 11:12:03,436 - isca - INFO - ***************************************************
2026-04-11 11:12:03,436 - isca - INFO - You have loaded a buildenv module
2026-04-11 11:12:03,436 - isca - INFO - ***************************************************
2026-04-11 11:12:03,436 - isca - INFO - The buldenv-intel module makes available:
2026-04-11 11:12:03,437 - isca - INFO - - Compilers: icc, ifort, etc.
2026-04-11 11:12:03,437 - isca - INFO - - Mpi library with mpi-wrapped compilers: intel mpi with mpicc, mpifort, etc.
2026-04-11 11:12:03,437 - isca - INFO - - Numerical libraries: intel MKL
2026-04-11 11:12:03,437 - isca - INFO - It also makes a set of dependency library modules available via
2026-04-11 11:12:03,437 - isca - INFO - the regular module command. Just do:
2026-04-11 11:12:03,437 - isca - INFO - module avail
2026-04-11 11:12:03,437 - isca - INFO - to see what is available.
2026-04-11 11:12:03,437 - isca - INFO - NOTE: You shoud never load build environments inside submitted jobs.
2026-04-11 11:12:03,437 - isca - INFO - (with the single exception of when using supercomputer time to compile code.)
2026-04-11 11:12:03,803 - isca - INFO - /home/x_ryabo/Isca-Ryan_tmp/codebase/_home_x_ryabo_Isca-Ryan/build/soc_isca/path_names
2026-04-11 11:12:08,812 - isca - INFO - .................................................................................................................................................................................................................................................................................................................................................................................................................................................... Makefile is ready.
2026-04-11 11:12:08,992 - isca - INFO - make: Nothing to be done for 'all'.
2026-04-11 11:12:09,134 - isca - INFO - make: 'soc_isca.x' is up to date.
2026-04-11 11:12:09,135 - isca - INFO - Compilation complete.
2026-04-11 11:12:09,206 - isca - INFO - Emptied run directory '/home/x_ryabo/Isca-Ryan_tmp/experiment/14_5_1570_as007_Sun/run'
2026-04-11 11:12:10,899 - isca - INFO - Writing namelist to '/home/x_ryabo/Isca-Ryan_tmp/experiment/14_5_1570_as007_Sun/run/input.nml'
2026-04-11 11:12:10,901 - isca - INFO - Writing field_table to '/home/x_ryabo/Isca-Ryan_tmp/experiment/14_5_1570_as007_Sun/run/field_table'
2026-04-11 11:12:10,920 - isca - INFO - Writing diag_table to '/home/x_ryabo/Isca-Ryan_tmp/experiment/14_5_1570_as007_Sun/run/diag_table'
2026-04-11 11:12:10,952 - isca - INFO - Running without restart file
2026-04-11 11:12:10,957 - isca - INFO - Beginning run 0
2026-04-11 11:12:10,966 - isca - INFO - process running as 3590048
2026-04-11 11:12:10,967 - isca - DEBUG - loadmodules for Isca on NSC cluster Tetralith
2026-04-11 11:12:10,968 - isca - DEBUG - mpiifort
2026-04-11 11:12:11,288 - isca - DEBUG - The following modules were not unloaded:
2026-04-11 11:12:11,289 - isca - DEBUG - (Use "module --force purge" to unload all):
2026-04-11 11:12:11,289 - isca - DEBUG - 
2026-04-11 11:12:11,289 - isca - DEBUG - 1) hpc/.1.10.1
2026-04-11 11:12:11,405 - isca - DEBUG - ***************************************************
2026-04-11 11:12:11,405 - isca - DEBUG - You have loaded a buildenv module
2026-04-11 11:12:11,405 - isca - DEBUG - ***************************************************
2026-04-11 11:12:11,405 - isca - DEBUG - The buldenv-intel module makes available:
2026-04-11 11:12:11,405 - isca - DEBUG - - Compilers: icc, ifort, etc.
2026-04-11 11:12:11,405 - isca - DEBUG - - Mpi library with mpi-wrapped compilers: intel mpi with mpicc, mpifort, etc.
2026-04-11 11:12:11,405 - isca - DEBUG - - Numerical libraries: intel MKL
2026-04-11 11:12:11,405 - isca - DEBUG - 
2026-04-11 11:12:11,405 - isca - DEBUG - It also makes a set of dependency library modules available via
2026-04-11 11:12:11,405 - isca - DEBUG - the regular module command. Just do:
2026-04-11 11:12:11,405 - isca - DEBUG - module avail
2026-04-11 11:12:11,405 - isca - DEBUG - to see what is available.
2026-04-11 11:12:11,405 - isca - DEBUG - 
2026-04-11 11:12:11,405 - isca - DEBUG - NOTE: You shoud never load build environments inside submitted jobs.
2026-04-11 11:12:11,405 - isca - DEBUG - (with the single exception of when using supercomputer time to compile code.)
2026-04-11 11:12:11,405 - isca - DEBUG - 
2026-04-11 11:12:13,931 - isca - DEBUG - NOTE from PE    0: MPP_DOMAINS_SET_STACK_SIZE: stack size set to    32768.
2026-04-11 11:12:13,932 - isca - DEBUG - &MPP_IO_NML
2026-04-11 11:12:13,932 - isca - DEBUG - HEADER_BUFFER_VAL       =       16384,
2026-04-11 11:12:13,932 - isca - DEBUG - GLOBAL_FIELD_ON_ROOT_PE = T,
2026-04-11 11:12:13,932 - isca - DEBUG - IO_CLOCKS_ON    = F,
2026-04-11 11:12:13,932 - isca - DEBUG - SHUFFLE =           0,
2026-04-11 11:12:13,932 - isca - DEBUG - DEFLATE_LEVEL   =          -1
2026-04-11 11:12:13,932 - isca - DEBUG - /
2026-04-11 11:12:13,933 - isca - DEBUG - NOTE from PE    0: MPP_IO_SET_STACK_SIZE: stack size set to     131072.
2026-04-11 11:12:13,934 - isca - DEBUG - NOTE from PE    0: MPP_DOMAINS_SET_STACK_SIZE: stack size set to   600000.
2026-04-11 11:12:13,942 - isca - DEBUG - starting            1  OpenMP threads per MPI-task
2026-04-11 11:12:13,944 - isca - DEBUG - ATMOS MODEL DOMAIN DECOMPOSITION
2026-04-11 11:12:13,944 - isca - DEBUG - X-AXIS =  128
2026-04-11 11:12:13,944 - isca - DEBUG - Y-AXIS =    4   4   4   4   4   4   4   4   4   4   4   4   4   4   4   4
2026-04-11 11:12:13,959 - isca - DEBUG - mean surface pressure=1000.0000 mb
2026-04-11 11:12:13,969 - isca - DEBUG - NOTE from PE    0: cloud_simple: Using SimCloud cloud scheme
2026-04-11 11:12:13,971 - isca - DEBUG - NOTE from PE    0: ls_cloud: Using Sundqvist (1989) cloud fraction diagnostic formula.
2026-04-11 11:12:13,971 - isca - DEBUG - NOTE from PE    0: cloud_cover: The cloud overlap assumption is MAXIMUM-RANDOM
2026-04-11 11:12:13,971 - isca - DEBUG - NOTE from PE    0: idealized_moist_phys: Using Frierson Quasi-Equilibrium convection scheme.
2026-04-11 11:12:13,975 - isca - DEBUG - 
2026-04-11 11:12:13,975 - isca - DEBUG - 
2026-04-11 11:12:13,975 - isca - WARNING - WARNING from PE   14: socrates_init: dt_rad does not fit into one day an integer number of times
2026-04-11 11:12:13,975 - isca - DEBUG - 
2026-04-11 11:12:13,975 - isca - WARNING - WARNING from PE   12: socrates_init: dt_rad does not fit into one day an integer number of times
2026-04-11 11:12:13,975 - isca - DEBUG - 
2026-04-11 11:12:13,975 - isca - DEBUG - 
2026-04-11 11:12:13,975 - isca - WARNING - WARNING from PE    9: socrates_init: dt_rad does not fit into one day an integer number of times
2026-04-11 11:12:13,976 - isca - DEBUG - 
2026-04-11 11:12:13,976 - isca - DEBUG - 
2026-04-11 11:12:13,976 - isca - WARNING - WARNING from PE   10: socrates_init: dt_rad does not fit into one day an integer number of times
2026-04-11 11:12:13,976 - isca - DEBUG - 
2026-04-11 11:12:13,976 - isca - DEBUG - 
2026-04-11 11:12:13,976 - isca - DEBUG - 
2026-04-11 11:12:13,976 - isca - WARNING - WARNING from PE   11: socrates_init: dt_rad does not fit into one day an integer number of times
2026-04-11 11:12:13,976 - isca - DEBUG - 
2026-04-11 11:12:13,976 - isca - WARNING - WARNING from PE    7: socrates_init: dt_rad does not fit into one day an integer number of times
2026-04-11 11:12:13,976 - isca - DEBUG - 
2026-04-11 11:12:13,976 - isca - DEBUG - 
2026-04-11 11:12:13,976 - isca - WARNING - WARNING from PE   15: socrates_init: dt_rad does not fit into one day an integer number of times
2026-04-11 11:12:13,976 - isca - DEBUG - 
2026-04-11 11:12:13,976 - isca - DEBUG - 
2026-04-11 11:12:13,976 - isca - WARNING - WARNING from PE    1: socrates_init: dt_rad does not fit into one day an integer number of times
2026-04-11 11:12:13,976 - isca - DEBUG - 
2026-04-11 11:12:13,976 - isca - DEBUG - 
2026-04-11 11:12:13,976 - isca - WARNING - WARNING from PE    8: socrates_init: dt_rad does not fit into one day an integer number of times
2026-04-11 11:12:13,976 - isca - DEBUG - 
2026-04-11 11:12:13,976 - isca - DEBUG - 
2026-04-11 11:12:13,976 - isca - WARNING - WARNING from PE   13: socrates_init: dt_rad does not fit into one day an integer number of times
2026-04-11 11:12:13,976 - isca - DEBUG - 
2026-04-11 11:12:13,976 - isca - DEBUG - 
2026-04-11 11:12:13,976 - isca - WARNING - WARNING from PE    2: socrates_init: dt_rad does not fit into one day an integer number of times
2026-04-11 11:12:13,976 - isca - DEBUG - 
2026-04-11 11:12:13,976 - isca - DEBUG - 
2026-04-11 11:12:13,976 - isca - WARNING - WARNING from PE    5: socrates_init: dt_rad does not fit into one day an integer number of times
2026-04-11 11:12:13,976 - isca - DEBUG - 
2026-04-11 11:12:13,976 - isca - DEBUG - 
2026-04-11 11:12:13,976 - isca - WARNING - WARNING from PE    3: socrates_init: dt_rad does not fit into one day an integer number of times
2026-04-11 11:12:13,977 - isca - DEBUG - 
2026-04-11 11:12:13,977 - isca - DEBUG - 
2026-04-11 11:12:13,977 - isca - WARNING - WARNING from PE    4: socrates_init: dt_rad does not fit into one day an integer number of times
2026-04-11 11:12:13,977 - isca - DEBUG - 
2026-04-11 11:12:13,977 - isca - DEBUG - 
2026-04-11 11:12:13,977 - isca - WARNING - WARNING from PE    6: socrates_init: dt_rad does not fit into one day an integer number of times
2026-04-11 11:12:13,977 - isca - DEBUG - 
2026-04-11 11:12:13,979 - isca - DEBUG - 
2026-04-11 11:12:13,979 - isca - WARNING - WARNING from PE    0: socrates_init: dt_rad does not fit into one day an integer number of times
2026-04-11 11:12:13,980 - isca - DEBUG - 
2026-04-11 11:12:13,980 - isca - DEBUG - 
2026-04-11 11:12:13,980 - isca - WARNING - WARNING from PE    0: socrates_init: dt_rad does not fit into one day an integer number of times
2026-04-11 11:12:13,980 - isca - DEBUG - 
2026-04-11 11:12:13,980 - isca - DEBUG - 
2026-04-11 11:12:13,980 - isca - WARNING - WARNING from PE    0: socrates_init: lw_hires_spectral_filename is unset, making equal to lw_spectral_filename
2026-04-11 11:12:13,980 - isca - DEBUG - 
2026-04-11 11:12:13,980 - isca - DEBUG - 
2026-04-11 11:12:13,980 - isca - WARNING - WARNING from PE    0: socrates_init: sw_hires_spectral_filename is unset, making equal to sw_spectral_filename
2026-04-11 11:12:13,980 - isca - DEBUG - 
2026-04-11 11:12:13,980 - isca - DEBUG - 
2026-04-11 11:12:13,980 - isca - WARNING - WARNING from PE    0: socrates_init: lw_hires_spectral_filename is unset, making equal to lw_spectral_filename
2026-04-11 11:12:13,980 - isca - DEBUG - 
2026-04-11 11:12:13,980 - isca - DEBUG - 
2026-04-11 11:12:13,980 - isca - WARNING - WARNING from PE    0: socrates_init: sw_hires_spectral_filename is unset, making equal to sw_spectral_filename
2026-04-11 11:12:13,980 - isca - DEBUG - 
2026-04-11 11:12:15,758 - isca - DEBUG - NOTE from PE    0: Interpolator: Using input file with no time dimension - ozone_1990_notime_zero.nc
2026-04-11 11:12:15,758 - isca - DEBUG - Initializing src field : ozone_1990
2026-04-11 11:12:15,760 - isca - DEBUG - 
2026-04-11 11:12:15,760 - isca - DEBUG - -----------------------------------
2026-04-11 11:12:15,760 - isca - DEBUG - ____                       _
2026-04-11 11:12:15,760 - isca - DEBUG - / ___|  ___   ___ _ __ __ _| |_ ___  ___
2026-04-11 11:12:15,760 - isca - DEBUG - \___ \ / _ \ / __|  __/ _` | __/ _ \/ __|
2026-04-11 11:12:15,760 - isca - DEBUG - ___) | (_) | (__| | | (_| | ||  __/\__ \
2026-04-11 11:12:15,760 - isca - DEBUG - |____/ \___/ \___|_|  \__,_|\__\___||___/
2026-04-11 11:12:15,760 - isca - DEBUG - 
2026-04-11 11:12:15,760 - isca - DEBUG - Initialised Socrates v17.03
2026-04-11 11:12:15,761 - isca - DEBUG - Stellar constant =    1570.00000000000
2026-04-11 11:12:15,761 - isca - DEBUG - Longwave spectral file =
2026-04-11 11:12:15,761 - isca - DEBUG - /proj/bolinc/users/x_ryabo/socrates_edited_for_isca/spectral_files_for_GCMs/Sun
2026-04-11 11:12:15,761 - isca - DEBUG - /miniSuran_lw.sf WITH           16  bands
2026-04-11 11:12:15,761 - isca - DEBUG - Longwave hires spectral file =
2026-04-11 11:12:15,761 - isca - DEBUG - /proj/bolinc/users/x_ryabo/socrates_edited_for_isca/spectral_files_for_GCMs/Sun
2026-04-11 11:12:15,761 - isca - DEBUG - /miniSuran_lw.sf WITH           16  bands
2026-04-11 11:12:15,761 - isca - DEBUG - Shortwave spectral file =
2026-04-11 11:12:15,761 - isca - DEBUG - /proj/bolinc/users/x_ryabo/socrates_edited_for_isca/spectral_files_for_GCMs/Sun
2026-04-11 11:12:15,761 - isca - DEBUG - /miniSuran_sw.sf WITH           16  bands
2026-04-11 11:12:15,761 - isca - DEBUG - Shortwave hires spectral file =
2026-04-11 11:12:15,761 - isca - DEBUG - /proj/bolinc/users/x_ryabo/socrates_edited_for_isca/spectral_files_for_GCMs/Sun
2026-04-11 11:12:15,761 - isca - DEBUG - /miniSuran_sw.sf WITH           16  bands
2026-04-11 11:12:15,761 - isca - DEBUG - 
2026-04-11 11:12:15,761 - isca - DEBUG - -----------------------------------
2026-04-11 11:12:15,761 - isca - DEBUG - 
2026-04-11 11:12:56,117 - isca - DEBUG - Integration completed through     1 days     0 seconds
2026-04-11 11:13:37,058 - isca - DEBUG - Integration completed through     2 days     0 seconds
2026-04-11 11:14:18,600 - isca - DEBUG - Integration completed through     3 days     0 seconds
2026-04-11 11:15:00,511 - isca - DEBUG - Integration completed through     4 days     0 seconds
2026-04-11 11:15:42,196 - isca - DEBUG - Integration completed through     5 days     0 seconds
2026-04-11 11:16:22,278 - isca - DEBUG - Integration completed through     6 days     0 seconds
2026-04-11 11:17:03,561 - isca - DEBUG - Integration completed through     7 days     0 seconds
2026-04-11 11:17:44,366 - isca - DEBUG - Integration completed through     8 days     0 seconds
2026-04-11 11:18:26,594 - isca - DEBUG - Integration completed through     9 days     0 seconds
2026-04-11 11:19:08,048 - isca - DEBUG - Integration completed through    10 days     0 seconds
2026-04-11 11:19:49,414 - isca - DEBUG - Integration completed through    11 days     0 seconds
2026-04-11 11:20:30,328 - isca - DEBUG - Integration completed through    12 days     0 seconds
2026-04-11 11:21:11,535 - isca - DEBUG - Integration completed through    13 days     0 seconds
2026-04-11 11:21:53,760 - isca - DEBUG - Integration completed through    14 days     0 seconds
2026-04-11 11:22:36,383 - isca - DEBUG - Integration completed through    15 days     0 seconds
2026-04-11 11:23:19,503 - isca - DEBUG - Integration completed through    16 days     0 seconds
2026-04-11 11:24:03,218 - isca - DEBUG - Integration completed through    17 days     0 seconds
2026-04-11 11:24:46,570 - isca - DEBUG - Integration completed through    18 days     0 seconds
2026-04-11 11:25:28,230 - isca - DEBUG - Integration completed through    19 days     0 seconds
2026-04-11 11:26:11,352 - isca - DEBUG - Integration completed through    20 days     0 seconds
2026-04-11 11:26:53,782 - isca - DEBUG - Integration completed through    21 days     0 seconds
2026-04-11 11:27:36,846 - isca - DEBUG - Integration completed through    22 days     0 seconds
2026-04-11 11:28:19,938 - isca - DEBUG - Integration completed through    23 days     0 seconds
2026-04-11 11:29:02,151 - isca - DEBUG - Integration completed through    24 days     0 seconds
2026-04-11 11:29:45,104 - isca - DEBUG - Integration completed through    25 days     0 seconds
2026-04-11 11:30:30,124 - isca - DEBUG - Integration completed through    26 days     0 seconds
2026-04-11 11:31:13,537 - isca - DEBUG - Integration completed through    27 days     0 seconds
2026-04-11 11:31:56,818 - isca - DEBUG - Integration completed through    28 days     0 seconds
2026-04-11 11:32:40,377 - isca - DEBUG - Integration completed through    29 days     0 seconds
2026-04-11 11:33:24,056 - isca - DEBUG - Integration completed through    30 days     0 seconds
2026-04-11 11:33:24,070 - isca - DEBUG - 
2026-04-11 11:33:24,070 - isca - WARNING - WARNING from PE    0: diag_util_mod::opening_file: module/field_name (socrates/soc_toa_sw_down_clr) NOT registered
2026-04-11 11:33:24,070 - isca - DEBUG - 
2026-04-11 11:33:24,070 - isca - DEBUG - 
2026-04-11 11:33:24,070 - isca - WARNING - WARNING from PE    0: diag_util_mod::opening_file: module/field_name (cloud_simple/rh_min) NOT registered
2026-04-11 11:33:24,070 - isca - DEBUG - 
2026-04-11 11:33:24,070 - isca - DEBUG - 
2026-04-11 11:33:24,070 - isca - WARNING - WARNING from PE    0: diag_util_mod::opening_file: module/field_name (socrates/soc_toa_sw_down_clr) NOT registered
2026-04-11 11:33:24,070 - isca - DEBUG - 
2026-04-11 11:33:24,070 - isca - DEBUG - 
2026-04-11 11:33:24,070 - isca - WARNING - WARNING from PE    0: diag_util_mod::opening_file: module/field_name (cloud_simple/rh_min) NOT registered
2026-04-11 11:33:24,070 - isca - DEBUG - 
2026-04-11 11:33:24,111 - isca - DEBUG - NOTE from PE    0: MPP_IO_SET_STACK_SIZE: stack size set to     393216.
2026-04-11 11:33:24,210 - isca - DEBUG - MPP_DOMAINS_STACK high water mark=       49152
2026-04-11 11:33:24,210 - isca - DEBUG - 
2026-04-11 11:33:24,210 - isca - DEBUG - Tabulating mpp_clock statistics across     16 PEs...
2026-04-11 11:33:24,210 - isca - DEBUG - 
2026-04-11 11:33:24,210 - isca - DEBUG - tmin          tmax          tavg          tstd  tfrac grain pemin pemax
2026-04-11 11:33:24,211 - isca - DEBUG - Total runtime                      1270.275546   1270.283550   1270.278846      0.002011  1.000     0     0    15
2026-04-11 11:33:24,211 - isca - DEBUG - MPP_STACK high water mark=           0
2026-04-11 11:33:24,298 - isca - INFO - Run 0 complete
2026-04-11 11:33:25,386 - isca - DEBUG - atmos_monthly.nc combined and copied to data directory
2026-04-11 11:33:30,580 - isca - INFO - Restart archive created at /proj/bolinc/users/x_ryabo/Isca-Ryan_outputs/14_5_1570_as007_Sun/restarts/res0000.tar.gz
2026-04-11 11:33:30,594 - isca - INFO - Writing namelist to '/proj/bolinc/users/x_ryabo/Isca-Ryan_outputs/14_5_1570_as007_Sun/run0000/input.nml'
2026-04-11 11:33:30,596 - isca - INFO - Writing field_table to '/proj/bolinc/users/x_ryabo/Isca-Ryan_outputs/14_5_1570_as007_Sun/run0000/field_table'
2026-04-11 11:33:30,606 - isca - INFO - Writing diag_table to '/proj/bolinc/users/x_ryabo/Isca-Ryan_outputs/14_5_1570_as007_Sun/run0000/diag_table'
2026-04-11 11:33:30,963 - isca - INFO - Emptied run directory '/home/x_ryabo/Isca-Ryan_tmp/experiment/14_5_1570_as007_Sun/run'
2026-04-11 11:33:30,986 - isca - INFO - Emptied run directory '/home/x_ryabo/Isca-Ryan_tmp/experiment/14_5_1570_as007_Sun/run'
2026-04-11 11:33:31,350 - isca - INFO - Writing namelist to '/home/x_ryabo/Isca-Ryan_tmp/experiment/14_5_1570_as007_Sun/run/input.nml'
2026-04-11 11:33:31,353 - isca - INFO - Writing field_table to '/home/x_ryabo/Isca-Ryan_tmp/experiment/14_5_1570_as007_Sun/run/field_table'
2026-04-11 11:33:31,365 - isca - INFO - Writing diag_table to '/home/x_ryabo/Isca-Ryan_tmp/experiment/14_5_1570_as007_Sun/run/diag_table'
2026-04-11 11:33:31,381 - isca - WARNING - use_restart=True, but restart_file not specified.  As this is run 1, assuming spin-up from namelist stated initial conditions so continuing.
2026-04-11 11:33:31,381 - isca - INFO - Running without restart file
2026-04-11 11:33:31,382 - isca - INFO - Beginning run 1
2026-04-11 11:33:31,394 - isca - INFO - process running as 3591608
2026-04-11 11:33:31,394 - isca - DEBUG - loadmodules for Isca on NSC cluster Tetralith
2026-04-11 11:33:31,394 - isca - DEBUG - mpiifort
2026-04-11 11:33:31,525 - isca - DEBUG - The following modules were not unloaded:
2026-04-11 11:33:31,525 - isca - DEBUG - (Use "module --force purge" to unload all):
2026-04-11 11:33:31,525 - isca - DEBUG - 
2026-04-11 11:33:31,525 - isca - DEBUG - 1) hpc/.1.10.1
2026-04-11 11:33:31,635 - isca - DEBUG - ***************************************************
2026-04-11 11:33:31,636 - isca - DEBUG - You have loaded a buildenv module
2026-04-11 11:33:31,636 - isca - DEBUG - ***************************************************
2026-04-11 11:33:31,636 - isca - DEBUG - The buldenv-intel module makes available:
2026-04-11 11:33:31,636 - isca - DEBUG - - Compilers: icc, ifort, etc.
2026-04-11 11:33:31,636 - isca - DEBUG - - Mpi library with mpi-wrapped compilers: intel mpi with mpicc, mpifort, etc.
2026-04-11 11:33:31,636 - isca - DEBUG - - Numerical libraries: intel MKL
2026-04-11 11:33:31,636 - isca - DEBUG - 
2026-04-11 11:33:31,636 - isca - DEBUG - It also makes a set of dependency library modules available via
2026-04-11 11:33:31,636 - isca - DEBUG - the regular module command. Just do:
2026-04-11 11:33:31,636 - isca - DEBUG - module avail
2026-04-11 11:33:31,636 - isca - DEBUG - to see what is available.
2026-04-11 11:33:31,636 - isca - DEBUG - 
2026-04-11 11:33:31,636 - isca - DEBUG - NOTE: You shoud never load build environments inside submitted jobs.
2026-04-11 11:33:31,636 - isca - DEBUG - (with the single exception of when using supercomputer time to compile code.)
2026-04-11 11:33:31,636 - isca - DEBUG - 
2026-04-11 11:33:33,058 - isca - DEBUG - NOTE from PE    0: MPP_DOMAINS_SET_STACK_SIZE: stack size set to    32768.
2026-04-11 11:33:33,058 - isca - DEBUG - &MPP_IO_NML
2026-04-11 11:33:33,058 - isca - DEBUG - HEADER_BUFFER_VAL       =       16384,
2026-04-11 11:33:33,058 - isca - DEBUG - GLOBAL_FIELD_ON_ROOT_PE = T,
2026-04-11 11:33:33,058 - isca - DEBUG - IO_CLOCKS_ON    = F,
2026-04-11 11:33:33,058 - isca - DEBUG - SHUFFLE =           0,
2026-04-11 11:33:33,058 - isca - DEBUG - DEFLATE_LEVEL   =          -1
2026-04-11 11:33:33,058 - isca - DEBUG - /
2026-04-11 11:33:33,060 - isca - DEBUG - NOTE from PE    0: MPP_IO_SET_STACK_SIZE: stack size set to     131072.
2026-04-11 11:33:33,060 - isca - DEBUG - NOTE from PE    0: MPP_DOMAINS_SET_STACK_SIZE: stack size set to   600000.
2026-04-11 11:33:33,068 - isca - DEBUG - starting            1  OpenMP threads per MPI-task
2026-04-11 11:33:33,070 - isca - DEBUG - ATMOS MODEL DOMAIN DECOMPOSITION
2026-04-11 11:33:33,070 - isca - DEBUG - X-AXIS =  128
2026-04-11 11:33:33,070 - isca - DEBUG - Y-AXIS =    4   4   4   4   4   4   4   4   4   4   4   4   4   4   4   4
2026-04-11 11:33:33,085 - isca - DEBUG - mean surface pressure=1000.0000 mb
2026-04-11 11:33:33,095 - isca - DEBUG - NOTE from PE    0: cloud_simple: Using SimCloud cloud scheme
2026-04-11 11:33:33,096 - isca - DEBUG - NOTE from PE    0: ls_cloud: Using Sundqvist (1989) cloud fraction diagnostic formula.
2026-04-11 11:33:33,097 - isca - DEBUG - NOTE from PE    0: cloud_cover: The cloud overlap assumption is MAXIMUM-RANDOM
2026-04-11 11:33:33,097 - isca - DEBUG - NOTE from PE    0: idealized_moist_phys: Using Frierson Quasi-Equilibrium convection scheme.
2026-04-11 11:33:33,101 - isca - DEBUG - 
2026-04-11 11:33:33,101 - isca - WARNING - WARNING from PE   11: socrates_init: dt_rad does not fit into one day an integer number of times
2026-04-11 11:33:33,101 - isca - DEBUG - 
2026-04-11 11:33:33,101 - isca - DEBUG - 
2026-04-11 11:33:33,101 - isca - DEBUG - 
2026-04-11 11:33:33,101 - isca - WARNING - WARNING from PE   15: socrates_init: dt_rad does not fit into one day an integer number of times
2026-04-11 11:33:33,101 - isca - DEBUG - 
2026-04-11 11:33:33,101 - isca - WARNING - WARNING from PE    5: socrates_init: dt_rad does not fit into one day an integer number of times
2026-04-11 11:33:33,101 - isca - DEBUG - 
2026-04-11 11:33:33,101 - isca - WARNING - WARNING from PE    1: socrates_init: dt_rad does not fit into one day an integer number of times
2026-04-11 11:33:33,102 - isca - DEBUG - 
2026-04-11 11:33:33,102 - isca - DEBUG - 
2026-04-11 11:33:33,102 - isca - WARNING - WARNING from PE   13: socrates_init: dt_rad does not fit into one day an integer number of times
2026-04-11 11:33:33,102 - isca - DEBUG - 
2026-04-11 11:33:33,102 - isca - DEBUG - 
2026-04-11 11:33:33,102 - isca - DEBUG - 
2026-04-11 11:33:33,102 - isca - WARNING - WARNING from PE    9: socrates_init: dt_rad does not fit into one day an integer number of times
2026-04-11 11:33:33,102 - isca - DEBUG - 
2026-04-11 11:33:33,102 - isca - DEBUG - 
2026-04-11 11:33:33,102 - isca - DEBUG - 
2026-04-11 11:33:33,102 - isca - WARNING - WARNING from PE    4: socrates_init: dt_rad does not fit into one day an integer number of times
2026-04-11 11:33:33,102 - isca - DEBUG - 
2026-04-11 11:33:33,102 - isca - DEBUG - 
2026-04-11 11:33:33,102 - isca - WARNING - WARNING from PE    8: socrates_init: dt_rad does not fit into one day an integer number of times
2026-04-11 11:33:33,102 - isca - DEBUG - 
2026-04-11 11:33:33,102 - isca - DEBUG - 
2026-04-11 11:33:33,102 - isca - WARNING - WARNING from PE   10: socrates_init: dt_rad does not fit into one day an integer number of times
2026-04-11 11:33:33,102 - isca - DEBUG - 
2026-04-11 11:33:33,102 - isca - DEBUG - 
2026-04-11 11:33:33,102 - isca - WARNING - WARNING from PE    6: socrates_init: dt_rad does not fit into one day an integer number of times
2026-04-11 11:33:33,102 - isca - DEBUG - 
2026-04-11 11:33:33,102 - isca - DEBUG - 
2026-04-11 11:33:33,102 - isca - WARNING - WARNING from PE   14: socrates_init: dt_rad does not fit into one day an integer number of times
2026-04-11 11:33:33,102 - isca - DEBUG - 
2026-04-11 11:33:33,102 - isca - WARNING - WARNING from PE   12: socrates_init: dt_rad does not fit into one day an integer number of times
2026-04-11 11:33:33,102 - isca - DEBUG - 
2026-04-11 11:33:33,102 - isca - DEBUG - 
2026-04-11 11:33:33,102 - isca - WARNING - WARNING from PE    3: socrates_init: dt_rad does not fit into one day an integer number of times
2026-04-11 11:33:33,102 - isca - DEBUG - 
2026-04-11 11:33:33,103 - isca - DEBUG - 
2026-04-11 11:33:33,103 - isca - WARNING - WARNING from PE    7: socrates_init: dt_rad does not fit into one day an integer number of times
2026-04-11 11:33:33,103 - isca - DEBUG - 
2026-04-11 11:33:33,103 - isca - DEBUG - 
2026-04-11 11:33:33,103 - isca - WARNING - WARNING from PE    2: socrates_init: dt_rad does not fit into one day an integer number of times
2026-04-11 11:33:33,103 - isca - DEBUG - 
2026-04-11 11:33:33,105 - isca - DEBUG - 
2026-04-11 11:33:33,105 - isca - WARNING - WARNING from PE    0: socrates_init: dt_rad does not fit into one day an integer number of times
2026-04-11 11:33:33,105 - isca - DEBUG - 
2026-04-11 11:33:33,105 - isca - DEBUG - 
2026-04-11 11:33:33,106 - isca - WARNING - WARNING from PE    0: socrates_init: dt_rad does not fit into one day an integer number of times
2026-04-11 11:33:33,106 - isca - DEBUG - 
2026-04-11 11:33:33,106 - isca - DEBUG - 
2026-04-11 11:33:33,106 - isca - WARNING - WARNING from PE    0: socrates_init: lw_hires_spectral_filename is unset, making equal to lw_spectral_filename
2026-04-11 11:33:33,106 - isca - DEBUG - 
2026-04-11 11:33:33,106 - isca - DEBUG - 
2026-04-11 11:33:33,106 - isca - WARNING - WARNING from PE    0: socrates_init: lw_hires_spectral_filename is unset, making equal to lw_spectral_filename
2026-04-11 11:33:33,106 - isca - DEBUG - 
2026-04-11 11:33:33,106 - isca - DEBUG - 
2026-04-11 11:33:33,106 - isca - WARNING - WARNING from PE    0: socrates_init: sw_hires_spectral_filename is unset, making equal to sw_spectral_filename
2026-04-11 11:33:33,106 - isca - DEBUG - 
2026-04-11 11:33:33,106 - isca - DEBUG - 
2026-04-11 11:33:33,106 - isca - WARNING - WARNING from PE    0: socrates_init: sw_hires_spectral_filename is unset, making equal to sw_spectral_filename
2026-04-11 11:33:33,106 - isca - DEBUG - 
2026-04-11 11:33:34,364 - isca - DEBUG - NOTE from PE    0: Interpolator: Using input file with no time dimension - ozone_1990_notime_zero.nc
2026-04-11 11:33:34,364 - isca - DEBUG - Initializing src field : ozone_1990
2026-04-11 11:33:34,366 - isca - DEBUG - 
2026-04-11 11:33:34,366 - isca - DEBUG - -----------------------------------
2026-04-11 11:33:34,366 - isca - DEBUG - ____                       _
2026-04-11 11:33:34,366 - isca - DEBUG - / ___|  ___   ___ _ __ __ _| |_ ___  ___
2026-04-11 11:33:34,366 - isca - DEBUG - \___ \ / _ \ / __|  __/ _` | __/ _ \/ __|
2026-04-11 11:33:34,366 - isca - DEBUG - ___) | (_) | (__| | | (_| | ||  __/\__ \
2026-04-11 11:33:34,366 - isca - DEBUG - |____/ \___/ \___|_|  \__,_|\__\___||___/
2026-04-11 11:33:34,366 - isca - DEBUG - 
2026-04-11 11:33:34,366 - isca - DEBUG - Initialised Socrates v17.03
2026-04-11 11:33:34,366 - isca - DEBUG - Stellar constant =    1570.00000000000
2026-04-11 11:33:34,366 - isca - DEBUG - Longwave spectral file =
2026-04-11 11:33:34,367 - isca - DEBUG - /proj/bolinc/users/x_ryabo/socrates_edited_for_isca/spectral_files_for_GCMs/Sun
2026-04-11 11:33:34,367 - isca - DEBUG - /miniSuran_lw.sf WITH           16  bands
2026-04-11 11:33:34,367 - isca - DEBUG - Longwave hires spectral file =
2026-04-11 11:33:34,367 - isca - DEBUG - /proj/bolinc/users/x_ryabo/socrates_edited_for_isca/spectral_files_for_GCMs/Sun
2026-04-11 11:33:34,367 - isca - DEBUG - /miniSuran_lw.sf WITH           16  bands
2026-04-11 11:33:34,367 - isca - DEBUG - Shortwave spectral file =
2026-04-11 11:33:34,367 - isca - DEBUG - /proj/bolinc/users/x_ryabo/socrates_edited_for_isca/spectral_files_for_GCMs/Sun
2026-04-11 11:33:34,367 - isca - DEBUG - /miniSuran_sw.sf WITH           16  bands
2026-04-11 11:33:34,367 - isca - DEBUG - Shortwave hires spectral file =
2026-04-11 11:33:34,367 - isca - DEBUG - /proj/bolinc/users/x_ryabo/socrates_edited_for_isca/spectral_files_for_GCMs/Sun
2026-04-11 11:33:34,367 - isca - DEBUG - /miniSuran_sw.sf WITH           16  bands
2026-04-11 11:33:34,367 - isca - DEBUG - 
2026-04-11 11:33:34,367 - isca - DEBUG - -----------------------------------
2026-04-11 11:33:34,367 - isca - DEBUG - 
2026-04-11 11:34:13,764 - isca - DEBUG - Integration completed through     1 days     0 seconds
2026-04-11 11:34:53,905 - isca - DEBUG - Integration completed through     2 days     0 seconds
2026-04-11 11:35:34,045 - isca - DEBUG - Integration completed through     3 days     0 seconds
2026-04-11 11:36:13,834 - isca - DEBUG - Integration completed through     4 days     0 seconds
2026-04-11 11:36:54,754 - isca - DEBUG - Integration completed through     5 days     0 seconds
2026-04-11 11:37:36,384 - isca - DEBUG - Integration completed through     6 days     0 seconds
2026-04-11 11:38:16,451 - isca - DEBUG - Integration completed through     7 days     0 seconds
2026-04-11 11:38:57,469 - isca - DEBUG - Integration completed through     8 days     0 seconds
2026-04-11 11:39:38,532 - isca - DEBUG - Integration completed through     9 days     0 seconds
2026-04-11 11:40:19,326 - isca - DEBUG - Integration completed through    10 days     0 seconds
2026-04-11 11:41:00,624 - isca - DEBUG - Integration completed through    11 days     0 seconds
2026-04-11 11:41:41,225 - isca - DEBUG - Integration completed through    12 days     0 seconds
2026-04-11 11:42:23,176 - isca - DEBUG - Integration completed through    13 days     0 seconds
2026-04-11 11:43:04,448 - isca - DEBUG - Integration completed through    14 days     0 seconds
2026-04-11 11:43:45,778 - isca - DEBUG - Integration completed through    15 days     0 seconds
2026-04-11 11:44:26,526 - isca - DEBUG - Integration completed through    16 days     0 seconds
2026-04-11 11:45:08,722 - isca - DEBUG - Integration completed through    17 days     0 seconds
2026-04-11 11:45:51,123 - isca - DEBUG - Integration completed through    18 days     0 seconds
2026-04-11 11:46:33,022 - isca - DEBUG - Integration completed through    19 days     0 seconds
2026-04-11 11:47:15,880 - isca - DEBUG - Integration completed through    20 days     0 seconds
2026-04-11 11:47:58,440 - isca - DEBUG - Integration completed through    21 days     0 seconds
2026-04-11 11:48:41,730 - isca - DEBUG - Integration completed through    22 days     0 seconds
2026-04-11 11:49:23,338 - isca - DEBUG - Integration completed through    23 days     0 seconds
2026-04-11 11:50:07,165 - isca - DEBUG - Integration completed through    24 days     0 seconds
2026-04-11 11:50:50,107 - isca - DEBUG - Integration completed through    25 days     0 seconds
2026-04-11 11:51:33,452 - isca - DEBUG - Integration completed through    26 days     0 seconds
2026-04-11 11:52:15,561 - isca - DEBUG - Integration completed through    27 days     0 seconds
2026-04-11 11:52:59,035 - isca - DEBUG - Integration completed through    28 days     0 seconds
2026-04-11 11:53:43,591 - isca - DEBUG - Integration completed through    29 days     0 seconds
2026-04-11 11:54:27,263 - isca - DEBUG - Integration completed through    30 days     0 seconds
2026-04-11 11:54:27,274 - isca - DEBUG - 
2026-04-11 11:54:27,275 - isca - WARNING - WARNING from PE    0: diag_util_mod::opening_file: module/field_name (socrates/soc_toa_sw_down_clr) NOT registered
2026-04-11 11:54:27,275 - isca - DEBUG - 
2026-04-11 11:54:27,275 - isca - DEBUG - 
2026-04-11 11:54:27,275 - isca - WARNING - WARNING from PE    0: diag_util_mod::opening_file: module/field_name (socrates/soc_toa_sw_down_clr) NOT registered
2026-04-11 11:54:27,275 - isca - DEBUG - 
2026-04-11 11:54:27,275 - isca - DEBUG - 
2026-04-11 11:54:27,275 - isca - WARNING - WARNING from PE    0: diag_util_mod::opening_file: module/field_name (cloud_simple/rh_min) NOT registered
2026-04-11 11:54:27,275 - isca - DEBUG - 
2026-04-11 11:54:27,275 - isca - DEBUG - 
2026-04-11 11:54:27,275 - isca - WARNING - WARNING from PE    0: diag_util_mod::opening_file: module/field_name (cloud_simple/rh_min) NOT registered
2026-04-11 11:54:27,275 - isca - DEBUG - 
2026-04-11 11:54:27,287 - isca - DEBUG - NOTE from PE    0: MPP_IO_SET_STACK_SIZE: stack size set to     393216.
2026-04-11 11:54:27,420 - isca - DEBUG - MPP_DOMAINS_STACK high water mark=       49152
2026-04-11 11:54:27,421 - isca - DEBUG - 
2026-04-11 11:54:27,421 - isca - DEBUG - Tabulating mpp_clock statistics across     16 PEs...
2026-04-11 11:54:27,421 - isca - DEBUG - 
2026-04-11 11:54:27,421 - isca - DEBUG - tmin          tmax          tavg          tstd  tfrac grain pemin pemax
2026-04-11 11:54:27,421 - isca - DEBUG - Total runtime                      1254.358944   1254.366710   1254.363228      0.002368  1.000     0     0    15
2026-04-11 11:54:27,421 - isca - DEBUG - MPP_STACK high water mark=           0
2026-04-11 11:54:27,612 - isca - INFO - Run 1 complete
2026-04-11 11:54:28,753 - isca - DEBUG - atmos_monthly.nc combined and copied to data directory
2026-04-11 11:54:34,892 - isca - INFO - Restart archive created at /proj/bolinc/users/x_ryabo/Isca-Ryan_outputs/14_5_1570_as007_Sun/restarts/res0001.tar.gz
2026-04-11 11:54:34,909 - isca - INFO - Writing namelist to '/proj/bolinc/users/x_ryabo/Isca-Ryan_outputs/14_5_1570_as007_Sun/run0001/input.nml'
2026-04-11 11:54:34,912 - isca - INFO - Writing field_table to '/proj/bolinc/users/x_ryabo/Isca-Ryan_outputs/14_5_1570_as007_Sun/run0001/field_table'
2026-04-11 11:54:34,928 - isca - INFO - Writing diag_table to '/proj/bolinc/users/x_ryabo/Isca-Ryan_outputs/14_5_1570_as007_Sun/run0001/diag_table'
2026-04-11 11:54:35,373 - isca - INFO - Emptied run directory '/home/x_ryabo/Isca-Ryan_tmp/experiment/14_5_1570_as007_Sun/run'
2026-04-11 11:54:35,409 - isca - INFO - Emptied run directory '/home/x_ryabo/Isca-Ryan_tmp/experiment/14_5_1570_as007_Sun/run'
2026-04-11 11:54:35,810 - isca - INFO - Writing namelist to '/home/x_ryabo/Isca-Ryan_tmp/experiment/14_5_1570_as007_Sun/run/input.nml'
2026-04-11 11:54:35,812 - isca - INFO - Writing field_table to '/home/x_ryabo/Isca-Ryan_tmp/experiment/14_5_1570_as007_Sun/run/field_table'
2026-04-11 11:54:35,826 - isca - INFO - Writing diag_table to '/home/x_ryabo/Isca-Ryan_tmp/experiment/14_5_1570_as007_Sun/run/diag_table'
2026-04-11 11:54:35,853 - isca - INFO - Using restart file '/proj/bolinc/users/x_ryabo/Isca-Ryan_outputs/14_5_1570_as007_Sun/restarts/res0001.tar.gz'
2026-04-11 11:54:36,338 - isca - INFO - Restart /proj/bolinc/users/x_ryabo/Isca-Ryan_outputs/14_5_1570_as007_Sun/restarts/res0001.tar.gz extracted to /home/x_ryabo/Isca-Ryan_tmp/experiment/14_5_1570_as007_Sun/run/INPUT
2026-04-11 11:54:36,339 - isca - INFO - Beginning run 2
2026-04-11 11:54:36,354 - isca - INFO - process running as 3592700
2026-04-11 11:54:36,354 - isca - DEBUG - loadmodules for Isca on NSC cluster Tetralith
2026-04-11 11:54:36,354 - isca - DEBUG - mpiifort
2026-04-11 11:54:36,503 - isca - DEBUG - The following modules were not unloaded:
2026-04-11 11:54:36,503 - isca - DEBUG - (Use "module --force purge" to unload all):
2026-04-11 11:54:36,503 - isca - DEBUG - 
2026-04-11 11:54:36,503 - isca - DEBUG - 1) hpc/.1.10.1
2026-04-11 11:54:36,641 - isca - DEBUG - ***************************************************
2026-04-11 11:54:36,641 - isca - DEBUG - You have loaded a buildenv module
2026-04-11 11:54:36,641 - isca - DEBUG - ***************************************************
2026-04-11 11:54:36,641 - isca - DEBUG - The buldenv-intel module makes available:
2026-04-11 11:54:36,641 - isca - DEBUG - - Compilers: icc, ifort, etc.
2026-04-11 11:54:36,641 - isca - DEBUG - - Mpi library with mpi-wrapped compilers: intel mpi with mpicc, mpifort, etc.
2026-04-11 11:54:36,641 - isca - DEBUG - - Numerical libraries: intel MKL
2026-04-11 11:54:36,641 - isca - DEBUG - 
2026-04-11 11:54:36,641 - isca - DEBUG - It also makes a set of dependency library modules available via
2026-04-11 11:54:36,641 - isca - DEBUG - the regular module command. Just do:
2026-04-11 11:54:36,641 - isca - DEBUG - module avail
2026-04-11 11:54:36,641 - isca - DEBUG - to see what is available.
2026-04-11 11:54:36,641 - isca - DEBUG - 
2026-04-11 11:54:36,641 - isca - DEBUG - NOTE: You shoud never load build environments inside submitted jobs.
2026-04-11 11:54:36,641 - isca - DEBUG - (with the single exception of when using supercomputer time to compile code.)
2026-04-11 11:54:36,641 - isca - DEBUG - 
2026-04-11 11:54:38,323 - isca - DEBUG - NOTE from PE    0: MPP_DOMAINS_SET_STACK_SIZE: stack size set to    32768.
2026-04-11 11:54:38,323 - isca - DEBUG - &MPP_IO_NML
2026-04-11 11:54:38,323 - isca - DEBUG - HEADER_BUFFER_VAL       =       16384,
2026-04-11 11:54:38,323 - isca - DEBUG - GLOBAL_FIELD_ON_ROOT_PE = T,
2026-04-11 11:54:38,323 - isca - DEBUG - IO_CLOCKS_ON    = F,
2026-04-11 11:54:38,324 - isca - DEBUG - SHUFFLE =           0,
2026-04-11 11:54:38,324 - isca - DEBUG - DEFLATE_LEVEL   =          -1
2026-04-11 11:54:38,324 - isca - DEBUG - /
2026-04-11 11:54:38,325 - isca - DEBUG - NOTE from PE    0: MPP_IO_SET_STACK_SIZE: stack size set to     131072.
2026-04-11 11:54:38,326 - isca - DEBUG - NOTE from PE    0: MPP_DOMAINS_SET_STACK_SIZE: stack size set to   600000.
2026-04-11 11:54:38,332 - isca - DEBUG - starting            1  OpenMP threads per MPI-task
2026-04-11 11:54:38,334 - isca - DEBUG - ATMOS MODEL DOMAIN DECOMPOSITION
2026-04-11 11:54:38,334 - isca - DEBUG - X-AXIS =  128
2026-04-11 11:54:38,334 - isca - DEBUG - Y-AXIS =    4   4   4   4   4   4   4   4   4   4   4   4   4   4   4   4
2026-04-11 11:54:38,445 - isca - DEBUG - NOTE from PE    0: cloud_simple: Using SimCloud cloud scheme
2026-04-11 11:54:38,446 - isca - DEBUG - NOTE from PE    0: ls_cloud: Using Sundqvist (1989) cloud fraction diagnostic formula.
2026-04-11 11:54:38,447 - isca - DEBUG - NOTE from PE    0: cloud_cover: The cloud overlap assumption is MAXIMUM-RANDOM
2026-04-11 11:54:38,447 - isca - DEBUG - NOTE from PE    0: idealized_moist_phys: Using Frierson Quasi-Equilibrium convection scheme.
2026-04-11 11:54:38,449 - isca - DEBUG - 
2026-04-11 11:54:38,449 - isca - WARNING - WARNING from PE    4: socrates_init: dt_rad does not fit into one day an integer number of times
2026-04-11 11:54:38,449 - isca - DEBUG - 
2026-04-11 11:54:38,449 - isca - DEBUG - 
2026-04-11 11:54:38,450 - isca - WARNING - WARNING from PE    6: socrates_init: dt_rad does not fit into one day an integer number of times
2026-04-11 11:54:38,450 - isca - DEBUG - 
2026-04-11 11:54:38,450 - isca - DEBUG - 
2026-04-11 11:54:38,450 - isca - WARNING - WARNING from PE    7: socrates_init: dt_rad does not fit into one day an integer number of times
2026-04-11 11:54:38,450 - isca - DEBUG - 
2026-04-11 11:54:38,450 - isca - DEBUG - 
2026-04-11 11:54:38,450 - isca - WARNING - WARNING from PE    2: socrates_init: dt_rad does not fit into one day an integer number of times
2026-04-11 11:54:38,450 - isca - DEBUG - 
2026-04-11 11:54:38,450 - isca - DEBUG - 
2026-04-11 11:54:38,450 - isca - WARNING - WARNING from PE   13: socrates_init: dt_rad does not fit into one day an integer number of times
2026-04-11 11:54:38,450 - isca - DEBUG - 
2026-04-11 11:54:38,450 - isca - DEBUG - 
2026-04-11 11:54:38,450 - isca - WARNING - WARNING from PE    1: socrates_init: dt_rad does not fit into one day an integer number of times
2026-04-11 11:54:38,451 - isca - DEBUG - 
2026-04-11 11:54:38,451 - isca - DEBUG - 
2026-04-11 11:54:38,451 - isca - WARNING - WARNING from PE    3: socrates_init: dt_rad does not fit into one day an integer number of times
2026-04-11 11:54:38,451 - isca - DEBUG - 
2026-04-11 11:54:38,451 - isca - DEBUG - 
2026-04-11 11:54:38,451 - isca - WARNING - WARNING from PE    8: socrates_init: dt_rad does not fit into one day an integer number of times
2026-04-11 11:54:38,451 - isca - DEBUG - 
2026-04-11 11:54:38,451 - isca - DEBUG - 
2026-04-11 11:54:38,451 - isca - DEBUG - 
2026-04-11 11:54:38,451 - isca - WARNING - WARNING from PE   15: socrates_init: dt_rad does not fit into one day an integer number of times
2026-04-11 11:54:38,451 - isca - DEBUG - 
2026-04-11 11:54:38,451 - isca - DEBUG - 
2026-04-11 11:54:38,451 - isca - WARNING - WARNING from PE   14: socrates_init: dt_rad does not fit into one day an integer number of times
2026-04-11 11:54:38,451 - isca - DEBUG - 
2026-04-11 11:54:38,451 - isca - WARNING - WARNING from PE   12: socrates_init: dt_rad does not fit into one day an integer number of times
2026-04-11 11:54:38,451 - isca - DEBUG - 
2026-04-11 11:54:38,451 - isca - DEBUG - 
2026-04-11 11:54:38,451 - isca - WARNING - WARNING from PE    9: socrates_init: dt_rad does not fit into one day an integer number of times
2026-04-11 11:54:38,451 - isca - DEBUG - 
2026-04-11 11:54:38,451 - isca - DEBUG - 
2026-04-11 11:54:38,451 - isca - WARNING - WARNING from PE   11: socrates_init: dt_rad does not fit into one day an integer number of times
2026-04-11 11:54:38,451 - isca - DEBUG - 
2026-04-11 11:54:38,451 - isca - DEBUG - 
2026-04-11 11:54:38,451 - isca - WARNING - WARNING from PE   10: socrates_init: dt_rad does not fit into one day an integer number of times
2026-04-11 11:54:38,451 - isca - DEBUG - 
2026-04-11 11:54:38,453 - isca - DEBUG - 
2026-04-11 11:54:38,453 - isca - WARNING - WARNING from PE    5: socrates_init: dt_rad does not fit into one day an integer number of times
2026-04-11 11:54:38,453 - isca - DEBUG - 
2026-04-11 11:54:38,455 - isca - DEBUG - 
2026-04-11 11:54:38,455 - isca - WARNING - WARNING from PE    0: socrates_init: dt_rad does not fit into one day an integer number of times
2026-04-11 11:54:38,455 - isca - DEBUG - 
2026-04-11 11:54:38,455 - isca - DEBUG - 
2026-04-11 11:54:38,455 - isca - WARNING - WARNING from PE    0: socrates_init: dt_rad does not fit into one day an integer number of times
2026-04-11 11:54:38,455 - isca - DEBUG - 
2026-04-11 11:54:38,455 - isca - DEBUG - 
2026-04-11 11:54:38,455 - isca - WARNING - WARNING from PE    0: socrates_init: lw_hires_spectral_filename is unset, making equal to lw_spectral_filename
2026-04-11 11:54:38,455 - isca - DEBUG - 
2026-04-11 11:54:38,455 - isca - DEBUG - 
2026-04-11 11:54:38,455 - isca - WARNING - WARNING from PE    0: socrates_init: lw_hires_spectral_filename is unset, making equal to lw_spectral_filename
2026-04-11 11:54:38,455 - isca - DEBUG - 
2026-04-11 11:54:38,455 - isca - DEBUG - 
2026-04-11 11:54:38,455 - isca - WARNING - WARNING from PE    0: socrates_init: sw_hires_spectral_filename is unset, making equal to sw_spectral_filename
2026-04-11 11:54:38,455 - isca - DEBUG - 
2026-04-11 11:54:38,455 - isca - DEBUG - 
2026-04-11 11:54:38,455 - isca - WARNING - WARNING from PE    0: socrates_init: sw_hires_spectral_filename is unset, making equal to sw_spectral_filename
2026-04-11 11:54:38,455 - isca - DEBUG - 
2026-04-11 11:54:39,534 - isca - DEBUG - NOTE from PE    0: Interpolator: Using input file with no time dimension - ozone_1990_notime_zero.nc
2026-04-11 11:54:39,534 - isca - DEBUG - Initializing src field : ozone_1990
2026-04-11 11:54:39,536 - isca - DEBUG - 
2026-04-11 11:54:39,536 - isca - DEBUG - -----------------------------------
2026-04-11 11:54:39,536 - isca - DEBUG - ____                       _
2026-04-11 11:54:39,536 - isca - DEBUG - / ___|  ___   ___ _ __ __ _| |_ ___  ___
2026-04-11 11:54:39,536 - isca - DEBUG - \___ \ / _ \ / __|  __/ _` | __/ _ \/ __|
2026-04-11 11:54:39,536 - isca - DEBUG - ___) | (_) | (__| | | (_| | ||  __/\__ \
2026-04-11 11:54:39,536 - isca - DEBUG - |____/ \___/ \___|_|  \__,_|\__\___||___/
2026-04-11 11:54:39,536 - isca - DEBUG - 
2026-04-11 11:54:39,536 - isca - DEBUG - Initialised Socrates v17.03
2026-04-11 11:54:39,537 - isca - DEBUG - Stellar constant =    1570.00000000000
2026-04-11 11:54:39,537 - isca - DEBUG - Longwave spectral file =
2026-04-11 11:54:39,537 - isca - DEBUG - /proj/bolinc/users/x_ryabo/socrates_edited_for_isca/spectral_files_for_GCMs/Sun
2026-04-11 11:54:39,537 - isca - DEBUG - /miniSuran_lw.sf WITH           16  bands
2026-04-11 11:54:39,537 - isca - DEBUG - Longwave hires spectral file =
2026-04-11 11:54:39,537 - isca - DEBUG - /proj/bolinc/users/x_ryabo/socrates_edited_for_isca/spectral_files_for_GCMs/Sun
2026-04-11 11:54:39,537 - isca - DEBUG - /miniSuran_lw.sf WITH           16  bands
2026-04-11 11:54:39,537 - isca - DEBUG - Shortwave spectral file =
2026-04-11 11:54:39,537 - isca - DEBUG - /proj/bolinc/users/x_ryabo/socrates_edited_for_isca/spectral_files_for_GCMs/Sun
2026-04-11 11:54:39,537 - isca - DEBUG - /miniSuran_sw.sf WITH           16  bands
2026-04-11 11:54:39,537 - isca - DEBUG - Shortwave hires spectral file =
2026-04-11 11:54:39,537 - isca - DEBUG - /proj/bolinc/users/x_ryabo/socrates_edited_for_isca/spectral_files_for_GCMs/Sun
2026-04-11 11:54:39,537 - isca - DEBUG - /miniSuran_sw.sf WITH           16  bands
2026-04-11 11:54:39,537 - isca - DEBUG - 
2026-04-11 11:54:39,537 - isca - DEBUG - -----------------------------------
2026-04-11 11:54:39,537 - isca - DEBUG - 
2026-04-11 11:55:20,165 - isca - DEBUG - Integration completed through    31 days     0 seconds
2026-04-11 11:56:03,495 - isca - DEBUG - Integration completed through    32 days     0 seconds
2026-04-11 11:56:46,924 - isca - DEBUG - Integration completed through    33 days     0 seconds
2026-04-11 11:57:28,992 - isca - DEBUG - Integration completed through    34 days     0 seconds
2026-04-11 11:58:13,000 - isca - DEBUG - Integration completed through    35 days     0 seconds
2026-04-11 11:58:55,959 - isca - DEBUG - Integration completed through    36 days     0 seconds
2026-04-11 11:59:39,451 - isca - DEBUG - Integration completed through    37 days     0 seconds
2026-04-11 12:00:21,522 - isca - DEBUG - Integration completed through    38 days     0 seconds
2026-04-11 12:01:05,404 - isca - DEBUG - Integration completed through    39 days     0 seconds
2026-04-11 12:01:49,687 - isca - DEBUG - Integration completed through    40 days     0 seconds
2026-04-11 12:02:32,804 - isca - DEBUG - Integration completed through    41 days     0 seconds
2026-04-11 12:03:16,416 - isca - DEBUG - Integration completed through    42 days     0 seconds
2026-04-11 12:03:59,198 - isca - DEBUG - Integration completed through    43 days     0 seconds
2026-04-11 12:04:42,729 - isca - DEBUG - Integration completed through    44 days     0 seconds
2026-04-11 12:05:25,801 - isca - DEBUG - Integration completed through    45 days     0 seconds
2026-04-11 12:06:09,579 - isca - DEBUG - Integration completed through    46 days     0 seconds
2026-04-11 12:06:53,715 - isca - DEBUG - Integration completed through    47 days     0 seconds
2026-04-11 12:07:37,838 - isca - DEBUG - Integration completed through    48 days     0 seconds
2026-04-11 12:08:20,729 - isca - DEBUG - Integration completed through    49 days     0 seconds
2026-04-11 12:09:03,817 - isca - DEBUG - Integration completed through    50 days     0 seconds
2026-04-11 12:09:46,667 - isca - DEBUG - Integration completed through    51 days     0 seconds
2026-04-11 12:10:29,374 - isca - DEBUG - Integration completed through    52 days     0 seconds
2026-04-11 12:11:12,054 - isca - DEBUG - Integration completed through    53 days     0 seconds
2026-04-11 12:11:55,569 - isca - DEBUG - Integration completed through    54 days     0 seconds
2026-04-11 12:12:40,307 - isca - DEBUG - Integration completed through    55 days     0 seconds
2026-04-11 12:13:23,481 - isca - DEBUG - Integration completed through    56 days     0 seconds
2026-04-11 12:14:07,848 - isca - DEBUG - Integration completed through    57 days     0 seconds
2026-04-11 12:14:51,604 - isca - DEBUG - Integration completed through    58 days     0 seconds
2026-04-11 12:15:34,959 - isca - DEBUG - Integration completed through    59 days     0 seconds
2026-04-11 12:16:18,922 - isca - DEBUG - Integration completed through    60 days     0 seconds
2026-04-11 12:16:19,013 - isca - DEBUG - 
2026-04-11 12:16:19,014 - isca - WARNING - WARNING from PE    0: diag_util_mod::opening_file: module/field_name (socrates/soc_toa_sw_down_clr) NOT registered
2026-04-11 12:16:19,014 - isca - DEBUG - 
2026-04-11 12:16:19,014 - isca - DEBUG - 
2026-04-11 12:16:19,014 - isca - WARNING - WARNING from PE    0: diag_util_mod::opening_file: module/field_name (socrates/soc_toa_sw_down_clr) NOT registered
2026-04-11 12:16:19,014 - isca - DEBUG - 
2026-04-11 12:16:19,014 - isca - DEBUG - 
2026-04-11 12:16:19,014 - isca - WARNING - WARNING from PE    0: diag_util_mod::opening_file: module/field_name (cloud_simple/rh_min) NOT registered
2026-04-11 12:16:19,014 - isca - DEBUG - 
2026-04-11 12:16:19,014 - isca - DEBUG - 
2026-04-11 12:16:19,014 - isca - WARNING - WARNING from PE    0: diag_util_mod::opening_file: module/field_name (cloud_simple/rh_min) NOT registered
2026-04-11 12:16:19,014 - isca - DEBUG - 
2026-04-11 12:16:19,027 - isca - DEBUG - NOTE from PE    0: MPP_IO_SET_STACK_SIZE: stack size set to     393216.
2026-04-11 12:16:19,138 - isca - DEBUG - MPP_DOMAINS_STACK high water mark=       49152
2026-04-11 12:16:19,139 - isca - DEBUG - 
2026-04-11 12:16:19,139 - isca - DEBUG - Tabulating mpp_clock statistics across     16 PEs...
2026-04-11 12:16:19,139 - isca - DEBUG - 
2026-04-11 12:16:19,139 - isca - DEBUG - tmin          tmax          tavg          tstd  tfrac grain pemin pemax
2026-04-11 12:16:19,139 - isca - DEBUG - Total runtime                      1300.809012   1300.818467   1300.813468      0.002732  1.000     0     0    15
2026-04-11 12:16:19,139 - isca - DEBUG - MPP_STACK high water mark=           0
2026-04-11 12:16:19,308 - isca - INFO - Run 2 complete
2026-04-11 12:16:20,705 - isca - DEBUG - atmos_monthly.nc combined and copied to data directory
2026-04-11 12:16:26,555 - isca - INFO - Restart archive created at /proj/bolinc/users/x_ryabo/Isca-Ryan_outputs/14_5_1570_as007_Sun/restarts/res0002.tar.gz
2026-04-11 12:16:26,571 - isca - INFO - Writing namelist to '/proj/bolinc/users/x_ryabo/Isca-Ryan_outputs/14_5_1570_as007_Sun/run0002/input.nml'
2026-04-11 12:16:26,574 - isca - INFO - Writing field_table to '/proj/bolinc/users/x_ryabo/Isca-Ryan_outputs/14_5_1570_as007_Sun/run0002/field_table'
2026-04-11 12:16:26,589 - isca - INFO - Writing diag_table to '/proj/bolinc/users/x_ryabo/Isca-Ryan_outputs/14_5_1570_as007_Sun/run0002/diag_table'
2026-04-11 12:16:27,337 - isca - INFO - Emptied run directory '/home/x_ryabo/Isca-Ryan_tmp/experiment/14_5_1570_as007_Sun/run'
2026-04-11 12:16:27,365 - isca - INFO - Emptied run directory '/home/x_ryabo/Isca-Ryan_tmp/experiment/14_5_1570_as007_Sun/run'
2026-04-11 12:16:27,769 - isca - INFO - Writing namelist to '/home/x_ryabo/Isca-Ryan_tmp/experiment/14_5_1570_as007_Sun/run/input.nml'
2026-04-11 12:16:27,772 - isca - INFO - Writing field_table to '/home/x_ryabo/Isca-Ryan_tmp/experiment/14_5_1570_as007_Sun/run/field_table'
2026-04-11 12:16:27,787 - isca - INFO - Writing diag_table to '/home/x_ryabo/Isca-Ryan_tmp/experiment/14_5_1570_as007_Sun/run/diag_table'
2026-04-11 12:16:27,806 - isca - INFO - Using restart file '/proj/bolinc/users/x_ryabo/Isca-Ryan_outputs/14_5_1570_as007_Sun/restarts/res0002.tar.gz'
2026-04-11 12:16:28,317 - isca - INFO - Restart /proj/bolinc/users/x_ryabo/Isca-Ryan_outputs/14_5_1570_as007_Sun/restarts/res0002.tar.gz extracted to /home/x_ryabo/Isca-Ryan_tmp/experiment/14_5_1570_as007_Sun/run/INPUT
2026-04-11 12:16:28,318 - isca - INFO - Beginning run 3
2026-04-11 12:16:28,339 - isca - INFO - process running as 3594193
2026-04-11 12:16:28,340 - isca - DEBUG - loadmodules for Isca on NSC cluster Tetralith
2026-04-11 12:16:28,340 - isca - DEBUG - mpiifort
2026-04-11 12:16:28,483 - isca - DEBUG - The following modules were not unloaded:
2026-04-11 12:16:28,483 - isca - DEBUG - (Use "module --force purge" to unload all):
2026-04-11 12:16:28,483 - isca - DEBUG - 
2026-04-11 12:16:28,483 - isca - DEBUG - 1) hpc/.1.10.1
2026-04-11 12:16:28,612 - isca - DEBUG - ***************************************************
2026-04-11 12:16:28,612 - isca - DEBUG - You have loaded a buildenv module
2026-04-11 12:16:28,612 - isca - DEBUG - ***************************************************
2026-04-11 12:16:28,612 - isca - DEBUG - The buldenv-intel module makes available:
2026-04-11 12:16:28,612 - isca - DEBUG - - Compilers: icc, ifort, etc.
2026-04-11 12:16:28,612 - isca - DEBUG - - Mpi library with mpi-wrapped compilers: intel mpi with mpicc, mpifort, etc.
2026-04-11 12:16:28,612 - isca - DEBUG - - Numerical libraries: intel MKL
2026-04-11 12:16:28,612 - isca - DEBUG - 
2026-04-11 12:16:28,613 - isca - DEBUG - It also makes a set of dependency library modules available via
2026-04-11 12:16:28,613 - isca - DEBUG - the regular module command. Just do:
2026-04-11 12:16:28,613 - isca - DEBUG - module avail
2026-04-11 12:16:28,613 - isca - DEBUG - to see what is available.
2026-04-11 12:16:28,613 - isca - DEBUG - 
2026-04-11 12:16:28,613 - isca - DEBUG - NOTE: You shoud never load build environments inside submitted jobs.
2026-04-11 12:16:28,613 - isca - DEBUG - (with the single exception of when using supercomputer time to compile code.)
2026-04-11 12:16:28,613 - isca - DEBUG - 
2026-04-11 12:16:29,916 - isca - DEBUG - NOTE from PE    0: MPP_DOMAINS_SET_STACK_SIZE: stack size set to    32768.
2026-04-11 12:16:29,917 - isca - DEBUG - &MPP_IO_NML
2026-04-11 12:16:29,917 - isca - DEBUG - HEADER_BUFFER_VAL       =       16384,
2026-04-11 12:16:29,917 - isca - DEBUG - GLOBAL_FIELD_ON_ROOT_PE = T,
2026-04-11 12:16:29,917 - isca - DEBUG - IO_CLOCKS_ON    = F,
2026-04-11 12:16:29,917 - isca - DEBUG - SHUFFLE =           0,
2026-04-11 12:16:29,917 - isca - DEBUG - DEFLATE_LEVEL   =          -1
2026-04-11 12:16:29,917 - isca - DEBUG - /
2026-04-11 12:16:29,919 - isca - DEBUG - NOTE from PE    0: MPP_IO_SET_STACK_SIZE: stack size set to     131072.
2026-04-11 12:16:29,920 - isca - DEBUG - NOTE from PE    0: MPP_DOMAINS_SET_STACK_SIZE: stack size set to   600000.
2026-04-11 12:16:29,928 - isca - DEBUG - starting            1  OpenMP threads per MPI-task
2026-04-11 12:16:29,931 - isca - DEBUG - ATMOS MODEL DOMAIN DECOMPOSITION
2026-04-11 12:16:29,931 - isca - DEBUG - X-AXIS =  128
2026-04-11 12:16:29,931 - isca - DEBUG - Y-AXIS =    4   4   4   4   4   4   4   4   4   4   4   4   4   4   4   4
2026-04-11 12:16:29,997 - isca - DEBUG - 
2026-04-11 12:16:29,997 - isca - WARNING - WARNING from PE    2: socrates_init: dt_rad does not fit into one day an integer number of times
2026-04-11 12:16:29,997 - isca - DEBUG - 
2026-04-11 12:16:29,997 - isca - DEBUG - 
2026-04-11 12:16:29,997 - isca - DEBUG - 
2026-04-11 12:16:29,997 - isca - WARNING - WARNING from PE    3: socrates_init: dt_rad does not fit into one day an integer number of times
2026-04-11 12:16:29,997 - isca - DEBUG - 
2026-04-11 12:16:29,997 - isca - DEBUG - 
2026-04-11 12:16:29,997 - isca - WARNING - WARNING from PE    5: socrates_init: dt_rad does not fit into one day an integer number of times
2026-04-11 12:16:29,997 - isca - DEBUG - 
2026-04-11 12:16:29,997 - isca - WARNING - WARNING from PE    4: socrates_init: dt_rad does not fit into one day an integer number of times
2026-04-11 12:16:29,997 - isca - DEBUG - 
2026-04-11 12:16:30,003 - isca - DEBUG - 
2026-04-11 12:16:30,003 - isca - WARNING - WARNING from PE    1: socrates_init: dt_rad does not fit into one day an integer number of times
2026-04-11 12:16:30,003 - isca - DEBUG - 
2026-04-11 12:16:30,005 - isca - DEBUG - NOTE from PE    0: cloud_simple: Using SimCloud cloud scheme
2026-04-11 12:16:30,006 - isca - DEBUG - NOTE from PE    0: ls_cloud: Using Sundqvist (1989) cloud fraction diagnostic formula.
2026-04-11 12:16:30,007 - isca - DEBUG - NOTE from PE    0: cloud_cover: The cloud overlap assumption is MAXIMUM-RANDOM
2026-04-11 12:16:30,007 - isca - DEBUG - NOTE from PE    0: idealized_moist_phys: Using Frierson Quasi-Equilibrium convection scheme.
2026-04-11 12:16:30,011 - isca - DEBUG - 
2026-04-11 12:16:30,011 - isca - WARNING - WARNING from PE    8: socrates_init: dt_rad does not fit into one day an integer number of times
2026-04-11 12:16:30,011 - isca - DEBUG - 
2026-04-11 12:16:30,011 - isca - DEBUG - 
2026-04-11 12:16:30,011 - isca - WARNING - WARNING from PE    9: socrates_init: dt_rad does not fit into one day an integer number of times
2026-04-11 12:16:30,011 - isca - DEBUG - 
2026-04-11 12:16:30,011 - isca - DEBUG - 
2026-04-11 12:16:30,011 - isca - DEBUG - 
2026-04-11 12:16:30,011 - isca - WARNING - WARNING from PE    6: socrates_init: dt_rad does not fit into one day an integer number of times
2026-04-11 12:16:30,011 - isca - DEBUG - 
2026-04-11 12:16:30,011 - isca - DEBUG - 
2026-04-11 12:16:30,011 - isca - WARNING - WARNING from PE   10: socrates_init: dt_rad does not fit into one day an integer number of times
2026-04-11 12:16:30,011 - isca - DEBUG - 
2026-04-11 12:16:30,011 - isca - DEBUG - 
2026-04-11 12:16:30,011 - isca - WARNING - WARNING from PE   15: socrates_init: dt_rad does not fit into one day an integer number of times
2026-04-11 12:16:30,011 - isca - DEBUG - 
2026-04-11 12:16:30,011 - isca - WARNING - WARNING from PE   12: socrates_init: dt_rad does not fit into one day an integer number of times
2026-04-11 12:16:30,011 - isca - DEBUG - 
2026-04-11 12:16:30,011 - isca - DEBUG - 
2026-04-11 12:16:30,011 - isca - WARNING - WARNING from PE    7: socrates_init: dt_rad does not fit into one day an integer number of times
2026-04-11 12:16:30,012 - isca - DEBUG - 
2026-04-11 12:16:30,012 - isca - DEBUG - 
2026-04-11 12:16:30,012 - isca - DEBUG - 
2026-04-11 12:16:30,012 - isca - WARNING - WARNING from PE   14: socrates_init: dt_rad does not fit into one day an integer number of times
2026-04-11 12:16:30,012 - isca - DEBUG - 
2026-04-11 12:16:30,012 - isca - WARNING - WARNING from PE   13: socrates_init: dt_rad does not fit into one day an integer number of times
2026-04-11 12:16:30,012 - isca - DEBUG - 
2026-04-11 12:16:30,012 - isca - DEBUG - 
2026-04-11 12:16:30,012 - isca - WARNING - WARNING from PE   11: socrates_init: dt_rad does not fit into one day an integer number of times
2026-04-11 12:16:30,012 - isca - DEBUG - 
2026-04-11 12:16:30,017 - isca - DEBUG - 
2026-04-11 12:16:30,017 - isca - WARNING - WARNING from PE    0: socrates_init: dt_rad does not fit into one day an integer number of times
2026-04-11 12:16:30,017 - isca - DEBUG - 
2026-04-11 12:16:30,017 - isca - DEBUG - 
2026-04-11 12:16:30,017 - isca - WARNING - WARNING from PE    0: socrates_init: dt_rad does not fit into one day an integer number of times
2026-04-11 12:16:30,017 - isca - DEBUG - 
2026-04-11 12:16:30,017 - isca - DEBUG - 
2026-04-11 12:16:30,017 - isca - WARNING - WARNING from PE    0: socrates_init: lw_hires_spectral_filename is unset, making equal to lw_spectral_filename
2026-04-11 12:16:30,017 - isca - DEBUG - 
2026-04-11 12:16:30,017 - isca - DEBUG - 
2026-04-11 12:16:30,017 - isca - WARNING - WARNING from PE    0: socrates_init: lw_hires_spectral_filename is unset, making equal to lw_spectral_filename
2026-04-11 12:16:30,017 - isca - DEBUG - 
2026-04-11 12:16:30,017 - isca - DEBUG - 
2026-04-11 12:16:30,017 - isca - WARNING - WARNING from PE    0: socrates_init: sw_hires_spectral_filename is unset, making equal to sw_spectral_filename
2026-04-11 12:16:30,017 - isca - DEBUG - 
2026-04-11 12:16:30,017 - isca - DEBUG - 
2026-04-11 12:16:30,018 - isca - WARNING - WARNING from PE    0: socrates_init: sw_hires_spectral_filename is unset, making equal to sw_spectral_filename
2026-04-11 12:16:30,018 - isca - DEBUG - 
2026-04-11 12:16:31,318 - isca - DEBUG - NOTE from PE    0: Interpolator: Using input file with no time dimension - ozone_1990_notime_zero.nc
2026-04-11 12:16:31,319 - isca - DEBUG - Initializing src field : ozone_1990
2026-04-11 12:16:31,321 - isca - DEBUG - 
2026-04-11 12:16:31,321 - isca - DEBUG - -----------------------------------
2026-04-11 12:16:31,321 - isca - DEBUG - ____                       _
2026-04-11 12:16:31,321 - isca - DEBUG - / ___|  ___   ___ _ __ __ _| |_ ___  ___
2026-04-11 12:16:31,321 - isca - DEBUG - \___ \ / _ \ / __|  __/ _` | __/ _ \/ __|
2026-04-11 12:16:31,321 - isca - DEBUG - ___) | (_) | (__| | | (_| | ||  __/\__ \
2026-04-11 12:16:31,321 - isca - DEBUG - |____/ \___/ \___|_|  \__,_|\__\___||___/
2026-04-11 12:16:31,321 - isca - DEBUG - 
2026-04-11 12:16:31,321 - isca - DEBUG - Initialised Socrates v17.03
2026-04-11 12:16:31,321 - isca - DEBUG - Stellar constant =    1570.00000000000
2026-04-11 12:16:31,321 - isca - DEBUG - Longwave spectral file =
2026-04-11 12:16:31,321 - isca - DEBUG - /proj/bolinc/users/x_ryabo/socrates_edited_for_isca/spectral_files_for_GCMs/Sun
2026-04-11 12:16:31,321 - isca - DEBUG - /miniSuran_lw.sf WITH           16  bands
2026-04-11 12:16:31,321 - isca - DEBUG - Longwave hires spectral file =
2026-04-11 12:16:31,321 - isca - DEBUG - /proj/bolinc/users/x_ryabo/socrates_edited_for_isca/spectral_files_for_GCMs/Sun
2026-04-11 12:16:31,321 - isca - DEBUG - /miniSuran_lw.sf WITH           16  bands
2026-04-11 12:16:31,321 - isca - DEBUG - Shortwave spectral file =
2026-04-11 12:16:31,321 - isca - DEBUG - /proj/bolinc/users/x_ryabo/socrates_edited_for_isca/spectral_files_for_GCMs/Sun
2026-04-11 12:16:31,321 - isca - DEBUG - /miniSuran_sw.sf WITH           16  bands
2026-04-11 12:16:31,321 - isca - DEBUG - Shortwave hires spectral file =
2026-04-11 12:16:31,321 - isca - DEBUG - /proj/bolinc/users/x_ryabo/socrates_edited_for_isca/spectral_files_for_GCMs/Sun
2026-04-11 12:16:31,321 - isca - DEBUG - /miniSuran_sw.sf WITH           16  bands
2026-04-11 12:16:31,321 - isca - DEBUG - 
2026-04-11 12:16:31,321 - isca - DEBUG - -----------------------------------
2026-04-11 12:16:31,321 - isca - DEBUG - 
2026-04-11 12:17:14,685 - isca - DEBUG - Integration completed through    61 days     0 seconds
2026-04-11 12:17:58,518 - isca - DEBUG - Integration completed through    62 days     0 seconds
2026-04-11 12:18:41,370 - isca - DEBUG - Integration completed through    63 days     0 seconds
2026-04-11 12:19:26,551 - isca - DEBUG - Integration completed through    64 days     0 seconds
2026-04-11 12:20:11,429 - isca - DEBUG - Integration completed through    65 days     0 seconds
2026-04-11 12:20:56,556 - isca - DEBUG - Integration completed through    66 days     0 seconds
2026-04-11 12:21:41,737 - isca - DEBUG - Integration completed through    67 days     0 seconds
2026-04-11 12:22:26,315 - isca - DEBUG - Integration completed through    68 days     0 seconds
2026-04-11 12:23:10,970 - isca - DEBUG - Integration completed through    69 days     0 seconds
2026-04-11 12:23:54,515 - isca - DEBUG - Integration completed through    70 days     0 seconds
2026-04-11 12:24:37,891 - isca - DEBUG - Integration completed through    71 days     0 seconds
2026-04-11 12:25:20,491 - isca - DEBUG - Integration completed through    72 days     0 seconds
2026-04-11 12:26:04,025 - isca - DEBUG - Integration completed through    73 days     0 seconds
2026-04-11 12:26:47,705 - isca - DEBUG - Integration completed through    74 days     0 seconds
2026-04-11 12:27:31,924 - isca - DEBUG - Integration completed through    75 days     0 seconds
2026-04-11 12:28:15,056 - isca - DEBUG - Integration completed through    76 days     0 seconds
2026-04-11 12:28:58,371 - isca - DEBUG - Integration completed through    77 days     0 seconds
2026-04-11 12:29:42,405 - isca - DEBUG - Integration completed through    78 days     0 seconds
2026-04-11 12:30:26,039 - isca - DEBUG - Integration completed through    79 days     0 seconds
2026-04-11 12:31:10,826 - isca - DEBUG - Integration completed through    80 days     0 seconds
2026-04-11 12:31:54,107 - isca - DEBUG - Integration completed through    81 days     0 seconds
2026-04-11 12:32:37,009 - isca - DEBUG - Integration completed through    82 days     0 seconds
2026-04-11 12:33:20,919 - isca - DEBUG - Integration completed through    83 days     0 seconds
2026-04-11 12:34:04,523 - isca - DEBUG - Integration completed through    84 days     0 seconds
2026-04-11 12:34:48,646 - isca - DEBUG - Integration completed through    85 days     0 seconds
2026-04-11 12:35:30,960 - isca - DEBUG - Integration completed through    86 days     0 seconds
2026-04-11 12:36:15,711 - isca - DEBUG - Integration completed through    87 days     0 seconds
2026-04-11 12:37:00,910 - isca - DEBUG - Integration completed through    88 days     0 seconds
2026-04-11 12:37:45,496 - isca - DEBUG - Integration completed through    89 days     0 seconds
2026-04-11 12:38:28,758 - isca - DEBUG - Integration completed through    90 days     0 seconds
2026-04-11 12:38:28,765 - isca - DEBUG - 
2026-04-11 12:38:28,765 - isca - WARNING - WARNING from PE    0: diag_util_mod::opening_file: module/field_name (socrates/soc_toa_sw_down_clr) NOT registered
2026-04-11 12:38:28,765 - isca - DEBUG - 
2026-04-11 12:38:28,765 - isca - DEBUG - 
2026-04-11 12:38:28,765 - isca - WARNING - WARNING from PE    0: diag_util_mod::opening_file: module/field_name (socrates/soc_toa_sw_down_clr) NOT registered
2026-04-11 12:38:28,765 - isca - DEBUG - 
2026-04-11 12:38:28,765 - isca - DEBUG - 
2026-04-11 12:38:28,765 - isca - WARNING - WARNING from PE    0: diag_util_mod::opening_file: module/field_name (cloud_simple/rh_min) NOT registered
2026-04-11 12:38:28,765 - isca - DEBUG - 
2026-04-11 12:38:28,765 - isca - DEBUG - 
2026-04-11 12:38:28,765 - isca - WARNING - WARNING from PE    0: diag_util_mod::opening_file: module/field_name (cloud_simple/rh_min) NOT registered
2026-04-11 12:38:28,765 - isca - DEBUG - 
2026-04-11 12:38:28,778 - isca - DEBUG - NOTE from PE    0: MPP_IO_SET_STACK_SIZE: stack size set to     393216.
2026-04-11 12:38:28,916 - isca - DEBUG - MPP_DOMAINS_STACK high water mark=       49152
2026-04-11 12:38:28,917 - isca - DEBUG - 
2026-04-11 12:38:28,917 - isca - DEBUG - Tabulating mpp_clock statistics across     16 PEs...
2026-04-11 12:38:28,917 - isca - DEBUG - 
2026-04-11 12:38:28,917 - isca - DEBUG - tmin          tmax          tavg          tstd  tfrac grain pemin pemax
2026-04-11 12:38:28,917 - isca - DEBUG - Total runtime                      1318.997414   1319.003842   1319.000690      0.002038  1.000     0     0    15
2026-04-11 12:38:28,917 - isca - DEBUG - MPP_STACK high water mark=           0
2026-04-11 12:38:29,028 - isca - INFO - Run 3 complete
2026-04-11 12:38:30,144 - isca - DEBUG - atmos_monthly.nc combined and copied to data directory
2026-04-11 12:38:35,461 - isca - INFO - Restart archive created at /proj/bolinc/users/x_ryabo/Isca-Ryan_outputs/14_5_1570_as007_Sun/restarts/res0003.tar.gz
2026-04-11 12:38:35,478 - isca - INFO - Writing namelist to '/proj/bolinc/users/x_ryabo/Isca-Ryan_outputs/14_5_1570_as007_Sun/run0003/input.nml'
2026-04-11 12:38:35,481 - isca - INFO - Writing field_table to '/proj/bolinc/users/x_ryabo/Isca-Ryan_outputs/14_5_1570_as007_Sun/run0003/field_table'
2026-04-11 12:38:35,496 - isca - INFO - Writing diag_table to '/proj/bolinc/users/x_ryabo/Isca-Ryan_outputs/14_5_1570_as007_Sun/run0003/diag_table'
2026-04-11 12:38:35,958 - isca - INFO - Emptied run directory '/home/x_ryabo/Isca-Ryan_tmp/experiment/14_5_1570_as007_Sun/run'
2026-04-11 12:38:35,987 - isca - INFO - Emptied run directory '/home/x_ryabo/Isca-Ryan_tmp/experiment/14_5_1570_as007_Sun/run'
2026-04-11 12:38:36,388 - isca - INFO - Writing namelist to '/home/x_ryabo/Isca-Ryan_tmp/experiment/14_5_1570_as007_Sun/run/input.nml'
2026-04-11 12:38:36,390 - isca - INFO - Writing field_table to '/home/x_ryabo/Isca-Ryan_tmp/experiment/14_5_1570_as007_Sun/run/field_table'
2026-04-11 12:38:36,408 - isca - INFO - Writing diag_table to '/home/x_ryabo/Isca-Ryan_tmp/experiment/14_5_1570_as007_Sun/run/diag_table'
2026-04-11 12:38:36,433 - isca - INFO - Using restart file '/proj/bolinc/users/x_ryabo/Isca-Ryan_outputs/14_5_1570_as007_Sun/restarts/res0003.tar.gz'
2026-04-11 12:38:36,941 - isca - INFO - Restart /proj/bolinc/users/x_ryabo/Isca-Ryan_outputs/14_5_1570_as007_Sun/restarts/res0003.tar.gz extracted to /home/x_ryabo/Isca-Ryan_tmp/experiment/14_5_1570_as007_Sun/run/INPUT
2026-04-11 12:38:36,942 - isca - INFO - Beginning run 4
2026-04-11 12:38:36,958 - isca - INFO - process running as 3595653
2026-04-11 12:38:36,959 - isca - DEBUG - loadmodules for Isca on NSC cluster Tetralith
2026-04-11 12:38:36,959 - isca - DEBUG - mpiifort
2026-04-11 12:38:37,107 - isca - DEBUG - The following modules were not unloaded:
2026-04-11 12:38:37,107 - isca - DEBUG - (Use "module --force purge" to unload all):
2026-04-11 12:38:37,107 - isca - DEBUG - 
2026-04-11 12:38:37,107 - isca - DEBUG - 1) hpc/.1.10.1
2026-04-11 12:38:37,246 - isca - DEBUG - ***************************************************
2026-04-11 12:38:37,246 - isca - DEBUG - You have loaded a buildenv module
2026-04-11 12:38:37,246 - isca - DEBUG - ***************************************************
2026-04-11 12:38:37,246 - isca - DEBUG - The buldenv-intel module makes available:
2026-04-11 12:38:37,246 - isca - DEBUG - - Compilers: icc, ifort, etc.
2026-04-11 12:38:37,246 - isca - DEBUG - - Mpi library with mpi-wrapped compilers: intel mpi with mpicc, mpifort, etc.
2026-04-11 12:38:37,246 - isca - DEBUG - - Numerical libraries: intel MKL
2026-04-11 12:38:37,246 - isca - DEBUG - 
2026-04-11 12:38:37,246 - isca - DEBUG - It also makes a set of dependency library modules available via
2026-04-11 12:38:37,246 - isca - DEBUG - the regular module command. Just do:
2026-04-11 12:38:37,246 - isca - DEBUG - module avail
2026-04-11 12:38:37,246 - isca - DEBUG - to see what is available.
2026-04-11 12:38:37,246 - isca - DEBUG - 
2026-04-11 12:38:37,246 - isca - DEBUG - NOTE: You shoud never load build environments inside submitted jobs.
2026-04-11 12:38:37,246 - isca - DEBUG - (with the single exception of when using supercomputer time to compile code.)
2026-04-11 12:38:37,246 - isca - DEBUG - 
2026-04-11 12:38:38,539 - isca - DEBUG - NOTE from PE    0: MPP_DOMAINS_SET_STACK_SIZE: stack size set to    32768.
2026-04-11 12:38:38,539 - isca - DEBUG - &MPP_IO_NML
2026-04-11 12:38:38,539 - isca - DEBUG - HEADER_BUFFER_VAL       =       16384,
2026-04-11 12:38:38,540 - isca - DEBUG - GLOBAL_FIELD_ON_ROOT_PE = T,
2026-04-11 12:38:38,540 - isca - DEBUG - IO_CLOCKS_ON    = F,
2026-04-11 12:38:38,540 - isca - DEBUG - SHUFFLE =           0,
2026-04-11 12:38:38,540 - isca - DEBUG - DEFLATE_LEVEL   =          -1
2026-04-11 12:38:38,540 - isca - DEBUG - /
2026-04-11 12:38:38,541 - isca - DEBUG - NOTE from PE    0: MPP_IO_SET_STACK_SIZE: stack size set to     131072.
2026-04-11 12:38:38,542 - isca - DEBUG - NOTE from PE    0: MPP_DOMAINS_SET_STACK_SIZE: stack size set to   600000.
2026-04-11 12:38:38,551 - isca - DEBUG - starting            1  OpenMP threads per MPI-task
2026-04-11 12:38:38,553 - isca - DEBUG - ATMOS MODEL DOMAIN DECOMPOSITION
2026-04-11 12:38:38,553 - isca - DEBUG - X-AXIS =  128
2026-04-11 12:38:38,553 - isca - DEBUG - Y-AXIS =    4   4   4   4   4   4   4   4   4   4   4   4   4   4   4   4
2026-04-11 12:38:38,616 - isca - DEBUG - 
2026-04-11 12:38:38,616 - isca - WARNING - WARNING from PE    5: socrates_init: dt_rad does not fit into one day an integer number of times
2026-04-11 12:38:38,616 - isca - DEBUG - 
2026-04-11 12:38:38,616 - isca - DEBUG - 
2026-04-11 12:38:38,616 - isca - WARNING - WARNING from PE    3: socrates_init: dt_rad does not fit into one day an integer number of times
2026-04-11 12:38:38,616 - isca - DEBUG - 
2026-04-11 12:38:38,618 - isca - DEBUG - NOTE from PE    0: cloud_simple: Using SimCloud cloud scheme
2026-04-11 12:38:38,619 - isca - DEBUG - NOTE from PE    0: ls_cloud: Using Sundqvist (1989) cloud fraction diagnostic formula.
2026-04-11 12:38:38,620 - isca - DEBUG - NOTE from PE    0: cloud_cover: The cloud overlap assumption is MAXIMUM-RANDOM
2026-04-11 12:38:38,620 - isca - DEBUG - NOTE from PE    0: idealized_moist_phys: Using Frierson Quasi-Equilibrium convection scheme.
2026-04-11 12:38:38,623 - isca - DEBUG - 
2026-04-11 12:38:38,623 - isca - WARNING - WARNING from PE   10: socrates_init: dt_rad does not fit into one day an integer number of times
2026-04-11 12:38:38,623 - isca - DEBUG - 
2026-04-11 12:38:38,623 - isca - DEBUG - 
2026-04-11 12:38:38,623 - isca - WARNING - WARNING from PE   13: socrates_init: dt_rad does not fit into one day an integer number of times
2026-04-11 12:38:38,623 - isca - DEBUG - 
2026-04-11 12:38:38,623 - isca - DEBUG - 
2026-04-11 12:38:38,624 - isca - WARNING - WARNING from PE   12: socrates_init: dt_rad does not fit into one day an integer number of times
2026-04-11 12:38:38,624 - isca - DEBUG - 
2026-04-11 12:38:38,624 - isca - DEBUG - 
2026-04-11 12:38:38,624 - isca - WARNING - WARNING from PE   14: socrates_init: dt_rad does not fit into one day an integer number of times
2026-04-11 12:38:38,624 - isca - DEBUG - 
2026-04-11 12:38:38,624 - isca - DEBUG - 
2026-04-11 12:38:38,624 - isca - WARNING - WARNING from PE   11: socrates_init: dt_rad does not fit into one day an integer number of times
2026-04-11 12:38:38,624 - isca - DEBUG - 
2026-04-11 12:38:38,624 - isca - DEBUG - 
2026-04-11 12:38:38,624 - isca - WARNING - WARNING from PE    8: socrates_init: dt_rad does not fit into one day an integer number of times
2026-04-11 12:38:38,624 - isca - DEBUG - 
2026-04-11 12:38:38,624 - isca - DEBUG - 
2026-04-11 12:38:38,624 - isca - WARNING - WARNING from PE    9: socrates_init: dt_rad does not fit into one day an integer number of times
2026-04-11 12:38:38,624 - isca - DEBUG - 
2026-04-11 12:38:38,624 - isca - DEBUG - 
2026-04-11 12:38:38,624 - isca - DEBUG - 
2026-04-11 12:38:38,624 - isca - WARNING - WARNING from PE    7: socrates_init: dt_rad does not fit into one day an integer number of times
2026-04-11 12:38:38,624 - isca - DEBUG - 
2026-04-11 12:38:38,624 - isca - WARNING - WARNING from PE    2: socrates_init: dt_rad does not fit into one day an integer number of times
2026-04-11 12:38:38,624 - isca - DEBUG - 
2026-04-11 12:38:38,624 - isca - DEBUG - 
2026-04-11 12:38:38,624 - isca - WARNING - WARNING from PE    1: socrates_init: dt_rad does not fit into one day an integer number of times
2026-04-11 12:38:38,624 - isca - DEBUG - 
2026-04-11 12:38:38,624 - isca - DEBUG - 
2026-04-11 12:38:38,624 - isca - WARNING - WARNING from PE    6: socrates_init: dt_rad does not fit into one day an integer number of times
2026-04-11 12:38:38,624 - isca - DEBUG - 
2026-04-11 12:38:38,625 - isca - DEBUG - 
2026-04-11 12:38:38,625 - isca - WARNING - WARNING from PE    4: socrates_init: dt_rad does not fit into one day an integer number of times
2026-04-11 12:38:38,625 - isca - DEBUG - 
2026-04-11 12:38:38,625 - isca - DEBUG - 
2026-04-11 12:38:38,626 - isca - WARNING - WARNING from PE   15: socrates_init: dt_rad does not fit into one day an integer number of times
2026-04-11 12:38:38,626 - isca - DEBUG - 
2026-04-11 12:38:38,630 - isca - DEBUG - 
2026-04-11 12:38:38,630 - isca - WARNING - WARNING from PE    0: socrates_init: dt_rad does not fit into one day an integer number of times
2026-04-11 12:38:38,630 - isca - DEBUG - 
2026-04-11 12:38:38,630 - isca - DEBUG - 
2026-04-11 12:38:38,630 - isca - WARNING - WARNING from PE    0: socrates_init: dt_rad does not fit into one day an integer number of times
2026-04-11 12:38:38,630 - isca - DEBUG - 
2026-04-11 12:38:38,630 - isca - DEBUG - 
2026-04-11 12:38:38,630 - isca - WARNING - WARNING from PE    0: socrates_init: lw_hires_spectral_filename is unset, making equal to lw_spectral_filename
2026-04-11 12:38:38,630 - isca - DEBUG - 
2026-04-11 12:38:38,630 - isca - DEBUG - 
2026-04-11 12:38:38,630 - isca - WARNING - WARNING from PE    0: socrates_init: lw_hires_spectral_filename is unset, making equal to lw_spectral_filename
2026-04-11 12:38:38,631 - isca - DEBUG - 
2026-04-11 12:38:38,631 - isca - DEBUG - 
2026-04-11 12:38:38,631 - isca - WARNING - WARNING from PE    0: socrates_init: sw_hires_spectral_filename is unset, making equal to sw_spectral_filename
2026-04-11 12:38:38,631 - isca - DEBUG - 
2026-04-11 12:38:38,631 - isca - DEBUG - 
2026-04-11 12:38:38,631 - isca - WARNING - WARNING from PE    0: socrates_init: sw_hires_spectral_filename is unset, making equal to sw_spectral_filename
2026-04-11 12:38:38,631 - isca - DEBUG - 
2026-04-11 12:38:40,263 - isca - DEBUG - NOTE from PE    0: Interpolator: Using input file with no time dimension - ozone_1990_notime_zero.nc
2026-04-11 12:38:40,263 - isca - DEBUG - Initializing src field : ozone_1990
2026-04-11 12:38:40,265 - isca - DEBUG - 
2026-04-11 12:38:40,265 - isca - DEBUG - -----------------------------------
2026-04-11 12:38:40,265 - isca - DEBUG - ____                       _
2026-04-11 12:38:40,265 - isca - DEBUG - / ___|  ___   ___ _ __ __ _| |_ ___  ___
2026-04-11 12:38:40,265 - isca - DEBUG - \___ \ / _ \ / __|  __/ _` | __/ _ \/ __|
2026-04-11 12:38:40,265 - isca - DEBUG - ___) | (_) | (__| | | (_| | ||  __/\__ \
2026-04-11 12:38:40,265 - isca - DEBUG - |____/ \___/ \___|_|  \__,_|\__\___||___/
2026-04-11 12:38:40,265 - isca - DEBUG - 
2026-04-11 12:38:40,266 - isca - DEBUG - Initialised Socrates v17.03
2026-04-11 12:38:40,266 - isca - DEBUG - Stellar constant =    1570.00000000000
2026-04-11 12:38:40,266 - isca - DEBUG - Longwave spectral file =
2026-04-11 12:38:40,266 - isca - DEBUG - /proj/bolinc/users/x_ryabo/socrates_edited_for_isca/spectral_files_for_GCMs/Sun
2026-04-11 12:38:40,266 - isca - DEBUG - /miniSuran_lw.sf WITH           16  bands
2026-04-11 12:38:40,266 - isca - DEBUG - Longwave hires spectral file =
2026-04-11 12:38:40,266 - isca - DEBUG - /proj/bolinc/users/x_ryabo/socrates_edited_for_isca/spectral_files_for_GCMs/Sun
2026-04-11 12:38:40,266 - isca - DEBUG - /miniSuran_lw.sf WITH           16  bands
2026-04-11 12:38:40,266 - isca - DEBUG - Shortwave spectral file =
2026-04-11 12:38:40,266 - isca - DEBUG - /proj/bolinc/users/x_ryabo/socrates_edited_for_isca/spectral_files_for_GCMs/Sun
2026-04-11 12:38:40,266 - isca - DEBUG - /miniSuran_sw.sf WITH           16  bands
2026-04-11 12:38:40,266 - isca - DEBUG - Shortwave hires spectral file =
2026-04-11 12:38:40,266 - isca - DEBUG - /proj/bolinc/users/x_ryabo/socrates_edited_for_isca/spectral_files_for_GCMs/Sun
2026-04-11 12:38:40,266 - isca - DEBUG - /miniSuran_sw.sf WITH           16  bands
2026-04-11 12:38:40,266 - isca - DEBUG - 
2026-04-11 12:38:40,266 - isca - DEBUG - -----------------------------------
2026-04-11 12:38:40,266 - isca - DEBUG - 
2026-04-11 12:39:22,638 - isca - DEBUG - Integration completed through    91 days     0 seconds
2026-04-11 12:40:06,573 - isca - DEBUG - Integration completed through    92 days     0 seconds
2026-04-11 12:40:50,287 - isca - DEBUG - Integration completed through    93 days     0 seconds
2026-04-11 12:41:34,117 - isca - DEBUG - Integration completed through    94 days     0 seconds
2026-04-11 12:42:18,445 - isca - DEBUG - Integration completed through    95 days     0 seconds
2026-04-11 12:43:02,388 - isca - DEBUG - Integration completed through    96 days     0 seconds
2026-04-11 12:43:46,411 - isca - DEBUG - Integration completed through    97 days     0 seconds
2026-04-11 12:44:30,477 - isca - DEBUG - Integration completed through    98 days     0 seconds
2026-04-11 12:45:16,216 - isca - DEBUG - Integration completed through    99 days     0 seconds
2026-04-11 12:46:01,509 - isca - DEBUG - Integration completed through   100 days     0 seconds
2026-04-11 12:46:45,413 - isca - DEBUG - Integration completed through   101 days     0 seconds
2026-04-11 12:47:30,104 - isca - DEBUG - Integration completed through   102 days     0 seconds
2026-04-11 12:48:15,188 - isca - DEBUG - Integration completed through   103 days     0 seconds
2026-04-11 12:48:59,180 - isca - DEBUG - Integration completed through   104 days     0 seconds
2026-04-11 12:49:42,963 - isca - DEBUG - Integration completed through   105 days     0 seconds
2026-04-11 12:50:27,788 - isca - DEBUG - Integration completed through   106 days     0 seconds
2026-04-11 12:51:11,849 - isca - DEBUG - Integration completed through   107 days     0 seconds
2026-04-11 12:51:55,899 - isca - DEBUG - Integration completed through   108 days     0 seconds
2026-04-11 12:52:38,858 - isca - DEBUG - Integration completed through   109 days     0 seconds
2026-04-11 12:53:23,654 - isca - DEBUG - Integration completed through   110 days     0 seconds
2026-04-11 12:54:07,697 - isca - DEBUG - Integration completed through   111 days     0 seconds
2026-04-11 12:54:51,410 - isca - DEBUG - Integration completed through   112 days     0 seconds
2026-04-11 12:55:35,835 - isca - DEBUG - Integration completed through   113 days     0 seconds
2026-04-11 12:56:20,129 - isca - DEBUG - Integration completed through   114 days     0 seconds
2026-04-11 12:57:04,273 - isca - DEBUG - Integration completed through   115 days     0 seconds
2026-04-11 12:57:47,875 - isca - DEBUG - Integration completed through   116 days     0 seconds
2026-04-11 12:58:32,317 - isca - DEBUG - Integration completed through   117 days     0 seconds
2026-04-11 12:59:16,827 - isca - DEBUG - Integration completed through   118 days     0 seconds
2026-04-11 13:00:00,700 - isca - DEBUG - Integration completed through   119 days     0 seconds
2026-04-11 13:00:46,010 - isca - DEBUG - Integration completed through   120 days     0 seconds
2026-04-11 13:00:46,017 - isca - DEBUG - 
2026-04-11 13:00:46,017 - isca - WARNING - WARNING from PE    0: diag_util_mod::opening_file: module/field_name (socrates/soc_toa_sw_down_clr) NOT registered
2026-04-11 13:00:46,017 - isca - DEBUG - 
2026-04-11 13:00:46,017 - isca - DEBUG - 
2026-04-11 13:00:46,017 - isca - WARNING - WARNING from PE    0: diag_util_mod::opening_file: module/field_name (socrates/soc_toa_sw_down_clr) NOT registered
2026-04-11 13:00:46,017 - isca - DEBUG - 
2026-04-11 13:00:46,017 - isca - DEBUG - 
2026-04-11 13:00:46,017 - isca - WARNING - WARNING from PE    0: diag_util_mod::opening_file: module/field_name (cloud_simple/rh_min) NOT registered
2026-04-11 13:00:46,017 - isca - DEBUG - 
2026-04-11 13:00:46,017 - isca - DEBUG - 
2026-04-11 13:00:46,017 - isca - WARNING - WARNING from PE    0: diag_util_mod::opening_file: module/field_name (cloud_simple/rh_min) NOT registered
2026-04-11 13:00:46,017 - isca - DEBUG - 
2026-04-11 13:00:46,028 - isca - DEBUG - NOTE from PE    0: MPP_IO_SET_STACK_SIZE: stack size set to     393216.
2026-04-11 13:00:46,271 - isca - DEBUG - MPP_DOMAINS_STACK high water mark=       49152
2026-04-11 13:00:46,272 - isca - DEBUG - 
2026-04-11 13:00:46,272 - isca - DEBUG - Tabulating mpp_clock statistics across     16 PEs...
2026-04-11 13:00:46,272 - isca - DEBUG - 
2026-04-11 13:00:46,272 - isca - DEBUG - tmin          tmax          tavg          tstd  tfrac grain pemin pemax
2026-04-11 13:00:46,272 - isca - DEBUG - Total runtime                      1327.728956   1327.735542   1327.732359      0.001825  1.000     0     0    15
2026-04-11 13:00:46,272 - isca - DEBUG - MPP_STACK high water mark=           0
2026-04-11 13:00:46,435 - isca - INFO - Run 4 complete
2026-04-11 13:00:48,244 - isca - DEBUG - atmos_monthly.nc combined and copied to data directory
2026-04-11 13:00:52,702 - isca - INFO - Restart archive created at /proj/bolinc/users/x_ryabo/Isca-Ryan_outputs/14_5_1570_as007_Sun/restarts/res0004.tar.gz
2026-04-11 13:00:52,717 - isca - INFO - Writing namelist to '/proj/bolinc/users/x_ryabo/Isca-Ryan_outputs/14_5_1570_as007_Sun/run0004/input.nml'
2026-04-11 13:00:52,720 - isca - INFO - Writing field_table to '/proj/bolinc/users/x_ryabo/Isca-Ryan_outputs/14_5_1570_as007_Sun/run0004/field_table'
2026-04-11 13:00:52,734 - isca - INFO - Writing diag_table to '/proj/bolinc/users/x_ryabo/Isca-Ryan_outputs/14_5_1570_as007_Sun/run0004/diag_table'
2026-04-11 13:00:53,171 - isca - INFO - Emptied run directory '/home/x_ryabo/Isca-Ryan_tmp/experiment/14_5_1570_as007_Sun/run'
2026-04-11 13:00:53,201 - isca - INFO - Emptied run directory '/home/x_ryabo/Isca-Ryan_tmp/experiment/14_5_1570_as007_Sun/run'
2026-04-11 13:00:53,609 - isca - INFO - Writing namelist to '/home/x_ryabo/Isca-Ryan_tmp/experiment/14_5_1570_as007_Sun/run/input.nml'
2026-04-11 13:00:53,611 - isca - INFO - Writing field_table to '/home/x_ryabo/Isca-Ryan_tmp/experiment/14_5_1570_as007_Sun/run/field_table'
2026-04-11 13:00:53,625 - isca - INFO - Writing diag_table to '/home/x_ryabo/Isca-Ryan_tmp/experiment/14_5_1570_as007_Sun/run/diag_table'
2026-04-11 13:00:53,642 - isca - INFO - Using restart file '/proj/bolinc/users/x_ryabo/Isca-Ryan_outputs/14_5_1570_as007_Sun/restarts/res0004.tar.gz'
2026-04-11 13:00:54,148 - isca - INFO - Restart /proj/bolinc/users/x_ryabo/Isca-Ryan_outputs/14_5_1570_as007_Sun/restarts/res0004.tar.gz extracted to /home/x_ryabo/Isca-Ryan_tmp/experiment/14_5_1570_as007_Sun/run/INPUT
2026-04-11 13:00:54,149 - isca - INFO - Beginning run 5
2026-04-11 13:00:54,167 - isca - INFO - process running as 3597184
2026-04-11 13:00:54,168 - isca - DEBUG - loadmodules for Isca on NSC cluster Tetralith
2026-04-11 13:00:54,168 - isca - DEBUG - mpiifort
2026-04-11 13:00:54,296 - isca - DEBUG - The following modules were not unloaded:
2026-04-11 13:00:54,296 - isca - DEBUG - (Use "module --force purge" to unload all):
2026-04-11 13:00:54,296 - isca - DEBUG - 
2026-04-11 13:00:54,296 - isca - DEBUG - 1) hpc/.1.10.1
2026-04-11 13:00:54,428 - isca - DEBUG - ***************************************************
2026-04-11 13:00:54,428 - isca - DEBUG - You have loaded a buildenv module
2026-04-11 13:00:54,428 - isca - DEBUG - ***************************************************
2026-04-11 13:00:54,428 - isca - DEBUG - The buldenv-intel module makes available:
2026-04-11 13:00:54,428 - isca - DEBUG - - Compilers: icc, ifort, etc.
2026-04-11 13:00:54,428 - isca - DEBUG - - Mpi library with mpi-wrapped compilers: intel mpi with mpicc, mpifort, etc.
2026-04-11 13:00:54,428 - isca - DEBUG - - Numerical libraries: intel MKL
2026-04-11 13:00:54,428 - isca - DEBUG - 
2026-04-11 13:00:54,428 - isca - DEBUG - It also makes a set of dependency library modules available via
2026-04-11 13:00:54,428 - isca - DEBUG - the regular module command. Just do:
2026-04-11 13:00:54,428 - isca - DEBUG - module avail
2026-04-11 13:00:54,428 - isca - DEBUG - to see what is available.
2026-04-11 13:00:54,428 - isca - DEBUG - 
2026-04-11 13:00:54,428 - isca - DEBUG - NOTE: You shoud never load build environments inside submitted jobs.
2026-04-11 13:00:54,428 - isca - DEBUG - (with the single exception of when using supercomputer time to compile code.)
2026-04-11 13:00:54,428 - isca - DEBUG - 
2026-04-11 13:00:55,751 - isca - DEBUG - NOTE from PE    0: MPP_DOMAINS_SET_STACK_SIZE: stack size set to    32768.
2026-04-11 13:00:55,751 - isca - DEBUG - &MPP_IO_NML
2026-04-11 13:00:55,751 - isca - DEBUG - HEADER_BUFFER_VAL       =       16384,
2026-04-11 13:00:55,751 - isca - DEBUG - GLOBAL_FIELD_ON_ROOT_PE = T,
2026-04-11 13:00:55,751 - isca - DEBUG - IO_CLOCKS_ON    = F,
2026-04-11 13:00:55,751 - isca - DEBUG - SHUFFLE =           0,
2026-04-11 13:00:55,751 - isca - DEBUG - DEFLATE_LEVEL   =          -1
2026-04-11 13:00:55,751 - isca - DEBUG - /
2026-04-11 13:00:55,753 - isca - DEBUG - NOTE from PE    0: MPP_IO_SET_STACK_SIZE: stack size set to     131072.
2026-04-11 13:00:55,753 - isca - DEBUG - NOTE from PE    0: MPP_DOMAINS_SET_STACK_SIZE: stack size set to   600000.
2026-04-11 13:00:55,761 - isca - DEBUG - starting            1  OpenMP threads per MPI-task
2026-04-11 13:00:55,763 - isca - DEBUG - ATMOS MODEL DOMAIN DECOMPOSITION
2026-04-11 13:00:55,763 - isca - DEBUG - X-AXIS =  128
2026-04-11 13:00:55,763 - isca - DEBUG - Y-AXIS =    4   4   4   4   4   4   4   4   4   4   4   4   4   4   4   4
2026-04-11 13:00:55,822 - isca - DEBUG - 
2026-04-11 13:00:55,822 - isca - WARNING - WARNING from PE    7: socrates_init: dt_rad does not fit into one day an integer number of times
2026-04-11 13:00:55,822 - isca - DEBUG - 
2026-04-11 13:00:55,823 - isca - DEBUG - 
2026-04-11 13:00:55,823 - isca - WARNING - WARNING from PE    1: socrates_init: dt_rad does not fit into one day an integer number of times
2026-04-11 13:00:55,823 - isca - DEBUG - 
2026-04-11 13:00:55,823 - isca - DEBUG - 
2026-04-11 13:00:55,824 - isca - WARNING - WARNING from PE    6: socrates_init: dt_rad does not fit into one day an integer number of times
2026-04-11 13:00:55,824 - isca - DEBUG - 
2026-04-11 13:00:55,832 - isca - DEBUG - 
2026-04-11 13:00:55,832 - isca - WARNING - WARNING from PE    5: socrates_init: dt_rad does not fit into one day an integer number of times
2026-04-11 13:00:55,832 - isca - DEBUG - 
2026-04-11 13:00:55,835 - isca - DEBUG - NOTE from PE    0: cloud_simple: Using SimCloud cloud scheme
2026-04-11 13:00:55,835 - isca - DEBUG - 
2026-04-11 13:00:55,835 - isca - WARNING - WARNING from PE   12: socrates_init: dt_rad does not fit into one day an integer number of times
2026-04-11 13:00:55,835 - isca - DEBUG - 
2026-04-11 13:00:55,836 - isca - DEBUG - NOTE from PE    0: ls_cloud: Using Sundqvist (1989) cloud fraction diagnostic formula.
2026-04-11 13:00:55,836 - isca - DEBUG - NOTE from PE    0: cloud_cover: The cloud overlap assumption is MAXIMUM-RANDOM
2026-04-11 13:00:55,836 - isca - DEBUG - NOTE from PE    0: idealized_moist_phys: Using Frierson Quasi-Equilibrium convection scheme.
2026-04-11 13:00:55,840 - isca - DEBUG - 
2026-04-11 13:00:55,840 - isca - WARNING - WARNING from PE   10: socrates_init: dt_rad does not fit into one day an integer number of times
2026-04-11 13:00:55,840 - isca - DEBUG - 
2026-04-11 13:00:55,840 - isca - DEBUG - 
2026-04-11 13:00:55,840 - isca - DEBUG - 
2026-04-11 13:00:55,840 - isca - WARNING - WARNING from PE   13: socrates_init: dt_rad does not fit into one day an integer number of times
2026-04-11 13:00:55,840 - isca - DEBUG - 
2026-04-11 13:00:55,840 - isca - WARNING - WARNING from PE   15: socrates_init: dt_rad does not fit into one day an integer number of times
2026-04-11 13:00:55,840 - isca - DEBUG - 
2026-04-11 13:00:55,840 - isca - WARNING - WARNING from PE    8: socrates_init: dt_rad does not fit into one day an integer number of times
2026-04-11 13:00:55,840 - isca - DEBUG - 
2026-04-11 13:00:55,840 - isca - DEBUG - 
2026-04-11 13:00:55,840 - isca - DEBUG - 
2026-04-11 13:00:55,840 - isca - WARNING - WARNING from PE   11: socrates_init: dt_rad does not fit into one day an integer number of times
2026-04-11 13:00:55,840 - isca - DEBUG - 
2026-04-11 13:00:55,840 - isca - DEBUG - 
2026-04-11 13:00:55,840 - isca - WARNING - WARNING from PE    4: socrates_init: dt_rad does not fit into one day an integer number of times
2026-04-11 13:00:55,840 - isca - DEBUG - 
2026-04-11 13:00:55,841 - isca - DEBUG - 
2026-04-11 13:00:55,841 - isca - WARNING - WARNING from PE    2: socrates_init: dt_rad does not fit into one day an integer number of times
2026-04-11 13:00:55,841 - isca - DEBUG - 
2026-04-11 13:00:55,841 - isca - DEBUG - 
2026-04-11 13:00:55,841 - isca - WARNING - WARNING from PE    9: socrates_init: dt_rad does not fit into one day an integer number of times
2026-04-11 13:00:55,841 - isca - DEBUG - 
2026-04-11 13:00:55,841 - isca - DEBUG - 
2026-04-11 13:00:55,841 - isca - WARNING - WARNING from PE    3: socrates_init: dt_rad does not fit into one day an integer number of times
2026-04-11 13:00:55,841 - isca - DEBUG - 
2026-04-11 13:00:55,843 - isca - DEBUG - 
2026-04-11 13:00:55,843 - isca - WARNING - WARNING from PE   14: socrates_init: dt_rad does not fit into one day an integer number of times
2026-04-11 13:00:55,843 - isca - DEBUG - 
2026-04-11 13:00:55,845 - isca - DEBUG - 
2026-04-11 13:00:55,845 - isca - WARNING - WARNING from PE    0: socrates_init: dt_rad does not fit into one day an integer number of times
2026-04-11 13:00:55,845 - isca - DEBUG - 
2026-04-11 13:00:55,845 - isca - DEBUG - 
2026-04-11 13:00:55,845 - isca - WARNING - WARNING from PE    0: socrates_init: dt_rad does not fit into one day an integer number of times
2026-04-11 13:00:55,845 - isca - DEBUG - 
2026-04-11 13:00:55,845 - isca - DEBUG - 
2026-04-11 13:00:55,845 - isca - WARNING - WARNING from PE    0: socrates_init: lw_hires_spectral_filename is unset, making equal to lw_spectral_filename
2026-04-11 13:00:55,845 - isca - DEBUG - 
2026-04-11 13:00:55,845 - isca - DEBUG - 
2026-04-11 13:00:55,845 - isca - WARNING - WARNING from PE    0: socrates_init: lw_hires_spectral_filename is unset, making equal to lw_spectral_filename
2026-04-11 13:00:55,845 - isca - DEBUG - 
2026-04-11 13:00:55,846 - isca - DEBUG - 
2026-04-11 13:00:55,846 - isca - WARNING - WARNING from PE    0: socrates_init: sw_hires_spectral_filename is unset, making equal to sw_spectral_filename
2026-04-11 13:00:55,846 - isca - DEBUG - 
2026-04-11 13:00:55,846 - isca - DEBUG - 
2026-04-11 13:00:55,846 - isca - WARNING - WARNING from PE    0: socrates_init: sw_hires_spectral_filename is unset, making equal to sw_spectral_filename
2026-04-11 13:00:55,846 - isca - DEBUG - 
2026-04-11 13:00:57,231 - isca - DEBUG - NOTE from PE    0: Interpolator: Using input file with no time dimension - ozone_1990_notime_zero.nc
2026-04-11 13:00:57,231 - isca - DEBUG - Initializing src field : ozone_1990
2026-04-11 13:00:57,233 - isca - DEBUG - 
2026-04-11 13:00:57,233 - isca - DEBUG - -----------------------------------
2026-04-11 13:00:57,233 - isca - DEBUG - ____                       _
2026-04-11 13:00:57,233 - isca - DEBUG - / ___|  ___   ___ _ __ __ _| |_ ___  ___
2026-04-11 13:00:57,233 - isca - DEBUG - \___ \ / _ \ / __|  __/ _` | __/ _ \/ __|
2026-04-11 13:00:57,233 - isca - DEBUG - ___) | (_) | (__| | | (_| | ||  __/\__ \
2026-04-11 13:00:57,233 - isca - DEBUG - |____/ \___/ \___|_|  \__,_|\__\___||___/
2026-04-11 13:00:57,233 - isca - DEBUG - 
2026-04-11 13:00:57,233 - isca - DEBUG - Initialised Socrates v17.03
2026-04-11 13:00:57,233 - isca - DEBUG - Stellar constant =    1570.00000000000
2026-04-11 13:00:57,233 - isca - DEBUG - Longwave spectral file =
2026-04-11 13:00:57,233 - isca - DEBUG - /proj/bolinc/users/x_ryabo/socrates_edited_for_isca/spectral_files_for_GCMs/Sun
2026-04-11 13:00:57,233 - isca - DEBUG - /miniSuran_lw.sf WITH           16  bands
2026-04-11 13:00:57,233 - isca - DEBUG - Longwave hires spectral file =
2026-04-11 13:00:57,233 - isca - DEBUG - /proj/bolinc/users/x_ryabo/socrates_edited_for_isca/spectral_files_for_GCMs/Sun
2026-04-11 13:00:57,234 - isca - DEBUG - /miniSuran_lw.sf WITH           16  bands
2026-04-11 13:00:57,234 - isca - DEBUG - Shortwave spectral file =
2026-04-11 13:00:57,234 - isca - DEBUG - /proj/bolinc/users/x_ryabo/socrates_edited_for_isca/spectral_files_for_GCMs/Sun
2026-04-11 13:00:57,234 - isca - DEBUG - /miniSuran_sw.sf WITH           16  bands
2026-04-11 13:00:57,234 - isca - DEBUG - Shortwave hires spectral file =
2026-04-11 13:00:57,234 - isca - DEBUG - /proj/bolinc/users/x_ryabo/socrates_edited_for_isca/spectral_files_for_GCMs/Sun
2026-04-11 13:00:57,234 - isca - DEBUG - /miniSuran_sw.sf WITH           16  bands
2026-04-11 13:00:57,234 - isca - DEBUG - 
2026-04-11 13:00:57,234 - isca - DEBUG - -----------------------------------
2026-04-11 13:00:57,234 - isca - DEBUG - 
2026-04-11 13:01:41,688 - isca - DEBUG - Integration completed through   121 days     0 seconds
2026-04-11 13:02:23,102 - isca - DEBUG - Integration completed through   122 days     0 seconds
2026-04-11 13:03:06,874 - isca - DEBUG - Integration completed through   123 days     0 seconds
2026-04-11 13:03:50,501 - isca - DEBUG - Integration completed through   124 days     0 seconds
2026-04-11 13:04:34,329 - isca - DEBUG - Integration completed through   125 days     0 seconds
2026-04-11 13:05:17,442 - isca - DEBUG - Integration completed through   126 days     0 seconds
2026-04-11 13:06:01,489 - isca - DEBUG - Integration completed through   127 days     0 seconds
2026-04-11 13:06:44,998 - isca - DEBUG - Integration completed through   128 days     0 seconds
2026-04-11 13:07:29,742 - isca - DEBUG - Integration completed through   129 days     0 seconds
2026-04-11 13:08:14,647 - isca - DEBUG - Integration completed through   130 days     0 seconds
2026-04-11 13:08:58,897 - isca - DEBUG - Integration completed through   131 days     0 seconds
2026-04-11 13:09:43,499 - isca - DEBUG - Integration completed through   132 days     0 seconds
2026-04-11 13:10:26,831 - isca - DEBUG - Integration completed through   133 days     0 seconds
2026-04-11 13:11:10,281 - isca - DEBUG - Integration completed through   134 days     0 seconds
2026-04-11 13:11:54,350 - isca - DEBUG - Integration completed through   135 days     0 seconds
2026-04-11 13:12:37,869 - isca - DEBUG - Integration completed through   136 days     0 seconds
2026-04-11 13:13:22,481 - isca - DEBUG - Integration completed through   137 days     0 seconds
2026-04-11 13:14:07,164 - isca - DEBUG - Integration completed through   138 days     0 seconds
2026-04-11 13:14:51,300 - isca - DEBUG - Integration completed through   139 days     0 seconds
2026-04-11 13:15:35,069 - isca - DEBUG - Integration completed through   140 days     0 seconds
2026-04-11 13:16:19,866 - isca - DEBUG - Integration completed through   141 days     0 seconds
2026-04-11 13:17:05,353 - isca - DEBUG - Integration completed through   142 days     0 seconds
2026-04-11 13:17:49,710 - isca - DEBUG - Integration completed through   143 days     0 seconds
2026-04-11 13:18:32,791 - isca - DEBUG - Integration completed through   144 days     0 seconds
2026-04-11 13:19:16,223 - isca - DEBUG - Integration completed through   145 days     0 seconds
2026-04-11 13:20:00,083 - isca - DEBUG - Integration completed through   146 days     0 seconds
2026-04-11 13:20:44,673 - isca - DEBUG - Integration completed through   147 days     0 seconds
2026-04-11 13:21:28,915 - isca - DEBUG - Integration completed through   148 days     0 seconds
2026-04-11 13:22:14,347 - isca - DEBUG - Integration completed through   149 days     0 seconds
2026-04-11 13:22:59,812 - isca - DEBUG - Integration completed through   150 days     0 seconds
2026-04-11 13:22:59,841 - isca - DEBUG - 
2026-04-11 13:22:59,841 - isca - WARNING - WARNING from PE    0: diag_util_mod::opening_file: module/field_name (socrates/soc_toa_sw_down_clr) NOT registered
2026-04-11 13:22:59,842 - isca - DEBUG - 
2026-04-11 13:22:59,842 - isca - DEBUG - 
2026-04-11 13:22:59,842 - isca - WARNING - WARNING from PE    0: diag_util_mod::opening_file: module/field_name (socrates/soc_toa_sw_down_clr) NOT registered
2026-04-11 13:22:59,842 - isca - DEBUG - 
2026-04-11 13:22:59,842 - isca - DEBUG - 
2026-04-11 13:22:59,842 - isca - WARNING - WARNING from PE    0: diag_util_mod::opening_file: module/field_name (cloud_simple/rh_min) NOT registered
2026-04-11 13:22:59,842 - isca - DEBUG - 
2026-04-11 13:22:59,842 - isca - DEBUG - 
2026-04-11 13:22:59,842 - isca - WARNING - WARNING from PE    0: diag_util_mod::opening_file: module/field_name (cloud_simple/rh_min) NOT registered
2026-04-11 13:22:59,842 - isca - DEBUG - 
2026-04-11 13:22:59,853 - isca - DEBUG - NOTE from PE    0: MPP_IO_SET_STACK_SIZE: stack size set to     393216.
2026-04-11 13:22:59,965 - isca - DEBUG - MPP_DOMAINS_STACK high water mark=       49152
2026-04-11 13:22:59,965 - isca - DEBUG - 
2026-04-11 13:22:59,965 - isca - DEBUG - Tabulating mpp_clock statistics across     16 PEs...
2026-04-11 13:22:59,965 - isca - DEBUG - 
2026-04-11 13:22:59,965 - isca - DEBUG - tmin          tmax          tavg          tstd  tfrac grain pemin pemax
2026-04-11 13:22:59,965 - isca - DEBUG - Total runtime                      1324.210398   1324.219692   1324.215723      0.002941  1.000     0     0    15
2026-04-11 13:22:59,966 - isca - DEBUG - MPP_STACK high water mark=           0
2026-04-11 13:23:00,151 - isca - INFO - Run 5 complete
2026-04-11 13:23:01,257 - isca - DEBUG - atmos_monthly.nc combined and copied to data directory
2026-04-11 13:23:05,661 - isca - INFO - Restart archive created at /proj/bolinc/users/x_ryabo/Isca-Ryan_outputs/14_5_1570_as007_Sun/restarts/res0005.tar.gz
2026-04-11 13:23:05,676 - isca - INFO - Writing namelist to '/proj/bolinc/users/x_ryabo/Isca-Ryan_outputs/14_5_1570_as007_Sun/run0005/input.nml'
2026-04-11 13:23:05,679 - isca - INFO - Writing field_table to '/proj/bolinc/users/x_ryabo/Isca-Ryan_outputs/14_5_1570_as007_Sun/run0005/field_table'
2026-04-11 13:23:05,695 - isca - INFO - Writing diag_table to '/proj/bolinc/users/x_ryabo/Isca-Ryan_outputs/14_5_1570_as007_Sun/run0005/diag_table'
2026-04-11 13:23:06,160 - isca - INFO - Emptied run directory '/home/x_ryabo/Isca-Ryan_tmp/experiment/14_5_1570_as007_Sun/run'
2026-04-11 13:23:06,191 - isca - INFO - Emptied run directory '/home/x_ryabo/Isca-Ryan_tmp/experiment/14_5_1570_as007_Sun/run'
2026-04-11 13:23:06,599 - isca - INFO - Writing namelist to '/home/x_ryabo/Isca-Ryan_tmp/experiment/14_5_1570_as007_Sun/run/input.nml'
2026-04-11 13:23:06,602 - isca - INFO - Writing field_table to '/home/x_ryabo/Isca-Ryan_tmp/experiment/14_5_1570_as007_Sun/run/field_table'
2026-04-11 13:23:06,616 - isca - INFO - Writing diag_table to '/home/x_ryabo/Isca-Ryan_tmp/experiment/14_5_1570_as007_Sun/run/diag_table'
2026-04-11 13:23:06,634 - isca - INFO - Using restart file '/proj/bolinc/users/x_ryabo/Isca-Ryan_outputs/14_5_1570_as007_Sun/restarts/res0005.tar.gz'
2026-04-11 13:23:07,141 - isca - INFO - Restart /proj/bolinc/users/x_ryabo/Isca-Ryan_outputs/14_5_1570_as007_Sun/restarts/res0005.tar.gz extracted to /home/x_ryabo/Isca-Ryan_tmp/experiment/14_5_1570_as007_Sun/run/INPUT
2026-04-11 13:23:07,143 - isca - INFO - Beginning run 6
2026-04-11 13:23:07,157 - isca - INFO - process running as 3598705
2026-04-11 13:23:07,158 - isca - DEBUG - loadmodules for Isca on NSC cluster Tetralith
2026-04-11 13:23:07,158 - isca - DEBUG - mpiifort
2026-04-11 13:23:07,296 - isca - DEBUG - The following modules were not unloaded:
2026-04-11 13:23:07,296 - isca - DEBUG - (Use "module --force purge" to unload all):
2026-04-11 13:23:07,296 - isca - DEBUG - 
2026-04-11 13:23:07,296 - isca - DEBUG - 1) hpc/.1.10.1
2026-04-11 13:23:07,435 - isca - DEBUG - ***************************************************
2026-04-11 13:23:07,435 - isca - DEBUG - You have loaded a buildenv module
2026-04-11 13:23:07,435 - isca - DEBUG - ***************************************************
2026-04-11 13:23:07,436 - isca - DEBUG - The buldenv-intel module makes available:
2026-04-11 13:23:07,436 - isca - DEBUG - - Compilers: icc, ifort, etc.
2026-04-11 13:23:07,436 - isca - DEBUG - - Mpi library with mpi-wrapped compilers: intel mpi with mpicc, mpifort, etc.
2026-04-11 13:23:07,436 - isca - DEBUG - - Numerical libraries: intel MKL
2026-04-11 13:23:07,436 - isca - DEBUG - 
2026-04-11 13:23:07,436 - isca - DEBUG - It also makes a set of dependency library modules available via
2026-04-11 13:23:07,436 - isca - DEBUG - the regular module command. Just do:
2026-04-11 13:23:07,436 - isca - DEBUG - module avail
2026-04-11 13:23:07,436 - isca - DEBUG - to see what is available.
2026-04-11 13:23:07,436 - isca - DEBUG - 
2026-04-11 13:23:07,436 - isca - DEBUG - NOTE: You shoud never load build environments inside submitted jobs.
2026-04-11 13:23:07,436 - isca - DEBUG - (with the single exception of when using supercomputer time to compile code.)
2026-04-11 13:23:07,436 - isca - DEBUG - 
2026-04-11 13:23:09,005 - isca - DEBUG - NOTE from PE    0: MPP_DOMAINS_SET_STACK_SIZE: stack size set to    32768.
2026-04-11 13:23:09,005 - isca - DEBUG - &MPP_IO_NML
2026-04-11 13:23:09,005 - isca - DEBUG - HEADER_BUFFER_VAL       =       16384,
2026-04-11 13:23:09,005 - isca - DEBUG - GLOBAL_FIELD_ON_ROOT_PE = T,
2026-04-11 13:23:09,005 - isca - DEBUG - IO_CLOCKS_ON    = F,
2026-04-11 13:23:09,005 - isca - DEBUG - SHUFFLE =           0,
2026-04-11 13:23:09,005 - isca - DEBUG - DEFLATE_LEVEL   =          -1
2026-04-11 13:23:09,005 - isca - DEBUG - /
2026-04-11 13:23:09,007 - isca - DEBUG - NOTE from PE    0: MPP_IO_SET_STACK_SIZE: stack size set to     131072.
2026-04-11 13:23:09,008 - isca - DEBUG - NOTE from PE    0: MPP_DOMAINS_SET_STACK_SIZE: stack size set to   600000.
2026-04-11 13:23:09,017 - isca - DEBUG - starting            1  OpenMP threads per MPI-task
2026-04-11 13:23:09,019 - isca - DEBUG - ATMOS MODEL DOMAIN DECOMPOSITION
2026-04-11 13:23:09,019 - isca - DEBUG - X-AXIS =  128
2026-04-11 13:23:09,019 - isca - DEBUG - Y-AXIS =    4   4   4   4   4   4   4   4   4   4   4   4   4   4   4   4
2026-04-11 13:23:09,083 - isca - DEBUG - 
2026-04-11 13:23:09,083 - isca - WARNING - WARNING from PE    4: socrates_init: dt_rad does not fit into one day an integer number of times
2026-04-11 13:23:09,083 - isca - DEBUG - 
2026-04-11 13:23:09,083 - isca - DEBUG - NOTE from PE    0: cloud_simple: Using SimCloud cloud scheme
2026-04-11 13:23:09,085 - isca - DEBUG - NOTE from PE    0: ls_cloud: Using Sundqvist (1989) cloud fraction diagnostic formula.
2026-04-11 13:23:09,085 - isca - DEBUG - 
2026-04-11 13:23:09,085 - isca - WARNING - WARNING from PE    2: socrates_init: dt_rad does not fit into one day an integer number of times
2026-04-11 13:23:09,086 - isca - DEBUG - 
2026-04-11 13:23:09,086 - isca - DEBUG - NOTE from PE    0: cloud_cover: The cloud overlap assumption is MAXIMUM-RANDOM
2026-04-11 13:23:09,086 - isca - DEBUG - NOTE from PE    0: idealized_moist_phys: Using Frierson Quasi-Equilibrium convection scheme.
2026-04-11 13:23:09,087 - isca - DEBUG - 
2026-04-11 13:23:09,087 - isca - DEBUG - 
2026-04-11 13:23:09,087 - isca - WARNING - WARNING from PE   14: socrates_init: dt_rad does not fit into one day an integer number of times
2026-04-11 13:23:09,087 - isca - DEBUG - 
2026-04-11 13:23:09,087 - isca - DEBUG - 
2026-04-11 13:23:09,087 - isca - WARNING - WARNING from PE    9: socrates_init: dt_rad does not fit into one day an integer number of times
2026-04-11 13:23:09,087 - isca - DEBUG - 
2026-04-11 13:23:09,087 - isca - DEBUG - 
2026-04-11 13:23:09,087 - isca - WARNING - WARNING from PE   10: socrates_init: dt_rad does not fit into one day an integer number of times
2026-04-11 13:23:09,087 - isca - DEBUG - 
2026-04-11 13:23:09,087 - isca - DEBUG - 
2026-04-11 13:23:09,087 - isca - WARNING - WARNING from PE   12: socrates_init: dt_rad does not fit into one day an integer number of times
2026-04-11 13:23:09,087 - isca - DEBUG - 
2026-04-11 13:23:09,088 - isca - WARNING - WARNING from PE   13: socrates_init: dt_rad does not fit into one day an integer number of times
2026-04-11 13:23:09,088 - isca - DEBUG - 
2026-04-11 13:23:09,088 - isca - DEBUG - 
2026-04-11 13:23:09,088 - isca - WARNING - WARNING from PE   15: socrates_init: dt_rad does not fit into one day an integer number of times
2026-04-11 13:23:09,088 - isca - DEBUG - 
2026-04-11 13:23:09,089 - isca - DEBUG - 
2026-04-11 13:23:09,089 - isca - WARNING - WARNING from PE   11: socrates_init: dt_rad does not fit into one day an integer number of times
2026-04-11 13:23:09,089 - isca - DEBUG - 
2026-04-11 13:23:09,089 - isca - DEBUG - 
2026-04-11 13:23:09,090 - isca - WARNING - WARNING from PE    3: socrates_init: dt_rad does not fit into one day an integer number of times
2026-04-11 13:23:09,090 - isca - DEBUG - 
2026-04-11 13:23:09,090 - isca - DEBUG - 
2026-04-11 13:23:09,090 - isca - WARNING - WARNING from PE    6: socrates_init: dt_rad does not fit into one day an integer number of times
2026-04-11 13:23:09,090 - isca - DEBUG - 
2026-04-11 13:23:09,090 - isca - WARNING - WARNING from PE    5: socrates_init: dt_rad does not fit into one day an integer number of times
2026-04-11 13:23:09,090 - isca - DEBUG - 
2026-04-11 13:23:09,090 - isca - DEBUG - 
2026-04-11 13:23:09,090 - isca - DEBUG - 
2026-04-11 13:23:09,090 - isca - DEBUG - 
2026-04-11 13:23:09,090 - isca - WARNING - WARNING from PE    1: socrates_init: dt_rad does not fit into one day an integer number of times
2026-04-11 13:23:09,090 - isca - DEBUG - 
2026-04-11 13:23:09,090 - isca - WARNING - WARNING from PE    8: socrates_init: dt_rad does not fit into one day an integer number of times
2026-04-11 13:23:09,090 - isca - DEBUG - 
2026-04-11 13:23:09,091 - isca - DEBUG - 
2026-04-11 13:23:09,091 - isca - WARNING - WARNING from PE    7: socrates_init: dt_rad does not fit into one day an integer number of times
2026-04-11 13:23:09,091 - isca - DEBUG - 
2026-04-11 13:23:09,097 - isca - DEBUG - 
2026-04-11 13:23:09,097 - isca - WARNING - WARNING from PE    0: socrates_init: dt_rad does not fit into one day an integer number of times
2026-04-11 13:23:09,097 - isca - DEBUG - 
2026-04-11 13:23:09,097 - isca - DEBUG - 
2026-04-11 13:23:09,097 - isca - WARNING - WARNING from PE    0: socrates_init: dt_rad does not fit into one day an integer number of times
2026-04-11 13:23:09,097 - isca - DEBUG - 
2026-04-11 13:23:09,097 - isca - DEBUG - 
2026-04-11 13:23:09,097 - isca - WARNING - WARNING from PE    0: socrates_init: lw_hires_spectral_filename is unset, making equal to lw_spectral_filename
2026-04-11 13:23:09,097 - isca - DEBUG - 
2026-04-11 13:23:09,097 - isca - DEBUG - 
2026-04-11 13:23:09,097 - isca - WARNING - WARNING from PE    0: socrates_init: lw_hires_spectral_filename is unset, making equal to lw_spectral_filename
2026-04-11 13:23:09,097 - isca - DEBUG - 
2026-04-11 13:23:09,097 - isca - DEBUG - 
2026-04-11 13:23:09,097 - isca - WARNING - WARNING from PE    0: socrates_init: sw_hires_spectral_filename is unset, making equal to sw_spectral_filename
2026-04-11 13:23:09,097 - isca - DEBUG - 
2026-04-11 13:23:09,097 - isca - DEBUG - 
2026-04-11 13:23:09,097 - isca - WARNING - WARNING from PE    0: socrates_init: sw_hires_spectral_filename is unset, making equal to sw_spectral_filename
2026-04-11 13:23:09,098 - isca - DEBUG - 
2026-04-11 13:23:10,412 - isca - DEBUG - NOTE from PE    0: Interpolator: Using input file with no time dimension - ozone_1990_notime_zero.nc
2026-04-11 13:23:10,413 - isca - DEBUG - Initializing src field : ozone_1990
2026-04-11 13:23:10,415 - isca - DEBUG - 
2026-04-11 13:23:10,415 - isca - DEBUG - -----------------------------------
2026-04-11 13:23:10,415 - isca - DEBUG - ____                       _
2026-04-11 13:23:10,415 - isca - DEBUG - / ___|  ___   ___ _ __ __ _| |_ ___  ___
2026-04-11 13:23:10,415 - isca - DEBUG - \___ \ / _ \ / __|  __/ _` | __/ _ \/ __|
2026-04-11 13:23:10,415 - isca - DEBUG - ___) | (_) | (__| | | (_| | ||  __/\__ \
2026-04-11 13:23:10,415 - isca - DEBUG - |____/ \___/ \___|_|  \__,_|\__\___||___/
2026-04-11 13:23:10,415 - isca - DEBUG - 
2026-04-11 13:23:10,415 - isca - DEBUG - Initialised Socrates v17.03
2026-04-11 13:23:10,415 - isca - DEBUG - Stellar constant =    1570.00000000000
2026-04-11 13:23:10,415 - isca - DEBUG - Longwave spectral file =
2026-04-11 13:23:10,415 - isca - DEBUG - /proj/bolinc/users/x_ryabo/socrates_edited_for_isca/spectral_files_for_GCMs/Sun
2026-04-11 13:23:10,415 - isca - DEBUG - /miniSuran_lw.sf WITH           16  bands
2026-04-11 13:23:10,415 - isca - DEBUG - Longwave hires spectral file =
2026-04-11 13:23:10,415 - isca - DEBUG - /proj/bolinc/users/x_ryabo/socrates_edited_for_isca/spectral_files_for_GCMs/Sun
2026-04-11 13:23:10,415 - isca - DEBUG - /miniSuran_lw.sf WITH           16  bands
2026-04-11 13:23:10,416 - isca - DEBUG - Shortwave spectral file =
2026-04-11 13:23:10,416 - isca - DEBUG - /proj/bolinc/users/x_ryabo/socrates_edited_for_isca/spectral_files_for_GCMs/Sun
2026-04-11 13:23:10,416 - isca - DEBUG - /miniSuran_sw.sf WITH           16  bands
2026-04-11 13:23:10,416 - isca - DEBUG - Shortwave hires spectral file =
2026-04-11 13:23:10,416 - isca - DEBUG - /proj/bolinc/users/x_ryabo/socrates_edited_for_isca/spectral_files_for_GCMs/Sun
2026-04-11 13:23:10,416 - isca - DEBUG - /miniSuran_sw.sf WITH           16  bands
2026-04-11 13:23:10,416 - isca - DEBUG - 
2026-04-11 13:23:10,416 - isca - DEBUG - -----------------------------------
2026-04-11 13:23:10,416 - isca - DEBUG - 
2026-04-11 13:23:54,155 - isca - DEBUG - Integration completed through   151 days     0 seconds
2026-04-11 13:24:36,310 - isca - DEBUG - Integration completed through   152 days     0 seconds
2026-04-11 13:25:19,416 - isca - DEBUG - Integration completed through   153 days     0 seconds
2026-04-11 13:26:03,345 - isca - DEBUG - Integration completed through   154 days     0 seconds
2026-04-11 13:26:48,270 - isca - DEBUG - Integration completed through   155 days     0 seconds
2026-04-11 13:27:31,487 - isca - DEBUG - Integration completed through   156 days     0 seconds
2026-04-11 13:28:16,450 - isca - DEBUG - Integration completed through   157 days     0 seconds
2026-04-11 13:29:00,186 - isca - DEBUG - Integration completed through   158 days     0 seconds
2026-04-11 13:29:43,601 - isca - DEBUG - Integration completed through   159 days     0 seconds
2026-04-11 13:30:26,295 - isca - DEBUG - Integration completed through   160 days     0 seconds
2026-04-11 13:31:10,775 - isca - DEBUG - Integration completed through   161 days     0 seconds
2026-04-11 13:31:56,399 - isca - DEBUG - Integration completed through   162 days     0 seconds
2026-04-11 13:32:41,536 - isca - DEBUG - Integration completed through   163 days     0 seconds
2026-04-11 13:33:25,467 - isca - DEBUG - Integration completed through   164 days     0 seconds
2026-04-11 13:33:28,956 - isca - DEBUG - 
2026-04-11 13:33:28,956 - isca - WARNING - WARNING from PE    7: diag_manager_mod::send_data_3d: A value for dynamics in field ucomp (Min:  -1.10413E+002, Max:   4.01045E+002) is outside the range [ -4.00000E+002,  4.00000E+002].
2026-04-11 13:33:28,956 - isca - DEBUG - 
2026-04-11 13:33:28,989 - isca - DEBUG - 
2026-04-11 13:33:28,989 - isca - WARNING - WARNING from PE    7: diag_manager_mod::send_data_3d: A value for dynamics in field ucomp (Min:  -1.11496E+002, Max:   4.00767E+002) is outside the range [ -4.00000E+002,  4.00000E+002].
2026-04-11 13:33:28,989 - isca - DEBUG - 
2026-04-11 13:33:30,149 - isca - DEBUG - 
2026-04-11 13:33:30,149 - isca - WARNING - WARNING from PE    7: diag_manager_mod::send_data_3d: A value for dynamics in field ucomp (Min:  -1.16800E+002, Max:   4.01038E+002) is outside the range [ -4.00000E+002,  4.00000E+002].
2026-04-11 13:33:30,149 - isca - DEBUG - 
2026-04-11 13:33:30,178 - isca - DEBUG - 
2026-04-11 13:33:30,178 - isca - WARNING - WARNING from PE    7: diag_manager_mod::send_data_3d: A value for dynamics in field ucomp (Min:  -1.16873E+002, Max:   4.03807E+002) is outside the range [ -4.00000E+002,  4.00000E+002].
2026-04-11 13:33:30,178 - isca - DEBUG - 
2026-04-11 13:33:30,207 - isca - DEBUG - 
2026-04-11 13:33:30,207 - isca - WARNING - WARNING from PE    7: diag_manager_mod::send_data_3d: A value for dynamics in field ucomp (Min:  -1.16848E+002, Max:   4.04767E+002) is outside the range [ -4.00000E+002,  4.00000E+002].
2026-04-11 13:33:30,208 - isca - DEBUG - 
2026-04-11 13:33:30,236 - isca - DEBUG - 
2026-04-11 13:33:30,237 - isca - WARNING - WARNING from PE    7: diag_manager_mod::send_data_3d: A value for dynamics in field ucomp (Min:  -1.16720E+002, Max:   4.03923E+002) is outside the range [ -4.00000E+002,  4.00000E+002].
2026-04-11 13:33:30,237 - isca - DEBUG - 
2026-04-11 13:33:30,266 - isca - DEBUG - 
2026-04-11 13:33:30,266 - isca - WARNING - WARNING from PE    7: diag_manager_mod::send_data_3d: A value for dynamics in field ucomp (Min:  -1.16499E+002, Max:   4.01368E+002) is outside the range [ -4.00000E+002,  4.00000E+002].
2026-04-11 13:33:30,266 - isca - DEBUG - 
2026-04-11 13:34:09,415 - isca - DEBUG - Integration completed through   165 days     0 seconds
2026-04-11 13:34:53,135 - isca - DEBUG - Integration completed through   166 days     0 seconds
2026-04-11 13:35:37,599 - isca - DEBUG - Integration completed through   167 days     0 seconds
2026-04-11 13:36:22,690 - isca - DEBUG - Integration completed through   168 days     0 seconds
2026-04-11 13:37:08,595 - isca - DEBUG - Integration completed through   169 days     0 seconds
2026-04-11 13:37:53,610 - isca - DEBUG - Integration completed through   170 days     0 seconds
2026-04-11 13:38:38,623 - isca - DEBUG - Integration completed through   171 days     0 seconds
2026-04-11 13:39:21,580 - isca - DEBUG - Integration completed through   172 days     0 seconds
2026-04-11 13:40:05,656 - isca - DEBUG - Integration completed through   173 days     0 seconds
2026-04-11 13:40:49,818 - isca - DEBUG - Integration completed through   174 days     0 seconds
2026-04-11 13:41:33,451 - isca - DEBUG - Integration completed through   175 days     0 seconds
2026-04-11 13:42:18,559 - isca - DEBUG - Integration completed through   176 days     0 seconds
2026-04-11 13:43:03,300 - isca - DEBUG - Integration completed through   177 days     0 seconds
2026-04-11 13:43:47,467 - isca - DEBUG - Integration completed through   178 days     0 seconds
2026-04-11 13:44:31,248 - isca - DEBUG - Integration completed through   179 days     0 seconds
2026-04-11 13:45:16,181 - isca - DEBUG - Integration completed through   180 days     0 seconds
2026-04-11 13:45:16,187 - isca - DEBUG - 
2026-04-11 13:45:16,187 - isca - WARNING - WARNING from PE    0: diag_util_mod::opening_file: module/field_name (socrates/soc_toa_sw_down_clr) NOT registered
2026-04-11 13:45:16,187 - isca - DEBUG - 
2026-04-11 13:45:16,187 - isca - DEBUG - 
2026-04-11 13:45:16,187 - isca - WARNING - WARNING from PE    0: diag_util_mod::opening_file: module/field_name (socrates/soc_toa_sw_down_clr) NOT registered
2026-04-11 13:45:16,187 - isca - DEBUG - 
2026-04-11 13:45:16,187 - isca - DEBUG - 
2026-04-11 13:45:16,187 - isca - WARNING - WARNING from PE    0: diag_util_mod::opening_file: module/field_name (cloud_simple/rh_min) NOT registered
2026-04-11 13:45:16,187 - isca - DEBUG - 
2026-04-11 13:45:16,187 - isca - DEBUG - 
2026-04-11 13:45:16,187 - isca - WARNING - WARNING from PE    0: diag_util_mod::opening_file: module/field_name (cloud_simple/rh_min) NOT registered
2026-04-11 13:45:16,187 - isca - DEBUG - 
2026-04-11 13:45:16,199 - isca - DEBUG - NOTE from PE    0: MPP_IO_SET_STACK_SIZE: stack size set to     393216.
2026-04-11 13:45:16,352 - isca - DEBUG - MPP_DOMAINS_STACK high water mark=       49152
2026-04-11 13:45:16,352 - isca - DEBUG - 
2026-04-11 13:45:16,352 - isca - DEBUG - Tabulating mpp_clock statistics across     16 PEs...
2026-04-11 13:45:16,352 - isca - DEBUG - 
2026-04-11 13:45:16,352 - isca - DEBUG - tmin          tmax          tavg          tstd  tfrac grain pemin pemax
2026-04-11 13:45:16,353 - isca - DEBUG - Total runtime                      1327.343113   1327.349519   1327.347003      0.001815  1.000     0     0    15
2026-04-11 13:45:16,353 - isca - DEBUG - MPP_STACK high water mark=           0
2026-04-11 13:45:16,462 - isca - INFO - Run 6 complete
2026-04-11 13:45:17,710 - isca - DEBUG - atmos_monthly.nc combined and copied to data directory
2026-04-11 13:45:21,980 - isca - INFO - Restart archive created at /proj/bolinc/users/x_ryabo/Isca-Ryan_outputs/14_5_1570_as007_Sun/restarts/res0006.tar.gz
2026-04-11 13:45:22,009 - isca - INFO - Writing namelist to '/proj/bolinc/users/x_ryabo/Isca-Ryan_outputs/14_5_1570_as007_Sun/run0006/input.nml'
2026-04-11 13:45:22,012 - isca - INFO - Writing field_table to '/proj/bolinc/users/x_ryabo/Isca-Ryan_outputs/14_5_1570_as007_Sun/run0006/field_table'
2026-04-11 13:45:22,028 - isca - INFO - Writing diag_table to '/proj/bolinc/users/x_ryabo/Isca-Ryan_outputs/14_5_1570_as007_Sun/run0006/diag_table'
2026-04-11 13:45:22,501 - isca - INFO - Emptied run directory '/home/x_ryabo/Isca-Ryan_tmp/experiment/14_5_1570_as007_Sun/run'
2026-04-11 13:45:22,528 - isca - INFO - Emptied run directory '/home/x_ryabo/Isca-Ryan_tmp/experiment/14_5_1570_as007_Sun/run'
2026-04-11 13:45:22,922 - isca - INFO - Writing namelist to '/home/x_ryabo/Isca-Ryan_tmp/experiment/14_5_1570_as007_Sun/run/input.nml'
2026-04-11 13:45:22,925 - isca - INFO - Writing field_table to '/home/x_ryabo/Isca-Ryan_tmp/experiment/14_5_1570_as007_Sun/run/field_table'
2026-04-11 13:45:22,943 - isca - INFO - Writing diag_table to '/home/x_ryabo/Isca-Ryan_tmp/experiment/14_5_1570_as007_Sun/run/diag_table'
2026-04-11 13:45:22,963 - isca - INFO - Using restart file '/proj/bolinc/users/x_ryabo/Isca-Ryan_outputs/14_5_1570_as007_Sun/restarts/res0006.tar.gz'
2026-04-11 13:45:23,472 - isca - INFO - Restart /proj/bolinc/users/x_ryabo/Isca-Ryan_outputs/14_5_1570_as007_Sun/restarts/res0006.tar.gz extracted to /home/x_ryabo/Isca-Ryan_tmp/experiment/14_5_1570_as007_Sun/run/INPUT
2026-04-11 13:45:23,473 - isca - INFO - Beginning run 7
2026-04-11 13:45:23,488 - isca - INFO - process running as 3600147
2026-04-11 13:45:23,488 - isca - DEBUG - loadmodules for Isca on NSC cluster Tetralith
2026-04-11 13:45:23,489 - isca - DEBUG - mpiifort
2026-04-11 13:45:23,636 - isca - DEBUG - The following modules were not unloaded:
2026-04-11 13:45:23,636 - isca - DEBUG - (Use "module --force purge" to unload all):
2026-04-11 13:45:23,636 - isca - DEBUG - 
2026-04-11 13:45:23,636 - isca - DEBUG - 1) hpc/.1.10.1
2026-04-11 13:45:23,776 - isca - DEBUG - ***************************************************
2026-04-11 13:45:23,776 - isca - DEBUG - You have loaded a buildenv module
2026-04-11 13:45:23,776 - isca - DEBUG - ***************************************************
2026-04-11 13:45:23,776 - isca - DEBUG - The buldenv-intel module makes available:
2026-04-11 13:45:23,776 - isca - DEBUG - - Compilers: icc, ifort, etc.
2026-04-11 13:45:23,776 - isca - DEBUG - - Mpi library with mpi-wrapped compilers: intel mpi with mpicc, mpifort, etc.
2026-04-11 13:45:23,776 - isca - DEBUG - - Numerical libraries: intel MKL
2026-04-11 13:45:23,776 - isca - DEBUG - 
2026-04-11 13:45:23,776 - isca - DEBUG - It also makes a set of dependency library modules available via
2026-04-11 13:45:23,776 - isca - DEBUG - the regular module command. Just do:
2026-04-11 13:45:23,776 - isca - DEBUG - module avail
2026-04-11 13:45:23,776 - isca - DEBUG - to see what is available.
2026-04-11 13:45:23,776 - isca - DEBUG - 
2026-04-11 13:45:23,776 - isca - DEBUG - NOTE: You shoud never load build environments inside submitted jobs.
2026-04-11 13:45:23,776 - isca - DEBUG - (with the single exception of when using supercomputer time to compile code.)
2026-04-11 13:45:23,776 - isca - DEBUG - 
2026-04-11 13:45:25,078 - isca - DEBUG - NOTE from PE    0: MPP_DOMAINS_SET_STACK_SIZE: stack size set to    32768.
2026-04-11 13:45:25,078 - isca - DEBUG - &MPP_IO_NML
2026-04-11 13:45:25,078 - isca - DEBUG - HEADER_BUFFER_VAL       =       16384,
2026-04-11 13:45:25,078 - isca - DEBUG - GLOBAL_FIELD_ON_ROOT_PE = T,
2026-04-11 13:45:25,078 - isca - DEBUG - IO_CLOCKS_ON    = F,
2026-04-11 13:45:25,078 - isca - DEBUG - SHUFFLE =           0,
2026-04-11 13:45:25,078 - isca - DEBUG - DEFLATE_LEVEL   =          -1
2026-04-11 13:45:25,078 - isca - DEBUG - /
2026-04-11 13:45:25,080 - isca - DEBUG - NOTE from PE    0: MPP_IO_SET_STACK_SIZE: stack size set to     131072.
2026-04-11 13:45:25,081 - isca - DEBUG - NOTE from PE    0: MPP_DOMAINS_SET_STACK_SIZE: stack size set to   600000.
2026-04-11 13:45:25,089 - isca - DEBUG - starting            1  OpenMP threads per MPI-task
2026-04-11 13:45:25,091 - isca - DEBUG - ATMOS MODEL DOMAIN DECOMPOSITION
2026-04-11 13:45:25,091 - isca - DEBUG - X-AXIS =  128
2026-04-11 13:45:25,091 - isca - DEBUG - Y-AXIS =    4   4   4   4   4   4   4   4   4   4   4   4   4   4   4   4
2026-04-11 13:45:25,157 - isca - DEBUG - 
2026-04-11 13:45:25,158 - isca - WARNING - WARNING from PE   10: socrates_init: dt_rad does not fit into one day an integer number of times
2026-04-11 13:45:25,158 - isca - DEBUG - 
2026-04-11 13:45:25,160 - isca - DEBUG - 
2026-04-11 13:45:25,160 - isca - WARNING - WARNING from PE    6: socrates_init: dt_rad does not fit into one day an integer number of times
2026-04-11 13:45:25,160 - isca - DEBUG - 
2026-04-11 13:45:25,165 - isca - DEBUG - 
2026-04-11 13:45:25,165 - isca - DEBUG - NOTE from PE    0: cloud_simple: Using SimCloud cloud scheme
2026-04-11 13:45:25,165 - isca - WARNING - WARNING from PE   12: socrates_init: dt_rad does not fit into one day an integer number of times
2026-04-11 13:45:25,165 - isca - DEBUG - 
2026-04-11 13:45:25,165 - isca - DEBUG - 
2026-04-11 13:45:25,165 - isca - WARNING - WARNING from PE    9: socrates_init: dt_rad does not fit into one day an integer number of times
2026-04-11 13:45:25,165 - isca - DEBUG - 
2026-04-11 13:45:25,165 - isca - DEBUG - 
2026-04-11 13:45:25,165 - isca - WARNING - WARNING from PE   13: socrates_init: dt_rad does not fit into one day an integer number of times
2026-04-11 13:45:25,165 - isca - DEBUG - 
2026-04-11 13:45:25,165 - isca - DEBUG - 
2026-04-11 13:45:25,165 - isca - WARNING - WARNING from PE   14: socrates_init: dt_rad does not fit into one day an integer number of times
2026-04-11 13:45:25,165 - isca - DEBUG - 
2026-04-11 13:45:25,166 - isca - DEBUG - NOTE from PE    0: ls_cloud: Using Sundqvist (1989) cloud fraction diagnostic formula.
2026-04-11 13:45:25,166 - isca - DEBUG - NOTE from PE    0: cloud_cover: The cloud overlap assumption is MAXIMUM-RANDOM
2026-04-11 13:45:25,166 - isca - DEBUG - NOTE from PE    0: idealized_moist_phys: Using Frierson Quasi-Equilibrium convection scheme.
2026-04-11 13:45:25,167 - isca - DEBUG - 
2026-04-11 13:45:25,167 - isca - WARNING - WARNING from PE    3: socrates_init: dt_rad does not fit into one day an integer number of times
2026-04-11 13:45:25,167 - isca - DEBUG - 
2026-04-11 13:45:25,171 - isca - DEBUG - 
2026-04-11 13:45:25,171 - isca - WARNING - WARNING from PE    4: socrates_init: dt_rad does not fit into one day an integer number of times
2026-04-11 13:45:25,171 - isca - DEBUG - 
2026-04-11 13:45:25,171 - isca - DEBUG - 
2026-04-11 13:45:25,171 - isca - WARNING - WARNING from PE    7: socrates_init: dt_rad does not fit into one day an integer number of times
2026-04-11 13:45:25,171 - isca - DEBUG - 
2026-04-11 13:45:25,171 - isca - DEBUG - 
2026-04-11 13:45:25,171 - isca - DEBUG - 
2026-04-11 13:45:25,171 - isca - WARNING - WARNING from PE    8: socrates_init: dt_rad does not fit into one day an integer number of times
2026-04-11 13:45:25,171 - isca - DEBUG - 
2026-04-11 13:45:25,172 - isca - DEBUG - 
2026-04-11 13:45:25,172 - isca - WARNING - WARNING from PE   11: socrates_init: dt_rad does not fit into one day an integer number of times
2026-04-11 13:45:25,172 - isca - DEBUG - 
2026-04-11 13:45:25,172 - isca - DEBUG - 
2026-04-11 13:45:25,172 - isca - WARNING - WARNING from PE    5: socrates_init: dt_rad does not fit into one day an integer number of times
2026-04-11 13:45:25,172 - isca - DEBUG - 
2026-04-11 13:45:25,172 - isca - DEBUG - 
2026-04-11 13:45:25,172 - isca - WARNING - WARNING from PE   15: socrates_init: dt_rad does not fit into one day an integer number of times
2026-04-11 13:45:25,172 - isca - DEBUG - 
2026-04-11 13:45:25,172 - isca - WARNING - WARNING from PE    1: socrates_init: dt_rad does not fit into one day an integer number of times
2026-04-11 13:45:25,172 - isca - DEBUG - 
2026-04-11 13:45:25,174 - isca - DEBUG - 
2026-04-11 13:45:25,174 - isca - WARNING - WARNING from PE    2: socrates_init: dt_rad does not fit into one day an integer number of times
2026-04-11 13:45:25,174 - isca - DEBUG - 
2026-04-11 13:45:25,177 - isca - DEBUG - 
2026-04-11 13:45:25,177 - isca - WARNING - WARNING from PE    0: socrates_init: dt_rad does not fit into one day an integer number of times
2026-04-11 13:45:25,177 - isca - DEBUG - 
2026-04-11 13:45:25,177 - isca - DEBUG - 
2026-04-11 13:45:25,177 - isca - WARNING - WARNING from PE    0: socrates_init: dt_rad does not fit into one day an integer number of times
2026-04-11 13:45:25,177 - isca - DEBUG - 
2026-04-11 13:45:25,177 - isca - DEBUG - 
2026-04-11 13:45:25,177 - isca - WARNING - WARNING from PE    0: socrates_init: lw_hires_spectral_filename is unset, making equal to lw_spectral_filename
2026-04-11 13:45:25,177 - isca - DEBUG - 
2026-04-11 13:45:25,177 - isca - DEBUG - 
2026-04-11 13:45:25,177 - isca - WARNING - WARNING from PE    0: socrates_init: lw_hires_spectral_filename is unset, making equal to lw_spectral_filename
2026-04-11 13:45:25,177 - isca - DEBUG - 
2026-04-11 13:45:25,177 - isca - DEBUG - 
2026-04-11 13:45:25,177 - isca - WARNING - WARNING from PE    0: socrates_init: sw_hires_spectral_filename is unset, making equal to sw_spectral_filename
2026-04-11 13:45:25,177 - isca - DEBUG - 
2026-04-11 13:45:25,177 - isca - DEBUG - 
2026-04-11 13:45:25,177 - isca - WARNING - WARNING from PE    0: socrates_init: sw_hires_spectral_filename is unset, making equal to sw_spectral_filename
2026-04-11 13:45:25,177 - isca - DEBUG - 
2026-04-11 13:45:26,445 - isca - DEBUG - NOTE from PE    0: Interpolator: Using input file with no time dimension - ozone_1990_notime_zero.nc
2026-04-11 13:45:26,445 - isca - DEBUG - Initializing src field : ozone_1990
2026-04-11 13:45:26,448 - isca - DEBUG - 
2026-04-11 13:45:26,448 - isca - DEBUG - -----------------------------------
2026-04-11 13:45:26,448 - isca - DEBUG - ____                       _
2026-04-11 13:45:26,448 - isca - DEBUG - / ___|  ___   ___ _ __ __ _| |_ ___  ___
2026-04-11 13:45:26,448 - isca - DEBUG - \___ \ / _ \ / __|  __/ _` | __/ _ \/ __|
2026-04-11 13:45:26,448 - isca - DEBUG - ___) | (_) | (__| | | (_| | ||  __/\__ \
2026-04-11 13:45:26,448 - isca - DEBUG - |____/ \___/ \___|_|  \__,_|\__\___||___/
2026-04-11 13:45:26,448 - isca - DEBUG - 
2026-04-11 13:45:26,448 - isca - DEBUG - Initialised Socrates v17.03
2026-04-11 13:45:26,448 - isca - DEBUG - Stellar constant =    1570.00000000000
2026-04-11 13:45:26,448 - isca - DEBUG - Longwave spectral file =
2026-04-11 13:45:26,448 - isca - DEBUG - /proj/bolinc/users/x_ryabo/socrates_edited_for_isca/spectral_files_for_GCMs/Sun
2026-04-11 13:45:26,448 - isca - DEBUG - /miniSuran_lw.sf WITH           16  bands
2026-04-11 13:45:26,448 - isca - DEBUG - Longwave hires spectral file =
2026-04-11 13:45:26,448 - isca - DEBUG - /proj/bolinc/users/x_ryabo/socrates_edited_for_isca/spectral_files_for_GCMs/Sun
2026-04-11 13:45:26,448 - isca - DEBUG - /miniSuran_lw.sf WITH           16  bands
2026-04-11 13:45:26,448 - isca - DEBUG - Shortwave spectral file =
2026-04-11 13:45:26,448 - isca - DEBUG - /proj/bolinc/users/x_ryabo/socrates_edited_for_isca/spectral_files_for_GCMs/Sun
2026-04-11 13:45:26,448 - isca - DEBUG - /miniSuran_sw.sf WITH           16  bands
2026-04-11 13:45:26,448 - isca - DEBUG - Shortwave hires spectral file =
2026-04-11 13:45:26,448 - isca - DEBUG - /proj/bolinc/users/x_ryabo/socrates_edited_for_isca/spectral_files_for_GCMs/Sun
2026-04-11 13:45:26,448 - isca - DEBUG - /miniSuran_sw.sf WITH           16  bands
2026-04-11 13:45:26,448 - isca - DEBUG - 
2026-04-11 13:45:26,449 - isca - DEBUG - -----------------------------------
2026-04-11 13:45:26,449 - isca - DEBUG - 
2026-04-11 13:46:11,953 - isca - DEBUG - Integration completed through   181 days     0 seconds
2026-04-11 13:46:56,482 - isca - DEBUG - Integration completed through   182 days     0 seconds
2026-04-11 13:47:41,625 - isca - DEBUG - Integration completed through   183 days     0 seconds
2026-04-11 13:48:26,687 - isca - DEBUG - Integration completed through   184 days     0 seconds
2026-04-11 13:49:11,842 - isca - DEBUG - Integration completed through   185 days     0 seconds
2026-04-11 13:49:56,961 - isca - DEBUG - Integration completed through   186 days     0 seconds
2026-04-11 13:50:42,612 - isca - DEBUG - Integration completed through   187 days     0 seconds
2026-04-11 13:51:27,744 - isca - DEBUG - Integration completed through   188 days     0 seconds
2026-04-11 13:52:13,615 - isca - DEBUG - Integration completed through   189 days     0 seconds
2026-04-11 13:52:59,039 - isca - DEBUG - Integration completed through   190 days     0 seconds
2026-04-11 13:53:43,650 - isca - DEBUG - Integration completed through   191 days     0 seconds
2026-04-11 13:54:26,904 - isca - DEBUG - Integration completed through   192 days     0 seconds
2026-04-11 13:55:10,554 - isca - DEBUG - Integration completed through   193 days     0 seconds
2026-04-11 13:55:55,358 - isca - DEBUG - Integration completed through   194 days     0 seconds
2026-04-11 13:56:40,988 - isca - DEBUG - Integration completed through   195 days     0 seconds
2026-04-11 13:57:25,732 - isca - DEBUG - Integration completed through   196 days     0 seconds
2026-04-11 13:58:10,012 - isca - DEBUG - Integration completed through   197 days     0 seconds
2026-04-11 13:58:53,859 - isca - DEBUG - Integration completed through   198 days     0 seconds
2026-04-11 13:59:37,759 - isca - DEBUG - Integration completed through   199 days     0 seconds
2026-04-11 14:00:22,127 - isca - DEBUG - Integration completed through   200 days     0 seconds
2026-04-11 14:01:06,323 - isca - DEBUG - Integration completed through   201 days     0 seconds
2026-04-11 14:01:49,908 - isca - DEBUG - Integration completed through   202 days     0 seconds
2026-04-11 14:02:34,915 - isca - DEBUG - Integration completed through   203 days     0 seconds
2026-04-11 14:03:20,701 - isca - DEBUG - Integration completed through   204 days     0 seconds
2026-04-11 14:04:09,264 - isca - DEBUG - Integration completed through   205 days     0 seconds
2026-04-11 14:04:54,861 - isca - DEBUG - Integration completed through   206 days     0 seconds
2026-04-11 14:05:40,175 - isca - DEBUG - Integration completed through   207 days     0 seconds
2026-04-11 14:06:23,931 - isca - DEBUG - Integration completed through   208 days     0 seconds
2026-04-11 14:07:07,326 - isca - DEBUG - Integration completed through   209 days     0 seconds
2026-04-11 14:07:51,453 - isca - DEBUG - Integration completed through   210 days     0 seconds
2026-04-11 14:07:51,511 - isca - DEBUG - 
2026-04-11 14:07:51,512 - isca - WARNING - WARNING from PE    0: diag_util_mod::opening_file: module/field_name (socrates/soc_toa_sw_down_clr) NOT registered
2026-04-11 14:07:51,512 - isca - DEBUG - 
2026-04-11 14:07:51,512 - isca - DEBUG - 
2026-04-11 14:07:51,512 - isca - WARNING - WARNING from PE    0: diag_util_mod::opening_file: module/field_name (socrates/soc_toa_sw_down_clr) NOT registered
2026-04-11 14:07:51,512 - isca - DEBUG - 
2026-04-11 14:07:51,512 - isca - DEBUG - 
2026-04-11 14:07:51,512 - isca - WARNING - WARNING from PE    0: diag_util_mod::opening_file: module/field_name (cloud_simple/rh_min) NOT registered
2026-04-11 14:07:51,512 - isca - DEBUG - 
2026-04-11 14:07:51,512 - isca - DEBUG - 
2026-04-11 14:07:51,512 - isca - WARNING - WARNING from PE    0: diag_util_mod::opening_file: module/field_name (cloud_simple/rh_min) NOT registered
2026-04-11 14:07:51,512 - isca - DEBUG - 
2026-04-11 14:07:51,522 - isca - DEBUG - NOTE from PE    0: MPP_IO_SET_STACK_SIZE: stack size set to     393216.
2026-04-11 14:07:51,634 - isca - DEBUG - MPP_DOMAINS_STACK high water mark=       49152
2026-04-11 14:07:51,634 - isca - DEBUG - 
2026-04-11 14:07:51,634 - isca - DEBUG - Tabulating mpp_clock statistics across     16 PEs...
2026-04-11 14:07:51,634 - isca - DEBUG - 
2026-04-11 14:07:51,634 - isca - DEBUG - tmin          tmax          tavg          tstd  tfrac grain pemin pemax
2026-04-11 14:07:51,635 - isca - DEBUG - Total runtime                      1346.475491   1346.559855   1346.551975      0.019834  1.000     0     0    15
2026-04-11 14:07:51,635 - isca - DEBUG - MPP_STACK high water mark=           0
2026-04-11 14:07:51,777 - isca - INFO - Run 7 complete
2026-04-11 14:07:52,978 - isca - DEBUG - atmos_monthly.nc combined and copied to data directory
2026-04-11 14:07:57,255 - isca - INFO - Restart archive created at /proj/bolinc/users/x_ryabo/Isca-Ryan_outputs/14_5_1570_as007_Sun/restarts/res0007.tar.gz
2026-04-11 14:07:57,270 - isca - INFO - Writing namelist to '/proj/bolinc/users/x_ryabo/Isca-Ryan_outputs/14_5_1570_as007_Sun/run0007/input.nml'
2026-04-11 14:07:57,273 - isca - INFO - Writing field_table to '/proj/bolinc/users/x_ryabo/Isca-Ryan_outputs/14_5_1570_as007_Sun/run0007/field_table'
2026-04-11 14:07:57,287 - isca - INFO - Writing diag_table to '/proj/bolinc/users/x_ryabo/Isca-Ryan_outputs/14_5_1570_as007_Sun/run0007/diag_table'
2026-04-11 14:07:57,749 - isca - INFO - Emptied run directory '/home/x_ryabo/Isca-Ryan_tmp/experiment/14_5_1570_as007_Sun/run'
2026-04-11 14:07:57,782 - isca - INFO - Emptied run directory '/home/x_ryabo/Isca-Ryan_tmp/experiment/14_5_1570_as007_Sun/run'
2026-04-11 14:07:58,204 - isca - INFO - Writing namelist to '/home/x_ryabo/Isca-Ryan_tmp/experiment/14_5_1570_as007_Sun/run/input.nml'
2026-04-11 14:07:58,207 - isca - INFO - Writing field_table to '/home/x_ryabo/Isca-Ryan_tmp/experiment/14_5_1570_as007_Sun/run/field_table'
2026-04-11 14:07:58,223 - isca - INFO - Writing diag_table to '/home/x_ryabo/Isca-Ryan_tmp/experiment/14_5_1570_as007_Sun/run/diag_table'
2026-04-11 14:07:58,247 - isca - INFO - Using restart file '/proj/bolinc/users/x_ryabo/Isca-Ryan_outputs/14_5_1570_as007_Sun/restarts/res0007.tar.gz'
2026-04-11 14:07:58,762 - isca - INFO - Restart /proj/bolinc/users/x_ryabo/Isca-Ryan_outputs/14_5_1570_as007_Sun/restarts/res0007.tar.gz extracted to /home/x_ryabo/Isca-Ryan_tmp/experiment/14_5_1570_as007_Sun/run/INPUT
2026-04-11 14:07:58,763 - isca - INFO - Beginning run 8
2026-04-11 14:07:58,778 - isca - INFO - process running as 3601771
2026-04-11 14:07:58,779 - isca - DEBUG - loadmodules for Isca on NSC cluster Tetralith
2026-04-11 14:07:58,779 - isca - DEBUG - mpiifort
2026-04-11 14:07:58,918 - isca - DEBUG - The following modules were not unloaded:
2026-04-11 14:07:58,918 - isca - DEBUG - (Use "module --force purge" to unload all):
2026-04-11 14:07:58,918 - isca - DEBUG - 
2026-04-11 14:07:58,918 - isca - DEBUG - 1) hpc/.1.10.1
2026-04-11 14:07:59,045 - isca - DEBUG - ***************************************************
2026-04-11 14:07:59,045 - isca - DEBUG - You have loaded a buildenv module
2026-04-11 14:07:59,045 - isca - DEBUG - ***************************************************
2026-04-11 14:07:59,045 - isca - DEBUG - The buldenv-intel module makes available:
2026-04-11 14:07:59,045 - isca - DEBUG - - Compilers: icc, ifort, etc.
2026-04-11 14:07:59,045 - isca - DEBUG - - Mpi library with mpi-wrapped compilers: intel mpi with mpicc, mpifort, etc.
2026-04-11 14:07:59,045 - isca - DEBUG - - Numerical libraries: intel MKL
2026-04-11 14:07:59,045 - isca - DEBUG - 
2026-04-11 14:07:59,045 - isca - DEBUG - It also makes a set of dependency library modules available via
2026-04-11 14:07:59,045 - isca - DEBUG - the regular module command. Just do:
2026-04-11 14:07:59,045 - isca - DEBUG - module avail
2026-04-11 14:07:59,045 - isca - DEBUG - to see what is available.
2026-04-11 14:07:59,045 - isca - DEBUG - 
2026-04-11 14:07:59,045 - isca - DEBUG - NOTE: You shoud never load build environments inside submitted jobs.
2026-04-11 14:07:59,045 - isca - DEBUG - (with the single exception of when using supercomputer time to compile code.)
2026-04-11 14:07:59,045 - isca - DEBUG - 
2026-04-11 14:08:00,329 - isca - DEBUG - NOTE from PE    0: MPP_DOMAINS_SET_STACK_SIZE: stack size set to    32768.
2026-04-11 14:08:00,329 - isca - DEBUG - &MPP_IO_NML
2026-04-11 14:08:00,330 - isca - DEBUG - HEADER_BUFFER_VAL       =       16384,
2026-04-11 14:08:00,330 - isca - DEBUG - GLOBAL_FIELD_ON_ROOT_PE = T,
2026-04-11 14:08:00,330 - isca - DEBUG - IO_CLOCKS_ON    = F,
2026-04-11 14:08:00,330 - isca - DEBUG - SHUFFLE =           0,
2026-04-11 14:08:00,330 - isca - DEBUG - DEFLATE_LEVEL   =          -1
2026-04-11 14:08:00,330 - isca - DEBUG - /
2026-04-11 14:08:00,331 - isca - DEBUG - NOTE from PE    0: MPP_IO_SET_STACK_SIZE: stack size set to     131072.
2026-04-11 14:08:00,332 - isca - DEBUG - NOTE from PE    0: MPP_DOMAINS_SET_STACK_SIZE: stack size set to   600000.
2026-04-11 14:08:00,340 - isca - DEBUG - starting            1  OpenMP threads per MPI-task
2026-04-11 14:08:00,342 - isca - DEBUG - ATMOS MODEL DOMAIN DECOMPOSITION
2026-04-11 14:08:00,343 - isca - DEBUG - X-AXIS =  128
2026-04-11 14:08:00,343 - isca - DEBUG - Y-AXIS =    4   4   4   4   4   4   4   4   4   4   4   4   4   4   4   4
2026-04-11 14:08:00,403 - isca - DEBUG - 
2026-04-11 14:08:00,403 - isca - WARNING - WARNING from PE   12: socrates_init: dt_rad does not fit into one day an integer number of times
2026-04-11 14:08:00,403 - isca - DEBUG - 
2026-04-11 14:08:00,409 - isca - DEBUG - NOTE from PE    0: cloud_simple: Using SimCloud cloud scheme
2026-04-11 14:08:00,410 - isca - DEBUG - NOTE from PE    0: ls_cloud: Using Sundqvist (1989) cloud fraction diagnostic formula.
2026-04-11 14:08:00,410 - isca - DEBUG - NOTE from PE    0: cloud_cover: The cloud overlap assumption is MAXIMUM-RANDOM
2026-04-11 14:08:00,410 - isca - DEBUG - NOTE from PE    0: idealized_moist_phys: Using Frierson Quasi-Equilibrium convection scheme.
2026-04-11 14:08:00,415 - isca - DEBUG - 
2026-04-11 14:08:00,415 - isca - DEBUG - 
2026-04-11 14:08:00,415 - isca - WARNING - WARNING from PE    3: socrates_init: dt_rad does not fit into one day an integer number of times
2026-04-11 14:08:00,415 - isca - DEBUG - 
2026-04-11 14:08:00,415 - isca - DEBUG - 
2026-04-11 14:08:00,415 - isca - WARNING - WARNING from PE    5: socrates_init: dt_rad does not fit into one day an integer number of times
2026-04-11 14:08:00,415 - isca - DEBUG - 
2026-04-11 14:08:00,415 - isca - WARNING - WARNING from PE    7: socrates_init: dt_rad does not fit into one day an integer number of times
2026-04-11 14:08:00,416 - isca - DEBUG - 
2026-04-11 14:08:00,416 - isca - DEBUG - 
2026-04-11 14:08:00,416 - isca - WARNING - WARNING from PE    1: socrates_init: dt_rad does not fit into one day an integer number of times
2026-04-11 14:08:00,416 - isca - DEBUG - 
2026-04-11 14:08:00,416 - isca - DEBUG - 
2026-04-11 14:08:00,416 - isca - WARNING - WARNING from PE    4: socrates_init: dt_rad does not fit into one day an integer number of times
2026-04-11 14:08:00,416 - isca - DEBUG - 
2026-04-11 14:08:00,416 - isca - DEBUG - 
2026-04-11 14:08:00,416 - isca - WARNING - WARNING from PE    2: socrates_init: dt_rad does not fit into one day an integer number of times
2026-04-11 14:08:00,416 - isca - DEBUG - 
2026-04-11 14:08:00,416 - isca - DEBUG - 
2026-04-11 14:08:00,416 - isca - DEBUG - 
2026-04-11 14:08:00,416 - isca - WARNING - WARNING from PE   15: socrates_init: dt_rad does not fit into one day an integer number of times
2026-04-11 14:08:00,417 - isca - DEBUG - 
2026-04-11 14:08:00,417 - isca - WARNING - WARNING from PE   14: socrates_init: dt_rad does not fit into one day an integer number of times
2026-04-11 14:08:00,417 - isca - DEBUG - 
2026-04-11 14:08:00,417 - isca - DEBUG - 
2026-04-11 14:08:00,417 - isca - WARNING - WARNING from PE    8: socrates_init: dt_rad does not fit into one day an integer number of times
2026-04-11 14:08:00,417 - isca - DEBUG - 
2026-04-11 14:08:00,417 - isca - DEBUG - 
2026-04-11 14:08:00,417 - isca - WARNING - WARNING from PE    9: socrates_init: dt_rad does not fit into one day an integer number of times
2026-04-11 14:08:00,417 - isca - DEBUG - 
2026-04-11 14:08:00,417 - isca - DEBUG - 
2026-04-11 14:08:00,417 - isca - DEBUG - 
2026-04-11 14:08:00,417 - isca - WARNING - WARNING from PE   11: socrates_init: dt_rad does not fit into one day an integer number of times
2026-04-11 14:08:00,417 - isca - DEBUG - 
2026-04-11 14:08:00,417 - isca - DEBUG - 
2026-04-11 14:08:00,417 - isca - WARNING - WARNING from PE   10: socrates_init: dt_rad does not fit into one day an integer number of times
2026-04-11 14:08:00,417 - isca - DEBUG - 
2026-04-11 14:08:00,417 - isca - WARNING - WARNING from PE   13: socrates_init: dt_rad does not fit into one day an integer number of times
2026-04-11 14:08:00,417 - isca - DEBUG - 
2026-04-11 14:08:00,418 - isca - DEBUG - 
2026-04-11 14:08:00,418 - isca - WARNING - WARNING from PE    6: socrates_init: dt_rad does not fit into one day an integer number of times
2026-04-11 14:08:00,418 - isca - DEBUG - 
2026-04-11 14:08:00,420 - isca - DEBUG - 
2026-04-11 14:08:00,420 - isca - WARNING - WARNING from PE    0: socrates_init: dt_rad does not fit into one day an integer number of times
2026-04-11 14:08:00,420 - isca - DEBUG - 
2026-04-11 14:08:00,420 - isca - DEBUG - 
2026-04-11 14:08:00,420 - isca - WARNING - WARNING from PE    0: socrates_init: dt_rad does not fit into one day an integer number of times
2026-04-11 14:08:00,420 - isca - DEBUG - 
2026-04-11 14:08:00,420 - isca - DEBUG - 
2026-04-11 14:08:00,420 - isca - WARNING - WARNING from PE    0: socrates_init: lw_hires_spectral_filename is unset, making equal to lw_spectral_filename
2026-04-11 14:08:00,420 - isca - DEBUG - 
2026-04-11 14:08:00,420 - isca - DEBUG - 
2026-04-11 14:08:00,420 - isca - WARNING - WARNING from PE    0: socrates_init: lw_hires_spectral_filename is unset, making equal to lw_spectral_filename
2026-04-11 14:08:00,421 - isca - DEBUG - 
2026-04-11 14:08:00,421 - isca - DEBUG - 
2026-04-11 14:08:00,421 - isca - WARNING - WARNING from PE    0: socrates_init: sw_hires_spectral_filename is unset, making equal to sw_spectral_filename
2026-04-11 14:08:00,421 - isca - DEBUG - 
2026-04-11 14:08:00,421 - isca - DEBUG - 
2026-04-11 14:08:00,421 - isca - WARNING - WARNING from PE    0: socrates_init: sw_hires_spectral_filename is unset, making equal to sw_spectral_filename
2026-04-11 14:08:00,421 - isca - DEBUG - 
2026-04-11 14:08:01,739 - isca - DEBUG - NOTE from PE    0: Interpolator: Using input file with no time dimension - ozone_1990_notime_zero.nc
2026-04-11 14:08:01,740 - isca - DEBUG - Initializing src field : ozone_1990
2026-04-11 14:08:01,742 - isca - DEBUG - 
2026-04-11 14:08:01,742 - isca - DEBUG - -----------------------------------
2026-04-11 14:08:01,742 - isca - DEBUG - ____                       _
2026-04-11 14:08:01,742 - isca - DEBUG - / ___|  ___   ___ _ __ __ _| |_ ___  ___
2026-04-11 14:08:01,742 - isca - DEBUG - \___ \ / _ \ / __|  __/ _` | __/ _ \/ __|
2026-04-11 14:08:01,742 - isca - DEBUG - ___) | (_) | (__| | | (_| | ||  __/\__ \
2026-04-11 14:08:01,742 - isca - DEBUG - |____/ \___/ \___|_|  \__,_|\__\___||___/
2026-04-11 14:08:01,742 - isca - DEBUG - 
2026-04-11 14:08:01,742 - isca - DEBUG - Initialised Socrates v17.03
2026-04-11 14:08:01,742 - isca - DEBUG - Stellar constant =    1570.00000000000
2026-04-11 14:08:01,742 - isca - DEBUG - Longwave spectral file =
2026-04-11 14:08:01,742 - isca - DEBUG - /proj/bolinc/users/x_ryabo/socrates_edited_for_isca/spectral_files_for_GCMs/Sun
2026-04-11 14:08:01,743 - isca - DEBUG - /miniSuran_lw.sf WITH           16  bands
2026-04-11 14:08:01,743 - isca - DEBUG - Longwave hires spectral file =
2026-04-11 14:08:01,743 - isca - DEBUG - /proj/bolinc/users/x_ryabo/socrates_edited_for_isca/spectral_files_for_GCMs/Sun
2026-04-11 14:08:01,743 - isca - DEBUG - /miniSuran_lw.sf WITH           16  bands
2026-04-11 14:08:01,743 - isca - DEBUG - Shortwave spectral file =
2026-04-11 14:08:01,743 - isca - DEBUG - /proj/bolinc/users/x_ryabo/socrates_edited_for_isca/spectral_files_for_GCMs/Sun
2026-04-11 14:08:01,743 - isca - DEBUG - /miniSuran_sw.sf WITH           16  bands
2026-04-11 14:08:01,743 - isca - DEBUG - Shortwave hires spectral file =
2026-04-11 14:08:01,743 - isca - DEBUG - /proj/bolinc/users/x_ryabo/socrates_edited_for_isca/spectral_files_for_GCMs/Sun
2026-04-11 14:08:01,743 - isca - DEBUG - /miniSuran_sw.sf WITH           16  bands
2026-04-11 14:08:01,743 - isca - DEBUG - 
2026-04-11 14:08:01,743 - isca - DEBUG - -----------------------------------
2026-04-11 14:08:01,743 - isca - DEBUG - 
2026-04-11 14:08:46,837 - isca - DEBUG - Integration completed through   211 days     0 seconds
2026-04-11 14:09:31,327 - isca - DEBUG - Integration completed through   212 days     0 seconds
2026-04-11 14:10:15,484 - isca - DEBUG - Integration completed through   213 days     0 seconds
2026-04-11 14:11:01,315 - isca - DEBUG - Integration completed through   214 days     0 seconds
2026-04-11 14:11:45,853 - isca - DEBUG - Integration completed through   215 days     0 seconds
2026-04-11 14:12:31,257 - isca - DEBUG - Integration completed through   216 days     0 seconds
2026-04-11 14:13:17,358 - isca - DEBUG - Integration completed through   217 days     0 seconds
2026-04-11 14:14:03,038 - isca - DEBUG - Integration completed through   218 days     0 seconds
2026-04-11 14:14:47,275 - isca - DEBUG - Integration completed through   219 days     0 seconds
2026-04-11 14:15:32,712 - isca - DEBUG - Integration completed through   220 days     0 seconds
2026-04-11 14:16:16,393 - isca - DEBUG - Integration completed through   221 days     0 seconds
2026-04-11 14:17:00,600 - isca - DEBUG - Integration completed through   222 days     0 seconds
2026-04-11 14:17:44,504 - isca - DEBUG - Integration completed through   223 days     0 seconds
2026-04-11 14:18:28,820 - isca - DEBUG - Integration completed through   224 days     0 seconds
2026-04-11 14:19:14,700 - isca - DEBUG - Integration completed through   225 days     0 seconds
2026-04-11 14:20:00,751 - isca - DEBUG - Integration completed through   226 days     0 seconds
2026-04-11 14:20:47,032 - isca - DEBUG - Integration completed through   227 days     0 seconds
2026-04-11 14:21:32,194 - isca - DEBUG - Integration completed through   228 days     0 seconds
2026-04-11 14:22:16,203 - isca - DEBUG - Integration completed through   229 days     0 seconds
2026-04-11 14:23:00,431 - isca - DEBUG - Integration completed through   230 days     0 seconds
2026-04-11 14:23:45,282 - isca - DEBUG - Integration completed through   231 days     0 seconds
2026-04-11 14:24:29,715 - isca - DEBUG - Integration completed through   232 days     0 seconds
2026-04-11 14:25:13,532 - isca - DEBUG - Integration completed through   233 days     0 seconds
2026-04-11 14:25:57,752 - isca - DEBUG - Integration completed through   234 days     0 seconds
2026-04-11 14:26:41,818 - isca - DEBUG - Integration completed through   235 days     0 seconds
2026-04-11 14:27:26,973 - isca - DEBUG - Integration completed through   236 days     0 seconds
2026-04-11 14:28:11,453 - isca - DEBUG - Integration completed through   237 days     0 seconds
2026-04-11 14:28:46,635 - isca - DEBUG - 
2026-04-11 14:28:46,635 - isca - WARNING - WARNING from PE    7: diag_manager_mod::send_data_3d: A value for dynamics in field ucomp (Min:  -1.15267E+002, Max:   4.03115E+002) is outside the range [ -4.00000E+002,  4.00000E+002].
2026-04-11 14:28:46,636 - isca - DEBUG - 
2026-04-11 14:28:46,664 - isca - DEBUG - 
2026-04-11 14:28:46,665 - isca - WARNING - WARNING from PE    7: diag_manager_mod::send_data_3d: A value for dynamics in field ucomp (Min:  -1.15645E+002, Max:   4.08240E+002) is outside the range [ -4.00000E+002,  4.00000E+002].
2026-04-11 14:28:46,665 - isca - DEBUG - 
2026-04-11 14:28:46,694 - isca - DEBUG - 
2026-04-11 14:28:46,694 - isca - WARNING - WARNING from PE    7: diag_manager_mod::send_data_3d: A value for dynamics in field ucomp (Min:  -1.15666E+002, Max:   4.10738E+002) is outside the range [ -4.00000E+002,  4.00000E+002].
2026-04-11 14:28:46,694 - isca - DEBUG - 
2026-04-11 14:28:46,723 - isca - DEBUG - 
2026-04-11 14:28:46,723 - isca - WARNING - WARNING from PE    7: diag_manager_mod::send_data_3d: A value for dynamics in field ucomp (Min:  -1.15362E+002, Max:   4.10536E+002) is outside the range [ -4.00000E+002,  4.00000E+002].
2026-04-11 14:28:46,723 - isca - DEBUG - 
2026-04-11 14:28:46,752 - isca - DEBUG - 
2026-04-11 14:28:46,752 - isca - WARNING - WARNING from PE    7: diag_manager_mod::send_data_3d: A value for dynamics in field ucomp (Min:  -1.14705E+002, Max:   4.07732E+002) is outside the range [ -4.00000E+002,  4.00000E+002].
2026-04-11 14:28:46,753 - isca - DEBUG - 
2026-04-11 14:28:46,781 - isca - DEBUG - 
2026-04-11 14:28:46,781 - isca - WARNING - WARNING from PE    7: diag_manager_mod::send_data_3d: A value for dynamics in field ucomp (Min:  -1.13730E+002, Max:   4.02412E+002) is outside the range [ -4.00000E+002,  4.00000E+002].
2026-04-11 14:28:46,781 - isca - DEBUG - 
2026-04-11 14:28:46,917 - isca - DEBUG - 
2026-04-11 14:28:46,917 - isca - WARNING - WARNING from PE    7: diag_manager_mod::send_data_3d: A value for dynamics in field ucomp (Min:  -1.06745E+002, Max:   4.05661E+002) is outside the range [ -4.00000E+002,  4.00000E+002].
2026-04-11 14:28:46,917 - isca - DEBUG - 
2026-04-11 14:28:46,952 - isca - DEBUG - 
2026-04-11 14:28:46,952 - isca - WARNING - WARNING from PE    7: diag_manager_mod::send_data_3d: A value for dynamics in field ucomp (Min:  -1.04316E+002, Max:   4.12813E+002) is outside the range [ -4.00000E+002,  4.00000E+002].
2026-04-11 14:28:46,952 - isca - DEBUG - 
2026-04-11 14:28:46,987 - isca - DEBUG - 
2026-04-11 14:28:46,987 - isca - WARNING - WARNING from PE    7: diag_manager_mod::send_data_3d: A value for dynamics in field ucomp (Min:  -1.01659E+002, Max:   4.17484E+002) is outside the range [ -4.00000E+002,  4.00000E+002].
2026-04-11 14:28:46,987 - isca - DEBUG - 
2026-04-11 14:28:47,022 - isca - DEBUG - 
2026-04-11 14:28:47,022 - isca - WARNING - WARNING from PE    7: diag_manager_mod::send_data_3d: A value for dynamics in field ucomp (Min:  -9.87910E+001, Max:   4.19697E+002) is outside the range [ -4.00000E+002,  4.00000E+002].
2026-04-11 14:28:47,022 - isca - DEBUG - 
2026-04-11 14:28:47,057 - isca - DEBUG - 
2026-04-11 14:28:47,057 - isca - WARNING - WARNING from PE    7: diag_manager_mod::send_data_3d: A value for dynamics in field ucomp (Min:  -9.57398E+001, Max:   4.19574E+002) is outside the range [ -4.00000E+002,  4.00000E+002].
2026-04-11 14:28:47,057 - isca - DEBUG - 
2026-04-11 14:28:47,092 - isca - DEBUG - 
2026-04-11 14:28:47,092 - isca - WARNING - WARNING from PE    7: diag_manager_mod::send_data_3d: A value for dynamics in field ucomp (Min:  -9.25304E+001, Max:   4.17255E+002) is outside the range [ -4.00000E+002,  4.00000E+002].
2026-04-11 14:28:47,092 - isca - DEBUG - 
2026-04-11 14:28:47,135 - isca - DEBUG - 
2026-04-11 14:28:47,136 - isca - WARNING - WARNING from PE    7: diag_manager_mod::send_data_3d: A value for dynamics in field ucomp (Min:  -9.28259E+001, Max:   4.12933E+002) is outside the range [ -4.00000E+002,  4.00000E+002].
2026-04-11 14:28:47,136 - isca - DEBUG - 
2026-04-11 14:28:47,169 - isca - DEBUG - 
2026-04-11 14:28:47,169 - isca - WARNING - WARNING from PE    7: diag_manager_mod::send_data_3d: A value for dynamics in field ucomp (Min:  -9.33828E+001, Max:   4.06822E+002) is outside the range [ -4.00000E+002,  4.00000E+002].
2026-04-11 14:28:47,169 - isca - DEBUG - 
2026-04-11 14:28:48,271 - isca - DEBUG - 
2026-04-11 14:28:48,272 - isca - WARNING - WARNING from PE    7: diag_manager_mod::send_data_3d: A value for dynamics in field ucomp (Min:  -9.28411E+001, Max:   4.00577E+002) is outside the range [ -4.00000E+002,  4.00000E+002].
2026-04-11 14:28:48,272 - isca - DEBUG - 
2026-04-11 14:28:48,301 - isca - DEBUG - 
2026-04-11 14:28:48,301 - isca - WARNING - WARNING from PE    7: diag_manager_mod::send_data_3d: A value for dynamics in field ucomp (Min:  -9.14201E+001, Max:   4.02320E+002) is outside the range [ -4.00000E+002,  4.00000E+002].
2026-04-11 14:28:48,301 - isca - DEBUG - 
2026-04-11 14:28:48,330 - isca - DEBUG - 
2026-04-11 14:28:48,330 - isca - WARNING - WARNING from PE    7: diag_manager_mod::send_data_3d: A value for dynamics in field ucomp (Min:  -8.95639E+001, Max:   4.02883E+002) is outside the range [ -4.00000E+002,  4.00000E+002].
2026-04-11 14:28:48,330 - isca - DEBUG - 
2026-04-11 14:28:48,359 - isca - DEBUG - 
2026-04-11 14:28:48,359 - isca - WARNING - WARNING from PE    7: diag_manager_mod::send_data_3d: A value for dynamics in field ucomp (Min:  -8.73400E+001, Max:   4.02467E+002) is outside the range [ -4.00000E+002,  4.00000E+002].
2026-04-11 14:28:48,359 - isca - DEBUG - 
2026-04-11 14:28:48,388 - isca - DEBUG - 
2026-04-11 14:28:48,388 - isca - WARNING - WARNING from PE    7: diag_manager_mod::send_data_3d: A value for dynamics in field ucomp (Min:  -8.56600E+001, Max:   4.00979E+002) is outside the range [ -4.00000E+002,  4.00000E+002].
2026-04-11 14:28:48,388 - isca - DEBUG - 
2026-04-11 14:28:48,683 - isca - DEBUG - 
2026-04-11 14:28:48,683 - isca - WARNING - WARNING from PE    7: diag_manager_mod::send_data_3d: A value for dynamics in field ucomp (Min:  -8.98541E+001, Max:   4.05386E+002) is outside the range [ -4.00000E+002,  4.00000E+002].
2026-04-11 14:28:48,683 - isca - DEBUG - 
2026-04-11 14:28:48,717 - isca - DEBUG - 
2026-04-11 14:28:48,717 - isca - WARNING - WARNING from PE    7: diag_manager_mod::send_data_3d: A value for dynamics in field ucomp (Min:  -9.10934E+001, Max:   4.11469E+002) is outside the range [ -4.00000E+002,  4.00000E+002].
2026-04-11 14:28:48,717 - isca - DEBUG - 
2026-04-11 14:28:48,750 - isca - DEBUG - 
2026-04-11 14:28:48,751 - isca - WARNING - WARNING from PE    7: diag_manager_mod::send_data_3d: A value for dynamics in field ucomp (Min:  -9.23567E+001, Max:   4.16147E+002) is outside the range [ -4.00000E+002,  4.00000E+002].
2026-04-11 14:28:48,751 - isca - DEBUG - 
2026-04-11 14:28:48,785 - isca - DEBUG - 
2026-04-11 14:28:48,785 - isca - WARNING - WARNING from PE    7: diag_manager_mod::send_data_3d: A value for dynamics in field ucomp (Min:  -9.36111E+001, Max:   4.19046E+002) is outside the range [ -4.00000E+002,  4.00000E+002].
2026-04-11 14:28:48,785 - isca - DEBUG - 
2026-04-11 14:28:48,819 - isca - DEBUG - 
2026-04-11 14:28:48,819 - isca - WARNING - WARNING from PE    7: diag_manager_mod::send_data_3d: A value for dynamics in field ucomp (Min:  -9.48765E+001, Max:   4.20034E+002) is outside the range [ -4.00000E+002,  4.00000E+002].
2026-04-11 14:28:48,819 - isca - DEBUG - 
2026-04-11 14:28:48,853 - isca - DEBUG - 
2026-04-11 14:28:48,853 - isca - WARNING - WARNING from PE    7: diag_manager_mod::send_data_3d: A value for dynamics in field ucomp (Min:  -9.61123E+001, Max:   4.18776E+002) is outside the range [ -4.00000E+002,  4.00000E+002].
2026-04-11 14:28:48,853 - isca - DEBUG - 
2026-04-11 14:28:48,887 - isca - DEBUG - 
2026-04-11 14:28:48,888 - isca - WARNING - WARNING from PE    7: diag_manager_mod::send_data_3d: A value for dynamics in field ucomp (Min:  -9.73445E+001, Max:   4.15197E+002) is outside the range [ -4.00000E+002,  4.00000E+002].
2026-04-11 14:28:48,888 - isca - DEBUG - 
2026-04-11 14:28:48,921 - isca - DEBUG - 
2026-04-11 14:28:48,921 - isca - WARNING - WARNING from PE    7: diag_manager_mod::send_data_3d: A value for dynamics in field ucomp (Min:  -9.85299E+001, Max:   4.09072E+002) is outside the range [ -4.00000E+002,  4.00000E+002].
2026-04-11 14:28:48,921 - isca - DEBUG - 
2026-04-11 14:28:48,955 - isca - DEBUG - 
2026-04-11 14:28:48,956 - isca - WARNING - WARNING from PE    7: diag_manager_mod::send_data_3d: A value for dynamics in field ucomp (Min:  -9.96972E+001, Max:   4.00425E+002) is outside the range [ -4.00000E+002,  4.00000E+002].
2026-04-11 14:28:48,956 - isca - DEBUG - 
2026-04-11 14:28:49,943 - isca - DEBUG - 
2026-04-11 14:28:49,943 - isca - WARNING - WARNING from PE    7: diag_manager_mod::send_data_3d: A value for dynamics in field ucomp (Min:  -1.02898E+002, Max:   4.10580E+002) is outside the range [ -4.00000E+002,  4.00000E+002].
2026-04-11 14:28:49,943 - isca - DEBUG - 
2026-04-11 14:28:49,973 - isca - DEBUG - 
2026-04-11 14:28:49,973 - isca - WARNING - WARNING from PE    7: diag_manager_mod::send_data_3d: A value for dynamics in field ucomp (Min:  -1.03870E+002, Max:   4.20254E+002) is outside the range [ -4.00000E+002,  4.00000E+002].
2026-04-11 14:28:49,973 - isca - DEBUG - 
2026-04-11 14:28:50,003 - isca - DEBUG - 
2026-04-11 14:28:50,003 - isca - WARNING - WARNING from PE    7: diag_manager_mod::send_data_3d: A value for dynamics in field ucomp (Min:  -1.04778E+002, Max:   4.27336E+002) is outside the range [ -4.00000E+002,  4.00000E+002].
2026-04-11 14:28:50,003 - isca - DEBUG - 
2026-04-11 14:28:50,034 - isca - DEBUG - 
2026-04-11 14:28:50,034 - isca - WARNING - WARNING from PE    7: diag_manager_mod::send_data_3d: A value for dynamics in field ucomp (Min:  -1.05638E+002, Max:   4.31584E+002) is outside the range [ -4.00000E+002,  4.00000E+002].
2026-04-11 14:28:50,034 - isca - DEBUG - 
2026-04-11 14:28:50,063 - isca - DEBUG - 
2026-04-11 14:28:50,064 - isca - WARNING - WARNING from PE    7: diag_manager_mod::send_data_3d: A value for dynamics in field ucomp (Min:  -1.06435E+002, Max:   4.32816E+002) is outside the range [ -4.00000E+002,  4.00000E+002].
2026-04-11 14:28:50,064 - isca - DEBUG - 
2026-04-11 14:28:50,092 - isca - DEBUG - 
2026-04-11 14:28:50,093 - isca - WARNING - WARNING from PE    7: diag_manager_mod::send_data_3d: A value for dynamics in field ucomp (Min:  -1.07178E+002, Max:   4.30956E+002) is outside the range [ -4.00000E+002,  4.00000E+002].
2026-04-11 14:28:50,093 - isca - DEBUG - 
2026-04-11 14:28:50,123 - isca - DEBUG - 
2026-04-11 14:28:50,123 - isca - WARNING - WARNING from PE    7: diag_manager_mod::send_data_3d: A value for dynamics in field ucomp (Min:  -1.07860E+002, Max:   4.25998E+002) is outside the range [ -4.00000E+002,  4.00000E+002].
2026-04-11 14:28:50,123 - isca - DEBUG - 
2026-04-11 14:28:50,152 - isca - DEBUG - 
2026-04-11 14:28:50,152 - isca - WARNING - WARNING from PE    7: diag_manager_mod::send_data_3d: A value for dynamics in field ucomp (Min:  -1.08482E+002, Max:   4.18023E+002) is outside the range [ -4.00000E+002,  4.00000E+002].
2026-04-11 14:28:50,152 - isca - DEBUG - 
2026-04-11 14:28:50,181 - isca - DEBUG - 
2026-04-11 14:28:50,182 - isca - WARNING - WARNING from PE    7: diag_manager_mod::send_data_3d: A value for dynamics in field ucomp (Min:  -1.09042E+002, Max:   4.07227E+002) is outside the range [ -4.00000E+002,  4.00000E+002].
2026-04-11 14:28:50,182 - isca - DEBUG - 
2026-04-11 14:28:50,298 - isca - DEBUG - 
2026-04-11 14:28:50,298 - isca - WARNING - WARNING from PE    7: diag_manager_mod::send_data_3d: A value for dynamics in field ucomp (Min:  -1.10589E+002, Max:   4.03876E+002) is outside the range [ -4.00000E+002,  4.00000E+002].
2026-04-11 14:28:50,298 - isca - DEBUG - 
2026-04-11 14:28:50,327 - isca - DEBUG - 
2026-04-11 14:28:50,327 - isca - WARNING - WARNING from PE    7: diag_manager_mod::send_data_3d: A value for dynamics in field ucomp (Min:  -1.10776E+002, Max:   4.10428E+002) is outside the range [ -4.00000E+002,  4.00000E+002].
2026-04-11 14:28:50,327 - isca - DEBUG - 
2026-04-11 14:28:50,356 - isca - DEBUG - 
2026-04-11 14:28:50,356 - isca - WARNING - WARNING from PE    7: diag_manager_mod::send_data_3d: A value for dynamics in field ucomp (Min:  -1.10884E+002, Max:   4.14197E+002) is outside the range [ -4.00000E+002,  4.00000E+002].
2026-04-11 14:28:50,356 - isca - DEBUG - 
2026-04-11 14:28:50,385 - isca - DEBUG - 
2026-04-11 14:28:50,385 - isca - WARNING - WARNING from PE    7: diag_manager_mod::send_data_3d: A value for dynamics in field ucomp (Min:  -1.10887E+002, Max:   4.15151E+002) is outside the range [ -4.00000E+002,  4.00000E+002].
2026-04-11 14:28:50,385 - isca - DEBUG - 
2026-04-11 14:28:50,414 - isca - DEBUG - 
2026-04-11 14:28:50,414 - isca - WARNING - WARNING from PE    7: diag_manager_mod::send_data_3d: A value for dynamics in field ucomp (Min:  -1.10805E+002, Max:   4.13445E+002) is outside the range [ -4.00000E+002,  4.00000E+002].
2026-04-11 14:28:50,415 - isca - DEBUG - 
2026-04-11 14:28:50,444 - isca - DEBUG - 
2026-04-11 14:28:50,444 - isca - WARNING - WARNING from PE    7: diag_manager_mod::send_data_3d: A value for dynamics in field ucomp (Min:  -1.10606E+002, Max:   4.09206E+002) is outside the range [ -4.00000E+002,  4.00000E+002].
2026-04-11 14:28:50,444 - isca - DEBUG - 
2026-04-11 14:28:50,473 - isca - DEBUG - 
2026-04-11 14:28:50,473 - isca - WARNING - WARNING from PE    7: diag_manager_mod::send_data_3d: A value for dynamics in field ucomp (Min:  -1.10317E+002, Max:   4.02669E+002) is outside the range [ -4.00000E+002,  4.00000E+002].
2026-04-11 14:28:50,473 - isca - DEBUG - 
2026-04-11 14:28:54,127 - isca - DEBUG - 
2026-04-11 14:28:54,127 - isca - WARNING - WARNING from PE    8: diag_manager_mod::send_data_3d: A value for dynamics in field ucomp (Min:  -1.02230E+002, Max:   4.00826E+002) is outside the range [ -4.00000E+002,  4.00000E+002].
2026-04-11 14:28:54,127 - isca - DEBUG - 
2026-04-11 14:28:54,156 - isca - DEBUG - 
2026-04-11 14:28:54,156 - isca - WARNING - WARNING from PE    8: diag_manager_mod::send_data_3d: A value for dynamics in field ucomp (Min:  -1.02724E+002, Max:   4.05062E+002) is outside the range [ -4.00000E+002,  4.00000E+002].
2026-04-11 14:28:54,156 - isca - DEBUG - 
2026-04-11 14:28:54,186 - isca - DEBUG - 
2026-04-11 14:28:54,186 - isca - WARNING - WARNING from PE    8: diag_manager_mod::send_data_3d: A value for dynamics in field ucomp (Min:  -1.03156E+002, Max:   4.06662E+002) is outside the range [ -4.00000E+002,  4.00000E+002].
2026-04-11 14:28:54,186 - isca - DEBUG - 
2026-04-11 14:28:54,214 - isca - DEBUG - 
2026-04-11 14:28:54,214 - isca - WARNING - WARNING from PE    8: diag_manager_mod::send_data_3d: A value for dynamics in field ucomp (Min:  -1.03522E+002, Max:   4.05500E+002) is outside the range [ -4.00000E+002,  4.00000E+002].
2026-04-11 14:28:54,214 - isca - DEBUG - 
2026-04-11 14:28:54,244 - isca - DEBUG - 
2026-04-11 14:28:54,244 - isca - WARNING - WARNING from PE    8: diag_manager_mod::send_data_3d: A value for dynamics in field ucomp (Min:  -1.03824E+002, Max:   4.01455E+002) is outside the range [ -4.00000E+002,  4.00000E+002].
2026-04-11 14:28:54,244 - isca - DEBUG - 
2026-04-11 14:28:56,216 - isca - DEBUG - Integration completed through   238 days     0 seconds
2026-04-11 14:28:57,261 - isca - DEBUG - 
2026-04-11 14:28:57,262 - isca - WARNING - WARNING from PE    7: diag_manager_mod::send_data_3d: A value for dynamics in field ucomp (Min:  -1.10046E+002, Max:   4.00534E+002) is outside the range [ -4.00000E+002,  4.00000E+002].
2026-04-11 14:28:57,262 - isca - DEBUG - 
2026-04-11 14:29:39,721 - isca - DEBUG - Integration completed through   239 days     0 seconds
2026-04-11 14:30:24,423 - isca - DEBUG - Integration completed through   240 days     0 seconds
2026-04-11 14:30:24,432 - isca - DEBUG - 
2026-04-11 14:30:24,432 - isca - WARNING - WARNING from PE    0: diag_util_mod::opening_file: module/field_name (socrates/soc_toa_sw_down_clr) NOT registered
2026-04-11 14:30:24,432 - isca - DEBUG - 
2026-04-11 14:30:24,432 - isca - DEBUG - 
2026-04-11 14:30:24,433 - isca - WARNING - WARNING from PE    0: diag_util_mod::opening_file: module/field_name (socrates/soc_toa_sw_down_clr) NOT registered
2026-04-11 14:30:24,433 - isca - DEBUG - 
2026-04-11 14:30:24,433 - isca - DEBUG - 
2026-04-11 14:30:24,433 - isca - WARNING - WARNING from PE    0: diag_util_mod::opening_file: module/field_name (cloud_simple/rh_min) NOT registered
2026-04-11 14:30:24,433 - isca - DEBUG - 
2026-04-11 14:30:24,433 - isca - DEBUG - 
2026-04-11 14:30:24,433 - isca - WARNING - WARNING from PE    0: diag_util_mod::opening_file: module/field_name (cloud_simple/rh_min) NOT registered
2026-04-11 14:30:24,433 - isca - DEBUG - 
2026-04-11 14:30:24,444 - isca - DEBUG - NOTE from PE    0: MPP_IO_SET_STACK_SIZE: stack size set to     393216.
2026-04-11 14:30:24,595 - isca - DEBUG - MPP_DOMAINS_STACK high water mark=       49152
2026-04-11 14:30:24,595 - isca - DEBUG - 
2026-04-11 14:30:24,595 - isca - DEBUG - Tabulating mpp_clock statistics across     16 PEs...
2026-04-11 14:30:24,595 - isca - DEBUG - 
2026-04-11 14:30:24,596 - isca - DEBUG - tmin          tmax          tavg          tstd  tfrac grain pemin pemax
2026-04-11 14:30:24,596 - isca - DEBUG - Total runtime                      1344.264064   1344.272387   1344.267844      0.001900  1.000     0     0    15
2026-04-11 14:30:24,596 - isca - DEBUG - MPP_STACK high water mark=           0
2026-04-11 14:30:24,726 - isca - INFO - Run 8 complete
2026-04-11 14:30:25,843 - isca - DEBUG - atmos_monthly.nc combined and copied to data directory
2026-04-11 14:30:30,065 - isca - INFO - Restart archive created at /proj/bolinc/users/x_ryabo/Isca-Ryan_outputs/14_5_1570_as007_Sun/restarts/res0008.tar.gz
2026-04-11 14:30:30,079 - isca - INFO - Writing namelist to '/proj/bolinc/users/x_ryabo/Isca-Ryan_outputs/14_5_1570_as007_Sun/run0008/input.nml'
2026-04-11 14:30:30,082 - isca - INFO - Writing field_table to '/proj/bolinc/users/x_ryabo/Isca-Ryan_outputs/14_5_1570_as007_Sun/run0008/field_table'
2026-04-11 14:30:30,096 - isca - INFO - Writing diag_table to '/proj/bolinc/users/x_ryabo/Isca-Ryan_outputs/14_5_1570_as007_Sun/run0008/diag_table'
2026-04-11 14:30:30,521 - isca - INFO - Emptied run directory '/home/x_ryabo/Isca-Ryan_tmp/experiment/14_5_1570_as007_Sun/run'
2026-04-11 14:30:30,554 - isca - INFO - Emptied run directory '/home/x_ryabo/Isca-Ryan_tmp/experiment/14_5_1570_as007_Sun/run'
2026-04-11 14:30:30,962 - isca - INFO - Writing namelist to '/home/x_ryabo/Isca-Ryan_tmp/experiment/14_5_1570_as007_Sun/run/input.nml'
2026-04-11 14:30:30,964 - isca - INFO - Writing field_table to '/home/x_ryabo/Isca-Ryan_tmp/experiment/14_5_1570_as007_Sun/run/field_table'
2026-04-11 14:30:30,980 - isca - INFO - Writing diag_table to '/home/x_ryabo/Isca-Ryan_tmp/experiment/14_5_1570_as007_Sun/run/diag_table'
2026-04-11 14:30:30,999 - isca - INFO - Using restart file '/proj/bolinc/users/x_ryabo/Isca-Ryan_outputs/14_5_1570_as007_Sun/restarts/res0008.tar.gz'
2026-04-11 14:30:31,508 - isca - INFO - Restart /proj/bolinc/users/x_ryabo/Isca-Ryan_outputs/14_5_1570_as007_Sun/restarts/res0008.tar.gz extracted to /home/x_ryabo/Isca-Ryan_tmp/experiment/14_5_1570_as007_Sun/run/INPUT
2026-04-11 14:30:31,509 - isca - INFO - Beginning run 9
2026-04-11 14:30:31,527 - isca - INFO - process running as 3603223
2026-04-11 14:30:31,527 - isca - DEBUG - loadmodules for Isca on NSC cluster Tetralith
2026-04-11 14:30:31,527 - isca - DEBUG - mpiifort
2026-04-11 14:30:31,659 - isca - DEBUG - The following modules were not unloaded:
2026-04-11 14:30:31,660 - isca - DEBUG - (Use "module --force purge" to unload all):
2026-04-11 14:30:31,660 - isca - DEBUG - 
2026-04-11 14:30:31,660 - isca - DEBUG - 1) hpc/.1.10.1
2026-04-11 14:30:31,787 - isca - DEBUG - ***************************************************
2026-04-11 14:30:31,787 - isca - DEBUG - You have loaded a buildenv module
2026-04-11 14:30:31,787 - isca - DEBUG - ***************************************************
2026-04-11 14:30:31,787 - isca - DEBUG - The buldenv-intel module makes available:
2026-04-11 14:30:31,787 - isca - DEBUG - - Compilers: icc, ifort, etc.
2026-04-11 14:30:31,787 - isca - DEBUG - - Mpi library with mpi-wrapped compilers: intel mpi with mpicc, mpifort, etc.
2026-04-11 14:30:31,787 - isca - DEBUG - - Numerical libraries: intel MKL
2026-04-11 14:30:31,787 - isca - DEBUG - 
2026-04-11 14:30:31,787 - isca - DEBUG - It also makes a set of dependency library modules available via
2026-04-11 14:30:31,787 - isca - DEBUG - the regular module command. Just do:
2026-04-11 14:30:31,788 - isca - DEBUG - module avail
2026-04-11 14:30:31,788 - isca - DEBUG - to see what is available.
2026-04-11 14:30:31,788 - isca - DEBUG - 
2026-04-11 14:30:31,788 - isca - DEBUG - NOTE: You shoud never load build environments inside submitted jobs.
2026-04-11 14:30:31,788 - isca - DEBUG - (with the single exception of when using supercomputer time to compile code.)
2026-04-11 14:30:31,788 - isca - DEBUG - 
2026-04-11 14:30:32,972 - isca - DEBUG - NOTE from PE    0: MPP_DOMAINS_SET_STACK_SIZE: stack size set to    32768.
2026-04-11 14:30:32,973 - isca - DEBUG - &MPP_IO_NML
2026-04-11 14:30:32,973 - isca - DEBUG - HEADER_BUFFER_VAL       =       16384,
2026-04-11 14:30:32,973 - isca - DEBUG - GLOBAL_FIELD_ON_ROOT_PE = T,
2026-04-11 14:30:32,973 - isca - DEBUG - IO_CLOCKS_ON    = F,
2026-04-11 14:30:32,973 - isca - DEBUG - SHUFFLE =           0,
2026-04-11 14:30:32,973 - isca - DEBUG - DEFLATE_LEVEL   =          -1
2026-04-11 14:30:32,973 - isca - DEBUG - /
2026-04-11 14:30:32,974 - isca - DEBUG - NOTE from PE    0: MPP_IO_SET_STACK_SIZE: stack size set to     131072.
2026-04-11 14:30:32,975 - isca - DEBUG - NOTE from PE    0: MPP_DOMAINS_SET_STACK_SIZE: stack size set to   600000.
2026-04-11 14:30:32,984 - isca - DEBUG - starting            1  OpenMP threads per MPI-task
2026-04-11 14:30:32,986 - isca - DEBUG - ATMOS MODEL DOMAIN DECOMPOSITION
2026-04-11 14:30:32,986 - isca - DEBUG - X-AXIS =  128
2026-04-11 14:30:32,986 - isca - DEBUG - Y-AXIS =    4   4   4   4   4   4   4   4   4   4   4   4   4   4   4   4
2026-04-11 14:30:33,050 - isca - DEBUG - 
2026-04-11 14:30:33,050 - isca - WARNING - WARNING from PE    2: socrates_init: dt_rad does not fit into one day an integer number of times
2026-04-11 14:30:33,050 - isca - DEBUG - 
2026-04-11 14:30:33,050 - isca - DEBUG - 
2026-04-11 14:30:33,050 - isca - DEBUG - 
2026-04-11 14:30:33,050 - isca - WARNING - WARNING from PE    5: socrates_init: dt_rad does not fit into one day an integer number of times
2026-04-11 14:30:33,050 - isca - DEBUG - 
2026-04-11 14:30:33,050 - isca - WARNING - WARNING from PE    4: socrates_init: dt_rad does not fit into one day an integer number of times
2026-04-11 14:30:33,051 - isca - DEBUG - 
2026-04-11 14:30:33,055 - isca - DEBUG - NOTE from PE    0: cloud_simple: Using SimCloud cloud scheme
2026-04-11 14:30:33,056 - isca - DEBUG - NOTE from PE    0: ls_cloud: Using Sundqvist (1989) cloud fraction diagnostic formula.
2026-04-11 14:30:33,056 - isca - DEBUG - NOTE from PE    0: cloud_cover: The cloud overlap assumption is MAXIMUM-RANDOM
2026-04-11 14:30:33,057 - isca - DEBUG - NOTE from PE    0: idealized_moist_phys: Using Frierson Quasi-Equilibrium convection scheme.
2026-04-11 14:30:33,060 - isca - DEBUG - 
2026-04-11 14:30:33,060 - isca - WARNING - WARNING from PE   13: socrates_init: dt_rad does not fit into one day an integer number of times
2026-04-11 14:30:33,060 - isca - DEBUG - 
2026-04-11 14:30:33,060 - isca - DEBUG - 
2026-04-11 14:30:33,060 - isca - WARNING - WARNING from PE   11: socrates_init: dt_rad does not fit into one day an integer number of times
2026-04-11 14:30:33,060 - isca - DEBUG - 
2026-04-11 14:30:33,060 - isca - DEBUG - 
2026-04-11 14:30:33,060 - isca - WARNING - WARNING from PE    8: socrates_init: dt_rad does not fit into one day an integer number of times
2026-04-11 14:30:33,060 - isca - DEBUG - 
2026-04-11 14:30:33,060 - isca - DEBUG - 
2026-04-11 14:30:33,060 - isca - WARNING - WARNING from PE   12: socrates_init: dt_rad does not fit into one day an integer number of times
2026-04-11 14:30:33,060 - isca - DEBUG - 
2026-04-11 14:30:33,060 - isca - DEBUG - 
2026-04-11 14:30:33,060 - isca - WARNING - WARNING from PE    9: socrates_init: dt_rad does not fit into one day an integer number of times
2026-04-11 14:30:33,060 - isca - DEBUG - 
2026-04-11 14:30:33,060 - isca - DEBUG - 
2026-04-11 14:30:33,060 - isca - WARNING - WARNING from PE   10: socrates_init: dt_rad does not fit into one day an integer number of times
2026-04-11 14:30:33,060 - isca - DEBUG - 
2026-04-11 14:30:33,060 - isca - DEBUG - 
2026-04-11 14:30:33,061 - isca - DEBUG - 
2026-04-11 14:30:33,061 - isca - WARNING - WARNING from PE    3: socrates_init: dt_rad does not fit into one day an integer number of times
2026-04-11 14:30:33,061 - isca - DEBUG - 
2026-04-11 14:30:33,061 - isca - WARNING - WARNING from PE   15: socrates_init: dt_rad does not fit into one day an integer number of times
2026-04-11 14:30:33,061 - isca - DEBUG - 
2026-04-11 14:30:33,061 - isca - DEBUG - 
2026-04-11 14:30:33,061 - isca - DEBUG - 
2026-04-11 14:30:33,061 - isca - WARNING - WARNING from PE    1: socrates_init: dt_rad does not fit into one day an integer number of times
2026-04-11 14:30:33,061 - isca - DEBUG - 
2026-04-11 14:30:33,061 - isca - WARNING - WARNING from PE    6: socrates_init: dt_rad does not fit into one day an integer number of times
2026-04-11 14:30:33,061 - isca - DEBUG - 
2026-04-11 14:30:33,061 - isca - DEBUG - 
2026-04-11 14:30:33,061 - isca - WARNING - WARNING from PE    7: socrates_init: dt_rad does not fit into one day an integer number of times
2026-04-11 14:30:33,061 - isca - DEBUG - 
2026-04-11 14:30:33,063 - isca - DEBUG - 
2026-04-11 14:30:33,063 - isca - WARNING - WARNING from PE   14: socrates_init: dt_rad does not fit into one day an integer number of times
2026-04-11 14:30:33,063 - isca - DEBUG - 
2026-04-11 14:30:33,065 - isca - DEBUG - 
2026-04-11 14:30:33,065 - isca - WARNING - WARNING from PE    0: socrates_init: dt_rad does not fit into one day an integer number of times
2026-04-11 14:30:33,065 - isca - DEBUG - 
2026-04-11 14:30:33,065 - isca - DEBUG - 
2026-04-11 14:30:33,065 - isca - WARNING - WARNING from PE    0: socrates_init: dt_rad does not fit into one day an integer number of times
2026-04-11 14:30:33,065 - isca - DEBUG - 
2026-04-11 14:30:33,065 - isca - DEBUG - 
2026-04-11 14:30:33,065 - isca - WARNING - WARNING from PE    0: socrates_init: lw_hires_spectral_filename is unset, making equal to lw_spectral_filename
2026-04-11 14:30:33,065 - isca - DEBUG - 
2026-04-11 14:30:33,065 - isca - DEBUG - 
2026-04-11 14:30:33,066 - isca - WARNING - WARNING from PE    0: socrates_init: lw_hires_spectral_filename is unset, making equal to lw_spectral_filename
2026-04-11 14:30:33,066 - isca - DEBUG - 
2026-04-11 14:30:33,066 - isca - DEBUG - 
2026-04-11 14:30:33,066 - isca - WARNING - WARNING from PE    0: socrates_init: sw_hires_spectral_filename is unset, making equal to sw_spectral_filename
2026-04-11 14:30:33,066 - isca - DEBUG - 
2026-04-11 14:30:33,066 - isca - DEBUG - 
2026-04-11 14:30:33,066 - isca - WARNING - WARNING from PE    0: socrates_init: sw_hires_spectral_filename is unset, making equal to sw_spectral_filename
2026-04-11 14:30:33,066 - isca - DEBUG - 
2026-04-11 14:30:34,379 - isca - DEBUG - NOTE from PE    0: Interpolator: Using input file with no time dimension - ozone_1990_notime_zero.nc
2026-04-11 14:30:34,380 - isca - DEBUG - Initializing src field : ozone_1990
2026-04-11 14:30:34,382 - isca - DEBUG - 
2026-04-11 14:30:34,382 - isca - DEBUG - -----------------------------------
2026-04-11 14:30:34,382 - isca - DEBUG - ____                       _
2026-04-11 14:30:34,382 - isca - DEBUG - / ___|  ___   ___ _ __ __ _| |_ ___  ___
2026-04-11 14:30:34,382 - isca - DEBUG - \___ \ / _ \ / __|  __/ _` | __/ _ \/ __|
2026-04-11 14:30:34,382 - isca - DEBUG - ___) | (_) | (__| | | (_| | ||  __/\__ \
2026-04-11 14:30:34,382 - isca - DEBUG - |____/ \___/ \___|_|  \__,_|\__\___||___/
2026-04-11 14:30:34,382 - isca - DEBUG - 
2026-04-11 14:30:34,382 - isca - DEBUG - Initialised Socrates v17.03
2026-04-11 14:30:34,382 - isca - DEBUG - Stellar constant =    1570.00000000000
2026-04-11 14:30:34,382 - isca - DEBUG - Longwave spectral file =
2026-04-11 14:30:34,382 - isca - DEBUG - /proj/bolinc/users/x_ryabo/socrates_edited_for_isca/spectral_files_for_GCMs/Sun
2026-04-11 14:30:34,382 - isca - DEBUG - /miniSuran_lw.sf WITH           16  bands
2026-04-11 14:30:34,382 - isca - DEBUG - Longwave hires spectral file =
2026-04-11 14:30:34,382 - isca - DEBUG - /proj/bolinc/users/x_ryabo/socrates_edited_for_isca/spectral_files_for_GCMs/Sun
2026-04-11 14:30:34,382 - isca - DEBUG - /miniSuran_lw.sf WITH           16  bands
2026-04-11 14:30:34,382 - isca - DEBUG - Shortwave spectral file =
2026-04-11 14:30:34,382 - isca - DEBUG - /proj/bolinc/users/x_ryabo/socrates_edited_for_isca/spectral_files_for_GCMs/Sun
2026-04-11 14:30:34,382 - isca - DEBUG - /miniSuran_sw.sf WITH           16  bands
2026-04-11 14:30:34,382 - isca - DEBUG - Shortwave hires spectral file =
2026-04-11 14:30:34,382 - isca - DEBUG - /proj/bolinc/users/x_ryabo/socrates_edited_for_isca/spectral_files_for_GCMs/Sun
2026-04-11 14:30:34,382 - isca - DEBUG - /miniSuran_sw.sf WITH           16  bands
2026-04-11 14:30:34,383 - isca - DEBUG - 
2026-04-11 14:30:34,383 - isca - DEBUG - -----------------------------------
2026-04-11 14:30:34,383 - isca - DEBUG - 
2026-04-11 14:31:18,946 - isca - DEBUG - Integration completed through   241 days     0 seconds
2026-04-11 14:32:05,149 - isca - DEBUG - Integration completed through   242 days     0 seconds
2026-04-11 14:32:48,320 - isca - DEBUG - Integration completed through   243 days     0 seconds
2026-04-11 14:33:32,921 - isca - DEBUG - Integration completed through   244 days     0 seconds
2026-04-11 14:34:17,349 - isca - DEBUG - Integration completed through   245 days     0 seconds
2026-04-11 14:35:01,763 - isca - DEBUG - Integration completed through   246 days     0 seconds
2026-04-11 14:35:46,501 - isca - DEBUG - Integration completed through   247 days     0 seconds
2026-04-11 14:36:31,181 - isca - DEBUG - Integration completed through   248 days     0 seconds
2026-04-11 14:37:16,769 - isca - DEBUG - Integration completed through   249 days     0 seconds
2026-04-11 14:38:02,201 - isca - DEBUG - Integration completed through   250 days     0 seconds
2026-04-11 14:38:48,198 - isca - DEBUG - Integration completed through   251 days     0 seconds
2026-04-11 14:39:33,258 - isca - DEBUG - Integration completed through   252 days     0 seconds
2026-04-11 14:40:16,955 - isca - DEBUG - Integration completed through   253 days     0 seconds
2026-04-11 14:41:00,880 - isca - DEBUG - Integration completed through   254 days     0 seconds
2026-04-11 14:41:45,384 - isca - DEBUG - Integration completed through   255 days     0 seconds
2026-04-11 14:42:28,851 - isca - DEBUG - Integration completed through   256 days     0 seconds
2026-04-11 14:43:13,876 - isca - DEBUG - Integration completed through   257 days     0 seconds
2026-04-11 14:43:58,424 - isca - DEBUG - Integration completed through   258 days     0 seconds
2026-04-11 14:44:42,500 - isca - DEBUG - Integration completed through   259 days     0 seconds
2026-04-11 14:45:28,695 - isca - DEBUG - Integration completed through   260 days     0 seconds
2026-04-11 14:46:13,725 - isca - DEBUG - Integration completed through   261 days     0 seconds
2026-04-11 14:46:58,650 - isca - DEBUG - Integration completed through   262 days     0 seconds
2026-04-11 14:47:43,270 - isca - DEBUG - Integration completed through   263 days     0 seconds
2026-04-11 14:48:27,929 - isca - DEBUG - Integration completed through   264 days     0 seconds
2026-04-11 14:49:12,329 - isca - DEBUG - Integration completed through   265 days     0 seconds
2026-04-11 14:49:57,241 - isca - DEBUG - Integration completed through   266 days     0 seconds
2026-04-11 14:50:41,550 - isca - DEBUG - Integration completed through   267 days     0 seconds
2026-04-11 14:51:26,244 - isca - DEBUG - Integration completed through   268 days     0 seconds
2026-04-11 14:52:10,618 - isca - DEBUG - Integration completed through   269 days     0 seconds
2026-04-11 14:52:55,018 - isca - DEBUG - Integration completed through   270 days     0 seconds
2026-04-11 14:52:55,028 - isca - DEBUG - 
2026-04-11 14:52:55,028 - isca - WARNING - WARNING from PE    0: diag_util_mod::opening_file: module/field_name (socrates/soc_toa_sw_down_clr) NOT registered
2026-04-11 14:52:55,028 - isca - DEBUG - 
2026-04-11 14:52:55,028 - isca - DEBUG - 
2026-04-11 14:52:55,028 - isca - WARNING - WARNING from PE    0: diag_util_mod::opening_file: module/field_name (socrates/soc_toa_sw_down_clr) NOT registered
2026-04-11 14:52:55,028 - isca - DEBUG - 
2026-04-11 14:52:55,028 - isca - DEBUG - 
2026-04-11 14:52:55,028 - isca - WARNING - WARNING from PE    0: diag_util_mod::opening_file: module/field_name (cloud_simple/rh_min) NOT registered
2026-04-11 14:52:55,028 - isca - DEBUG - 
2026-04-11 14:52:55,028 - isca - DEBUG - 
2026-04-11 14:52:55,028 - isca - WARNING - WARNING from PE    0: diag_util_mod::opening_file: module/field_name (cloud_simple/rh_min) NOT registered
2026-04-11 14:52:55,028 - isca - DEBUG - 
2026-04-11 14:52:55,039 - isca - DEBUG - NOTE from PE    0: MPP_IO_SET_STACK_SIZE: stack size set to     393216.
2026-04-11 14:52:55,193 - isca - DEBUG - MPP_DOMAINS_STACK high water mark=       49152
2026-04-11 14:52:55,194 - isca - DEBUG - 
2026-04-11 14:52:55,194 - isca - DEBUG - Tabulating mpp_clock statistics across     16 PEs...
2026-04-11 14:52:55,194 - isca - DEBUG - 
2026-04-11 14:52:55,194 - isca - DEBUG - tmin          tmax          tavg          tstd  tfrac grain pemin pemax
2026-04-11 14:52:55,194 - isca - DEBUG - Total runtime                      1342.219916   1342.226135   1342.222987      0.002016  1.000     0     0    15
2026-04-11 14:52:55,195 - isca - DEBUG - MPP_STACK high water mark=           0
2026-04-11 14:52:55,302 - isca - INFO - Run 9 complete
2026-04-11 14:52:56,387 - isca - DEBUG - atmos_monthly.nc combined and copied to data directory
2026-04-11 14:53:00,470 - isca - INFO - Restart archive created at /proj/bolinc/users/x_ryabo/Isca-Ryan_outputs/14_5_1570_as007_Sun/restarts/res0009.tar.gz
2026-04-11 14:53:00,484 - isca - INFO - Writing namelist to '/proj/bolinc/users/x_ryabo/Isca-Ryan_outputs/14_5_1570_as007_Sun/run0009/input.nml'
2026-04-11 14:53:00,487 - isca - INFO - Writing field_table to '/proj/bolinc/users/x_ryabo/Isca-Ryan_outputs/14_5_1570_as007_Sun/run0009/field_table'
2026-04-11 14:53:00,501 - isca - INFO - Writing diag_table to '/proj/bolinc/users/x_ryabo/Isca-Ryan_outputs/14_5_1570_as007_Sun/run0009/diag_table'
2026-04-11 14:53:00,938 - isca - INFO - Emptied run directory '/home/x_ryabo/Isca-Ryan_tmp/experiment/14_5_1570_as007_Sun/run'
2026-04-11 14:53:00,967 - isca - INFO - Emptied run directory '/home/x_ryabo/Isca-Ryan_tmp/experiment/14_5_1570_as007_Sun/run'
2026-04-11 14:53:01,388 - isca - INFO - Writing namelist to '/home/x_ryabo/Isca-Ryan_tmp/experiment/14_5_1570_as007_Sun/run/input.nml'
2026-04-11 14:53:01,390 - isca - INFO - Writing field_table to '/home/x_ryabo/Isca-Ryan_tmp/experiment/14_5_1570_as007_Sun/run/field_table'
2026-04-11 14:53:01,407 - isca - INFO - Writing diag_table to '/home/x_ryabo/Isca-Ryan_tmp/experiment/14_5_1570_as007_Sun/run/diag_table'
2026-04-11 14:53:01,425 - isca - INFO - Using restart file '/proj/bolinc/users/x_ryabo/Isca-Ryan_outputs/14_5_1570_as007_Sun/restarts/res0009.tar.gz'
2026-04-11 14:53:01,936 - isca - INFO - Restart /proj/bolinc/users/x_ryabo/Isca-Ryan_outputs/14_5_1570_as007_Sun/restarts/res0009.tar.gz extracted to /home/x_ryabo/Isca-Ryan_tmp/experiment/14_5_1570_as007_Sun/run/INPUT
2026-04-11 14:53:01,937 - isca - INFO - Beginning run 10
2026-04-11 14:53:01,951 - isca - INFO - process running as 3604680
2026-04-11 14:53:01,952 - isca - DEBUG - loadmodules for Isca on NSC cluster Tetralith
2026-04-11 14:53:01,952 - isca - DEBUG - mpiifort
2026-04-11 14:53:02,088 - isca - DEBUG - The following modules were not unloaded:
2026-04-11 14:53:02,088 - isca - DEBUG - (Use "module --force purge" to unload all):
2026-04-11 14:53:02,088 - isca - DEBUG - 
2026-04-11 14:53:02,088 - isca - DEBUG - 1) hpc/.1.10.1
2026-04-11 14:53:02,216 - isca - DEBUG - ***************************************************
2026-04-11 14:53:02,216 - isca - DEBUG - You have loaded a buildenv module
2026-04-11 14:53:02,216 - isca - DEBUG - ***************************************************
2026-04-11 14:53:02,216 - isca - DEBUG - The buldenv-intel module makes available:
2026-04-11 14:53:02,216 - isca - DEBUG - - Compilers: icc, ifort, etc.
2026-04-11 14:53:02,216 - isca - DEBUG - - Mpi library with mpi-wrapped compilers: intel mpi with mpicc, mpifort, etc.
2026-04-11 14:53:02,216 - isca - DEBUG - - Numerical libraries: intel MKL
2026-04-11 14:53:02,216 - isca - DEBUG - 
2026-04-11 14:53:02,216 - isca - DEBUG - It also makes a set of dependency library modules available via
2026-04-11 14:53:02,216 - isca - DEBUG - the regular module command. Just do:
2026-04-11 14:53:02,217 - isca - DEBUG - module avail
2026-04-11 14:53:02,217 - isca - DEBUG - to see what is available.
2026-04-11 14:53:02,217 - isca - DEBUG - 
2026-04-11 14:53:02,217 - isca - DEBUG - NOTE: You shoud never load build environments inside submitted jobs.
2026-04-11 14:53:02,217 - isca - DEBUG - (with the single exception of when using supercomputer time to compile code.)
2026-04-11 14:53:02,217 - isca - DEBUG - 
2026-04-11 14:53:03,497 - isca - DEBUG - NOTE from PE    0: MPP_DOMAINS_SET_STACK_SIZE: stack size set to    32768.
2026-04-11 14:53:03,498 - isca - DEBUG - &MPP_IO_NML
2026-04-11 14:53:03,498 - isca - DEBUG - HEADER_BUFFER_VAL       =       16384,
2026-04-11 14:53:03,498 - isca - DEBUG - GLOBAL_FIELD_ON_ROOT_PE = T,
2026-04-11 14:53:03,498 - isca - DEBUG - IO_CLOCKS_ON    = F,
2026-04-11 14:53:03,498 - isca - DEBUG - SHUFFLE =           0,
2026-04-11 14:53:03,498 - isca - DEBUG - DEFLATE_LEVEL   =          -1
2026-04-11 14:53:03,498 - isca - DEBUG - /
2026-04-11 14:53:03,499 - isca - DEBUG - NOTE from PE    0: MPP_IO_SET_STACK_SIZE: stack size set to     131072.
2026-04-11 14:53:03,500 - isca - DEBUG - NOTE from PE    0: MPP_DOMAINS_SET_STACK_SIZE: stack size set to   600000.
2026-04-11 14:53:03,508 - isca - DEBUG - starting            1  OpenMP threads per MPI-task
2026-04-11 14:53:03,510 - isca - DEBUG - ATMOS MODEL DOMAIN DECOMPOSITION
2026-04-11 14:53:03,510 - isca - DEBUG - X-AXIS =  128
2026-04-11 14:53:03,510 - isca - DEBUG - Y-AXIS =    4   4   4   4   4   4   4   4   4   4   4   4   4   4   4   4
2026-04-11 14:53:03,569 - isca - DEBUG - 
2026-04-11 14:53:03,570 - isca - WARNING - WARNING from PE    3: socrates_init: dt_rad does not fit into one day an integer number of times
2026-04-11 14:53:03,570 - isca - DEBUG - 
2026-04-11 14:53:03,572 - isca - DEBUG - NOTE from PE    0: cloud_simple: Using SimCloud cloud scheme
2026-04-11 14:53:03,573 - isca - DEBUG - 
2026-04-11 14:53:03,573 - isca - WARNING - WARNING from PE   12: socrates_init: dt_rad does not fit into one day an integer number of times
2026-04-11 14:53:03,573 - isca - DEBUG - 
2026-04-11 14:53:03,573 - isca - DEBUG - 
2026-04-11 14:53:03,573 - isca - DEBUG - NOTE from PE    0: ls_cloud: Using Sundqvist (1989) cloud fraction diagnostic formula.
2026-04-11 14:53:03,573 - isca - WARNING - WARNING from PE   13: socrates_init: dt_rad does not fit into one day an integer number of times
2026-04-11 14:53:03,573 - isca - DEBUG - 
2026-04-11 14:53:03,573 - isca - WARNING - WARNING from PE   15: socrates_init: dt_rad does not fit into one day an integer number of times
2026-04-11 14:53:03,573 - isca - DEBUG - 
2026-04-11 14:53:03,573 - isca - DEBUG - 
2026-04-11 14:53:03,573 - isca - DEBUG - NOTE from PE    0: cloud_cover: The cloud overlap assumption is MAXIMUM-RANDOM
2026-04-11 14:53:03,573 - isca - DEBUG - NOTE from PE    0: idealized_moist_phys: Using Frierson Quasi-Equilibrium convection scheme.
2026-04-11 14:53:03,574 - isca - DEBUG - 
2026-04-11 14:53:03,574 - isca - WARNING - WARNING from PE   11: socrates_init: dt_rad does not fit into one day an integer number of times
2026-04-11 14:53:03,574 - isca - DEBUG - 
2026-04-11 14:53:03,577 - isca - DEBUG - 
2026-04-11 14:53:03,577 - isca - WARNING - WARNING from PE    2: socrates_init: dt_rad does not fit into one day an integer number of times
2026-04-11 14:53:03,577 - isca - DEBUG - 
2026-04-11 14:53:03,577 - isca - DEBUG - 
2026-04-11 14:53:03,578 - isca - WARNING - WARNING from PE    5: socrates_init: dt_rad does not fit into one day an integer number of times
2026-04-11 14:53:03,578 - isca - DEBUG - 
2026-04-11 14:53:03,578 - isca - DEBUG - 
2026-04-11 14:53:03,578 - isca - WARNING - WARNING from PE    7: socrates_init: dt_rad does not fit into one day an integer number of times
2026-04-11 14:53:03,578 - isca - DEBUG - 
2026-04-11 14:53:03,578 - isca - DEBUG - 
2026-04-11 14:53:03,578 - isca - WARNING - WARNING from PE    4: socrates_init: dt_rad does not fit into one day an integer number of times
2026-04-11 14:53:03,578 - isca - DEBUG - 
2026-04-11 14:53:03,578 - isca - WARNING - WARNING from PE    1: socrates_init: dt_rad does not fit into one day an integer number of times
2026-04-11 14:53:03,578 - isca - DEBUG - 
2026-04-11 14:53:03,578 - isca - DEBUG - 
2026-04-11 14:53:03,578 - isca - WARNING - WARNING from PE    6: socrates_init: dt_rad does not fit into one day an integer number of times
2026-04-11 14:53:03,578 - isca - DEBUG - 
2026-04-11 14:53:03,578 - isca - DEBUG - 
2026-04-11 14:53:03,579 - isca - DEBUG - 
2026-04-11 14:53:03,579 - isca - DEBUG - 
2026-04-11 14:53:03,579 - isca - WARNING - WARNING from PE    8: socrates_init: dt_rad does not fit into one day an integer number of times
2026-04-11 14:53:03,579 - isca - DEBUG - 
2026-04-11 14:53:03,579 - isca - WARNING - WARNING from PE   14: socrates_init: dt_rad does not fit into one day an integer number of times
2026-04-11 14:53:03,579 - isca - DEBUG - 
2026-04-11 14:53:03,579 - isca - DEBUG - 
2026-04-11 14:53:03,580 - isca - WARNING - WARNING from PE    9: socrates_init: dt_rad does not fit into one day an integer number of times
2026-04-11 14:53:03,580 - isca - DEBUG - 
2026-04-11 14:53:03,580 - isca - DEBUG - 
2026-04-11 14:53:03,580 - isca - WARNING - WARNING from PE   10: socrates_init: dt_rad does not fit into one day an integer number of times
2026-04-11 14:53:03,580 - isca - DEBUG - 
2026-04-11 14:53:03,584 - isca - DEBUG - 
2026-04-11 14:53:03,584 - isca - WARNING - WARNING from PE    0: socrates_init: dt_rad does not fit into one day an integer number of times
2026-04-11 14:53:03,584 - isca - DEBUG - 
2026-04-11 14:53:03,584 - isca - DEBUG - 
2026-04-11 14:53:03,584 - isca - WARNING - WARNING from PE    0: socrates_init: dt_rad does not fit into one day an integer number of times
2026-04-11 14:53:03,584 - isca - DEBUG - 
2026-04-11 14:53:03,584 - isca - DEBUG - 
2026-04-11 14:53:03,585 - isca - WARNING - WARNING from PE    0: socrates_init: lw_hires_spectral_filename is unset, making equal to lw_spectral_filename
2026-04-11 14:53:03,585 - isca - DEBUG - 
2026-04-11 14:53:03,585 - isca - DEBUG - 
2026-04-11 14:53:03,585 - isca - WARNING - WARNING from PE    0: socrates_init: lw_hires_spectral_filename is unset, making equal to lw_spectral_filename
2026-04-11 14:53:03,585 - isca - DEBUG - 
2026-04-11 14:53:03,585 - isca - DEBUG - 
2026-04-11 14:53:03,585 - isca - WARNING - WARNING from PE    0: socrates_init: sw_hires_spectral_filename is unset, making equal to sw_spectral_filename
2026-04-11 14:53:03,585 - isca - DEBUG - 
2026-04-11 14:53:03,586 - isca - DEBUG - 
2026-04-11 14:53:03,586 - isca - WARNING - WARNING from PE    0: socrates_init: sw_hires_spectral_filename is unset, making equal to sw_spectral_filename
2026-04-11 14:53:03,586 - isca - DEBUG - 
2026-04-11 14:53:04,896 - isca - DEBUG - NOTE from PE    0: Interpolator: Using input file with no time dimension - ozone_1990_notime_zero.nc
2026-04-11 14:53:04,896 - isca - DEBUG - Initializing src field : ozone_1990
2026-04-11 14:53:04,898 - isca - DEBUG - 
2026-04-11 14:53:04,898 - isca - DEBUG - -----------------------------------
2026-04-11 14:53:04,898 - isca - DEBUG - ____                       _
2026-04-11 14:53:04,898 - isca - DEBUG - / ___|  ___   ___ _ __ __ _| |_ ___  ___
2026-04-11 14:53:04,898 - isca - DEBUG - \___ \ / _ \ / __|  __/ _` | __/ _ \/ __|
2026-04-11 14:53:04,898 - isca - DEBUG - ___) | (_) | (__| | | (_| | ||  __/\__ \
2026-04-11 14:53:04,898 - isca - DEBUG - |____/ \___/ \___|_|  \__,_|\__\___||___/
2026-04-11 14:53:04,899 - isca - DEBUG - 
2026-04-11 14:53:04,899 - isca - DEBUG - Initialised Socrates v17.03
2026-04-11 14:53:04,899 - isca - DEBUG - Stellar constant =    1570.00000000000
2026-04-11 14:53:04,899 - isca - DEBUG - Longwave spectral file =
2026-04-11 14:53:04,899 - isca - DEBUG - /proj/bolinc/users/x_ryabo/socrates_edited_for_isca/spectral_files_for_GCMs/Sun
2026-04-11 14:53:04,899 - isca - DEBUG - /miniSuran_lw.sf WITH           16  bands
2026-04-11 14:53:04,899 - isca - DEBUG - Longwave hires spectral file =
2026-04-11 14:53:04,900 - isca - DEBUG - /proj/bolinc/users/x_ryabo/socrates_edited_for_isca/spectral_files_for_GCMs/Sun
2026-04-11 14:53:04,900 - isca - DEBUG - /miniSuran_lw.sf WITH           16  bands
2026-04-11 14:53:04,900 - isca - DEBUG - Shortwave spectral file =
2026-04-11 14:53:04,900 - isca - DEBUG - /proj/bolinc/users/x_ryabo/socrates_edited_for_isca/spectral_files_for_GCMs/Sun
2026-04-11 14:53:04,900 - isca - DEBUG - /miniSuran_sw.sf WITH           16  bands
2026-04-11 14:53:04,900 - isca - DEBUG - Shortwave hires spectral file =
2026-04-11 14:53:04,900 - isca - DEBUG - /proj/bolinc/users/x_ryabo/socrates_edited_for_isca/spectral_files_for_GCMs/Sun
2026-04-11 14:53:04,901 - isca - DEBUG - /miniSuran_sw.sf WITH           16  bands
2026-04-11 14:53:04,901 - isca - DEBUG - 
2026-04-11 14:53:04,901 - isca - DEBUG - -----------------------------------
2026-04-11 14:53:04,901 - isca - DEBUG - 
2026-04-11 14:53:50,796 - isca - DEBUG - Integration completed through   271 days     0 seconds
2026-04-11 14:54:35,312 - isca - DEBUG - Integration completed through   272 days     0 seconds
2026-04-11 14:55:18,240 - isca - DEBUG - Integration completed through   273 days     0 seconds
2026-04-11 14:56:03,332 - isca - DEBUG - Integration completed through   274 days     0 seconds
2026-04-11 14:56:48,902 - isca - DEBUG - Integration completed through   275 days     0 seconds
2026-04-11 14:57:33,233 - isca - DEBUG - Integration completed through   276 days     0 seconds
2026-04-11 14:58:19,072 - isca - DEBUG - Integration completed through   277 days     0 seconds
2026-04-11 14:59:04,110 - isca - DEBUG - Integration completed through   278 days     0 seconds
2026-04-11 14:59:50,191 - isca - DEBUG - Integration completed through   279 days     0 seconds
2026-04-11 15:00:33,836 - isca - DEBUG - Integration completed through   280 days     0 seconds
2026-04-11 15:01:17,615 - isca - DEBUG - Integration completed through   281 days     0 seconds
2026-04-11 15:02:03,427 - isca - DEBUG - Integration completed through   282 days     0 seconds
2026-04-11 15:02:48,821 - isca - DEBUG - Integration completed through   283 days     0 seconds
2026-04-11 15:03:32,897 - isca - DEBUG - Integration completed through   284 days     0 seconds
2026-04-11 15:04:16,989 - isca - DEBUG - Integration completed through   285 days     0 seconds
2026-04-11 15:05:01,945 - isca - DEBUG - Integration completed through   286 days     0 seconds
2026-04-11 15:05:47,861 - isca - DEBUG - Integration completed through   287 days     0 seconds
2026-04-11 15:06:34,002 - isca - DEBUG - Integration completed through   288 days     0 seconds
2026-04-11 15:07:19,097 - isca - DEBUG - Integration completed through   289 days     0 seconds
2026-04-11 15:08:04,813 - isca - DEBUG - Integration completed through   290 days     0 seconds
2026-04-11 15:08:51,059 - isca - DEBUG - Integration completed through   291 days     0 seconds
2026-04-11 15:09:34,771 - isca - DEBUG - Integration completed through   292 days     0 seconds
2026-04-11 15:10:19,998 - isca - DEBUG - Integration completed through   293 days     0 seconds
2026-04-11 15:11:05,370 - isca - DEBUG - Integration completed through   294 days     0 seconds
2026-04-11 15:11:49,880 - isca - DEBUG - Integration completed through   295 days     0 seconds
2026-04-11 15:12:36,176 - isca - DEBUG - Integration completed through   296 days     0 seconds
2026-04-11 15:13:20,752 - isca - DEBUG - Integration completed through   297 days     0 seconds
2026-04-11 15:14:04,956 - isca - DEBUG - Integration completed through   298 days     0 seconds
2026-04-11 15:14:48,728 - isca - DEBUG - Integration completed through   299 days     0 seconds
2026-04-11 15:15:32,988 - isca - DEBUG - Integration completed through   300 days     0 seconds
2026-04-11 15:15:33,104 - isca - DEBUG - 
2026-04-11 15:15:33,105 - isca - WARNING - WARNING from PE    0: diag_util_mod::opening_file: module/field_name (socrates/soc_toa_sw_down_clr) NOT registered
2026-04-11 15:15:33,105 - isca - DEBUG - 
2026-04-11 15:15:33,105 - isca - DEBUG - 
2026-04-11 15:15:33,105 - isca - WARNING - WARNING from PE    0: diag_util_mod::opening_file: module/field_name (socrates/soc_toa_sw_down_clr) NOT registered
2026-04-11 15:15:33,105 - isca - DEBUG - 
2026-04-11 15:15:33,105 - isca - DEBUG - 
2026-04-11 15:15:33,105 - isca - WARNING - WARNING from PE    0: diag_util_mod::opening_file: module/field_name (cloud_simple/rh_min) NOT registered
2026-04-11 15:15:33,105 - isca - DEBUG - 
2026-04-11 15:15:33,105 - isca - DEBUG - 
2026-04-11 15:15:33,105 - isca - WARNING - WARNING from PE    0: diag_util_mod::opening_file: module/field_name (cloud_simple/rh_min) NOT registered
2026-04-11 15:15:33,105 - isca - DEBUG - 
2026-04-11 15:15:33,116 - isca - DEBUG - NOTE from PE    0: MPP_IO_SET_STACK_SIZE: stack size set to     393216.
2026-04-11 15:15:33,219 - isca - DEBUG - MPP_DOMAINS_STACK high water mark=       49152
2026-04-11 15:15:33,220 - isca - DEBUG - 
2026-04-11 15:15:33,220 - isca - DEBUG - Tabulating mpp_clock statistics across     16 PEs...
2026-04-11 15:15:33,220 - isca - DEBUG - 
2026-04-11 15:15:33,220 - isca - DEBUG - tmin          tmax          tavg          tstd  tfrac grain pemin pemax
2026-04-11 15:15:33,221 - isca - DEBUG - Total runtime                      1349.719121   1349.726116   1349.722410      0.002197  1.000     0     0    15
2026-04-11 15:15:33,221 - isca - DEBUG - MPP_STACK high water mark=           0
2026-04-11 15:15:33,411 - isca - INFO - Run 10 complete
2026-04-11 15:15:34,608 - isca - DEBUG - atmos_monthly.nc combined and copied to data directory
2026-04-11 15:15:38,658 - isca - INFO - Restart archive created at /proj/bolinc/users/x_ryabo/Isca-Ryan_outputs/14_5_1570_as007_Sun/restarts/res0010.tar.gz
2026-04-11 15:15:38,673 - isca - INFO - Writing namelist to '/proj/bolinc/users/x_ryabo/Isca-Ryan_outputs/14_5_1570_as007_Sun/run0010/input.nml'
2026-04-11 15:15:38,676 - isca - INFO - Writing field_table to '/proj/bolinc/users/x_ryabo/Isca-Ryan_outputs/14_5_1570_as007_Sun/run0010/field_table'
2026-04-11 15:15:38,690 - isca - INFO - Writing diag_table to '/proj/bolinc/users/x_ryabo/Isca-Ryan_outputs/14_5_1570_as007_Sun/run0010/diag_table'
2026-04-11 15:15:39,178 - isca - INFO - Emptied run directory '/home/x_ryabo/Isca-Ryan_tmp/experiment/14_5_1570_as007_Sun/run'
2026-04-11 15:15:39,221 - isca - INFO - Emptied run directory '/home/x_ryabo/Isca-Ryan_tmp/experiment/14_5_1570_as007_Sun/run'
2026-04-11 15:15:39,626 - isca - INFO - Writing namelist to '/home/x_ryabo/Isca-Ryan_tmp/experiment/14_5_1570_as007_Sun/run/input.nml'
2026-04-11 15:15:39,628 - isca - INFO - Writing field_table to '/home/x_ryabo/Isca-Ryan_tmp/experiment/14_5_1570_as007_Sun/run/field_table'
2026-04-11 15:15:39,644 - isca - INFO - Writing diag_table to '/home/x_ryabo/Isca-Ryan_tmp/experiment/14_5_1570_as007_Sun/run/diag_table'
2026-04-11 15:15:39,684 - isca - INFO - Using restart file '/proj/bolinc/users/x_ryabo/Isca-Ryan_outputs/14_5_1570_as007_Sun/restarts/res0010.tar.gz'
2026-04-11 15:15:40,195 - isca - INFO - Restart /proj/bolinc/users/x_ryabo/Isca-Ryan_outputs/14_5_1570_as007_Sun/restarts/res0010.tar.gz extracted to /home/x_ryabo/Isca-Ryan_tmp/experiment/14_5_1570_as007_Sun/run/INPUT
2026-04-11 15:15:40,196 - isca - INFO - Beginning run 11
2026-04-11 15:15:40,211 - isca - INFO - process running as 3606227
2026-04-11 15:15:40,212 - isca - DEBUG - loadmodules for Isca on NSC cluster Tetralith
2026-04-11 15:15:40,212 - isca - DEBUG - mpiifort
2026-04-11 15:15:40,348 - isca - DEBUG - The following modules were not unloaded:
2026-04-11 15:15:40,348 - isca - DEBUG - (Use "module --force purge" to unload all):
2026-04-11 15:15:40,348 - isca - DEBUG - 
2026-04-11 15:15:40,348 - isca - DEBUG - 1) hpc/.1.10.1
2026-04-11 15:15:40,475 - isca - DEBUG - ***************************************************
2026-04-11 15:15:40,475 - isca - DEBUG - You have loaded a buildenv module
2026-04-11 15:15:40,475 - isca - DEBUG - ***************************************************
2026-04-11 15:15:40,475 - isca - DEBUG - The buldenv-intel module makes available:
2026-04-11 15:15:40,475 - isca - DEBUG - - Compilers: icc, ifort, etc.
2026-04-11 15:15:40,475 - isca - DEBUG - - Mpi library with mpi-wrapped compilers: intel mpi with mpicc, mpifort, etc.
2026-04-11 15:15:40,475 - isca - DEBUG - - Numerical libraries: intel MKL
2026-04-11 15:15:40,475 - isca - DEBUG - 
2026-04-11 15:15:40,475 - isca - DEBUG - It also makes a set of dependency library modules available via
2026-04-11 15:15:40,475 - isca - DEBUG - the regular module command. Just do:
2026-04-11 15:15:40,475 - isca - DEBUG - module avail
2026-04-11 15:15:40,475 - isca - DEBUG - to see what is available.
2026-04-11 15:15:40,476 - isca - DEBUG - 
2026-04-11 15:15:40,476 - isca - DEBUG - NOTE: You shoud never load build environments inside submitted jobs.
2026-04-11 15:15:40,476 - isca - DEBUG - (with the single exception of when using supercomputer time to compile code.)
2026-04-11 15:15:40,476 - isca - DEBUG - 
2026-04-11 15:15:41,764 - isca - DEBUG - NOTE from PE    0: MPP_DOMAINS_SET_STACK_SIZE: stack size set to    32768.
2026-04-11 15:15:41,765 - isca - DEBUG - &MPP_IO_NML
2026-04-11 15:15:41,765 - isca - DEBUG - HEADER_BUFFER_VAL       =       16384,
2026-04-11 15:15:41,765 - isca - DEBUG - GLOBAL_FIELD_ON_ROOT_PE = T,
2026-04-11 15:15:41,765 - isca - DEBUG - IO_CLOCKS_ON    = F,
2026-04-11 15:15:41,765 - isca - DEBUG - SHUFFLE =           0,
2026-04-11 15:15:41,765 - isca - DEBUG - DEFLATE_LEVEL   =          -1
2026-04-11 15:15:41,765 - isca - DEBUG - /
2026-04-11 15:15:41,766 - isca - DEBUG - NOTE from PE    0: MPP_IO_SET_STACK_SIZE: stack size set to     131072.
2026-04-11 15:15:41,768 - isca - DEBUG - NOTE from PE    0: MPP_DOMAINS_SET_STACK_SIZE: stack size set to   600000.
2026-04-11 15:15:41,776 - isca - DEBUG - starting            1  OpenMP threads per MPI-task
2026-04-11 15:15:41,778 - isca - DEBUG - ATMOS MODEL DOMAIN DECOMPOSITION
2026-04-11 15:15:41,778 - isca - DEBUG - X-AXIS =  128
2026-04-11 15:15:41,778 - isca - DEBUG - Y-AXIS =    4   4   4   4   4   4   4   4   4   4   4   4   4   4   4   4
2026-04-11 15:15:41,843 - isca - DEBUG - 
2026-04-11 15:15:41,844 - isca - WARNING - WARNING from PE   14: socrates_init: dt_rad does not fit into one day an integer number of times
2026-04-11 15:15:41,844 - isca - DEBUG - 
2026-04-11 15:15:41,844 - isca - DEBUG - 
2026-04-11 15:15:41,844 - isca - WARNING - WARNING from PE    9: socrates_init: dt_rad does not fit into one day an integer number of times
2026-04-11 15:15:41,844 - isca - DEBUG - 
2026-04-11 15:15:41,846 - isca - DEBUG - 
2026-04-11 15:15:41,846 - isca - WARNING - WARNING from PE   11: socrates_init: dt_rad does not fit into one day an integer number of times
2026-04-11 15:15:41,846 - isca - DEBUG - 
2026-04-11 15:15:41,847 - isca - DEBUG - 
2026-04-11 15:15:41,847 - isca - DEBUG - 
2026-04-11 15:15:41,847 - isca - WARNING - WARNING from PE   15: socrates_init: dt_rad does not fit into one day an integer number of times
2026-04-11 15:15:41,847 - isca - DEBUG - 
2026-04-11 15:15:41,847 - isca - WARNING - WARNING from PE   12: socrates_init: dt_rad does not fit into one day an integer number of times
2026-04-11 15:15:41,847 - isca - DEBUG - 
2026-04-11 15:15:41,849 - isca - DEBUG - NOTE from PE    0: cloud_simple: Using SimCloud cloud scheme
2026-04-11 15:15:41,850 - isca - DEBUG - NOTE from PE    0: ls_cloud: Using Sundqvist (1989) cloud fraction diagnostic formula.
2026-04-11 15:15:41,850 - isca - DEBUG - NOTE from PE    0: cloud_cover: The cloud overlap assumption is MAXIMUM-RANDOM
2026-04-11 15:15:41,851 - isca - DEBUG - NOTE from PE    0: idealized_moist_phys: Using Frierson Quasi-Equilibrium convection scheme.
2026-04-11 15:15:41,852 - isca - DEBUG - 
2026-04-11 15:15:41,852 - isca - WARNING - WARNING from PE    8: socrates_init: dt_rad does not fit into one day an integer number of times
2026-04-11 15:15:41,852 - isca - DEBUG - 
2026-04-11 15:15:41,852 - isca - DEBUG - 
2026-04-11 15:15:41,852 - isca - WARNING - WARNING from PE   10: socrates_init: dt_rad does not fit into one day an integer number of times
2026-04-11 15:15:41,852 - isca - DEBUG - 
2026-04-11 15:15:41,852 - isca - DEBUG - 
2026-04-11 15:15:41,853 - isca - WARNING - WARNING from PE   13: socrates_init: dt_rad does not fit into one day an integer number of times
2026-04-11 15:15:41,853 - isca - DEBUG - 
2026-04-11 15:15:41,855 - isca - DEBUG - 
2026-04-11 15:15:41,855 - isca - DEBUG - 
2026-04-11 15:15:41,855 - isca - WARNING - WARNING from PE    7: socrates_init: dt_rad does not fit into one day an integer number of times
2026-04-11 15:15:41,855 - isca - DEBUG - 
2026-04-11 15:15:41,855 - isca - WARNING - WARNING from PE    4: socrates_init: dt_rad does not fit into one day an integer number of times
2026-04-11 15:15:41,855 - isca - DEBUG - 
2026-04-11 15:15:41,855 - isca - DEBUG - 
2026-04-11 15:15:41,856 - isca - DEBUG - 
2026-04-11 15:15:41,856 - isca - WARNING - WARNING from PE    5: socrates_init: dt_rad does not fit into one day an integer number of times
2026-04-11 15:15:41,856 - isca - DEBUG - 
2026-04-11 15:15:41,856 - isca - DEBUG - 
2026-04-11 15:15:41,856 - isca - WARNING - WARNING from PE    1: socrates_init: dt_rad does not fit into one day an integer number of times
2026-04-11 15:15:41,856 - isca - DEBUG - 
2026-04-11 15:15:41,856 - isca - DEBUG - 
2026-04-11 15:15:41,856 - isca - WARNING - WARNING from PE    6: socrates_init: dt_rad does not fit into one day an integer number of times
2026-04-11 15:15:41,856 - isca - DEBUG - 
2026-04-11 15:15:41,856 - isca - WARNING - WARNING from PE    2: socrates_init: dt_rad does not fit into one day an integer number of times
2026-04-11 15:15:41,856 - isca - DEBUG - 
2026-04-11 15:15:41,856 - isca - DEBUG - 
2026-04-11 15:15:41,856 - isca - WARNING - WARNING from PE    3: socrates_init: dt_rad does not fit into one day an integer number of times
2026-04-11 15:15:41,856 - isca - DEBUG - 
2026-04-11 15:15:41,859 - isca - DEBUG - 
2026-04-11 15:15:41,860 - isca - WARNING - WARNING from PE    0: socrates_init: dt_rad does not fit into one day an integer number of times
2026-04-11 15:15:41,860 - isca - DEBUG - 
2026-04-11 15:15:41,860 - isca - DEBUG - 
2026-04-11 15:15:41,860 - isca - WARNING - WARNING from PE    0: socrates_init: dt_rad does not fit into one day an integer number of times
2026-04-11 15:15:41,860 - isca - DEBUG - 
2026-04-11 15:15:41,860 - isca - DEBUG - 
2026-04-11 15:15:41,860 - isca - WARNING - WARNING from PE    0: socrates_init: lw_hires_spectral_filename is unset, making equal to lw_spectral_filename
2026-04-11 15:15:41,860 - isca - DEBUG - 
2026-04-11 15:15:41,860 - isca - DEBUG - 
2026-04-11 15:15:41,860 - isca - WARNING - WARNING from PE    0: socrates_init: lw_hires_spectral_filename is unset, making equal to lw_spectral_filename
2026-04-11 15:15:41,860 - isca - DEBUG - 
2026-04-11 15:15:41,860 - isca - DEBUG - 
2026-04-11 15:15:41,860 - isca - WARNING - WARNING from PE    0: socrates_init: sw_hires_spectral_filename is unset, making equal to sw_spectral_filename
2026-04-11 15:15:41,860 - isca - DEBUG - 
2026-04-11 15:15:41,860 - isca - DEBUG - 
2026-04-11 15:15:41,860 - isca - WARNING - WARNING from PE    0: socrates_init: sw_hires_spectral_filename is unset, making equal to sw_spectral_filename
2026-04-11 15:15:41,860 - isca - DEBUG - 
2026-04-11 15:15:43,478 - isca - DEBUG - NOTE from PE    0: Interpolator: Using input file with no time dimension - ozone_1990_notime_zero.nc
2026-04-11 15:15:43,478 - isca - DEBUG - Initializing src field : ozone_1990
2026-04-11 15:15:43,480 - isca - DEBUG - 
2026-04-11 15:15:43,480 - isca - DEBUG - -----------------------------------
2026-04-11 15:15:43,480 - isca - DEBUG - ____                       _
2026-04-11 15:15:43,480 - isca - DEBUG - / ___|  ___   ___ _ __ __ _| |_ ___  ___
2026-04-11 15:15:43,480 - isca - DEBUG - \___ \ / _ \ / __|  __/ _` | __/ _ \/ __|
2026-04-11 15:15:43,480 - isca - DEBUG - ___) | (_) | (__| | | (_| | ||  __/\__ \
2026-04-11 15:15:43,480 - isca - DEBUG - |____/ \___/ \___|_|  \__,_|\__\___||___/
2026-04-11 15:15:43,480 - isca - DEBUG - 
2026-04-11 15:15:43,481 - isca - DEBUG - Initialised Socrates v17.03
2026-04-11 15:15:43,481 - isca - DEBUG - Stellar constant =    1570.00000000000
2026-04-11 15:15:43,481 - isca - DEBUG - Longwave spectral file =
2026-04-11 15:15:43,481 - isca - DEBUG - /proj/bolinc/users/x_ryabo/socrates_edited_for_isca/spectral_files_for_GCMs/Sun
2026-04-11 15:15:43,481 - isca - DEBUG - /miniSuran_lw.sf WITH           16  bands
2026-04-11 15:15:43,481 - isca - DEBUG - Longwave hires spectral file =
2026-04-11 15:15:43,481 - isca - DEBUG - /proj/bolinc/users/x_ryabo/socrates_edited_for_isca/spectral_files_for_GCMs/Sun
2026-04-11 15:15:43,481 - isca - DEBUG - /miniSuran_lw.sf WITH           16  bands
2026-04-11 15:15:43,481 - isca - DEBUG - Shortwave spectral file =
2026-04-11 15:15:43,481 - isca - DEBUG - /proj/bolinc/users/x_ryabo/socrates_edited_for_isca/spectral_files_for_GCMs/Sun
2026-04-11 15:15:43,481 - isca - DEBUG - /miniSuran_sw.sf WITH           16  bands
2026-04-11 15:15:43,481 - isca - DEBUG - Shortwave hires spectral file =
2026-04-11 15:15:43,481 - isca - DEBUG - /proj/bolinc/users/x_ryabo/socrates_edited_for_isca/spectral_files_for_GCMs/Sun
2026-04-11 15:15:43,481 - isca - DEBUG - /miniSuran_sw.sf WITH           16  bands
2026-04-11 15:15:43,481 - isca - DEBUG - 
2026-04-11 15:15:43,481 - isca - DEBUG - -----------------------------------
2026-04-11 15:15:43,481 - isca - DEBUG - 
2026-04-11 15:16:28,830 - isca - DEBUG - Integration completed through   301 days     0 seconds
2026-04-11 15:17:13,709 - isca - DEBUG - Integration completed through   302 days     0 seconds
2026-04-11 15:17:56,863 - isca - DEBUG - Integration completed through   303 days     0 seconds
2026-04-11 15:18:42,433 - isca - DEBUG - Integration completed through   304 days     0 seconds
2026-04-11 15:19:27,476 - isca - DEBUG - Integration completed through   305 days     0 seconds
2026-04-11 15:20:11,860 - isca - DEBUG - Integration completed through   306 days     0 seconds
2026-04-11 15:20:55,879 - isca - DEBUG - Integration completed through   307 days     0 seconds
2026-04-11 15:21:41,185 - isca - DEBUG - Integration completed through   308 days     0 seconds
2026-04-11 15:22:24,752 - isca - DEBUG - Integration completed through   309 days     0 seconds
2026-04-11 15:23:09,221 - isca - DEBUG - Integration completed through   310 days     0 seconds
2026-04-11 15:23:53,806 - isca - DEBUG - Integration completed through   311 days     0 seconds
2026-04-11 15:24:36,753 - isca - DEBUG - Integration completed through   312 days     0 seconds
2026-04-11 15:25:21,262 - isca - DEBUG - Integration completed through   313 days     0 seconds
2026-04-11 15:26:06,585 - isca - DEBUG - Integration completed through   314 days     0 seconds
2026-04-11 15:26:52,382 - isca - DEBUG - Integration completed through   315 days     0 seconds
2026-04-11 15:27:37,199 - isca - DEBUG - Integration completed through   316 days     0 seconds
2026-04-11 15:28:21,836 - isca - DEBUG - Integration completed through   317 days     0 seconds
2026-04-11 15:29:05,807 - isca - DEBUG - Integration completed through   318 days     0 seconds
2026-04-11 15:29:49,581 - isca - DEBUG - Integration completed through   319 days     0 seconds
2026-04-11 15:30:35,278 - isca - DEBUG - Integration completed through   320 days     0 seconds
2026-04-11 15:31:19,693 - isca - DEBUG - Integration completed through   321 days     0 seconds
2026-04-11 15:32:03,735 - isca - DEBUG - Integration completed through   322 days     0 seconds
2026-04-11 15:32:48,601 - isca - DEBUG - Integration completed through   323 days     0 seconds
2026-04-11 15:33:34,395 - isca - DEBUG - Integration completed through   324 days     0 seconds
2026-04-11 15:34:18,735 - isca - DEBUG - Integration completed through   325 days     0 seconds
2026-04-11 15:35:04,130 - isca - DEBUG - Integration completed through   326 days     0 seconds
2026-04-11 15:35:49,538 - isca - DEBUG - Integration completed through   327 days     0 seconds
2026-04-11 15:36:34,272 - isca - DEBUG - Integration completed through   328 days     0 seconds
2026-04-11 15:37:19,639 - isca - DEBUG - Integration completed through   329 days     0 seconds
2026-04-11 15:38:04,426 - isca - DEBUG - Integration completed through   330 days     0 seconds
2026-04-11 15:38:04,433 - isca - DEBUG - 
2026-04-11 15:38:04,433 - isca - WARNING - WARNING from PE    0: diag_util_mod::opening_file: module/field_name (socrates/soc_toa_sw_down_clr) NOT registered
2026-04-11 15:38:04,433 - isca - DEBUG - 
2026-04-11 15:38:04,433 - isca - DEBUG - 
2026-04-11 15:38:04,433 - isca - WARNING - WARNING from PE    0: diag_util_mod::opening_file: module/field_name (socrates/soc_toa_sw_down_clr) NOT registered
2026-04-11 15:38:04,433 - isca - DEBUG - 
2026-04-11 15:38:04,433 - isca - DEBUG - 
2026-04-11 15:38:04,433 - isca - WARNING - WARNING from PE    0: diag_util_mod::opening_file: module/field_name (cloud_simple/rh_min) NOT registered
2026-04-11 15:38:04,433 - isca - DEBUG - 
2026-04-11 15:38:04,433 - isca - DEBUG - 
2026-04-11 15:38:04,433 - isca - WARNING - WARNING from PE    0: diag_util_mod::opening_file: module/field_name (cloud_simple/rh_min) NOT registered
2026-04-11 15:38:04,433 - isca - DEBUG - 
2026-04-11 15:38:04,447 - isca - DEBUG - NOTE from PE    0: MPP_IO_SET_STACK_SIZE: stack size set to     393216.
2026-04-11 15:38:04,602 - isca - DEBUG - MPP_DOMAINS_STACK high water mark=       49152
2026-04-11 15:38:04,602 - isca - DEBUG - 
2026-04-11 15:38:04,602 - isca - DEBUG - Tabulating mpp_clock statistics across     16 PEs...
2026-04-11 15:38:04,602 - isca - DEBUG - 
2026-04-11 15:38:04,602 - isca - DEBUG - tmin          tmax          tavg          tstd  tfrac grain pemin pemax
2026-04-11 15:38:04,603 - isca - DEBUG - Total runtime                      1342.834300   1342.843531   1342.838823      0.002234  1.000     0     0    15
2026-04-11 15:38:04,603 - isca - DEBUG - MPP_STACK high water mark=           0
2026-04-11 15:38:04,723 - isca - INFO - Run 11 complete
2026-04-11 15:38:05,860 - isca - DEBUG - atmos_monthly.nc combined and copied to data directory
2026-04-11 15:38:10,055 - isca - INFO - Restart archive created at /proj/bolinc/users/x_ryabo/Isca-Ryan_outputs/14_5_1570_as007_Sun/restarts/res0011.tar.gz
2026-04-11 15:38:10,070 - isca - INFO - Writing namelist to '/proj/bolinc/users/x_ryabo/Isca-Ryan_outputs/14_5_1570_as007_Sun/run0011/input.nml'
2026-04-11 15:38:10,073 - isca - INFO - Writing field_table to '/proj/bolinc/users/x_ryabo/Isca-Ryan_outputs/14_5_1570_as007_Sun/run0011/field_table'
2026-04-11 15:38:10,087 - isca - INFO - Writing diag_table to '/proj/bolinc/users/x_ryabo/Isca-Ryan_outputs/14_5_1570_as007_Sun/run0011/diag_table'
2026-04-11 15:38:10,516 - isca - INFO - Emptied run directory '/home/x_ryabo/Isca-Ryan_tmp/experiment/14_5_1570_as007_Sun/run'
2026-04-11 15:38:10,548 - isca - INFO - Emptied run directory '/home/x_ryabo/Isca-Ryan_tmp/experiment/14_5_1570_as007_Sun/run'
2026-04-11 15:38:10,964 - isca - INFO - Writing namelist to '/home/x_ryabo/Isca-Ryan_tmp/experiment/14_5_1570_as007_Sun/run/input.nml'
2026-04-11 15:38:10,967 - isca - INFO - Writing field_table to '/home/x_ryabo/Isca-Ryan_tmp/experiment/14_5_1570_as007_Sun/run/field_table'
2026-04-11 15:38:10,983 - isca - INFO - Writing diag_table to '/home/x_ryabo/Isca-Ryan_tmp/experiment/14_5_1570_as007_Sun/run/diag_table'
2026-04-11 15:38:11,003 - isca - INFO - Using restart file '/proj/bolinc/users/x_ryabo/Isca-Ryan_outputs/14_5_1570_as007_Sun/restarts/res0011.tar.gz'
2026-04-11 15:38:11,507 - isca - INFO - Restart /proj/bolinc/users/x_ryabo/Isca-Ryan_outputs/14_5_1570_as007_Sun/restarts/res0011.tar.gz extracted to /home/x_ryabo/Isca-Ryan_tmp/experiment/14_5_1570_as007_Sun/run/INPUT
2026-04-11 15:38:11,508 - isca - INFO - Beginning run 12
2026-04-11 15:38:11,530 - isca - INFO - process running as 3607689
2026-04-11 15:38:11,530 - isca - DEBUG - loadmodules for Isca on NSC cluster Tetralith
2026-04-11 15:38:11,530 - isca - DEBUG - mpiifort
2026-04-11 15:38:11,660 - isca - DEBUG - The following modules were not unloaded:
2026-04-11 15:38:11,660 - isca - DEBUG - (Use "module --force purge" to unload all):
2026-04-11 15:38:11,660 - isca - DEBUG - 
2026-04-11 15:38:11,660 - isca - DEBUG - 1) hpc/.1.10.1
2026-04-11 15:38:11,786 - isca - DEBUG - ***************************************************
2026-04-11 15:38:11,786 - isca - DEBUG - You have loaded a buildenv module
2026-04-11 15:38:11,786 - isca - DEBUG - ***************************************************
2026-04-11 15:38:11,786 - isca - DEBUG - The buldenv-intel module makes available:
2026-04-11 15:38:11,786 - isca - DEBUG - - Compilers: icc, ifort, etc.
2026-04-11 15:38:11,786 - isca - DEBUG - - Mpi library with mpi-wrapped compilers: intel mpi with mpicc, mpifort, etc.
2026-04-11 15:38:11,786 - isca - DEBUG - - Numerical libraries: intel MKL
2026-04-11 15:38:11,786 - isca - DEBUG - 
2026-04-11 15:38:11,786 - isca - DEBUG - It also makes a set of dependency library modules available via
2026-04-11 15:38:11,786 - isca - DEBUG - the regular module command. Just do:
2026-04-11 15:38:11,786 - isca - DEBUG - module avail
2026-04-11 15:38:11,786 - isca - DEBUG - to see what is available.
2026-04-11 15:38:11,786 - isca - DEBUG - 
2026-04-11 15:38:11,786 - isca - DEBUG - NOTE: You shoud never load build environments inside submitted jobs.
2026-04-11 15:38:11,786 - isca - DEBUG - (with the single exception of when using supercomputer time to compile code.)
2026-04-11 15:38:11,786 - isca - DEBUG - 
2026-04-11 15:38:13,100 - isca - DEBUG - NOTE from PE    0: MPP_DOMAINS_SET_STACK_SIZE: stack size set to    32768.
2026-04-11 15:38:13,101 - isca - DEBUG - &MPP_IO_NML
2026-04-11 15:38:13,101 - isca - DEBUG - HEADER_BUFFER_VAL       =       16384,
2026-04-11 15:38:13,101 - isca - DEBUG - GLOBAL_FIELD_ON_ROOT_PE = T,
2026-04-11 15:38:13,101 - isca - DEBUG - IO_CLOCKS_ON    = F,
2026-04-11 15:38:13,101 - isca - DEBUG - SHUFFLE =           0,
2026-04-11 15:38:13,101 - isca - DEBUG - DEFLATE_LEVEL   =          -1
2026-04-11 15:38:13,101 - isca - DEBUG - /
2026-04-11 15:38:13,102 - isca - DEBUG - NOTE from PE    0: MPP_IO_SET_STACK_SIZE: stack size set to     131072.
2026-04-11 15:38:13,103 - isca - DEBUG - NOTE from PE    0: MPP_DOMAINS_SET_STACK_SIZE: stack size set to   600000.
2026-04-11 15:38:13,111 - isca - DEBUG - starting            1  OpenMP threads per MPI-task
2026-04-11 15:38:13,113 - isca - DEBUG - ATMOS MODEL DOMAIN DECOMPOSITION
2026-04-11 15:38:13,113 - isca - DEBUG - X-AXIS =  128
2026-04-11 15:38:13,113 - isca - DEBUG - Y-AXIS =    4   4   4   4   4   4   4   4   4   4   4   4   4   4   4   4
2026-04-11 15:38:13,171 - isca - DEBUG - 
2026-04-11 15:38:13,171 - isca - WARNING - WARNING from PE    4: socrates_init: dt_rad does not fit into one day an integer number of times
2026-04-11 15:38:13,171 - isca - DEBUG - 
2026-04-11 15:38:13,171 - isca - DEBUG - 
2026-04-11 15:38:13,171 - isca - WARNING - WARNING from PE    1: socrates_init: dt_rad does not fit into one day an integer number of times
2026-04-11 15:38:13,171 - isca - DEBUG - 
2026-04-11 15:38:13,171 - isca - DEBUG - 
2026-04-11 15:38:13,171 - isca - WARNING - WARNING from PE    2: socrates_init: dt_rad does not fit into one day an integer number of times
2026-04-11 15:38:13,171 - isca - DEBUG - 
2026-04-11 15:38:13,171 - isca - DEBUG - 
2026-04-11 15:38:13,171 - isca - WARNING - WARNING from PE    3: socrates_init: dt_rad does not fit into one day an integer number of times
2026-04-11 15:38:13,171 - isca - DEBUG - 
2026-04-11 15:38:13,172 - isca - DEBUG - 
2026-04-11 15:38:13,172 - isca - WARNING - WARNING from PE    6: socrates_init: dt_rad does not fit into one day an integer number of times
2026-04-11 15:38:13,172 - isca - DEBUG - 
2026-04-11 15:38:13,178 - isca - DEBUG - NOTE from PE    0: cloud_simple: Using SimCloud cloud scheme
2026-04-11 15:38:13,179 - isca - DEBUG - NOTE from PE    0: ls_cloud: Using Sundqvist (1989) cloud fraction diagnostic formula.
2026-04-11 15:38:13,180 - isca - DEBUG - NOTE from PE    0: cloud_cover: The cloud overlap assumption is MAXIMUM-RANDOM
2026-04-11 15:38:13,180 - isca - DEBUG - NOTE from PE    0: idealized_moist_phys: Using Frierson Quasi-Equilibrium convection scheme.
2026-04-11 15:38:13,183 - isca - DEBUG - 
2026-04-11 15:38:13,183 - isca - WARNING - WARNING from PE    8: socrates_init: dt_rad does not fit into one day an integer number of times
2026-04-11 15:38:13,183 - isca - DEBUG - 
2026-04-11 15:38:13,183 - isca - DEBUG - 
2026-04-11 15:38:13,183 - isca - WARNING - WARNING from PE   11: socrates_init: dt_rad does not fit into one day an integer number of times
2026-04-11 15:38:13,183 - isca - DEBUG - 
2026-04-11 15:38:13,183 - isca - DEBUG - 
2026-04-11 15:38:13,183 - isca - WARNING - WARNING from PE    9: socrates_init: dt_rad does not fit into one day an integer number of times
2026-04-11 15:38:13,183 - isca - DEBUG - 
2026-04-11 15:38:13,183 - isca - DEBUG - 
2026-04-11 15:38:13,184 - isca - WARNING - WARNING from PE   13: socrates_init: dt_rad does not fit into one day an integer number of times
2026-04-11 15:38:13,184 - isca - DEBUG - 
2026-04-11 15:38:13,184 - isca - DEBUG - 
2026-04-11 15:38:13,184 - isca - WARNING - WARNING from PE   12: socrates_init: dt_rad does not fit into one day an integer number of times
2026-04-11 15:38:13,184 - isca - DEBUG - 
2026-04-11 15:38:13,184 - isca - DEBUG - 
2026-04-11 15:38:13,184 - isca - WARNING - WARNING from PE    5: socrates_init: dt_rad does not fit into one day an integer number of times
2026-04-11 15:38:13,184 - isca - DEBUG - 
2026-04-11 15:38:13,185 - isca - DEBUG - 
2026-04-11 15:38:13,185 - isca - DEBUG - 
2026-04-11 15:38:13,185 - isca - WARNING - WARNING from PE   14: socrates_init: dt_rad does not fit into one day an integer number of times
2026-04-11 15:38:13,185 - isca - DEBUG - 
2026-04-11 15:38:13,185 - isca - DEBUG - 
2026-04-11 15:38:13,185 - isca - WARNING - WARNING from PE   15: socrates_init: dt_rad does not fit into one day an integer number of times
2026-04-11 15:38:13,185 - isca - DEBUG - 
2026-04-11 15:38:13,185 - isca - WARNING - WARNING from PE   10: socrates_init: dt_rad does not fit into one day an integer number of times
2026-04-11 15:38:13,185 - isca - DEBUG - 
2026-04-11 15:38:13,186 - isca - DEBUG - 
2026-04-11 15:38:13,187 - isca - WARNING - WARNING from PE    7: socrates_init: dt_rad does not fit into one day an integer number of times
2026-04-11 15:38:13,187 - isca - DEBUG - 
2026-04-11 15:38:13,190 - isca - DEBUG - 
2026-04-11 15:38:13,190 - isca - WARNING - WARNING from PE    0: socrates_init: dt_rad does not fit into one day an integer number of times
2026-04-11 15:38:13,190 - isca - DEBUG - 
2026-04-11 15:38:13,190 - isca - DEBUG - 
2026-04-11 15:38:13,190 - isca - WARNING - WARNING from PE    0: socrates_init: dt_rad does not fit into one day an integer number of times
2026-04-11 15:38:13,190 - isca - DEBUG - 
2026-04-11 15:38:13,190 - isca - DEBUG - 
2026-04-11 15:38:13,190 - isca - WARNING - WARNING from PE    0: socrates_init: lw_hires_spectral_filename is unset, making equal to lw_spectral_filename
2026-04-11 15:38:13,190 - isca - DEBUG - 
2026-04-11 15:38:13,190 - isca - DEBUG - 
2026-04-11 15:38:13,190 - isca - WARNING - WARNING from PE    0: socrates_init: lw_hires_spectral_filename is unset, making equal to lw_spectral_filename
2026-04-11 15:38:13,190 - isca - DEBUG - 
2026-04-11 15:38:13,190 - isca - DEBUG - 
2026-04-11 15:38:13,190 - isca - WARNING - WARNING from PE    0: socrates_init: sw_hires_spectral_filename is unset, making equal to sw_spectral_filename
2026-04-11 15:38:13,190 - isca - DEBUG - 
2026-04-11 15:38:13,190 - isca - DEBUG - 
2026-04-11 15:38:13,190 - isca - WARNING - WARNING from PE    0: socrates_init: sw_hires_spectral_filename is unset, making equal to sw_spectral_filename
2026-04-11 15:38:13,190 - isca - DEBUG - 
2026-04-11 15:38:14,465 - isca - DEBUG - NOTE from PE    0: Interpolator: Using input file with no time dimension - ozone_1990_notime_zero.nc
2026-04-11 15:38:14,465 - isca - DEBUG - Initializing src field : ozone_1990
2026-04-11 15:38:14,467 - isca - DEBUG - 
2026-04-11 15:38:14,468 - isca - DEBUG - -----------------------------------
2026-04-11 15:38:14,468 - isca - DEBUG - ____                       _
2026-04-11 15:38:14,468 - isca - DEBUG - / ___|  ___   ___ _ __ __ _| |_ ___  ___
2026-04-11 15:38:14,468 - isca - DEBUG - \___ \ / _ \ / __|  __/ _` | __/ _ \/ __|
2026-04-11 15:38:14,468 - isca - DEBUG - ___) | (_) | (__| | | (_| | ||  __/\__ \
2026-04-11 15:38:14,468 - isca - DEBUG - |____/ \___/ \___|_|  \__,_|\__\___||___/
2026-04-11 15:38:14,468 - isca - DEBUG - 
2026-04-11 15:38:14,468 - isca - DEBUG - Initialised Socrates v17.03
2026-04-11 15:38:14,468 - isca - DEBUG - Stellar constant =    1570.00000000000
2026-04-11 15:38:14,468 - isca - DEBUG - Longwave spectral file =
2026-04-11 15:38:14,468 - isca - DEBUG - /proj/bolinc/users/x_ryabo/socrates_edited_for_isca/spectral_files_for_GCMs/Sun
2026-04-11 15:38:14,468 - isca - DEBUG - /miniSuran_lw.sf WITH           16  bands
2026-04-11 15:38:14,468 - isca - DEBUG - Longwave hires spectral file =
2026-04-11 15:38:14,468 - isca - DEBUG - /proj/bolinc/users/x_ryabo/socrates_edited_for_isca/spectral_files_for_GCMs/Sun
2026-04-11 15:38:14,468 - isca - DEBUG - /miniSuran_lw.sf WITH           16  bands
2026-04-11 15:38:14,468 - isca - DEBUG - Shortwave spectral file =
2026-04-11 15:38:14,468 - isca - DEBUG - /proj/bolinc/users/x_ryabo/socrates_edited_for_isca/spectral_files_for_GCMs/Sun
2026-04-11 15:38:14,468 - isca - DEBUG - /miniSuran_sw.sf WITH           16  bands
2026-04-11 15:38:14,468 - isca - DEBUG - Shortwave hires spectral file =
2026-04-11 15:38:14,468 - isca - DEBUG - /proj/bolinc/users/x_ryabo/socrates_edited_for_isca/spectral_files_for_GCMs/Sun
2026-04-11 15:38:14,468 - isca - DEBUG - /miniSuran_sw.sf WITH           16  bands
2026-04-11 15:38:14,468 - isca - DEBUG - 
2026-04-11 15:38:14,468 - isca - DEBUG - -----------------------------------
2026-04-11 15:38:14,468 - isca - DEBUG - 
2026-04-11 15:39:00,339 - isca - DEBUG - Integration completed through   331 days     0 seconds
2026-04-11 15:39:46,565 - isca - DEBUG - Integration completed through   332 days     0 seconds
2026-04-11 15:40:30,078 - isca - DEBUG - Integration completed through   333 days     0 seconds
2026-04-11 15:41:16,566 - isca - DEBUG - Integration completed through   334 days     0 seconds
2026-04-11 15:42:02,496 - isca - DEBUG - Integration completed through   335 days     0 seconds
2026-04-11 15:42:47,333 - isca - DEBUG - Integration completed through   336 days     0 seconds
2026-04-11 15:43:30,970 - isca - DEBUG - Integration completed through   337 days     0 seconds
2026-04-11 15:44:14,962 - isca - DEBUG - Integration completed through   338 days     0 seconds
2026-04-11 15:44:59,289 - isca - DEBUG - Integration completed through   339 days     0 seconds
2026-04-11 15:45:42,757 - isca - DEBUG - Integration completed through   340 days     0 seconds
2026-04-11 15:46:26,922 - isca - DEBUG - Integration completed through   341 days     0 seconds
2026-04-11 15:47:12,642 - isca - DEBUG - Integration completed through   342 days     0 seconds
2026-04-11 15:47:57,066 - isca - DEBUG - Integration completed through   343 days     0 seconds
2026-04-11 15:48:40,682 - isca - DEBUG - Integration completed through   344 days     0 seconds
2026-04-11 15:49:25,047 - isca - DEBUG - Integration completed through   345 days     0 seconds
2026-04-11 15:50:10,596 - isca - DEBUG - Integration completed through   346 days     0 seconds
2026-04-11 15:50:56,939 - isca - DEBUG - Integration completed through   347 days     0 seconds
2026-04-11 15:51:42,284 - isca - DEBUG - Integration completed through   348 days     0 seconds
2026-04-11 15:52:28,561 - isca - DEBUG - Integration completed through   349 days     0 seconds
2026-04-11 15:53:14,878 - isca - DEBUG - Integration completed through   350 days     0 seconds
2026-04-11 15:54:00,896 - isca - DEBUG - Integration completed through   351 days     0 seconds
2026-04-11 15:54:45,733 - isca - DEBUG - Integration completed through   352 days     0 seconds
2026-04-11 15:55:30,844 - isca - DEBUG - Integration completed through   353 days     0 seconds
2026-04-11 15:56:15,630 - isca - DEBUG - Integration completed through   354 days     0 seconds
2026-04-11 15:56:59,968 - isca - DEBUG - Integration completed through   355 days     0 seconds
2026-04-11 15:57:44,406 - isca - DEBUG - Integration completed through   356 days     0 seconds
2026-04-11 15:58:30,232 - isca - DEBUG - Integration completed through   357 days     0 seconds
2026-04-11 15:59:16,457 - isca - DEBUG - Integration completed through   358 days     0 seconds
2026-04-11 16:00:01,917 - isca - DEBUG - Integration completed through   359 days     0 seconds
2026-04-11 16:00:46,031 - isca - DEBUG - Integration completed through   360 days     0 seconds
2026-04-11 16:00:46,037 - isca - DEBUG - 
2026-04-11 16:00:46,037 - isca - WARNING - WARNING from PE    0: diag_util_mod::opening_file: module/field_name (socrates/soc_toa_sw_down_clr) NOT registered
2026-04-11 16:00:46,037 - isca - DEBUG - 
2026-04-11 16:00:46,037 - isca - DEBUG - 
2026-04-11 16:00:46,038 - isca - WARNING - WARNING from PE    0: diag_util_mod::opening_file: module/field_name (socrates/soc_toa_sw_down_clr) NOT registered
2026-04-11 16:00:46,038 - isca - DEBUG - 
2026-04-11 16:00:46,038 - isca - DEBUG - 
2026-04-11 16:00:46,038 - isca - WARNING - WARNING from PE    0: diag_util_mod::opening_file: module/field_name (cloud_simple/rh_min) NOT registered
2026-04-11 16:00:46,038 - isca - DEBUG - 
2026-04-11 16:00:46,038 - isca - DEBUG - 
2026-04-11 16:00:46,038 - isca - WARNING - WARNING from PE    0: diag_util_mod::opening_file: module/field_name (cloud_simple/rh_min) NOT registered
2026-04-11 16:00:46,038 - isca - DEBUG - 
2026-04-11 16:00:46,245 - isca - DEBUG - NOTE from PE    0: MPP_IO_SET_STACK_SIZE: stack size set to     393216.
2026-04-11 16:00:46,405 - isca - DEBUG - MPP_DOMAINS_STACK high water mark=       49152
2026-04-11 16:00:46,405 - isca - DEBUG - 
2026-04-11 16:00:46,405 - isca - DEBUG - Tabulating mpp_clock statistics across     16 PEs...
2026-04-11 16:00:46,405 - isca - DEBUG - 
2026-04-11 16:00:46,405 - isca - DEBUG - tmin          tmax          tavg          tstd  tfrac grain pemin pemax
2026-04-11 16:00:46,406 - isca - DEBUG - Total runtime                      1353.303892   1353.308339   1353.305840      0.001403  1.000     0     0    15
2026-04-11 16:00:46,406 - isca - DEBUG - MPP_STACK high water mark=           0
2026-04-11 16:00:46,596 - isca - INFO - Run 12 complete
2026-04-11 16:00:47,714 - isca - DEBUG - atmos_monthly.nc combined and copied to data directory
2026-04-11 16:00:51,801 - isca - INFO - Restart archive created at /proj/bolinc/users/x_ryabo/Isca-Ryan_outputs/14_5_1570_as007_Sun/restarts/res0012.tar.gz
2026-04-11 16:00:51,816 - isca - INFO - Writing namelist to '/proj/bolinc/users/x_ryabo/Isca-Ryan_outputs/14_5_1570_as007_Sun/run0012/input.nml'
2026-04-11 16:00:51,819 - isca - INFO - Writing field_table to '/proj/bolinc/users/x_ryabo/Isca-Ryan_outputs/14_5_1570_as007_Sun/run0012/field_table'
2026-04-11 16:00:51,834 - isca - INFO - Writing diag_table to '/proj/bolinc/users/x_ryabo/Isca-Ryan_outputs/14_5_1570_as007_Sun/run0012/diag_table'
2026-04-11 16:00:52,260 - isca - INFO - Emptied run directory '/home/x_ryabo/Isca-Ryan_tmp/experiment/14_5_1570_as007_Sun/run'
2026-04-11 16:00:52,289 - isca - INFO - Emptied run directory '/home/x_ryabo/Isca-Ryan_tmp/experiment/14_5_1570_as007_Sun/run'
2026-04-11 16:00:52,701 - isca - INFO - Writing namelist to '/home/x_ryabo/Isca-Ryan_tmp/experiment/14_5_1570_as007_Sun/run/input.nml'
2026-04-11 16:00:52,704 - isca - INFO - Writing field_table to '/home/x_ryabo/Isca-Ryan_tmp/experiment/14_5_1570_as007_Sun/run/field_table'
2026-04-11 16:00:52,720 - isca - INFO - Writing diag_table to '/home/x_ryabo/Isca-Ryan_tmp/experiment/14_5_1570_as007_Sun/run/diag_table'
2026-04-11 16:00:52,739 - isca - INFO - Using restart file '/proj/bolinc/users/x_ryabo/Isca-Ryan_outputs/14_5_1570_as007_Sun/restarts/res0012.tar.gz'
2026-04-11 16:00:53,254 - isca - INFO - Restart /proj/bolinc/users/x_ryabo/Isca-Ryan_outputs/14_5_1570_as007_Sun/restarts/res0012.tar.gz extracted to /home/x_ryabo/Isca-Ryan_tmp/experiment/14_5_1570_as007_Sun/run/INPUT
2026-04-11 16:00:53,256 - isca - INFO - Beginning run 13
2026-04-11 16:00:53,272 - isca - INFO - process running as 3609153
2026-04-11 16:00:53,273 - isca - DEBUG - loadmodules for Isca on NSC cluster Tetralith
2026-04-11 16:00:53,273 - isca - DEBUG - mpiifort
2026-04-11 16:00:53,415 - isca - DEBUG - The following modules were not unloaded:
2026-04-11 16:00:53,415 - isca - DEBUG - (Use "module --force purge" to unload all):
2026-04-11 16:00:53,415 - isca - DEBUG - 
2026-04-11 16:00:53,415 - isca - DEBUG - 1) hpc/.1.10.1
2026-04-11 16:00:53,542 - isca - DEBUG - ***************************************************
2026-04-11 16:00:53,542 - isca - DEBUG - You have loaded a buildenv module
2026-04-11 16:00:53,543 - isca - DEBUG - ***************************************************
2026-04-11 16:00:53,543 - isca - DEBUG - The buldenv-intel module makes available:
2026-04-11 16:00:53,543 - isca - DEBUG - - Compilers: icc, ifort, etc.
2026-04-11 16:00:53,543 - isca - DEBUG - - Mpi library with mpi-wrapped compilers: intel mpi with mpicc, mpifort, etc.
2026-04-11 16:00:53,543 - isca - DEBUG - - Numerical libraries: intel MKL
2026-04-11 16:00:53,543 - isca - DEBUG - 
2026-04-11 16:00:53,543 - isca - DEBUG - It also makes a set of dependency library modules available via
2026-04-11 16:00:53,543 - isca - DEBUG - the regular module command. Just do:
2026-04-11 16:00:53,543 - isca - DEBUG - module avail
2026-04-11 16:00:53,543 - isca - DEBUG - to see what is available.
2026-04-11 16:00:53,543 - isca - DEBUG - 
2026-04-11 16:00:53,543 - isca - DEBUG - NOTE: You shoud never load build environments inside submitted jobs.
2026-04-11 16:00:53,543 - isca - DEBUG - (with the single exception of when using supercomputer time to compile code.)
2026-04-11 16:00:53,543 - isca - DEBUG - 
2026-04-11 16:00:54,828 - isca - DEBUG - NOTE from PE    0: MPP_DOMAINS_SET_STACK_SIZE: stack size set to    32768.
2026-04-11 16:00:54,828 - isca - DEBUG - &MPP_IO_NML
2026-04-11 16:00:54,828 - isca - DEBUG - HEADER_BUFFER_VAL       =       16384,
2026-04-11 16:00:54,828 - isca - DEBUG - GLOBAL_FIELD_ON_ROOT_PE = T,
2026-04-11 16:00:54,828 - isca - DEBUG - IO_CLOCKS_ON    = F,
2026-04-11 16:00:54,828 - isca - DEBUG - SHUFFLE =           0,
2026-04-11 16:00:54,828 - isca - DEBUG - DEFLATE_LEVEL   =          -1
2026-04-11 16:00:54,828 - isca - DEBUG - /
2026-04-11 16:00:54,830 - isca - DEBUG - NOTE from PE    0: MPP_IO_SET_STACK_SIZE: stack size set to     131072.
2026-04-11 16:00:54,830 - isca - DEBUG - NOTE from PE    0: MPP_DOMAINS_SET_STACK_SIZE: stack size set to   600000.
2026-04-11 16:00:54,839 - isca - DEBUG - starting            1  OpenMP threads per MPI-task
2026-04-11 16:00:54,841 - isca - DEBUG - ATMOS MODEL DOMAIN DECOMPOSITION
2026-04-11 16:00:54,841 - isca - DEBUG - X-AXIS =  128
2026-04-11 16:00:54,841 - isca - DEBUG - Y-AXIS =    4   4   4   4   4   4   4   4   4   4   4   4   4   4   4   4
2026-04-11 16:00:54,907 - isca - DEBUG - 
2026-04-11 16:00:54,907 - isca - WARNING - WARNING from PE   14: socrates_init: dt_rad does not fit into one day an integer number of times
2026-04-11 16:00:54,907 - isca - DEBUG - 
2026-04-11 16:00:54,907 - isca - DEBUG - 
2026-04-11 16:00:54,908 - isca - WARNING - WARNING from PE   11: socrates_init: dt_rad does not fit into one day an integer number of times
2026-04-11 16:00:54,908 - isca - DEBUG - 
2026-04-11 16:00:54,911 - isca - DEBUG - 
2026-04-11 16:00:54,911 - isca - WARNING - WARNING from PE    6: socrates_init: dt_rad does not fit into one day an integer number of times
2026-04-11 16:00:54,911 - isca - DEBUG - 
2026-04-11 16:00:54,911 - isca - DEBUG - NOTE from PE    0: cloud_simple: Using SimCloud cloud scheme
2026-04-11 16:00:54,912 - isca - DEBUG - 
2026-04-11 16:00:54,912 - isca - WARNING - WARNING from PE    9: socrates_init: dt_rad does not fit into one day an integer number of times
2026-04-11 16:00:54,912 - isca - DEBUG - 
2026-04-11 16:00:54,913 - isca - DEBUG - NOTE from PE    0: ls_cloud: Using Sundqvist (1989) cloud fraction diagnostic formula.
2026-04-11 16:00:54,913 - isca - DEBUG - NOTE from PE    0: cloud_cover: The cloud overlap assumption is MAXIMUM-RANDOM
2026-04-11 16:00:54,913 - isca - DEBUG - NOTE from PE    0: idealized_moist_phys: Using Frierson Quasi-Equilibrium convection scheme.
2026-04-11 16:00:54,923 - isca - DEBUG - 
2026-04-11 16:00:54,923 - isca - WARNING - WARNING from PE    0: socrates_init: dt_rad does not fit into one day an integer number of times
2026-04-11 16:00:54,923 - isca - DEBUG - 
2026-04-11 16:00:54,923 - isca - DEBUG - 
2026-04-11 16:00:54,923 - isca - WARNING - WARNING from PE    0: socrates_init: dt_rad does not fit into one day an integer number of times
2026-04-11 16:00:54,923 - isca - DEBUG - 
2026-04-11 16:00:54,923 - isca - DEBUG - 
2026-04-11 16:00:54,923 - isca - WARNING - WARNING from PE    0: socrates_init: lw_hires_spectral_filename is unset, making equal to lw_spectral_filename
2026-04-11 16:00:54,923 - isca - DEBUG - 
2026-04-11 16:00:54,923 - isca - DEBUG - 
2026-04-11 16:00:54,923 - isca - WARNING - WARNING from PE    0: socrates_init: lw_hires_spectral_filename is unset, making equal to lw_spectral_filename
2026-04-11 16:00:54,923 - isca - DEBUG - 
2026-04-11 16:00:54,923 - isca - DEBUG - 
2026-04-11 16:00:54,923 - isca - WARNING - WARNING from PE    0: socrates_init: sw_hires_spectral_filename is unset, making equal to sw_spectral_filename
2026-04-11 16:00:54,924 - isca - DEBUG - 
2026-04-11 16:00:54,924 - isca - DEBUG - 
2026-04-11 16:00:54,924 - isca - WARNING - WARNING from PE    0: socrates_init: sw_hires_spectral_filename is unset, making equal to sw_spectral_filename
2026-04-11 16:00:54,924 - isca - DEBUG - 
2026-04-11 16:00:54,926 - isca - DEBUG - 
2026-04-11 16:00:54,927 - isca - DEBUG - 
2026-04-11 16:00:54,927 - isca - WARNING - WARNING from PE    5: socrates_init: dt_rad does not fit into one day an integer number of times
2026-04-11 16:00:54,927 - isca - DEBUG - 
2026-04-11 16:00:54,927 - isca - DEBUG - 
2026-04-11 16:00:54,927 - isca - WARNING - WARNING from PE    1: socrates_init: dt_rad does not fit into one day an integer number of times
2026-04-11 16:00:54,927 - isca - DEBUG - 
2026-04-11 16:00:54,927 - isca - DEBUG - 
2026-04-11 16:00:54,927 - isca - WARNING - WARNING from PE    7: socrates_init: dt_rad does not fit into one day an integer number of times
2026-04-11 16:00:54,927 - isca - DEBUG - 
2026-04-11 16:00:54,927 - isca - DEBUG - 
2026-04-11 16:00:54,927 - isca - WARNING - WARNING from PE    2: socrates_init: dt_rad does not fit into one day an integer number of times
2026-04-11 16:00:54,927 - isca - DEBUG - 
2026-04-11 16:00:54,927 - isca - WARNING - WARNING from PE    4: socrates_init: dt_rad does not fit into one day an integer number of times
2026-04-11 16:00:54,927 - isca - DEBUG - 
2026-04-11 16:00:54,927 - isca - DEBUG - 
2026-04-11 16:00:54,927 - isca - WARNING - WARNING from PE    3: socrates_init: dt_rad does not fit into one day an integer number of times
2026-04-11 16:00:54,927 - isca - DEBUG - 
2026-04-11 16:00:54,928 - isca - DEBUG - 
2026-04-11 16:00:54,928 - isca - WARNING - WARNING from PE   12: socrates_init: dt_rad does not fit into one day an integer number of times
2026-04-11 16:00:54,928 - isca - DEBUG - 
2026-04-11 16:00:54,928 - isca - DEBUG - 
2026-04-11 16:00:54,928 - isca - WARNING - WARNING from PE    8: socrates_init: dt_rad does not fit into one day an integer number of times
2026-04-11 16:00:54,928 - isca - DEBUG - 
2026-04-11 16:00:54,928 - isca - DEBUG - 
2026-04-11 16:00:54,928 - isca - WARNING - WARNING from PE   13: socrates_init: dt_rad does not fit into one day an integer number of times
2026-04-11 16:00:54,928 - isca - DEBUG - 
2026-04-11 16:00:54,929 - isca - DEBUG - 
2026-04-11 16:00:54,929 - isca - WARNING - WARNING from PE   10: socrates_init: dt_rad does not fit into one day an integer number of times
2026-04-11 16:00:54,929 - isca - DEBUG - 
2026-04-11 16:00:54,930 - isca - DEBUG - 
2026-04-11 16:00:54,930 - isca - WARNING - WARNING from PE   15: socrates_init: dt_rad does not fit into one day an integer number of times
2026-04-11 16:00:54,930 - isca - DEBUG - 
2026-04-11 16:00:56,252 - isca - DEBUG - NOTE from PE    0: Interpolator: Using input file with no time dimension - ozone_1990_notime_zero.nc
2026-04-11 16:00:56,253 - isca - DEBUG - Initializing src field : ozone_1990
2026-04-11 16:00:56,255 - isca - DEBUG - 
2026-04-11 16:00:56,255 - isca - DEBUG - -----------------------------------
2026-04-11 16:00:56,255 - isca - DEBUG - ____                       _
2026-04-11 16:00:56,255 - isca - DEBUG - / ___|  ___   ___ _ __ __ _| |_ ___  ___
2026-04-11 16:00:56,255 - isca - DEBUG - \___ \ / _ \ / __|  __/ _` | __/ _ \/ __|
2026-04-11 16:00:56,255 - isca - DEBUG - ___) | (_) | (__| | | (_| | ||  __/\__ \
2026-04-11 16:00:56,255 - isca - DEBUG - |____/ \___/ \___|_|  \__,_|\__\___||___/
2026-04-11 16:00:56,255 - isca - DEBUG - 
2026-04-11 16:00:56,255 - isca - DEBUG - Initialised Socrates v17.03
2026-04-11 16:00:56,255 - isca - DEBUG - Stellar constant =    1570.00000000000
2026-04-11 16:00:56,255 - isca - DEBUG - Longwave spectral file =
2026-04-11 16:00:56,255 - isca - DEBUG - /proj/bolinc/users/x_ryabo/socrates_edited_for_isca/spectral_files_for_GCMs/Sun
2026-04-11 16:00:56,255 - isca - DEBUG - /miniSuran_lw.sf WITH           16  bands
2026-04-11 16:00:56,255 - isca - DEBUG - Longwave hires spectral file =
2026-04-11 16:00:56,255 - isca - DEBUG - /proj/bolinc/users/x_ryabo/socrates_edited_for_isca/spectral_files_for_GCMs/Sun
2026-04-11 16:00:56,255 - isca - DEBUG - /miniSuran_lw.sf WITH           16  bands
2026-04-11 16:00:56,256 - isca - DEBUG - Shortwave spectral file =
2026-04-11 16:00:56,256 - isca - DEBUG - /proj/bolinc/users/x_ryabo/socrates_edited_for_isca/spectral_files_for_GCMs/Sun
2026-04-11 16:00:56,256 - isca - DEBUG - /miniSuran_sw.sf WITH           16  bands
2026-04-11 16:00:56,256 - isca - DEBUG - Shortwave hires spectral file =
2026-04-11 16:00:56,256 - isca - DEBUG - /proj/bolinc/users/x_ryabo/socrates_edited_for_isca/spectral_files_for_GCMs/Sun
2026-04-11 16:00:56,256 - isca - DEBUG - /miniSuran_sw.sf WITH           16  bands
2026-04-11 16:00:56,256 - isca - DEBUG - 
2026-04-11 16:00:56,256 - isca - DEBUG - -----------------------------------
2026-04-11 16:00:56,256 - isca - DEBUG - 
2026-04-11 16:01:41,106 - isca - DEBUG - Integration completed through   361 days     0 seconds
2026-04-11 16:02:25,248 - isca - DEBUG - Integration completed through   362 days     0 seconds
2026-04-11 16:03:08,854 - isca - DEBUG - Integration completed through   363 days     0 seconds
2026-04-11 16:03:54,388 - isca - DEBUG - Integration completed through   364 days     0 seconds
2026-04-11 16:04:37,756 - isca - DEBUG - Integration completed through   365 days     0 seconds
2026-04-11 16:05:23,203 - isca - DEBUG - Integration completed through   366 days     0 seconds
2026-04-11 16:06:07,451 - isca - DEBUG - Integration completed through   367 days     0 seconds
2026-04-11 16:06:52,212 - isca - DEBUG - Integration completed through   368 days     0 seconds
2026-04-11 16:07:38,149 - isca - DEBUG - Integration completed through   369 days     0 seconds
2026-04-11 16:08:22,895 - isca - DEBUG - Integration completed through   370 days     0 seconds
2026-04-11 16:09:07,082 - isca - DEBUG - Integration completed through   371 days     0 seconds
2026-04-11 16:09:35,636 - isca - DEBUG - 
2026-04-11 16:09:35,636 - isca - WARNING - WARNING from PE   11: diag_manager_mod::send_data_3d: A value for dynamics in field ucomp (Min:  -1.49065E+002, Max:   4.04760E+002) is outside the range [ -4.00000E+002,  4.00000E+002].
2026-04-11 16:09:35,636 - isca - DEBUG - 
2026-04-11 16:09:35,665 - isca - DEBUG - 
2026-04-11 16:09:35,665 - isca - WARNING - WARNING from PE   11: diag_manager_mod::send_data_3d: A value for dynamics in field ucomp (Min:  -1.44398E+002, Max:   4.08876E+002) is outside the range [ -4.00000E+002,  4.00000E+002].
2026-04-11 16:09:35,665 - isca - DEBUG - 
2026-04-11 16:09:35,694 - isca - DEBUG - 
2026-04-11 16:09:35,694 - isca - WARNING - WARNING from PE   11: diag_manager_mod::send_data_3d: A value for dynamics in field ucomp (Min:  -1.37682E+002, Max:   4.09645E+002) is outside the range [ -4.00000E+002,  4.00000E+002].
2026-04-11 16:09:35,694 - isca - DEBUG - 
2026-04-11 16:09:35,723 - isca - DEBUG - 
2026-04-11 16:09:35,723 - isca - WARNING - WARNING from PE   11: diag_manager_mod::send_data_3d: A value for dynamics in field ucomp (Min:  -1.28834E+002, Max:   4.06499E+002) is outside the range [ -4.00000E+002,  4.00000E+002].
2026-04-11 16:09:35,723 - isca - DEBUG - 
2026-04-11 16:09:35,867 - isca - DEBUG - 
2026-04-11 16:09:35,868 - isca - WARNING - WARNING from PE   11: diag_manager_mod::send_data_3d: A value for dynamics in field ucomp (Min:  -1.20577E+002, Max:   4.02514E+002) is outside the range [ -4.00000E+002,  4.00000E+002].
2026-04-11 16:09:35,868 - isca - DEBUG - 
2026-04-11 16:09:35,896 - isca - DEBUG - 
2026-04-11 16:09:35,897 - isca - WARNING - WARNING from PE   11: diag_manager_mod::send_data_3d: A value for dynamics in field ucomp (Min:  -1.20743E+002, Max:   4.06825E+002) is outside the range [ -4.00000E+002,  4.00000E+002].
2026-04-11 16:09:35,897 - isca - DEBUG - 
2026-04-11 16:09:35,925 - isca - DEBUG - 
2026-04-11 16:09:35,926 - isca - WARNING - WARNING from PE   11: diag_manager_mod::send_data_3d: A value for dynamics in field ucomp (Min:  -1.18854E+002, Max:   4.07062E+002) is outside the range [ -4.00000E+002,  4.00000E+002].
2026-04-11 16:09:35,926 - isca - DEBUG - 
2026-04-11 16:09:35,954 - isca - DEBUG - 
2026-04-11 16:09:35,955 - isca - WARNING - WARNING from PE   11: diag_manager_mod::send_data_3d: A value for dynamics in field ucomp (Min:  -1.14959E+002, Max:   4.03418E+002) is outside the range [ -4.00000E+002,  4.00000E+002].
2026-04-11 16:09:35,955 - isca - DEBUG - 
2026-04-11 16:09:37,465 - isca - DEBUG - 
2026-04-11 16:09:37,465 - isca - WARNING - WARNING from PE   11: diag_manager_mod::send_data_3d: A value for dynamics in field ucomp (Min:  -9.87135E+001, Max:   4.03448E+002) is outside the range [ -4.00000E+002,  4.00000E+002].
2026-04-11 16:09:37,465 - isca - DEBUG - 
2026-04-11 16:09:37,494 - isca - DEBUG - 
2026-04-11 16:09:37,494 - isca - WARNING - WARNING from PE   11: diag_manager_mod::send_data_3d: A value for dynamics in field ucomp (Min:  -9.96268E+001, Max:   4.11516E+002) is outside the range [ -4.00000E+002,  4.00000E+002].
2026-04-11 16:09:37,494 - isca - DEBUG - 
2026-04-11 16:09:37,523 - isca - DEBUG - 
2026-04-11 16:09:37,523 - isca - WARNING - WARNING from PE   11: diag_manager_mod::send_data_3d: A value for dynamics in field ucomp (Min:  -1.00390E+002, Max:   4.16135E+002) is outside the range [ -4.00000E+002,  4.00000E+002].
2026-04-11 16:09:37,523 - isca - DEBUG - 
2026-04-11 16:09:37,552 - isca - DEBUG - 
2026-04-11 16:09:37,552 - isca - WARNING - WARNING from PE   11: diag_manager_mod::send_data_3d: A value for dynamics in field ucomp (Min:  -1.01403E+002, Max:   4.17039E+002) is outside the range [ -4.00000E+002,  4.00000E+002].
2026-04-11 16:09:37,552 - isca - DEBUG - 
2026-04-11 16:09:37,581 - isca - DEBUG - 
2026-04-11 16:09:37,581 - isca - WARNING - WARNING from PE   11: diag_manager_mod::send_data_3d: A value for dynamics in field ucomp (Min:  -1.02815E+002, Max:   4.14385E+002) is outside the range [ -4.00000E+002,  4.00000E+002].
2026-04-11 16:09:37,581 - isca - DEBUG - 
2026-04-11 16:09:37,609 - isca - DEBUG - 
2026-04-11 16:09:37,610 - isca - WARNING - WARNING from PE   11: diag_manager_mod::send_data_3d: A value for dynamics in field ucomp (Min:  -1.04155E+002, Max:   4.08057E+002) is outside the range [ -4.00000E+002,  4.00000E+002].
2026-04-11 16:09:37,610 - isca - DEBUG - 
2026-04-11 16:09:37,754 - isca - DEBUG - 
2026-04-11 16:09:37,754 - isca - WARNING - WARNING from PE   11: diag_manager_mod::send_data_3d: A value for dynamics in field ucomp (Min:  -1.09330E+002, Max:   4.04792E+002) is outside the range [ -4.00000E+002,  4.00000E+002].
2026-04-11 16:09:37,754 - isca - DEBUG - 
2026-04-11 16:09:37,783 - isca - DEBUG - 
2026-04-11 16:09:37,783 - isca - WARNING - WARNING from PE   11: diag_manager_mod::send_data_3d: A value for dynamics in field ucomp (Min:  -1.09944E+002, Max:   4.06956E+002) is outside the range [ -4.00000E+002,  4.00000E+002].
2026-04-11 16:09:37,783 - isca - DEBUG - 
2026-04-11 16:09:37,812 - isca - DEBUG - 
2026-04-11 16:09:37,813 - isca - WARNING - WARNING from PE   11: diag_manager_mod::send_data_3d: A value for dynamics in field ucomp (Min:  -1.10399E+002, Max:   4.05589E+002) is outside the range [ -4.00000E+002,  4.00000E+002].
2026-04-11 16:09:37,813 - isca - DEBUG - 
2026-04-11 16:09:37,841 - isca - DEBUG - 
2026-04-11 16:09:37,841 - isca - WARNING - WARNING from PE   11: diag_manager_mod::send_data_3d: A value for dynamics in field ucomp (Min:  -1.10663E+002, Max:   4.00823E+002) is outside the range [ -4.00000E+002,  4.00000E+002].
2026-04-11 16:09:37,842 - isca - DEBUG - 
2026-04-11 16:09:43,324 - isca - DEBUG - 
2026-04-11 16:09:43,324 - isca - WARNING - WARNING from PE    9: diag_manager_mod::send_data_3d: A value for dynamics in field ucomp (Min:  -1.17662E+002, Max:   4.02391E+002) is outside the range [ -4.00000E+002,  4.00000E+002].
2026-04-11 16:09:43,324 - isca - DEBUG - 
2026-04-11 16:09:43,353 - isca - DEBUG - 
2026-04-11 16:09:43,353 - isca - WARNING - WARNING from PE    9: diag_manager_mod::send_data_3d: A value for dynamics in field ucomp (Min:  -1.17513E+002, Max:   4.02204E+002) is outside the range [ -4.00000E+002,  4.00000E+002].
2026-04-11 16:09:43,353 - isca - DEBUG - 
2026-04-11 16:09:43,477 - isca - DEBUG - 
2026-04-11 16:09:43,478 - isca - WARNING - WARNING from PE    9: diag_manager_mod::send_data_3d: A value for dynamics in field ucomp (Min:  -1.14059E+002, Max:   4.09001E+002) is outside the range [ -4.00000E+002,  4.00000E+002].
2026-04-11 16:09:43,478 - isca - DEBUG - 
2026-04-11 16:09:43,512 - isca - DEBUG - 
2026-04-11 16:09:43,512 - isca - WARNING - WARNING from PE    9: diag_manager_mod::send_data_3d: A value for dynamics in field ucomp (Min:  -1.17024E+002, Max:   4.20332E+002) is outside the range [ -4.00000E+002,  4.00000E+002].
2026-04-11 16:09:43,513 - isca - DEBUG - 
2026-04-11 16:09:43,547 - isca - DEBUG - 
2026-04-11 16:09:43,547 - isca - WARNING - WARNING from PE    9: diag_manager_mod::send_data_3d: A value for dynamics in field ucomp (Min:  -1.20591E+002, Max:   4.28228E+002) is outside the range [ -4.00000E+002,  4.00000E+002].
2026-04-11 16:09:43,547 - isca - DEBUG - 
2026-04-11 16:09:43,582 - isca - DEBUG - 
2026-04-11 16:09:43,583 - isca - WARNING - WARNING from PE    9: diag_manager_mod::send_data_3d: A value for dynamics in field ucomp (Min:  -1.23023E+002, Max:   4.32495E+002) is outside the range [ -4.00000E+002,  4.00000E+002].
2026-04-11 16:09:43,583 - isca - DEBUG - 
2026-04-11 16:09:43,618 - isca - DEBUG - 
2026-04-11 16:09:43,618 - isca - WARNING - WARNING from PE    9: diag_manager_mod::send_data_3d: A value for dynamics in field ucomp (Min:  -1.24094E+002, Max:   4.33037E+002) is outside the range [ -4.00000E+002,  4.00000E+002].
2026-04-11 16:09:43,618 - isca - DEBUG - 
2026-04-11 16:09:43,653 - isca - DEBUG - 
2026-04-11 16:09:43,653 - isca - WARNING - WARNING from PE    9: diag_manager_mod::send_data_3d: A value for dynamics in field ucomp (Min:  -1.24714E+002, Max:   4.29858E+002) is outside the range [ -4.00000E+002,  4.00000E+002].
2026-04-11 16:09:43,653 - isca - DEBUG - 
2026-04-11 16:09:43,688 - isca - DEBUG - 
2026-04-11 16:09:43,689 - isca - WARNING - WARNING from PE    9: diag_manager_mod::send_data_3d: A value for dynamics in field ucomp (Min:  -1.24426E+002, Max:   4.23164E+002) is outside the range [ -4.00000E+002,  4.00000E+002].
2026-04-11 16:09:43,689 - isca - DEBUG - 
2026-04-11 16:09:44,624 - isca - DEBUG - 
2026-04-11 16:09:44,624 - isca - WARNING - WARNING from PE    9: diag_manager_mod::send_data_3d: A value for dynamics in field ucomp (Min:  -1.22962E+002, Max:   4.13157E+002) is outside the range [ -4.00000E+002,  4.00000E+002].
2026-04-11 16:09:44,624 - isca - DEBUG - 
2026-04-11 16:09:44,653 - isca - DEBUG - 
2026-04-11 16:09:44,653 - isca - WARNING - WARNING from PE    9: diag_manager_mod::send_data_3d: A value for dynamics in field ucomp (Min:  -1.20248E+002, Max:   4.00279E+002) is outside the range [ -4.00000E+002,  4.00000E+002].
2026-04-11 16:09:44,653 - isca - DEBUG - 
2026-04-11 16:09:46,504 - isca - DEBUG - 
2026-04-11 16:09:46,505 - isca - WARNING - WARNING from PE    8: diag_manager_mod::send_data_3d: A value for dynamics in field ucomp (Min:  -1.40629E+002, Max:   4.02331E+002) is outside the range [ -4.00000E+002,  4.00000E+002].
2026-04-11 16:09:46,505 - isca - DEBUG - 
2026-04-11 16:09:46,532 - isca - DEBUG - 
2026-04-11 16:09:46,533 - isca - WARNING - WARNING from PE    8: diag_manager_mod::send_data_3d: A value for dynamics in field ucomp (Min:  -1.41079E+002, Max:   4.05613E+002) is outside the range [ -4.00000E+002,  4.00000E+002].
2026-04-11 16:09:46,533 - isca - DEBUG - 
2026-04-11 16:09:46,561 - isca - DEBUG - 
2026-04-11 16:09:46,561 - isca - WARNING - WARNING from PE    8: diag_manager_mod::send_data_3d: A value for dynamics in field ucomp (Min:  -1.41324E+002, Max:   4.06381E+002) is outside the range [ -4.00000E+002,  4.00000E+002].
2026-04-11 16:09:46,561 - isca - DEBUG - 
2026-04-11 16:09:46,589 - isca - DEBUG - 
2026-04-11 16:09:46,589 - isca - WARNING - WARNING from PE    8: diag_manager_mod::send_data_3d: A value for dynamics in field ucomp (Min:  -1.41389E+002, Max:   4.04320E+002) is outside the range [ -4.00000E+002,  4.00000E+002].
2026-04-11 16:09:46,589 - isca - DEBUG - 
2026-04-11 16:09:50,990 - isca - DEBUG - Integration completed through   372 days     0 seconds
2026-04-11 16:09:52,830 - isca - DEBUG - 
2026-04-11 16:09:52,830 - isca - WARNING - WARNING from PE    8: diag_manager_mod::send_data_3d: A value for dynamics in field ucomp (Min:  -1.06396E+002, Max:   4.03754E+002) is outside the range [ -4.00000E+002,  4.00000E+002].
2026-04-11 16:09:52,830 - isca - DEBUG - 
2026-04-11 16:09:52,861 - isca - DEBUG - 
2026-04-11 16:09:52,861 - isca - WARNING - WARNING from PE    8: diag_manager_mod::send_data_3d: A value for dynamics in field ucomp (Min:  -1.06092E+002, Max:   4.10069E+002) is outside the range [ -4.00000E+002,  4.00000E+002].
2026-04-11 16:09:52,861 - isca - DEBUG - 
2026-04-11 16:09:53,796 - isca - DEBUG - 
2026-04-11 16:09:53,796 - isca - WARNING - WARNING from PE    8: diag_manager_mod::send_data_3d: A value for dynamics in field ucomp (Min:  -1.05505E+002, Max:   4.13690E+002) is outside the range [ -4.00000E+002,  4.00000E+002].
2026-04-11 16:09:53,796 - isca - DEBUG - 
2026-04-11 16:09:53,830 - isca - DEBUG - 
2026-04-11 16:09:53,830 - isca - WARNING - WARNING from PE    8: diag_manager_mod::send_data_3d: A value for dynamics in field ucomp (Min:  -1.04577E+002, Max:   4.16494E+002) is outside the range [ -4.00000E+002,  4.00000E+002].
2026-04-11 16:09:53,830 - isca - DEBUG - 
2026-04-11 16:09:53,865 - isca - DEBUG - 
2026-04-11 16:09:53,865 - isca - WARNING - WARNING from PE    8: diag_manager_mod::send_data_3d: A value for dynamics in field ucomp (Min:  -1.03303E+002, Max:   4.17349E+002) is outside the range [ -4.00000E+002,  4.00000E+002].
2026-04-11 16:09:53,865 - isca - DEBUG - 
2026-04-11 16:09:53,900 - isca - DEBUG - 
2026-04-11 16:09:53,900 - isca - WARNING - WARNING from PE    8: diag_manager_mod::send_data_3d: A value for dynamics in field ucomp (Min:  -1.01638E+002, Max:   4.14244E+002) is outside the range [ -4.00000E+002,  4.00000E+002].
2026-04-11 16:09:53,900 - isca - DEBUG - 
2026-04-11 16:09:54,014 - isca - DEBUG - 
2026-04-11 16:09:54,014 - isca - WARNING - WARNING from PE    8: diag_manager_mod::send_data_3d: A value for dynamics in field ucomp (Min:  -9.96000E+001, Max:   4.07120E+002) is outside the range [ -4.00000E+002,  4.00000E+002].
2026-04-11 16:09:54,014 - isca - DEBUG - 
2026-04-11 16:09:54,049 - isca - DEBUG - 
2026-04-11 16:09:54,049 - isca - WARNING - WARNING from PE    8: diag_manager_mod::send_data_3d: A value for dynamics in field ucomp (Min:  -9.92376E+001, Max:   4.00657E+002) is outside the range [ -4.00000E+002,  4.00000E+002].
2026-04-11 16:09:54,049 - isca - DEBUG - 
2026-04-11 16:09:54,084 - isca - DEBUG - 
2026-04-11 16:09:54,084 - isca - WARNING - WARNING from PE    8: diag_manager_mod::send_data_3d: A value for dynamics in field ucomp (Min:  -9.88802E+001, Max:   4.15243E+002) is outside the range [ -4.00000E+002,  4.00000E+002].
2026-04-11 16:09:54,084 - isca - DEBUG - 
2026-04-11 16:09:54,119 - isca - DEBUG - 
2026-04-11 16:09:54,120 - isca - WARNING - WARNING from PE    8: diag_manager_mod::send_data_3d: A value for dynamics in field ucomp (Min:  -9.84747E+001, Max:   4.26862E+002) is outside the range [ -4.00000E+002,  4.00000E+002].
2026-04-11 16:09:54,120 - isca - DEBUG - 
2026-04-11 16:09:54,155 - isca - DEBUG - 
2026-04-11 16:09:54,155 - isca - WARNING - WARNING from PE    8: diag_manager_mod::send_data_3d: A value for dynamics in field ucomp (Min:  -9.85561E+001, Max:   4.35208E+002) is outside the range [ -4.00000E+002,  4.00000E+002].
2026-04-11 16:09:54,155 - isca - DEBUG - 
2026-04-11 16:09:54,192 - isca - DEBUG - 
2026-04-11 16:09:54,192 - isca - WARNING - WARNING from PE    8: diag_manager_mod::send_data_3d: A value for dynamics in field ucomp (Min:  -9.86382E+001, Max:   4.41876E+002) is outside the range [ -4.00000E+002,  4.00000E+002].
2026-04-11 16:09:54,192 - isca - DEBUG - 
2026-04-11 16:09:54,228 - isca - DEBUG - 
2026-04-11 16:09:54,228 - isca - WARNING - WARNING from PE    8: diag_manager_mod::send_data_3d: A value for dynamics in field ucomp (Min:  -9.87047E+001, Max:   4.44974E+002) is outside the range [ -4.00000E+002,  4.00000E+002].
2026-04-11 16:09:54,228 - isca - DEBUG - 
2026-04-11 16:09:54,264 - isca - DEBUG - 
2026-04-11 16:09:54,264 - isca - WARNING - WARNING from PE    8: diag_manager_mod::send_data_3d: A value for dynamics in field ucomp (Min:  -9.87960E+001, Max:   4.43597E+002) is outside the range [ -4.00000E+002,  4.00000E+002].
2026-04-11 16:09:54,264 - isca - DEBUG - 
2026-04-11 16:09:54,297 - isca - DEBUG - 
2026-04-11 16:09:54,297 - isca - WARNING - WARNING from PE    8: diag_manager_mod::send_data_3d: A value for dynamics in field ucomp (Min:  -9.88930E+001, Max:   4.37861E+002) is outside the range [ -4.00000E+002,  4.00000E+002].
2026-04-11 16:09:54,297 - isca - DEBUG - 
2026-04-11 16:09:54,326 - isca - DEBUG - 
2026-04-11 16:09:54,326 - isca - WARNING - WARNING from PE    8: diag_manager_mod::send_data_3d: A value for dynamics in field ucomp (Min:  -9.90273E+001, Max:   4.27984E+002) is outside the range [ -4.00000E+002,  4.00000E+002].
2026-04-11 16:09:54,326 - isca - DEBUG - 
2026-04-11 16:09:54,355 - isca - DEBUG - 
2026-04-11 16:09:54,355 - isca - WARNING - WARNING from PE    8: diag_manager_mod::send_data_3d: A value for dynamics in field ucomp (Min:  -9.91783E+001, Max:   4.14357E+002) is outside the range [ -4.00000E+002,  4.00000E+002].
2026-04-11 16:09:54,355 - isca - DEBUG - 
2026-04-11 16:09:54,384 - isca - DEBUG - 
2026-04-11 16:09:54,384 - isca - WARNING - WARNING from PE    8: diag_manager_mod::send_data_3d: A value for dynamics in field ucomp (Min:  -9.93662E+001, Max:   4.23702E+002) is outside the range [ -4.00000E+002,  4.00000E+002].
2026-04-11 16:09:54,384 - isca - DEBUG - 
2026-04-11 16:09:54,413 - isca - DEBUG - 
2026-04-11 16:09:54,413 - isca - WARNING - WARNING from PE    8: diag_manager_mod::send_data_3d: A value for dynamics in field ucomp (Min:  -9.95693E+001, Max:   4.37326E+002) is outside the range [ -4.00000E+002,  4.00000E+002].
2026-04-11 16:09:54,413 - isca - DEBUG - 
2026-04-11 16:09:54,442 - isca - DEBUG - 
2026-04-11 16:09:54,443 - isca - WARNING - WARNING from PE    8: diag_manager_mod::send_data_3d: A value for dynamics in field ucomp (Min:  -9.97949E+001, Max:   4.46811E+002) is outside the range [ -4.00000E+002,  4.00000E+002].
2026-04-11 16:09:54,443 - isca - DEBUG - 
2026-04-11 16:09:54,472 - isca - DEBUG - 
2026-04-11 16:09:54,472 - isca - WARNING - WARNING from PE    8: diag_manager_mod::send_data_3d: A value for dynamics in field ucomp (Min:  -1.00020E+002, Max:   4.52034E+002) is outside the range [ -4.00000E+002,  4.00000E+002].
2026-04-11 16:09:54,472 - isca - DEBUG - 
2026-04-11 16:09:54,501 - isca - DEBUG - 
2026-04-11 16:09:54,501 - isca - WARNING - WARNING from PE    8: diag_manager_mod::send_data_3d: A value for dynamics in field ucomp (Min:  -1.00241E+002, Max:   4.53072E+002) is outside the range [ -4.00000E+002,  4.00000E+002].
2026-04-11 16:09:54,501 - isca - DEBUG - 
2026-04-11 16:09:54,530 - isca - DEBUG - 
2026-04-11 16:09:54,530 - isca - WARNING - WARNING from PE    8: diag_manager_mod::send_data_3d: A value for dynamics in field ucomp (Min:  -1.00431E+002, Max:   4.50092E+002) is outside the range [ -4.00000E+002,  4.00000E+002].
2026-04-11 16:09:54,530 - isca - DEBUG - 
2026-04-11 16:09:54,559 - isca - DEBUG - 
2026-04-11 16:09:54,560 - isca - WARNING - WARNING from PE    8: diag_manager_mod::send_data_3d: A value for dynamics in field ucomp (Min:  -1.00576E+002, Max:   4.43423E+002) is outside the range [ -4.00000E+002,  4.00000E+002].
2026-04-11 16:09:54,560 - isca - DEBUG - 
2026-04-11 16:09:54,589 - isca - DEBUG - 
2026-04-11 16:09:54,589 - isca - WARNING - WARNING from PE    8: diag_manager_mod::send_data_3d: A value for dynamics in field ucomp (Min:  -1.00648E+002, Max:   4.33472E+002) is outside the range [ -4.00000E+002,  4.00000E+002].
2026-04-11 16:09:54,589 - isca - DEBUG - 
2026-04-11 16:09:54,618 - isca - DEBUG - 
2026-04-11 16:09:54,618 - isca - WARNING - WARNING from PE    8: diag_manager_mod::send_data_3d: A value for dynamics in field ucomp (Min:  -1.00623E+002, Max:   4.20749E+002) is outside the range [ -4.00000E+002,  4.00000E+002].
2026-04-11 16:09:54,618 - isca - DEBUG - 
2026-04-11 16:09:54,647 - isca - DEBUG - 
2026-04-11 16:09:54,647 - isca - WARNING - WARNING from PE    8: diag_manager_mod::send_data_3d: A value for dynamics in field ucomp (Min:  -1.00473E+002, Max:   4.05807E+002) is outside the range [ -4.00000E+002,  4.00000E+002].
2026-04-11 16:09:54,647 - isca - DEBUG - 
2026-04-11 16:09:54,676 - isca - DEBUG - 
2026-04-11 16:09:54,676 - isca - WARNING - WARNING from PE    8: diag_manager_mod::send_data_3d: A value for dynamics in field ucomp (Min:  -1.00169E+002, Max:   4.13972E+002) is outside the range [ -4.00000E+002,  4.00000E+002].
2026-04-11 16:09:54,676 - isca - DEBUG - 
2026-04-11 16:09:54,706 - isca - DEBUG - 
2026-04-11 16:09:54,707 - isca - WARNING - WARNING from PE    8: diag_manager_mod::send_data_3d: A value for dynamics in field ucomp (Min:  -9.96816E+001, Max:   4.22377E+002) is outside the range [ -4.00000E+002,  4.00000E+002].
2026-04-11 16:09:54,707 - isca - DEBUG - 
2026-04-11 16:09:54,738 - isca - DEBUG - 
2026-04-11 16:09:54,738 - isca - WARNING - WARNING from PE    8: diag_manager_mod::send_data_3d: A value for dynamics in field ucomp (Min:  -9.89809E+001, Max:   4.27520E+002) is outside the range [ -4.00000E+002,  4.00000E+002].
2026-04-11 16:09:54,738 - isca - DEBUG - 
2026-04-11 16:09:54,767 - isca - DEBUG - 
2026-04-11 16:09:54,767 - isca - WARNING - WARNING from PE    8: diag_manager_mod::send_data_3d: A value for dynamics in field ucomp (Min:  -9.83038E+001, Max:   4.29691E+002) is outside the range [ -4.00000E+002,  4.00000E+002].
2026-04-11 16:09:54,767 - isca - DEBUG - 
2026-04-11 16:09:54,796 - isca - DEBUG - 
2026-04-11 16:09:54,796 - isca - WARNING - WARNING from PE    8: diag_manager_mod::send_data_3d: A value for dynamics in field ucomp (Min:  -9.88311E+001, Max:   4.29184E+002) is outside the range [ -4.00000E+002,  4.00000E+002].
2026-04-11 16:09:54,796 - isca - DEBUG - 
2026-04-11 16:09:55,726 - isca - DEBUG - 
2026-04-11 16:09:55,726 - isca - WARNING - WARNING from PE    8: diag_manager_mod::send_data_3d: A value for dynamics in field ucomp (Min:  -1.01774E+002, Max:   4.26434E+002) is outside the range [ -4.00000E+002,  4.00000E+002].
2026-04-11 16:09:55,726 - isca - DEBUG - 
2026-04-11 16:09:55,760 - isca - DEBUG - 
2026-04-11 16:09:55,760 - isca - WARNING - WARNING from PE    8: diag_manager_mod::send_data_3d: A value for dynamics in field ucomp (Min:  -1.04088E+002, Max:   4.21831E+002) is outside the range [ -4.00000E+002,  4.00000E+002].
2026-04-11 16:09:55,760 - isca - DEBUG - 
2026-04-11 16:09:55,794 - isca - DEBUG - 
2026-04-11 16:09:55,794 - isca - WARNING - WARNING from PE    8: diag_manager_mod::send_data_3d: A value for dynamics in field ucomp (Min:  -1.05627E+002, Max:   4.15852E+002) is outside the range [ -4.00000E+002,  4.00000E+002].
2026-04-11 16:09:55,795 - isca - DEBUG - 
2026-04-11 16:09:55,829 - isca - DEBUG - 
2026-04-11 16:09:55,829 - isca - WARNING - WARNING from PE    8: diag_manager_mod::send_data_3d: A value for dynamics in field ucomp (Min:  -1.06205E+002, Max:   4.08868E+002) is outside the range [ -4.00000E+002,  4.00000E+002].
2026-04-11 16:09:55,829 - isca - DEBUG - 
2026-04-11 16:09:55,863 - isca - DEBUG - 
2026-04-11 16:09:55,863 - isca - WARNING - WARNING from PE    8: diag_manager_mod::send_data_3d: A value for dynamics in field ucomp (Min:  -1.05701E+002, Max:   4.01291E+002) is outside the range [ -4.00000E+002,  4.00000E+002].
2026-04-11 16:09:55,863 - isca - DEBUG - 
2026-04-11 16:09:56,166 - isca - DEBUG - 
2026-04-11 16:09:56,167 - isca - WARNING - WARNING from PE    8: diag_manager_mod::send_data_3d: A value for dynamics in field ucomp (Min:  -1.32897E+002, Max:   4.05479E+002) is outside the range [ -4.00000E+002,  4.00000E+002].
2026-04-11 16:09:56,167 - isca - DEBUG - 
2026-04-11 16:09:56,196 - isca - DEBUG - 
2026-04-11 16:09:56,196 - isca - WARNING - WARNING from PE    8: diag_manager_mod::send_data_3d: A value for dynamics in field ucomp (Min:  -1.35175E+002, Max:   4.10950E+002) is outside the range [ -4.00000E+002,  4.00000E+002].
2026-04-11 16:09:56,196 - isca - DEBUG - 
2026-04-11 16:09:56,225 - isca - DEBUG - 
2026-04-11 16:09:56,225 - isca - WARNING - WARNING from PE    8: diag_manager_mod::send_data_3d: A value for dynamics in field ucomp (Min:  -1.36415E+002, Max:   4.15654E+002) is outside the range [ -4.00000E+002,  4.00000E+002].
2026-04-11 16:09:56,225 - isca - DEBUG - 
2026-04-11 16:09:56,254 - isca - DEBUG - 
2026-04-11 16:09:56,254 - isca - WARNING - WARNING from PE    8: diag_manager_mod::send_data_3d: A value for dynamics in field ucomp (Min:  -1.36517E+002, Max:   4.19208E+002) is outside the range [ -4.00000E+002,  4.00000E+002].
2026-04-11 16:09:56,254 - isca - DEBUG - 
2026-04-11 16:09:56,283 - isca - DEBUG - 
2026-04-11 16:09:56,283 - isca - WARNING - WARNING from PE    8: diag_manager_mod::send_data_3d: A value for dynamics in field ucomp (Min:  -1.35370E+002, Max:   4.21296E+002) is outside the range [ -4.00000E+002,  4.00000E+002].
2026-04-11 16:09:56,284 - isca - DEBUG - 
2026-04-11 16:09:56,313 - isca - DEBUG - 
2026-04-11 16:09:56,313 - isca - WARNING - WARNING from PE    8: diag_manager_mod::send_data_3d: A value for dynamics in field ucomp (Min:  -1.32914E+002, Max:   4.21502E+002) is outside the range [ -4.00000E+002,  4.00000E+002].
2026-04-11 16:09:56,313 - isca - DEBUG - 
2026-04-11 16:09:56,342 - isca - DEBUG - 
2026-04-11 16:09:56,342 - isca - WARNING - WARNING from PE    8: diag_manager_mod::send_data_3d: A value for dynamics in field ucomp (Min:  -1.29100E+002, Max:   4.19494E+002) is outside the range [ -4.00000E+002,  4.00000E+002].
2026-04-11 16:09:56,342 - isca - DEBUG - 
2026-04-11 16:09:56,371 - isca - DEBUG - 
2026-04-11 16:09:56,371 - isca - WARNING - WARNING from PE    8: diag_manager_mod::send_data_3d: A value for dynamics in field ucomp (Min:  -1.23917E+002, Max:   4.14938E+002) is outside the range [ -4.00000E+002,  4.00000E+002].
2026-04-11 16:09:56,372 - isca - DEBUG - 
2026-04-11 16:09:56,401 - isca - DEBUG - 
2026-04-11 16:09:56,401 - isca - WARNING - WARNING from PE    8: diag_manager_mod::send_data_3d: A value for dynamics in field ucomp (Min:  -1.18085E+002, Max:   4.07599E+002) is outside the range [ -4.00000E+002,  4.00000E+002].
2026-04-11 16:09:56,401 - isca - DEBUG - 
2026-04-11 16:09:56,488 - isca - DEBUG - 
2026-04-11 16:09:56,488 - isca - WARNING - WARNING from PE    8: diag_manager_mod::send_data_3d: A value for dynamics in field ucomp (Min:  -1.31891E+002, Max:   4.10315E+002) is outside the range [ -4.00000E+002,  4.00000E+002].
2026-04-11 16:09:56,488 - isca - DEBUG - 
2026-04-11 16:09:56,517 - isca - DEBUG - 
2026-04-11 16:09:56,518 - isca - WARNING - WARNING from PE    8: diag_manager_mod::send_data_3d: A value for dynamics in field ucomp (Min:  -1.36809E+002, Max:   4.21751E+002) is outside the range [ -4.00000E+002,  4.00000E+002].
2026-04-11 16:09:56,518 - isca - DEBUG - 
2026-04-11 16:09:56,548 - isca - DEBUG - 
2026-04-11 16:09:56,548 - isca - WARNING - WARNING from PE    8: diag_manager_mod::send_data_3d: A value for dynamics in field ucomp (Min:  -1.40965E+002, Max:   4.30330E+002) is outside the range [ -4.00000E+002,  4.00000E+002].
2026-04-11 16:09:56,548 - isca - DEBUG - 
2026-04-11 16:09:56,579 - isca - DEBUG - 
2026-04-11 16:09:56,579 - isca - WARNING - WARNING from PE    8: diag_manager_mod::send_data_3d: A value for dynamics in field ucomp (Min:  -1.44202E+002, Max:   4.35647E+002) is outside the range [ -4.00000E+002,  4.00000E+002].
2026-04-11 16:09:56,579 - isca - DEBUG - 
2026-04-11 16:09:56,608 - isca - DEBUG - 
2026-04-11 16:09:56,608 - isca - WARNING - WARNING from PE    8: diag_manager_mod::send_data_3d: A value for dynamics in field ucomp (Min:  -1.46436E+002, Max:   4.37499E+002) is outside the range [ -4.00000E+002,  4.00000E+002].
2026-04-11 16:09:56,608 - isca - DEBUG - 
2026-04-11 16:09:56,637 - isca - DEBUG - 
2026-04-11 16:09:56,638 - isca - WARNING - WARNING from PE    8: diag_manager_mod::send_data_3d: A value for dynamics in field ucomp (Min:  -1.47554E+002, Max:   4.35692E+002) is outside the range [ -4.00000E+002,  4.00000E+002].
2026-04-11 16:09:56,638 - isca - DEBUG - 
2026-04-11 16:09:57,573 - isca - DEBUG - 
2026-04-11 16:09:57,573 - isca - WARNING - WARNING from PE    8: diag_manager_mod::send_data_3d: A value for dynamics in field ucomp (Min:  -1.47512E+002, Max:   4.30236E+002) is outside the range [ -4.00000E+002,  4.00000E+002].
2026-04-11 16:09:57,574 - isca - DEBUG - 
2026-04-11 16:09:57,609 - isca - DEBUG - 
2026-04-11 16:09:57,609 - isca - WARNING - WARNING from PE    8: diag_manager_mod::send_data_3d: A value for dynamics in field ucomp (Min:  -1.46253E+002, Max:   4.21176E+002) is outside the range [ -4.00000E+002,  4.00000E+002].
2026-04-11 16:09:57,609 - isca - DEBUG - 
2026-04-11 16:09:57,644 - isca - DEBUG - 
2026-04-11 16:09:57,645 - isca - WARNING - WARNING from PE    8: diag_manager_mod::send_data_3d: A value for dynamics in field ucomp (Min:  -1.43783E+002, Max:   4.08741E+002) is outside the range [ -4.00000E+002,  4.00000E+002].
2026-04-11 16:09:57,645 - isca - DEBUG - 
2026-04-11 16:10:35,569 - isca - DEBUG - Integration completed through   373 days     0 seconds
2026-04-11 16:11:21,394 - isca - DEBUG - Integration completed through   374 days     0 seconds
2026-04-11 16:12:06,808 - isca - DEBUG - Integration completed through   375 days     0 seconds
2026-04-11 16:12:52,016 - isca - DEBUG - Integration completed through   376 days     0 seconds
2026-04-11 16:13:37,766 - isca - DEBUG - Integration completed through   377 days     0 seconds
2026-04-11 16:14:23,531 - isca - DEBUG - Integration completed through   378 days     0 seconds
2026-04-11 16:15:08,434 - isca - DEBUG - Integration completed through   379 days     0 seconds
2026-04-11 16:15:53,167 - isca - DEBUG - Integration completed through   380 days     0 seconds
2026-04-11 16:16:39,621 - isca - DEBUG - Integration completed through   381 days     0 seconds
2026-04-11 16:17:25,306 - isca - DEBUG - Integration completed through   382 days     0 seconds
2026-04-11 16:18:10,799 - isca - DEBUG - Integration completed through   383 days     0 seconds
2026-04-11 16:18:55,961 - isca - DEBUG - Integration completed through   384 days     0 seconds
2026-04-11 16:19:40,506 - isca - DEBUG - Integration completed through   385 days     0 seconds
2026-04-11 16:20:25,744 - isca - DEBUG - Integration completed through   386 days     0 seconds
2026-04-11 16:21:11,529 - isca - DEBUG - Integration completed through   387 days     0 seconds
2026-04-11 16:21:56,816 - isca - DEBUG - Integration completed through   388 days     0 seconds
2026-04-11 16:22:41,085 - isca - DEBUG - Integration completed through   389 days     0 seconds
2026-04-11 16:23:24,507 - isca - DEBUG - Integration completed through   390 days     0 seconds
2026-04-11 16:23:24,535 - isca - DEBUG - 
2026-04-11 16:23:24,536 - isca - WARNING - WARNING from PE    0: diag_util_mod::opening_file: module/field_name (socrates/soc_toa_sw_down_clr) NOT registered
2026-04-11 16:23:24,536 - isca - DEBUG - 
2026-04-11 16:23:24,536 - isca - DEBUG - 
2026-04-11 16:23:24,536 - isca - WARNING - WARNING from PE    0: diag_util_mod::opening_file: module/field_name (socrates/soc_toa_sw_down_clr) NOT registered
2026-04-11 16:23:24,536 - isca - DEBUG - 
2026-04-11 16:23:24,536 - isca - DEBUG - 
2026-04-11 16:23:24,536 - isca - WARNING - WARNING from PE    0: diag_util_mod::opening_file: module/field_name (cloud_simple/rh_min) NOT registered
2026-04-11 16:23:24,536 - isca - DEBUG - 
2026-04-11 16:23:24,536 - isca - DEBUG - 
2026-04-11 16:23:24,536 - isca - WARNING - WARNING from PE    0: diag_util_mod::opening_file: module/field_name (cloud_simple/rh_min) NOT registered
2026-04-11 16:23:24,536 - isca - DEBUG - 
2026-04-11 16:23:24,547 - isca - DEBUG - NOTE from PE    0: MPP_IO_SET_STACK_SIZE: stack size set to     393216.
2026-04-11 16:23:24,662 - isca - DEBUG - MPP_DOMAINS_STACK high water mark=       49152
2026-04-11 16:23:24,663 - isca - DEBUG - 
2026-04-11 16:23:24,663 - isca - DEBUG - Tabulating mpp_clock statistics across     16 PEs...
2026-04-11 16:23:24,663 - isca - DEBUG - 
2026-04-11 16:23:24,663 - isca - DEBUG - tmin          tmax          tavg          tstd  tfrac grain pemin pemax
2026-04-11 16:23:24,663 - isca - DEBUG - Total runtime                      1349.831527   1349.838234   1349.834929      0.001959  1.000     0     0    15
2026-04-11 16:23:24,663 - isca - DEBUG - MPP_STACK high water mark=           0
2026-04-11 16:23:24,760 - isca - INFO - Run 13 complete
2026-04-11 16:23:25,889 - isca - DEBUG - atmos_monthly.nc combined and copied to data directory
2026-04-11 16:23:29,969 - isca - INFO - Restart archive created at /proj/bolinc/users/x_ryabo/Isca-Ryan_outputs/14_5_1570_as007_Sun/restarts/res0013.tar.gz
2026-04-11 16:23:29,987 - isca - INFO - Writing namelist to '/proj/bolinc/users/x_ryabo/Isca-Ryan_outputs/14_5_1570_as007_Sun/run0013/input.nml'
2026-04-11 16:23:29,989 - isca - INFO - Writing field_table to '/proj/bolinc/users/x_ryabo/Isca-Ryan_outputs/14_5_1570_as007_Sun/run0013/field_table'
2026-04-11 16:23:30,005 - isca - INFO - Writing diag_table to '/proj/bolinc/users/x_ryabo/Isca-Ryan_outputs/14_5_1570_as007_Sun/run0013/diag_table'
2026-04-11 16:23:30,580 - isca - INFO - Emptied run directory '/home/x_ryabo/Isca-Ryan_tmp/experiment/14_5_1570_as007_Sun/run'
2026-04-11 16:23:30,614 - isca - INFO - Emptied run directory '/home/x_ryabo/Isca-Ryan_tmp/experiment/14_5_1570_as007_Sun/run'
2026-04-11 16:23:31,018 - isca - INFO - Writing namelist to '/home/x_ryabo/Isca-Ryan_tmp/experiment/14_5_1570_as007_Sun/run/input.nml'
2026-04-11 16:23:31,021 - isca - INFO - Writing field_table to '/home/x_ryabo/Isca-Ryan_tmp/experiment/14_5_1570_as007_Sun/run/field_table'
2026-04-11 16:23:31,037 - isca - INFO - Writing diag_table to '/home/x_ryabo/Isca-Ryan_tmp/experiment/14_5_1570_as007_Sun/run/diag_table'
2026-04-11 16:23:31,060 - isca - INFO - Using restart file '/proj/bolinc/users/x_ryabo/Isca-Ryan_outputs/14_5_1570_as007_Sun/restarts/res0013.tar.gz'
2026-04-11 16:23:31,572 - isca - INFO - Restart /proj/bolinc/users/x_ryabo/Isca-Ryan_outputs/14_5_1570_as007_Sun/restarts/res0013.tar.gz extracted to /home/x_ryabo/Isca-Ryan_tmp/experiment/14_5_1570_as007_Sun/run/INPUT
2026-04-11 16:23:31,574 - isca - INFO - Beginning run 14
2026-04-11 16:23:31,589 - isca - INFO - process running as 3610675
2026-04-11 16:23:31,589 - isca - DEBUG - loadmodules for Isca on NSC cluster Tetralith
2026-04-11 16:23:31,590 - isca - DEBUG - mpiifort
2026-04-11 16:23:31,735 - isca - DEBUG - The following modules were not unloaded:
2026-04-11 16:23:31,735 - isca - DEBUG - (Use "module --force purge" to unload all):
2026-04-11 16:23:31,735 - isca - DEBUG - 
2026-04-11 16:23:31,735 - isca - DEBUG - 1) hpc/.1.10.1
2026-04-11 16:23:31,863 - isca - DEBUG - ***************************************************
2026-04-11 16:23:31,863 - isca - DEBUG - You have loaded a buildenv module
2026-04-11 16:23:31,863 - isca - DEBUG - ***************************************************
2026-04-11 16:23:31,863 - isca - DEBUG - The buldenv-intel module makes available:
2026-04-11 16:23:31,863 - isca - DEBUG - - Compilers: icc, ifort, etc.
2026-04-11 16:23:31,863 - isca - DEBUG - - Mpi library with mpi-wrapped compilers: intel mpi with mpicc, mpifort, etc.
2026-04-11 16:23:31,863 - isca - DEBUG - - Numerical libraries: intel MKL
2026-04-11 16:23:31,863 - isca - DEBUG - 
2026-04-11 16:23:31,863 - isca - DEBUG - It also makes a set of dependency library modules available via
2026-04-11 16:23:31,863 - isca - DEBUG - the regular module command. Just do:
2026-04-11 16:23:31,863 - isca - DEBUG - module avail
2026-04-11 16:23:31,863 - isca - DEBUG - to see what is available.
2026-04-11 16:23:31,863 - isca - DEBUG - 
2026-04-11 16:23:31,863 - isca - DEBUG - NOTE: You shoud never load build environments inside submitted jobs.
2026-04-11 16:23:31,863 - isca - DEBUG - (with the single exception of when using supercomputer time to compile code.)
2026-04-11 16:23:31,863 - isca - DEBUG - 
2026-04-11 16:23:33,135 - isca - DEBUG - NOTE from PE    0: MPP_DOMAINS_SET_STACK_SIZE: stack size set to    32768.
2026-04-11 16:23:33,136 - isca - DEBUG - &MPP_IO_NML
2026-04-11 16:23:33,136 - isca - DEBUG - HEADER_BUFFER_VAL       =       16384,
2026-04-11 16:23:33,136 - isca - DEBUG - GLOBAL_FIELD_ON_ROOT_PE = T,
2026-04-11 16:23:33,136 - isca - DEBUG - IO_CLOCKS_ON    = F,
2026-04-11 16:23:33,136 - isca - DEBUG - SHUFFLE =           0,
2026-04-11 16:23:33,136 - isca - DEBUG - DEFLATE_LEVEL   =          -1
2026-04-11 16:23:33,136 - isca - DEBUG - /
2026-04-11 16:23:33,137 - isca - DEBUG - NOTE from PE    0: MPP_IO_SET_STACK_SIZE: stack size set to     131072.
2026-04-11 16:23:33,139 - isca - DEBUG - NOTE from PE    0: MPP_DOMAINS_SET_STACK_SIZE: stack size set to   600000.
2026-04-11 16:23:33,148 - isca - DEBUG - starting            1  OpenMP threads per MPI-task
2026-04-11 16:23:33,150 - isca - DEBUG - ATMOS MODEL DOMAIN DECOMPOSITION
2026-04-11 16:23:33,150 - isca - DEBUG - X-AXIS =  128
2026-04-11 16:23:33,150 - isca - DEBUG - Y-AXIS =    4   4   4   4   4   4   4   4   4   4   4   4   4   4   4   4
2026-04-11 16:23:33,216 - isca - DEBUG - 
2026-04-11 16:23:33,217 - isca - WARNING - WARNING from PE    9: socrates_init: dt_rad does not fit into one day an integer number of times
2026-04-11 16:23:33,217 - isca - DEBUG - 
2026-04-11 16:23:33,218 - isca - DEBUG - NOTE from PE    0: cloud_simple: Using SimCloud cloud scheme
2026-04-11 16:23:33,219 - isca - DEBUG - NOTE from PE    0: ls_cloud: Using Sundqvist (1989) cloud fraction diagnostic formula.
2026-04-11 16:23:33,220 - isca - DEBUG - NOTE from PE    0: cloud_cover: The cloud overlap assumption is MAXIMUM-RANDOM
2026-04-11 16:23:33,220 - isca - DEBUG - NOTE from PE    0: idealized_moist_phys: Using Frierson Quasi-Equilibrium convection scheme.
2026-04-11 16:23:33,223 - isca - DEBUG - 
2026-04-11 16:23:33,223 - isca - WARNING - WARNING from PE    6: socrates_init: dt_rad does not fit into one day an integer number of times
2026-04-11 16:23:33,223 - isca - DEBUG - 
2026-04-11 16:23:33,223 - isca - DEBUG - 
2026-04-11 16:23:33,223 - isca - WARNING - WARNING from PE    7: socrates_init: dt_rad does not fit into one day an integer number of times
2026-04-11 16:23:33,223 - isca - DEBUG - 
2026-04-11 16:23:33,225 - isca - DEBUG - 
2026-04-11 16:23:33,225 - isca - WARNING - WARNING from PE    2: socrates_init: dt_rad does not fit into one day an integer number of times
2026-04-11 16:23:33,225 - isca - DEBUG - 
2026-04-11 16:23:33,227 - isca - DEBUG - 
2026-04-11 16:23:33,227 - isca - DEBUG - 
2026-04-11 16:23:33,227 - isca - WARNING - WARNING from PE    8: socrates_init: dt_rad does not fit into one day an integer number of times
2026-04-11 16:23:33,227 - isca - DEBUG - 
2026-04-11 16:23:33,227 - isca - WARNING - WARNING from PE   10: socrates_init: dt_rad does not fit into one day an integer number of times
2026-04-11 16:23:33,227 - isca - DEBUG - 
2026-04-11 16:23:33,229 - isca - DEBUG - 
2026-04-11 16:23:33,229 - isca - WARNING - WARNING from PE    0: socrates_init: dt_rad does not fit into one day an integer number of times
2026-04-11 16:23:33,230 - isca - DEBUG - 
2026-04-11 16:23:33,230 - isca - DEBUG - 
2026-04-11 16:23:33,230 - isca - DEBUG - 
2026-04-11 16:23:33,230 - isca - WARNING - WARNING from PE   12: socrates_init: dt_rad does not fit into one day an integer number of times
2026-04-11 16:23:33,230 - isca - DEBUG - 
2026-04-11 16:23:33,230 - isca - DEBUG - 
2026-04-11 16:23:33,230 - isca - WARNING - WARNING from PE   13: socrates_init: dt_rad does not fit into one day an integer number of times
2026-04-11 16:23:33,230 - isca - DEBUG - 
2026-04-11 16:23:33,230 - isca - WARNING - WARNING from PE    0: socrates_init: dt_rad does not fit into one day an integer number of times
2026-04-11 16:23:33,230 - isca - DEBUG - 
2026-04-11 16:23:33,230 - isca - DEBUG - 
2026-04-11 16:23:33,230 - isca - WARNING - WARNING from PE    0: socrates_init: lw_hires_spectral_filename is unset, making equal to lw_spectral_filename
2026-04-11 16:23:33,230 - isca - DEBUG - 
2026-04-11 16:23:33,230 - isca - DEBUG - 
2026-04-11 16:23:33,230 - isca - WARNING - WARNING from PE    0: socrates_init: lw_hires_spectral_filename is unset, making equal to lw_spectral_filename
2026-04-11 16:23:33,230 - isca - DEBUG - 
2026-04-11 16:23:33,230 - isca - DEBUG - 
2026-04-11 16:23:33,230 - isca - WARNING - WARNING from PE    0: socrates_init: sw_hires_spectral_filename is unset, making equal to sw_spectral_filename
2026-04-11 16:23:33,230 - isca - DEBUG - 
2026-04-11 16:23:33,230 - isca - WARNING - WARNING from PE   15: socrates_init: dt_rad does not fit into one day an integer number of times
2026-04-11 16:23:33,230 - isca - DEBUG - 
2026-04-11 16:23:33,230 - isca - DEBUG - 
2026-04-11 16:23:33,230 - isca - DEBUG - 
2026-04-11 16:23:33,230 - isca - WARNING - WARNING from PE   14: socrates_init: dt_rad does not fit into one day an integer number of times
2026-04-11 16:23:33,230 - isca - DEBUG - 
2026-04-11 16:23:33,230 - isca - DEBUG - 
2026-04-11 16:23:33,231 - isca - WARNING - WARNING from PE    0: socrates_init: sw_hires_spectral_filename is unset, making equal to sw_spectral_filename
2026-04-11 16:23:33,231 - isca - DEBUG - 
2026-04-11 16:23:33,231 - isca - DEBUG - 
2026-04-11 16:23:33,231 - isca - DEBUG - 
2026-04-11 16:23:33,231 - isca - WARNING - WARNING from PE    3: socrates_init: dt_rad does not fit into one day an integer number of times
2026-04-11 16:23:33,231 - isca - DEBUG - 
2026-04-11 16:23:33,231 - isca - WARNING - WARNING from PE    1: socrates_init: dt_rad does not fit into one day an integer number of times
2026-04-11 16:23:33,231 - isca - DEBUG - 
2026-04-11 16:23:33,231 - isca - DEBUG - 
2026-04-11 16:23:33,231 - isca - WARNING - WARNING from PE    4: socrates_init: dt_rad does not fit into one day an integer number of times
2026-04-11 16:23:33,231 - isca - DEBUG - 
2026-04-11 16:23:33,231 - isca - DEBUG - 
2026-04-11 16:23:33,231 - isca - WARNING - WARNING from PE    5: socrates_init: dt_rad does not fit into one day an integer number of times
2026-04-11 16:23:33,231 - isca - DEBUG - 
2026-04-11 16:23:33,234 - isca - DEBUG - 
2026-04-11 16:23:33,235 - isca - WARNING - WARNING from PE   11: socrates_init: dt_rad does not fit into one day an integer number of times
2026-04-11 16:23:33,235 - isca - DEBUG - 
2026-04-11 16:23:34,554 - isca - DEBUG - NOTE from PE    0: Interpolator: Using input file with no time dimension - ozone_1990_notime_zero.nc
2026-04-11 16:23:34,554 - isca - DEBUG - Initializing src field : ozone_1990
2026-04-11 16:23:34,557 - isca - DEBUG - 
2026-04-11 16:23:34,557 - isca - DEBUG - -----------------------------------
2026-04-11 16:23:34,557 - isca - DEBUG - ____                       _
2026-04-11 16:23:34,557 - isca - DEBUG - / ___|  ___   ___ _ __ __ _| |_ ___  ___
2026-04-11 16:23:34,557 - isca - DEBUG - \___ \ / _ \ / __|  __/ _` | __/ _ \/ __|
2026-04-11 16:23:34,557 - isca - DEBUG - ___) | (_) | (__| | | (_| | ||  __/\__ \
2026-04-11 16:23:34,557 - isca - DEBUG - |____/ \___/ \___|_|  \__,_|\__\___||___/
2026-04-11 16:23:34,557 - isca - DEBUG - 
2026-04-11 16:23:34,557 - isca - DEBUG - Initialised Socrates v17.03
2026-04-11 16:23:34,557 - isca - DEBUG - Stellar constant =    1570.00000000000
2026-04-11 16:23:34,557 - isca - DEBUG - Longwave spectral file =
2026-04-11 16:23:34,557 - isca - DEBUG - /proj/bolinc/users/x_ryabo/socrates_edited_for_isca/spectral_files_for_GCMs/Sun
2026-04-11 16:23:34,557 - isca - DEBUG - /miniSuran_lw.sf WITH           16  bands
2026-04-11 16:23:34,557 - isca - DEBUG - Longwave hires spectral file =
2026-04-11 16:23:34,557 - isca - DEBUG - /proj/bolinc/users/x_ryabo/socrates_edited_for_isca/spectral_files_for_GCMs/Sun
2026-04-11 16:23:34,557 - isca - DEBUG - /miniSuran_lw.sf WITH           16  bands
2026-04-11 16:23:34,557 - isca - DEBUG - Shortwave spectral file =
2026-04-11 16:23:34,557 - isca - DEBUG - /proj/bolinc/users/x_ryabo/socrates_edited_for_isca/spectral_files_for_GCMs/Sun
2026-04-11 16:23:34,557 - isca - DEBUG - /miniSuran_sw.sf WITH           16  bands
2026-04-11 16:23:34,557 - isca - DEBUG - Shortwave hires spectral file =
2026-04-11 16:23:34,557 - isca - DEBUG - /proj/bolinc/users/x_ryabo/socrates_edited_for_isca/spectral_files_for_GCMs/Sun
2026-04-11 16:23:34,557 - isca - DEBUG - /miniSuran_sw.sf WITH           16  bands
2026-04-11 16:23:34,557 - isca - DEBUG - 
2026-04-11 16:23:34,557 - isca - DEBUG - -----------------------------------
2026-04-11 16:23:34,558 - isca - DEBUG - 
2026-04-11 16:24:19,865 - isca - DEBUG - Integration completed through   391 days     0 seconds
2026-04-11 16:25:05,317 - isca - DEBUG - Integration completed through   392 days     0 seconds
2026-04-11 16:25:49,773 - isca - DEBUG - Integration completed through   393 days     0 seconds
2026-04-11 16:26:35,178 - isca - DEBUG - Integration completed through   394 days     0 seconds
2026-04-11 16:27:19,938 - isca - DEBUG - Integration completed through   395 days     0 seconds
2026-04-11 16:28:05,542 - isca - DEBUG - Integration completed through   396 days     0 seconds
2026-04-11 16:28:51,112 - isca - DEBUG - Integration completed through   397 days     0 seconds
2026-04-11 16:29:35,822 - isca - DEBUG - Integration completed through   398 days     0 seconds
2026-04-11 16:30:20,159 - isca - DEBUG - Integration completed through   399 days     0 seconds
2026-04-11 16:31:04,175 - isca - DEBUG - Integration completed through   400 days     0 seconds
2026-04-11 16:31:47,501 - isca - DEBUG - Integration completed through   401 days     0 seconds
2026-04-11 16:32:32,115 - isca - DEBUG - Integration completed through   402 days     0 seconds
2026-04-11 16:33:16,724 - isca - DEBUG - Integration completed through   403 days     0 seconds
2026-04-11 16:34:01,673 - isca - DEBUG - Integration completed through   404 days     0 seconds
2026-04-11 16:34:46,974 - isca - DEBUG - Integration completed through   405 days     0 seconds
2026-04-11 16:35:32,668 - isca - DEBUG - Integration completed through   406 days     0 seconds
2026-04-11 16:36:16,914 - isca - DEBUG - Integration completed through   407 days     0 seconds
2026-04-11 16:37:00,802 - isca - DEBUG - Integration completed through   408 days     0 seconds
2026-04-11 16:37:45,272 - isca - DEBUG - Integration completed through   409 days     0 seconds
2026-04-11 16:38:31,273 - isca - DEBUG - Integration completed through   410 days     0 seconds
2026-04-11 16:39:15,550 - isca - DEBUG - Integration completed through   411 days     0 seconds
2026-04-11 16:40:00,001 - isca - DEBUG - Integration completed through   412 days     0 seconds
2026-04-11 16:40:45,215 - isca - DEBUG - Integration completed through   413 days     0 seconds
2026-04-11 16:41:31,286 - isca - DEBUG - Integration completed through   414 days     0 seconds
2026-04-11 16:42:17,280 - isca - DEBUG - Integration completed through   415 days     0 seconds
2026-04-11 16:43:03,499 - isca - DEBUG - Integration completed through   416 days     0 seconds
2026-04-11 16:43:47,446 - isca - DEBUG - Integration completed through   417 days     0 seconds
2026-04-11 16:44:33,131 - isca - DEBUG - Integration completed through   418 days     0 seconds
2026-04-11 16:45:19,354 - isca - DEBUG - Integration completed through   419 days     0 seconds
2026-04-11 16:46:04,985 - isca - DEBUG - Integration completed through   420 days     0 seconds
2026-04-11 16:46:04,994 - isca - DEBUG - 
2026-04-11 16:46:04,995 - isca - WARNING - WARNING from PE    0: diag_util_mod::opening_file: module/field_name (socrates/soc_toa_sw_down_clr) NOT registered
2026-04-11 16:46:04,995 - isca - DEBUG - 
2026-04-11 16:46:04,995 - isca - DEBUG - 
2026-04-11 16:46:04,995 - isca - WARNING - WARNING from PE    0: diag_util_mod::opening_file: module/field_name (socrates/soc_toa_sw_down_clr) NOT registered
2026-04-11 16:46:04,995 - isca - DEBUG - 
2026-04-11 16:46:04,995 - isca - DEBUG - 
2026-04-11 16:46:04,995 - isca - WARNING - WARNING from PE    0: diag_util_mod::opening_file: module/field_name (cloud_simple/rh_min) NOT registered
2026-04-11 16:46:04,995 - isca - DEBUG - 
2026-04-11 16:46:04,995 - isca - DEBUG - 
2026-04-11 16:46:04,995 - isca - WARNING - WARNING from PE    0: diag_util_mod::opening_file: module/field_name (cloud_simple/rh_min) NOT registered
2026-04-11 16:46:04,995 - isca - DEBUG - 
2026-04-11 16:46:05,006 - isca - DEBUG - NOTE from PE    0: MPP_IO_SET_STACK_SIZE: stack size set to     393216.
2026-04-11 16:46:05,121 - isca - DEBUG - MPP_DOMAINS_STACK high water mark=       49152
2026-04-11 16:46:05,122 - isca - DEBUG - 
2026-04-11 16:46:05,122 - isca - DEBUG - Tabulating mpp_clock statistics across     16 PEs...
2026-04-11 16:46:05,122 - isca - DEBUG - 
2026-04-11 16:46:05,122 - isca - DEBUG - tmin          tmax          tavg          tstd  tfrac grain pemin pemax
2026-04-11 16:46:05,122 - isca - DEBUG - Total runtime                      1351.982631   1351.990996   1351.987538      0.002317  1.000     0     0    15
2026-04-11 16:46:05,122 - isca - DEBUG - MPP_STACK high water mark=           0
2026-04-11 16:46:05,293 - isca - INFO - Run 14 complete
2026-04-11 16:46:06,386 - isca - DEBUG - atmos_monthly.nc combined and copied to data directory
2026-04-11 16:46:10,438 - isca - INFO - Restart archive created at /proj/bolinc/users/x_ryabo/Isca-Ryan_outputs/14_5_1570_as007_Sun/restarts/res0014.tar.gz
2026-04-11 16:46:10,454 - isca - INFO - Writing namelist to '/proj/bolinc/users/x_ryabo/Isca-Ryan_outputs/14_5_1570_as007_Sun/run0014/input.nml'
2026-04-11 16:46:10,457 - isca - INFO - Writing field_table to '/proj/bolinc/users/x_ryabo/Isca-Ryan_outputs/14_5_1570_as007_Sun/run0014/field_table'
2026-04-11 16:46:10,472 - isca - INFO - Writing diag_table to '/proj/bolinc/users/x_ryabo/Isca-Ryan_outputs/14_5_1570_as007_Sun/run0014/diag_table'
2026-04-11 16:46:10,899 - isca - INFO - Emptied run directory '/home/x_ryabo/Isca-Ryan_tmp/experiment/14_5_1570_as007_Sun/run'
2026-04-11 16:46:10,929 - isca - INFO - Emptied run directory '/home/x_ryabo/Isca-Ryan_tmp/experiment/14_5_1570_as007_Sun/run'
2026-04-11 16:46:11,346 - isca - INFO - Writing namelist to '/home/x_ryabo/Isca-Ryan_tmp/experiment/14_5_1570_as007_Sun/run/input.nml'
2026-04-11 16:46:11,348 - isca - INFO - Writing field_table to '/home/x_ryabo/Isca-Ryan_tmp/experiment/14_5_1570_as007_Sun/run/field_table'
2026-04-11 16:46:11,364 - isca - INFO - Writing diag_table to '/home/x_ryabo/Isca-Ryan_tmp/experiment/14_5_1570_as007_Sun/run/diag_table'
2026-04-11 16:46:11,383 - isca - INFO - Using restart file '/proj/bolinc/users/x_ryabo/Isca-Ryan_outputs/14_5_1570_as007_Sun/restarts/res0014.tar.gz'
2026-04-11 16:46:11,893 - isca - INFO - Restart /proj/bolinc/users/x_ryabo/Isca-Ryan_outputs/14_5_1570_as007_Sun/restarts/res0014.tar.gz extracted to /home/x_ryabo/Isca-Ryan_tmp/experiment/14_5_1570_as007_Sun/run/INPUT
2026-04-11 16:46:11,894 - isca - INFO - Beginning run 15
2026-04-11 16:46:11,908 - isca - INFO - process running as 3612206
2026-04-11 16:46:11,908 - isca - DEBUG - loadmodules for Isca on NSC cluster Tetralith
2026-04-11 16:46:11,912 - isca - DEBUG - mpiifort
2026-04-11 16:46:12,044 - isca - DEBUG - The following modules were not unloaded:
2026-04-11 16:46:12,044 - isca - DEBUG - (Use "module --force purge" to unload all):
2026-04-11 16:46:12,044 - isca - DEBUG - 
2026-04-11 16:46:12,044 - isca - DEBUG - 1) hpc/.1.10.1
2026-04-11 16:46:12,173 - isca - DEBUG - ***************************************************
2026-04-11 16:46:12,173 - isca - DEBUG - You have loaded a buildenv module
2026-04-11 16:46:12,173 - isca - DEBUG - ***************************************************
2026-04-11 16:46:12,173 - isca - DEBUG - The buldenv-intel module makes available:
2026-04-11 16:46:12,173 - isca - DEBUG - - Compilers: icc, ifort, etc.
2026-04-11 16:46:12,173 - isca - DEBUG - - Mpi library with mpi-wrapped compilers: intel mpi with mpicc, mpifort, etc.
2026-04-11 16:46:12,173 - isca - DEBUG - - Numerical libraries: intel MKL
2026-04-11 16:46:12,173 - isca - DEBUG - 
2026-04-11 16:46:12,173 - isca - DEBUG - It also makes a set of dependency library modules available via
2026-04-11 16:46:12,173 - isca - DEBUG - the regular module command. Just do:
2026-04-11 16:46:12,173 - isca - DEBUG - module avail
2026-04-11 16:46:12,173 - isca - DEBUG - to see what is available.
2026-04-11 16:46:12,173 - isca - DEBUG - 
2026-04-11 16:46:12,173 - isca - DEBUG - NOTE: You shoud never load build environments inside submitted jobs.
2026-04-11 16:46:12,173 - isca - DEBUG - (with the single exception of when using supercomputer time to compile code.)
2026-04-11 16:46:12,173 - isca - DEBUG - 
2026-04-11 16:46:13,464 - isca - DEBUG - NOTE from PE    0: MPP_DOMAINS_SET_STACK_SIZE: stack size set to    32768.
2026-04-11 16:46:13,464 - isca - DEBUG - &MPP_IO_NML
2026-04-11 16:46:13,464 - isca - DEBUG - HEADER_BUFFER_VAL       =       16384,
2026-04-11 16:46:13,464 - isca - DEBUG - GLOBAL_FIELD_ON_ROOT_PE = T,
2026-04-11 16:46:13,464 - isca - DEBUG - IO_CLOCKS_ON    = F,
2026-04-11 16:46:13,464 - isca - DEBUG - SHUFFLE =           0,
2026-04-11 16:46:13,465 - isca - DEBUG - DEFLATE_LEVEL   =          -1
2026-04-11 16:46:13,465 - isca - DEBUG - /
2026-04-11 16:46:13,466 - isca - DEBUG - NOTE from PE    0: MPP_IO_SET_STACK_SIZE: stack size set to     131072.
2026-04-11 16:46:13,467 - isca - DEBUG - NOTE from PE    0: MPP_DOMAINS_SET_STACK_SIZE: stack size set to   600000.
2026-04-11 16:46:13,475 - isca - DEBUG - starting            1  OpenMP threads per MPI-task
2026-04-11 16:46:13,477 - isca - DEBUG - ATMOS MODEL DOMAIN DECOMPOSITION
2026-04-11 16:46:13,477 - isca - DEBUG - X-AXIS =  128
2026-04-11 16:46:13,477 - isca - DEBUG - Y-AXIS =    4   4   4   4   4   4   4   4   4   4   4   4   4   4   4   4
2026-04-11 16:46:13,538 - isca - DEBUG - 
2026-04-11 16:46:13,539 - isca - WARNING - WARNING from PE    8: socrates_init: dt_rad does not fit into one day an integer number of times
2026-04-11 16:46:13,539 - isca - DEBUG - 
2026-04-11 16:46:13,539 - isca - DEBUG - 
2026-04-11 16:46:13,539 - isca - WARNING - WARNING from PE   11: socrates_init: dt_rad does not fit into one day an integer number of times
2026-04-11 16:46:13,539 - isca - DEBUG - 
2026-04-11 16:46:13,539 - isca - DEBUG - 
2026-04-11 16:46:13,539 - isca - DEBUG - 
2026-04-11 16:46:13,539 - isca - WARNING - WARNING from PE   15: socrates_init: dt_rad does not fit into one day an integer number of times
2026-04-11 16:46:13,539 - isca - DEBUG - 
2026-04-11 16:46:13,539 - isca - WARNING - WARNING from PE    9: socrates_init: dt_rad does not fit into one day an integer number of times
2026-04-11 16:46:13,539 - isca - DEBUG - 
2026-04-11 16:46:13,539 - isca - DEBUG - 
2026-04-11 16:46:13,539 - isca - DEBUG - NOTE from PE    0: cloud_simple: Using SimCloud cloud scheme
2026-04-11 16:46:13,539 - isca - WARNING - WARNING from PE   13: socrates_init: dt_rad does not fit into one day an integer number of times
2026-04-11 16:46:13,539 - isca - DEBUG - 
2026-04-11 16:46:13,541 - isca - DEBUG - NOTE from PE    0: ls_cloud: Using Sundqvist (1989) cloud fraction diagnostic formula.
2026-04-11 16:46:13,541 - isca - DEBUG - NOTE from PE    0: cloud_cover: The cloud overlap assumption is MAXIMUM-RANDOM
2026-04-11 16:46:13,541 - isca - DEBUG - NOTE from PE    0: idealized_moist_phys: Using Frierson Quasi-Equilibrium convection scheme.
2026-04-11 16:46:13,543 - isca - DEBUG - 
2026-04-11 16:46:13,543 - isca - WARNING - WARNING from PE    4: socrates_init: dt_rad does not fit into one day an integer number of times
2026-04-11 16:46:13,543 - isca - DEBUG - 
2026-04-11 16:46:13,543 - isca - DEBUG - 
2026-04-11 16:46:13,544 - isca - WARNING - WARNING from PE    5: socrates_init: dt_rad does not fit into one day an integer number of times
2026-04-11 16:46:13,544 - isca - DEBUG - 
2026-04-11 16:46:13,545 - isca - DEBUG - 
2026-04-11 16:46:13,545 - isca - DEBUG - 
2026-04-11 16:46:13,545 - isca - WARNING - WARNING from PE    3: socrates_init: dt_rad does not fit into one day an integer number of times
2026-04-11 16:46:13,545 - isca - DEBUG - 
2026-04-11 16:46:13,545 - isca - WARNING - WARNING from PE    1: socrates_init: dt_rad does not fit into one day an integer number of times
2026-04-11 16:46:13,545 - isca - DEBUG - 
2026-04-11 16:46:13,545 - isca - DEBUG - 
2026-04-11 16:46:13,545 - isca - WARNING - WARNING from PE    7: socrates_init: dt_rad does not fit into one day an integer number of times
2026-04-11 16:46:13,545 - isca - DEBUG - 
2026-04-11 16:46:13,546 - isca - DEBUG - 
2026-04-11 16:46:13,546 - isca - WARNING - WARNING from PE    2: socrates_init: dt_rad does not fit into one day an integer number of times
2026-04-11 16:46:13,546 - isca - DEBUG - 
2026-04-11 16:46:13,546 - isca - DEBUG - 
2026-04-11 16:46:13,546 - isca - WARNING - WARNING from PE   12: socrates_init: dt_rad does not fit into one day an integer number of times
2026-04-11 16:46:13,546 - isca - DEBUG - 
2026-04-11 16:46:13,546 - isca - DEBUG - 
2026-04-11 16:46:13,546 - isca - WARNING - WARNING from PE   14: socrates_init: dt_rad does not fit into one day an integer number of times
2026-04-11 16:46:13,546 - isca - DEBUG - 
2026-04-11 16:46:13,547 - isca - DEBUG - 
2026-04-11 16:46:13,547 - isca - WARNING - WARNING from PE   10: socrates_init: dt_rad does not fit into one day an integer number of times
2026-04-11 16:46:13,547 - isca - DEBUG - 
2026-04-11 16:46:13,548 - isca - DEBUG - 
2026-04-11 16:46:13,548 - isca - WARNING - WARNING from PE    6: socrates_init: dt_rad does not fit into one day an integer number of times
2026-04-11 16:46:13,549 - isca - DEBUG - 
2026-04-11 16:46:13,551 - isca - DEBUG - 
2026-04-11 16:46:13,551 - isca - WARNING - WARNING from PE    0: socrates_init: dt_rad does not fit into one day an integer number of times
2026-04-11 16:46:13,551 - isca - DEBUG - 
2026-04-11 16:46:13,551 - isca - DEBUG - 
2026-04-11 16:46:13,551 - isca - WARNING - WARNING from PE    0: socrates_init: dt_rad does not fit into one day an integer number of times
2026-04-11 16:46:13,551 - isca - DEBUG - 
2026-04-11 16:46:13,551 - isca - DEBUG - 
2026-04-11 16:46:13,551 - isca - WARNING - WARNING from PE    0: socrates_init: lw_hires_spectral_filename is unset, making equal to lw_spectral_filename
2026-04-11 16:46:13,551 - isca - DEBUG - 
2026-04-11 16:46:13,551 - isca - DEBUG - 
2026-04-11 16:46:13,551 - isca - WARNING - WARNING from PE    0: socrates_init: lw_hires_spectral_filename is unset, making equal to lw_spectral_filename
2026-04-11 16:46:13,551 - isca - DEBUG - 
2026-04-11 16:46:13,551 - isca - DEBUG - 
2026-04-11 16:46:13,551 - isca - WARNING - WARNING from PE    0: socrates_init: sw_hires_spectral_filename is unset, making equal to sw_spectral_filename
2026-04-11 16:46:13,551 - isca - DEBUG - 
2026-04-11 16:46:13,551 - isca - DEBUG - 
2026-04-11 16:46:13,551 - isca - WARNING - WARNING from PE    0: socrates_init: sw_hires_spectral_filename is unset, making equal to sw_spectral_filename
2026-04-11 16:46:13,551 - isca - DEBUG - 
2026-04-11 16:46:14,847 - isca - DEBUG - NOTE from PE    0: Interpolator: Using input file with no time dimension - ozone_1990_notime_zero.nc
2026-04-11 16:46:14,847 - isca - DEBUG - Initializing src field : ozone_1990
2026-04-11 16:46:14,849 - isca - DEBUG - 
2026-04-11 16:46:14,849 - isca - DEBUG - -----------------------------------
2026-04-11 16:46:14,849 - isca - DEBUG - ____                       _
2026-04-11 16:46:14,849 - isca - DEBUG - / ___|  ___   ___ _ __ __ _| |_ ___  ___
2026-04-11 16:46:14,850 - isca - DEBUG - \___ \ / _ \ / __|  __/ _` | __/ _ \/ __|
2026-04-11 16:46:14,850 - isca - DEBUG - ___) | (_) | (__| | | (_| | ||  __/\__ \
2026-04-11 16:46:14,850 - isca - DEBUG - |____/ \___/ \___|_|  \__,_|\__\___||___/
2026-04-11 16:46:14,850 - isca - DEBUG - 
2026-04-11 16:46:14,850 - isca - DEBUG - Initialised Socrates v17.03
2026-04-11 16:46:14,850 - isca - DEBUG - Stellar constant =    1570.00000000000
2026-04-11 16:46:14,850 - isca - DEBUG - Longwave spectral file =
2026-04-11 16:46:14,850 - isca - DEBUG - /proj/bolinc/users/x_ryabo/socrates_edited_for_isca/spectral_files_for_GCMs/Sun
2026-04-11 16:46:14,850 - isca - DEBUG - /miniSuran_lw.sf WITH           16  bands
2026-04-11 16:46:14,850 - isca - DEBUG - Longwave hires spectral file =
2026-04-11 16:46:14,850 - isca - DEBUG - /proj/bolinc/users/x_ryabo/socrates_edited_for_isca/spectral_files_for_GCMs/Sun
2026-04-11 16:46:14,850 - isca - DEBUG - /miniSuran_lw.sf WITH           16  bands
2026-04-11 16:46:14,850 - isca - DEBUG - Shortwave spectral file =
2026-04-11 16:46:14,850 - isca - DEBUG - /proj/bolinc/users/x_ryabo/socrates_edited_for_isca/spectral_files_for_GCMs/Sun
2026-04-11 16:46:14,850 - isca - DEBUG - /miniSuran_sw.sf WITH           16  bands
2026-04-11 16:46:14,850 - isca - DEBUG - Shortwave hires spectral file =
2026-04-11 16:46:14,850 - isca - DEBUG - /proj/bolinc/users/x_ryabo/socrates_edited_for_isca/spectral_files_for_GCMs/Sun
2026-04-11 16:46:14,850 - isca - DEBUG - /miniSuran_sw.sf WITH           16  bands
2026-04-11 16:46:14,850 - isca - DEBUG - 
2026-04-11 16:46:14,850 - isca - DEBUG - -----------------------------------
2026-04-11 16:46:14,850 - isca - DEBUG - 
2026-04-11 16:47:01,748 - isca - DEBUG - Integration completed through   421 days     0 seconds
2026-04-11 16:47:46,705 - isca - DEBUG - Integration completed through   422 days     0 seconds
2026-04-11 16:48:30,863 - isca - DEBUG - Integration completed through   423 days     0 seconds
2026-04-11 16:49:14,883 - isca - DEBUG - Integration completed through   424 days     0 seconds
2026-04-11 16:49:59,116 - isca - DEBUG - Integration completed through   425 days     0 seconds
2026-04-11 16:50:44,202 - isca - DEBUG - Integration completed through   426 days     0 seconds
2026-04-11 16:51:27,536 - isca - DEBUG - Integration completed through   427 days     0 seconds
2026-04-11 16:52:11,830 - isca - DEBUG - Integration completed through   428 days     0 seconds
2026-04-11 16:52:57,268 - isca - DEBUG - Integration completed through   429 days     0 seconds
2026-04-11 16:53:40,523 - isca - DEBUG - Integration completed through   430 days     0 seconds
2026-04-11 16:54:25,096 - isca - DEBUG - Integration completed through   431 days     0 seconds
2026-04-11 16:55:09,661 - isca - DEBUG - Integration completed through   432 days     0 seconds
2026-04-11 16:55:52,984 - isca - DEBUG - Integration completed through   433 days     0 seconds
2026-04-11 16:56:38,586 - isca - DEBUG - Integration completed through   434 days     0 seconds
2026-04-11 16:57:23,028 - isca - DEBUG - Integration completed through   435 days     0 seconds
2026-04-11 16:58:07,112 - isca - DEBUG - Integration completed through   436 days     0 seconds
2026-04-11 16:58:51,674 - isca - DEBUG - Integration completed through   437 days     0 seconds
2026-04-11 16:59:36,107 - isca - DEBUG - Integration completed through   438 days     0 seconds
2026-04-11 17:00:22,275 - isca - DEBUG - Integration completed through   439 days     0 seconds
2026-04-11 17:01:07,513 - isca - DEBUG - Integration completed through   440 days     0 seconds
2026-04-11 17:01:53,247 - isca - DEBUG - Integration completed through   441 days     0 seconds
2026-04-11 17:02:38,230 - isca - DEBUG - Integration completed through   442 days     0 seconds
2026-04-11 17:03:22,474 - isca - DEBUG - Integration completed through   443 days     0 seconds
2026-04-11 17:04:06,235 - isca - DEBUG - Integration completed through   444 days     0 seconds
2026-04-11 17:04:50,600 - isca - DEBUG - Integration completed through   445 days     0 seconds
2026-04-11 17:05:35,246 - isca - DEBUG - Integration completed through   446 days     0 seconds
2026-04-11 17:06:19,537 - isca - DEBUG - Integration completed through   447 days     0 seconds
2026-04-11 17:07:03,987 - isca - DEBUG - Integration completed through   448 days     0 seconds
2026-04-11 17:07:48,844 - isca - DEBUG - Integration completed through   449 days     0 seconds
2026-04-11 17:08:32,055 - isca - DEBUG - Integration completed through   450 days     0 seconds
2026-04-11 17:08:32,114 - isca - DEBUG - 
2026-04-11 17:08:32,115 - isca - WARNING - WARNING from PE    0: diag_util_mod::opening_file: module/field_name (socrates/soc_toa_sw_down_clr) NOT registered
2026-04-11 17:08:32,115 - isca - DEBUG - 
2026-04-11 17:08:32,115 - isca - DEBUG - 
2026-04-11 17:08:32,115 - isca - WARNING - WARNING from PE    0: diag_util_mod::opening_file: module/field_name (socrates/soc_toa_sw_down_clr) NOT registered
2026-04-11 17:08:32,115 - isca - DEBUG - 
2026-04-11 17:08:32,115 - isca - DEBUG - 
2026-04-11 17:08:32,115 - isca - WARNING - WARNING from PE    0: diag_util_mod::opening_file: module/field_name (cloud_simple/rh_min) NOT registered
2026-04-11 17:08:32,115 - isca - DEBUG - 
2026-04-11 17:08:32,115 - isca - DEBUG - 
2026-04-11 17:08:32,115 - isca - WARNING - WARNING from PE    0: diag_util_mod::opening_file: module/field_name (cloud_simple/rh_min) NOT registered
2026-04-11 17:08:32,115 - isca - DEBUG - 
2026-04-11 17:08:32,125 - isca - DEBUG - NOTE from PE    0: MPP_IO_SET_STACK_SIZE: stack size set to     393216.
2026-04-11 17:08:32,235 - isca - DEBUG - MPP_DOMAINS_STACK high water mark=       49152
2026-04-11 17:08:32,235 - isca - DEBUG - 
2026-04-11 17:08:32,236 - isca - DEBUG - Tabulating mpp_clock statistics across     16 PEs...
2026-04-11 17:08:32,236 - isca - DEBUG - 
2026-04-11 17:08:32,236 - isca - DEBUG - tmin          tmax          tavg          tstd  tfrac grain pemin pemax
2026-04-11 17:08:32,236 - isca - DEBUG - Total runtime                      1338.767503   1338.776330   1338.772640      0.002367  1.000     0     0    15
2026-04-11 17:08:32,236 - isca - DEBUG - MPP_STACK high water mark=           0
2026-04-11 17:08:32,388 - isca - INFO - Run 15 complete
2026-04-11 17:08:33,593 - isca - DEBUG - atmos_monthly.nc combined and copied to data directory
2026-04-11 17:08:37,620 - isca - INFO - Restart archive created at /proj/bolinc/users/x_ryabo/Isca-Ryan_outputs/14_5_1570_as007_Sun/restarts/res0015.tar.gz
2026-04-11 17:08:37,637 - isca - INFO - Writing namelist to '/proj/bolinc/users/x_ryabo/Isca-Ryan_outputs/14_5_1570_as007_Sun/run0015/input.nml'
2026-04-11 17:08:37,672 - isca - INFO - Writing field_table to '/proj/bolinc/users/x_ryabo/Isca-Ryan_outputs/14_5_1570_as007_Sun/run0015/field_table'
2026-04-11 17:08:37,688 - isca - INFO - Writing diag_table to '/proj/bolinc/users/x_ryabo/Isca-Ryan_outputs/14_5_1570_as007_Sun/run0015/diag_table'
2026-04-11 17:08:38,170 - isca - INFO - Emptied run directory '/home/x_ryabo/Isca-Ryan_tmp/experiment/14_5_1570_as007_Sun/run'
2026-04-11 17:08:38,200 - isca - INFO - Emptied run directory '/home/x_ryabo/Isca-Ryan_tmp/experiment/14_5_1570_as007_Sun/run'
2026-04-11 17:08:38,602 - isca - INFO - Writing namelist to '/home/x_ryabo/Isca-Ryan_tmp/experiment/14_5_1570_as007_Sun/run/input.nml'
2026-04-11 17:08:38,605 - isca - INFO - Writing field_table to '/home/x_ryabo/Isca-Ryan_tmp/experiment/14_5_1570_as007_Sun/run/field_table'
2026-04-11 17:08:38,626 - isca - INFO - Writing diag_table to '/home/x_ryabo/Isca-Ryan_tmp/experiment/14_5_1570_as007_Sun/run/diag_table'
2026-04-11 17:08:38,646 - isca - INFO - Using restart file '/proj/bolinc/users/x_ryabo/Isca-Ryan_outputs/14_5_1570_as007_Sun/restarts/res0015.tar.gz'
2026-04-11 17:08:39,156 - isca - INFO - Restart /proj/bolinc/users/x_ryabo/Isca-Ryan_outputs/14_5_1570_as007_Sun/restarts/res0015.tar.gz extracted to /home/x_ryabo/Isca-Ryan_tmp/experiment/14_5_1570_as007_Sun/run/INPUT
2026-04-11 17:08:39,158 - isca - INFO - Beginning run 16
2026-04-11 17:08:39,174 - isca - INFO - process running as 3613754
2026-04-11 17:08:39,174 - isca - DEBUG - loadmodules for Isca on NSC cluster Tetralith
2026-04-11 17:08:39,174 - isca - DEBUG - mpiifort
2026-04-11 17:08:39,316 - isca - DEBUG - The following modules were not unloaded:
2026-04-11 17:08:39,316 - isca - DEBUG - (Use "module --force purge" to unload all):
2026-04-11 17:08:39,316 - isca - DEBUG - 
2026-04-11 17:08:39,316 - isca - DEBUG - 1) hpc/.1.10.1
2026-04-11 17:08:39,443 - isca - DEBUG - ***************************************************
2026-04-11 17:08:39,443 - isca - DEBUG - You have loaded a buildenv module
2026-04-11 17:08:39,443 - isca - DEBUG - ***************************************************
2026-04-11 17:08:39,443 - isca - DEBUG - The buldenv-intel module makes available:
2026-04-11 17:08:39,443 - isca - DEBUG - - Compilers: icc, ifort, etc.
2026-04-11 17:08:39,443 - isca - DEBUG - - Mpi library with mpi-wrapped compilers: intel mpi with mpicc, mpifort, etc.
2026-04-11 17:08:39,443 - isca - DEBUG - - Numerical libraries: intel MKL
2026-04-11 17:08:39,443 - isca - DEBUG - 
2026-04-11 17:08:39,443 - isca - DEBUG - It also makes a set of dependency library modules available via
2026-04-11 17:08:39,443 - isca - DEBUG - the regular module command. Just do:
2026-04-11 17:08:39,443 - isca - DEBUG - module avail
2026-04-11 17:08:39,443 - isca - DEBUG - to see what is available.
2026-04-11 17:08:39,443 - isca - DEBUG - 
2026-04-11 17:08:39,443 - isca - DEBUG - NOTE: You shoud never load build environments inside submitted jobs.
2026-04-11 17:08:39,443 - isca - DEBUG - (with the single exception of when using supercomputer time to compile code.)
2026-04-11 17:08:39,443 - isca - DEBUG - 
2026-04-11 17:08:40,741 - isca - DEBUG - NOTE from PE    0: MPP_DOMAINS_SET_STACK_SIZE: stack size set to    32768.
2026-04-11 17:08:40,742 - isca - DEBUG - &MPP_IO_NML
2026-04-11 17:08:40,742 - isca - DEBUG - HEADER_BUFFER_VAL       =       16384,
2026-04-11 17:08:40,742 - isca - DEBUG - GLOBAL_FIELD_ON_ROOT_PE = T,
2026-04-11 17:08:40,742 - isca - DEBUG - IO_CLOCKS_ON    = F,
2026-04-11 17:08:40,742 - isca - DEBUG - SHUFFLE =           0,
2026-04-11 17:08:40,742 - isca - DEBUG - DEFLATE_LEVEL   =          -1
2026-04-11 17:08:40,742 - isca - DEBUG - /
2026-04-11 17:08:40,743 - isca - DEBUG - NOTE from PE    0: MPP_IO_SET_STACK_SIZE: stack size set to     131072.
2026-04-11 17:08:40,744 - isca - DEBUG - NOTE from PE    0: MPP_DOMAINS_SET_STACK_SIZE: stack size set to   600000.
2026-04-11 17:08:40,753 - isca - DEBUG - starting            1  OpenMP threads per MPI-task
2026-04-11 17:08:40,755 - isca - DEBUG - ATMOS MODEL DOMAIN DECOMPOSITION
2026-04-11 17:08:40,755 - isca - DEBUG - X-AXIS =  128
2026-04-11 17:08:40,755 - isca - DEBUG - Y-AXIS =    4   4   4   4   4   4   4   4   4   4   4   4   4   4   4   4
2026-04-11 17:08:40,825 - isca - DEBUG - 
2026-04-11 17:08:40,825 - isca - WARNING - WARNING from PE    1: socrates_init: dt_rad does not fit into one day an integer number of times
2026-04-11 17:08:40,825 - isca - DEBUG - 
2026-04-11 17:08:40,825 - isca - DEBUG - 
2026-04-11 17:08:40,825 - isca - WARNING - WARNING from PE    7: socrates_init: dt_rad does not fit into one day an integer number of times
2026-04-11 17:08:40,825 - isca - DEBUG - 
2026-04-11 17:08:40,825 - isca - WARNING - WARNING from PE    3: socrates_init: dt_rad does not fit into one day an integer number of times
2026-04-11 17:08:40,825 - isca - DEBUG - 
2026-04-11 17:08:40,825 - isca - DEBUG - 
2026-04-11 17:08:40,826 - isca - DEBUG - 
2026-04-11 17:08:40,826 - isca - WARNING - WARNING from PE    2: socrates_init: dt_rad does not fit into one day an integer number of times
2026-04-11 17:08:40,826 - isca - DEBUG - 
2026-04-11 17:08:40,826 - isca - DEBUG - 
2026-04-11 17:08:40,826 - isca - WARNING - WARNING from PE    5: socrates_init: dt_rad does not fit into one day an integer number of times
2026-04-11 17:08:40,826 - isca - DEBUG - 
2026-04-11 17:08:40,826 - isca - DEBUG - NOTE from PE    0: cloud_simple: Using SimCloud cloud scheme
2026-04-11 17:08:40,827 - isca - DEBUG - 
2026-04-11 17:08:40,827 - isca - WARNING - WARNING from PE    4: socrates_init: dt_rad does not fit into one day an integer number of times
2026-04-11 17:08:40,827 - isca - DEBUG - 
2026-04-11 17:08:40,827 - isca - DEBUG - 
2026-04-11 17:08:40,827 - isca - WARNING - WARNING from PE    6: socrates_init: dt_rad does not fit into one day an integer number of times
2026-04-11 17:08:40,827 - isca - DEBUG - 
2026-04-11 17:08:40,828 - isca - DEBUG - NOTE from PE    0: ls_cloud: Using Sundqvist (1989) cloud fraction diagnostic formula.
2026-04-11 17:08:40,828 - isca - DEBUG - NOTE from PE    0: cloud_cover: The cloud overlap assumption is MAXIMUM-RANDOM
2026-04-11 17:08:40,828 - isca - DEBUG - NOTE from PE    0: idealized_moist_phys: Using Frierson Quasi-Equilibrium convection scheme.
2026-04-11 17:08:40,832 - isca - DEBUG - 
2026-04-11 17:08:40,833 - isca - DEBUG - 
2026-04-11 17:08:40,833 - isca - WARNING - WARNING from PE   10: socrates_init: dt_rad does not fit into one day an integer number of times
2026-04-11 17:08:40,833 - isca - DEBUG - 
2026-04-11 17:08:40,833 - isca - DEBUG - 
2026-04-11 17:08:40,833 - isca - WARNING - WARNING from PE   15: socrates_init: dt_rad does not fit into one day an integer number of times
2026-04-11 17:08:40,833 - isca - DEBUG - 
2026-04-11 17:08:40,833 - isca - WARNING - WARNING from PE    8: socrates_init: dt_rad does not fit into one day an integer number of times
2026-04-11 17:08:40,833 - isca - DEBUG - 
2026-04-11 17:08:40,833 - isca - DEBUG - 
2026-04-11 17:08:40,833 - isca - DEBUG - 
2026-04-11 17:08:40,833 - isca - WARNING - WARNING from PE    9: socrates_init: dt_rad does not fit into one day an integer number of times
2026-04-11 17:08:40,833 - isca - DEBUG - 
2026-04-11 17:08:40,833 - isca - WARNING - WARNING from PE   12: socrates_init: dt_rad does not fit into one day an integer number of times
2026-04-11 17:08:40,833 - isca - DEBUG - 
2026-04-11 17:08:40,833 - isca - DEBUG - 
2026-04-11 17:08:40,833 - isca - WARNING - WARNING from PE   11: socrates_init: dt_rad does not fit into one day an integer number of times
2026-04-11 17:08:40,833 - isca - DEBUG - 
2026-04-11 17:08:40,833 - isca - DEBUG - 
2026-04-11 17:08:40,833 - isca - WARNING - WARNING from PE   14: socrates_init: dt_rad does not fit into one day an integer number of times
2026-04-11 17:08:40,833 - isca - DEBUG - 
2026-04-11 17:08:40,835 - isca - DEBUG - 
2026-04-11 17:08:40,835 - isca - WARNING - WARNING from PE   13: socrates_init: dt_rad does not fit into one day an integer number of times
2026-04-11 17:08:40,835 - isca - DEBUG - 
2026-04-11 17:08:40,839 - isca - DEBUG - 
2026-04-11 17:08:40,839 - isca - WARNING - WARNING from PE    0: socrates_init: dt_rad does not fit into one day an integer number of times
2026-04-11 17:08:40,839 - isca - DEBUG - 
2026-04-11 17:08:40,839 - isca - DEBUG - 
2026-04-11 17:08:40,839 - isca - WARNING - WARNING from PE    0: socrates_init: dt_rad does not fit into one day an integer number of times
2026-04-11 17:08:40,839 - isca - DEBUG - 
2026-04-11 17:08:40,839 - isca - DEBUG - 
2026-04-11 17:08:40,839 - isca - WARNING - WARNING from PE    0: socrates_init: lw_hires_spectral_filename is unset, making equal to lw_spectral_filename
2026-04-11 17:08:40,839 - isca - DEBUG - 
2026-04-11 17:08:40,839 - isca - DEBUG - 
2026-04-11 17:08:40,839 - isca - WARNING - WARNING from PE    0: socrates_init: lw_hires_spectral_filename is unset, making equal to lw_spectral_filename
2026-04-11 17:08:40,839 - isca - DEBUG - 
2026-04-11 17:08:40,839 - isca - DEBUG - 
2026-04-11 17:08:40,839 - isca - WARNING - WARNING from PE    0: socrates_init: sw_hires_spectral_filename is unset, making equal to sw_spectral_filename
2026-04-11 17:08:40,839 - isca - DEBUG - 
2026-04-11 17:08:40,839 - isca - DEBUG - 
2026-04-11 17:08:40,839 - isca - WARNING - WARNING from PE    0: socrates_init: sw_hires_spectral_filename is unset, making equal to sw_spectral_filename
2026-04-11 17:08:40,839 - isca - DEBUG - 
2026-04-11 17:08:42,108 - isca - DEBUG - NOTE from PE    0: Interpolator: Using input file with no time dimension - ozone_1990_notime_zero.nc
2026-04-11 17:08:42,108 - isca - DEBUG - Initializing src field : ozone_1990
2026-04-11 17:08:42,110 - isca - DEBUG - 
2026-04-11 17:08:42,111 - isca - DEBUG - -----------------------------------
2026-04-11 17:08:42,111 - isca - DEBUG - ____                       _
2026-04-11 17:08:42,111 - isca - DEBUG - / ___|  ___   ___ _ __ __ _| |_ ___  ___
2026-04-11 17:08:42,111 - isca - DEBUG - \___ \ / _ \ / __|  __/ _` | __/ _ \/ __|
2026-04-11 17:08:42,111 - isca - DEBUG - ___) | (_) | (__| | | (_| | ||  __/\__ \
2026-04-11 17:08:42,111 - isca - DEBUG - |____/ \___/ \___|_|  \__,_|\__\___||___/
2026-04-11 17:08:42,111 - isca - DEBUG - 
2026-04-11 17:08:42,111 - isca - DEBUG - Initialised Socrates v17.03
2026-04-11 17:08:42,111 - isca - DEBUG - Stellar constant =    1570.00000000000
2026-04-11 17:08:42,111 - isca - DEBUG - Longwave spectral file =
2026-04-11 17:08:42,111 - isca - DEBUG - /proj/bolinc/users/x_ryabo/socrates_edited_for_isca/spectral_files_for_GCMs/Sun
2026-04-11 17:08:42,111 - isca - DEBUG - /miniSuran_lw.sf WITH           16  bands
2026-04-11 17:08:42,111 - isca - DEBUG - Longwave hires spectral file =
2026-04-11 17:08:42,111 - isca - DEBUG - /proj/bolinc/users/x_ryabo/socrates_edited_for_isca/spectral_files_for_GCMs/Sun
2026-04-11 17:08:42,111 - isca - DEBUG - /miniSuran_lw.sf WITH           16  bands
2026-04-11 17:08:42,111 - isca - DEBUG - Shortwave spectral file =
2026-04-11 17:08:42,111 - isca - DEBUG - /proj/bolinc/users/x_ryabo/socrates_edited_for_isca/spectral_files_for_GCMs/Sun
2026-04-11 17:08:42,111 - isca - DEBUG - /miniSuran_sw.sf WITH           16  bands
2026-04-11 17:08:42,111 - isca - DEBUG - Shortwave hires spectral file =
2026-04-11 17:08:42,111 - isca - DEBUG - /proj/bolinc/users/x_ryabo/socrates_edited_for_isca/spectral_files_for_GCMs/Sun
2026-04-11 17:08:42,111 - isca - DEBUG - /miniSuran_sw.sf WITH           16  bands
2026-04-11 17:08:42,111 - isca - DEBUG - 
2026-04-11 17:08:42,111 - isca - DEBUG - -----------------------------------
2026-04-11 17:08:42,111 - isca - DEBUG - 
2026-04-11 17:09:28,077 - isca - DEBUG - Integration completed through   451 days     0 seconds
2026-04-11 17:10:13,157 - isca - DEBUG - Integration completed through   452 days     0 seconds
2026-04-11 17:10:56,264 - isca - DEBUG - Integration completed through   453 days     0 seconds
2026-04-11 17:11:41,436 - isca - DEBUG - Integration completed through   454 days     0 seconds
2026-04-11 17:12:26,423 - isca - DEBUG - Integration completed through   455 days     0 seconds
2026-04-11 17:13:11,098 - isca - DEBUG - Integration completed through   456 days     0 seconds
2026-04-11 17:13:55,199 - isca - DEBUG - Integration completed through   457 days     0 seconds
2026-04-11 17:14:40,101 - isca - DEBUG - Integration completed through   458 days     0 seconds
2026-04-11 17:15:17,403 - isca - DEBUG - Integration completed through   459 days     0 seconds
2026-04-11 17:15:52,944 - isca - DEBUG - Integration completed through   460 days     0 seconds
2026-04-11 17:16:28,917 - isca - DEBUG - Integration completed through   461 days     0 seconds
2026-04-11 17:17:04,999 - isca - DEBUG - Integration completed through   462 days     0 seconds
2026-04-11 17:17:40,753 - isca - DEBUG - Integration completed through   463 days     0 seconds
2026-04-11 17:18:16,581 - isca - DEBUG - Integration completed through   464 days     0 seconds
2026-04-11 17:18:52,525 - isca - DEBUG - Integration completed through   465 days     0 seconds
2026-04-11 17:19:28,496 - isca - DEBUG - Integration completed through   466 days     0 seconds
2026-04-11 17:20:04,129 - isca - DEBUG - Integration completed through   467 days     0 seconds
2026-04-11 17:20:39,985 - isca - DEBUG - Integration completed through   468 days     0 seconds
2026-04-11 17:21:15,526 - isca - DEBUG - Integration completed through   469 days     0 seconds
2026-04-11 17:21:50,928 - isca - DEBUG - Integration completed through   470 days     0 seconds
2026-04-11 17:22:26,841 - isca - DEBUG - Integration completed through   471 days     0 seconds
2026-04-11 17:23:02,312 - isca - DEBUG - Integration completed through   472 days     0 seconds
2026-04-11 17:23:37,711 - isca - DEBUG - Integration completed through   473 days     0 seconds
2026-04-11 17:24:13,510 - isca - DEBUG - Integration completed through   474 days     0 seconds
2026-04-11 17:24:49,635 - isca - DEBUG - Integration completed through   475 days     0 seconds
2026-04-11 17:25:25,630 - isca - DEBUG - Integration completed through   476 days     0 seconds
2026-04-11 17:26:01,619 - isca - DEBUG - Integration completed through   477 days     0 seconds
2026-04-11 17:26:37,492 - isca - DEBUG - Integration completed through   478 days     0 seconds
2026-04-11 17:26:40,351 - isca - DEBUG - 
2026-04-11 17:26:40,351 - isca - WARNING - WARNING from PE    7: diag_manager_mod::send_data_3d: A value for dynamics in field ucomp (Min:  -1.08271E+002, Max:   4.07294E+002) is outside the range [ -4.00000E+002,  4.00000E+002].
2026-04-11 17:26:40,351 - isca - DEBUG - 
2026-04-11 17:26:40,377 - isca - DEBUG - 
2026-04-11 17:26:40,377 - isca - WARNING - WARNING from PE    7: diag_manager_mod::send_data_3d: A value for dynamics in field ucomp (Min:  -1.06074E+002, Max:   4.12708E+002) is outside the range [ -4.00000E+002,  4.00000E+002].
2026-04-11 17:26:40,377 - isca - DEBUG - 
2026-04-11 17:26:40,402 - isca - DEBUG - 
2026-04-11 17:26:40,402 - isca - WARNING - WARNING from PE    7: diag_manager_mod::send_data_3d: A value for dynamics in field ucomp (Min:  -1.03489E+002, Max:   4.12950E+002) is outside the range [ -4.00000E+002,  4.00000E+002].
2026-04-11 17:26:40,402 - isca - DEBUG - 
2026-04-11 17:26:40,426 - isca - DEBUG - 
2026-04-11 17:26:40,426 - isca - WARNING - WARNING from PE    7: diag_manager_mod::send_data_3d: A value for dynamics in field ucomp (Min:  -1.00585E+002, Max:   4.08004E+002) is outside the range [ -4.00000E+002,  4.00000E+002].
2026-04-11 17:26:40,427 - isca - DEBUG - 
2026-04-11 17:26:40,502 - isca - DEBUG - 
2026-04-11 17:26:40,503 - isca - DEBUG - 
2026-04-11 17:26:40,503 - isca - WARNING - WARNING from PE    6: diag_manager_mod::send_data_3d: A value for dynamics in field ucomp (Min:  -1.08442E+002, Max:   4.07315E+002) is outside the range [ -4.00000E+002,  4.00000E+002].
2026-04-11 17:26:40,503 - isca - DEBUG - 
2026-04-11 17:26:40,503 - isca - WARNING - WARNING from PE    7: diag_manager_mod::send_data_3d: A value for dynamics in field ucomp (Min:  -9.80386E+001, Max:   4.00468E+002) is outside the range [ -4.00000E+002,  4.00000E+002].
2026-04-11 17:26:40,503 - isca - DEBUG - 
2026-04-11 17:26:40,527 - isca - DEBUG - 
2026-04-11 17:26:40,527 - isca - DEBUG - 
2026-04-11 17:26:40,527 - isca - WARNING - WARNING from PE    7: diag_manager_mod::send_data_3d: A value for dynamics in field ucomp (Min:  -9.89013E+001, Max:   4.21593E+002) is outside the range [ -4.00000E+002,  4.00000E+002].
2026-04-11 17:26:40,527 - isca - DEBUG - 
2026-04-11 17:26:40,527 - isca - WARNING - WARNING from PE    6: diag_manager_mod::send_data_3d: A value for dynamics in field ucomp (Min:  -1.07830E+002, Max:   4.18110E+002) is outside the range [ -4.00000E+002,  4.00000E+002].
2026-04-11 17:26:40,527 - isca - DEBUG - 
2026-04-11 17:26:40,551 - isca - DEBUG - 
2026-04-11 17:26:40,551 - isca - DEBUG - 
2026-04-11 17:26:40,551 - isca - WARNING - WARNING from PE    7: diag_manager_mod::send_data_3d: A value for dynamics in field ucomp (Min:  -9.92053E+001, Max:   4.37504E+002) is outside the range [ -4.00000E+002,  4.00000E+002].
2026-04-11 17:26:40,551 - isca - DEBUG - 
2026-04-11 17:26:40,551 - isca - WARNING - WARNING from PE    6: diag_manager_mod::send_data_3d: A value for dynamics in field ucomp (Min:  -1.06812E+002, Max:   4.23648E+002) is outside the range [ -4.00000E+002,  4.00000E+002].
2026-04-11 17:26:40,551 - isca - DEBUG - 
2026-04-11 17:26:41,330 - isca - DEBUG - 
2026-04-11 17:26:41,330 - isca - WARNING - WARNING from PE    6: diag_manager_mod::send_data_3d: A value for dynamics in field ucomp (Min:  -1.06045E+002, Max:   4.23768E+002) is outside the range [ -4.00000E+002,  4.00000E+002].
2026-04-11 17:26:41,330 - isca - DEBUG - 
2026-04-11 17:26:41,330 - isca - DEBUG - 
2026-04-11 17:26:41,330 - isca - WARNING - WARNING from PE    7: diag_manager_mod::send_data_3d: A value for dynamics in field ucomp (Min:  -9.89743E+001, Max:   4.47730E+002) is outside the range [ -4.00000E+002,  4.00000E+002].
2026-04-11 17:26:41,330 - isca - DEBUG - 
2026-04-11 17:26:41,354 - isca - DEBUG - 
2026-04-11 17:26:41,355 - isca - DEBUG - 
2026-04-11 17:26:41,355 - isca - WARNING - WARNING from PE    7: diag_manager_mod::send_data_3d: A value for dynamics in field ucomp (Min:  -9.82446E+001, Max:   4.52074E+002) is outside the range [ -4.00000E+002,  4.00000E+002].
2026-04-11 17:26:41,355 - isca - DEBUG - 
2026-04-11 17:26:41,355 - isca - WARNING - WARNING from PE    6: diag_manager_mod::send_data_3d: A value for dynamics in field ucomp (Min:  -1.05086E+002, Max:   4.18524E+002) is outside the range [ -4.00000E+002,  4.00000E+002].
2026-04-11 17:26:41,355 - isca - DEBUG - 
2026-04-11 17:26:41,379 - isca - DEBUG - 
2026-04-11 17:26:41,379 - isca - WARNING - WARNING from PE    6: diag_manager_mod::send_data_3d: A value for dynamics in field ucomp (Min:  -1.03444E+002, Max:   4.08069E+002) is outside the range [ -4.00000E+002,  4.00000E+002].
2026-04-11 17:26:41,379 - isca - DEBUG - 
2026-04-11 17:26:41,379 - isca - DEBUG - 
2026-04-11 17:26:41,379 - isca - WARNING - WARNING from PE    7: diag_manager_mod::send_data_3d: A value for dynamics in field ucomp (Min:  -9.70801E+001, Max:   4.50404E+002) is outside the range [ -4.00000E+002,  4.00000E+002].
2026-04-11 17:26:41,379 - isca - DEBUG - 
2026-04-11 17:26:41,404 - isca - DEBUG - 
2026-04-11 17:26:41,404 - isca - WARNING - WARNING from PE    7: diag_manager_mod::send_data_3d: A value for dynamics in field ucomp (Min:  -9.80544E+001, Max:   4.42980E+002) is outside the range [ -4.00000E+002,  4.00000E+002].
2026-04-11 17:26:41,404 - isca - DEBUG - 
2026-04-11 17:26:41,429 - isca - DEBUG - 
2026-04-11 17:26:41,429 - isca - WARNING - WARNING from PE    7: diag_manager_mod::send_data_3d: A value for dynamics in field ucomp (Min:  -9.93126E+001, Max:   4.30008E+002) is outside the range [ -4.00000E+002,  4.00000E+002].
2026-04-11 17:26:41,429 - isca - DEBUG - 
2026-04-11 17:26:41,453 - isca - DEBUG - 
2026-04-11 17:26:41,453 - isca - WARNING - WARNING from PE    7: diag_manager_mod::send_data_3d: A value for dynamics in field ucomp (Min:  -1.00412E+002, Max:   4.12197E+002) is outside the range [ -4.00000E+002,  4.00000E+002].
2026-04-11 17:26:41,453 - isca - DEBUG - 
2026-04-11 17:26:41,478 - isca - DEBUG - 
2026-04-11 17:26:41,478 - isca - DEBUG - 
2026-04-11 17:26:41,478 - isca - WARNING - WARNING from PE    7: diag_manager_mod::send_data_3d: A value for dynamics in field ucomp (Min:  -1.01365E+002, Max:   4.02611E+002) is outside the range [ -4.00000E+002,  4.00000E+002].
2026-04-11 17:26:41,478 - isca - DEBUG - 
2026-04-11 17:26:41,478 - isca - WARNING - WARNING from PE    6: diag_manager_mod::send_data_3d: A value for dynamics in field ucomp (Min:  -1.05547E+002, Max:   4.09590E+002) is outside the range [ -4.00000E+002,  4.00000E+002].
2026-04-11 17:26:41,478 - isca - DEBUG - 
2026-04-11 17:26:41,503 - isca - DEBUG - 
2026-04-11 17:26:41,503 - isca - WARNING - WARNING from PE    6: diag_manager_mod::send_data_3d: A value for dynamics in field ucomp (Min:  -1.07031E+002, Max:   4.18811E+002) is outside the range [ -4.00000E+002,  4.00000E+002].
2026-04-11 17:26:41,503 - isca - DEBUG - 
2026-04-11 17:26:41,503 - isca - DEBUG - 
2026-04-11 17:26:41,503 - isca - WARNING - WARNING from PE    7: diag_manager_mod::send_data_3d: A value for dynamics in field ucomp (Min:  -1.02177E+002, Max:   4.20808E+002) is outside the range [ -4.00000E+002,  4.00000E+002].
2026-04-11 17:26:41,503 - isca - DEBUG - 
2026-04-11 17:26:41,527 - isca - DEBUG - 
2026-04-11 17:26:41,527 - isca - DEBUG - 
2026-04-11 17:26:41,527 - isca - WARNING - WARNING from PE    7: diag_manager_mod::send_data_3d: A value for dynamics in field ucomp (Min:  -1.02867E+002, Max:   4.33129E+002) is outside the range [ -4.00000E+002,  4.00000E+002].
2026-04-11 17:26:41,527 - isca - DEBUG - 
2026-04-11 17:26:41,527 - isca - WARNING - WARNING from PE    6: diag_manager_mod::send_data_3d: A value for dynamics in field ucomp (Min:  -1.08308E+002, Max:   4.22390E+002) is outside the range [ -4.00000E+002,  4.00000E+002].
2026-04-11 17:26:41,527 - isca - DEBUG - 
2026-04-11 17:26:41,551 - isca - DEBUG - 
2026-04-11 17:26:41,552 - isca - DEBUG - 
2026-04-11 17:26:41,552 - isca - WARNING - WARNING from PE    7: diag_manager_mod::send_data_3d: A value for dynamics in field ucomp (Min:  -1.03441E+002, Max:   4.39416E+002) is outside the range [ -4.00000E+002,  4.00000E+002].
2026-04-11 17:26:41,552 - isca - DEBUG - 
2026-04-11 17:26:41,552 - isca - WARNING - WARNING from PE    6: diag_manager_mod::send_data_3d: A value for dynamics in field ucomp (Min:  -1.09343E+002, Max:   4.20432E+002) is outside the range [ -4.00000E+002,  4.00000E+002].
2026-04-11 17:26:41,552 - isca - DEBUG - 
2026-04-11 17:26:41,577 - isca - DEBUG - 
2026-04-11 17:26:41,577 - isca - DEBUG - 
2026-04-11 17:26:41,577 - isca - WARNING - WARNING from PE    7: diag_manager_mod::send_data_3d: A value for dynamics in field ucomp (Min:  -1.03922E+002, Max:   4.39614E+002) is outside the range [ -4.00000E+002,  4.00000E+002].
2026-04-11 17:26:41,577 - isca - DEBUG - 
2026-04-11 17:26:41,577 - isca - WARNING - WARNING from PE    6: diag_manager_mod::send_data_3d: A value for dynamics in field ucomp (Min:  -1.10150E+002, Max:   4.13075E+002) is outside the range [ -4.00000E+002,  4.00000E+002].
2026-04-11 17:26:41,577 - isca - DEBUG - 
2026-04-11 17:26:41,602 - isca - DEBUG - 
2026-04-11 17:26:41,602 - isca - DEBUG - 
2026-04-11 17:26:41,602 - isca - WARNING - WARNING from PE    7: diag_manager_mod::send_data_3d: A value for dynamics in field ucomp (Min:  -1.04312E+002, Max:   4.33956E+002) is outside the range [ -4.00000E+002,  4.00000E+002].
2026-04-11 17:26:41,602 - isca - DEBUG - 
2026-04-11 17:26:41,602 - isca - WARNING - WARNING from PE    6: diag_manager_mod::send_data_3d: A value for dynamics in field ucomp (Min:  -1.10693E+002, Max:   4.00771E+002) is outside the range [ -4.00000E+002,  4.00000E+002].
2026-04-11 17:26:41,602 - isca - DEBUG - 
2026-04-11 17:26:41,626 - isca - DEBUG - 
2026-04-11 17:26:41,626 - isca - WARNING - WARNING from PE    7: diag_manager_mod::send_data_3d: A value for dynamics in field ucomp (Min:  -1.04628E+002, Max:   4.22828E+002) is outside the range [ -4.00000E+002,  4.00000E+002].
2026-04-11 17:26:41,626 - isca - DEBUG - 
2026-04-11 17:26:41,651 - isca - DEBUG - 
2026-04-11 17:26:41,651 - isca - WARNING - WARNING from PE    7: diag_manager_mod::send_data_3d: A value for dynamics in field ucomp (Min:  -1.04865E+002, Max:   4.06818E+002) is outside the range [ -4.00000E+002,  4.00000E+002].
2026-04-11 17:26:41,651 - isca - DEBUG - 
2026-04-11 17:26:45,988 - isca - DEBUG - 
2026-04-11 17:26:45,988 - isca - WARNING - WARNING from PE    6: diag_manager_mod::send_data_3d: A value for dynamics in field ucomp (Min:  -1.18587E+002, Max:   4.00978E+002) is outside the range [ -4.00000E+002,  4.00000E+002].
2026-04-11 17:26:45,988 - isca - DEBUG - 
2026-04-11 17:26:46,012 - isca - DEBUG - 
2026-04-11 17:26:46,012 - isca - WARNING - WARNING from PE    6: diag_manager_mod::send_data_3d: A value for dynamics in field ucomp (Min:  -1.17301E+002, Max:   4.01405E+002) is outside the range [ -4.00000E+002,  4.00000E+002].
2026-04-11 17:26:46,012 - isca - DEBUG - 
2026-04-11 17:27:13,376 - isca - DEBUG - Integration completed through   479 days     0 seconds
2026-04-11 17:27:49,345 - isca - DEBUG - Integration completed through   480 days     0 seconds
2026-04-11 17:27:49,352 - isca - DEBUG - 
2026-04-11 17:27:49,352 - isca - DEBUG - 
2026-04-11 17:27:49,352 - isca - WARNING - WARNING from PE    0: diag_util_mod::opening_file: module/field_name (socrates/soc_toa_sw_down_clr) NOT registered
2026-04-11 17:27:49,352 - isca - DEBUG - 
2026-04-11 17:27:49,352 - isca - DEBUG - 
2026-04-11 17:27:49,352 - isca - WARNING - WARNING from PE    0: diag_util_mod::opening_file: module/field_name (cloud_simple/rh_min) NOT registered
2026-04-11 17:27:49,352 - isca - DEBUG - 
2026-04-11 17:27:49,352 - isca - WARNING - WARNING from PE    0: diag_util_mod::opening_file: module/field_name (socrates/soc_toa_sw_down_clr) NOT registered
2026-04-11 17:27:49,352 - isca - DEBUG - 
2026-04-11 17:27:49,352 - isca - DEBUG - 
2026-04-11 17:27:49,352 - isca - WARNING - WARNING from PE    0: diag_util_mod::opening_file: module/field_name (cloud_simple/rh_min) NOT registered
2026-04-11 17:27:49,352 - isca - DEBUG - 
2026-04-11 17:27:49,362 - isca - DEBUG - NOTE from PE    0: MPP_IO_SET_STACK_SIZE: stack size set to     393216.
2026-04-11 17:27:49,474 - isca - DEBUG - MPP_DOMAINS_STACK high water mark=       49152
2026-04-11 17:27:49,474 - isca - DEBUG - 
2026-04-11 17:27:49,474 - isca - DEBUG - Tabulating mpp_clock statistics across     16 PEs...
2026-04-11 17:27:49,474 - isca - DEBUG - 
2026-04-11 17:27:49,474 - isca - DEBUG - tmin          tmax          tavg          tstd  tfrac grain pemin pemax
2026-04-11 17:27:49,475 - isca - DEBUG - Total runtime                      1148.730265   1148.737389   1148.734354      0.001773  1.000     0     0    15
2026-04-11 17:27:49,475 - isca - DEBUG - MPP_STACK high water mark=           0
2026-04-11 17:27:49,602 - isca - INFO - Run 16 complete
2026-04-11 17:27:50,570 - isca - DEBUG - atmos_monthly.nc combined and copied to data directory
2026-04-11 17:27:53,932 - isca - INFO - Restart archive created at /proj/bolinc/users/x_ryabo/Isca-Ryan_outputs/14_5_1570_as007_Sun/restarts/res0016.tar.gz
2026-04-11 17:27:53,944 - isca - INFO - Writing namelist to '/proj/bolinc/users/x_ryabo/Isca-Ryan_outputs/14_5_1570_as007_Sun/run0016/input.nml'
2026-04-11 17:27:53,946 - isca - INFO - Writing field_table to '/proj/bolinc/users/x_ryabo/Isca-Ryan_outputs/14_5_1570_as007_Sun/run0016/field_table'
2026-04-11 17:27:53,957 - isca - INFO - Writing diag_table to '/proj/bolinc/users/x_ryabo/Isca-Ryan_outputs/14_5_1570_as007_Sun/run0016/diag_table'
2026-04-11 17:27:54,332 - isca - INFO - Emptied run directory '/home/x_ryabo/Isca-Ryan_tmp/experiment/14_5_1570_as007_Sun/run'
2026-04-11 17:27:54,350 - isca - INFO - Emptied run directory '/home/x_ryabo/Isca-Ryan_tmp/experiment/14_5_1570_as007_Sun/run'
2026-04-11 17:27:54,677 - isca - INFO - Writing namelist to '/home/x_ryabo/Isca-Ryan_tmp/experiment/14_5_1570_as007_Sun/run/input.nml'
2026-04-11 17:27:54,679 - isca - INFO - Writing field_table to '/home/x_ryabo/Isca-Ryan_tmp/experiment/14_5_1570_as007_Sun/run/field_table'
2026-04-11 17:27:54,691 - isca - INFO - Writing diag_table to '/home/x_ryabo/Isca-Ryan_tmp/experiment/14_5_1570_as007_Sun/run/diag_table'
2026-04-11 17:27:54,704 - isca - INFO - Using restart file '/proj/bolinc/users/x_ryabo/Isca-Ryan_outputs/14_5_1570_as007_Sun/restarts/res0016.tar.gz'
2026-04-11 17:27:55,125 - isca - INFO - Restart /proj/bolinc/users/x_ryabo/Isca-Ryan_outputs/14_5_1570_as007_Sun/restarts/res0016.tar.gz extracted to /home/x_ryabo/Isca-Ryan_tmp/experiment/14_5_1570_as007_Sun/run/INPUT
2026-04-11 17:27:55,126 - isca - INFO - Beginning run 17
2026-04-11 17:27:55,145 - isca - INFO - process running as 3615302
2026-04-11 17:27:55,146 - isca - DEBUG - loadmodules for Isca on NSC cluster Tetralith
2026-04-11 17:27:55,146 - isca - DEBUG - mpiifort
2026-04-11 17:27:55,250 - isca - DEBUG - The following modules were not unloaded:
2026-04-11 17:27:55,250 - isca - DEBUG - (Use "module --force purge" to unload all):
2026-04-11 17:27:55,251 - isca - DEBUG - 
2026-04-11 17:27:55,251 - isca - DEBUG - 1) hpc/.1.10.1
2026-04-11 17:27:55,358 - isca - DEBUG - ***************************************************
2026-04-11 17:27:55,358 - isca - DEBUG - You have loaded a buildenv module
2026-04-11 17:27:55,358 - isca - DEBUG - ***************************************************
2026-04-11 17:27:55,358 - isca - DEBUG - The buldenv-intel module makes available:
2026-04-11 17:27:55,358 - isca - DEBUG - - Compilers: icc, ifort, etc.
2026-04-11 17:27:55,358 - isca - DEBUG - - Mpi library with mpi-wrapped compilers: intel mpi with mpicc, mpifort, etc.
2026-04-11 17:27:55,358 - isca - DEBUG - - Numerical libraries: intel MKL
2026-04-11 17:27:55,358 - isca - DEBUG - 
2026-04-11 17:27:55,358 - isca - DEBUG - It also makes a set of dependency library modules available via
2026-04-11 17:27:55,358 - isca - DEBUG - the regular module command. Just do:
2026-04-11 17:27:55,358 - isca - DEBUG - module avail
2026-04-11 17:27:55,358 - isca - DEBUG - to see what is available.
2026-04-11 17:27:55,358 - isca - DEBUG - 
2026-04-11 17:27:55,358 - isca - DEBUG - NOTE: You shoud never load build environments inside submitted jobs.
2026-04-11 17:27:55,358 - isca - DEBUG - (with the single exception of when using supercomputer time to compile code.)
2026-04-11 17:27:55,358 - isca - DEBUG - 
2026-04-11 17:27:56,566 - isca - DEBUG - NOTE from PE    0: MPP_DOMAINS_SET_STACK_SIZE: stack size set to    32768.
2026-04-11 17:27:56,567 - isca - DEBUG - &MPP_IO_NML
2026-04-11 17:27:56,567 - isca - DEBUG - HEADER_BUFFER_VAL       =       16384,
2026-04-11 17:27:56,567 - isca - DEBUG - GLOBAL_FIELD_ON_ROOT_PE = T,
2026-04-11 17:27:56,567 - isca - DEBUG - IO_CLOCKS_ON    = F,
2026-04-11 17:27:56,567 - isca - DEBUG - SHUFFLE =           0,
2026-04-11 17:27:56,567 - isca - DEBUG - DEFLATE_LEVEL   =          -1
2026-04-11 17:27:56,567 - isca - DEBUG - /
2026-04-11 17:27:56,568 - isca - DEBUG - NOTE from PE    0: MPP_IO_SET_STACK_SIZE: stack size set to     131072.
2026-04-11 17:27:56,569 - isca - DEBUG - NOTE from PE    0: MPP_DOMAINS_SET_STACK_SIZE: stack size set to   600000.
2026-04-11 17:27:56,576 - isca - DEBUG - starting            1  OpenMP threads per MPI-task
2026-04-11 17:27:56,578 - isca - DEBUG - ATMOS MODEL DOMAIN DECOMPOSITION
2026-04-11 17:27:56,578 - isca - DEBUG - X-AXIS =  128
2026-04-11 17:27:56,578 - isca - DEBUG - Y-AXIS =    4   4   4   4   4   4   4   4   4   4   4   4   4   4   4   4
2026-04-11 17:27:56,630 - isca - DEBUG - NOTE from PE    0: cloud_simple: Using SimCloud cloud scheme
2026-04-11 17:27:56,631 - isca - DEBUG - NOTE from PE    0: ls_cloud: Using Sundqvist (1989) cloud fraction diagnostic formula.
2026-04-11 17:27:56,631 - isca - DEBUG - NOTE from PE    0: cloud_cover: The cloud overlap assumption is MAXIMUM-RANDOM
2026-04-11 17:27:56,631 - isca - DEBUG - NOTE from PE    0: idealized_moist_phys: Using Frierson Quasi-Equilibrium convection scheme.
2026-04-11 17:27:56,632 - isca - DEBUG - 
2026-04-11 17:27:56,632 - isca - WARNING - WARNING from PE   14: socrates_init: dt_rad does not fit into one day an integer number of times
2026-04-11 17:27:56,632 - isca - DEBUG - 
2026-04-11 17:27:56,635 - isca - DEBUG - 
2026-04-11 17:27:56,635 - isca - WARNING - WARNING from PE    5: socrates_init: dt_rad does not fit into one day an integer number of times
2026-04-11 17:27:56,635 - isca - DEBUG - 
2026-04-11 17:27:56,635 - isca - DEBUG - 
2026-04-11 17:27:56,635 - isca - WARNING - WARNING from PE    1: socrates_init: dt_rad does not fit into one day an integer number of times
2026-04-11 17:27:56,635 - isca - DEBUG - 
2026-04-11 17:27:56,635 - isca - DEBUG - 
2026-04-11 17:27:56,635 - isca - WARNING - WARNING from PE    2: socrates_init: dt_rad does not fit into one day an integer number of times
2026-04-11 17:27:56,635 - isca - DEBUG - 
2026-04-11 17:27:56,639 - isca - DEBUG - 
2026-04-11 17:27:56,639 - isca - WARNING - WARNING from PE    0: socrates_init: dt_rad does not fit into one day an integer number of times
2026-04-11 17:27:56,640 - isca - DEBUG - 
2026-04-11 17:27:56,640 - isca - DEBUG - 
2026-04-11 17:27:56,640 - isca - WARNING - WARNING from PE    0: socrates_init: dt_rad does not fit into one day an integer number of times
2026-04-11 17:27:56,640 - isca - DEBUG - 
2026-04-11 17:27:56,640 - isca - DEBUG - 
2026-04-11 17:27:56,640 - isca - WARNING - WARNING from PE    0: socrates_init: lw_hires_spectral_filename is unset, making equal to lw_spectral_filename
2026-04-11 17:27:56,640 - isca - DEBUG - 
2026-04-11 17:27:56,640 - isca - DEBUG - 
2026-04-11 17:27:56,640 - isca - WARNING - WARNING from PE    0: socrates_init: lw_hires_spectral_filename is unset, making equal to lw_spectral_filename
2026-04-11 17:27:56,640 - isca - DEBUG - 
2026-04-11 17:27:56,640 - isca - DEBUG - 
2026-04-11 17:27:56,640 - isca - WARNING - WARNING from PE    0: socrates_init: sw_hires_spectral_filename is unset, making equal to sw_spectral_filename
2026-04-11 17:27:56,640 - isca - DEBUG - 
2026-04-11 17:27:56,640 - isca - DEBUG - 
2026-04-11 17:27:56,640 - isca - WARNING - WARNING from PE    0: socrates_init: sw_hires_spectral_filename is unset, making equal to sw_spectral_filename
2026-04-11 17:27:56,640 - isca - DEBUG - 
2026-04-11 17:27:56,640 - isca - DEBUG - 
2026-04-11 17:27:56,640 - isca - WARNING - WARNING from PE    6: socrates_init: dt_rad does not fit into one day an integer number of times
2026-04-11 17:27:56,640 - isca - DEBUG - 
2026-04-11 17:27:56,643 - isca - DEBUG - 
2026-04-11 17:27:56,644 - isca - WARNING - WARNING from PE    8: socrates_init: dt_rad does not fit into one day an integer number of times
2026-04-11 17:27:56,644 - isca - DEBUG - 
2026-04-11 17:27:56,644 - isca - WARNING - WARNING from PE    9: socrates_init: dt_rad does not fit into one day an integer number of times
2026-04-11 17:27:56,644 - isca - DEBUG - 
2026-04-11 17:27:56,644 - isca - DEBUG - 
2026-04-11 17:27:56,644 - isca - DEBUG - 
2026-04-11 17:27:56,644 - isca - DEBUG - 
2026-04-11 17:27:56,644 - isca - WARNING - WARNING from PE    3: socrates_init: dt_rad does not fit into one day an integer number of times
2026-04-11 17:27:56,644 - isca - DEBUG - 
2026-04-11 17:27:56,644 - isca - DEBUG - 
2026-04-11 17:27:56,644 - isca - WARNING - WARNING from PE    7: socrates_init: dt_rad does not fit into one day an integer number of times
2026-04-11 17:27:56,644 - isca - DEBUG - 
2026-04-11 17:27:56,644 - isca - DEBUG - 
2026-04-11 17:27:56,644 - isca - WARNING - WARNING from PE   10: socrates_init: dt_rad does not fit into one day an integer number of times
2026-04-11 17:27:56,644 - isca - DEBUG - 
2026-04-11 17:27:56,644 - isca - DEBUG - 
2026-04-11 17:27:56,644 - isca - WARNING - WARNING from PE   12: socrates_init: dt_rad does not fit into one day an integer number of times
2026-04-11 17:27:56,644 - isca - DEBUG - 
2026-04-11 17:27:56,644 - isca - WARNING - WARNING from PE   13: socrates_init: dt_rad does not fit into one day an integer number of times
2026-04-11 17:27:56,644 - isca - DEBUG - 
2026-04-11 17:27:56,644 - isca - DEBUG - 
2026-04-11 17:27:56,644 - isca - WARNING - WARNING from PE   15: socrates_init: dt_rad does not fit into one day an integer number of times
2026-04-11 17:27:56,645 - isca - DEBUG - 
2026-04-11 17:27:56,645 - isca - DEBUG - 
2026-04-11 17:27:56,645 - isca - WARNING - WARNING from PE   11: socrates_init: dt_rad does not fit into one day an integer number of times
2026-04-11 17:27:56,645 - isca - DEBUG - 
2026-04-11 17:27:56,647 - isca - DEBUG - 
2026-04-11 17:27:56,647 - isca - WARNING - WARNING from PE    4: socrates_init: dt_rad does not fit into one day an integer number of times
2026-04-11 17:27:56,647 - isca - DEBUG - 
2026-04-11 17:27:57,748 - isca - DEBUG - NOTE from PE    0: Interpolator: Using input file with no time dimension - ozone_1990_notime_zero.nc
2026-04-11 17:27:57,748 - isca - DEBUG - Initializing src field : ozone_1990
2026-04-11 17:27:57,750 - isca - DEBUG - 
2026-04-11 17:27:57,750 - isca - DEBUG - -----------------------------------
2026-04-11 17:27:57,750 - isca - DEBUG - ____                       _
2026-04-11 17:27:57,750 - isca - DEBUG - / ___|  ___   ___ _ __ __ _| |_ ___  ___
2026-04-11 17:27:57,750 - isca - DEBUG - \___ \ / _ \ / __|  __/ _` | __/ _ \/ __|
2026-04-11 17:27:57,750 - isca - DEBUG - ___) | (_) | (__| | | (_| | ||  __/\__ \
2026-04-11 17:27:57,750 - isca - DEBUG - |____/ \___/ \___|_|  \__,_|\__\___||___/
2026-04-11 17:27:57,750 - isca - DEBUG - 
2026-04-11 17:27:57,750 - isca - DEBUG - Initialised Socrates v17.03
2026-04-11 17:27:57,750 - isca - DEBUG - Stellar constant =    1570.00000000000
2026-04-11 17:27:57,750 - isca - DEBUG - Longwave spectral file =
2026-04-11 17:27:57,750 - isca - DEBUG - /proj/bolinc/users/x_ryabo/socrates_edited_for_isca/spectral_files_for_GCMs/Sun
2026-04-11 17:27:57,750 - isca - DEBUG - /miniSuran_lw.sf WITH           16  bands
2026-04-11 17:27:57,750 - isca - DEBUG - Longwave hires spectral file =
2026-04-11 17:27:57,750 - isca - DEBUG - /proj/bolinc/users/x_ryabo/socrates_edited_for_isca/spectral_files_for_GCMs/Sun
2026-04-11 17:27:57,751 - isca - DEBUG - /miniSuran_lw.sf WITH           16  bands
2026-04-11 17:27:57,751 - isca - DEBUG - Shortwave spectral file =
2026-04-11 17:27:57,751 - isca - DEBUG - /proj/bolinc/users/x_ryabo/socrates_edited_for_isca/spectral_files_for_GCMs/Sun
2026-04-11 17:27:57,751 - isca - DEBUG - /miniSuran_sw.sf WITH           16  bands
2026-04-11 17:27:57,751 - isca - DEBUG - Shortwave hires spectral file =
2026-04-11 17:27:57,751 - isca - DEBUG - /proj/bolinc/users/x_ryabo/socrates_edited_for_isca/spectral_files_for_GCMs/Sun
2026-04-11 17:27:57,751 - isca - DEBUG - /miniSuran_sw.sf WITH           16  bands
2026-04-11 17:27:57,751 - isca - DEBUG - 
2026-04-11 17:27:57,751 - isca - DEBUG - -----------------------------------
2026-04-11 17:27:57,751 - isca - DEBUG - 
2026-04-11 17:28:32,150 - isca - DEBUG - 
2026-04-11 17:28:32,150 - isca - WARNING - WARNING from PE   10: diag_manager_mod::send_data_3d: A value for dynamics in field ucomp (Min:  -1.75202E+002, Max:   4.02595E+002) is outside the range [ -4.00000E+002,  4.00000E+002].
2026-04-11 17:28:32,150 - isca - DEBUG - 
2026-04-11 17:28:32,175 - isca - DEBUG - 
2026-04-11 17:28:32,175 - isca - WARNING - WARNING from PE   10: diag_manager_mod::send_data_3d: A value for dynamics in field ucomp (Min:  -1.75192E+002, Max:   4.09467E+002) is outside the range [ -4.00000E+002,  4.00000E+002].
2026-04-11 17:28:32,175 - isca - DEBUG - 
2026-04-11 17:28:32,199 - isca - DEBUG - 
2026-04-11 17:28:32,199 - isca - WARNING - WARNING from PE   10: diag_manager_mod::send_data_3d: A value for dynamics in field ucomp (Min:  -1.79791E+002, Max:   4.12612E+002) is outside the range [ -4.00000E+002,  4.00000E+002].
2026-04-11 17:28:32,199 - isca - DEBUG - 
2026-04-11 17:28:32,224 - isca - DEBUG - 
2026-04-11 17:28:32,224 - isca - WARNING - WARNING from PE   10: diag_manager_mod::send_data_3d: A value for dynamics in field ucomp (Min:  -1.83054E+002, Max:   4.12292E+002) is outside the range [ -4.00000E+002,  4.00000E+002].
2026-04-11 17:28:32,224 - isca - DEBUG - 
2026-04-11 17:28:32,248 - isca - DEBUG - 
2026-04-11 17:28:32,249 - isca - WARNING - WARNING from PE   10: diag_manager_mod::send_data_3d: A value for dynamics in field ucomp (Min:  -1.84641E+002, Max:   4.08035E+002) is outside the range [ -4.00000E+002,  4.00000E+002].
2026-04-11 17:28:32,249 - isca - DEBUG - 
2026-04-11 17:28:32,273 - isca - DEBUG - 
2026-04-11 17:28:32,273 - isca - WARNING - WARNING from PE   10: diag_manager_mod::send_data_3d: A value for dynamics in field ucomp (Min:  -1.84549E+002, Max:   4.00494E+002) is outside the range [ -4.00000E+002,  4.00000E+002].
2026-04-11 17:28:32,273 - isca - DEBUG - 
2026-04-11 17:28:32,396 - isca - DEBUG - 
2026-04-11 17:28:32,396 - isca - WARNING - WARNING from PE   10: diag_manager_mod::send_data_3d: A value for dynamics in field ucomp (Min:  -1.52865E+002, Max:   4.01085E+002) is outside the range [ -4.00000E+002,  4.00000E+002].
2026-04-11 17:28:32,396 - isca - DEBUG - 
2026-04-11 17:28:32,420 - isca - DEBUG - 
2026-04-11 17:28:32,420 - isca - WARNING - WARNING from PE   10: diag_manager_mod::send_data_3d: A value for dynamics in field ucomp (Min:  -1.54561E+002, Max:   4.06671E+002) is outside the range [ -4.00000E+002,  4.00000E+002].
2026-04-11 17:28:32,420 - isca - DEBUG - 
2026-04-11 17:28:32,445 - isca - DEBUG - 
2026-04-11 17:28:32,445 - isca - WARNING - WARNING from PE   10: diag_manager_mod::send_data_3d: A value for dynamics in field ucomp (Min:  -1.57930E+002, Max:   4.08148E+002) is outside the range [ -4.00000E+002,  4.00000E+002].
2026-04-11 17:28:32,445 - isca - DEBUG - 
2026-04-11 17:28:32,470 - isca - DEBUG - 
2026-04-11 17:28:32,470 - isca - WARNING - WARNING from PE   10: diag_manager_mod::send_data_3d: A value for dynamics in field ucomp (Min:  -1.59652E+002, Max:   4.05781E+002) is outside the range [ -4.00000E+002,  4.00000E+002].
2026-04-11 17:28:32,470 - isca - DEBUG - 
2026-04-11 17:28:34,397 - isca - DEBUG - Integration completed through   481 days     0 seconds
2026-04-11 17:29:11,176 - isca - DEBUG - Integration completed through   482 days     0 seconds
2026-04-11 17:29:29,358 - isca - DEBUG - 
2026-04-11 17:29:29,358 - isca - WARNING - WARNING from PE    6: diag_manager_mod::send_data_3d: A value for dynamics in field ucomp (Min:  -2.43485E+002, Max:   4.00491E+002) is outside the range [ -4.00000E+002,  4.00000E+002].
2026-04-11 17:29:29,358 - isca - DEBUG - 
2026-04-11 17:29:29,383 - isca - DEBUG - 
2026-04-11 17:29:29,383 - isca - WARNING - WARNING from PE    6: diag_manager_mod::send_data_3d: A value for dynamics in field ucomp (Min:  -2.28085E+002, Max:   4.07854E+002) is outside the range [ -4.00000E+002,  4.00000E+002].
2026-04-11 17:29:29,383 - isca - DEBUG - 
2026-04-11 17:29:29,408 - isca - DEBUG - 
2026-04-11 17:29:29,409 - isca - WARNING - WARNING from PE    6: diag_manager_mod::send_data_3d: A value for dynamics in field ucomp (Min:  -2.07928E+002, Max:   4.10577E+002) is outside the range [ -4.00000E+002,  4.00000E+002].
2026-04-11 17:29:29,409 - isca - DEBUG - 
2026-04-11 17:29:29,433 - isca - DEBUG - 
2026-04-11 17:29:29,433 - isca - WARNING - WARNING from PE    6: diag_manager_mod::send_data_3d: A value for dynamics in field ucomp (Min:  -1.82930E+002, Max:   4.08475E+002) is outside the range [ -4.00000E+002,  4.00000E+002].
2026-04-11 17:29:29,433 - isca - DEBUG - 
2026-04-11 17:29:29,459 - isca - DEBUG - 
2026-04-11 17:29:29,459 - isca - WARNING - WARNING from PE    6: diag_manager_mod::send_data_3d: A value for dynamics in field ucomp (Min:  -1.94660E+002, Max:   4.01501E+002) is outside the range [ -4.00000E+002,  4.00000E+002].
2026-04-11 17:29:29,459 - isca - DEBUG - 
2026-04-11 17:29:30,307 - isca - DEBUG - 
2026-04-11 17:29:30,307 - isca - WARNING - WARNING from PE    6: diag_manager_mod::send_data_3d: A value for dynamics in field ucomp (Min:  -2.18332E+002, Max:   4.12884E+002) is outside the range [ -4.00000E+002,  4.00000E+002].
2026-04-11 17:29:30,307 - isca - DEBUG - 
2026-04-11 17:29:30,332 - isca - DEBUG - 
2026-04-11 17:29:30,332 - isca - WARNING - WARNING from PE    6: diag_manager_mod::send_data_3d: A value for dynamics in field ucomp (Min:  -2.18936E+002, Max:   4.43728E+002) is outside the range [ -4.00000E+002,  4.00000E+002].
2026-04-11 17:29:30,332 - isca - DEBUG - 
2026-04-11 17:29:30,357 - isca - DEBUG - 
2026-04-11 17:29:30,357 - isca - WARNING - WARNING from PE    6: diag_manager_mod::send_data_3d: A value for dynamics in field ucomp (Min:  -2.15123E+002, Max:   4.69629E+002) is outside the range [ -4.00000E+002,  4.00000E+002].
2026-04-11 17:29:30,357 - isca - DEBUG - 
2026-04-11 17:29:30,382 - isca - DEBUG - 
2026-04-11 17:29:30,382 - isca - WARNING - WARNING from PE    6: diag_manager_mod::send_data_3d: A value for dynamics in field ucomp (Min:  -2.06696E+002, Max:   4.90230E+002) is outside the range [ -4.00000E+002,  4.00000E+002].
2026-04-11 17:29:30,382 - isca - DEBUG - 
2026-04-11 17:29:30,407 - isca - DEBUG - 
2026-04-11 17:29:30,407 - isca - WARNING - WARNING from PE    6: diag_manager_mod::send_data_3d: A value for dynamics in field ucomp (Min:  -1.93316E+002, Max:   5.04820E+002) is outside the range [ -4.00000E+002,  4.00000E+002].
2026-04-11 17:29:30,407 - isca - DEBUG - 
2026-04-11 17:29:30,431 - isca - DEBUG - 
2026-04-11 17:29:30,431 - isca - WARNING - WARNING from PE    6: diag_manager_mod::send_data_3d: A value for dynamics in field ucomp (Min:  -1.91986E+002, Max:   5.13276E+002) is outside the range [ -4.00000E+002,  4.00000E+002].
2026-04-11 17:29:30,431 - isca - DEBUG - 
2026-04-11 17:29:30,456 - isca - DEBUG - 
2026-04-11 17:29:30,456 - isca - WARNING - WARNING from PE    6: diag_manager_mod::send_data_3d: A value for dynamics in field ucomp (Min:  -1.97601E+002, Max:   5.15117E+002) is outside the range [ -4.00000E+002,  4.00000E+002].
2026-04-11 17:29:30,456 - isca - DEBUG - 
2026-04-11 17:29:30,481 - isca - DEBUG - 
2026-04-11 17:29:30,481 - isca - WARNING - WARNING from PE    6: diag_manager_mod::send_data_3d: A value for dynamics in field ucomp (Min:  -2.03413E+002, Max:   5.10482E+002) is outside the range [ -4.00000E+002,  4.00000E+002].
2026-04-11 17:29:30,481 - isca - DEBUG - 
2026-04-11 17:29:30,505 - isca - DEBUG - 
2026-04-11 17:29:30,505 - isca - WARNING - WARNING from PE    6: diag_manager_mod::send_data_3d: A value for dynamics in field ucomp (Min:  -2.05079E+002, Max:   4.99177E+002) is outside the range [ -4.00000E+002,  4.00000E+002].
2026-04-11 17:29:30,505 - isca - DEBUG - 
2026-04-11 17:29:30,530 - isca - DEBUG - 
2026-04-11 17:29:30,530 - isca - WARNING - WARNING from PE    6: diag_manager_mod::send_data_3d: A value for dynamics in field ucomp (Min:  -2.02818E+002, Max:   4.81597E+002) is outside the range [ -4.00000E+002,  4.00000E+002].
2026-04-11 17:29:30,531 - isca - DEBUG - 
2026-04-11 17:29:30,555 - isca - DEBUG - 
2026-04-11 17:29:30,555 - isca - WARNING - WARNING from PE    6: diag_manager_mod::send_data_3d: A value for dynamics in field ucomp (Min:  -1.96464E+002, Max:   4.57843E+002) is outside the range [ -4.00000E+002,  4.00000E+002].
2026-04-11 17:29:30,555 - isca - DEBUG - 
2026-04-11 17:29:30,579 - isca - DEBUG - 
2026-04-11 17:29:30,580 - isca - WARNING - WARNING from PE    6: diag_manager_mod::send_data_3d: A value for dynamics in field ucomp (Min:  -1.86360E+002, Max:   4.75496E+002) is outside the range [ -4.00000E+002,  4.00000E+002].
2026-04-11 17:29:30,580 - isca - DEBUG - 
2026-04-11 17:29:30,604 - isca - DEBUG - 
2026-04-11 17:29:30,605 - isca - WARNING - WARNING from PE    6: diag_manager_mod::send_data_3d: A value for dynamics in field ucomp (Min:  -1.81208E+002, Max:   5.04182E+002) is outside the range [ -4.00000E+002,  4.00000E+002].
2026-04-11 17:29:30,605 - isca - DEBUG - 
2026-04-11 17:29:30,629 - isca - DEBUG - 
2026-04-11 17:29:30,629 - isca - WARNING - WARNING from PE    6: diag_manager_mod::send_data_3d: A value for dynamics in field ucomp (Min:  -1.78914E+002, Max:   5.26654E+002) is outside the range [ -4.00000E+002,  4.00000E+002].
2026-04-11 17:29:30,629 - isca - DEBUG - 
2026-04-11 17:29:30,654 - isca - DEBUG - 
2026-04-11 17:29:30,654 - isca - WARNING - WARNING from PE    6: diag_manager_mod::send_data_3d: A value for dynamics in field ucomp (Min:  -1.75511E+002, Max:   5.42506E+002) is outside the range [ -4.00000E+002,  4.00000E+002].
2026-04-11 17:29:30,654 - isca - DEBUG - 
2026-04-11 17:29:30,678 - isca - DEBUG - 
2026-04-11 17:29:30,679 - isca - DEBUG - 
2026-04-11 17:29:30,679 - isca - WARNING - WARNING from PE    7: diag_manager_mod::send_data_3d: A value for dynamics in field ucomp (Min:  -2.04773E+002, Max:   4.12182E+002) is outside the range [ -4.00000E+002,  4.00000E+002].
2026-04-11 17:29:30,679 - isca - DEBUG - 
2026-04-11 17:29:30,679 - isca - WARNING - WARNING from PE    6: diag_manager_mod::send_data_3d: A value for dynamics in field ucomp (Min:  -1.75505E+002, Max:   5.51386E+002) is outside the range [ -4.00000E+002,  4.00000E+002].
2026-04-11 17:29:30,679 - isca - DEBUG - 
2026-04-11 17:29:30,703 - isca - DEBUG - 
2026-04-11 17:29:30,703 - isca - DEBUG - 
2026-04-11 17:29:30,703 - isca - WARNING - WARNING from PE    7: diag_manager_mod::send_data_3d: A value for dynamics in field ucomp (Min:  -2.14865E+002, Max:   4.36605E+002) is outside the range [ -4.00000E+002,  4.00000E+002].
2026-04-11 17:29:30,703 - isca - DEBUG - 
2026-04-11 17:29:30,703 - isca - WARNING - WARNING from PE    6: diag_manager_mod::send_data_3d: A value for dynamics in field ucomp (Min:  -1.76493E+002, Max:   5.53113E+002) is outside the range [ -4.00000E+002,  4.00000E+002].
2026-04-11 17:29:30,703 - isca - DEBUG - 
2026-04-11 17:29:30,728 - isca - DEBUG - 
2026-04-11 17:29:30,728 - isca - DEBUG - 
2026-04-11 17:29:30,728 - isca - WARNING - WARNING from PE    7: diag_manager_mod::send_data_3d: A value for dynamics in field ucomp (Min:  -2.22702E+002, Max:   4.55930E+002) is outside the range [ -4.00000E+002,  4.00000E+002].
2026-04-11 17:29:30,728 - isca - DEBUG - 
2026-04-11 17:29:30,728 - isca - WARNING - WARNING from PE    6: diag_manager_mod::send_data_3d: A value for dynamics in field ucomp (Min:  -1.87830E+002, Max:   5.47616E+002) is outside the range [ -4.00000E+002,  4.00000E+002].
2026-04-11 17:29:30,728 - isca - DEBUG - 
2026-04-11 17:29:30,753 - isca - DEBUG - 
2026-04-11 17:29:30,753 - isca - DEBUG - 
2026-04-11 17:29:30,753 - isca - WARNING - WARNING from PE    7: diag_manager_mod::send_data_3d: A value for dynamics in field ucomp (Min:  -2.27758E+002, Max:   4.69693E+002) is outside the range [ -4.00000E+002,  4.00000E+002].
2026-04-11 17:29:30,753 - isca - DEBUG - 
2026-04-11 17:29:30,753 - isca - WARNING - WARNING from PE    6: diag_manager_mod::send_data_3d: A value for dynamics in field ucomp (Min:  -1.96253E+002, Max:   5.34960E+002) is outside the range [ -4.00000E+002,  4.00000E+002].
2026-04-11 17:29:30,753 - isca - DEBUG - 
2026-04-11 17:29:30,778 - isca - DEBUG - 
2026-04-11 17:29:30,778 - isca - WARNING - WARNING from PE    6: diag_manager_mod::send_data_3d: A value for dynamics in field ucomp (Min:  -1.99856E+002, Max:   5.15376E+002) is outside the range [ -4.00000E+002,  4.00000E+002].
2026-04-11 17:29:30,778 - isca - DEBUG - 
2026-04-11 17:29:30,778 - isca - DEBUG - 
2026-04-11 17:29:30,778 - isca - WARNING - WARNING from PE    7: diag_manager_mod::send_data_3d: A value for dynamics in field ucomp (Min:  -2.29629E+002, Max:   4.77586E+002) is outside the range [ -4.00000E+002,  4.00000E+002].
2026-04-11 17:29:30,778 - isca - DEBUG - 
2026-04-11 17:29:30,803 - isca - DEBUG - 
2026-04-11 17:29:30,803 - isca - DEBUG - 
2026-04-11 17:29:30,803 - isca - WARNING - WARNING from PE    7: diag_manager_mod::send_data_3d: A value for dynamics in field ucomp (Min:  -2.27844E+002, Max:   4.79334E+002) is outside the range [ -4.00000E+002,  4.00000E+002].
2026-04-11 17:29:30,803 - isca - DEBUG - 
2026-04-11 17:29:30,803 - isca - WARNING - WARNING from PE    6: diag_manager_mod::send_data_3d: A value for dynamics in field ucomp (Min:  -1.99062E+002, Max:   4.89188E+002) is outside the range [ -4.00000E+002,  4.00000E+002].
2026-04-11 17:29:30,803 - isca - DEBUG - 
2026-04-11 17:29:30,828 - isca - DEBUG - 
2026-04-11 17:29:30,828 - isca - DEBUG - 
2026-04-11 17:29:30,828 - isca - WARNING - WARNING from PE    7: diag_manager_mod::send_data_3d: A value for dynamics in field ucomp (Min:  -2.22079E+002, Max:   4.74871E+002) is outside the range [ -4.00000E+002,  4.00000E+002].
2026-04-11 17:29:30,828 - isca - DEBUG - 
2026-04-11 17:29:30,828 - isca - WARNING - WARNING from PE    6: diag_manager_mod::send_data_3d: A value for dynamics in field ucomp (Min:  -1.93908E+002, Max:   4.79571E+002) is outside the range [ -4.00000E+002,  4.00000E+002].
2026-04-11 17:29:30,828 - isca - DEBUG - 
2026-04-11 17:29:30,853 - isca - DEBUG - 
2026-04-11 17:29:30,853 - isca - DEBUG - 
2026-04-11 17:29:30,853 - isca - WARNING - WARNING from PE    7: diag_manager_mod::send_data_3d: A value for dynamics in field ucomp (Min:  -2.11984E+002, Max:   4.64162E+002) is outside the range [ -4.00000E+002,  4.00000E+002].
2026-04-11 17:29:30,853 - isca - DEBUG - 
2026-04-11 17:29:30,854 - isca - WARNING - WARNING from PE    6: diag_manager_mod::send_data_3d: A value for dynamics in field ucomp (Min:  -1.85005E+002, Max:   5.06494E+002) is outside the range [ -4.00000E+002,  4.00000E+002].
2026-04-11 17:29:30,854 - isca - DEBUG - 
2026-04-11 17:29:30,878 - isca - DEBUG - 
2026-04-11 17:29:30,878 - isca - DEBUG - 
2026-04-11 17:29:30,878 - isca - WARNING - WARNING from PE    7: diag_manager_mod::send_data_3d: A value for dynamics in field ucomp (Min:  -2.03713E+002, Max:   4.47420E+002) is outside the range [ -4.00000E+002,  4.00000E+002].
2026-04-11 17:29:30,878 - isca - DEBUG - 
2026-04-11 17:29:30,878 - isca - WARNING - WARNING from PE    6: diag_manager_mod::send_data_3d: A value for dynamics in field ucomp (Min:  -1.75646E+002, Max:   5.26967E+002) is outside the range [ -4.00000E+002,  4.00000E+002].
2026-04-11 17:29:30,878 - isca - DEBUG - 
2026-04-11 17:29:30,903 - isca - DEBUG - 
2026-04-11 17:29:30,903 - isca - DEBUG - 
2026-04-11 17:29:30,903 - isca - WARNING - WARNING from PE    7: diag_manager_mod::send_data_3d: A value for dynamics in field ucomp (Min:  -2.08985E+002, Max:   4.70289E+002) is outside the range [ -4.00000E+002,  4.00000E+002].
2026-04-11 17:29:30,903 - isca - DEBUG - 
2026-04-11 17:29:30,903 - isca - WARNING - WARNING from PE    6: diag_manager_mod::send_data_3d: A value for dynamics in field ucomp (Min:  -1.87919E+002, Max:   5.40474E+002) is outside the range [ -4.00000E+002,  4.00000E+002].
2026-04-11 17:29:30,903 - isca - DEBUG - 
2026-04-11 17:29:30,928 - isca - DEBUG - 
2026-04-11 17:29:30,928 - isca - DEBUG - 
2026-04-11 17:29:30,928 - isca - WARNING - WARNING from PE    7: diag_manager_mod::send_data_3d: A value for dynamics in field ucomp (Min:  -2.12346E+002, Max:   5.05060E+002) is outside the range [ -4.00000E+002,  4.00000E+002].
2026-04-11 17:29:30,928 - isca - DEBUG - 
2026-04-11 17:29:30,928 - isca - WARNING - WARNING from PE    6: diag_manager_mod::send_data_3d: A value for dynamics in field ucomp (Min:  -1.95693E+002, Max:   5.46590E+002) is outside the range [ -4.00000E+002,  4.00000E+002].
2026-04-11 17:29:30,928 - isca - DEBUG - 
2026-04-11 17:29:30,953 - isca - DEBUG - 
2026-04-11 17:29:30,953 - isca - DEBUG - 
2026-04-11 17:29:30,953 - isca - WARNING - WARNING from PE    7: diag_manager_mod::send_data_3d: A value for dynamics in field ucomp (Min:  -2.13466E+002, Max:   5.33886E+002) is outside the range [ -4.00000E+002,  4.00000E+002].
2026-04-11 17:29:30,953 - isca - DEBUG - 
2026-04-11 17:29:30,953 - isca - WARNING - WARNING from PE    6: diag_manager_mod::send_data_3d: A value for dynamics in field ucomp (Min:  -1.99200E+002, Max:   5.45088E+002) is outside the range [ -4.00000E+002,  4.00000E+002].
2026-04-11 17:29:30,953 - isca - DEBUG - 
2026-04-11 17:29:30,979 - isca - DEBUG - 
2026-04-11 17:29:30,979 - isca - DEBUG - 
2026-04-11 17:29:30,979 - isca - WARNING - WARNING from PE    7: diag_manager_mod::send_data_3d: A value for dynamics in field ucomp (Min:  -2.12097E+002, Max:   5.56092E+002) is outside the range [ -4.00000E+002,  4.00000E+002].
2026-04-11 17:29:30,979 - isca - DEBUG - 
2026-04-11 17:29:30,979 - isca - WARNING - WARNING from PE    6: diag_manager_mod::send_data_3d: A value for dynamics in field ucomp (Min:  -2.03979E+002, Max:   5.35877E+002) is outside the range [ -4.00000E+002,  4.00000E+002].
2026-04-11 17:29:30,979 - isca - DEBUG - 
2026-04-11 17:29:31,787 - isca - DEBUG - 
2026-04-11 17:29:31,787 - isca - WARNING - WARNING from PE    6: diag_manager_mod::send_data_3d: A value for dynamics in field ucomp (Min:  -2.17158E+002, Max:   5.19083E+002) is outside the range [ -4.00000E+002,  4.00000E+002].
2026-04-11 17:29:31,787 - isca - DEBUG - 
2026-04-11 17:29:31,787 - isca - DEBUG - 
2026-04-11 17:29:31,787 - isca - WARNING - WARNING from PE    7: diag_manager_mod::send_data_3d: A value for dynamics in field ucomp (Min:  -2.09884E+002, Max:   5.71125E+002) is outside the range [ -4.00000E+002,  4.00000E+002].
2026-04-11 17:29:31,787 - isca - DEBUG - 
2026-04-11 17:29:31,811 - isca - DEBUG - 
2026-04-11 17:29:31,812 - isca - DEBUG - 
2026-04-11 17:29:31,812 - isca - WARNING - WARNING from PE    7: diag_manager_mod::send_data_3d: A value for dynamics in field ucomp (Min:  -2.06467E+002, Max:   5.78634E+002) is outside the range [ -4.00000E+002,  4.00000E+002].
2026-04-11 17:29:31,812 - isca - DEBUG - 
2026-04-11 17:29:31,812 - isca - WARNING - WARNING from PE    6: diag_manager_mod::send_data_3d: A value for dynamics in field ucomp (Min:  -2.25140E+002, Max:   4.94998E+002) is outside the range [ -4.00000E+002,  4.00000E+002].
2026-04-11 17:29:31,812 - isca - DEBUG - 
2026-04-11 17:29:31,836 - isca - DEBUG - 
2026-04-11 17:29:31,836 - isca - WARNING - WARNING from PE    6: diag_manager_mod::send_data_3d: A value for dynamics in field ucomp (Min:  -2.28096E+002, Max:   4.64102E+002) is outside the range [ -4.00000E+002,  4.00000E+002].
2026-04-11 17:29:31,836 - isca - DEBUG - 
2026-04-11 17:29:31,836 - isca - DEBUG - 
2026-04-11 17:29:31,836 - isca - WARNING - WARNING from PE    7: diag_manager_mod::send_data_3d: A value for dynamics in field ucomp (Min:  -2.03681E+002, Max:   5.78312E+002) is outside the range [ -4.00000E+002,  4.00000E+002].
2026-04-11 17:29:31,836 - isca - DEBUG - 
2026-04-11 17:29:31,861 - isca - DEBUG - 
2026-04-11 17:29:31,861 - isca - WARNING - WARNING from PE    6: diag_manager_mod::send_data_3d: A value for dynamics in field ucomp (Min:  -2.26571E+002, Max:   4.58582E+002) is outside the range [ -4.00000E+002,  4.00000E+002].
2026-04-11 17:29:31,861 - isca - DEBUG - 
2026-04-11 17:29:31,861 - isca - DEBUG - 
2026-04-11 17:29:31,861 - isca - WARNING - WARNING from PE    7: diag_manager_mod::send_data_3d: A value for dynamics in field ucomp (Min:  -2.14912E+002, Max:   5.70245E+002) is outside the range [ -4.00000E+002,  4.00000E+002].
2026-04-11 17:29:31,861 - isca - DEBUG - 
2026-04-11 17:29:31,886 - isca - DEBUG - 
2026-04-11 17:29:31,886 - isca - DEBUG - 
2026-04-11 17:29:31,886 - isca - WARNING - WARNING from PE    7: diag_manager_mod::send_data_3d: A value for dynamics in field ucomp (Min:  -2.23976E+002, Max:   5.54402E+002) is outside the range [ -4.00000E+002,  4.00000E+002].
2026-04-11 17:29:31,886 - isca - DEBUG - 
2026-04-11 17:29:31,886 - isca - WARNING - WARNING from PE    6: diag_manager_mod::send_data_3d: A value for dynamics in field ucomp (Min:  -2.20832E+002, Max:   4.75967E+002) is outside the range [ -4.00000E+002,  4.00000E+002].
2026-04-11 17:29:31,886 - isca - DEBUG - 
2026-04-11 17:29:31,910 - isca - DEBUG - 
2026-04-11 17:29:31,910 - isca - DEBUG - 
2026-04-11 17:29:31,910 - isca - WARNING - WARNING from PE    7: diag_manager_mod::send_data_3d: A value for dynamics in field ucomp (Min:  -2.30255E+002, Max:   5.31338E+002) is outside the range [ -4.00000E+002,  4.00000E+002].
2026-04-11 17:29:31,910 - isca - DEBUG - 
2026-04-11 17:29:31,910 - isca - WARNING - WARNING from PE    6: diag_manager_mod::send_data_3d: A value for dynamics in field ucomp (Min:  -2.11758E+002, Max:   4.85812E+002) is outside the range [ -4.00000E+002,  4.00000E+002].
2026-04-11 17:29:31,910 - isca - DEBUG - 
2026-04-11 17:29:31,935 - isca - DEBUG - 
2026-04-11 17:29:31,935 - isca - DEBUG - 
2026-04-11 17:29:31,935 - isca - WARNING - WARNING from PE    7: diag_manager_mod::send_data_3d: A value for dynamics in field ucomp (Min:  -2.33199E+002, Max:   5.60853E+002) is outside the range [ -4.00000E+002,  4.00000E+002].
2026-04-11 17:29:31,935 - isca - DEBUG - 
2026-04-11 17:29:31,935 - isca - WARNING - WARNING from PE    6: diag_manager_mod::send_data_3d: A value for dynamics in field ucomp (Min:  -1.99686E+002, Max:   4.87342E+002) is outside the range [ -4.00000E+002,  4.00000E+002].
2026-04-11 17:29:31,935 - isca - DEBUG - 
2026-04-11 17:29:31,960 - isca - DEBUG - 
2026-04-11 17:29:31,960 - isca - DEBUG - 
2026-04-11 17:29:31,960 - isca - WARNING - WARNING from PE    7: diag_manager_mod::send_data_3d: A value for dynamics in field ucomp (Min:  -2.32274E+002, Max:   5.90162E+002) is outside the range [ -4.00000E+002,  4.00000E+002].
2026-04-11 17:29:31,960 - isca - DEBUG - 
2026-04-11 17:29:31,960 - isca - WARNING - WARNING from PE    6: diag_manager_mod::send_data_3d: A value for dynamics in field ucomp (Min:  -1.85687E+002, Max:   4.80593E+002) is outside the range [ -4.00000E+002,  4.00000E+002].
2026-04-11 17:29:31,960 - isca - DEBUG - 
2026-04-11 17:29:31,985 - isca - DEBUG - 
2026-04-11 17:29:31,985 - isca - DEBUG - 
2026-04-11 17:29:31,985 - isca - WARNING - WARNING from PE    7: diag_manager_mod::send_data_3d: A value for dynamics in field ucomp (Min:  -2.27076E+002, Max:   6.10871E+002) is outside the range [ -4.00000E+002,  4.00000E+002].
2026-04-11 17:29:31,985 - isca - DEBUG - 
2026-04-11 17:29:31,985 - isca - WARNING - WARNING from PE    6: diag_manager_mod::send_data_3d: A value for dynamics in field ucomp (Min:  -1.70129E+002, Max:   4.65191E+002) is outside the range [ -4.00000E+002,  4.00000E+002].
2026-04-11 17:29:31,985 - isca - DEBUG - 
2026-04-11 17:29:32,010 - isca - DEBUG - 
2026-04-11 17:29:32,010 - isca - WARNING - WARNING from PE    6: diag_manager_mod::send_data_3d: A value for dynamics in field ucomp (Min:  -1.77254E+002, Max:   4.41700E+002) is outside the range [ -4.00000E+002,  4.00000E+002].
2026-04-11 17:29:32,010 - isca - DEBUG - 
2026-04-11 17:29:32,010 - isca - DEBUG - 
2026-04-11 17:29:32,010 - isca - WARNING - WARNING from PE    7: diag_manager_mod::send_data_3d: A value for dynamics in field ucomp (Min:  -2.17264E+002, Max:   6.22385E+002) is outside the range [ -4.00000E+002,  4.00000E+002].
2026-04-11 17:29:32,010 - isca - DEBUG - 
2026-04-11 17:29:32,035 - isca - DEBUG - 
2026-04-11 17:29:32,035 - isca - DEBUG - 
2026-04-11 17:29:32,035 - isca - WARNING - WARNING from PE    7: diag_manager_mod::send_data_3d: A value for dynamics in field ucomp (Min:  -2.02687E+002, Max:   6.24009E+002) is outside the range [ -4.00000E+002,  4.00000E+002].
2026-04-11 17:29:32,035 - isca - DEBUG - 
2026-04-11 17:29:32,035 - isca - WARNING - WARNING from PE    6: diag_manager_mod::send_data_3d: A value for dynamics in field ucomp (Min:  -1.83420E+002, Max:   4.10258E+002) is outside the range [ -4.00000E+002,  4.00000E+002].
2026-04-11 17:29:32,035 - isca - DEBUG - 
2026-04-11 17:29:32,059 - isca - DEBUG - 
2026-04-11 17:29:32,059 - isca - WARNING - WARNING from PE    7: diag_manager_mod::send_data_3d: A value for dynamics in field ucomp (Min:  -2.04439E+002, Max:   6.15640E+002) is outside the range [ -4.00000E+002,  4.00000E+002].
2026-04-11 17:29:32,059 - isca - DEBUG - 
2026-04-11 17:29:32,084 - isca - DEBUG - 
2026-04-11 17:29:32,084 - isca - WARNING - WARNING from PE    7: diag_manager_mod::send_data_3d: A value for dynamics in field ucomp (Min:  -2.10325E+002, Max:   5.97175E+002) is outside the range [ -4.00000E+002,  4.00000E+002].
2026-04-11 17:29:32,084 - isca - DEBUG - 
2026-04-11 17:29:32,109 - isca - DEBUG - 
2026-04-11 17:29:32,109 - isca - WARNING - WARNING from PE    7: diag_manager_mod::send_data_3d: A value for dynamics in field ucomp (Min:  -2.13987E+002, Max:   5.69126E+002) is outside the range [ -4.00000E+002,  4.00000E+002].
2026-04-11 17:29:32,109 - isca - DEBUG - 
2026-04-11 17:29:32,134 - isca - DEBUG - 
2026-04-11 17:29:32,134 - isca - WARNING - WARNING from PE    7: diag_manager_mod::send_data_3d: A value for dynamics in field ucomp (Min:  -2.15250E+002, Max:   5.95951E+002) is outside the range [ -4.00000E+002,  4.00000E+002].
2026-04-11 17:29:32,134 - isca - DEBUG - 
2026-04-11 17:29:32,159 - isca - DEBUG - 
2026-04-11 17:29:32,159 - isca - WARNING - WARNING from PE    7: diag_manager_mod::send_data_3d: A value for dynamics in field ucomp (Min:  -2.13948E+002, Max:   6.20479E+002) is outside the range [ -4.00000E+002,  4.00000E+002].
2026-04-11 17:29:32,159 - isca - DEBUG - 
2026-04-11 17:29:32,183 - isca - DEBUG - 
2026-04-11 17:29:32,183 - isca - WARNING - WARNING from PE    7: diag_manager_mod::send_data_3d: A value for dynamics in field ucomp (Min:  -2.10084E+002, Max:   6.33581E+002) is outside the range [ -4.00000E+002,  4.00000E+002].
2026-04-11 17:29:32,184 - isca - DEBUG - 
2026-04-11 17:29:32,208 - isca - DEBUG - 
2026-04-11 17:29:32,208 - isca - WARNING - WARNING from PE    7: diag_manager_mod::send_data_3d: A value for dynamics in field ucomp (Min:  -2.03690E+002, Max:   6.34209E+002) is outside the range [ -4.00000E+002,  4.00000E+002].
2026-04-11 17:29:32,208 - isca - DEBUG - 
2026-04-11 17:29:32,233 - isca - DEBUG - 
2026-04-11 17:29:32,233 - isca - WARNING - WARNING from PE    7: diag_manager_mod::send_data_3d: A value for dynamics in field ucomp (Min:  -1.94963E+002, Max:   6.22091E+002) is outside the range [ -4.00000E+002,  4.00000E+002].
2026-04-11 17:29:32,233 - isca - DEBUG - 
2026-04-11 17:29:32,258 - isca - DEBUG - 
2026-04-11 17:29:32,258 - isca - WARNING - WARNING from PE    7: diag_manager_mod::send_data_3d: A value for dynamics in field ucomp (Min:  -1.87665E+002, Max:   5.97131E+002) is outside the range [ -4.00000E+002,  4.00000E+002].
2026-04-11 17:29:32,258 - isca - DEBUG - 
2026-04-11 17:29:32,283 - isca - DEBUG - 
2026-04-11 17:29:32,283 - isca - WARNING - WARNING from PE    7: diag_manager_mod::send_data_3d: A value for dynamics in field ucomp (Min:  -1.90810E+002, Max:   5.78357E+002) is outside the range [ -4.00000E+002,  4.00000E+002].
2026-04-11 17:29:32,283 - isca - DEBUG - 
2026-04-11 17:29:32,307 - isca - DEBUG - 
2026-04-11 17:29:32,307 - isca - WARNING - WARNING from PE    7: diag_manager_mod::send_data_3d: A value for dynamics in field ucomp (Min:  -1.90247E+002, Max:   6.09745E+002) is outside the range [ -4.00000E+002,  4.00000E+002].
2026-04-11 17:29:32,307 - isca - DEBUG - 
2026-04-11 17:29:32,332 - isca - DEBUG - 
2026-04-11 17:29:32,332 - isca - WARNING - WARNING from PE    7: diag_manager_mod::send_data_3d: A value for dynamics in field ucomp (Min:  -1.85755E+002, Max:   6.28356E+002) is outside the range [ -4.00000E+002,  4.00000E+002].
2026-04-11 17:29:32,332 - isca - DEBUG - 
2026-04-11 17:29:32,357 - isca - DEBUG - 
2026-04-11 17:29:32,357 - isca - WARNING - WARNING from PE    7: diag_manager_mod::send_data_3d: A value for dynamics in field ucomp (Min:  -1.77358E+002, Max:   6.32823E+002) is outside the range [ -4.00000E+002,  4.00000E+002].
2026-04-11 17:29:32,357 - isca - DEBUG - 
2026-04-11 17:29:32,382 - isca - DEBUG - 
2026-04-11 17:29:32,382 - isca - WARNING - WARNING from PE    7: diag_manager_mod::send_data_3d: A value for dynamics in field ucomp (Min:  -1.65210E+002, Max:   6.22464E+002) is outside the range [ -4.00000E+002,  4.00000E+002].
2026-04-11 17:29:32,382 - isca - DEBUG - 
2026-04-11 17:29:32,406 - isca - DEBUG - 
2026-04-11 17:29:32,407 - isca - WARNING - WARNING from PE    7: diag_manager_mod::send_data_3d: A value for dynamics in field ucomp (Min:  -1.49711E+002, Max:   6.35793E+002) is outside the range [ -4.00000E+002,  4.00000E+002].
2026-04-11 17:29:32,407 - isca - DEBUG - 
2026-04-11 17:29:32,431 - isca - DEBUG - 
2026-04-11 17:29:32,431 - isca - WARNING - WARNING from PE    7: diag_manager_mod::send_data_3d: A value for dynamics in field ucomp (Min:  -1.45778E+002, Max:   6.49547E+002) is outside the range [ -4.00000E+002,  4.00000E+002].
2026-04-11 17:29:32,431 - isca - DEBUG - 
2026-04-11 17:29:32,456 - isca - DEBUG - 
2026-04-11 17:29:32,456 - isca - WARNING - WARNING from PE    7: diag_manager_mod::send_data_3d: A value for dynamics in field ucomp (Min:  -1.39893E+002, Max:   6.48582E+002) is outside the range [ -4.00000E+002,  4.00000E+002].
2026-04-11 17:29:32,456 - isca - DEBUG - 
2026-04-11 17:29:32,481 - isca - DEBUG - 
2026-04-11 17:29:32,481 - isca - WARNING - WARNING from PE    7: diag_manager_mod::send_data_3d: A value for dynamics in field ucomp (Min:  -1.36408E+002, Max:   6.32871E+002) is outside the range [ -4.00000E+002,  4.00000E+002].
2026-04-11 17:29:32,481 - isca - DEBUG - 
2026-04-11 17:29:32,505 - isca - DEBUG - 
2026-04-11 17:29:32,506 - isca - WARNING - WARNING from PE    7: diag_manager_mod::send_data_3d: A value for dynamics in field ucomp (Min:  -1.44025E+002, Max:   6.39134E+002) is outside the range [ -4.00000E+002,  4.00000E+002].
2026-04-11 17:29:32,506 - isca - DEBUG - 
2026-04-11 17:29:33,311 - isca - DEBUG - 
2026-04-11 17:29:33,311 - isca - WARNING - WARNING from PE    7: diag_manager_mod::send_data_3d: A value for dynamics in field ucomp (Min:  -1.46224E+002, Max:   6.77866E+002) is outside the range [ -4.00000E+002,  4.00000E+002].
2026-04-11 17:29:33,311 - isca - DEBUG - 
2026-04-11 17:29:33,336 - isca - DEBUG - 
2026-04-11 17:29:33,336 - isca - WARNING - WARNING from PE    7: diag_manager_mod::send_data_3d: A value for dynamics in field ucomp (Min:  -1.41571E+002, Max:   7.01267E+002) is outside the range [ -4.00000E+002,  4.00000E+002].
2026-04-11 17:29:33,336 - isca - DEBUG - 
2026-04-11 17:29:33,360 - isca - DEBUG - 
2026-04-11 17:29:33,361 - isca - WARNING - WARNING from PE    7: diag_manager_mod::send_data_3d: A value for dynamics in field ucomp (Min:  -1.43525E+002, Max:   7.07979E+002) is outside the range [ -4.00000E+002,  4.00000E+002].
2026-04-11 17:29:33,361 - isca - DEBUG - 
2026-04-11 17:29:33,385 - isca - DEBUG - 
2026-04-11 17:29:33,386 - isca - WARNING - WARNING from PE    7: diag_manager_mod::send_data_3d: A value for dynamics in field ucomp (Min:  -1.50196E+002, Max:   6.97795E+002) is outside the range [ -4.00000E+002,  4.00000E+002].
2026-04-11 17:29:33,386 - isca - DEBUG - 
2026-04-11 17:29:33,410 - isca - DEBUG - 
2026-04-11 17:29:33,410 - isca - WARNING - WARNING from PE    7: diag_manager_mod::send_data_3d: A value for dynamics in field ucomp (Min:  -1.52229E+002, Max:   6.71020E+002) is outside the range [ -4.00000E+002,  4.00000E+002].
2026-04-11 17:29:33,411 - isca - DEBUG - 
2026-04-11 17:29:33,435 - isca - DEBUG - 
2026-04-11 17:29:33,435 - isca - WARNING - WARNING from PE    7: diag_manager_mod::send_data_3d: A value for dynamics in field ucomp (Min:  -1.48592E+002, Max:   6.29322E+002) is outside the range [ -4.00000E+002,  4.00000E+002].
2026-04-11 17:29:33,435 - isca - DEBUG - 
2026-04-11 17:29:33,460 - isca - DEBUG - 
2026-04-11 17:29:33,460 - isca - WARNING - WARNING from PE    7: diag_manager_mod::send_data_3d: A value for dynamics in field ucomp (Min:  -1.52445E+002, Max:   6.31433E+002) is outside the range [ -4.00000E+002,  4.00000E+002].
2026-04-11 17:29:33,460 - isca - DEBUG - 
2026-04-11 17:29:33,485 - isca - DEBUG - 
2026-04-11 17:29:33,485 - isca - WARNING - WARNING from PE    7: diag_manager_mod::send_data_3d: A value for dynamics in field ucomp (Min:  -1.50542E+002, Max:   6.46286E+002) is outside the range [ -4.00000E+002,  4.00000E+002].
2026-04-11 17:29:33,485 - isca - DEBUG - 
2026-04-11 17:29:33,509 - isca - DEBUG - 
2026-04-11 17:29:33,509 - isca - WARNING - WARNING from PE    7: diag_manager_mod::send_data_3d: A value for dynamics in field ucomp (Min:  -1.46647E+002, Max:   6.45323E+002) is outside the range [ -4.00000E+002,  4.00000E+002].
2026-04-11 17:29:33,509 - isca - DEBUG - 
2026-04-11 17:29:33,534 - isca - DEBUG - 
2026-04-11 17:29:33,534 - isca - WARNING - WARNING from PE    7: diag_manager_mod::send_data_3d: A value for dynamics in field ucomp (Min:  -1.47357E+002, Max:   6.28689E+002) is outside the range [ -4.00000E+002,  4.00000E+002].
2026-04-11 17:29:33,534 - isca - DEBUG - 
2026-04-11 17:29:33,559 - isca - DEBUG - 
2026-04-11 17:29:33,559 - isca - WARNING - WARNING from PE    7: diag_manager_mod::send_data_3d: A value for dynamics in field ucomp (Min:  -1.47900E+002, Max:   5.97469E+002) is outside the range [ -4.00000E+002,  4.00000E+002].
2026-04-11 17:29:33,559 - isca - DEBUG - 
2026-04-11 17:29:33,584 - isca - DEBUG - 
2026-04-11 17:29:33,584 - isca - WARNING - WARNING from PE    7: diag_manager_mod::send_data_3d: A value for dynamics in field ucomp (Min:  -1.48271E+002, Max:   5.53179E+002) is outside the range [ -4.00000E+002,  4.00000E+002].
2026-04-11 17:29:33,584 - isca - DEBUG - 
2026-04-11 17:29:33,608 - isca - DEBUG - 
2026-04-11 17:29:33,609 - isca - WARNING - WARNING from PE    7: diag_manager_mod::send_data_3d: A value for dynamics in field ucomp (Min:  -1.54589E+002, Max:   5.35262E+002) is outside the range [ -4.00000E+002,  4.00000E+002].
2026-04-11 17:29:33,609 - isca - DEBUG - 
2026-04-11 17:29:33,633 - isca - DEBUG - 
2026-04-11 17:29:33,633 - isca - WARNING - WARNING from PE    7: diag_manager_mod::send_data_3d: A value for dynamics in field ucomp (Min:  -1.57268E+002, Max:   5.18892E+002) is outside the range [ -4.00000E+002,  4.00000E+002].
2026-04-11 17:29:33,634 - isca - DEBUG - 
2026-04-11 17:29:33,658 - isca - DEBUG - 
2026-04-11 17:29:33,658 - isca - WARNING - WARNING from PE    7: diag_manager_mod::send_data_3d: A value for dynamics in field ucomp (Min:  -1.55002E+002, Max:   4.92189E+002) is outside the range [ -4.00000E+002,  4.00000E+002].
2026-04-11 17:29:33,658 - isca - DEBUG - 
2026-04-11 17:29:33,683 - isca - DEBUG - 
2026-04-11 17:29:33,683 - isca - WARNING - WARNING from PE    7: diag_manager_mod::send_data_3d: A value for dynamics in field ucomp (Min:  -1.48245E+002, Max:   4.66453E+002) is outside the range [ -4.00000E+002,  4.00000E+002].
2026-04-11 17:29:33,683 - isca - DEBUG - 
2026-04-11 17:29:33,708 - isca - DEBUG - 
2026-04-11 17:29:33,708 - isca - WARNING - WARNING from PE    7: diag_manager_mod::send_data_3d: A value for dynamics in field ucomp (Min:  -1.51823E+002, Max:   4.83160E+002) is outside the range [ -4.00000E+002,  4.00000E+002].
2026-04-11 17:29:33,708 - isca - DEBUG - 
2026-04-11 17:29:33,733 - isca - DEBUG - 
2026-04-11 17:29:33,733 - isca - WARNING - WARNING from PE    7: diag_manager_mod::send_data_3d: A value for dynamics in field ucomp (Min:  -1.54517E+002, Max:   4.88829E+002) is outside the range [ -4.00000E+002,  4.00000E+002].
2026-04-11 17:29:33,733 - isca - DEBUG - 
2026-04-11 17:29:33,758 - isca - DEBUG - 
2026-04-11 17:29:33,758 - isca - WARNING - WARNING from PE    7: diag_manager_mod::send_data_3d: A value for dynamics in field ucomp (Min:  -1.63873E+002, Max:   4.83499E+002) is outside the range [ -4.00000E+002,  4.00000E+002].
2026-04-11 17:29:33,758 - isca - DEBUG - 
2026-04-11 17:29:33,782 - isca - DEBUG - 
2026-04-11 17:29:33,782 - isca - WARNING - WARNING from PE    7: diag_manager_mod::send_data_3d: A value for dynamics in field ucomp (Min:  -1.71543E+002, Max:   4.67759E+002) is outside the range [ -4.00000E+002,  4.00000E+002].
2026-04-11 17:29:33,782 - isca - DEBUG - 
2026-04-11 17:29:33,807 - isca - DEBUG - 
2026-04-11 17:29:33,807 - isca - WARNING - WARNING from PE    7: diag_manager_mod::send_data_3d: A value for dynamics in field ucomp (Min:  -1.76823E+002, Max:   4.42336E+002) is outside the range [ -4.00000E+002,  4.00000E+002].
2026-04-11 17:29:33,807 - isca - DEBUG - 
2026-04-11 17:29:33,832 - isca - DEBUG - 
2026-04-11 17:29:33,832 - isca - WARNING - WARNING from PE    7: diag_manager_mod::send_data_3d: A value for dynamics in field ucomp (Min:  -1.79341E+002, Max:   4.08447E+002) is outside the range [ -4.00000E+002,  4.00000E+002].
2026-04-11 17:29:33,832 - isca - DEBUG - 
2026-04-11 17:29:33,857 - isca - DEBUG - 
2026-04-11 17:29:33,857 - isca - WARNING - WARNING from PE    7: diag_manager_mod::send_data_3d: A value for dynamics in field ucomp (Min:  -1.78576E+002, Max:   4.02912E+002) is outside the range [ -4.00000E+002,  4.00000E+002].
2026-04-11 17:29:33,857 - isca - DEBUG - 
2026-04-11 17:29:33,882 - isca - DEBUG - 
2026-04-11 17:29:33,882 - isca - WARNING - WARNING from PE    7: diag_manager_mod::send_data_3d: A value for dynamics in field ucomp (Min:  -1.74348E+002, Max:   4.20766E+002) is outside the range [ -4.00000E+002,  4.00000E+002].
2026-04-11 17:29:33,882 - isca - DEBUG - 
2026-04-11 17:29:33,907 - isca - DEBUG - 
2026-04-11 17:29:33,907 - isca - WARNING - WARNING from PE    7: diag_manager_mod::send_data_3d: A value for dynamics in field ucomp (Min:  -1.66356E+002, Max:   4.30342E+002) is outside the range [ -4.00000E+002,  4.00000E+002].
2026-04-11 17:29:33,907 - isca - DEBUG - 
2026-04-11 17:29:33,932 - isca - DEBUG - 
2026-04-11 17:29:33,932 - isca - WARNING - WARNING from PE    7: diag_manager_mod::send_data_3d: A value for dynamics in field ucomp (Min:  -1.61276E+002, Max:   4.31612E+002) is outside the range [ -4.00000E+002,  4.00000E+002].
2026-04-11 17:29:33,932 - isca - DEBUG - 
2026-04-11 17:29:33,956 - isca - DEBUG - 
2026-04-11 17:29:33,957 - isca - WARNING - WARNING from PE    7: diag_manager_mod::send_data_3d: A value for dynamics in field ucomp (Min:  -1.61420E+002, Max:   4.24534E+002) is outside the range [ -4.00000E+002,  4.00000E+002].
2026-04-11 17:29:33,957 - isca - DEBUG - 
2026-04-11 17:29:33,981 - isca - DEBUG - 
2026-04-11 17:29:33,981 - isca - WARNING - WARNING from PE    7: diag_manager_mod::send_data_3d: A value for dynamics in field ucomp (Min:  -1.69506E+002, Max:   4.09509E+002) is outside the range [ -4.00000E+002,  4.00000E+002].
2026-04-11 17:29:33,981 - isca - DEBUG - 
2026-04-11 17:29:34,907 - isca - DEBUG - 
2026-04-11 17:29:34,907 - isca - WARNING - WARNING from PE    7: diag_manager_mod::send_data_3d: A value for dynamics in field ucomp (Min:  -2.22603E+002, Max:   4.01034E+002) is outside the range [ -4.00000E+002,  4.00000E+002].
2026-04-11 17:29:34,907 - isca - DEBUG - 
2026-04-11 17:29:34,932 - isca - DEBUG - 
2026-04-11 17:29:34,932 - isca - WARNING - WARNING from PE    7: diag_manager_mod::send_data_3d: A value for dynamics in field ucomp (Min:  -2.18667E+002, Max:   4.04338E+002) is outside the range [ -4.00000E+002,  4.00000E+002].
2026-04-11 17:29:34,932 - isca - DEBUG - 
2026-04-11 17:29:34,956 - isca - DEBUG - 
2026-04-11 17:29:34,957 - isca - WARNING - WARNING from PE    7: diag_manager_mod::send_data_3d: A value for dynamics in field ucomp (Min:  -2.09193E+002, Max:   4.01614E+002) is outside the range [ -4.00000E+002,  4.00000E+002].
2026-04-11 17:29:34,957 - isca - DEBUG - 
2026-04-11 17:29:35,006 - isca - DEBUG - 
2026-04-11 17:29:35,006 - isca - WARNING - WARNING from PE    7: diag_manager_mod::send_data_3d: A value for dynamics in field vcomp (Min:  -1.46225E+002, Max:   4.03036E+002) is outside the range [ -4.00000E+002,  4.00000E+002].
2026-04-11 17:29:35,006 - isca - DEBUG - 
2026-04-11 17:29:35,031 - isca - DEBUG - 
2026-04-11 17:29:35,031 - isca - WARNING - WARNING from PE    7: diag_manager_mod::send_data_3d: A value for dynamics in field vcomp (Min:  -1.45032E+002, Max:   4.21900E+002) is outside the range [ -4.00000E+002,  4.00000E+002].
2026-04-11 17:29:35,031 - isca - DEBUG - 
2026-04-11 17:29:35,055 - isca - DEBUG - 
2026-04-11 17:29:35,056 - isca - WARNING - WARNING from PE    7: diag_manager_mod::send_data_3d: A value for dynamics in field vcomp (Min:  -1.43536E+002, Max:   4.33771E+002) is outside the range [ -4.00000E+002,  4.00000E+002].
2026-04-11 17:29:35,056 - isca - DEBUG - 
2026-04-11 17:29:35,081 - isca - DEBUG - 
2026-04-11 17:29:35,081 - isca - WARNING - WARNING from PE    7: diag_manager_mod::send_data_3d: A value for dynamics in field vcomp (Min:  -1.41767E+002, Max:   4.38436E+002) is outside the range [ -4.00000E+002,  4.00000E+002].
2026-04-11 17:29:35,081 - isca - DEBUG - 
2026-04-11 17:29:35,105 - isca - DEBUG - 
2026-04-11 17:29:35,106 - isca - WARNING - WARNING from PE    7: diag_manager_mod::send_data_3d: A value for dynamics in field vcomp (Min:  -1.39754E+002, Max:   4.35771E+002) is outside the range [ -4.00000E+002,  4.00000E+002].
2026-04-11 17:29:35,106 - isca - DEBUG - 
2026-04-11 17:29:35,130 - isca - DEBUG - 
2026-04-11 17:29:35,130 - isca - WARNING - WARNING from PE    7: diag_manager_mod::send_data_3d: A value for dynamics in field ucomp (Min:  -1.69738E+002, Max:   4.08696E+002) is outside the range [ -4.00000E+002,  4.00000E+002].
2026-04-11 17:29:35,130 - isca - DEBUG - 
2026-04-11 17:29:35,130 - isca - DEBUG - 
2026-04-11 17:29:35,130 - isca - WARNING - WARNING from PE    7: diag_manager_mod::send_data_3d: A value for dynamics in field vcomp (Min:  -1.37528E+002, Max:   4.26278E+002) is outside the range [ -4.00000E+002,  4.00000E+002].
2026-04-11 17:29:35,130 - isca - DEBUG - 
2026-04-11 17:29:35,155 - isca - DEBUG - 
2026-04-11 17:29:35,155 - isca - WARNING - WARNING from PE    7: diag_manager_mod::send_data_3d: A value for dynamics in field ucomp (Min:  -1.65374E+002, Max:   4.22746E+002) is outside the range [ -4.00000E+002,  4.00000E+002].
2026-04-11 17:29:35,155 - isca - DEBUG - 
2026-04-11 17:29:35,155 - isca - DEBUG - 
2026-04-11 17:29:35,155 - isca - WARNING - WARNING from PE    7: diag_manager_mod::send_data_3d: A value for dynamics in field vcomp (Min:  -1.38119E+002, Max:   4.33037E+002) is outside the range [ -4.00000E+002,  4.00000E+002].
2026-04-11 17:29:35,155 - isca - DEBUG - 
2026-04-11 17:29:35,180 - isca - DEBUG - 
2026-04-11 17:29:35,180 - isca - WARNING - WARNING from PE    7: diag_manager_mod::send_data_3d: A value for dynamics in field ucomp (Min:  -1.72545E+002, Max:   4.29902E+002) is outside the range [ -4.00000E+002,  4.00000E+002].
2026-04-11 17:29:35,180 - isca - DEBUG - 
2026-04-11 17:29:35,180 - isca - DEBUG - 
2026-04-11 17:29:35,180 - isca - WARNING - WARNING from PE    7: diag_manager_mod::send_data_3d: A value for dynamics in field vcomp (Min:  -1.40215E+002, Max:   4.55448E+002) is outside the range [ -4.00000E+002,  4.00000E+002].
2026-04-11 17:29:35,180 - isca - DEBUG - 
2026-04-11 17:29:35,205 - isca - DEBUG - 
2026-04-11 17:29:35,205 - isca - WARNING - WARNING from PE    7: diag_manager_mod::send_data_3d: A value for dynamics in field ucomp (Min:  -1.76480E+002, Max:   4.29276E+002) is outside the range [ -4.00000E+002,  4.00000E+002].
2026-04-11 17:29:35,205 - isca - DEBUG - 
2026-04-11 17:29:35,205 - isca - DEBUG - 
2026-04-11 17:29:35,205 - isca - WARNING - WARNING from PE    7: diag_manager_mod::send_data_3d: A value for dynamics in field vcomp (Min:  -1.40325E+002, Max:   4.70427E+002) is outside the range [ -4.00000E+002,  4.00000E+002].
2026-04-11 17:29:35,205 - isca - DEBUG - 
2026-04-11 17:29:35,230 - isca - DEBUG - 
2026-04-11 17:29:35,231 - isca - WARNING - WARNING from PE    7: diag_manager_mod::send_data_3d: A value for dynamics in field ucomp (Min:  -1.75760E+002, Max:   4.20952E+002) is outside the range [ -4.00000E+002,  4.00000E+002].
2026-04-11 17:29:35,231 - isca - DEBUG - 
2026-04-11 17:29:35,231 - isca - DEBUG - 
2026-04-11 17:29:35,231 - isca - WARNING - WARNING from PE    7: diag_manager_mod::send_data_3d: A value for dynamics in field vcomp (Min:  -1.38806E+002, Max:   4.78027E+002) is outside the range [ -4.00000E+002,  4.00000E+002].
2026-04-11 17:29:35,231 - isca - DEBUG - 
2026-04-11 17:29:35,255 - isca - DEBUG - 
2026-04-11 17:29:35,255 - isca - WARNING - WARNING from PE    7: diag_manager_mod::send_data_3d: A value for dynamics in field ucomp (Min:  -1.70293E+002, Max:   4.04697E+002) is outside the range [ -4.00000E+002,  4.00000E+002].
2026-04-11 17:29:35,255 - isca - DEBUG - 
2026-04-11 17:29:35,256 - isca - DEBUG - 
2026-04-11 17:29:35,256 - isca - WARNING - WARNING from PE    7: diag_manager_mod::send_data_3d: A value for dynamics in field vcomp (Min:  -1.36106E+002, Max:   4.78770E+002) is outside the range [ -4.00000E+002,  4.00000E+002].
2026-04-11 17:29:35,256 - isca - DEBUG - 
2026-04-11 17:29:35,281 - isca - DEBUG - 
2026-04-11 17:29:35,281 - isca - WARNING - WARNING from PE    7: diag_manager_mod::send_data_3d: A value for dynamics in field vcomp (Min:  -1.32622E+002, Max:   4.73288E+002) is outside the range [ -4.00000E+002,  4.00000E+002].
2026-04-11 17:29:35,281 - isca - DEBUG - 
2026-04-11 17:29:35,306 - isca - DEBUG - 
2026-04-11 17:29:35,306 - isca - WARNING - WARNING from PE    7: diag_manager_mod::send_data_3d: A value for dynamics in field vcomp (Min:  -1.28687E+002, Max:   4.62600E+002) is outside the range [ -4.00000E+002,  4.00000E+002].
2026-04-11 17:29:35,306 - isca - DEBUG - 
2026-04-11 17:29:35,330 - isca - DEBUG - 
2026-04-11 17:29:35,331 - isca - WARNING - WARNING from PE    7: diag_manager_mod::send_data_3d: A value for dynamics in field vcomp (Min:  -1.26381E+002, Max:   4.47665E+002) is outside the range [ -4.00000E+002,  4.00000E+002].
2026-04-11 17:29:35,331 - isca - DEBUG - 
2026-04-11 17:29:35,355 - isca - DEBUG - 
2026-04-11 17:29:35,355 - isca - WARNING - WARNING from PE    7: diag_manager_mod::send_data_3d: A value for dynamics in field vcomp (Min:  -1.32947E+002, Max:   4.29681E+002) is outside the range [ -4.00000E+002,  4.00000E+002].
2026-04-11 17:29:35,355 - isca - DEBUG - 
2026-04-11 17:29:35,380 - isca - DEBUG - 
2026-04-11 17:29:35,380 - isca - WARNING - WARNING from PE    7: diag_manager_mod::send_data_3d: A value for dynamics in field vcomp (Min:  -1.34768E+002, Max:   4.09661E+002) is outside the range [ -4.00000E+002,  4.00000E+002].
2026-04-11 17:29:35,380 - isca - DEBUG - 
2026-04-11 17:29:35,473 - isca - DEBUG - PE, location, Textr(curr,future):   7:  23  2  8    62.208    57.450
2026-04-11 17:29:35,473 - isca - DEBUG - PE, location, Uextr(curr,future):   7:  23  2  8   -71.061   -79.635
2026-04-11 17:29:35,473 - isca - DEBUG - 
2026-04-11 17:29:35,473 - isca - DEBUG - FATAL from PE    7: spectral_dynamics: temperatures out of valid range
2026-04-11 17:29:35,473 - isca - DEBUG - 
2026-04-11 17:29:35,473 - isca - DEBUG - Abort(1) on node 7 (rank 7 in comm 0): application called MPI_Abort(MPI_COMM_WORLD, 1) - process 7
Exception in thread background thread for pid 3615302:
Traceback (most recent call last):
  File "/proj/bolinc/users/x_ryabo/micromamba/envs/isca_env/lib/python3.9/threading.py", line 980, in _bootstrap_inner
    self.run()
  File "/proj/bolinc/users/x_ryabo/micromamba/envs/isca_env/lib/python3.9/threading.py", line 917, in run
    self._target(*self._args, **self._kwargs)
  File "/home/x_ryabo/.local/lib/python3.9/site-packages/sh.py", line 1639, in wrap
    fn(*rgs, **kwargs)
  File "/home/x_ryabo/.local/lib/python3.9/site-packages/sh.py", line 2641, in background_thread
    handle_exit_code(exit_code)
  File "/home/x_ryabo/.local/lib/python3.9/site-packages/sh.py", line 2332, in fn
    return self.command.handle_command_exit_code(exit_code)
  File "/home/x_ryabo/.local/lib/python3.9/site-packages/sh.py", line 826, in handle_command_exit_code
    raise exc
sh.ErrorReturnCode_1: 

  RAN: /usr/bin/bash /home/x_ryabo/Isca-Ryan_tmp/experiment/14_5_1570_as007_Sun/run/run.sh

  STDOUT:


  STDERR:

2026-04-11 17:29:35,588 - isca - ERROR - Run 17 failed. See log for details.
2026-04-11 17:29:35,588 - isca - ERROR - Error: ErrorReturnCode_1('\n\n  RAN: /usr/bin/bash /home/x_ryabo/Isca-Ryan_tmp/experiment/14_5_1570_as007_Sun/run/run.sh\n\n  STDOUT:\n\n\n  STDERR:\n')
Traceback (most recent call last):
  File "/home/x_ryabo/Isca-Ryan/src/extra/python/isca/experiment.py", line 284, in run
    proc.wait()
  File "/home/x_ryabo/.local/lib/python3.9/site-packages/sh.py", line 799, in wait
    self.handle_command_exit_code(exit_code)
  File "/home/x_ryabo/.local/lib/python3.9/site-packages/sh.py", line 826, in handle_command_exit_code
    raise exc
sh.ErrorReturnCode_1: 

  RAN: /usr/bin/bash /home/x_ryabo/Isca-Ryan_tmp/experiment/14_5_1570_as007_Sun/run/run.sh

  STDOUT:


  STDERR:


During handling of the above exception, another exception occurred:

Traceback (most recent call last):
  File "/home/x_ryabo/Isca-Ryan/exp/14_5_1570_as007_Sun/socrates_aquaplanet_cloud.py", line 451, in <module>
    exp.run(i, num_cores=NCORES, overwrite_data=overwrite)
  File "/home/x_ryabo/Isca-Ryan/src/extra/python/isca/helpers.py", line 22, in _destructive
    return fn(*args, **kwargs)
  File "/home/x_ryabo/Isca-Ryan/src/extra/python/isca/helpers.py", line 38, in _useworkdir
    return fn(*args, **kwargs)
  File "/home/x_ryabo/Isca-Ryan/src/extra/python/isca/experiment.py", line 298, in run
    raise FailedRunError()
isca.experiment.FailedRunError
