/home/x_ryabo/Isca-Ryan/exp/Earth_1860/socrates_aquaplanet_cloud.py:64: DeprecationWarning: Calling np.sum(generator) is deprecated, and in the future will give a different result. Use np.sum(np.fromiter(generator)) or the python sum builtin instead.
  molar_mass_air = sum((fraction * molecular_weights[gas]) for gas, fraction in atmosphere.items())
2026-03-20 01:45:10,099 - isca - INFO - RRTM compilation disabled.
2026-03-20 01:45:10,169 - isca - INFO - Socrates source code already in correct place. Continuing.
2026-03-20 01:45:10,186 - isca - DEBUG - Making directory '/home/x_ryabo/Isca-Ryan_tmp/experiment/Earth_1860'
2026-03-20 01:45:10,215 - isca - WARNING - Tried to remove run directory but it doesnt exist
2026-03-20 01:45:10,328 - isca - INFO - Emptied run directory '/home/x_ryabo/Isca-Ryan_tmp/experiment/Earth_1860/run'
2026-03-20 01:45:10,359 - isca - INFO - Writing path_names to '/home/x_ryabo/Isca-Ryan_tmp/codebase/_home_x_ryabo_Isca-Ryan/build/soc_isca/path_names'
2026-03-20 01:45:10,492 - isca - INFO - Running compiler
2026-03-20 01:45:10,500 - isca - INFO - loadmodules for Isca on NSC cluster Tetralith
2026-03-20 01:45:10,500 - isca - INFO - mpiifort
2026-03-20 01:45:13,118 - isca - INFO - The following modules were not unloaded:
2026-03-20 01:45:13,118 - isca - INFO - (Use "module --force purge" to unload all):
2026-03-20 01:45:13,118 - isca - INFO - 1) hpc/.1.10.1
2026-03-20 01:45:13,241 - isca - INFO - ***************************************************
2026-03-20 01:45:13,241 - isca - INFO - You have loaded a buildenv module
2026-03-20 01:45:13,241 - isca - INFO - ***************************************************
2026-03-20 01:45:13,241 - isca - INFO - The buldenv-intel module makes available:
2026-03-20 01:45:13,241 - isca - INFO - - Compilers: icc, ifort, etc.
2026-03-20 01:45:13,241 - isca - INFO - - Mpi library with mpi-wrapped compilers: intel mpi with mpicc, mpifort, etc.
2026-03-20 01:45:13,241 - isca - INFO - - Numerical libraries: intel MKL
2026-03-20 01:45:13,241 - isca - INFO - It also makes a set of dependency library modules available via
2026-03-20 01:45:13,241 - isca - INFO - the regular module command. Just do:
2026-03-20 01:45:13,241 - isca - INFO - module avail
2026-03-20 01:45:13,241 - isca - INFO - to see what is available.
2026-03-20 01:45:13,241 - isca - INFO - NOTE: You shoud never load build environments inside submitted jobs.
2026-03-20 01:45:13,241 - isca - INFO - (with the single exception of when using supercomputer time to compile code.)
2026-03-20 01:45:13,631 - isca - INFO - /home/x_ryabo/Isca-Ryan_tmp/codebase/_home_x_ryabo_Isca-Ryan/build/soc_isca/path_names
2026-03-20 01:45:21,843 - isca - INFO - .................................................................................................................................................................................................................................................................................................................................................................................................................................................... Makefile is ready.
2026-03-20 01:45:22,077 - isca - INFO - make: Nothing to be done for 'all'.
2026-03-20 01:45:22,216 - isca - INFO - make: 'soc_isca.x' is up to date.
2026-03-20 01:45:22,217 - isca - INFO - Compilation complete.
2026-03-20 01:45:22,236 - isca - INFO - Emptied run directory '/home/x_ryabo/Isca-Ryan_tmp/experiment/Earth_1860/run'
2026-03-20 01:45:24,327 - isca - INFO - Writing namelist to '/home/x_ryabo/Isca-Ryan_tmp/experiment/Earth_1860/run/input.nml'
2026-03-20 01:45:24,330 - isca - INFO - Writing field_table to '/home/x_ryabo/Isca-Ryan_tmp/experiment/Earth_1860/run/field_table'
2026-03-20 01:45:24,343 - isca - INFO - Writing diag_table to '/home/x_ryabo/Isca-Ryan_tmp/experiment/Earth_1860/run/diag_table'
2026-03-20 01:45:24,356 - isca - INFO - Running without restart file
2026-03-20 01:45:24,360 - isca - INFO - Beginning run 0
2026-03-20 01:45:24,370 - isca - INFO - process running as 54954
2026-03-20 01:45:24,370 - isca - DEBUG - loadmodules for Isca on NSC cluster Tetralith
2026-03-20 01:45:24,370 - isca - DEBUG - mpiifort
2026-03-20 01:45:24,522 - isca - DEBUG - The following modules were not unloaded:
2026-03-20 01:45:24,522 - isca - DEBUG - (Use "module --force purge" to unload all):
2026-03-20 01:45:24,522 - isca - DEBUG - 
2026-03-20 01:45:24,522 - isca - DEBUG - 1) hpc/.1.10.1
2026-03-20 01:45:24,623 - isca - DEBUG - ***************************************************
2026-03-20 01:45:24,624 - isca - DEBUG - You have loaded a buildenv module
2026-03-20 01:45:24,624 - isca - DEBUG - ***************************************************
2026-03-20 01:45:24,624 - isca - DEBUG - The buldenv-intel module makes available:
2026-03-20 01:45:24,624 - isca - DEBUG - - Compilers: icc, ifort, etc.
2026-03-20 01:45:24,624 - isca - DEBUG - - Mpi library with mpi-wrapped compilers: intel mpi with mpicc, mpifort, etc.
2026-03-20 01:45:24,624 - isca - DEBUG - - Numerical libraries: intel MKL
2026-03-20 01:45:24,624 - isca - DEBUG - 
2026-03-20 01:45:24,624 - isca - DEBUG - It also makes a set of dependency library modules available via
2026-03-20 01:45:24,624 - isca - DEBUG - the regular module command. Just do:
2026-03-20 01:45:24,624 - isca - DEBUG - module avail
2026-03-20 01:45:24,624 - isca - DEBUG - to see what is available.
2026-03-20 01:45:24,624 - isca - DEBUG - 
2026-03-20 01:45:24,624 - isca - DEBUG - NOTE: You shoud never load build environments inside submitted jobs.
2026-03-20 01:45:24,624 - isca - DEBUG - (with the single exception of when using supercomputer time to compile code.)
2026-03-20 01:45:24,624 - isca - DEBUG - 
2026-03-20 01:45:27,503 - isca - DEBUG - NOTE from PE    0: MPP_DOMAINS_SET_STACK_SIZE: stack size set to    32768.
2026-03-20 01:45:27,503 - isca - DEBUG - &MPP_IO_NML
2026-03-20 01:45:27,503 - isca - DEBUG - HEADER_BUFFER_VAL       =       16384,
2026-03-20 01:45:27,503 - isca - DEBUG - GLOBAL_FIELD_ON_ROOT_PE = T,
2026-03-20 01:45:27,503 - isca - DEBUG - IO_CLOCKS_ON    = F,
2026-03-20 01:45:27,503 - isca - DEBUG - SHUFFLE =           0,
2026-03-20 01:45:27,503 - isca - DEBUG - DEFLATE_LEVEL   =          -1
2026-03-20 01:45:27,504 - isca - DEBUG - /
2026-03-20 01:45:27,505 - isca - DEBUG - NOTE from PE    0: MPP_IO_SET_STACK_SIZE: stack size set to     131072.
2026-03-20 01:45:27,506 - isca - DEBUG - NOTE from PE    0: MPP_DOMAINS_SET_STACK_SIZE: stack size set to   600000.
2026-03-20 01:45:27,514 - isca - DEBUG - starting            1  OpenMP threads per MPI-task
2026-03-20 01:45:27,516 - isca - DEBUG - ATMOS MODEL DOMAIN DECOMPOSITION
2026-03-20 01:45:27,516 - isca - DEBUG - X-AXIS =  128
2026-03-20 01:45:27,516 - isca - DEBUG - Y-AXIS =    4   4   4   4   4   4   4   4   4   4   4   4   4   4   4   4
2026-03-20 01:45:27,531 - isca - DEBUG - mean surface pressure=1000.0000 mb
2026-03-20 01:45:27,541 - isca - DEBUG - NOTE from PE    0: cloud_simple: Using SimCloud cloud scheme
2026-03-20 01:45:27,542 - isca - DEBUG - NOTE from PE    0: ls_cloud: Using Sundqvist (1989) cloud fraction diagnostic formula.
2026-03-20 01:45:27,542 - isca - DEBUG - NOTE from PE    0: cloud_cover: The cloud overlap assumption is MAXIMUM-RANDOM
2026-03-20 01:45:27,543 - isca - DEBUG - NOTE from PE    0: idealized_moist_phys: Using Frierson Quasi-Equilibrium convection scheme.
2026-03-20 01:45:27,551 - isca - DEBUG - 
2026-03-20 01:45:27,551 - isca - WARNING - WARNING from PE    0: socrates_init: lw_hires_spectral_filename is unset, making equal to lw_spectral_filename
2026-03-20 01:45:27,551 - isca - DEBUG - 
2026-03-20 01:45:27,551 - isca - DEBUG - 
2026-03-20 01:45:27,551 - isca - WARNING - WARNING from PE    0: socrates_init: sw_hires_spectral_filename is unset, making equal to sw_spectral_filename
2026-03-20 01:45:27,551 - isca - DEBUG - 
2026-03-20 01:45:27,551 - isca - DEBUG - 
2026-03-20 01:45:27,551 - isca - WARNING - WARNING from PE    0: socrates_init: lw_hires_spectral_filename is unset, making equal to lw_spectral_filename
2026-03-20 01:45:27,551 - isca - DEBUG - 
2026-03-20 01:45:27,551 - isca - DEBUG - 
2026-03-20 01:45:27,551 - isca - WARNING - WARNING from PE    0: socrates_init: sw_hires_spectral_filename is unset, making equal to sw_spectral_filename
2026-03-20 01:45:27,551 - isca - DEBUG - 
2026-03-20 01:45:29,170 - isca - DEBUG - NOTE from PE    0: Interpolator: Using input file with no time dimension - ozone_1990_notime_zero.nc
2026-03-20 01:45:29,170 - isca - DEBUG - Initializing src field : ozone_1990
2026-03-20 01:45:29,172 - isca - DEBUG - 
2026-03-20 01:45:29,172 - isca - DEBUG - -----------------------------------
2026-03-20 01:45:29,172 - isca - DEBUG - ____                       _
2026-03-20 01:45:29,172 - isca - DEBUG - / ___|  ___   ___ _ __ __ _| |_ ___  ___
2026-03-20 01:45:29,172 - isca - DEBUG - \___ \ / _ \ / __|  __/ _` | __/ _ \/ __|
2026-03-20 01:45:29,172 - isca - DEBUG - ___) | (_) | (__| | | (_| | ||  __/\__ \
2026-03-20 01:45:29,172 - isca - DEBUG - |____/ \___/ \___|_|  \__,_|\__\___||___/
2026-03-20 01:45:29,172 - isca - DEBUG - 
2026-03-20 01:45:29,172 - isca - DEBUG - Initialised Socrates v17.03
2026-03-20 01:45:29,172 - isca - DEBUG - Stellar constant =    1860.00000000000
2026-03-20 01:45:29,172 - isca - DEBUG - Longwave spectral file =
2026-03-20 01:45:29,172 - isca - DEBUG - /proj/bolinc/users/x_ryabo/socrates_edited_for_isca/spectral_files_for_GCMs/Sun
2026-03-20 01:45:29,172 - isca - DEBUG - /miniSuran_lw.sf WITH           16  bands
2026-03-20 01:45:29,172 - isca - DEBUG - Longwave hires spectral file =
2026-03-20 01:45:29,172 - isca - DEBUG - /proj/bolinc/users/x_ryabo/socrates_edited_for_isca/spectral_files_for_GCMs/Sun
2026-03-20 01:45:29,172 - isca - DEBUG - /miniSuran_lw.sf WITH           16  bands
2026-03-20 01:45:29,172 - isca - DEBUG - Shortwave spectral file =
2026-03-20 01:45:29,172 - isca - DEBUG - /proj/bolinc/users/x_ryabo/socrates_edited_for_isca/spectral_files_for_GCMs/Sun
2026-03-20 01:45:29,172 - isca - DEBUG - /miniSuran_sw.sf WITH           16  bands
2026-03-20 01:45:29,172 - isca - DEBUG - Shortwave hires spectral file =
2026-03-20 01:45:29,172 - isca - DEBUG - /proj/bolinc/users/x_ryabo/socrates_edited_for_isca/spectral_files_for_GCMs/Sun
2026-03-20 01:45:29,172 - isca - DEBUG - /miniSuran_sw.sf WITH           16  bands
2026-03-20 01:45:29,172 - isca - DEBUG - 
2026-03-20 01:45:29,172 - isca - DEBUG - -----------------------------------
2026-03-20 01:45:29,172 - isca - DEBUG - 
2026-03-20 01:45:50,139 - isca - DEBUG - Integration completed through    1 Jan  2   0: 0: 0
2026-03-20 01:46:11,344 - isca - DEBUG - Integration completed through    1 Jan  3   0: 0: 0
2026-03-20 01:46:32,713 - isca - DEBUG - Integration completed through    1 Jan  4   0: 0: 0
2026-03-20 01:46:54,346 - isca - DEBUG - Integration completed through    1 Jan  5   0: 0: 0
2026-03-20 01:47:16,048 - isca - DEBUG - Integration completed through    1 Jan  6   0: 0: 0
2026-03-20 01:47:38,146 - isca - DEBUG - Integration completed through    1 Jan  7   0: 0: 0
2026-03-20 01:48:00,174 - isca - DEBUG - Integration completed through    1 Jan  8   0: 0: 0
2026-03-20 01:48:22,076 - isca - DEBUG - Integration completed through    1 Jan  9   0: 0: 0
2026-03-20 01:48:44,044 - isca - DEBUG - Integration completed through    1 Jan 10   0: 0: 0
2026-03-20 01:49:06,040 - isca - DEBUG - Integration completed through    1 Jan 11   0: 0: 0
2026-03-20 01:49:28,141 - isca - DEBUG - Integration completed through    1 Jan 12   0: 0: 0
2026-03-20 01:49:50,286 - isca - DEBUG - Integration completed through    1 Jan 13   0: 0: 0
2026-03-20 01:50:12,530 - isca - DEBUG - Integration completed through    1 Jan 14   0: 0: 0
2026-03-20 01:50:34,874 - isca - DEBUG - Integration completed through    1 Jan 15   0: 0: 0
2026-03-20 01:50:57,220 - isca - DEBUG - Integration completed through    1 Jan 16   0: 0: 0
2026-03-20 01:51:19,571 - isca - DEBUG - Integration completed through    1 Jan 17   0: 0: 0
2026-03-20 01:51:41,981 - isca - DEBUG - Integration completed through    1 Jan 18   0: 0: 0
2026-03-20 01:52:04,398 - isca - DEBUG - Integration completed through    1 Jan 19   0: 0: 0
2026-03-20 01:52:26,903 - isca - DEBUG - Integration completed through    1 Jan 20   0: 0: 0
2026-03-20 01:52:49,548 - isca - DEBUG - Integration completed through    1 Jan 21   0: 0: 0
2026-03-20 01:53:12,210 - isca - DEBUG - Integration completed through    1 Jan 22   0: 0: 0
2026-03-20 01:53:34,904 - isca - DEBUG - Integration completed through    1 Jan 23   0: 0: 0
2026-03-20 01:53:57,585 - isca - DEBUG - Integration completed through    1 Jan 24   0: 0: 0
2026-03-20 01:54:20,317 - isca - DEBUG - Integration completed through    1 Jan 25   0: 0: 0
2026-03-20 01:54:43,111 - isca - DEBUG - Integration completed through    1 Jan 26   0: 0: 0
2026-03-20 01:55:06,006 - isca - DEBUG - Integration completed through    1 Jan 27   0: 0: 0
2026-03-20 01:55:28,967 - isca - DEBUG - Integration completed through    1 Jan 28   0: 0: 0
2026-03-20 01:55:51,870 - isca - DEBUG - Integration completed through    1 Jan 29   0: 0: 0
2026-03-20 01:56:15,086 - isca - DEBUG - Integration completed through    1 Jan 30   0: 0: 0
2026-03-20 01:56:38,551 - isca - DEBUG - Integration completed through    1 Feb  1   0: 0: 0
2026-03-20 01:56:38,645 - isca - DEBUG - 
2026-03-20 01:56:38,645 - isca - WARNING - WARNING from PE    0: diag_util_mod::opening_file: module/field_name (socrates/soc_toa_sw_down_clr) NOT registered
2026-03-20 01:56:38,645 - isca - DEBUG - 
2026-03-20 01:56:38,645 - isca - DEBUG - 
2026-03-20 01:56:38,645 - isca - WARNING - WARNING from PE    0: diag_util_mod::opening_file: module/field_name (socrates/soc_toa_sw_down_clr) NOT registered
2026-03-20 01:56:38,645 - isca - DEBUG - 
2026-03-20 01:56:38,646 - isca - DEBUG - 
2026-03-20 01:56:38,646 - isca - WARNING - WARNING from PE    0: diag_util_mod::opening_file: module/field_name (cloud_simple/rh_min) NOT registered
2026-03-20 01:56:38,646 - isca - DEBUG - 
2026-03-20 01:56:38,646 - isca - DEBUG - 
2026-03-20 01:56:38,646 - isca - WARNING - WARNING from PE    0: diag_util_mod::opening_file: module/field_name (cloud_simple/rh_min) NOT registered
2026-03-20 01:56:38,646 - isca - DEBUG - 
2026-03-20 01:56:38,655 - isca - DEBUG - NOTE from PE    0: MPP_IO_SET_STACK_SIZE: stack size set to     393216.
2026-03-20 01:56:38,759 - isca - DEBUG - MPP_DOMAINS_STACK high water mark=       49152
2026-03-20 01:56:38,759 - isca - DEBUG - 
2026-03-20 01:56:38,759 - isca - DEBUG - Tabulating mpp_clock statistics across     16 PEs...
2026-03-20 01:56:38,760 - isca - DEBUG - 
2026-03-20 01:56:38,760 - isca - DEBUG - tmin          tmax          tavg          tstd  tfrac grain pemin pemax
2026-03-20 01:56:38,760 - isca - DEBUG - Total runtime                       671.254777    671.258027    671.256521      0.000997  1.000     0     0    15
2026-03-20 01:56:38,760 - isca - DEBUG - MPP_STACK high water mark=           0
2026-03-20 01:56:38,918 - isca - INFO - Run 0 complete
2026-03-20 01:56:40,016 - isca - DEBUG - atmos_monthly.nc combined and copied to data directory
2026-03-20 01:56:44,601 - isca - INFO - Restart archive created at /proj/bolinc/users/x_ryabo/Isca-Ryan_outputs/Earth_1860/restarts/res0000.tar.gz
2026-03-20 01:56:44,614 - isca - INFO - Writing namelist to '/proj/bolinc/users/x_ryabo/Isca-Ryan_outputs/Earth_1860/run0000/input.nml'
2026-03-20 01:56:44,645 - isca - INFO - Writing field_table to '/proj/bolinc/users/x_ryabo/Isca-Ryan_outputs/Earth_1860/run0000/field_table'
2026-03-20 01:56:44,654 - isca - INFO - Writing diag_table to '/proj/bolinc/users/x_ryabo/Isca-Ryan_outputs/Earth_1860/run0000/diag_table'
2026-03-20 01:56:45,099 - isca - INFO - Emptied run directory '/home/x_ryabo/Isca-Ryan_tmp/experiment/Earth_1860/run'
2026-03-20 01:56:45,115 - isca - INFO - Emptied run directory '/home/x_ryabo/Isca-Ryan_tmp/experiment/Earth_1860/run'
2026-03-20 01:56:45,439 - isca - INFO - Writing namelist to '/home/x_ryabo/Isca-Ryan_tmp/experiment/Earth_1860/run/input.nml'
2026-03-20 01:56:45,441 - isca - INFO - Writing field_table to '/home/x_ryabo/Isca-Ryan_tmp/experiment/Earth_1860/run/field_table'
2026-03-20 01:56:45,452 - isca - INFO - Writing diag_table to '/home/x_ryabo/Isca-Ryan_tmp/experiment/Earth_1860/run/diag_table'
2026-03-20 01:56:45,465 - isca - WARNING - use_restart=True, but restart_file not specified.  As this is run 1, assuming spin-up from namelist stated initial conditions so continuing.
2026-03-20 01:56:45,465 - isca - INFO - Running without restart file
2026-03-20 01:56:45,465 - isca - INFO - Beginning run 1
2026-03-20 01:56:45,474 - isca - DEBUG - loadmodules for Isca on NSC cluster Tetralith
2026-03-20 01:56:45,475 - isca - INFO - process running as 56304
2026-03-20 01:56:45,475 - isca - DEBUG - mpiifort
2026-03-20 01:56:45,588 - isca - DEBUG - The following modules were not unloaded:
2026-03-20 01:56:45,588 - isca - DEBUG - (Use "module --force purge" to unload all):
2026-03-20 01:56:45,588 - isca - DEBUG - 
2026-03-20 01:56:45,588 - isca - DEBUG - 1) hpc/.1.10.1
2026-03-20 01:56:45,690 - isca - DEBUG - ***************************************************
2026-03-20 01:56:45,690 - isca - DEBUG - You have loaded a buildenv module
2026-03-20 01:56:45,690 - isca - DEBUG - ***************************************************
2026-03-20 01:56:45,690 - isca - DEBUG - The buldenv-intel module makes available:
2026-03-20 01:56:45,690 - isca - DEBUG - - Compilers: icc, ifort, etc.
2026-03-20 01:56:45,690 - isca - DEBUG - - Mpi library with mpi-wrapped compilers: intel mpi with mpicc, mpifort, etc.
2026-03-20 01:56:45,690 - isca - DEBUG - - Numerical libraries: intel MKL
2026-03-20 01:56:45,690 - isca - DEBUG - 
2026-03-20 01:56:45,690 - isca - DEBUG - It also makes a set of dependency library modules available via
2026-03-20 01:56:45,690 - isca - DEBUG - the regular module command. Just do:
2026-03-20 01:56:45,690 - isca - DEBUG - module avail
2026-03-20 01:56:45,690 - isca - DEBUG - to see what is available.
2026-03-20 01:56:45,690 - isca - DEBUG - 
2026-03-20 01:56:45,690 - isca - DEBUG - NOTE: You shoud never load build environments inside submitted jobs.
2026-03-20 01:56:45,690 - isca - DEBUG - (with the single exception of when using supercomputer time to compile code.)
2026-03-20 01:56:45,690 - isca - DEBUG - 
2026-03-20 01:56:46,892 - isca - DEBUG - NOTE from PE    0: MPP_DOMAINS_SET_STACK_SIZE: stack size set to    32768.
2026-03-20 01:56:46,893 - isca - DEBUG - &MPP_IO_NML
2026-03-20 01:56:46,893 - isca - DEBUG - HEADER_BUFFER_VAL       =       16384,
2026-03-20 01:56:46,893 - isca - DEBUG - GLOBAL_FIELD_ON_ROOT_PE = T,
2026-03-20 01:56:46,893 - isca - DEBUG - IO_CLOCKS_ON    = F,
2026-03-20 01:56:46,893 - isca - DEBUG - SHUFFLE =           0,
2026-03-20 01:56:46,893 - isca - DEBUG - DEFLATE_LEVEL   =          -1
2026-03-20 01:56:46,893 - isca - DEBUG - /
2026-03-20 01:56:46,894 - isca - DEBUG - NOTE from PE    0: MPP_IO_SET_STACK_SIZE: stack size set to     131072.
2026-03-20 01:56:46,895 - isca - DEBUG - NOTE from PE    0: MPP_DOMAINS_SET_STACK_SIZE: stack size set to   600000.
2026-03-20 01:56:46,903 - isca - DEBUG - starting            1  OpenMP threads per MPI-task
2026-03-20 01:56:46,905 - isca - DEBUG - ATMOS MODEL DOMAIN DECOMPOSITION
2026-03-20 01:56:46,905 - isca - DEBUG - X-AXIS =  128
2026-03-20 01:56:46,905 - isca - DEBUG - Y-AXIS =    4   4   4   4   4   4   4   4   4   4   4   4   4   4   4   4
2026-03-20 01:56:46,918 - isca - DEBUG - mean surface pressure=1000.0000 mb
2026-03-20 01:56:46,927 - isca - DEBUG - NOTE from PE    0: cloud_simple: Using SimCloud cloud scheme
2026-03-20 01:56:46,929 - isca - DEBUG - NOTE from PE    0: ls_cloud: Using Sundqvist (1989) cloud fraction diagnostic formula.
2026-03-20 01:56:46,929 - isca - DEBUG - NOTE from PE    0: cloud_cover: The cloud overlap assumption is MAXIMUM-RANDOM
2026-03-20 01:56:46,929 - isca - DEBUG - NOTE from PE    0: idealized_moist_phys: Using Frierson Quasi-Equilibrium convection scheme.
2026-03-20 01:56:46,937 - isca - DEBUG - 
2026-03-20 01:56:46,937 - isca - WARNING - WARNING from PE    0: socrates_init: lw_hires_spectral_filename is unset, making equal to lw_spectral_filename
2026-03-20 01:56:46,937 - isca - DEBUG - 
2026-03-20 01:56:46,937 - isca - DEBUG - 
2026-03-20 01:56:46,937 - isca - WARNING - WARNING from PE    0: socrates_init: lw_hires_spectral_filename is unset, making equal to lw_spectral_filename
2026-03-20 01:56:46,937 - isca - DEBUG - 
2026-03-20 01:56:46,937 - isca - DEBUG - 
2026-03-20 01:56:46,937 - isca - WARNING - WARNING from PE    0: socrates_init: sw_hires_spectral_filename is unset, making equal to sw_spectral_filename
2026-03-20 01:56:46,937 - isca - DEBUG - 
2026-03-20 01:56:46,937 - isca - DEBUG - 
2026-03-20 01:56:46,938 - isca - WARNING - WARNING from PE    0: socrates_init: sw_hires_spectral_filename is unset, making equal to sw_spectral_filename
2026-03-20 01:56:46,938 - isca - DEBUG - 
2026-03-20 01:56:48,085 - isca - DEBUG - NOTE from PE    0: Interpolator: Using input file with no time dimension - ozone_1990_notime_zero.nc
2026-03-20 01:56:48,085 - isca - DEBUG - Initializing src field : ozone_1990
2026-03-20 01:56:48,086 - isca - DEBUG - 
2026-03-20 01:56:48,086 - isca - DEBUG - -----------------------------------
2026-03-20 01:56:48,086 - isca - DEBUG - ____                       _
2026-03-20 01:56:48,086 - isca - DEBUG - / ___|  ___   ___ _ __ __ _| |_ ___  ___
2026-03-20 01:56:48,086 - isca - DEBUG - \___ \ / _ \ / __|  __/ _` | __/ _ \/ __|
2026-03-20 01:56:48,087 - isca - DEBUG - ___) | (_) | (__| | | (_| | ||  __/\__ \
2026-03-20 01:56:48,087 - isca - DEBUG - |____/ \___/ \___|_|  \__,_|\__\___||___/
2026-03-20 01:56:48,087 - isca - DEBUG - 
2026-03-20 01:56:48,087 - isca - DEBUG - Initialised Socrates v17.03
2026-03-20 01:56:48,087 - isca - DEBUG - Stellar constant =    1860.00000000000
2026-03-20 01:56:48,087 - isca - DEBUG - Longwave spectral file =
2026-03-20 01:56:48,087 - isca - DEBUG - /proj/bolinc/users/x_ryabo/socrates_edited_for_isca/spectral_files_for_GCMs/Sun
2026-03-20 01:56:48,087 - isca - DEBUG - /miniSuran_lw.sf WITH           16  bands
2026-03-20 01:56:48,087 - isca - DEBUG - Longwave hires spectral file =
2026-03-20 01:56:48,087 - isca - DEBUG - /proj/bolinc/users/x_ryabo/socrates_edited_for_isca/spectral_files_for_GCMs/Sun
2026-03-20 01:56:48,087 - isca - DEBUG - /miniSuran_lw.sf WITH           16  bands
2026-03-20 01:56:48,087 - isca - DEBUG - Shortwave spectral file =
2026-03-20 01:56:48,087 - isca - DEBUG - /proj/bolinc/users/x_ryabo/socrates_edited_for_isca/spectral_files_for_GCMs/Sun
2026-03-20 01:56:48,087 - isca - DEBUG - /miniSuran_sw.sf WITH           16  bands
2026-03-20 01:56:48,087 - isca - DEBUG - Shortwave hires spectral file =
2026-03-20 01:56:48,087 - isca - DEBUG - /proj/bolinc/users/x_ryabo/socrates_edited_for_isca/spectral_files_for_GCMs/Sun
2026-03-20 01:56:48,087 - isca - DEBUG - /miniSuran_sw.sf WITH           16  bands
2026-03-20 01:56:48,087 - isca - DEBUG - 
2026-03-20 01:56:48,087 - isca - DEBUG - -----------------------------------
2026-03-20 01:56:48,087 - isca - DEBUG - 
2026-03-20 01:57:09,503 - isca - DEBUG - Integration completed through    1 Jan  2   0: 0: 0
2026-03-20 01:57:31,189 - isca - DEBUG - Integration completed through    1 Jan  3   0: 0: 0
2026-03-20 01:57:53,026 - isca - DEBUG - Integration completed through    1 Jan  4   0: 0: 0
2026-03-20 01:58:15,003 - isca - DEBUG - Integration completed through    1 Jan  5   0: 0: 0
2026-03-20 01:58:37,087 - isca - DEBUG - Integration completed through    1 Jan  6   0: 0: 0
2026-03-20 01:58:59,117 - isca - DEBUG - Integration completed through    1 Jan  7   0: 0: 0
2026-03-20 01:59:21,223 - isca - DEBUG - Integration completed through    1 Jan  8   0: 0: 0
2026-03-20 01:59:43,197 - isca - DEBUG - Integration completed through    1 Jan  9   0: 0: 0
2026-03-20 02:00:05,130 - isca - DEBUG - Integration completed through    1 Jan 10   0: 0: 0
2026-03-20 02:00:27,152 - isca - DEBUG - Integration completed through    1 Jan 11   0: 0: 0
2026-03-20 02:00:49,213 - isca - DEBUG - Integration completed through    1 Jan 12   0: 0: 0
2026-03-20 02:01:11,283 - isca - DEBUG - Integration completed through    1 Jan 13   0: 0: 0
2026-03-20 02:01:33,407 - isca - DEBUG - Integration completed through    1 Jan 14   0: 0: 0
2026-03-20 02:01:55,647 - isca - DEBUG - Integration completed through    1 Jan 15   0: 0: 0
2026-03-20 02:02:17,855 - isca - DEBUG - Integration completed through    1 Jan 16   0: 0: 0
2026-03-20 02:02:40,123 - isca - DEBUG - Integration completed through    1 Jan 17   0: 0: 0
2026-03-20 02:03:02,496 - isca - DEBUG - Integration completed through    1 Jan 18   0: 0: 0
2026-03-20 02:03:24,924 - isca - DEBUG - Integration completed through    1 Jan 19   0: 0: 0
2026-03-20 02:03:47,539 - isca - DEBUG - Integration completed through    1 Jan 20   0: 0: 0
2026-03-20 02:04:10,091 - isca - DEBUG - Integration completed through    1 Jan 21   0: 0: 0
2026-03-20 02:04:32,709 - isca - DEBUG - Integration completed through    1 Jan 22   0: 0: 0
2026-03-20 02:04:55,368 - isca - DEBUG - Integration completed through    1 Jan 23   0: 0: 0
2026-03-20 02:05:18,114 - isca - DEBUG - Integration completed through    1 Jan 24   0: 0: 0
2026-03-20 02:05:40,933 - isca - DEBUG - Integration completed through    1 Jan 25   0: 0: 0
2026-03-20 02:06:03,894 - isca - DEBUG - Integration completed through    1 Jan 26   0: 0: 0
2026-03-20 02:06:26,886 - isca - DEBUG - Integration completed through    1 Jan 27   0: 0: 0
2026-03-20 02:06:49,974 - isca - DEBUG - Integration completed through    1 Jan 28   0: 0: 0
2026-03-20 02:07:13,082 - isca - DEBUG - Integration completed through    1 Jan 29   0: 0: 0
2026-03-20 02:07:36,295 - isca - DEBUG - Integration completed through    1 Jan 30   0: 0: 0
2026-03-20 02:07:59,558 - isca - DEBUG - Integration completed through    1 Feb  1   0: 0: 0
2026-03-20 02:07:59,566 - isca - DEBUG - 
2026-03-20 02:07:59,566 - isca - WARNING - WARNING from PE    0: diag_util_mod::opening_file: module/field_name (socrates/soc_toa_sw_down_clr) NOT registered
2026-03-20 02:07:59,566 - isca - DEBUG - 
2026-03-20 02:07:59,566 - isca - DEBUG - 
2026-03-20 02:07:59,566 - isca - WARNING - WARNING from PE    0: diag_util_mod::opening_file: module/field_name (cloud_simple/rh_min) NOT registered
2026-03-20 02:07:59,566 - isca - DEBUG - 
2026-03-20 02:07:59,566 - isca - DEBUG - 
2026-03-20 02:07:59,566 - isca - WARNING - WARNING from PE    0: diag_util_mod::opening_file: module/field_name (socrates/soc_toa_sw_down_clr) NOT registered
2026-03-20 02:07:59,566 - isca - DEBUG - 
2026-03-20 02:07:59,566 - isca - DEBUG - 
2026-03-20 02:07:59,566 - isca - WARNING - WARNING from PE    0: diag_util_mod::opening_file: module/field_name (cloud_simple/rh_min) NOT registered
2026-03-20 02:07:59,567 - isca - DEBUG - 
2026-03-20 02:07:59,576 - isca - DEBUG - NOTE from PE    0: MPP_IO_SET_STACK_SIZE: stack size set to     393216.
2026-03-20 02:07:59,713 - isca - DEBUG - MPP_DOMAINS_STACK high water mark=       49152
2026-03-20 02:07:59,714 - isca - DEBUG - 
2026-03-20 02:07:59,714 - isca - DEBUG - Tabulating mpp_clock statistics across     16 PEs...
2026-03-20 02:07:59,714 - isca - DEBUG - 
2026-03-20 02:07:59,714 - isca - DEBUG - tmin          tmax          tavg          tstd  tfrac grain pemin pemax
2026-03-20 02:07:59,715 - isca - DEBUG - Total runtime                       672.819560    672.823831    672.821383      0.001211  1.000     0     0    15
2026-03-20 02:07:59,715 - isca - DEBUG - MPP_STACK high water mark=           0
2026-03-20 02:07:59,832 - isca - INFO - Run 1 complete
2026-03-20 02:08:00,704 - isca - DEBUG - atmos_monthly.nc combined and copied to data directory
2026-03-20 02:08:05,217 - isca - INFO - Restart archive created at /proj/bolinc/users/x_ryabo/Isca-Ryan_outputs/Earth_1860/restarts/res0001.tar.gz
2026-03-20 02:08:05,228 - isca - INFO - Writing namelist to '/proj/bolinc/users/x_ryabo/Isca-Ryan_outputs/Earth_1860/run0001/input.nml'
2026-03-20 02:08:05,231 - isca - INFO - Writing field_table to '/proj/bolinc/users/x_ryabo/Isca-Ryan_outputs/Earth_1860/run0001/field_table'
2026-03-20 02:08:05,241 - isca - INFO - Writing diag_table to '/proj/bolinc/users/x_ryabo/Isca-Ryan_outputs/Earth_1860/run0001/diag_table'
2026-03-20 02:08:05,603 - isca - INFO - Emptied run directory '/home/x_ryabo/Isca-Ryan_tmp/experiment/Earth_1860/run'
2026-03-20 02:08:05,624 - isca - INFO - Emptied run directory '/home/x_ryabo/Isca-Ryan_tmp/experiment/Earth_1860/run'
2026-03-20 02:08:05,946 - isca - INFO - Writing namelist to '/home/x_ryabo/Isca-Ryan_tmp/experiment/Earth_1860/run/input.nml'
2026-03-20 02:08:05,948 - isca - INFO - Writing field_table to '/home/x_ryabo/Isca-Ryan_tmp/experiment/Earth_1860/run/field_table'
2026-03-20 02:08:05,960 - isca - INFO - Writing diag_table to '/home/x_ryabo/Isca-Ryan_tmp/experiment/Earth_1860/run/diag_table'
2026-03-20 02:08:05,981 - isca - INFO - Using restart file '/proj/bolinc/users/x_ryabo/Isca-Ryan_outputs/Earth_1860/restarts/res0001.tar.gz'
2026-03-20 02:08:06,371 - isca - INFO - Restart /proj/bolinc/users/x_ryabo/Isca-Ryan_outputs/Earth_1860/restarts/res0001.tar.gz extracted to /home/x_ryabo/Isca-Ryan_tmp/experiment/Earth_1860/run/INPUT
2026-03-20 02:08:06,372 - isca - INFO - Beginning run 2
2026-03-20 02:08:06,382 - isca - INFO - process running as 57130
2026-03-20 02:08:06,382 - isca - DEBUG - loadmodules for Isca on NSC cluster Tetralith
2026-03-20 02:08:06,382 - isca - DEBUG - mpiifort
2026-03-20 02:08:06,496 - isca - DEBUG - The following modules were not unloaded:
2026-03-20 02:08:06,496 - isca - DEBUG - (Use "module --force purge" to unload all):
2026-03-20 02:08:06,496 - isca - DEBUG - 
2026-03-20 02:08:06,496 - isca - DEBUG - 1) hpc/.1.10.1
2026-03-20 02:08:06,599 - isca - DEBUG - ***************************************************
2026-03-20 02:08:06,599 - isca - DEBUG - You have loaded a buildenv module
2026-03-20 02:08:06,599 - isca - DEBUG - ***************************************************
2026-03-20 02:08:06,599 - isca - DEBUG - The buldenv-intel module makes available:
2026-03-20 02:08:06,599 - isca - DEBUG - - Compilers: icc, ifort, etc.
2026-03-20 02:08:06,599 - isca - DEBUG - - Mpi library with mpi-wrapped compilers: intel mpi with mpicc, mpifort, etc.
2026-03-20 02:08:06,599 - isca - DEBUG - - Numerical libraries: intel MKL
2026-03-20 02:08:06,599 - isca - DEBUG - 
2026-03-20 02:08:06,599 - isca - DEBUG - It also makes a set of dependency library modules available via
2026-03-20 02:08:06,599 - isca - DEBUG - the regular module command. Just do:
2026-03-20 02:08:06,599 - isca - DEBUG - module avail
2026-03-20 02:08:06,599 - isca - DEBUG - to see what is available.
2026-03-20 02:08:06,599 - isca - DEBUG - 
2026-03-20 02:08:06,599 - isca - DEBUG - NOTE: You shoud never load build environments inside submitted jobs.
2026-03-20 02:08:06,599 - isca - DEBUG - (with the single exception of when using supercomputer time to compile code.)
2026-03-20 02:08:06,600 - isca - DEBUG - 
2026-03-20 02:08:07,825 - isca - DEBUG - NOTE from PE    0: MPP_DOMAINS_SET_STACK_SIZE: stack size set to    32768.
2026-03-20 02:08:07,826 - isca - DEBUG - &MPP_IO_NML
2026-03-20 02:08:07,826 - isca - DEBUG - HEADER_BUFFER_VAL       =       16384,
2026-03-20 02:08:07,826 - isca - DEBUG - GLOBAL_FIELD_ON_ROOT_PE = T,
2026-03-20 02:08:07,826 - isca - DEBUG - IO_CLOCKS_ON    = F,
2026-03-20 02:08:07,826 - isca - DEBUG - SHUFFLE =           0,
2026-03-20 02:08:07,826 - isca - DEBUG - DEFLATE_LEVEL   =          -1
2026-03-20 02:08:07,826 - isca - DEBUG - /
2026-03-20 02:08:07,827 - isca - DEBUG - NOTE from PE    0: MPP_IO_SET_STACK_SIZE: stack size set to     131072.
2026-03-20 02:08:07,828 - isca - DEBUG - NOTE from PE    0: MPP_DOMAINS_SET_STACK_SIZE: stack size set to   600000.
2026-03-20 02:08:07,835 - isca - DEBUG - starting            1  OpenMP threads per MPI-task
2026-03-20 02:08:07,837 - isca - DEBUG - ATMOS MODEL DOMAIN DECOMPOSITION
2026-03-20 02:08:07,837 - isca - DEBUG - X-AXIS =  128
2026-03-20 02:08:07,837 - isca - DEBUG - Y-AXIS =    4   4   4   4   4   4   4   4   4   4   4   4   4   4   4   4
2026-03-20 02:08:07,890 - isca - DEBUG - NOTE from PE    0: cloud_simple: Using SimCloud cloud scheme
2026-03-20 02:08:07,891 - isca - DEBUG - NOTE from PE    0: ls_cloud: Using Sundqvist (1989) cloud fraction diagnostic formula.
2026-03-20 02:08:07,892 - isca - DEBUG - NOTE from PE    0: cloud_cover: The cloud overlap assumption is MAXIMUM-RANDOM
2026-03-20 02:08:07,892 - isca - DEBUG - NOTE from PE    0: idealized_moist_phys: Using Frierson Quasi-Equilibrium convection scheme.
2026-03-20 02:08:07,900 - isca - DEBUG - 
2026-03-20 02:08:07,900 - isca - WARNING - WARNING from PE    0: socrates_init: lw_hires_spectral_filename is unset, making equal to lw_spectral_filename
2026-03-20 02:08:07,900 - isca - DEBUG - 
2026-03-20 02:08:07,900 - isca - DEBUG - 
2026-03-20 02:08:07,900 - isca - WARNING - WARNING from PE    0: socrates_init: lw_hires_spectral_filename is unset, making equal to lw_spectral_filename
2026-03-20 02:08:07,901 - isca - DEBUG - 
2026-03-20 02:08:07,901 - isca - DEBUG - 
2026-03-20 02:08:07,901 - isca - WARNING - WARNING from PE    0: socrates_init: sw_hires_spectral_filename is unset, making equal to sw_spectral_filename
2026-03-20 02:08:07,901 - isca - DEBUG - 
2026-03-20 02:08:07,901 - isca - DEBUG - 
2026-03-20 02:08:07,901 - isca - WARNING - WARNING from PE    0: socrates_init: sw_hires_spectral_filename is unset, making equal to sw_spectral_filename
2026-03-20 02:08:07,901 - isca - DEBUG - 
2026-03-20 02:08:09,015 - isca - DEBUG - NOTE from PE    0: Interpolator: Using input file with no time dimension - ozone_1990_notime_zero.nc
2026-03-20 02:08:09,016 - isca - DEBUG - Initializing src field : ozone_1990
2026-03-20 02:08:09,018 - isca - DEBUG - 
2026-03-20 02:08:09,018 - isca - DEBUG - -----------------------------------
2026-03-20 02:08:09,018 - isca - DEBUG - ____                       _
2026-03-20 02:08:09,018 - isca - DEBUG - / ___|  ___   ___ _ __ __ _| |_ ___  ___
2026-03-20 02:08:09,018 - isca - DEBUG - \___ \ / _ \ / __|  __/ _` | __/ _ \/ __|
2026-03-20 02:08:09,018 - isca - DEBUG - ___) | (_) | (__| | | (_| | ||  __/\__ \
2026-03-20 02:08:09,018 - isca - DEBUG - |____/ \___/ \___|_|  \__,_|\__\___||___/
2026-03-20 02:08:09,018 - isca - DEBUG - 
2026-03-20 02:08:09,018 - isca - DEBUG - Initialised Socrates v17.03
2026-03-20 02:08:09,018 - isca - DEBUG - Stellar constant =    1860.00000000000
2026-03-20 02:08:09,018 - isca - DEBUG - Longwave spectral file =
2026-03-20 02:08:09,018 - isca - DEBUG - /proj/bolinc/users/x_ryabo/socrates_edited_for_isca/spectral_files_for_GCMs/Sun
2026-03-20 02:08:09,018 - isca - DEBUG - /miniSuran_lw.sf WITH           16  bands
2026-03-20 02:08:09,018 - isca - DEBUG - Longwave hires spectral file =
2026-03-20 02:08:09,018 - isca - DEBUG - /proj/bolinc/users/x_ryabo/socrates_edited_for_isca/spectral_files_for_GCMs/Sun
2026-03-20 02:08:09,018 - isca - DEBUG - /miniSuran_lw.sf WITH           16  bands
2026-03-20 02:08:09,018 - isca - DEBUG - Shortwave spectral file =
2026-03-20 02:08:09,018 - isca - DEBUG - /proj/bolinc/users/x_ryabo/socrates_edited_for_isca/spectral_files_for_GCMs/Sun
2026-03-20 02:08:09,018 - isca - DEBUG - /miniSuran_sw.sf WITH           16  bands
2026-03-20 02:08:09,018 - isca - DEBUG - Shortwave hires spectral file =
2026-03-20 02:08:09,018 - isca - DEBUG - /proj/bolinc/users/x_ryabo/socrates_edited_for_isca/spectral_files_for_GCMs/Sun
2026-03-20 02:08:09,018 - isca - DEBUG - /miniSuran_sw.sf WITH           16  bands
2026-03-20 02:08:09,019 - isca - DEBUG - 
2026-03-20 02:08:09,019 - isca - DEBUG - -----------------------------------
2026-03-20 02:08:09,019 - isca - DEBUG - 
2026-03-20 02:08:32,720 - isca - DEBUG - Integration completed through    1 Feb  2   0: 0: 0
2026-03-20 02:08:56,364 - isca - DEBUG - Integration completed through    1 Feb  3   0: 0: 0
2026-03-20 02:09:19,973 - isca - DEBUG - Integration completed through    1 Feb  4   0: 0: 0
2026-03-20 02:09:43,636 - isca - DEBUG - Integration completed through    1 Feb  5   0: 0: 0
2026-03-20 02:10:07,302 - isca - DEBUG - Integration completed through    1 Feb  6   0: 0: 0
2026-03-20 02:10:31,028 - isca - DEBUG - Integration completed through    1 Feb  7   0: 0: 0
2026-03-20 02:10:54,749 - isca - DEBUG - Integration completed through    1 Feb  8   0: 0: 0
2026-03-20 02:11:18,485 - isca - DEBUG - Integration completed through    1 Feb  9   0: 0: 0
2026-03-20 02:11:42,258 - isca - DEBUG - Integration completed through    1 Feb 10   0: 0: 0
2026-03-20 02:12:06,071 - isca - DEBUG - Integration completed through    1 Feb 11   0: 0: 0
2026-03-20 02:12:29,965 - isca - DEBUG - Integration completed through    1 Feb 12   0: 0: 0
2026-03-20 02:12:53,865 - isca - DEBUG - Integration completed through    1 Feb 13   0: 0: 0
2026-03-20 02:13:17,787 - isca - DEBUG - Integration completed through    1 Feb 14   0: 0: 0
2026-03-20 02:13:41,724 - isca - DEBUG - Integration completed through    1 Feb 15   0: 0: 0
2026-03-20 02:14:05,603 - isca - DEBUG - Integration completed through    1 Feb 16   0: 0: 0
2026-03-20 02:14:29,517 - isca - DEBUG - Integration completed through    1 Feb 17   0: 0: 0
2026-03-20 02:14:53,464 - isca - DEBUG - Integration completed through    1 Feb 18   0: 0: 0
2026-03-20 02:15:17,506 - isca - DEBUG - Integration completed through    1 Feb 19   0: 0: 0
2026-03-20 02:15:41,643 - isca - DEBUG - Integration completed through    1 Feb 20   0: 0: 0
2026-03-20 02:16:05,788 - isca - DEBUG - Integration completed through    1 Feb 21   0: 0: 0
2026-03-20 02:16:29,930 - isca - DEBUG - Integration completed through    1 Feb 22   0: 0: 0
2026-03-20 02:16:54,044 - isca - DEBUG - Integration completed through    1 Feb 23   0: 0: 0
2026-03-20 02:17:18,284 - isca - DEBUG - Integration completed through    1 Feb 24   0: 0: 0
2026-03-20 02:17:42,447 - isca - DEBUG - Integration completed through    1 Feb 25   0: 0: 0
2026-03-20 02:18:06,641 - isca - DEBUG - Integration completed through    1 Feb 26   0: 0: 0
2026-03-20 02:18:30,820 - isca - DEBUG - Integration completed through    1 Feb 27   0: 0: 0
2026-03-20 02:18:55,079 - isca - DEBUG - Integration completed through    1 Feb 28   0: 0: 0
2026-03-20 02:19:19,357 - isca - DEBUG - Integration completed through    1 Feb 29   0: 0: 0
2026-03-20 02:19:43,657 - isca - DEBUG - Integration completed through    1 Feb 30   0: 0: 0
2026-03-20 02:20:08,039 - isca - DEBUG - Integration completed through    1 Mar  1   0: 0: 0
2026-03-20 02:20:08,048 - isca - DEBUG - 
2026-03-20 02:20:08,048 - isca - WARNING - WARNING from PE    0: diag_util_mod::opening_file: module/field_name (socrates/soc_toa_sw_down_clr) NOT registered
2026-03-20 02:20:08,048 - isca - DEBUG - 
2026-03-20 02:20:08,048 - isca - DEBUG - 
2026-03-20 02:20:08,048 - isca - WARNING - WARNING from PE    0: diag_util_mod::opening_file: module/field_name (cloud_simple/rh_min) NOT registered
2026-03-20 02:20:08,048 - isca - DEBUG - 
2026-03-20 02:20:08,048 - isca - DEBUG - 
2026-03-20 02:20:08,048 - isca - WARNING - WARNING from PE    0: diag_util_mod::opening_file: module/field_name (socrates/soc_toa_sw_down_clr) NOT registered
2026-03-20 02:20:08,048 - isca - DEBUG - 
2026-03-20 02:20:08,048 - isca - DEBUG - 
2026-03-20 02:20:08,048 - isca - WARNING - WARNING from PE    0: diag_util_mod::opening_file: module/field_name (cloud_simple/rh_min) NOT registered
2026-03-20 02:20:08,049 - isca - DEBUG - 
2026-03-20 02:20:08,059 - isca - DEBUG - NOTE from PE    0: MPP_IO_SET_STACK_SIZE: stack size set to     393216.
2026-03-20 02:20:08,161 - isca - DEBUG - MPP_DOMAINS_STACK high water mark=       49152
2026-03-20 02:20:08,162 - isca - DEBUG - 
2026-03-20 02:20:08,162 - isca - DEBUG - Tabulating mpp_clock statistics across     16 PEs...
2026-03-20 02:20:08,162 - isca - DEBUG - 
2026-03-20 02:20:08,162 - isca - DEBUG - tmin          tmax          tavg          tstd  tfrac grain pemin pemax
2026-03-20 02:20:08,163 - isca - DEBUG - Total runtime                       720.334377    720.338388    720.336370      0.001164  1.000     0     0    15
2026-03-20 02:20:08,163 - isca - DEBUG - MPP_STACK high water mark=           0
2026-03-20 02:20:08,254 - isca - INFO - Run 2 complete
2026-03-20 02:20:09,285 - isca - DEBUG - atmos_monthly.nc combined and copied to data directory
2026-03-20 02:20:14,710 - isca - INFO - Restart archive created at /proj/bolinc/users/x_ryabo/Isca-Ryan_outputs/Earth_1860/restarts/res0002.tar.gz
2026-03-20 02:20:14,722 - isca - INFO - Writing namelist to '/proj/bolinc/users/x_ryabo/Isca-Ryan_outputs/Earth_1860/run0002/input.nml'
2026-03-20 02:20:14,724 - isca - INFO - Writing field_table to '/proj/bolinc/users/x_ryabo/Isca-Ryan_outputs/Earth_1860/run0002/field_table'
2026-03-20 02:20:14,734 - isca - INFO - Writing diag_table to '/proj/bolinc/users/x_ryabo/Isca-Ryan_outputs/Earth_1860/run0002/diag_table'
2026-03-20 02:20:15,125 - isca - INFO - Emptied run directory '/home/x_ryabo/Isca-Ryan_tmp/experiment/Earth_1860/run'
2026-03-20 02:20:15,143 - isca - INFO - Emptied run directory '/home/x_ryabo/Isca-Ryan_tmp/experiment/Earth_1860/run'
2026-03-20 02:20:15,465 - isca - INFO - Writing namelist to '/home/x_ryabo/Isca-Ryan_tmp/experiment/Earth_1860/run/input.nml'
2026-03-20 02:20:15,467 - isca - INFO - Writing field_table to '/home/x_ryabo/Isca-Ryan_tmp/experiment/Earth_1860/run/field_table'
2026-03-20 02:20:15,479 - isca - INFO - Writing diag_table to '/home/x_ryabo/Isca-Ryan_tmp/experiment/Earth_1860/run/diag_table'
2026-03-20 02:20:15,491 - isca - INFO - Using restart file '/proj/bolinc/users/x_ryabo/Isca-Ryan_outputs/Earth_1860/restarts/res0002.tar.gz'
2026-03-20 02:20:15,889 - isca - INFO - Restart /proj/bolinc/users/x_ryabo/Isca-Ryan_outputs/Earth_1860/restarts/res0002.tar.gz extracted to /home/x_ryabo/Isca-Ryan_tmp/experiment/Earth_1860/run/INPUT
2026-03-20 02:20:15,890 - isca - INFO - Beginning run 3
2026-03-20 02:20:15,905 - isca - INFO - process running as 57886
2026-03-20 02:20:15,905 - isca - DEBUG - loadmodules for Isca on NSC cluster Tetralith
2026-03-20 02:20:15,905 - isca - DEBUG - mpiifort
2026-03-20 02:20:16,013 - isca - DEBUG - The following modules were not unloaded:
2026-03-20 02:20:16,013 - isca - DEBUG - (Use "module --force purge" to unload all):
2026-03-20 02:20:16,013 - isca - DEBUG - 
2026-03-20 02:20:16,013 - isca - DEBUG - 1) hpc/.1.10.1
2026-03-20 02:20:16,116 - isca - DEBUG - ***************************************************
2026-03-20 02:20:16,116 - isca - DEBUG - You have loaded a buildenv module
2026-03-20 02:20:16,116 - isca - DEBUG - ***************************************************
2026-03-20 02:20:16,116 - isca - DEBUG - The buldenv-intel module makes available:
2026-03-20 02:20:16,116 - isca - DEBUG - - Compilers: icc, ifort, etc.
2026-03-20 02:20:16,116 - isca - DEBUG - - Mpi library with mpi-wrapped compilers: intel mpi with mpicc, mpifort, etc.
2026-03-20 02:20:16,116 - isca - DEBUG - - Numerical libraries: intel MKL
2026-03-20 02:20:16,116 - isca - DEBUG - 
2026-03-20 02:20:16,116 - isca - DEBUG - It also makes a set of dependency library modules available via
2026-03-20 02:20:16,116 - isca - DEBUG - the regular module command. Just do:
2026-03-20 02:20:16,116 - isca - DEBUG - module avail
2026-03-20 02:20:16,116 - isca - DEBUG - to see what is available.
2026-03-20 02:20:16,116 - isca - DEBUG - 
2026-03-20 02:20:16,116 - isca - DEBUG - NOTE: You shoud never load build environments inside submitted jobs.
2026-03-20 02:20:16,116 - isca - DEBUG - (with the single exception of when using supercomputer time to compile code.)
2026-03-20 02:20:16,116 - isca - DEBUG - 
2026-03-20 02:20:17,451 - isca - DEBUG - NOTE from PE    0: MPP_DOMAINS_SET_STACK_SIZE: stack size set to    32768.
2026-03-20 02:20:17,451 - isca - DEBUG - &MPP_IO_NML
2026-03-20 02:20:17,452 - isca - DEBUG - HEADER_BUFFER_VAL       =       16384,
2026-03-20 02:20:17,452 - isca - DEBUG - GLOBAL_FIELD_ON_ROOT_PE = T,
2026-03-20 02:20:17,452 - isca - DEBUG - IO_CLOCKS_ON    = F,
2026-03-20 02:20:17,452 - isca - DEBUG - SHUFFLE =           0,
2026-03-20 02:20:17,452 - isca - DEBUG - DEFLATE_LEVEL   =          -1
2026-03-20 02:20:17,452 - isca - DEBUG - /
2026-03-20 02:20:17,453 - isca - DEBUG - NOTE from PE    0: MPP_IO_SET_STACK_SIZE: stack size set to     131072.
2026-03-20 02:20:17,454 - isca - DEBUG - NOTE from PE    0: MPP_DOMAINS_SET_STACK_SIZE: stack size set to   600000.
2026-03-20 02:20:17,461 - isca - DEBUG - starting            1  OpenMP threads per MPI-task
2026-03-20 02:20:17,463 - isca - DEBUG - ATMOS MODEL DOMAIN DECOMPOSITION
2026-03-20 02:20:17,463 - isca - DEBUG - X-AXIS =  128
2026-03-20 02:20:17,463 - isca - DEBUG - Y-AXIS =    4   4   4   4   4   4   4   4   4   4   4   4   4   4   4   4
2026-03-20 02:20:17,515 - isca - DEBUG - NOTE from PE    0: cloud_simple: Using SimCloud cloud scheme
2026-03-20 02:20:17,516 - isca - DEBUG - NOTE from PE    0: ls_cloud: Using Sundqvist (1989) cloud fraction diagnostic formula.
2026-03-20 02:20:17,517 - isca - DEBUG - NOTE from PE    0: cloud_cover: The cloud overlap assumption is MAXIMUM-RANDOM
2026-03-20 02:20:17,517 - isca - DEBUG - NOTE from PE    0: idealized_moist_phys: Using Frierson Quasi-Equilibrium convection scheme.
2026-03-20 02:20:17,526 - isca - DEBUG - 
2026-03-20 02:20:17,526 - isca - WARNING - WARNING from PE    0: socrates_init: lw_hires_spectral_filename is unset, making equal to lw_spectral_filename
2026-03-20 02:20:17,526 - isca - DEBUG - 
2026-03-20 02:20:17,526 - isca - DEBUG - 
2026-03-20 02:20:17,526 - isca - WARNING - WARNING from PE    0: socrates_init: lw_hires_spectral_filename is unset, making equal to lw_spectral_filename
2026-03-20 02:20:17,526 - isca - DEBUG - 
2026-03-20 02:20:17,526 - isca - DEBUG - 
2026-03-20 02:20:17,526 - isca - WARNING - WARNING from PE    0: socrates_init: sw_hires_spectral_filename is unset, making equal to sw_spectral_filename
2026-03-20 02:20:17,526 - isca - DEBUG - 
2026-03-20 02:20:17,526 - isca - DEBUG - 
2026-03-20 02:20:17,526 - isca - WARNING - WARNING from PE    0: socrates_init: sw_hires_spectral_filename is unset, making equal to sw_spectral_filename
2026-03-20 02:20:17,526 - isca - DEBUG - 
2026-03-20 02:20:18,668 - isca - DEBUG - NOTE from PE    0: Interpolator: Using input file with no time dimension - ozone_1990_notime_zero.nc
2026-03-20 02:20:18,668 - isca - DEBUG - Initializing src field : ozone_1990
2026-03-20 02:20:18,670 - isca - DEBUG - 
2026-03-20 02:20:18,670 - isca - DEBUG - -----------------------------------
2026-03-20 02:20:18,670 - isca - DEBUG - ____                       _
2026-03-20 02:20:18,670 - isca - DEBUG - / ___|  ___   ___ _ __ __ _| |_ ___  ___
2026-03-20 02:20:18,670 - isca - DEBUG - \___ \ / _ \ / __|  __/ _` | __/ _ \/ __|
2026-03-20 02:20:18,670 - isca - DEBUG - ___) | (_) | (__| | | (_| | ||  __/\__ \
2026-03-20 02:20:18,670 - isca - DEBUG - |____/ \___/ \___|_|  \__,_|\__\___||___/
2026-03-20 02:20:18,670 - isca - DEBUG - 
2026-03-20 02:20:18,670 - isca - DEBUG - Initialised Socrates v17.03
2026-03-20 02:20:18,671 - isca - DEBUG - Stellar constant =    1860.00000000000
2026-03-20 02:20:18,671 - isca - DEBUG - Longwave spectral file =
2026-03-20 02:20:18,671 - isca - DEBUG - /proj/bolinc/users/x_ryabo/socrates_edited_for_isca/spectral_files_for_GCMs/Sun
2026-03-20 02:20:18,671 - isca - DEBUG - /miniSuran_lw.sf WITH           16  bands
2026-03-20 02:20:18,671 - isca - DEBUG - Longwave hires spectral file =
2026-03-20 02:20:18,671 - isca - DEBUG - /proj/bolinc/users/x_ryabo/socrates_edited_for_isca/spectral_files_for_GCMs/Sun
2026-03-20 02:20:18,671 - isca - DEBUG - /miniSuran_lw.sf WITH           16  bands
2026-03-20 02:20:18,671 - isca - DEBUG - Shortwave spectral file =
2026-03-20 02:20:18,671 - isca - DEBUG - /proj/bolinc/users/x_ryabo/socrates_edited_for_isca/spectral_files_for_GCMs/Sun
2026-03-20 02:20:18,671 - isca - DEBUG - /miniSuran_sw.sf WITH           16  bands
2026-03-20 02:20:18,671 - isca - DEBUG - Shortwave hires spectral file =
2026-03-20 02:20:18,671 - isca - DEBUG - /proj/bolinc/users/x_ryabo/socrates_edited_for_isca/spectral_files_for_GCMs/Sun
2026-03-20 02:20:18,671 - isca - DEBUG - /miniSuran_sw.sf WITH           16  bands
2026-03-20 02:20:18,671 - isca - DEBUG - 
2026-03-20 02:20:18,671 - isca - DEBUG - -----------------------------------
2026-03-20 02:20:18,671 - isca - DEBUG - 
2026-03-20 02:20:42,823 - isca - DEBUG - Integration completed through    1 Mar  2   0: 0: 0
2026-03-20 02:21:06,888 - isca - DEBUG - Integration completed through    1 Mar  3   0: 0: 0
2026-03-20 02:21:30,981 - isca - DEBUG - Integration completed through    1 Mar  4   0: 0: 0
2026-03-20 02:21:55,200 - isca - DEBUG - Integration completed through    1 Mar  5   0: 0: 0
2026-03-20 02:22:19,559 - isca - DEBUG - Integration completed through    1 Mar  6   0: 0: 0
2026-03-20 02:22:43,805 - isca - DEBUG - Integration completed through    1 Mar  7   0: 0: 0
2026-03-20 02:23:08,079 - isca - DEBUG - Integration completed through    1 Mar  8   0: 0: 0
2026-03-20 02:23:32,360 - isca - DEBUG - Integration completed through    1 Mar  9   0: 0: 0
2026-03-20 02:23:56,727 - isca - DEBUG - Integration completed through    1 Mar 10   0: 0: 0
2026-03-20 02:24:21,001 - isca - DEBUG - Integration completed through    1 Mar 11   0: 0: 0
2026-03-20 02:24:45,329 - isca - DEBUG - Integration completed through    1 Mar 12   0: 0: 0
2026-03-20 02:25:09,565 - isca - DEBUG - Integration completed through    1 Mar 13   0: 0: 0
2026-03-20 02:25:33,943 - isca - DEBUG - Integration completed through    1 Mar 14   0: 0: 0
2026-03-20 02:25:58,418 - isca - DEBUG - Integration completed through    1 Mar 15   0: 0: 0
2026-03-20 02:26:22,852 - isca - DEBUG - Integration completed through    1 Mar 16   0: 0: 0
2026-03-20 02:26:47,196 - isca - DEBUG - Integration completed through    1 Mar 17   0: 0: 0
2026-03-20 02:27:11,679 - isca - DEBUG - Integration completed through    1 Mar 18   0: 0: 0
2026-03-20 02:27:36,229 - isca - DEBUG - Integration completed through    1 Mar 19   0: 0: 0
2026-03-20 02:28:00,613 - isca - DEBUG - Integration completed through    1 Mar 20   0: 0: 0
2026-03-20 02:28:24,875 - isca - DEBUG - Integration completed through    1 Mar 21   0: 0: 0
2026-03-20 02:28:49,376 - isca - DEBUG - Integration completed through    1 Mar 22   0: 0: 0
2026-03-20 02:29:13,948 - isca - DEBUG - Integration completed through    1 Mar 23   0: 0: 0
2026-03-20 02:29:38,078 - isca - DEBUG - Integration completed through    1 Mar 24   0: 0: 0
2026-03-20 02:30:02,126 - isca - DEBUG - Integration completed through    1 Mar 25   0: 0: 0
2026-03-20 02:30:26,254 - isca - DEBUG - Integration completed through    1 Mar 26   0: 0: 0
2026-03-20 02:30:50,367 - isca - DEBUG - Integration completed through    1 Mar 27   0: 0: 0
2026-03-20 02:31:14,465 - isca - DEBUG - Integration completed through    1 Mar 28   0: 0: 0
2026-03-20 02:31:38,655 - isca - DEBUG - Integration completed through    1 Mar 29   0: 0: 0
2026-03-20 02:32:02,829 - isca - DEBUG - Integration completed through    1 Mar 30   0: 0: 0
2026-03-20 02:32:27,066 - isca - DEBUG - Integration completed through    1 Apr  1   0: 0: 0
2026-03-20 02:32:27,074 - isca - DEBUG - 
2026-03-20 02:32:27,074 - isca - WARNING - WARNING from PE    0: diag_util_mod::opening_file: module/field_name (socrates/soc_toa_sw_down_clr) NOT registered
2026-03-20 02:32:27,074 - isca - DEBUG - 
2026-03-20 02:32:27,074 - isca - DEBUG - 
2026-03-20 02:32:27,074 - isca - WARNING - WARNING from PE    0: diag_util_mod::opening_file: module/field_name (cloud_simple/rh_min) NOT registered
2026-03-20 02:32:27,075 - isca - DEBUG - 
2026-03-20 02:32:27,075 - isca - DEBUG - 
2026-03-20 02:32:27,075 - isca - WARNING - WARNING from PE    0: diag_util_mod::opening_file: module/field_name (socrates/soc_toa_sw_down_clr) NOT registered
2026-03-20 02:32:27,075 - isca - DEBUG - 
2026-03-20 02:32:27,075 - isca - DEBUG - 
2026-03-20 02:32:27,075 - isca - WARNING - WARNING from PE    0: diag_util_mod::opening_file: module/field_name (cloud_simple/rh_min) NOT registered
2026-03-20 02:32:27,075 - isca - DEBUG - 
2026-03-20 02:32:27,084 - isca - DEBUG - NOTE from PE    0: MPP_IO_SET_STACK_SIZE: stack size set to     393216.
2026-03-20 02:32:27,204 - isca - DEBUG - MPP_DOMAINS_STACK high water mark=       49152
2026-03-20 02:32:27,204 - isca - DEBUG - 
2026-03-20 02:32:27,204 - isca - DEBUG - Tabulating mpp_clock statistics across     16 PEs...
2026-03-20 02:32:27,205 - isca - DEBUG - 
2026-03-20 02:32:27,205 - isca - DEBUG - tmin          tmax          tavg          tstd  tfrac grain pemin pemax
2026-03-20 02:32:27,205 - isca - DEBUG - Total runtime                       729.751328    729.755081    729.753370      0.001206  1.000     0     0    15
2026-03-20 02:32:27,205 - isca - DEBUG - MPP_STACK high water mark=           0
2026-03-20 02:32:27,301 - isca - INFO - Run 3 complete
2026-03-20 02:32:28,293 - isca - DEBUG - atmos_monthly.nc combined and copied to data directory
2026-03-20 02:32:34,557 - isca - INFO - Restart archive created at /proj/bolinc/users/x_ryabo/Isca-Ryan_outputs/Earth_1860/restarts/res0003.tar.gz
2026-03-20 02:32:34,569 - isca - INFO - Writing namelist to '/proj/bolinc/users/x_ryabo/Isca-Ryan_outputs/Earth_1860/run0003/input.nml'
2026-03-20 02:32:34,601 - isca - INFO - Writing field_table to '/proj/bolinc/users/x_ryabo/Isca-Ryan_outputs/Earth_1860/run0003/field_table'
2026-03-20 02:32:34,610 - isca - INFO - Writing diag_table to '/proj/bolinc/users/x_ryabo/Isca-Ryan_outputs/Earth_1860/run0003/diag_table'
2026-03-20 02:32:34,974 - isca - INFO - Emptied run directory '/home/x_ryabo/Isca-Ryan_tmp/experiment/Earth_1860/run'
2026-03-20 02:32:34,992 - isca - INFO - Emptied run directory '/home/x_ryabo/Isca-Ryan_tmp/experiment/Earth_1860/run'
2026-03-20 02:32:35,316 - isca - INFO - Writing namelist to '/home/x_ryabo/Isca-Ryan_tmp/experiment/Earth_1860/run/input.nml'
2026-03-20 02:32:35,318 - isca - INFO - Writing field_table to '/home/x_ryabo/Isca-Ryan_tmp/experiment/Earth_1860/run/field_table'
2026-03-20 02:32:35,330 - isca - INFO - Writing diag_table to '/home/x_ryabo/Isca-Ryan_tmp/experiment/Earth_1860/run/diag_table'
2026-03-20 02:32:35,343 - isca - INFO - Using restart file '/proj/bolinc/users/x_ryabo/Isca-Ryan_outputs/Earth_1860/restarts/res0003.tar.gz'
2026-03-20 02:32:35,746 - isca - INFO - Restart /proj/bolinc/users/x_ryabo/Isca-Ryan_outputs/Earth_1860/restarts/res0003.tar.gz extracted to /home/x_ryabo/Isca-Ryan_tmp/experiment/Earth_1860/run/INPUT
2026-03-20 02:32:35,747 - isca - INFO - Beginning run 4
2026-03-20 02:32:35,758 - isca - INFO - process running as 58728
2026-03-20 02:32:35,758 - isca - DEBUG - loadmodules for Isca on NSC cluster Tetralith
2026-03-20 02:32:35,758 - isca - DEBUG - mpiifort
2026-03-20 02:32:35,872 - isca - DEBUG - The following modules were not unloaded:
2026-03-20 02:32:35,872 - isca - DEBUG - (Use "module --force purge" to unload all):
2026-03-20 02:32:35,872 - isca - DEBUG - 
2026-03-20 02:32:35,872 - isca - DEBUG - 1) hpc/.1.10.1
2026-03-20 02:32:35,977 - isca - DEBUG - ***************************************************
2026-03-20 02:32:35,977 - isca - DEBUG - You have loaded a buildenv module
2026-03-20 02:32:35,977 - isca - DEBUG - ***************************************************
2026-03-20 02:32:35,977 - isca - DEBUG - The buldenv-intel module makes available:
2026-03-20 02:32:35,977 - isca - DEBUG - - Compilers: icc, ifort, etc.
2026-03-20 02:32:35,977 - isca - DEBUG - - Mpi library with mpi-wrapped compilers: intel mpi with mpicc, mpifort, etc.
2026-03-20 02:32:35,977 - isca - DEBUG - - Numerical libraries: intel MKL
2026-03-20 02:32:35,977 - isca - DEBUG - 
2026-03-20 02:32:35,977 - isca - DEBUG - It also makes a set of dependency library modules available via
2026-03-20 02:32:35,977 - isca - DEBUG - the regular module command. Just do:
2026-03-20 02:32:35,977 - isca - DEBUG - module avail
2026-03-20 02:32:35,977 - isca - DEBUG - to see what is available.
2026-03-20 02:32:35,977 - isca - DEBUG - 
2026-03-20 02:32:35,977 - isca - DEBUG - NOTE: You shoud never load build environments inside submitted jobs.
2026-03-20 02:32:35,977 - isca - DEBUG - (with the single exception of when using supercomputer time to compile code.)
2026-03-20 02:32:35,978 - isca - DEBUG - 
2026-03-20 02:32:37,171 - isca - DEBUG - NOTE from PE    0: MPP_DOMAINS_SET_STACK_SIZE: stack size set to    32768.
2026-03-20 02:32:37,171 - isca - DEBUG - &MPP_IO_NML
2026-03-20 02:32:37,171 - isca - DEBUG - HEADER_BUFFER_VAL       =       16384,
2026-03-20 02:32:37,171 - isca - DEBUG - GLOBAL_FIELD_ON_ROOT_PE = T,
2026-03-20 02:32:37,171 - isca - DEBUG - IO_CLOCKS_ON    = F,
2026-03-20 02:32:37,171 - isca - DEBUG - SHUFFLE =           0,
2026-03-20 02:32:37,171 - isca - DEBUG - DEFLATE_LEVEL   =          -1
2026-03-20 02:32:37,171 - isca - DEBUG - /
2026-03-20 02:32:37,173 - isca - DEBUG - NOTE from PE    0: MPP_IO_SET_STACK_SIZE: stack size set to     131072.
2026-03-20 02:32:37,173 - isca - DEBUG - NOTE from PE    0: MPP_DOMAINS_SET_STACK_SIZE: stack size set to   600000.
2026-03-20 02:32:37,181 - isca - DEBUG - starting            1  OpenMP threads per MPI-task
2026-03-20 02:32:37,182 - isca - DEBUG - ATMOS MODEL DOMAIN DECOMPOSITION
2026-03-20 02:32:37,182 - isca - DEBUG - X-AXIS =  128
2026-03-20 02:32:37,183 - isca - DEBUG - Y-AXIS =    4   4   4   4   4   4   4   4   4   4   4   4   4   4   4   4
2026-03-20 02:32:37,236 - isca - DEBUG - NOTE from PE    0: cloud_simple: Using SimCloud cloud scheme
2026-03-20 02:32:37,237 - isca - DEBUG - NOTE from PE    0: ls_cloud: Using Sundqvist (1989) cloud fraction diagnostic formula.
2026-03-20 02:32:37,237 - isca - DEBUG - NOTE from PE    0: cloud_cover: The cloud overlap assumption is MAXIMUM-RANDOM
2026-03-20 02:32:37,237 - isca - DEBUG - NOTE from PE    0: idealized_moist_phys: Using Frierson Quasi-Equilibrium convection scheme.
2026-03-20 02:32:37,245 - isca - DEBUG - 
2026-03-20 02:32:37,246 - isca - WARNING - WARNING from PE    0: socrates_init: lw_hires_spectral_filename is unset, making equal to lw_spectral_filename
2026-03-20 02:32:37,246 - isca - DEBUG - 
2026-03-20 02:32:37,246 - isca - DEBUG - 
2026-03-20 02:32:37,246 - isca - WARNING - WARNING from PE    0: socrates_init: lw_hires_spectral_filename is unset, making equal to lw_spectral_filename
2026-03-20 02:32:37,246 - isca - DEBUG - 
2026-03-20 02:32:37,246 - isca - DEBUG - 
2026-03-20 02:32:37,246 - isca - WARNING - WARNING from PE    0: socrates_init: sw_hires_spectral_filename is unset, making equal to sw_spectral_filename
2026-03-20 02:32:37,246 - isca - DEBUG - 
2026-03-20 02:32:37,246 - isca - DEBUG - 
2026-03-20 02:32:37,246 - isca - WARNING - WARNING from PE    0: socrates_init: sw_hires_spectral_filename is unset, making equal to sw_spectral_filename
2026-03-20 02:32:37,246 - isca - DEBUG - 
2026-03-20 02:32:38,363 - isca - DEBUG - NOTE from PE    0: Interpolator: Using input file with no time dimension - ozone_1990_notime_zero.nc
2026-03-20 02:32:38,363 - isca - DEBUG - Initializing src field : ozone_1990
2026-03-20 02:32:38,365 - isca - DEBUG - 
2026-03-20 02:32:38,365 - isca - DEBUG - -----------------------------------
2026-03-20 02:32:38,365 - isca - DEBUG - ____                       _
2026-03-20 02:32:38,365 - isca - DEBUG - / ___|  ___   ___ _ __ __ _| |_ ___  ___
2026-03-20 02:32:38,365 - isca - DEBUG - \___ \ / _ \ / __|  __/ _` | __/ _ \/ __|
2026-03-20 02:32:38,365 - isca - DEBUG - ___) | (_) | (__| | | (_| | ||  __/\__ \
2026-03-20 02:32:38,365 - isca - DEBUG - |____/ \___/ \___|_|  \__,_|\__\___||___/
2026-03-20 02:32:38,365 - isca - DEBUG - 
2026-03-20 02:32:38,365 - isca - DEBUG - Initialised Socrates v17.03
2026-03-20 02:32:38,365 - isca - DEBUG - Stellar constant =    1860.00000000000
2026-03-20 02:32:38,365 - isca - DEBUG - Longwave spectral file =
2026-03-20 02:32:38,365 - isca - DEBUG - /proj/bolinc/users/x_ryabo/socrates_edited_for_isca/spectral_files_for_GCMs/Sun
2026-03-20 02:32:38,365 - isca - DEBUG - /miniSuran_lw.sf WITH           16  bands
2026-03-20 02:32:38,365 - isca - DEBUG - Longwave hires spectral file =
2026-03-20 02:32:38,365 - isca - DEBUG - /proj/bolinc/users/x_ryabo/socrates_edited_for_isca/spectral_files_for_GCMs/Sun
2026-03-20 02:32:38,365 - isca - DEBUG - /miniSuran_lw.sf WITH           16  bands
2026-03-20 02:32:38,365 - isca - DEBUG - Shortwave spectral file =
2026-03-20 02:32:38,365 - isca - DEBUG - /proj/bolinc/users/x_ryabo/socrates_edited_for_isca/spectral_files_for_GCMs/Sun
2026-03-20 02:32:38,365 - isca - DEBUG - /miniSuran_sw.sf WITH           16  bands
2026-03-20 02:32:38,366 - isca - DEBUG - Shortwave hires spectral file =
2026-03-20 02:32:38,366 - isca - DEBUG - /proj/bolinc/users/x_ryabo/socrates_edited_for_isca/spectral_files_for_GCMs/Sun
2026-03-20 02:32:38,366 - isca - DEBUG - /miniSuran_sw.sf WITH           16  bands
2026-03-20 02:32:38,366 - isca - DEBUG - 
2026-03-20 02:32:38,366 - isca - DEBUG - -----------------------------------
2026-03-20 02:32:38,366 - isca - DEBUG - 
2026-03-20 02:33:03,033 - isca - DEBUG - Integration completed through    1 Apr  2   0: 0: 0
2026-03-20 02:33:27,632 - isca - DEBUG - Integration completed through    1 Apr  3   0: 0: 0
2026-03-20 02:33:52,276 - isca - DEBUG - Integration completed through    1 Apr  4   0: 0: 0
2026-03-20 02:34:16,881 - isca - DEBUG - Integration completed through    1 Apr  5   0: 0: 0
2026-03-20 02:34:41,606 - isca - DEBUG - Integration completed through    1 Apr  6   0: 0: 0
2026-03-20 02:35:06,138 - isca - DEBUG - Integration completed through    1 Apr  7   0: 0: 0
2026-03-20 02:35:30,630 - isca - DEBUG - Integration completed through    1 Apr  8   0: 0: 0
2026-03-20 02:35:55,140 - isca - DEBUG - Integration completed through    1 Apr  9   0: 0: 0
2026-03-20 02:36:19,695 - isca - DEBUG - Integration completed through    1 Apr 10   0: 0: 0
2026-03-20 02:36:44,343 - isca - DEBUG - Integration completed through    1 Apr 11   0: 0: 0
2026-03-20 02:37:09,042 - isca - DEBUG - Integration completed through    1 Apr 12   0: 0: 0
2026-03-20 02:37:33,696 - isca - DEBUG - Integration completed through    1 Apr 13   0: 0: 0
2026-03-20 02:37:58,346 - isca - DEBUG - Integration completed through    1 Apr 14   0: 0: 0
2026-03-20 02:38:22,920 - isca - DEBUG - Integration completed through    1 Apr 15   0: 0: 0
2026-03-20 02:38:47,512 - isca - DEBUG - Integration completed through    1 Apr 16   0: 0: 0
2026-03-20 02:39:12,133 - isca - DEBUG - Integration completed through    1 Apr 17   0: 0: 0
2026-03-20 02:39:36,823 - isca - DEBUG - Integration completed through    1 Apr 18   0: 0: 0
2026-03-20 02:40:01,635 - isca - DEBUG - Integration completed through    1 Apr 19   0: 0: 0
2026-03-20 02:40:26,443 - isca - DEBUG - Integration completed through    1 Apr 20   0: 0: 0
2026-03-20 02:40:51,238 - isca - DEBUG - Integration completed through    1 Apr 21   0: 0: 0
2026-03-20 02:41:16,029 - isca - DEBUG - Integration completed through    1 Apr 22   0: 0: 0
2026-03-20 02:41:40,783 - isca - DEBUG - Integration completed through    1 Apr 23   0: 0: 0
2026-03-20 02:42:05,508 - isca - DEBUG - Integration completed through    1 Apr 24   0: 0: 0
2026-03-20 02:42:30,281 - isca - DEBUG - Integration completed through    1 Apr 25   0: 0: 0
2026-03-20 02:42:55,071 - isca - DEBUG - Integration completed through    1 Apr 26   0: 0: 0
2026-03-20 02:43:19,788 - isca - DEBUG - Integration completed through    1 Apr 27   0: 0: 0
2026-03-20 02:43:44,440 - isca - DEBUG - Integration completed through    1 Apr 28   0: 0: 0
2026-03-20 02:44:09,108 - isca - DEBUG - Integration completed through    1 Apr 29   0: 0: 0
2026-03-20 02:44:33,784 - isca - DEBUG - Integration completed through    1 Apr 30   0: 0: 0
2026-03-20 02:44:58,483 - isca - DEBUG - Integration completed through    1 May  1   0: 0: 0
2026-03-20 02:44:58,491 - isca - DEBUG - 
2026-03-20 02:44:58,491 - isca - WARNING - WARNING from PE    0: diag_util_mod::opening_file: module/field_name (socrates/soc_toa_sw_down_clr) NOT registered
2026-03-20 02:44:58,491 - isca - DEBUG - 
2026-03-20 02:44:58,491 - isca - DEBUG - 
2026-03-20 02:44:58,491 - isca - WARNING - WARNING from PE    0: diag_util_mod::opening_file: module/field_name (cloud_simple/rh_min) NOT registered
2026-03-20 02:44:58,491 - isca - DEBUG - 
2026-03-20 02:44:58,491 - isca - DEBUG - 
2026-03-20 02:44:58,491 - isca - WARNING - WARNING from PE    0: diag_util_mod::opening_file: module/field_name (socrates/soc_toa_sw_down_clr) NOT registered
2026-03-20 02:44:58,491 - isca - DEBUG - 
2026-03-20 02:44:58,491 - isca - DEBUG - 
2026-03-20 02:44:58,491 - isca - WARNING - WARNING from PE    0: diag_util_mod::opening_file: module/field_name (cloud_simple/rh_min) NOT registered
2026-03-20 02:44:58,491 - isca - DEBUG - 
2026-03-20 02:44:58,501 - isca - DEBUG - NOTE from PE    0: MPP_IO_SET_STACK_SIZE: stack size set to     393216.
2026-03-20 02:44:58,602 - isca - DEBUG - MPP_DOMAINS_STACK high water mark=       49152
2026-03-20 02:44:58,602 - isca - DEBUG - 
2026-03-20 02:44:58,602 - isca - DEBUG - Tabulating mpp_clock statistics across     16 PEs...
2026-03-20 02:44:58,602 - isca - DEBUG - 
2026-03-20 02:44:58,602 - isca - DEBUG - tmin          tmax          tavg          tstd  tfrac grain pemin pemax
2026-03-20 02:44:58,602 - isca - DEBUG - Total runtime                       741.429969    741.433149    741.431681      0.000847  1.000     0     0    15
2026-03-20 02:44:58,602 - isca - DEBUG - MPP_STACK high water mark=           0
2026-03-20 02:44:58,782 - isca - INFO - Run 4 complete
2026-03-20 02:44:59,659 - isca - DEBUG - atmos_monthly.nc combined and copied to data directory
2026-03-20 02:45:06,156 - isca - INFO - Restart archive created at /proj/bolinc/users/x_ryabo/Isca-Ryan_outputs/Earth_1860/restarts/res0004.tar.gz
2026-03-20 02:45:06,168 - isca - INFO - Writing namelist to '/proj/bolinc/users/x_ryabo/Isca-Ryan_outputs/Earth_1860/run0004/input.nml'
2026-03-20 02:45:06,170 - isca - INFO - Writing field_table to '/proj/bolinc/users/x_ryabo/Isca-Ryan_outputs/Earth_1860/run0004/field_table'
2026-03-20 02:45:06,213 - isca - INFO - Writing diag_table to '/proj/bolinc/users/x_ryabo/Isca-Ryan_outputs/Earth_1860/run0004/diag_table'
2026-03-20 02:45:06,568 - isca - INFO - Emptied run directory '/home/x_ryabo/Isca-Ryan_tmp/experiment/Earth_1860/run'
2026-03-20 02:45:06,589 - isca - INFO - Emptied run directory '/home/x_ryabo/Isca-Ryan_tmp/experiment/Earth_1860/run'
2026-03-20 02:45:06,912 - isca - INFO - Writing namelist to '/home/x_ryabo/Isca-Ryan_tmp/experiment/Earth_1860/run/input.nml'
2026-03-20 02:45:06,914 - isca - INFO - Writing field_table to '/home/x_ryabo/Isca-Ryan_tmp/experiment/Earth_1860/run/field_table'
2026-03-20 02:45:06,925 - isca - INFO - Writing diag_table to '/home/x_ryabo/Isca-Ryan_tmp/experiment/Earth_1860/run/diag_table'
2026-03-20 02:45:06,939 - isca - INFO - Using restart file '/proj/bolinc/users/x_ryabo/Isca-Ryan_outputs/Earth_1860/restarts/res0004.tar.gz'
2026-03-20 02:45:07,345 - isca - INFO - Restart /proj/bolinc/users/x_ryabo/Isca-Ryan_outputs/Earth_1860/restarts/res0004.tar.gz extracted to /home/x_ryabo/Isca-Ryan_tmp/experiment/Earth_1860/run/INPUT
2026-03-20 02:45:07,345 - isca - INFO - Beginning run 5
2026-03-20 02:45:07,356 - isca - INFO - process running as 59498
2026-03-20 02:45:07,357 - isca - DEBUG - loadmodules for Isca on NSC cluster Tetralith
2026-03-20 02:45:07,357 - isca - DEBUG - mpiifort
2026-03-20 02:45:07,468 - isca - DEBUG - The following modules were not unloaded:
2026-03-20 02:45:07,468 - isca - DEBUG - (Use "module --force purge" to unload all):
2026-03-20 02:45:07,468 - isca - DEBUG - 
2026-03-20 02:45:07,468 - isca - DEBUG - 1) hpc/.1.10.1
2026-03-20 02:45:07,573 - isca - DEBUG - ***************************************************
2026-03-20 02:45:07,573 - isca - DEBUG - You have loaded a buildenv module
2026-03-20 02:45:07,573 - isca - DEBUG - ***************************************************
2026-03-20 02:45:07,573 - isca - DEBUG - The buldenv-intel module makes available:
2026-03-20 02:45:07,573 - isca - DEBUG - - Compilers: icc, ifort, etc.
2026-03-20 02:45:07,573 - isca - DEBUG - - Mpi library with mpi-wrapped compilers: intel mpi with mpicc, mpifort, etc.
2026-03-20 02:45:07,573 - isca - DEBUG - - Numerical libraries: intel MKL
2026-03-20 02:45:07,573 - isca - DEBUG - 
2026-03-20 02:45:07,573 - isca - DEBUG - It also makes a set of dependency library modules available via
2026-03-20 02:45:07,573 - isca - DEBUG - the regular module command. Just do:
2026-03-20 02:45:07,573 - isca - DEBUG - module avail
2026-03-20 02:45:07,573 - isca - DEBUG - to see what is available.
2026-03-20 02:45:07,573 - isca - DEBUG - 
2026-03-20 02:45:07,573 - isca - DEBUG - NOTE: You shoud never load build environments inside submitted jobs.
2026-03-20 02:45:07,573 - isca - DEBUG - (with the single exception of when using supercomputer time to compile code.)
2026-03-20 02:45:07,573 - isca - DEBUG - 
2026-03-20 02:45:08,776 - isca - DEBUG - NOTE from PE    0: MPP_DOMAINS_SET_STACK_SIZE: stack size set to    32768.
2026-03-20 02:45:08,777 - isca - DEBUG - &MPP_IO_NML
2026-03-20 02:45:08,777 - isca - DEBUG - HEADER_BUFFER_VAL       =       16384,
2026-03-20 02:45:08,777 - isca - DEBUG - GLOBAL_FIELD_ON_ROOT_PE = T,
2026-03-20 02:45:08,777 - isca - DEBUG - IO_CLOCKS_ON    = F,
2026-03-20 02:45:08,777 - isca - DEBUG - SHUFFLE =           0,
2026-03-20 02:45:08,777 - isca - DEBUG - DEFLATE_LEVEL   =          -1
2026-03-20 02:45:08,777 - isca - DEBUG - /
2026-03-20 02:45:08,778 - isca - DEBUG - NOTE from PE    0: MPP_IO_SET_STACK_SIZE: stack size set to     131072.
2026-03-20 02:45:08,779 - isca - DEBUG - NOTE from PE    0: MPP_DOMAINS_SET_STACK_SIZE: stack size set to   600000.
2026-03-20 02:45:08,787 - isca - DEBUG - starting            1  OpenMP threads per MPI-task
2026-03-20 02:45:08,788 - isca - DEBUG - ATMOS MODEL DOMAIN DECOMPOSITION
2026-03-20 02:45:08,789 - isca - DEBUG - X-AXIS =  128
2026-03-20 02:45:08,789 - isca - DEBUG - Y-AXIS =    4   4   4   4   4   4   4   4   4   4   4   4   4   4   4   4
2026-03-20 02:45:08,841 - isca - DEBUG - NOTE from PE    0: cloud_simple: Using SimCloud cloud scheme
2026-03-20 02:45:08,842 - isca - DEBUG - NOTE from PE    0: ls_cloud: Using Sundqvist (1989) cloud fraction diagnostic formula.
2026-03-20 02:45:08,842 - isca - DEBUG - NOTE from PE    0: cloud_cover: The cloud overlap assumption is MAXIMUM-RANDOM
2026-03-20 02:45:08,843 - isca - DEBUG - NOTE from PE    0: idealized_moist_phys: Using Frierson Quasi-Equilibrium convection scheme.
2026-03-20 02:45:08,851 - isca - DEBUG - 
2026-03-20 02:45:08,851 - isca - WARNING - WARNING from PE    0: socrates_init: lw_hires_spectral_filename is unset, making equal to lw_spectral_filename
2026-03-20 02:45:08,851 - isca - DEBUG - 
2026-03-20 02:45:08,851 - isca - DEBUG - 
2026-03-20 02:45:08,851 - isca - WARNING - WARNING from PE    0: socrates_init: lw_hires_spectral_filename is unset, making equal to lw_spectral_filename
2026-03-20 02:45:08,851 - isca - DEBUG - 
2026-03-20 02:45:08,851 - isca - DEBUG - 
2026-03-20 02:45:08,852 - isca - WARNING - WARNING from PE    0: socrates_init: sw_hires_spectral_filename is unset, making equal to sw_spectral_filename
2026-03-20 02:45:08,852 - isca - DEBUG - 
2026-03-20 02:45:08,852 - isca - DEBUG - 
2026-03-20 02:45:08,852 - isca - WARNING - WARNING from PE    0: socrates_init: sw_hires_spectral_filename is unset, making equal to sw_spectral_filename
2026-03-20 02:45:08,852 - isca - DEBUG - 
2026-03-20 02:45:09,988 - isca - DEBUG - NOTE from PE    0: Interpolator: Using input file with no time dimension - ozone_1990_notime_zero.nc
2026-03-20 02:45:09,988 - isca - DEBUG - Initializing src field : ozone_1990
2026-03-20 02:45:09,990 - isca - DEBUG - 
2026-03-20 02:45:09,990 - isca - DEBUG - -----------------------------------
2026-03-20 02:45:09,990 - isca - DEBUG - ____                       _
2026-03-20 02:45:09,990 - isca - DEBUG - / ___|  ___   ___ _ __ __ _| |_ ___  ___
2026-03-20 02:45:09,990 - isca - DEBUG - \___ \ / _ \ / __|  __/ _` | __/ _ \/ __|
2026-03-20 02:45:09,990 - isca - DEBUG - ___) | (_) | (__| | | (_| | ||  __/\__ \
2026-03-20 02:45:09,990 - isca - DEBUG - |____/ \___/ \___|_|  \__,_|\__\___||___/
2026-03-20 02:45:09,990 - isca - DEBUG - 
2026-03-20 02:45:09,990 - isca - DEBUG - Initialised Socrates v17.03
2026-03-20 02:45:09,990 - isca - DEBUG - Stellar constant =    1860.00000000000
2026-03-20 02:45:09,990 - isca - DEBUG - Longwave spectral file =
2026-03-20 02:45:09,990 - isca - DEBUG - /proj/bolinc/users/x_ryabo/socrates_edited_for_isca/spectral_files_for_GCMs/Sun
2026-03-20 02:45:09,990 - isca - DEBUG - /miniSuran_lw.sf WITH           16  bands
2026-03-20 02:45:09,990 - isca - DEBUG - Longwave hires spectral file =
2026-03-20 02:45:09,990 - isca - DEBUG - /proj/bolinc/users/x_ryabo/socrates_edited_for_isca/spectral_files_for_GCMs/Sun
2026-03-20 02:45:09,990 - isca - DEBUG - /miniSuran_lw.sf WITH           16  bands
2026-03-20 02:45:09,990 - isca - DEBUG - Shortwave spectral file =
2026-03-20 02:45:09,990 - isca - DEBUG - /proj/bolinc/users/x_ryabo/socrates_edited_for_isca/spectral_files_for_GCMs/Sun
2026-03-20 02:45:09,990 - isca - DEBUG - /miniSuran_sw.sf WITH           16  bands
2026-03-20 02:45:09,990 - isca - DEBUG - Shortwave hires spectral file =
2026-03-20 02:45:09,990 - isca - DEBUG - /proj/bolinc/users/x_ryabo/socrates_edited_for_isca/spectral_files_for_GCMs/Sun
2026-03-20 02:45:09,990 - isca - DEBUG - /miniSuran_sw.sf WITH           16  bands
2026-03-20 02:45:09,990 - isca - DEBUG - 
2026-03-20 02:45:09,990 - isca - DEBUG - -----------------------------------
2026-03-20 02:45:09,990 - isca - DEBUG - 
2026-03-20 02:45:35,217 - isca - DEBUG - Integration completed through    1 May  2   0: 0: 0
2026-03-20 02:46:00,330 - isca - DEBUG - Integration completed through    1 May  3   0: 0: 0
2026-03-20 02:46:25,449 - isca - DEBUG - Integration completed through    1 May  4   0: 0: 0
2026-03-20 02:46:50,575 - isca - DEBUG - Integration completed through    1 May  5   0: 0: 0
2026-03-20 02:47:15,728 - isca - DEBUG - Integration completed through    1 May  6   0: 0: 0
2026-03-20 02:47:40,878 - isca - DEBUG - Integration completed through    1 May  7   0: 0: 0
2026-03-20 02:48:06,005 - isca - DEBUG - Integration completed through    1 May  8   0: 0: 0
2026-03-20 02:48:31,182 - isca - DEBUG - Integration completed through    1 May  9   0: 0: 0
2026-03-20 02:48:56,276 - isca - DEBUG - Integration completed through    1 May 10   0: 0: 0
2026-03-20 02:49:21,332 - isca - DEBUG - Integration completed through    1 May 11   0: 0: 0
2026-03-20 02:49:46,405 - isca - DEBUG - Integration completed through    1 May 12   0: 0: 0
2026-03-20 02:50:11,433 - isca - DEBUG - Integration completed through    1 May 13   0: 0: 0
2026-03-20 02:50:36,471 - isca - DEBUG - Integration completed through    1 May 14   0: 0: 0
2026-03-20 02:51:01,494 - isca - DEBUG - Integration completed through    1 May 15   0: 0: 0
2026-03-20 02:51:26,637 - isca - DEBUG - Integration completed through    1 May 16   0: 0: 0
2026-03-20 02:51:51,905 - isca - DEBUG - Integration completed through    1 May 17   0: 0: 0
2026-03-20 02:52:17,155 - isca - DEBUG - Integration completed through    1 May 18   0: 0: 0
2026-03-20 02:52:42,321 - isca - DEBUG - Integration completed through    1 May 19   0: 0: 0
2026-03-20 02:53:07,433 - isca - DEBUG - Integration completed through    1 May 20   0: 0: 0
2026-03-20 02:53:32,562 - isca - DEBUG - Integration completed through    1 May 21   0: 0: 0
2026-03-20 02:53:57,745 - isca - DEBUG - Integration completed through    1 May 22   0: 0: 0
2026-03-20 02:54:23,114 - isca - DEBUG - Integration completed through    1 May 23   0: 0: 0
2026-03-20 02:54:48,367 - isca - DEBUG - Integration completed through    1 May 24   0: 0: 0
2026-03-20 02:55:13,638 - isca - DEBUG - Integration completed through    1 May 25   0: 0: 0
2026-03-20 02:55:38,897 - isca - DEBUG - Integration completed through    1 May 26   0: 0: 0
2026-03-20 02:56:04,202 - isca - DEBUG - Integration completed through    1 May 27   0: 0: 0
2026-03-20 02:56:29,511 - isca - DEBUG - Integration completed through    1 May 28   0: 0: 0
2026-03-20 02:56:54,797 - isca - DEBUG - Integration completed through    1 May 29   0: 0: 0
2026-03-20 02:57:20,040 - isca - DEBUG - Integration completed through    1 May 30   0: 0: 0
2026-03-20 02:57:45,323 - isca - DEBUG - Integration completed through    1 Jun  1   0: 0: 0
2026-03-20 02:57:45,329 - isca - DEBUG - 
2026-03-20 02:57:45,329 - isca - WARNING - WARNING from PE    0: diag_util_mod::opening_file: module/field_name (socrates/soc_toa_sw_down_clr) NOT registered
2026-03-20 02:57:45,329 - isca - DEBUG - 
2026-03-20 02:57:45,329 - isca - DEBUG - 
2026-03-20 02:57:45,329 - isca - WARNING - WARNING from PE    0: diag_util_mod::opening_file: module/field_name (cloud_simple/rh_min) NOT registered
2026-03-20 02:57:45,329 - isca - DEBUG - 
2026-03-20 02:57:45,329 - isca - DEBUG - 
2026-03-20 02:57:45,329 - isca - WARNING - WARNING from PE    0: diag_util_mod::opening_file: module/field_name (socrates/soc_toa_sw_down_clr) NOT registered
2026-03-20 02:57:45,329 - isca - DEBUG - 
2026-03-20 02:57:45,329 - isca - DEBUG - 
2026-03-20 02:57:45,329 - isca - WARNING - WARNING from PE    0: diag_util_mod::opening_file: module/field_name (cloud_simple/rh_min) NOT registered
2026-03-20 02:57:45,329 - isca - DEBUG - 
2026-03-20 02:57:45,340 - isca - DEBUG - NOTE from PE    0: MPP_IO_SET_STACK_SIZE: stack size set to     393216.
2026-03-20 02:57:45,470 - isca - DEBUG - MPP_DOMAINS_STACK high water mark=       49152
2026-03-20 02:57:45,470 - isca - DEBUG - 
2026-03-20 02:57:45,470 - isca - DEBUG - Tabulating mpp_clock statistics across     16 PEs...
2026-03-20 02:57:45,470 - isca - DEBUG - 
2026-03-20 02:57:45,470 - isca - DEBUG - tmin          tmax          tavg          tstd  tfrac grain pemin pemax
2026-03-20 02:57:45,470 - isca - DEBUG - Total runtime                       756.692120    756.695998    756.694388      0.001240  1.000     0     0    15
2026-03-20 02:57:45,471 - isca - DEBUG - MPP_STACK high water mark=           0
2026-03-20 02:57:45,597 - isca - INFO - Run 5 complete
2026-03-20 02:57:46,622 - isca - DEBUG - atmos_monthly.nc combined and copied to data directory
2026-03-20 02:57:53,064 - isca - INFO - Restart archive created at /proj/bolinc/users/x_ryabo/Isca-Ryan_outputs/Earth_1860/restarts/res0005.tar.gz
2026-03-20 02:57:53,075 - isca - INFO - Writing namelist to '/proj/bolinc/users/x_ryabo/Isca-Ryan_outputs/Earth_1860/run0005/input.nml'
2026-03-20 02:57:53,077 - isca - INFO - Writing field_table to '/proj/bolinc/users/x_ryabo/Isca-Ryan_outputs/Earth_1860/run0005/field_table'
2026-03-20 02:57:53,087 - isca - INFO - Writing diag_table to '/proj/bolinc/users/x_ryabo/Isca-Ryan_outputs/Earth_1860/run0005/diag_table'
2026-03-20 02:57:53,431 - isca - INFO - Emptied run directory '/home/x_ryabo/Isca-Ryan_tmp/experiment/Earth_1860/run'
2026-03-20 02:57:53,449 - isca - INFO - Emptied run directory '/home/x_ryabo/Isca-Ryan_tmp/experiment/Earth_1860/run'
2026-03-20 02:57:53,775 - isca - INFO - Writing namelist to '/home/x_ryabo/Isca-Ryan_tmp/experiment/Earth_1860/run/input.nml'
2026-03-20 02:57:53,777 - isca - INFO - Writing field_table to '/home/x_ryabo/Isca-Ryan_tmp/experiment/Earth_1860/run/field_table'
2026-03-20 02:57:53,788 - isca - INFO - Writing diag_table to '/home/x_ryabo/Isca-Ryan_tmp/experiment/Earth_1860/run/diag_table'
2026-03-20 02:57:53,801 - isca - INFO - Using restart file '/proj/bolinc/users/x_ryabo/Isca-Ryan_outputs/Earth_1860/restarts/res0005.tar.gz'
2026-03-20 02:57:54,209 - isca - INFO - Restart /proj/bolinc/users/x_ryabo/Isca-Ryan_outputs/Earth_1860/restarts/res0005.tar.gz extracted to /home/x_ryabo/Isca-Ryan_tmp/experiment/Earth_1860/run/INPUT
2026-03-20 02:57:54,209 - isca - INFO - Beginning run 6
2026-03-20 02:57:54,225 - isca - INFO - process running as 60303
2026-03-20 02:57:54,225 - isca - DEBUG - loadmodules for Isca on NSC cluster Tetralith
2026-03-20 02:57:54,225 - isca - DEBUG - mpiifort
2026-03-20 02:57:54,335 - isca - DEBUG - The following modules were not unloaded:
2026-03-20 02:57:54,335 - isca - DEBUG - (Use "module --force purge" to unload all):
2026-03-20 02:57:54,335 - isca - DEBUG - 
2026-03-20 02:57:54,335 - isca - DEBUG - 1) hpc/.1.10.1
2026-03-20 02:57:54,439 - isca - DEBUG - ***************************************************
2026-03-20 02:57:54,439 - isca - DEBUG - You have loaded a buildenv module
2026-03-20 02:57:54,439 - isca - DEBUG - ***************************************************
2026-03-20 02:57:54,439 - isca - DEBUG - The buldenv-intel module makes available:
2026-03-20 02:57:54,439 - isca - DEBUG - - Compilers: icc, ifort, etc.
2026-03-20 02:57:54,439 - isca - DEBUG - - Mpi library with mpi-wrapped compilers: intel mpi with mpicc, mpifort, etc.
2026-03-20 02:57:54,439 - isca - DEBUG - - Numerical libraries: intel MKL
2026-03-20 02:57:54,439 - isca - DEBUG - 
2026-03-20 02:57:54,439 - isca - DEBUG - It also makes a set of dependency library modules available via
2026-03-20 02:57:54,439 - isca - DEBUG - the regular module command. Just do:
2026-03-20 02:57:54,439 - isca - DEBUG - module avail
2026-03-20 02:57:54,439 - isca - DEBUG - to see what is available.
2026-03-20 02:57:54,439 - isca - DEBUG - 
2026-03-20 02:57:54,439 - isca - DEBUG - NOTE: You shoud never load build environments inside submitted jobs.
2026-03-20 02:57:54,439 - isca - DEBUG - (with the single exception of when using supercomputer time to compile code.)
2026-03-20 02:57:54,439 - isca - DEBUG - 
2026-03-20 02:57:59,722 - isca - DEBUG - NOTE from PE    0: MPP_DOMAINS_SET_STACK_SIZE: stack size set to    32768.
2026-03-20 02:57:59,722 - isca - DEBUG - &MPP_IO_NML
2026-03-20 02:57:59,722 - isca - DEBUG - HEADER_BUFFER_VAL       =       16384,
2026-03-20 02:57:59,722 - isca - DEBUG - GLOBAL_FIELD_ON_ROOT_PE = T,
2026-03-20 02:57:59,722 - isca - DEBUG - IO_CLOCKS_ON    = F,
2026-03-20 02:57:59,722 - isca - DEBUG - SHUFFLE =           0,
2026-03-20 02:57:59,723 - isca - DEBUG - DEFLATE_LEVEL   =          -1
2026-03-20 02:57:59,723 - isca - DEBUG - /
2026-03-20 02:57:59,724 - isca - DEBUG - NOTE from PE    0: MPP_IO_SET_STACK_SIZE: stack size set to     131072.
2026-03-20 02:57:59,725 - isca - DEBUG - NOTE from PE    0: MPP_DOMAINS_SET_STACK_SIZE: stack size set to   600000.
2026-03-20 02:57:59,733 - isca - DEBUG - starting            1  OpenMP threads per MPI-task
2026-03-20 02:57:59,735 - isca - DEBUG - ATMOS MODEL DOMAIN DECOMPOSITION
2026-03-20 02:57:59,735 - isca - DEBUG - X-AXIS =  128
2026-03-20 02:57:59,735 - isca - DEBUG - Y-AXIS =    4   4   4   4   4   4   4   4   4   4   4   4   4   4   4   4
2026-03-20 02:57:59,789 - isca - DEBUG - NOTE from PE    0: cloud_simple: Using SimCloud cloud scheme
2026-03-20 02:57:59,790 - isca - DEBUG - NOTE from PE    0: ls_cloud: Using Sundqvist (1989) cloud fraction diagnostic formula.
2026-03-20 02:57:59,791 - isca - DEBUG - NOTE from PE    0: cloud_cover: The cloud overlap assumption is MAXIMUM-RANDOM
2026-03-20 02:57:59,791 - isca - DEBUG - NOTE from PE    0: idealized_moist_phys: Using Frierson Quasi-Equilibrium convection scheme.
2026-03-20 02:57:59,800 - isca - DEBUG - 
2026-03-20 02:57:59,800 - isca - WARNING - WARNING from PE    0: socrates_init: lw_hires_spectral_filename is unset, making equal to lw_spectral_filename
2026-03-20 02:57:59,800 - isca - DEBUG - 
2026-03-20 02:57:59,800 - isca - DEBUG - 
2026-03-20 02:57:59,801 - isca - WARNING - WARNING from PE    0: socrates_init: lw_hires_spectral_filename is unset, making equal to lw_spectral_filename
2026-03-20 02:57:59,801 - isca - DEBUG - 
2026-03-20 02:57:59,801 - isca - DEBUG - 
2026-03-20 02:57:59,801 - isca - WARNING - WARNING from PE    0: socrates_init: sw_hires_spectral_filename is unset, making equal to sw_spectral_filename
2026-03-20 02:57:59,801 - isca - DEBUG - 
2026-03-20 02:57:59,801 - isca - DEBUG - 
2026-03-20 02:57:59,801 - isca - WARNING - WARNING from PE    0: socrates_init: sw_hires_spectral_filename is unset, making equal to sw_spectral_filename
2026-03-20 02:57:59,801 - isca - DEBUG - 
2026-03-20 02:58:01,065 - isca - DEBUG - NOTE from PE    0: Interpolator: Using input file with no time dimension - ozone_1990_notime_zero.nc
2026-03-20 02:58:01,065 - isca - DEBUG - Initializing src field : ozone_1990
2026-03-20 02:58:01,068 - isca - DEBUG - 
2026-03-20 02:58:01,068 - isca - DEBUG - -----------------------------------
2026-03-20 02:58:01,068 - isca - DEBUG - ____                       _
2026-03-20 02:58:01,068 - isca - DEBUG - / ___|  ___   ___ _ __ __ _| |_ ___  ___
2026-03-20 02:58:01,068 - isca - DEBUG - \___ \ / _ \ / __|  __/ _` | __/ _ \/ __|
2026-03-20 02:58:01,068 - isca - DEBUG - ___) | (_) | (__| | | (_| | ||  __/\__ \
2026-03-20 02:58:01,068 - isca - DEBUG - |____/ \___/ \___|_|  \__,_|\__\___||___/
2026-03-20 02:58:01,068 - isca - DEBUG - 
2026-03-20 02:58:01,068 - isca - DEBUG - Initialised Socrates v17.03
2026-03-20 02:58:01,068 - isca - DEBUG - Stellar constant =    1860.00000000000
2026-03-20 02:58:01,068 - isca - DEBUG - Longwave spectral file =
2026-03-20 02:58:01,068 - isca - DEBUG - /proj/bolinc/users/x_ryabo/socrates_edited_for_isca/spectral_files_for_GCMs/Sun
2026-03-20 02:58:01,068 - isca - DEBUG - /miniSuran_lw.sf WITH           16  bands
2026-03-20 02:58:01,068 - isca - DEBUG - Longwave hires spectral file =
2026-03-20 02:58:01,068 - isca - DEBUG - /proj/bolinc/users/x_ryabo/socrates_edited_for_isca/spectral_files_for_GCMs/Sun
2026-03-20 02:58:01,068 - isca - DEBUG - /miniSuran_lw.sf WITH           16  bands
2026-03-20 02:58:01,068 - isca - DEBUG - Shortwave spectral file =
2026-03-20 02:58:01,068 - isca - DEBUG - /proj/bolinc/users/x_ryabo/socrates_edited_for_isca/spectral_files_for_GCMs/Sun
2026-03-20 02:58:01,068 - isca - DEBUG - /miniSuran_sw.sf WITH           16  bands
2026-03-20 02:58:01,068 - isca - DEBUG - Shortwave hires spectral file =
2026-03-20 02:58:01,068 - isca - DEBUG - /proj/bolinc/users/x_ryabo/socrates_edited_for_isca/spectral_files_for_GCMs/Sun
2026-03-20 02:58:01,068 - isca - DEBUG - /miniSuran_sw.sf WITH           16  bands
2026-03-20 02:58:01,068 - isca - DEBUG - 
2026-03-20 02:58:01,068 - isca - DEBUG - -----------------------------------
2026-03-20 02:58:01,068 - isca - DEBUG - 
2026-03-20 02:58:26,288 - isca - DEBUG - Integration completed through    1 Jun  2   0: 0: 0
2026-03-20 02:58:51,484 - isca - DEBUG - Integration completed through    1 Jun  3   0: 0: 0
2026-03-20 02:59:16,641 - isca - DEBUG - Integration completed through    1 Jun  4   0: 0: 0
2026-03-20 02:59:41,706 - isca - DEBUG - Integration completed through    1 Jun  5   0: 0: 0
2026-03-20 03:00:06,777 - isca - DEBUG - Integration completed through    1 Jun  6   0: 0: 0
2026-03-20 03:00:31,871 - isca - DEBUG - Integration completed through    1 Jun  7   0: 0: 0
2026-03-20 03:00:57,025 - isca - DEBUG - Integration completed through    1 Jun  8   0: 0: 0
2026-03-20 03:01:22,182 - isca - DEBUG - Integration completed through    1 Jun  9   0: 0: 0
2026-03-20 03:01:47,282 - isca - DEBUG - Integration completed through    1 Jun 10   0: 0: 0
2026-03-20 03:02:12,406 - isca - DEBUG - Integration completed through    1 Jun 11   0: 0: 0
2026-03-20 03:02:37,563 - isca - DEBUG - Integration completed through    1 Jun 12   0: 0: 0
2026-03-20 03:03:02,801 - isca - DEBUG - Integration completed through    1 Jun 13   0: 0: 0
2026-03-20 03:03:27,989 - isca - DEBUG - Integration completed through    1 Jun 14   0: 0: 0
2026-03-20 03:03:53,257 - isca - DEBUG - Integration completed through    1 Jun 15   0: 0: 0
2026-03-20 03:04:18,502 - isca - DEBUG - Integration completed through    1 Jun 16   0: 0: 0
2026-03-20 03:04:43,719 - isca - DEBUG - Integration completed through    1 Jun 17   0: 0: 0
2026-03-20 03:05:09,060 - isca - DEBUG - Integration completed through    1 Jun 18   0: 0: 0
2026-03-20 03:05:34,361 - isca - DEBUG - Integration completed through    1 Jun 19   0: 0: 0
2026-03-20 03:05:59,739 - isca - DEBUG - Integration completed through    1 Jun 20   0: 0: 0
2026-03-20 03:06:25,170 - isca - DEBUG - Integration completed through    1 Jun 21   0: 0: 0
2026-03-20 03:06:50,438 - isca - DEBUG - Integration completed through    1 Jun 22   0: 0: 0
2026-03-20 03:07:15,690 - isca - DEBUG - Integration completed through    1 Jun 23   0: 0: 0
2026-03-20 03:07:40,883 - isca - DEBUG - Integration completed through    1 Jun 24   0: 0: 0
2026-03-20 03:08:06,213 - isca - DEBUG - Integration completed through    1 Jun 25   0: 0: 0
2026-03-20 03:08:31,535 - isca - DEBUG - Integration completed through    1 Jun 26   0: 0: 0
2026-03-20 03:08:56,853 - isca - DEBUG - Integration completed through    1 Jun 27   0: 0: 0
2026-03-20 03:09:22,239 - isca - DEBUG - Integration completed through    1 Jun 28   0: 0: 0
2026-03-20 03:09:47,556 - isca - DEBUG - Integration completed through    1 Jun 29   0: 0: 0
2026-03-20 03:10:12,881 - isca - DEBUG - Integration completed through    1 Jun 30   0: 0: 0
2026-03-20 03:10:38,236 - isca - DEBUG - Integration completed through    1 Jul  1   0: 0: 0
2026-03-20 03:10:38,244 - isca - DEBUG - 
2026-03-20 03:10:38,244 - isca - WARNING - WARNING from PE    0: diag_util_mod::opening_file: module/field_name (socrates/soc_toa_sw_down_clr) NOT registered
2026-03-20 03:10:38,244 - isca - DEBUG - 
2026-03-20 03:10:38,244 - isca - DEBUG - 
2026-03-20 03:10:38,244 - isca - WARNING - WARNING from PE    0: diag_util_mod::opening_file: module/field_name (cloud_simple/rh_min) NOT registered
2026-03-20 03:10:38,244 - isca - DEBUG - 
2026-03-20 03:10:38,244 - isca - DEBUG - 
2026-03-20 03:10:38,244 - isca - WARNING - WARNING from PE    0: diag_util_mod::opening_file: module/field_name (socrates/soc_toa_sw_down_clr) NOT registered
2026-03-20 03:10:38,245 - isca - DEBUG - 
2026-03-20 03:10:38,245 - isca - DEBUG - 
2026-03-20 03:10:38,245 - isca - WARNING - WARNING from PE    0: diag_util_mod::opening_file: module/field_name (cloud_simple/rh_min) NOT registered
2026-03-20 03:10:38,245 - isca - DEBUG - 
2026-03-20 03:10:38,254 - isca - DEBUG - NOTE from PE    0: MPP_IO_SET_STACK_SIZE: stack size set to     393216.
2026-03-20 03:10:38,381 - isca - DEBUG - MPP_DOMAINS_STACK high water mark=       49152
2026-03-20 03:10:38,382 - isca - DEBUG - 
2026-03-20 03:10:38,382 - isca - DEBUG - Tabulating mpp_clock statistics across     16 PEs...
2026-03-20 03:10:38,382 - isca - DEBUG - 
2026-03-20 03:10:38,382 - isca - DEBUG - tmin          tmax          tavg          tstd  tfrac grain pemin pemax
2026-03-20 03:10:38,382 - isca - DEBUG - Total runtime                       758.658203    758.662817    758.660487      0.001347  1.000     0     0    15
2026-03-20 03:10:38,382 - isca - DEBUG - MPP_STACK high water mark=           0
2026-03-20 03:10:38,527 - isca - INFO - Run 6 complete
2026-03-20 03:10:39,504 - isca - DEBUG - atmos_monthly.nc combined and copied to data directory
2026-03-20 03:10:45,559 - isca - INFO - Restart archive created at /proj/bolinc/users/x_ryabo/Isca-Ryan_outputs/Earth_1860/restarts/res0006.tar.gz
2026-03-20 03:10:45,577 - isca - INFO - Writing namelist to '/proj/bolinc/users/x_ryabo/Isca-Ryan_outputs/Earth_1860/run0006/input.nml'
2026-03-20 03:10:45,579 - isca - INFO - Writing field_table to '/proj/bolinc/users/x_ryabo/Isca-Ryan_outputs/Earth_1860/run0006/field_table'
2026-03-20 03:10:45,661 - isca - INFO - Writing diag_table to '/proj/bolinc/users/x_ryabo/Isca-Ryan_outputs/Earth_1860/run0006/diag_table'
2026-03-20 03:10:46,069 - isca - INFO - Emptied run directory '/home/x_ryabo/Isca-Ryan_tmp/experiment/Earth_1860/run'
2026-03-20 03:10:46,086 - isca - INFO - Emptied run directory '/home/x_ryabo/Isca-Ryan_tmp/experiment/Earth_1860/run'
2026-03-20 03:10:46,406 - isca - INFO - Writing namelist to '/home/x_ryabo/Isca-Ryan_tmp/experiment/Earth_1860/run/input.nml'
2026-03-20 03:10:46,408 - isca - INFO - Writing field_table to '/home/x_ryabo/Isca-Ryan_tmp/experiment/Earth_1860/run/field_table'
2026-03-20 03:10:46,419 - isca - INFO - Writing diag_table to '/home/x_ryabo/Isca-Ryan_tmp/experiment/Earth_1860/run/diag_table'
2026-03-20 03:10:46,432 - isca - INFO - Using restart file '/proj/bolinc/users/x_ryabo/Isca-Ryan_outputs/Earth_1860/restarts/res0006.tar.gz'
2026-03-20 03:10:46,839 - isca - INFO - Restart /proj/bolinc/users/x_ryabo/Isca-Ryan_outputs/Earth_1860/restarts/res0006.tar.gz extracted to /home/x_ryabo/Isca-Ryan_tmp/experiment/Earth_1860/run/INPUT
2026-03-20 03:10:46,839 - isca - INFO - Beginning run 7
2026-03-20 03:10:46,850 - isca - INFO - process running as 61083
2026-03-20 03:10:46,850 - isca - DEBUG - loadmodules for Isca on NSC cluster Tetralith
2026-03-20 03:10:46,850 - isca - DEBUG - mpiifort
2026-03-20 03:10:46,963 - isca - DEBUG - The following modules were not unloaded:
2026-03-20 03:10:46,964 - isca - DEBUG - (Use "module --force purge" to unload all):
2026-03-20 03:10:46,964 - isca - DEBUG - 
2026-03-20 03:10:46,964 - isca - DEBUG - 1) hpc/.1.10.1
2026-03-20 03:10:47,066 - isca - DEBUG - ***************************************************
2026-03-20 03:10:47,066 - isca - DEBUG - You have loaded a buildenv module
2026-03-20 03:10:47,066 - isca - DEBUG - ***************************************************
2026-03-20 03:10:47,066 - isca - DEBUG - The buldenv-intel module makes available:
2026-03-20 03:10:47,066 - isca - DEBUG - - Compilers: icc, ifort, etc.
2026-03-20 03:10:47,066 - isca - DEBUG - - Mpi library with mpi-wrapped compilers: intel mpi with mpicc, mpifort, etc.
2026-03-20 03:10:47,066 - isca - DEBUG - - Numerical libraries: intel MKL
2026-03-20 03:10:47,066 - isca - DEBUG - 
2026-03-20 03:10:47,066 - isca - DEBUG - It also makes a set of dependency library modules available via
2026-03-20 03:10:47,066 - isca - DEBUG - the regular module command. Just do:
2026-03-20 03:10:47,066 - isca - DEBUG - module avail
2026-03-20 03:10:47,066 - isca - DEBUG - to see what is available.
2026-03-20 03:10:47,066 - isca - DEBUG - 
2026-03-20 03:10:47,066 - isca - DEBUG - NOTE: You shoud never load build environments inside submitted jobs.
2026-03-20 03:10:47,066 - isca - DEBUG - (with the single exception of when using supercomputer time to compile code.)
2026-03-20 03:10:47,066 - isca - DEBUG - 
2026-03-20 03:10:48,297 - isca - DEBUG - NOTE from PE    0: MPP_DOMAINS_SET_STACK_SIZE: stack size set to    32768.
2026-03-20 03:10:48,297 - isca - DEBUG - &MPP_IO_NML
2026-03-20 03:10:48,297 - isca - DEBUG - HEADER_BUFFER_VAL       =       16384,
2026-03-20 03:10:48,297 - isca - DEBUG - GLOBAL_FIELD_ON_ROOT_PE = T,
2026-03-20 03:10:48,297 - isca - DEBUG - IO_CLOCKS_ON    = F,
2026-03-20 03:10:48,297 - isca - DEBUG - SHUFFLE =           0,
2026-03-20 03:10:48,298 - isca - DEBUG - DEFLATE_LEVEL   =          -1
2026-03-20 03:10:48,298 - isca - DEBUG - /
2026-03-20 03:10:48,299 - isca - DEBUG - NOTE from PE    0: MPP_IO_SET_STACK_SIZE: stack size set to     131072.
2026-03-20 03:10:48,300 - isca - DEBUG - NOTE from PE    0: MPP_DOMAINS_SET_STACK_SIZE: stack size set to   600000.
2026-03-20 03:10:48,307 - isca - DEBUG - starting            1  OpenMP threads per MPI-task
2026-03-20 03:10:48,308 - isca - DEBUG - ATMOS MODEL DOMAIN DECOMPOSITION
2026-03-20 03:10:48,308 - isca - DEBUG - X-AXIS =  128
2026-03-20 03:10:48,308 - isca - DEBUG - Y-AXIS =    4   4   4   4   4   4   4   4   4   4   4   4   4   4   4   4
2026-03-20 03:10:48,363 - isca - DEBUG - NOTE from PE    0: cloud_simple: Using SimCloud cloud scheme
2026-03-20 03:10:48,365 - isca - DEBUG - NOTE from PE    0: ls_cloud: Using Sundqvist (1989) cloud fraction diagnostic formula.
2026-03-20 03:10:48,365 - isca - DEBUG - NOTE from PE    0: cloud_cover: The cloud overlap assumption is MAXIMUM-RANDOM
2026-03-20 03:10:48,365 - isca - DEBUG - NOTE from PE    0: idealized_moist_phys: Using Frierson Quasi-Equilibrium convection scheme.
2026-03-20 03:10:48,374 - isca - DEBUG - 
2026-03-20 03:10:48,374 - isca - WARNING - WARNING from PE    0: socrates_init: lw_hires_spectral_filename is unset, making equal to lw_spectral_filename
2026-03-20 03:10:48,374 - isca - DEBUG - 
2026-03-20 03:10:48,374 - isca - DEBUG - 
2026-03-20 03:10:48,374 - isca - WARNING - WARNING from PE    0: socrates_init: lw_hires_spectral_filename is unset, making equal to lw_spectral_filename
2026-03-20 03:10:48,374 - isca - DEBUG - 
2026-03-20 03:10:48,374 - isca - DEBUG - 
2026-03-20 03:10:48,374 - isca - WARNING - WARNING from PE    0: socrates_init: sw_hires_spectral_filename is unset, making equal to sw_spectral_filename
2026-03-20 03:10:48,374 - isca - DEBUG - 
2026-03-20 03:10:48,374 - isca - DEBUG - 
2026-03-20 03:10:48,374 - isca - WARNING - WARNING from PE    0: socrates_init: sw_hires_spectral_filename is unset, making equal to sw_spectral_filename
2026-03-20 03:10:48,375 - isca - DEBUG - 
2026-03-20 03:10:49,465 - isca - DEBUG - NOTE from PE    0: Interpolator: Using input file with no time dimension - ozone_1990_notime_zero.nc
2026-03-20 03:10:49,465 - isca - DEBUG - Initializing src field : ozone_1990
2026-03-20 03:10:49,467 - isca - DEBUG - 
2026-03-20 03:10:49,467 - isca - DEBUG - -----------------------------------
2026-03-20 03:10:49,467 - isca - DEBUG - ____                       _
2026-03-20 03:10:49,467 - isca - DEBUG - / ___|  ___   ___ _ __ __ _| |_ ___  ___
2026-03-20 03:10:49,467 - isca - DEBUG - \___ \ / _ \ / __|  __/ _` | __/ _ \/ __|
2026-03-20 03:10:49,467 - isca - DEBUG - ___) | (_) | (__| | | (_| | ||  __/\__ \
2026-03-20 03:10:49,467 - isca - DEBUG - |____/ \___/ \___|_|  \__,_|\__\___||___/
2026-03-20 03:10:49,467 - isca - DEBUG - 
2026-03-20 03:10:49,467 - isca - DEBUG - Initialised Socrates v17.03
2026-03-20 03:10:49,467 - isca - DEBUG - Stellar constant =    1860.00000000000
2026-03-20 03:10:49,467 - isca - DEBUG - Longwave spectral file =
2026-03-20 03:10:49,467 - isca - DEBUG - /proj/bolinc/users/x_ryabo/socrates_edited_for_isca/spectral_files_for_GCMs/Sun
2026-03-20 03:10:49,467 - isca - DEBUG - /miniSuran_lw.sf WITH           16  bands
2026-03-20 03:10:49,467 - isca - DEBUG - Longwave hires spectral file =
2026-03-20 03:10:49,467 - isca - DEBUG - /proj/bolinc/users/x_ryabo/socrates_edited_for_isca/spectral_files_for_GCMs/Sun
2026-03-20 03:10:49,467 - isca - DEBUG - /miniSuran_lw.sf WITH           16  bands
2026-03-20 03:10:49,467 - isca - DEBUG - Shortwave spectral file =
2026-03-20 03:10:49,467 - isca - DEBUG - /proj/bolinc/users/x_ryabo/socrates_edited_for_isca/spectral_files_for_GCMs/Sun
2026-03-20 03:10:49,468 - isca - DEBUG - /miniSuran_sw.sf WITH           16  bands
2026-03-20 03:10:49,468 - isca - DEBUG - Shortwave hires spectral file =
2026-03-20 03:10:49,468 - isca - DEBUG - /proj/bolinc/users/x_ryabo/socrates_edited_for_isca/spectral_files_for_GCMs/Sun
2026-03-20 03:10:49,468 - isca - DEBUG - /miniSuran_sw.sf WITH           16  bands
2026-03-20 03:10:49,468 - isca - DEBUG - 
2026-03-20 03:10:49,468 - isca - DEBUG - -----------------------------------
2026-03-20 03:10:49,468 - isca - DEBUG - 
2026-03-20 03:11:14,766 - isca - DEBUG - Integration completed through    1 Jul  2   0: 0: 0
2026-03-20 03:11:39,962 - isca - DEBUG - Integration completed through    1 Jul  3   0: 0: 0
2026-03-20 03:12:05,161 - isca - DEBUG - Integration completed through    1 Jul  4   0: 0: 0
2026-03-20 03:12:30,242 - isca - DEBUG - Integration completed through    1 Jul  5   0: 0: 0
2026-03-20 03:12:55,300 - isca - DEBUG - Integration completed through    1 Jul  6   0: 0: 0
2026-03-20 03:13:20,393 - isca - DEBUG - Integration completed through    1 Jul  7   0: 0: 0
2026-03-20 03:13:45,536 - isca - DEBUG - Integration completed through    1 Jul  8   0: 0: 0
2026-03-20 03:14:10,712 - isca - DEBUG - Integration completed through    1 Jul  9   0: 0: 0
2026-03-20 03:14:35,836 - isca - DEBUG - Integration completed through    1 Jul 10   0: 0: 0
2026-03-20 03:15:00,963 - isca - DEBUG - Integration completed through    1 Jul 11   0: 0: 0
2026-03-20 03:15:26,139 - isca - DEBUG - Integration completed through    1 Jul 12   0: 0: 0
2026-03-20 03:15:51,267 - isca - DEBUG - Integration completed through    1 Jul 13   0: 0: 0
2026-03-20 03:16:16,376 - isca - DEBUG - Integration completed through    1 Jul 14   0: 0: 0
2026-03-20 03:16:41,516 - isca - DEBUG - Integration completed through    1 Jul 15   0: 0: 0
2026-03-20 03:17:06,706 - isca - DEBUG - Integration completed through    1 Jul 16   0: 0: 0
2026-03-20 03:17:31,831 - isca - DEBUG - Integration completed through    1 Jul 17   0: 0: 0
2026-03-20 03:17:57,021 - isca - DEBUG - Integration completed through    1 Jul 18   0: 0: 0
2026-03-20 03:18:22,166 - isca - DEBUG - Integration completed through    1 Jul 19   0: 0: 0
2026-03-20 03:18:47,303 - isca - DEBUG - Integration completed through    1 Jul 20   0: 0: 0
2026-03-20 03:19:12,462 - isca - DEBUG - Integration completed through    1 Jul 21   0: 0: 0
2026-03-20 03:19:37,660 - isca - DEBUG - Integration completed through    1 Jul 22   0: 0: 0
2026-03-20 03:20:02,868 - isca - DEBUG - Integration completed through    1 Jul 23   0: 0: 0
2026-03-20 03:20:28,315 - isca - DEBUG - Integration completed through    1 Jul 24   0: 0: 0
2026-03-20 03:20:53,619 - isca - DEBUG - Integration completed through    1 Jul 25   0: 0: 0
2026-03-20 03:21:19,066 - isca - DEBUG - Integration completed through    1 Jul 26   0: 0: 0
2026-03-20 03:21:44,520 - isca - DEBUG - Integration completed through    1 Jul 27   0: 0: 0
2026-03-20 03:22:09,951 - isca - DEBUG - Integration completed through    1 Jul 28   0: 0: 0
2026-03-20 03:22:35,400 - isca - DEBUG - Integration completed through    1 Jul 29   0: 0: 0
2026-03-20 03:23:00,876 - isca - DEBUG - Integration completed through    1 Jul 30   0: 0: 0
2026-03-20 03:23:26,548 - isca - DEBUG - Integration completed through    1 Aug  1   0: 0: 0
2026-03-20 03:23:26,556 - isca - DEBUG - 
2026-03-20 03:23:26,556 - isca - WARNING - WARNING from PE    0: diag_util_mod::opening_file: module/field_name (socrates/soc_toa_sw_down_clr) NOT registered
2026-03-20 03:23:26,556 - isca - DEBUG - 
2026-03-20 03:23:26,556 - isca - DEBUG - 
2026-03-20 03:23:26,556 - isca - WARNING - WARNING from PE    0: diag_util_mod::opening_file: module/field_name (cloud_simple/rh_min) NOT registered
2026-03-20 03:23:26,556 - isca - DEBUG - 
2026-03-20 03:23:26,556 - isca - DEBUG - 
2026-03-20 03:23:26,556 - isca - WARNING - WARNING from PE    0: diag_util_mod::opening_file: module/field_name (socrates/soc_toa_sw_down_clr) NOT registered
2026-03-20 03:23:26,556 - isca - DEBUG - 
2026-03-20 03:23:26,556 - isca - DEBUG - 
2026-03-20 03:23:26,556 - isca - WARNING - WARNING from PE    0: diag_util_mod::opening_file: module/field_name (cloud_simple/rh_min) NOT registered
2026-03-20 03:23:26,556 - isca - DEBUG - 
2026-03-20 03:23:26,566 - isca - DEBUG - NOTE from PE    0: MPP_IO_SET_STACK_SIZE: stack size set to     393216.
2026-03-20 03:23:26,666 - isca - DEBUG - MPP_DOMAINS_STACK high water mark=       49152
2026-03-20 03:23:26,666 - isca - DEBUG - 
2026-03-20 03:23:26,666 - isca - DEBUG - Tabulating mpp_clock statistics across     16 PEs...
2026-03-20 03:23:26,666 - isca - DEBUG - 
2026-03-20 03:23:26,666 - isca - DEBUG - tmin          tmax          tavg          tstd  tfrac grain pemin pemax
2026-03-20 03:23:26,666 - isca - DEBUG - Total runtime                       758.367730    758.369873    758.368964      0.000692  1.000     0     0    15
2026-03-20 03:23:26,666 - isca - DEBUG - MPP_STACK high water mark=           0
2026-03-20 03:23:26,799 - isca - INFO - Run 7 complete
2026-03-20 03:23:27,678 - isca - DEBUG - atmos_monthly.nc combined and copied to data directory
2026-03-20 03:23:33,095 - isca - INFO - Restart archive created at /proj/bolinc/users/x_ryabo/Isca-Ryan_outputs/Earth_1860/restarts/res0007.tar.gz
2026-03-20 03:23:33,107 - isca - INFO - Writing namelist to '/proj/bolinc/users/x_ryabo/Isca-Ryan_outputs/Earth_1860/run0007/input.nml'
2026-03-20 03:23:33,146 - isca - INFO - Writing field_table to '/proj/bolinc/users/x_ryabo/Isca-Ryan_outputs/Earth_1860/run0007/field_table'
2026-03-20 03:23:33,155 - isca - INFO - Writing diag_table to '/proj/bolinc/users/x_ryabo/Isca-Ryan_outputs/Earth_1860/run0007/diag_table'
2026-03-20 03:23:33,544 - isca - INFO - Emptied run directory '/home/x_ryabo/Isca-Ryan_tmp/experiment/Earth_1860/run'
2026-03-20 03:23:33,565 - isca - INFO - Emptied run directory '/home/x_ryabo/Isca-Ryan_tmp/experiment/Earth_1860/run'
2026-03-20 03:23:33,888 - isca - INFO - Writing namelist to '/home/x_ryabo/Isca-Ryan_tmp/experiment/Earth_1860/run/input.nml'
2026-03-20 03:23:33,890 - isca - INFO - Writing field_table to '/home/x_ryabo/Isca-Ryan_tmp/experiment/Earth_1860/run/field_table'
2026-03-20 03:23:33,902 - isca - INFO - Writing diag_table to '/home/x_ryabo/Isca-Ryan_tmp/experiment/Earth_1860/run/diag_table'
2026-03-20 03:23:33,918 - isca - INFO - Using restart file '/proj/bolinc/users/x_ryabo/Isca-Ryan_outputs/Earth_1860/restarts/res0007.tar.gz'
2026-03-20 03:23:34,328 - isca - INFO - Restart /proj/bolinc/users/x_ryabo/Isca-Ryan_outputs/Earth_1860/restarts/res0007.tar.gz extracted to /home/x_ryabo/Isca-Ryan_tmp/experiment/Earth_1860/run/INPUT
2026-03-20 03:23:34,329 - isca - INFO - Beginning run 8
2026-03-20 03:23:34,340 - isca - INFO - process running as 61878
2026-03-20 03:23:34,340 - isca - DEBUG - loadmodules for Isca on NSC cluster Tetralith
2026-03-20 03:23:34,340 - isca - DEBUG - mpiifort
2026-03-20 03:23:34,451 - isca - DEBUG - The following modules were not unloaded:
2026-03-20 03:23:34,451 - isca - DEBUG - (Use "module --force purge" to unload all):
2026-03-20 03:23:34,451 - isca - DEBUG - 
2026-03-20 03:23:34,451 - isca - DEBUG - 1) hpc/.1.10.1
2026-03-20 03:23:34,553 - isca - DEBUG - ***************************************************
2026-03-20 03:23:34,553 - isca - DEBUG - You have loaded a buildenv module
2026-03-20 03:23:34,554 - isca - DEBUG - ***************************************************
2026-03-20 03:23:34,554 - isca - DEBUG - The buldenv-intel module makes available:
2026-03-20 03:23:34,554 - isca - DEBUG - - Compilers: icc, ifort, etc.
2026-03-20 03:23:34,554 - isca - DEBUG - - Mpi library with mpi-wrapped compilers: intel mpi with mpicc, mpifort, etc.
2026-03-20 03:23:34,554 - isca - DEBUG - - Numerical libraries: intel MKL
2026-03-20 03:23:34,554 - isca - DEBUG - 
2026-03-20 03:23:34,554 - isca - DEBUG - It also makes a set of dependency library modules available via
2026-03-20 03:23:34,554 - isca - DEBUG - the regular module command. Just do:
2026-03-20 03:23:34,554 - isca - DEBUG - module avail
2026-03-20 03:23:34,554 - isca - DEBUG - to see what is available.
2026-03-20 03:23:34,554 - isca - DEBUG - 
2026-03-20 03:23:34,554 - isca - DEBUG - NOTE: You shoud never load build environments inside submitted jobs.
2026-03-20 03:23:34,554 - isca - DEBUG - (with the single exception of when using supercomputer time to compile code.)
2026-03-20 03:23:34,554 - isca - DEBUG - 
2026-03-20 03:23:35,751 - isca - DEBUG - NOTE from PE    0: MPP_DOMAINS_SET_STACK_SIZE: stack size set to    32768.
2026-03-20 03:23:35,751 - isca - DEBUG - &MPP_IO_NML
2026-03-20 03:23:35,752 - isca - DEBUG - HEADER_BUFFER_VAL       =       16384,
2026-03-20 03:23:35,752 - isca - DEBUG - GLOBAL_FIELD_ON_ROOT_PE = T,
2026-03-20 03:23:35,752 - isca - DEBUG - IO_CLOCKS_ON    = F,
2026-03-20 03:23:35,752 - isca - DEBUG - SHUFFLE =           0,
2026-03-20 03:23:35,752 - isca - DEBUG - DEFLATE_LEVEL   =          -1
2026-03-20 03:23:35,752 - isca - DEBUG - /
2026-03-20 03:23:35,753 - isca - DEBUG - NOTE from PE    0: MPP_IO_SET_STACK_SIZE: stack size set to     131072.
2026-03-20 03:23:35,754 - isca - DEBUG - NOTE from PE    0: MPP_DOMAINS_SET_STACK_SIZE: stack size set to   600000.
2026-03-20 03:23:35,761 - isca - DEBUG - starting            1  OpenMP threads per MPI-task
2026-03-20 03:23:35,763 - isca - DEBUG - ATMOS MODEL DOMAIN DECOMPOSITION
2026-03-20 03:23:35,763 - isca - DEBUG - X-AXIS =  128
2026-03-20 03:23:35,763 - isca - DEBUG - Y-AXIS =    4   4   4   4   4   4   4   4   4   4   4   4   4   4   4   4
2026-03-20 03:23:35,814 - isca - DEBUG - NOTE from PE    0: cloud_simple: Using SimCloud cloud scheme
2026-03-20 03:23:35,815 - isca - DEBUG - NOTE from PE    0: ls_cloud: Using Sundqvist (1989) cloud fraction diagnostic formula.
2026-03-20 03:23:35,816 - isca - DEBUG - NOTE from PE    0: cloud_cover: The cloud overlap assumption is MAXIMUM-RANDOM
2026-03-20 03:23:35,816 - isca - DEBUG - NOTE from PE    0: idealized_moist_phys: Using Frierson Quasi-Equilibrium convection scheme.
2026-03-20 03:23:35,824 - isca - DEBUG - 
2026-03-20 03:23:35,824 - isca - WARNING - WARNING from PE    0: socrates_init: lw_hires_spectral_filename is unset, making equal to lw_spectral_filename
2026-03-20 03:23:35,824 - isca - DEBUG - 
2026-03-20 03:23:35,824 - isca - DEBUG - 
2026-03-20 03:23:35,824 - isca - WARNING - WARNING from PE    0: socrates_init: lw_hires_spectral_filename is unset, making equal to lw_spectral_filename
2026-03-20 03:23:35,825 - isca - DEBUG - 
2026-03-20 03:23:35,825 - isca - DEBUG - 
2026-03-20 03:23:35,825 - isca - WARNING - WARNING from PE    0: socrates_init: sw_hires_spectral_filename is unset, making equal to sw_spectral_filename
2026-03-20 03:23:35,825 - isca - DEBUG - 
2026-03-20 03:23:35,825 - isca - DEBUG - 
2026-03-20 03:23:35,825 - isca - WARNING - WARNING from PE    0: socrates_init: sw_hires_spectral_filename is unset, making equal to sw_spectral_filename
2026-03-20 03:23:35,825 - isca - DEBUG - 
2026-03-20 03:23:36,914 - isca - DEBUG - NOTE from PE    0: Interpolator: Using input file with no time dimension - ozone_1990_notime_zero.nc
2026-03-20 03:23:36,914 - isca - DEBUG - Initializing src field : ozone_1990
2026-03-20 03:23:36,916 - isca - DEBUG - 
2026-03-20 03:23:36,916 - isca - DEBUG - -----------------------------------
2026-03-20 03:23:36,916 - isca - DEBUG - ____                       _
2026-03-20 03:23:36,916 - isca - DEBUG - / ___|  ___   ___ _ __ __ _| |_ ___  ___
2026-03-20 03:23:36,916 - isca - DEBUG - \___ \ / _ \ / __|  __/ _` | __/ _ \/ __|
2026-03-20 03:23:36,916 - isca - DEBUG - ___) | (_) | (__| | | (_| | ||  __/\__ \
2026-03-20 03:23:36,916 - isca - DEBUG - |____/ \___/ \___|_|  \__,_|\__\___||___/
2026-03-20 03:23:36,916 - isca - DEBUG - 
2026-03-20 03:23:36,916 - isca - DEBUG - Initialised Socrates v17.03
2026-03-20 03:23:36,916 - isca - DEBUG - Stellar constant =    1860.00000000000
2026-03-20 03:23:36,916 - isca - DEBUG - Longwave spectral file =
2026-03-20 03:23:36,916 - isca - DEBUG - /proj/bolinc/users/x_ryabo/socrates_edited_for_isca/spectral_files_for_GCMs/Sun
2026-03-20 03:23:36,916 - isca - DEBUG - /miniSuran_lw.sf WITH           16  bands
2026-03-20 03:23:36,916 - isca - DEBUG - Longwave hires spectral file =
2026-03-20 03:23:36,916 - isca - DEBUG - /proj/bolinc/users/x_ryabo/socrates_edited_for_isca/spectral_files_for_GCMs/Sun
2026-03-20 03:23:36,916 - isca - DEBUG - /miniSuran_lw.sf WITH           16  bands
2026-03-20 03:23:36,916 - isca - DEBUG - Shortwave spectral file =
2026-03-20 03:23:36,916 - isca - DEBUG - /proj/bolinc/users/x_ryabo/socrates_edited_for_isca/spectral_files_for_GCMs/Sun
2026-03-20 03:23:36,916 - isca - DEBUG - /miniSuran_sw.sf WITH           16  bands
2026-03-20 03:23:36,916 - isca - DEBUG - Shortwave hires spectral file =
2026-03-20 03:23:36,916 - isca - DEBUG - /proj/bolinc/users/x_ryabo/socrates_edited_for_isca/spectral_files_for_GCMs/Sun
2026-03-20 03:23:36,916 - isca - DEBUG - /miniSuran_sw.sf WITH           16  bands
2026-03-20 03:23:36,916 - isca - DEBUG - 
2026-03-20 03:23:36,916 - isca - DEBUG - -----------------------------------
2026-03-20 03:23:36,916 - isca - DEBUG - 
2026-03-20 03:24:03,070 - isca - DEBUG - Integration completed through    1 Aug  2   0: 0: 0
2026-03-20 03:24:29,148 - isca - DEBUG - Integration completed through    1 Aug  3   0: 0: 0
2026-03-20 03:24:55,235 - isca - DEBUG - Integration completed through    1 Aug  4   0: 0: 0
2026-03-20 03:25:21,367 - isca - DEBUG - Integration completed through    1 Aug  5   0: 0: 0
2026-03-20 03:25:47,541 - isca - DEBUG - Integration completed through    1 Aug  6   0: 0: 0
2026-03-20 03:26:13,655 - isca - DEBUG - Integration completed through    1 Aug  7   0: 0: 0
2026-03-20 03:26:39,757 - isca - DEBUG - Integration completed through    1 Aug  8   0: 0: 0
2026-03-20 03:27:05,958 - isca - DEBUG - Integration completed through    1 Aug  9   0: 0: 0
2026-03-20 03:27:32,194 - isca - DEBUG - Integration completed through    1 Aug 10   0: 0: 0
2026-03-20 03:27:58,404 - isca - DEBUG - Integration completed through    1 Aug 11   0: 0: 0
2026-03-20 03:28:24,594 - isca - DEBUG - Integration completed through    1 Aug 12   0: 0: 0
2026-03-20 03:28:50,760 - isca - DEBUG - Integration completed through    1 Aug 13   0: 0: 0
2026-03-20 03:29:17,038 - isca - DEBUG - Integration completed through    1 Aug 14   0: 0: 0
2026-03-20 03:29:43,236 - isca - DEBUG - Integration completed through    1 Aug 15   0: 0: 0
2026-03-20 03:30:09,464 - isca - DEBUG - Integration completed through    1 Aug 16   0: 0: 0
2026-03-20 03:30:35,666 - isca - DEBUG - Integration completed through    1 Aug 17   0: 0: 0
2026-03-20 03:31:01,901 - isca - DEBUG - Integration completed through    1 Aug 18   0: 0: 0
2026-03-20 03:31:28,140 - isca - DEBUG - Integration completed through    1 Aug 19   0: 0: 0
2026-03-20 03:31:54,376 - isca - DEBUG - Integration completed through    1 Aug 20   0: 0: 0
2026-03-20 03:32:20,575 - isca - DEBUG - Integration completed through    1 Aug 21   0: 0: 0
2026-03-20 03:32:46,835 - isca - DEBUG - Integration completed through    1 Aug 22   0: 0: 0
2026-03-20 03:33:13,084 - isca - DEBUG - Integration completed through    1 Aug 23   0: 0: 0
2026-03-20 03:33:39,371 - isca - DEBUG - Integration completed through    1 Aug 24   0: 0: 0
2026-03-20 03:34:05,594 - isca - DEBUG - Integration completed through    1 Aug 25   0: 0: 0
2026-03-20 03:34:31,812 - isca - DEBUG - Integration completed through    1 Aug 26   0: 0: 0
2026-03-20 03:34:58,125 - isca - DEBUG - Integration completed through    1 Aug 27   0: 0: 0
2026-03-20 03:35:24,407 - isca - DEBUG - Integration completed through    1 Aug 28   0: 0: 0
2026-03-20 03:35:50,647 - isca - DEBUG - Integration completed through    1 Aug 29   0: 0: 0
2026-03-20 03:36:16,878 - isca - DEBUG - Integration completed through    1 Aug 30   0: 0: 0
2026-03-20 03:36:43,135 - isca - DEBUG - Integration completed through    1 Sep  1   0: 0: 0
2026-03-20 03:36:43,143 - isca - DEBUG - 
2026-03-20 03:36:43,143 - isca - WARNING - WARNING from PE    0: diag_util_mod::opening_file: module/field_name (socrates/soc_toa_sw_down_clr) NOT registered
2026-03-20 03:36:43,143 - isca - DEBUG - 
2026-03-20 03:36:43,143 - isca - DEBUG - 
2026-03-20 03:36:43,143 - isca - WARNING - WARNING from PE    0: diag_util_mod::opening_file: module/field_name (cloud_simple/rh_min) NOT registered
2026-03-20 03:36:43,143 - isca - DEBUG - 
2026-03-20 03:36:43,143 - isca - DEBUG - 
2026-03-20 03:36:43,143 - isca - WARNING - WARNING from PE    0: diag_util_mod::opening_file: module/field_name (socrates/soc_toa_sw_down_clr) NOT registered
2026-03-20 03:36:43,143 - isca - DEBUG - 
2026-03-20 03:36:43,143 - isca - DEBUG - 
2026-03-20 03:36:43,144 - isca - WARNING - WARNING from PE    0: diag_util_mod::opening_file: module/field_name (cloud_simple/rh_min) NOT registered
2026-03-20 03:36:43,144 - isca - DEBUG - 
2026-03-20 03:36:43,154 - isca - DEBUG - NOTE from PE    0: MPP_IO_SET_STACK_SIZE: stack size set to     393216.
2026-03-20 03:36:43,248 - isca - DEBUG - MPP_DOMAINS_STACK high water mark=       49152
2026-03-20 03:36:43,248 - isca - DEBUG - 
2026-03-20 03:36:43,248 - isca - DEBUG - Tabulating mpp_clock statistics across     16 PEs...
2026-03-20 03:36:43,248 - isca - DEBUG - 
2026-03-20 03:36:43,248 - isca - DEBUG - tmin          tmax          tavg          tstd  tfrac grain pemin pemax
2026-03-20 03:36:43,249 - isca - DEBUG - Total runtime                       787.495488    787.499539    787.497613      0.001266  1.000     0     0    15
2026-03-20 03:36:43,249 - isca - DEBUG - MPP_STACK high water mark=           0
2026-03-20 03:36:43,339 - isca - INFO - Run 8 complete
2026-03-20 03:36:44,210 - isca - DEBUG - atmos_monthly.nc combined and copied to data directory
2026-03-20 03:36:49,167 - isca - INFO - Restart archive created at /proj/bolinc/users/x_ryabo/Isca-Ryan_outputs/Earth_1860/restarts/res0008.tar.gz
2026-03-20 03:36:49,180 - isca - INFO - Writing namelist to '/proj/bolinc/users/x_ryabo/Isca-Ryan_outputs/Earth_1860/run0008/input.nml'
2026-03-20 03:36:49,182 - isca - INFO - Writing field_table to '/proj/bolinc/users/x_ryabo/Isca-Ryan_outputs/Earth_1860/run0008/field_table'
2026-03-20 03:36:49,192 - isca - INFO - Writing diag_table to '/proj/bolinc/users/x_ryabo/Isca-Ryan_outputs/Earth_1860/run0008/diag_table'
2026-03-20 03:36:49,539 - isca - INFO - Emptied run directory '/home/x_ryabo/Isca-Ryan_tmp/experiment/Earth_1860/run'
2026-03-20 03:36:49,561 - isca - INFO - Emptied run directory '/home/x_ryabo/Isca-Ryan_tmp/experiment/Earth_1860/run'
2026-03-20 03:36:49,884 - isca - INFO - Writing namelist to '/home/x_ryabo/Isca-Ryan_tmp/experiment/Earth_1860/run/input.nml'
2026-03-20 03:36:49,886 - isca - INFO - Writing field_table to '/home/x_ryabo/Isca-Ryan_tmp/experiment/Earth_1860/run/field_table'
2026-03-20 03:36:49,899 - isca - INFO - Writing diag_table to '/home/x_ryabo/Isca-Ryan_tmp/experiment/Earth_1860/run/diag_table'
2026-03-20 03:36:49,912 - isca - INFO - Using restart file '/proj/bolinc/users/x_ryabo/Isca-Ryan_outputs/Earth_1860/restarts/res0008.tar.gz'
2026-03-20 03:36:50,322 - isca - INFO - Restart /proj/bolinc/users/x_ryabo/Isca-Ryan_outputs/Earth_1860/restarts/res0008.tar.gz extracted to /home/x_ryabo/Isca-Ryan_tmp/experiment/Earth_1860/run/INPUT
2026-03-20 03:36:50,322 - isca - INFO - Beginning run 9
2026-03-20 03:36:50,337 - isca - INFO - process running as 62669
2026-03-20 03:36:50,337 - isca - DEBUG - loadmodules for Isca on NSC cluster Tetralith
2026-03-20 03:36:50,337 - isca - DEBUG - mpiifort
2026-03-20 03:36:50,447 - isca - DEBUG - The following modules were not unloaded:
2026-03-20 03:36:50,447 - isca - DEBUG - (Use "module --force purge" to unload all):
2026-03-20 03:36:50,447 - isca - DEBUG - 
2026-03-20 03:36:50,447 - isca - DEBUG - 1) hpc/.1.10.1
2026-03-20 03:36:50,550 - isca - DEBUG - ***************************************************
2026-03-20 03:36:50,550 - isca - DEBUG - You have loaded a buildenv module
2026-03-20 03:36:50,550 - isca - DEBUG - ***************************************************
2026-03-20 03:36:50,550 - isca - DEBUG - The buldenv-intel module makes available:
2026-03-20 03:36:50,551 - isca - DEBUG - - Compilers: icc, ifort, etc.
2026-03-20 03:36:50,551 - isca - DEBUG - - Mpi library with mpi-wrapped compilers: intel mpi with mpicc, mpifort, etc.
2026-03-20 03:36:50,551 - isca - DEBUG - - Numerical libraries: intel MKL
2026-03-20 03:36:50,551 - isca - DEBUG - 
2026-03-20 03:36:50,551 - isca - DEBUG - It also makes a set of dependency library modules available via
2026-03-20 03:36:50,551 - isca - DEBUG - the regular module command. Just do:
2026-03-20 03:36:50,551 - isca - DEBUG - module avail
2026-03-20 03:36:50,551 - isca - DEBUG - to see what is available.
2026-03-20 03:36:50,551 - isca - DEBUG - 
2026-03-20 03:36:50,551 - isca - DEBUG - NOTE: You shoud never load build environments inside submitted jobs.
2026-03-20 03:36:50,551 - isca - DEBUG - (with the single exception of when using supercomputer time to compile code.)
2026-03-20 03:36:50,551 - isca - DEBUG - 
2026-03-20 03:36:51,752 - isca - DEBUG - NOTE from PE    0: MPP_DOMAINS_SET_STACK_SIZE: stack size set to    32768.
2026-03-20 03:36:51,753 - isca - DEBUG - &MPP_IO_NML
2026-03-20 03:36:51,753 - isca - DEBUG - HEADER_BUFFER_VAL       =       16384,
2026-03-20 03:36:51,753 - isca - DEBUG - GLOBAL_FIELD_ON_ROOT_PE = T,
2026-03-20 03:36:51,753 - isca - DEBUG - IO_CLOCKS_ON    = F,
2026-03-20 03:36:51,753 - isca - DEBUG - SHUFFLE =           0,
2026-03-20 03:36:51,753 - isca - DEBUG - DEFLATE_LEVEL   =          -1
2026-03-20 03:36:51,753 - isca - DEBUG - /
2026-03-20 03:36:51,754 - isca - DEBUG - NOTE from PE    0: MPP_IO_SET_STACK_SIZE: stack size set to     131072.
2026-03-20 03:36:51,755 - isca - DEBUG - NOTE from PE    0: MPP_DOMAINS_SET_STACK_SIZE: stack size set to   600000.
2026-03-20 03:36:51,762 - isca - DEBUG - starting            1  OpenMP threads per MPI-task
2026-03-20 03:36:51,764 - isca - DEBUG - ATMOS MODEL DOMAIN DECOMPOSITION
2026-03-20 03:36:51,764 - isca - DEBUG - X-AXIS =  128
2026-03-20 03:36:51,764 - isca - DEBUG - Y-AXIS =    4   4   4   4   4   4   4   4   4   4   4   4   4   4   4   4
2026-03-20 03:36:51,821 - isca - DEBUG - NOTE from PE    0: cloud_simple: Using SimCloud cloud scheme
2026-03-20 03:36:51,823 - isca - DEBUG - NOTE from PE    0: ls_cloud: Using Sundqvist (1989) cloud fraction diagnostic formula.
2026-03-20 03:36:51,823 - isca - DEBUG - NOTE from PE    0: cloud_cover: The cloud overlap assumption is MAXIMUM-RANDOM
2026-03-20 03:36:51,823 - isca - DEBUG - NOTE from PE    0: idealized_moist_phys: Using Frierson Quasi-Equilibrium convection scheme.
2026-03-20 03:36:51,831 - isca - DEBUG - 
2026-03-20 03:36:51,831 - isca - WARNING - WARNING from PE    0: socrates_init: lw_hires_spectral_filename is unset, making equal to lw_spectral_filename
2026-03-20 03:36:51,831 - isca - DEBUG - 
2026-03-20 03:36:51,832 - isca - DEBUG - 
2026-03-20 03:36:51,832 - isca - WARNING - WARNING from PE    0: socrates_init: lw_hires_spectral_filename is unset, making equal to lw_spectral_filename
2026-03-20 03:36:51,832 - isca - DEBUG - 
2026-03-20 03:36:51,832 - isca - DEBUG - 
2026-03-20 03:36:51,832 - isca - WARNING - WARNING from PE    0: socrates_init: sw_hires_spectral_filename is unset, making equal to sw_spectral_filename
2026-03-20 03:36:51,832 - isca - DEBUG - 
2026-03-20 03:36:51,832 - isca - DEBUG - 
2026-03-20 03:36:51,832 - isca - WARNING - WARNING from PE    0: socrates_init: sw_hires_spectral_filename is unset, making equal to sw_spectral_filename
2026-03-20 03:36:51,832 - isca - DEBUG - 
2026-03-20 03:36:52,916 - isca - DEBUG - NOTE from PE    0: Interpolator: Using input file with no time dimension - ozone_1990_notime_zero.nc
2026-03-20 03:36:52,916 - isca - DEBUG - Initializing src field : ozone_1990
2026-03-20 03:36:52,918 - isca - DEBUG - 
2026-03-20 03:36:52,918 - isca - DEBUG - -----------------------------------
2026-03-20 03:36:52,918 - isca - DEBUG - ____                       _
2026-03-20 03:36:52,918 - isca - DEBUG - / ___|  ___   ___ _ __ __ _| |_ ___  ___
2026-03-20 03:36:52,918 - isca - DEBUG - \___ \ / _ \ / __|  __/ _` | __/ _ \/ __|
2026-03-20 03:36:52,918 - isca - DEBUG - ___) | (_) | (__| | | (_| | ||  __/\__ \
2026-03-20 03:36:52,918 - isca - DEBUG - |____/ \___/ \___|_|  \__,_|\__\___||___/
2026-03-20 03:36:52,918 - isca - DEBUG - 
2026-03-20 03:36:52,918 - isca - DEBUG - Initialised Socrates v17.03
2026-03-20 03:36:52,918 - isca - DEBUG - Stellar constant =    1860.00000000000
2026-03-20 03:36:52,918 - isca - DEBUG - Longwave spectral file =
2026-03-20 03:36:52,918 - isca - DEBUG - /proj/bolinc/users/x_ryabo/socrates_edited_for_isca/spectral_files_for_GCMs/Sun
2026-03-20 03:36:52,919 - isca - DEBUG - /miniSuran_lw.sf WITH           16  bands
2026-03-20 03:36:52,919 - isca - DEBUG - Longwave hires spectral file =
2026-03-20 03:36:52,919 - isca - DEBUG - /proj/bolinc/users/x_ryabo/socrates_edited_for_isca/spectral_files_for_GCMs/Sun
2026-03-20 03:36:52,919 - isca - DEBUG - /miniSuran_lw.sf WITH           16  bands
2026-03-20 03:36:52,919 - isca - DEBUG - Shortwave spectral file =
2026-03-20 03:36:52,919 - isca - DEBUG - /proj/bolinc/users/x_ryabo/socrates_edited_for_isca/spectral_files_for_GCMs/Sun
2026-03-20 03:36:52,919 - isca - DEBUG - /miniSuran_sw.sf WITH           16  bands
2026-03-20 03:36:52,919 - isca - DEBUG - Shortwave hires spectral file =
2026-03-20 03:36:52,919 - isca - DEBUG - /proj/bolinc/users/x_ryabo/socrates_edited_for_isca/spectral_files_for_GCMs/Sun
2026-03-20 03:36:52,919 - isca - DEBUG - /miniSuran_sw.sf WITH           16  bands
2026-03-20 03:36:52,919 - isca - DEBUG - 
2026-03-20 03:36:52,919 - isca - DEBUG - -----------------------------------
2026-03-20 03:36:52,919 - isca - DEBUG - 
2026-03-20 03:37:18,656 - isca - DEBUG - Integration completed through    1 Sep  2   0: 0: 0
2026-03-20 03:37:44,628 - isca - DEBUG - Integration completed through    1 Sep  3   0: 0: 0
2026-03-20 03:38:10,682 - isca - DEBUG - Integration completed through    1 Sep  4   0: 0: 0
2026-03-20 03:38:36,748 - isca - DEBUG - Integration completed through    1 Sep  5   0: 0: 0
2026-03-20 03:39:02,475 - isca - DEBUG - Integration completed through    1 Sep  6   0: 0: 0
2026-03-20 03:39:28,170 - isca - DEBUG - Integration completed through    1 Sep  7   0: 0: 0
2026-03-20 03:39:54,187 - isca - DEBUG - Integration completed through    1 Sep  8   0: 0: 0
2026-03-20 03:40:20,169 - isca - DEBUG - Integration completed through    1 Sep  9   0: 0: 0
2026-03-20 03:40:46,067 - isca - DEBUG - Integration completed through    1 Sep 10   0: 0: 0
2026-03-20 03:41:11,950 - isca - DEBUG - Integration completed through    1 Sep 11   0: 0: 0
2026-03-20 03:41:37,963 - isca - DEBUG - Integration completed through    1 Sep 12   0: 0: 0
2026-03-20 03:42:03,894 - isca - DEBUG - Integration completed through    1 Sep 13   0: 0: 0
2026-03-20 03:42:29,730 - isca - DEBUG - Integration completed through    1 Sep 14   0: 0: 0
2026-03-20 03:42:55,820 - isca - DEBUG - Integration completed through    1 Sep 15   0: 0: 0
2026-03-20 03:43:22,345 - isca - DEBUG - Integration completed through    1 Sep 16   0: 0: 0
2026-03-20 03:43:48,802 - isca - DEBUG - Integration completed through    1 Sep 17   0: 0: 0
2026-03-20 03:44:15,310 - isca - DEBUG - Integration completed through    1 Sep 18   0: 0: 0
2026-03-20 03:44:41,397 - isca - DEBUG - Integration completed through    1 Sep 19   0: 0: 0
2026-03-20 03:45:07,064 - isca - DEBUG - Integration completed through    1 Sep 20   0: 0: 0
2026-03-20 03:45:32,906 - isca - DEBUG - Integration completed through    1 Sep 21   0: 0: 0
2026-03-20 03:45:58,932 - isca - DEBUG - Integration completed through    1 Sep 22   0: 0: 0
2026-03-20 03:46:24,973 - isca - DEBUG - Integration completed through    1 Sep 23   0: 0: 0
2026-03-20 03:46:50,795 - isca - DEBUG - Integration completed through    1 Sep 24   0: 0: 0
2026-03-20 03:47:16,492 - isca - DEBUG - Integration completed through    1 Sep 25   0: 0: 0
2026-03-20 03:47:42,155 - isca - DEBUG - Integration completed through    1 Sep 26   0: 0: 0
2026-03-20 03:48:07,971 - isca - DEBUG - Integration completed through    1 Sep 27   0: 0: 0
2026-03-20 03:48:33,886 - isca - DEBUG - Integration completed through    1 Sep 28   0: 0: 0
2026-03-20 03:48:59,591 - isca - DEBUG - Integration completed through    1 Sep 29   0: 0: 0
2026-03-20 03:49:25,200 - isca - DEBUG - Integration completed through    1 Sep 30   0: 0: 0
2026-03-20 03:49:50,963 - isca - DEBUG - Integration completed through    1 Oct  1   0: 0: 0
2026-03-20 03:49:50,971 - isca - DEBUG - 
2026-03-20 03:49:50,971 - isca - WARNING - WARNING from PE    0: diag_util_mod::opening_file: module/field_name (socrates/soc_toa_sw_down_clr) NOT registered
2026-03-20 03:49:50,971 - isca - DEBUG - 
2026-03-20 03:49:50,971 - isca - DEBUG - 
2026-03-20 03:49:50,971 - isca - WARNING - WARNING from PE    0: diag_util_mod::opening_file: module/field_name (cloud_simple/rh_min) NOT registered
2026-03-20 03:49:50,971 - isca - DEBUG - 
2026-03-20 03:49:50,971 - isca - DEBUG - 
2026-03-20 03:49:50,971 - isca - WARNING - WARNING from PE    0: diag_util_mod::opening_file: module/field_name (socrates/soc_toa_sw_down_clr) NOT registered
2026-03-20 03:49:50,971 - isca - DEBUG - 
2026-03-20 03:49:50,971 - isca - DEBUG - 
2026-03-20 03:49:50,971 - isca - WARNING - WARNING from PE    0: diag_util_mod::opening_file: module/field_name (cloud_simple/rh_min) NOT registered
2026-03-20 03:49:50,971 - isca - DEBUG - 
2026-03-20 03:49:50,982 - isca - DEBUG - NOTE from PE    0: MPP_IO_SET_STACK_SIZE: stack size set to     393216.
2026-03-20 03:49:51,147 - isca - DEBUG - MPP_DOMAINS_STACK high water mark=       49152
2026-03-20 03:49:51,147 - isca - DEBUG - 
2026-03-20 03:49:51,147 - isca - DEBUG - Tabulating mpp_clock statistics across     16 PEs...
2026-03-20 03:49:51,147 - isca - DEBUG - 
2026-03-20 03:49:51,147 - isca - DEBUG - tmin          tmax          tavg          tstd  tfrac grain pemin pemax
2026-03-20 03:49:51,148 - isca - DEBUG - Total runtime                       779.393500    779.397136    779.395248      0.001100  1.000     0     0    15
2026-03-20 03:49:51,148 - isca - DEBUG - MPP_STACK high water mark=           0
2026-03-20 03:49:51,312 - isca - INFO - Run 9 complete
2026-03-20 03:49:52,261 - isca - DEBUG - atmos_monthly.nc combined and copied to data directory
2026-03-20 03:49:56,647 - isca - INFO - Restart archive created at /proj/bolinc/users/x_ryabo/Isca-Ryan_outputs/Earth_1860/restarts/res0009.tar.gz
2026-03-20 03:49:56,658 - isca - INFO - Writing namelist to '/proj/bolinc/users/x_ryabo/Isca-Ryan_outputs/Earth_1860/run0009/input.nml'
2026-03-20 03:49:56,659 - isca - INFO - Writing field_table to '/proj/bolinc/users/x_ryabo/Isca-Ryan_outputs/Earth_1860/run0009/field_table'
2026-03-20 03:49:56,669 - isca - INFO - Writing diag_table to '/proj/bolinc/users/x_ryabo/Isca-Ryan_outputs/Earth_1860/run0009/diag_table'
2026-03-20 03:49:57,375 - isca - INFO - Emptied run directory '/home/x_ryabo/Isca-Ryan_tmp/experiment/Earth_1860/run'
2026-03-20 03:49:57,393 - isca - INFO - Emptied run directory '/home/x_ryabo/Isca-Ryan_tmp/experiment/Earth_1860/run'
2026-03-20 03:49:57,713 - isca - INFO - Writing namelist to '/home/x_ryabo/Isca-Ryan_tmp/experiment/Earth_1860/run/input.nml'
2026-03-20 03:49:57,715 - isca - INFO - Writing field_table to '/home/x_ryabo/Isca-Ryan_tmp/experiment/Earth_1860/run/field_table'
2026-03-20 03:49:57,727 - isca - INFO - Writing diag_table to '/home/x_ryabo/Isca-Ryan_tmp/experiment/Earth_1860/run/diag_table'
2026-03-20 03:49:57,739 - isca - INFO - Using restart file '/proj/bolinc/users/x_ryabo/Isca-Ryan_outputs/Earth_1860/restarts/res0009.tar.gz'
2026-03-20 03:49:58,155 - isca - INFO - Restart /proj/bolinc/users/x_ryabo/Isca-Ryan_outputs/Earth_1860/restarts/res0009.tar.gz extracted to /home/x_ryabo/Isca-Ryan_tmp/experiment/Earth_1860/run/INPUT
2026-03-20 03:49:58,156 - isca - INFO - Beginning run 10
2026-03-20 03:49:58,167 - isca - INFO - process running as 63481
2026-03-20 03:49:58,167 - isca - DEBUG - loadmodules for Isca on NSC cluster Tetralith
2026-03-20 03:49:58,167 - isca - DEBUG - mpiifort
2026-03-20 03:49:58,281 - isca - DEBUG - The following modules were not unloaded:
2026-03-20 03:49:58,281 - isca - DEBUG - (Use "module --force purge" to unload all):
2026-03-20 03:49:58,281 - isca - DEBUG - 
2026-03-20 03:49:58,281 - isca - DEBUG - 1) hpc/.1.10.1
2026-03-20 03:49:58,384 - isca - DEBUG - ***************************************************
2026-03-20 03:49:58,384 - isca - DEBUG - You have loaded a buildenv module
2026-03-20 03:49:58,384 - isca - DEBUG - ***************************************************
2026-03-20 03:49:58,384 - isca - DEBUG - The buldenv-intel module makes available:
2026-03-20 03:49:58,384 - isca - DEBUG - - Compilers: icc, ifort, etc.
2026-03-20 03:49:58,384 - isca - DEBUG - - Mpi library with mpi-wrapped compilers: intel mpi with mpicc, mpifort, etc.
2026-03-20 03:49:58,384 - isca - DEBUG - - Numerical libraries: intel MKL
2026-03-20 03:49:58,384 - isca - DEBUG - 
2026-03-20 03:49:58,384 - isca - DEBUG - It also makes a set of dependency library modules available via
2026-03-20 03:49:58,384 - isca - DEBUG - the regular module command. Just do:
2026-03-20 03:49:58,384 - isca - DEBUG - module avail
2026-03-20 03:49:58,384 - isca - DEBUG - to see what is available.
2026-03-20 03:49:58,384 - isca - DEBUG - 
2026-03-20 03:49:58,384 - isca - DEBUG - NOTE: You shoud never load build environments inside submitted jobs.
2026-03-20 03:49:58,385 - isca - DEBUG - (with the single exception of when using supercomputer time to compile code.)
2026-03-20 03:49:58,385 - isca - DEBUG - 
2026-03-20 03:49:59,579 - isca - DEBUG - NOTE from PE    0: MPP_DOMAINS_SET_STACK_SIZE: stack size set to    32768.
2026-03-20 03:49:59,579 - isca - DEBUG - &MPP_IO_NML
2026-03-20 03:49:59,580 - isca - DEBUG - HEADER_BUFFER_VAL       =       16384,
2026-03-20 03:49:59,580 - isca - DEBUG - GLOBAL_FIELD_ON_ROOT_PE = T,
2026-03-20 03:49:59,580 - isca - DEBUG - IO_CLOCKS_ON    = F,
2026-03-20 03:49:59,580 - isca - DEBUG - SHUFFLE =           0,
2026-03-20 03:49:59,580 - isca - DEBUG - DEFLATE_LEVEL   =          -1
2026-03-20 03:49:59,580 - isca - DEBUG - /
2026-03-20 03:49:59,581 - isca - DEBUG - NOTE from PE    0: MPP_IO_SET_STACK_SIZE: stack size set to     131072.
2026-03-20 03:49:59,582 - isca - DEBUG - NOTE from PE    0: MPP_DOMAINS_SET_STACK_SIZE: stack size set to   600000.
2026-03-20 03:49:59,590 - isca - DEBUG - starting            1  OpenMP threads per MPI-task
2026-03-20 03:49:59,591 - isca - DEBUG - ATMOS MODEL DOMAIN DECOMPOSITION
2026-03-20 03:49:59,591 - isca - DEBUG - X-AXIS =  128
2026-03-20 03:49:59,591 - isca - DEBUG - Y-AXIS =    4   4   4   4   4   4   4   4   4   4   4   4   4   4   4   4
2026-03-20 03:49:59,645 - isca - DEBUG - NOTE from PE    0: cloud_simple: Using SimCloud cloud scheme
2026-03-20 03:49:59,646 - isca - DEBUG - NOTE from PE    0: ls_cloud: Using Sundqvist (1989) cloud fraction diagnostic formula.
2026-03-20 03:49:59,647 - isca - DEBUG - NOTE from PE    0: cloud_cover: The cloud overlap assumption is MAXIMUM-RANDOM
2026-03-20 03:49:59,647 - isca - DEBUG - NOTE from PE    0: idealized_moist_phys: Using Frierson Quasi-Equilibrium convection scheme.
2026-03-20 03:49:59,655 - isca - DEBUG - 
2026-03-20 03:49:59,655 - isca - WARNING - WARNING from PE    0: socrates_init: lw_hires_spectral_filename is unset, making equal to lw_spectral_filename
2026-03-20 03:49:59,655 - isca - DEBUG - 
2026-03-20 03:49:59,655 - isca - DEBUG - 
2026-03-20 03:49:59,655 - isca - WARNING - WARNING from PE    0: socrates_init: lw_hires_spectral_filename is unset, making equal to lw_spectral_filename
2026-03-20 03:49:59,655 - isca - DEBUG - 
2026-03-20 03:49:59,656 - isca - DEBUG - 
2026-03-20 03:49:59,656 - isca - WARNING - WARNING from PE    0: socrates_init: sw_hires_spectral_filename is unset, making equal to sw_spectral_filename
2026-03-20 03:49:59,656 - isca - DEBUG - 
2026-03-20 03:49:59,656 - isca - DEBUG - 
2026-03-20 03:49:59,656 - isca - WARNING - WARNING from PE    0: socrates_init: sw_hires_spectral_filename is unset, making equal to sw_spectral_filename
2026-03-20 03:49:59,656 - isca - DEBUG - 
2026-03-20 03:50:00,793 - isca - DEBUG - NOTE from PE    0: Interpolator: Using input file with no time dimension - ozone_1990_notime_zero.nc
2026-03-20 03:50:00,793 - isca - DEBUG - Initializing src field : ozone_1990
2026-03-20 03:50:00,795 - isca - DEBUG - 
2026-03-20 03:50:00,795 - isca - DEBUG - -----------------------------------
2026-03-20 03:50:00,795 - isca - DEBUG - ____                       _
2026-03-20 03:50:00,795 - isca - DEBUG - / ___|  ___   ___ _ __ __ _| |_ ___  ___
2026-03-20 03:50:00,795 - isca - DEBUG - \___ \ / _ \ / __|  __/ _` | __/ _ \/ __|
2026-03-20 03:50:00,795 - isca - DEBUG - ___) | (_) | (__| | | (_| | ||  __/\__ \
2026-03-20 03:50:00,795 - isca - DEBUG - |____/ \___/ \___|_|  \__,_|\__\___||___/
2026-03-20 03:50:00,795 - isca - DEBUG - 
2026-03-20 03:50:00,795 - isca - DEBUG - Initialised Socrates v17.03
2026-03-20 03:50:00,795 - isca - DEBUG - Stellar constant =    1860.00000000000
2026-03-20 03:50:00,795 - isca - DEBUG - Longwave spectral file =
2026-03-20 03:50:00,795 - isca - DEBUG - /proj/bolinc/users/x_ryabo/socrates_edited_for_isca/spectral_files_for_GCMs/Sun
2026-03-20 03:50:00,795 - isca - DEBUG - /miniSuran_lw.sf WITH           16  bands
2026-03-20 03:50:00,795 - isca - DEBUG - Longwave hires spectral file =
2026-03-20 03:50:00,795 - isca - DEBUG - /proj/bolinc/users/x_ryabo/socrates_edited_for_isca/spectral_files_for_GCMs/Sun
2026-03-20 03:50:00,795 - isca - DEBUG - /miniSuran_lw.sf WITH           16  bands
2026-03-20 03:50:00,795 - isca - DEBUG - Shortwave spectral file =
2026-03-20 03:50:00,795 - isca - DEBUG - /proj/bolinc/users/x_ryabo/socrates_edited_for_isca/spectral_files_for_GCMs/Sun
2026-03-20 03:50:00,795 - isca - DEBUG - /miniSuran_sw.sf WITH           16  bands
2026-03-20 03:50:00,795 - isca - DEBUG - Shortwave hires spectral file =
2026-03-20 03:50:00,796 - isca - DEBUG - /proj/bolinc/users/x_ryabo/socrates_edited_for_isca/spectral_files_for_GCMs/Sun
2026-03-20 03:50:00,796 - isca - DEBUG - /miniSuran_sw.sf WITH           16  bands
2026-03-20 03:50:00,796 - isca - DEBUG - 
2026-03-20 03:50:00,796 - isca - DEBUG - -----------------------------------
2026-03-20 03:50:00,796 - isca - DEBUG - 
2026-03-20 03:50:26,587 - isca - DEBUG - Integration completed through    1 Oct  2   0: 0: 0
2026-03-20 03:50:52,492 - isca - DEBUG - Integration completed through    1 Oct  3   0: 0: 0
2026-03-20 03:51:18,231 - isca - DEBUG - Integration completed through    1 Oct  4   0: 0: 0
2026-03-20 03:51:43,931 - isca - DEBUG - Integration completed through    1 Oct  5   0: 0: 0
2026-03-20 03:52:09,666 - isca - DEBUG - Integration completed through    1 Oct  6   0: 0: 0
2026-03-20 03:52:35,369 - isca - DEBUG - Integration completed through    1 Oct  7   0: 0: 0
2026-03-20 03:53:01,111 - isca - DEBUG - Integration completed through    1 Oct  8   0: 0: 0
2026-03-20 03:53:26,831 - isca - DEBUG - Integration completed through    1 Oct  9   0: 0: 0
2026-03-20 03:53:52,649 - isca - DEBUG - Integration completed through    1 Oct 10   0: 0: 0
2026-03-20 03:54:18,406 - isca - DEBUG - Integration completed through    1 Oct 11   0: 0: 0
2026-03-20 03:54:44,158 - isca - DEBUG - Integration completed through    1 Oct 12   0: 0: 0
2026-03-20 03:55:09,937 - isca - DEBUG - Integration completed through    1 Oct 13   0: 0: 0
2026-03-20 03:55:35,706 - isca - DEBUG - Integration completed through    1 Oct 14   0: 0: 0
2026-03-20 03:56:01,497 - isca - DEBUG - Integration completed through    1 Oct 15   0: 0: 0
2026-03-20 03:56:27,357 - isca - DEBUG - Integration completed through    1 Oct 16   0: 0: 0
2026-03-20 03:56:53,303 - isca - DEBUG - Integration completed through    1 Oct 17   0: 0: 0
2026-03-20 03:57:19,150 - isca - DEBUG - Integration completed through    1 Oct 18   0: 0: 0
2026-03-20 03:57:44,964 - isca - DEBUG - Integration completed through    1 Oct 19   0: 0: 0
2026-03-20 03:58:10,816 - isca - DEBUG - Integration completed through    1 Oct 20   0: 0: 0
2026-03-20 03:58:36,633 - isca - DEBUG - Integration completed through    1 Oct 21   0: 0: 0
2026-03-20 03:59:02,437 - isca - DEBUG - Integration completed through    1 Oct 22   0: 0: 0
2026-03-20 03:59:28,215 - isca - DEBUG - Integration completed through    1 Oct 23   0: 0: 0
2026-03-20 03:59:54,027 - isca - DEBUG - Integration completed through    1 Oct 24   0: 0: 0
2026-03-20 04:00:19,796 - isca - DEBUG - Integration completed through    1 Oct 25   0: 0: 0
2026-03-20 04:00:45,555 - isca - DEBUG - Integration completed through    1 Oct 26   0: 0: 0
2026-03-20 04:01:11,336 - isca - DEBUG - Integration completed through    1 Oct 27   0: 0: 0
2026-03-20 04:01:37,095 - isca - DEBUG - Integration completed through    1 Oct 28   0: 0: 0
2026-03-20 04:02:02,917 - isca - DEBUG - Integration completed through    1 Oct 29   0: 0: 0
2026-03-20 04:02:28,706 - isca - DEBUG - Integration completed through    1 Oct 30   0: 0: 0
2026-03-20 04:02:54,522 - isca - DEBUG - Integration completed through    1 Nov  1   0: 0: 0
2026-03-20 04:02:54,529 - isca - DEBUG - 
2026-03-20 04:02:54,529 - isca - WARNING - WARNING from PE    0: diag_util_mod::opening_file: module/field_name (socrates/soc_toa_sw_down_clr) NOT registered
2026-03-20 04:02:54,529 - isca - DEBUG - 
2026-03-20 04:02:54,529 - isca - DEBUG - 
2026-03-20 04:02:54,529 - isca - WARNING - WARNING from PE    0: diag_util_mod::opening_file: module/field_name (cloud_simple/rh_min) NOT registered
2026-03-20 04:02:54,529 - isca - DEBUG - 
2026-03-20 04:02:54,529 - isca - DEBUG - 
2026-03-20 04:02:54,529 - isca - WARNING - WARNING from PE    0: diag_util_mod::opening_file: module/field_name (socrates/soc_toa_sw_down_clr) NOT registered
2026-03-20 04:02:54,529 - isca - DEBUG - 
2026-03-20 04:02:54,529 - isca - DEBUG - 
2026-03-20 04:02:54,529 - isca - WARNING - WARNING from PE    0: diag_util_mod::opening_file: module/field_name (cloud_simple/rh_min) NOT registered
2026-03-20 04:02:54,529 - isca - DEBUG - 
2026-03-20 04:02:54,540 - isca - DEBUG - NOTE from PE    0: MPP_IO_SET_STACK_SIZE: stack size set to     393216.
2026-03-20 04:02:54,634 - isca - DEBUG - MPP_DOMAINS_STACK high water mark=       49152
2026-03-20 04:02:54,634 - isca - DEBUG - 
2026-03-20 04:02:54,634 - isca - DEBUG - Tabulating mpp_clock statistics across     16 PEs...
2026-03-20 04:02:54,634 - isca - DEBUG - 
2026-03-20 04:02:54,634 - isca - DEBUG - tmin          tmax          tavg          tstd  tfrac grain pemin pemax
2026-03-20 04:02:54,634 - isca - DEBUG - Total runtime                       775.052558    775.057294    775.054645      0.001222  1.000     0     0    15
2026-03-20 04:02:54,634 - isca - DEBUG - MPP_STACK high water mark=           0
2026-03-20 04:02:54,790 - isca - INFO - Run 10 complete
2026-03-20 04:02:55,707 - isca - DEBUG - atmos_monthly.nc combined and copied to data directory
2026-03-20 04:02:59,598 - isca - INFO - Restart archive created at /proj/bolinc/users/x_ryabo/Isca-Ryan_outputs/Earth_1860/restarts/res0010.tar.gz
2026-03-20 04:02:59,609 - isca - INFO - Writing namelist to '/proj/bolinc/users/x_ryabo/Isca-Ryan_outputs/Earth_1860/run0010/input.nml'
2026-03-20 04:02:59,612 - isca - INFO - Writing field_table to '/proj/bolinc/users/x_ryabo/Isca-Ryan_outputs/Earth_1860/run0010/field_table'
2026-03-20 04:02:59,621 - isca - INFO - Writing diag_table to '/proj/bolinc/users/x_ryabo/Isca-Ryan_outputs/Earth_1860/run0010/diag_table'
2026-03-20 04:02:59,972 - isca - INFO - Emptied run directory '/home/x_ryabo/Isca-Ryan_tmp/experiment/Earth_1860/run'
2026-03-20 04:02:59,999 - isca - INFO - Emptied run directory '/home/x_ryabo/Isca-Ryan_tmp/experiment/Earth_1860/run'
2026-03-20 04:03:00,319 - isca - INFO - Writing namelist to '/home/x_ryabo/Isca-Ryan_tmp/experiment/Earth_1860/run/input.nml'
2026-03-20 04:03:00,321 - isca - INFO - Writing field_table to '/home/x_ryabo/Isca-Ryan_tmp/experiment/Earth_1860/run/field_table'
2026-03-20 04:03:00,332 - isca - INFO - Writing diag_table to '/home/x_ryabo/Isca-Ryan_tmp/experiment/Earth_1860/run/diag_table'
2026-03-20 04:03:00,348 - isca - INFO - Using restart file '/proj/bolinc/users/x_ryabo/Isca-Ryan_outputs/Earth_1860/restarts/res0010.tar.gz'
2026-03-20 04:03:00,786 - isca - INFO - Restart /proj/bolinc/users/x_ryabo/Isca-Ryan_outputs/Earth_1860/restarts/res0010.tar.gz extracted to /home/x_ryabo/Isca-Ryan_tmp/experiment/Earth_1860/run/INPUT
2026-03-20 04:03:00,786 - isca - INFO - Beginning run 11
2026-03-20 04:03:00,797 - isca - INFO - process running as 64272
2026-03-20 04:03:00,798 - isca - DEBUG - loadmodules for Isca on NSC cluster Tetralith
2026-03-20 04:03:00,798 - isca - DEBUG - mpiifort
2026-03-20 04:03:00,911 - isca - DEBUG - The following modules were not unloaded:
2026-03-20 04:03:00,911 - isca - DEBUG - (Use "module --force purge" to unload all):
2026-03-20 04:03:00,911 - isca - DEBUG - 
2026-03-20 04:03:00,911 - isca - DEBUG - 1) hpc/.1.10.1
2026-03-20 04:03:01,014 - isca - DEBUG - ***************************************************
2026-03-20 04:03:01,014 - isca - DEBUG - You have loaded a buildenv module
2026-03-20 04:03:01,015 - isca - DEBUG - ***************************************************
2026-03-20 04:03:01,015 - isca - DEBUG - The buldenv-intel module makes available:
2026-03-20 04:03:01,015 - isca - DEBUG - - Compilers: icc, ifort, etc.
2026-03-20 04:03:01,015 - isca - DEBUG - - Mpi library with mpi-wrapped compilers: intel mpi with mpicc, mpifort, etc.
2026-03-20 04:03:01,015 - isca - DEBUG - - Numerical libraries: intel MKL
2026-03-20 04:03:01,015 - isca - DEBUG - 
2026-03-20 04:03:01,015 - isca - DEBUG - It also makes a set of dependency library modules available via
2026-03-20 04:03:01,015 - isca - DEBUG - the regular module command. Just do:
2026-03-20 04:03:01,015 - isca - DEBUG - module avail
2026-03-20 04:03:01,015 - isca - DEBUG - to see what is available.
2026-03-20 04:03:01,015 - isca - DEBUG - 
2026-03-20 04:03:01,015 - isca - DEBUG - NOTE: You shoud never load build environments inside submitted jobs.
2026-03-20 04:03:01,015 - isca - DEBUG - (with the single exception of when using supercomputer time to compile code.)
2026-03-20 04:03:01,015 - isca - DEBUG - 
2026-03-20 04:03:02,234 - isca - DEBUG - NOTE from PE    0: MPP_DOMAINS_SET_STACK_SIZE: stack size set to    32768.
2026-03-20 04:03:02,234 - isca - DEBUG - &MPP_IO_NML
2026-03-20 04:03:02,234 - isca - DEBUG - HEADER_BUFFER_VAL       =       16384,
2026-03-20 04:03:02,234 - isca - DEBUG - GLOBAL_FIELD_ON_ROOT_PE = T,
2026-03-20 04:03:02,234 - isca - DEBUG - IO_CLOCKS_ON    = F,
2026-03-20 04:03:02,234 - isca - DEBUG - SHUFFLE =           0,
2026-03-20 04:03:02,234 - isca - DEBUG - DEFLATE_LEVEL   =          -1
2026-03-20 04:03:02,234 - isca - DEBUG - /
2026-03-20 04:03:02,236 - isca - DEBUG - NOTE from PE    0: MPP_IO_SET_STACK_SIZE: stack size set to     131072.
2026-03-20 04:03:02,237 - isca - DEBUG - NOTE from PE    0: MPP_DOMAINS_SET_STACK_SIZE: stack size set to   600000.
2026-03-20 04:03:02,244 - isca - DEBUG - starting            1  OpenMP threads per MPI-task
2026-03-20 04:03:02,245 - isca - DEBUG - ATMOS MODEL DOMAIN DECOMPOSITION
2026-03-20 04:03:02,246 - isca - DEBUG - X-AXIS =  128
2026-03-20 04:03:02,246 - isca - DEBUG - Y-AXIS =    4   4   4   4   4   4   4   4   4   4   4   4   4   4   4   4
2026-03-20 04:03:02,293 - isca - DEBUG - NOTE from PE    0: cloud_simple: Using SimCloud cloud scheme
2026-03-20 04:03:02,294 - isca - DEBUG - NOTE from PE    0: ls_cloud: Using Sundqvist (1989) cloud fraction diagnostic formula.
2026-03-20 04:03:02,295 - isca - DEBUG - NOTE from PE    0: cloud_cover: The cloud overlap assumption is MAXIMUM-RANDOM
2026-03-20 04:03:02,295 - isca - DEBUG - NOTE from PE    0: idealized_moist_phys: Using Frierson Quasi-Equilibrium convection scheme.
2026-03-20 04:03:02,303 - isca - DEBUG - 
2026-03-20 04:03:02,304 - isca - WARNING - WARNING from PE    0: socrates_init: lw_hires_spectral_filename is unset, making equal to lw_spectral_filename
2026-03-20 04:03:02,304 - isca - DEBUG - 
2026-03-20 04:03:02,304 - isca - DEBUG - 
2026-03-20 04:03:02,304 - isca - WARNING - WARNING from PE    0: socrates_init: lw_hires_spectral_filename is unset, making equal to lw_spectral_filename
2026-03-20 04:03:02,304 - isca - DEBUG - 
2026-03-20 04:03:02,304 - isca - DEBUG - 
2026-03-20 04:03:02,304 - isca - WARNING - WARNING from PE    0: socrates_init: sw_hires_spectral_filename is unset, making equal to sw_spectral_filename
2026-03-20 04:03:02,304 - isca - DEBUG - 
2026-03-20 04:03:02,304 - isca - DEBUG - 
2026-03-20 04:03:02,304 - isca - WARNING - WARNING from PE    0: socrates_init: sw_hires_spectral_filename is unset, making equal to sw_spectral_filename
2026-03-20 04:03:02,304 - isca - DEBUG - 
2026-03-20 04:03:03,419 - isca - DEBUG - NOTE from PE    0: Interpolator: Using input file with no time dimension - ozone_1990_notime_zero.nc
2026-03-20 04:03:03,419 - isca - DEBUG - Initializing src field : ozone_1990
2026-03-20 04:03:03,421 - isca - DEBUG - 
2026-03-20 04:03:03,421 - isca - DEBUG - -----------------------------------
2026-03-20 04:03:03,421 - isca - DEBUG - ____                       _
2026-03-20 04:03:03,421 - isca - DEBUG - / ___|  ___   ___ _ __ __ _| |_ ___  ___
2026-03-20 04:03:03,421 - isca - DEBUG - \___ \ / _ \ / __|  __/ _` | __/ _ \/ __|
2026-03-20 04:03:03,421 - isca - DEBUG - ___) | (_) | (__| | | (_| | ||  __/\__ \
2026-03-20 04:03:03,421 - isca - DEBUG - |____/ \___/ \___|_|  \__,_|\__\___||___/
2026-03-20 04:03:03,421 - isca - DEBUG - 
2026-03-20 04:03:03,421 - isca - DEBUG - Initialised Socrates v17.03
2026-03-20 04:03:03,422 - isca - DEBUG - Stellar constant =    1860.00000000000
2026-03-20 04:03:03,422 - isca - DEBUG - Longwave spectral file =
2026-03-20 04:03:03,422 - isca - DEBUG - /proj/bolinc/users/x_ryabo/socrates_edited_for_isca/spectral_files_for_GCMs/Sun
2026-03-20 04:03:03,422 - isca - DEBUG - /miniSuran_lw.sf WITH           16  bands
2026-03-20 04:03:03,422 - isca - DEBUG - Longwave hires spectral file =
2026-03-20 04:03:03,422 - isca - DEBUG - /proj/bolinc/users/x_ryabo/socrates_edited_for_isca/spectral_files_for_GCMs/Sun
2026-03-20 04:03:03,422 - isca - DEBUG - /miniSuran_lw.sf WITH           16  bands
2026-03-20 04:03:03,422 - isca - DEBUG - Shortwave spectral file =
2026-03-20 04:03:03,422 - isca - DEBUG - /proj/bolinc/users/x_ryabo/socrates_edited_for_isca/spectral_files_for_GCMs/Sun
2026-03-20 04:03:03,422 - isca - DEBUG - /miniSuran_sw.sf WITH           16  bands
2026-03-20 04:03:03,422 - isca - DEBUG - Shortwave hires spectral file =
2026-03-20 04:03:03,422 - isca - DEBUG - /proj/bolinc/users/x_ryabo/socrates_edited_for_isca/spectral_files_for_GCMs/Sun
2026-03-20 04:03:03,422 - isca - DEBUG - /miniSuran_sw.sf WITH           16  bands
2026-03-20 04:03:03,422 - isca - DEBUG - 
2026-03-20 04:03:03,422 - isca - DEBUG - -----------------------------------
2026-03-20 04:03:03,422 - isca - DEBUG - 
2026-03-20 04:03:29,441 - isca - DEBUG - Integration completed through    1 Nov  2   0: 0: 0
2026-03-20 04:03:55,381 - isca - DEBUG - Integration completed through    1 Nov  3   0: 0: 0
2026-03-20 04:04:21,308 - isca - DEBUG - Integration completed through    1 Nov  4   0: 0: 0
2026-03-20 04:04:47,235 - isca - DEBUG - Integration completed through    1 Nov  5   0: 0: 0
2026-03-20 04:05:13,225 - isca - DEBUG - Integration completed through    1 Nov  6   0: 0: 0
2026-03-20 04:05:39,248 - isca - DEBUG - Integration completed through    1 Nov  7   0: 0: 0
2026-03-20 04:06:05,320 - isca - DEBUG - Integration completed through    1 Nov  8   0: 0: 0
2026-03-20 04:06:31,344 - isca - DEBUG - Integration completed through    1 Nov  9   0: 0: 0
2026-03-20 04:06:57,360 - isca - DEBUG - Integration completed through    1 Nov 10   0: 0: 0
2026-03-20 04:07:23,395 - isca - DEBUG - Integration completed through    1 Nov 11   0: 0: 0
2026-03-20 04:07:49,449 - isca - DEBUG - Integration completed through    1 Nov 12   0: 0: 0
2026-03-20 04:08:15,533 - isca - DEBUG - Integration completed through    1 Nov 13   0: 0: 0
2026-03-20 04:08:41,603 - isca - DEBUG - Integration completed through    1 Nov 14   0: 0: 0
2026-03-20 04:09:07,680 - isca - DEBUG - Integration completed through    1 Nov 15   0: 0: 0
2026-03-20 04:09:33,776 - isca - DEBUG - Integration completed through    1 Nov 16   0: 0: 0
2026-03-20 04:09:59,847 - isca - DEBUG - Integration completed through    1 Nov 17   0: 0: 0
2026-03-20 04:10:25,904 - isca - DEBUG - Integration completed through    1 Nov 18   0: 0: 0
2026-03-20 04:10:51,976 - isca - DEBUG - Integration completed through    1 Nov 19   0: 0: 0
2026-03-20 04:11:18,078 - isca - DEBUG - Integration completed through    1 Nov 20   0: 0: 0
2026-03-20 04:11:44,160 - isca - DEBUG - Integration completed through    1 Nov 21   0: 0: 0
2026-03-20 04:12:10,306 - isca - DEBUG - Integration completed through    1 Nov 22   0: 0: 0
2026-03-20 04:12:36,344 - isca - DEBUG - Integration completed through    1 Nov 23   0: 0: 0
2026-03-20 04:13:02,417 - isca - DEBUG - Integration completed through    1 Nov 24   0: 0: 0
2026-03-20 04:13:28,492 - isca - DEBUG - Integration completed through    1 Nov 25   0: 0: 0
2026-03-20 04:13:54,612 - isca - DEBUG - Integration completed through    1 Nov 26   0: 0: 0
2026-03-20 04:14:20,964 - isca - DEBUG - Integration completed through    1 Nov 27   0: 0: 0
2026-03-20 04:14:47,267 - isca - DEBUG - Integration completed through    1 Nov 28   0: 0: 0
2026-03-20 04:15:13,467 - isca - DEBUG - Integration completed through    1 Nov 29   0: 0: 0
2026-03-20 04:15:39,596 - isca - DEBUG - Integration completed through    1 Nov 30   0: 0: 0
2026-03-20 04:16:05,798 - isca - DEBUG - Integration completed through    1 Dec  1   0: 0: 0
2026-03-20 04:16:05,806 - isca - DEBUG - 
2026-03-20 04:16:05,806 - isca - WARNING - WARNING from PE    0: diag_util_mod::opening_file: module/field_name (socrates/soc_toa_sw_down_clr) NOT registered
2026-03-20 04:16:05,806 - isca - DEBUG - 
2026-03-20 04:16:05,806 - isca - DEBUG - 
2026-03-20 04:16:05,806 - isca - WARNING - WARNING from PE    0: diag_util_mod::opening_file: module/field_name (cloud_simple/rh_min) NOT registered
2026-03-20 04:16:05,806 - isca - DEBUG - 
2026-03-20 04:16:05,806 - isca - DEBUG - 
2026-03-20 04:16:05,807 - isca - WARNING - WARNING from PE    0: diag_util_mod::opening_file: module/field_name (socrates/soc_toa_sw_down_clr) NOT registered
2026-03-20 04:16:05,807 - isca - DEBUG - 
2026-03-20 04:16:05,807 - isca - DEBUG - 
2026-03-20 04:16:05,807 - isca - WARNING - WARNING from PE    0: diag_util_mod::opening_file: module/field_name (cloud_simple/rh_min) NOT registered
2026-03-20 04:16:05,807 - isca - DEBUG - 
2026-03-20 04:16:05,817 - isca - DEBUG - NOTE from PE    0: MPP_IO_SET_STACK_SIZE: stack size set to     393216.
2026-03-20 04:16:05,916 - isca - DEBUG - MPP_DOMAINS_STACK high water mark=       49152
2026-03-20 04:16:05,916 - isca - DEBUG - 
2026-03-20 04:16:05,916 - isca - DEBUG - Tabulating mpp_clock statistics across     16 PEs...
2026-03-20 04:16:05,916 - isca - DEBUG - 
2026-03-20 04:16:05,916 - isca - DEBUG - tmin          tmax          tavg          tstd  tfrac grain pemin pemax
2026-03-20 04:16:05,916 - isca - DEBUG - Total runtime                       783.680423    783.685853    783.682752      0.001457  1.000     0     0    15
2026-03-20 04:16:05,916 - isca - DEBUG - MPP_STACK high water mark=           0
2026-03-20 04:16:06,081 - isca - INFO - Run 11 complete
2026-03-20 04:16:07,107 - isca - DEBUG - atmos_monthly.nc combined and copied to data directory
2026-03-20 04:16:10,976 - isca - INFO - Restart archive created at /proj/bolinc/users/x_ryabo/Isca-Ryan_outputs/Earth_1860/restarts/res0011.tar.gz
2026-03-20 04:16:10,988 - isca - INFO - Writing namelist to '/proj/bolinc/users/x_ryabo/Isca-Ryan_outputs/Earth_1860/run0011/input.nml'
2026-03-20 04:16:10,990 - isca - INFO - Writing field_table to '/proj/bolinc/users/x_ryabo/Isca-Ryan_outputs/Earth_1860/run0011/field_table'
2026-03-20 04:16:11,048 - isca - INFO - Writing diag_table to '/proj/bolinc/users/x_ryabo/Isca-Ryan_outputs/Earth_1860/run0011/diag_table'
2026-03-20 04:16:11,389 - isca - INFO - Emptied run directory '/home/x_ryabo/Isca-Ryan_tmp/experiment/Earth_1860/run'
2026-03-20 04:16:11,407 - isca - INFO - Emptied run directory '/home/x_ryabo/Isca-Ryan_tmp/experiment/Earth_1860/run'
2026-03-20 04:16:11,726 - isca - INFO - Writing namelist to '/home/x_ryabo/Isca-Ryan_tmp/experiment/Earth_1860/run/input.nml'
2026-03-20 04:16:11,728 - isca - INFO - Writing field_table to '/home/x_ryabo/Isca-Ryan_tmp/experiment/Earth_1860/run/field_table'
2026-03-20 04:16:11,740 - isca - INFO - Writing diag_table to '/home/x_ryabo/Isca-Ryan_tmp/experiment/Earth_1860/run/diag_table'
2026-03-20 04:16:11,756 - isca - INFO - Using restart file '/proj/bolinc/users/x_ryabo/Isca-Ryan_outputs/Earth_1860/restarts/res0011.tar.gz'
2026-03-20 04:16:12,259 - isca - INFO - Restart /proj/bolinc/users/x_ryabo/Isca-Ryan_outputs/Earth_1860/restarts/res0011.tar.gz extracted to /home/x_ryabo/Isca-Ryan_tmp/experiment/Earth_1860/run/INPUT
2026-03-20 04:16:12,260 - isca - INFO - Beginning run 12
2026-03-20 04:16:12,275 - isca - INFO - process running as 65069
2026-03-20 04:16:12,275 - isca - DEBUG - loadmodules for Isca on NSC cluster Tetralith
2026-03-20 04:16:12,275 - isca - DEBUG - mpiifort
2026-03-20 04:16:12,385 - isca - DEBUG - The following modules were not unloaded:
2026-03-20 04:16:12,385 - isca - DEBUG - (Use "module --force purge" to unload all):
2026-03-20 04:16:12,385 - isca - DEBUG - 
2026-03-20 04:16:12,385 - isca - DEBUG - 1) hpc/.1.10.1
2026-03-20 04:16:12,488 - isca - DEBUG - ***************************************************
2026-03-20 04:16:12,488 - isca - DEBUG - You have loaded a buildenv module
2026-03-20 04:16:12,488 - isca - DEBUG - ***************************************************
2026-03-20 04:16:12,488 - isca - DEBUG - The buldenv-intel module makes available:
2026-03-20 04:16:12,488 - isca - DEBUG - - Compilers: icc, ifort, etc.
2026-03-20 04:16:12,488 - isca - DEBUG - - Mpi library with mpi-wrapped compilers: intel mpi with mpicc, mpifort, etc.
2026-03-20 04:16:12,488 - isca - DEBUG - - Numerical libraries: intel MKL
2026-03-20 04:16:12,488 - isca - DEBUG - 
2026-03-20 04:16:12,488 - isca - DEBUG - It also makes a set of dependency library modules available via
2026-03-20 04:16:12,488 - isca - DEBUG - the regular module command. Just do:
2026-03-20 04:16:12,488 - isca - DEBUG - module avail
2026-03-20 04:16:12,488 - isca - DEBUG - to see what is available.
2026-03-20 04:16:12,488 - isca - DEBUG - 
2026-03-20 04:16:12,488 - isca - DEBUG - NOTE: You shoud never load build environments inside submitted jobs.
2026-03-20 04:16:12,488 - isca - DEBUG - (with the single exception of when using supercomputer time to compile code.)
2026-03-20 04:16:12,488 - isca - DEBUG - 
2026-03-20 04:16:13,692 - isca - DEBUG - NOTE from PE    0: MPP_DOMAINS_SET_STACK_SIZE: stack size set to    32768.
2026-03-20 04:16:13,692 - isca - DEBUG - &MPP_IO_NML
2026-03-20 04:16:13,692 - isca - DEBUG - HEADER_BUFFER_VAL       =       16384,
2026-03-20 04:16:13,692 - isca - DEBUG - GLOBAL_FIELD_ON_ROOT_PE = T,
2026-03-20 04:16:13,692 - isca - DEBUG - IO_CLOCKS_ON    = F,
2026-03-20 04:16:13,692 - isca - DEBUG - SHUFFLE =           0,
2026-03-20 04:16:13,692 - isca - DEBUG - DEFLATE_LEVEL   =          -1
2026-03-20 04:16:13,692 - isca - DEBUG - /
2026-03-20 04:16:13,694 - isca - DEBUG - NOTE from PE    0: MPP_IO_SET_STACK_SIZE: stack size set to     131072.
2026-03-20 04:16:13,694 - isca - DEBUG - NOTE from PE    0: MPP_DOMAINS_SET_STACK_SIZE: stack size set to   600000.
2026-03-20 04:16:13,701 - isca - DEBUG - starting            1  OpenMP threads per MPI-task
2026-03-20 04:16:13,703 - isca - DEBUG - ATMOS MODEL DOMAIN DECOMPOSITION
2026-03-20 04:16:13,703 - isca - DEBUG - X-AXIS =  128
2026-03-20 04:16:13,703 - isca - DEBUG - Y-AXIS =    4   4   4   4   4   4   4   4   4   4   4   4   4   4   4   4
2026-03-20 04:16:13,752 - isca - DEBUG - NOTE from PE    0: cloud_simple: Using SimCloud cloud scheme
2026-03-20 04:16:13,753 - isca - DEBUG - NOTE from PE    0: ls_cloud: Using Sundqvist (1989) cloud fraction diagnostic formula.
2026-03-20 04:16:13,753 - isca - DEBUG - NOTE from PE    0: cloud_cover: The cloud overlap assumption is MAXIMUM-RANDOM
2026-03-20 04:16:13,754 - isca - DEBUG - NOTE from PE    0: idealized_moist_phys: Using Frierson Quasi-Equilibrium convection scheme.
2026-03-20 04:16:13,762 - isca - DEBUG - 
2026-03-20 04:16:13,762 - isca - WARNING - WARNING from PE    0: socrates_init: lw_hires_spectral_filename is unset, making equal to lw_spectral_filename
2026-03-20 04:16:13,762 - isca - DEBUG - 
2026-03-20 04:16:13,762 - isca - DEBUG - 
2026-03-20 04:16:13,762 - isca - WARNING - WARNING from PE    0: socrates_init: lw_hires_spectral_filename is unset, making equal to lw_spectral_filename
2026-03-20 04:16:13,762 - isca - DEBUG - 
2026-03-20 04:16:13,762 - isca - DEBUG - 
2026-03-20 04:16:13,762 - isca - WARNING - WARNING from PE    0: socrates_init: sw_hires_spectral_filename is unset, making equal to sw_spectral_filename
2026-03-20 04:16:13,762 - isca - DEBUG - 
2026-03-20 04:16:13,762 - isca - DEBUG - 
2026-03-20 04:16:13,762 - isca - WARNING - WARNING from PE    0: socrates_init: sw_hires_spectral_filename is unset, making equal to sw_spectral_filename
2026-03-20 04:16:13,762 - isca - DEBUG - 
2026-03-20 04:16:14,893 - isca - DEBUG - NOTE from PE    0: Interpolator: Using input file with no time dimension - ozone_1990_notime_zero.nc
2026-03-20 04:16:14,893 - isca - DEBUG - Initializing src field : ozone_1990
2026-03-20 04:16:14,895 - isca - DEBUG - 
2026-03-20 04:16:14,895 - isca - DEBUG - -----------------------------------
2026-03-20 04:16:14,895 - isca - DEBUG - ____                       _
2026-03-20 04:16:14,895 - isca - DEBUG - / ___|  ___   ___ _ __ __ _| |_ ___  ___
2026-03-20 04:16:14,896 - isca - DEBUG - \___ \ / _ \ / __|  __/ _` | __/ _ \/ __|
2026-03-20 04:16:14,896 - isca - DEBUG - ___) | (_) | (__| | | (_| | ||  __/\__ \
2026-03-20 04:16:14,896 - isca - DEBUG - |____/ \___/ \___|_|  \__,_|\__\___||___/
2026-03-20 04:16:14,896 - isca - DEBUG - 
2026-03-20 04:16:14,896 - isca - DEBUG - Initialised Socrates v17.03
2026-03-20 04:16:14,896 - isca - DEBUG - Stellar constant =    1860.00000000000
2026-03-20 04:16:14,896 - isca - DEBUG - Longwave spectral file =
2026-03-20 04:16:14,896 - isca - DEBUG - /proj/bolinc/users/x_ryabo/socrates_edited_for_isca/spectral_files_for_GCMs/Sun
2026-03-20 04:16:14,896 - isca - DEBUG - /miniSuran_lw.sf WITH           16  bands
2026-03-20 04:16:14,896 - isca - DEBUG - Longwave hires spectral file =
2026-03-20 04:16:14,896 - isca - DEBUG - /proj/bolinc/users/x_ryabo/socrates_edited_for_isca/spectral_files_for_GCMs/Sun
2026-03-20 04:16:14,896 - isca - DEBUG - /miniSuran_lw.sf WITH           16  bands
2026-03-20 04:16:14,896 - isca - DEBUG - Shortwave spectral file =
2026-03-20 04:16:14,896 - isca - DEBUG - /proj/bolinc/users/x_ryabo/socrates_edited_for_isca/spectral_files_for_GCMs/Sun
2026-03-20 04:16:14,896 - isca - DEBUG - /miniSuran_sw.sf WITH           16  bands
2026-03-20 04:16:14,896 - isca - DEBUG - Shortwave hires spectral file =
2026-03-20 04:16:14,896 - isca - DEBUG - /proj/bolinc/users/x_ryabo/socrates_edited_for_isca/spectral_files_for_GCMs/Sun
2026-03-20 04:16:14,896 - isca - DEBUG - /miniSuran_sw.sf WITH           16  bands
2026-03-20 04:16:14,896 - isca - DEBUG - 
2026-03-20 04:16:14,896 - isca - DEBUG - -----------------------------------
2026-03-20 04:16:14,896 - isca - DEBUG - 
2026-03-20 04:16:41,091 - isca - DEBUG - Integration completed through    1 Dec  2   0: 0: 0
2026-03-20 04:17:07,206 - isca - DEBUG - Integration completed through    1 Dec  3   0: 0: 0
2026-03-20 04:17:33,314 - isca - DEBUG - Integration completed through    1 Dec  4   0: 0: 0
2026-03-20 04:17:59,450 - isca - DEBUG - Integration completed through    1 Dec  5   0: 0: 0
2026-03-20 04:18:25,636 - isca - DEBUG - Integration completed through    1 Dec  6   0: 0: 0
2026-03-20 04:18:51,842 - isca - DEBUG - Integration completed through    1 Dec  7   0: 0: 0
2026-03-20 04:19:18,031 - isca - DEBUG - Integration completed through    1 Dec  8   0: 0: 0
2026-03-20 04:19:44,161 - isca - DEBUG - Integration completed through    1 Dec  9   0: 0: 0
2026-03-20 04:20:10,260 - isca - DEBUG - Integration completed through    1 Dec 10   0: 0: 0
2026-03-20 04:20:36,348 - isca - DEBUG - Integration completed through    1 Dec 11   0: 0: 0
2026-03-20 04:21:02,430 - isca - DEBUG - Integration completed through    1 Dec 12   0: 0: 0
2026-03-20 04:21:28,630 - isca - DEBUG - Integration completed through    1 Dec 13   0: 0: 0
2026-03-20 04:21:54,729 - isca - DEBUG - Integration completed through    1 Dec 14   0: 0: 0
2026-03-20 04:22:20,834 - isca - DEBUG - Integration completed through    1 Dec 15   0: 0: 0
2026-03-20 04:22:46,953 - isca - DEBUG - Integration completed through    1 Dec 16   0: 0: 0
2026-03-20 04:23:13,084 - isca - DEBUG - Integration completed through    1 Dec 17   0: 0: 0
2026-03-20 04:23:39,174 - isca - DEBUG - Integration completed through    1 Dec 18   0: 0: 0
2026-03-20 04:24:05,302 - isca - DEBUG - Integration completed through    1 Dec 19   0: 0: 0
2026-03-20 04:24:31,522 - isca - DEBUG - Integration completed through    1 Dec 20   0: 0: 0
2026-03-20 04:24:57,633 - isca - DEBUG - Integration completed through    1 Dec 21   0: 0: 0
2026-03-20 04:25:23,867 - isca - DEBUG - Integration completed through    1 Dec 22   0: 0: 0
2026-03-20 04:25:49,982 - isca - DEBUG - Integration completed through    1 Dec 23   0: 0: 0
2026-03-20 04:26:16,241 - isca - DEBUG - Integration completed through    1 Dec 24   0: 0: 0
2026-03-20 04:26:42,503 - isca - DEBUG - Integration completed through    1 Dec 25   0: 0: 0
2026-03-20 04:27:08,727 - isca - DEBUG - Integration completed through    1 Dec 26   0: 0: 0
2026-03-20 04:27:34,937 - isca - DEBUG - Integration completed through    1 Dec 27   0: 0: 0
2026-03-20 04:28:01,151 - isca - DEBUG - Integration completed through    1 Dec 28   0: 0: 0
2026-03-20 04:28:27,371 - isca - DEBUG - Integration completed through    1 Dec 29   0: 0: 0
2026-03-20 04:28:53,537 - isca - DEBUG - Integration completed through    1 Dec 30   0: 0: 0
2026-03-20 04:29:19,728 - isca - DEBUG - Integration completed through    2 Jan  1   0: 0: 0
2026-03-20 04:29:19,735 - isca - DEBUG - 
2026-03-20 04:29:19,735 - isca - WARNING - WARNING from PE    0: diag_util_mod::opening_file: module/field_name (socrates/soc_toa_sw_down_clr) NOT registered
2026-03-20 04:29:19,735 - isca - DEBUG - 
2026-03-20 04:29:19,735 - isca - DEBUG - 
2026-03-20 04:29:19,735 - isca - WARNING - WARNING from PE    0: diag_util_mod::opening_file: module/field_name (cloud_simple/rh_min) NOT registered
2026-03-20 04:29:19,736 - isca - DEBUG - 
2026-03-20 04:29:19,736 - isca - DEBUG - 
2026-03-20 04:29:19,736 - isca - WARNING - WARNING from PE    0: diag_util_mod::opening_file: module/field_name (socrates/soc_toa_sw_down_clr) NOT registered
2026-03-20 04:29:19,736 - isca - DEBUG - 
2026-03-20 04:29:19,736 - isca - DEBUG - 
2026-03-20 04:29:19,736 - isca - WARNING - WARNING from PE    0: diag_util_mod::opening_file: module/field_name (cloud_simple/rh_min) NOT registered
2026-03-20 04:29:19,736 - isca - DEBUG - 
2026-03-20 04:29:19,746 - isca - DEBUG - NOTE from PE    0: MPP_IO_SET_STACK_SIZE: stack size set to     393216.
2026-03-20 04:29:19,843 - isca - DEBUG - MPP_DOMAINS_STACK high water mark=       49152
2026-03-20 04:29:19,844 - isca - DEBUG - 
2026-03-20 04:29:19,844 - isca - DEBUG - Tabulating mpp_clock statistics across     16 PEs...
2026-03-20 04:29:19,844 - isca - DEBUG - 
2026-03-20 04:29:19,844 - isca - DEBUG - tmin          tmax          tavg          tstd  tfrac grain pemin pemax
2026-03-20 04:29:19,844 - isca - DEBUG - Total runtime                       786.150778    786.155715    786.153312      0.001563  1.000     0     0    15
2026-03-20 04:29:19,844 - isca - DEBUG - MPP_STACK high water mark=           0
2026-03-20 04:29:19,958 - isca - INFO - Run 12 complete
2026-03-20 04:29:20,945 - isca - DEBUG - atmos_monthly.nc combined and copied to data directory
2026-03-20 04:29:24,525 - isca - INFO - Restart archive created at /proj/bolinc/users/x_ryabo/Isca-Ryan_outputs/Earth_1860/restarts/res0012.tar.gz
2026-03-20 04:29:24,537 - isca - INFO - Writing namelist to '/proj/bolinc/users/x_ryabo/Isca-Ryan_outputs/Earth_1860/run0012/input.nml'
2026-03-20 04:29:24,538 - isca - INFO - Writing field_table to '/proj/bolinc/users/x_ryabo/Isca-Ryan_outputs/Earth_1860/run0012/field_table'
2026-03-20 04:29:24,548 - isca - INFO - Writing diag_table to '/proj/bolinc/users/x_ryabo/Isca-Ryan_outputs/Earth_1860/run0012/diag_table'
2026-03-20 04:29:24,930 - isca - INFO - Emptied run directory '/home/x_ryabo/Isca-Ryan_tmp/experiment/Earth_1860/run'
2026-03-20 04:29:24,948 - isca - INFO - Emptied run directory '/home/x_ryabo/Isca-Ryan_tmp/experiment/Earth_1860/run'
2026-03-20 04:29:25,277 - isca - INFO - Writing namelist to '/home/x_ryabo/Isca-Ryan_tmp/experiment/Earth_1860/run/input.nml'
2026-03-20 04:29:25,279 - isca - INFO - Writing field_table to '/home/x_ryabo/Isca-Ryan_tmp/experiment/Earth_1860/run/field_table'
2026-03-20 04:29:25,293 - isca - INFO - Writing diag_table to '/home/x_ryabo/Isca-Ryan_tmp/experiment/Earth_1860/run/diag_table'
2026-03-20 04:29:25,306 - isca - INFO - Using restart file '/proj/bolinc/users/x_ryabo/Isca-Ryan_outputs/Earth_1860/restarts/res0012.tar.gz'
2026-03-20 04:29:25,725 - isca - INFO - Restart /proj/bolinc/users/x_ryabo/Isca-Ryan_outputs/Earth_1860/restarts/res0012.tar.gz extracted to /home/x_ryabo/Isca-Ryan_tmp/experiment/Earth_1860/run/INPUT
2026-03-20 04:29:25,726 - isca - INFO - Beginning run 13
2026-03-20 04:29:25,737 - isca - INFO - process running as 65861
2026-03-20 04:29:25,737 - isca - DEBUG - loadmodules for Isca on NSC cluster Tetralith
2026-03-20 04:29:25,737 - isca - DEBUG - mpiifort
2026-03-20 04:29:25,850 - isca - DEBUG - The following modules were not unloaded:
2026-03-20 04:29:25,850 - isca - DEBUG - (Use "module --force purge" to unload all):
2026-03-20 04:29:25,850 - isca - DEBUG - 
2026-03-20 04:29:25,850 - isca - DEBUG - 1) hpc/.1.10.1
2026-03-20 04:29:25,954 - isca - DEBUG - ***************************************************
2026-03-20 04:29:25,954 - isca - DEBUG - You have loaded a buildenv module
2026-03-20 04:29:25,954 - isca - DEBUG - ***************************************************
2026-03-20 04:29:25,954 - isca - DEBUG - The buldenv-intel module makes available:
2026-03-20 04:29:25,954 - isca - DEBUG - - Compilers: icc, ifort, etc.
2026-03-20 04:29:25,955 - isca - DEBUG - - Mpi library with mpi-wrapped compilers: intel mpi with mpicc, mpifort, etc.
2026-03-20 04:29:25,955 - isca - DEBUG - - Numerical libraries: intel MKL
2026-03-20 04:29:25,955 - isca - DEBUG - 
2026-03-20 04:29:25,955 - isca - DEBUG - It also makes a set of dependency library modules available via
2026-03-20 04:29:25,955 - isca - DEBUG - the regular module command. Just do:
2026-03-20 04:29:25,955 - isca - DEBUG - module avail
2026-03-20 04:29:25,955 - isca - DEBUG - to see what is available.
2026-03-20 04:29:25,955 - isca - DEBUG - 
2026-03-20 04:29:25,955 - isca - DEBUG - NOTE: You shoud never load build environments inside submitted jobs.
2026-03-20 04:29:25,955 - isca - DEBUG - (with the single exception of when using supercomputer time to compile code.)
2026-03-20 04:29:25,955 - isca - DEBUG - 
2026-03-20 04:29:27,262 - isca - DEBUG - NOTE from PE    0: MPP_DOMAINS_SET_STACK_SIZE: stack size set to    32768.
2026-03-20 04:29:27,262 - isca - DEBUG - &MPP_IO_NML
2026-03-20 04:29:27,262 - isca - DEBUG - HEADER_BUFFER_VAL       =       16384,
2026-03-20 04:29:27,262 - isca - DEBUG - GLOBAL_FIELD_ON_ROOT_PE = T,
2026-03-20 04:29:27,262 - isca - DEBUG - IO_CLOCKS_ON    = F,
2026-03-20 04:29:27,262 - isca - DEBUG - SHUFFLE =           0,
2026-03-20 04:29:27,262 - isca - DEBUG - DEFLATE_LEVEL   =          -1
2026-03-20 04:29:27,262 - isca - DEBUG - /
2026-03-20 04:29:27,264 - isca - DEBUG - NOTE from PE    0: MPP_IO_SET_STACK_SIZE: stack size set to     131072.
2026-03-20 04:29:27,264 - isca - DEBUG - NOTE from PE    0: MPP_DOMAINS_SET_STACK_SIZE: stack size set to   600000.
2026-03-20 04:29:27,272 - isca - DEBUG - starting            1  OpenMP threads per MPI-task
2026-03-20 04:29:27,273 - isca - DEBUG - ATMOS MODEL DOMAIN DECOMPOSITION
2026-03-20 04:29:27,273 - isca - DEBUG - X-AXIS =  128
2026-03-20 04:29:27,273 - isca - DEBUG - Y-AXIS =    4   4   4   4   4   4   4   4   4   4   4   4   4   4   4   4
2026-03-20 04:29:27,326 - isca - DEBUG - NOTE from PE    0: cloud_simple: Using SimCloud cloud scheme
2026-03-20 04:29:27,327 - isca - DEBUG - NOTE from PE    0: ls_cloud: Using Sundqvist (1989) cloud fraction diagnostic formula.
2026-03-20 04:29:27,327 - isca - DEBUG - NOTE from PE    0: cloud_cover: The cloud overlap assumption is MAXIMUM-RANDOM
2026-03-20 04:29:27,328 - isca - DEBUG - NOTE from PE    0: idealized_moist_phys: Using Frierson Quasi-Equilibrium convection scheme.
2026-03-20 04:29:27,336 - isca - DEBUG - 
2026-03-20 04:29:27,336 - isca - WARNING - WARNING from PE    0: socrates_init: lw_hires_spectral_filename is unset, making equal to lw_spectral_filename
2026-03-20 04:29:27,336 - isca - DEBUG - 
2026-03-20 04:29:27,336 - isca - DEBUG - 
2026-03-20 04:29:27,336 - isca - WARNING - WARNING from PE    0: socrates_init: lw_hires_spectral_filename is unset, making equal to lw_spectral_filename
2026-03-20 04:29:27,336 - isca - DEBUG - 
2026-03-20 04:29:27,336 - isca - DEBUG - 
2026-03-20 04:29:27,337 - isca - WARNING - WARNING from PE    0: socrates_init: sw_hires_spectral_filename is unset, making equal to sw_spectral_filename
2026-03-20 04:29:27,337 - isca - DEBUG - 
2026-03-20 04:29:27,337 - isca - DEBUG - 
2026-03-20 04:29:27,337 - isca - WARNING - WARNING from PE    0: socrates_init: sw_hires_spectral_filename is unset, making equal to sw_spectral_filename
2026-03-20 04:29:27,337 - isca - DEBUG - 
2026-03-20 04:29:28,434 - isca - DEBUG - NOTE from PE    0: Interpolator: Using input file with no time dimension - ozone_1990_notime_zero.nc
2026-03-20 04:29:28,434 - isca - DEBUG - Initializing src field : ozone_1990
2026-03-20 04:29:28,436 - isca - DEBUG - 
2026-03-20 04:29:28,436 - isca - DEBUG - -----------------------------------
2026-03-20 04:29:28,436 - isca - DEBUG - ____                       _
2026-03-20 04:29:28,436 - isca - DEBUG - / ___|  ___   ___ _ __ __ _| |_ ___  ___
2026-03-20 04:29:28,436 - isca - DEBUG - \___ \ / _ \ / __|  __/ _` | __/ _ \/ __|
2026-03-20 04:29:28,436 - isca - DEBUG - ___) | (_) | (__| | | (_| | ||  __/\__ \
2026-03-20 04:29:28,436 - isca - DEBUG - |____/ \___/ \___|_|  \__,_|\__\___||___/
2026-03-20 04:29:28,436 - isca - DEBUG - 
2026-03-20 04:29:28,436 - isca - DEBUG - Initialised Socrates v17.03
2026-03-20 04:29:28,436 - isca - DEBUG - Stellar constant =    1860.00000000000
2026-03-20 04:29:28,436 - isca - DEBUG - Longwave spectral file =
2026-03-20 04:29:28,436 - isca - DEBUG - /proj/bolinc/users/x_ryabo/socrates_edited_for_isca/spectral_files_for_GCMs/Sun
2026-03-20 04:29:28,436 - isca - DEBUG - /miniSuran_lw.sf WITH           16  bands
2026-03-20 04:29:28,436 - isca - DEBUG - Longwave hires spectral file =
2026-03-20 04:29:28,436 - isca - DEBUG - /proj/bolinc/users/x_ryabo/socrates_edited_for_isca/spectral_files_for_GCMs/Sun
2026-03-20 04:29:28,436 - isca - DEBUG - /miniSuran_lw.sf WITH           16  bands
2026-03-20 04:29:28,436 - isca - DEBUG - Shortwave spectral file =
2026-03-20 04:29:28,436 - isca - DEBUG - /proj/bolinc/users/x_ryabo/socrates_edited_for_isca/spectral_files_for_GCMs/Sun
2026-03-20 04:29:28,436 - isca - DEBUG - /miniSuran_sw.sf WITH           16  bands
2026-03-20 04:29:28,436 - isca - DEBUG - Shortwave hires spectral file =
2026-03-20 04:29:28,436 - isca - DEBUG - /proj/bolinc/users/x_ryabo/socrates_edited_for_isca/spectral_files_for_GCMs/Sun
2026-03-20 04:29:28,437 - isca - DEBUG - /miniSuran_sw.sf WITH           16  bands
2026-03-20 04:29:28,437 - isca - DEBUG - 
2026-03-20 04:29:28,437 - isca - DEBUG - -----------------------------------
2026-03-20 04:29:28,437 - isca - DEBUG - 
2026-03-20 04:29:54,798 - isca - DEBUG - Integration completed through    2 Jan  2   0: 0: 0
2026-03-20 04:30:21,105 - isca - DEBUG - Integration completed through    2 Jan  3   0: 0: 0
2026-03-20 04:30:47,427 - isca - DEBUG - Integration completed through    2 Jan  4   0: 0: 0
2026-03-20 04:31:13,720 - isca - DEBUG - Integration completed through    2 Jan  5   0: 0: 0
2026-03-20 04:31:40,000 - isca - DEBUG - Integration completed through    2 Jan  6   0: 0: 0
2026-03-20 04:32:06,293 - isca - DEBUG - Integration completed through    2 Jan  7   0: 0: 0
2026-03-20 04:32:32,601 - isca - DEBUG - Integration completed through    2 Jan  8   0: 0: 0
2026-03-20 04:32:58,946 - isca - DEBUG - Integration completed through    2 Jan  9   0: 0: 0
2026-03-20 04:33:25,324 - isca - DEBUG - Integration completed through    2 Jan 10   0: 0: 0
2026-03-20 04:33:51,773 - isca - DEBUG - Integration completed through    2 Jan 11   0: 0: 0
2026-03-20 04:34:18,155 - isca - DEBUG - Integration completed through    2 Jan 12   0: 0: 0
2026-03-20 04:34:44,548 - isca - DEBUG - Integration completed through    2 Jan 13   0: 0: 0
2026-03-20 04:35:10,986 - isca - DEBUG - Integration completed through    2 Jan 14   0: 0: 0
2026-03-20 04:35:37,493 - isca - DEBUG - Integration completed through    2 Jan 15   0: 0: 0
2026-03-20 04:36:03,946 - isca - DEBUG - Integration completed through    2 Jan 16   0: 0: 0
2026-03-20 04:36:30,404 - isca - DEBUG - Integration completed through    2 Jan 17   0: 0: 0
2026-03-20 04:36:56,866 - isca - DEBUG - Integration completed through    2 Jan 18   0: 0: 0
2026-03-20 04:37:23,328 - isca - DEBUG - Integration completed through    2 Jan 19   0: 0: 0
2026-03-20 04:37:49,834 - isca - DEBUG - Integration completed through    2 Jan 20   0: 0: 0
2026-03-20 04:38:16,351 - isca - DEBUG - Integration completed through    2 Jan 21   0: 0: 0
2026-03-20 04:38:42,875 - isca - DEBUG - Integration completed through    2 Jan 22   0: 0: 0
2026-03-20 04:39:09,391 - isca - DEBUG - Integration completed through    2 Jan 23   0: 0: 0
2026-03-20 04:39:35,902 - isca - DEBUG - Integration completed through    2 Jan 24   0: 0: 0
2026-03-20 04:40:02,429 - isca - DEBUG - Integration completed through    2 Jan 25   0: 0: 0
2026-03-20 04:40:28,980 - isca - DEBUG - Integration completed through    2 Jan 26   0: 0: 0
2026-03-20 04:40:55,525 - isca - DEBUG - Integration completed through    2 Jan 27   0: 0: 0
2026-03-20 04:41:22,098 - isca - DEBUG - Integration completed through    2 Jan 28   0: 0: 0
2026-03-20 04:41:48,662 - isca - DEBUG - Integration completed through    2 Jan 29   0: 0: 0
2026-03-20 04:42:15,189 - isca - DEBUG - Integration completed through    2 Jan 30   0: 0: 0
2026-03-20 04:42:41,717 - isca - DEBUG - Integration completed through    2 Feb  1   0: 0: 0
2026-03-20 04:42:41,725 - isca - DEBUG - 
2026-03-20 04:42:41,725 - isca - WARNING - WARNING from PE    0: diag_util_mod::opening_file: module/field_name (socrates/soc_toa_sw_down_clr) NOT registered
2026-03-20 04:42:41,725 - isca - DEBUG - 
2026-03-20 04:42:41,725 - isca - DEBUG - 
2026-03-20 04:42:41,725 - isca - WARNING - WARNING from PE    0: diag_util_mod::opening_file: module/field_name (cloud_simple/rh_min) NOT registered
2026-03-20 04:42:41,725 - isca - DEBUG - 
2026-03-20 04:42:41,725 - isca - DEBUG - 
2026-03-20 04:42:41,725 - isca - WARNING - WARNING from PE    0: diag_util_mod::opening_file: module/field_name (socrates/soc_toa_sw_down_clr) NOT registered
2026-03-20 04:42:41,725 - isca - DEBUG - 
2026-03-20 04:42:41,725 - isca - DEBUG - 
2026-03-20 04:42:41,725 - isca - WARNING - WARNING from PE    0: diag_util_mod::opening_file: module/field_name (cloud_simple/rh_min) NOT registered
2026-03-20 04:42:41,725 - isca - DEBUG - 
2026-03-20 04:42:41,736 - isca - DEBUG - NOTE from PE    0: MPP_IO_SET_STACK_SIZE: stack size set to     393216.
2026-03-20 04:42:41,905 - isca - DEBUG - MPP_DOMAINS_STACK high water mark=       49152
2026-03-20 04:42:41,905 - isca - DEBUG - 
2026-03-20 04:42:41,905 - isca - DEBUG - Tabulating mpp_clock statistics across     16 PEs...
2026-03-20 04:42:41,905 - isca - DEBUG - 
2026-03-20 04:42:41,905 - isca - DEBUG - tmin          tmax          tavg          tstd  tfrac grain pemin pemax
2026-03-20 04:42:41,906 - isca - DEBUG - Total runtime                       794.642016    794.645847    794.644049      0.000969  1.000     0     0    15
2026-03-20 04:42:41,906 - isca - DEBUG - MPP_STACK high water mark=           0
2026-03-20 04:42:42,086 - isca - INFO - Run 13 complete
2026-03-20 04:42:43,018 - isca - DEBUG - atmos_monthly.nc combined and copied to data directory
2026-03-20 04:42:46,326 - isca - INFO - Restart archive created at /proj/bolinc/users/x_ryabo/Isca-Ryan_outputs/Earth_1860/restarts/res0013.tar.gz
2026-03-20 04:42:46,339 - isca - INFO - Writing namelist to '/proj/bolinc/users/x_ryabo/Isca-Ryan_outputs/Earth_1860/run0013/input.nml'
2026-03-20 04:42:46,341 - isca - INFO - Writing field_table to '/proj/bolinc/users/x_ryabo/Isca-Ryan_outputs/Earth_1860/run0013/field_table'
2026-03-20 04:42:46,351 - isca - INFO - Writing diag_table to '/proj/bolinc/users/x_ryabo/Isca-Ryan_outputs/Earth_1860/run0013/diag_table'
2026-03-20 04:42:46,733 - isca - INFO - Emptied run directory '/home/x_ryabo/Isca-Ryan_tmp/experiment/Earth_1860/run'
2026-03-20 04:42:46,751 - isca - INFO - Emptied run directory '/home/x_ryabo/Isca-Ryan_tmp/experiment/Earth_1860/run'
2026-03-20 04:42:47,074 - isca - INFO - Writing namelist to '/home/x_ryabo/Isca-Ryan_tmp/experiment/Earth_1860/run/input.nml'
2026-03-20 04:42:47,076 - isca - INFO - Writing field_table to '/home/x_ryabo/Isca-Ryan_tmp/experiment/Earth_1860/run/field_table'
2026-03-20 04:42:47,087 - isca - INFO - Writing diag_table to '/home/x_ryabo/Isca-Ryan_tmp/experiment/Earth_1860/run/diag_table'
2026-03-20 04:42:47,100 - isca - INFO - Using restart file '/proj/bolinc/users/x_ryabo/Isca-Ryan_outputs/Earth_1860/restarts/res0013.tar.gz'
2026-03-20 04:42:47,510 - isca - INFO - Restart /proj/bolinc/users/x_ryabo/Isca-Ryan_outputs/Earth_1860/restarts/res0013.tar.gz extracted to /home/x_ryabo/Isca-Ryan_tmp/experiment/Earth_1860/run/INPUT
2026-03-20 04:42:47,511 - isca - INFO - Beginning run 14
2026-03-20 04:42:47,525 - isca - INFO - process running as 66772
2026-03-20 04:42:47,526 - isca - DEBUG - loadmodules for Isca on NSC cluster Tetralith
2026-03-20 04:42:47,526 - isca - DEBUG - mpiifort
2026-03-20 04:42:47,634 - isca - DEBUG - The following modules were not unloaded:
2026-03-20 04:42:47,634 - isca - DEBUG - (Use "module --force purge" to unload all):
2026-03-20 04:42:47,634 - isca - DEBUG - 
2026-03-20 04:42:47,634 - isca - DEBUG - 1) hpc/.1.10.1
2026-03-20 04:42:47,740 - isca - DEBUG - ***************************************************
2026-03-20 04:42:47,740 - isca - DEBUG - You have loaded a buildenv module
2026-03-20 04:42:47,740 - isca - DEBUG - ***************************************************
2026-03-20 04:42:47,740 - isca - DEBUG - The buldenv-intel module makes available:
2026-03-20 04:42:47,740 - isca - DEBUG - - Compilers: icc, ifort, etc.
2026-03-20 04:42:47,740 - isca - DEBUG - - Mpi library with mpi-wrapped compilers: intel mpi with mpicc, mpifort, etc.
2026-03-20 04:42:47,740 - isca - DEBUG - - Numerical libraries: intel MKL
2026-03-20 04:42:47,740 - isca - DEBUG - 
2026-03-20 04:42:47,740 - isca - DEBUG - It also makes a set of dependency library modules available via
2026-03-20 04:42:47,740 - isca - DEBUG - the regular module command. Just do:
2026-03-20 04:42:47,740 - isca - DEBUG - module avail
2026-03-20 04:42:47,740 - isca - DEBUG - to see what is available.
2026-03-20 04:42:47,740 - isca - DEBUG - 
2026-03-20 04:42:47,742 - isca - DEBUG - NOTE: You shoud never load build environments inside submitted jobs.
2026-03-20 04:42:47,742 - isca - DEBUG - (with the single exception of when using supercomputer time to compile code.)
2026-03-20 04:42:47,742 - isca - DEBUG - 
2026-03-20 04:42:49,217 - isca - DEBUG - NOTE from PE    0: MPP_DOMAINS_SET_STACK_SIZE: stack size set to    32768.
2026-03-20 04:42:49,217 - isca - DEBUG - &MPP_IO_NML
2026-03-20 04:42:49,217 - isca - DEBUG - HEADER_BUFFER_VAL       =       16384,
2026-03-20 04:42:49,217 - isca - DEBUG - GLOBAL_FIELD_ON_ROOT_PE = T,
2026-03-20 04:42:49,217 - isca - DEBUG - IO_CLOCKS_ON    = F,
2026-03-20 04:42:49,217 - isca - DEBUG - SHUFFLE =           0,
2026-03-20 04:42:49,217 - isca - DEBUG - DEFLATE_LEVEL   =          -1
2026-03-20 04:42:49,217 - isca - DEBUG - /
2026-03-20 04:42:49,219 - isca - DEBUG - NOTE from PE    0: MPP_IO_SET_STACK_SIZE: stack size set to     131072.
2026-03-20 04:42:49,220 - isca - DEBUG - NOTE from PE    0: MPP_DOMAINS_SET_STACK_SIZE: stack size set to   600000.
2026-03-20 04:42:49,227 - isca - DEBUG - starting            1  OpenMP threads per MPI-task
2026-03-20 04:42:49,228 - isca - DEBUG - ATMOS MODEL DOMAIN DECOMPOSITION
2026-03-20 04:42:49,228 - isca - DEBUG - X-AXIS =  128
2026-03-20 04:42:49,228 - isca - DEBUG - Y-AXIS =    4   4   4   4   4   4   4   4   4   4   4   4   4   4   4   4
2026-03-20 04:42:49,279 - isca - DEBUG - NOTE from PE    0: cloud_simple: Using SimCloud cloud scheme
2026-03-20 04:42:49,280 - isca - DEBUG - NOTE from PE    0: ls_cloud: Using Sundqvist (1989) cloud fraction diagnostic formula.
2026-03-20 04:42:49,280 - isca - DEBUG - NOTE from PE    0: cloud_cover: The cloud overlap assumption is MAXIMUM-RANDOM
2026-03-20 04:42:49,280 - isca - DEBUG - NOTE from PE    0: idealized_moist_phys: Using Frierson Quasi-Equilibrium convection scheme.
2026-03-20 04:42:49,289 - isca - DEBUG - 
2026-03-20 04:42:49,289 - isca - WARNING - WARNING from PE    0: socrates_init: lw_hires_spectral_filename is unset, making equal to lw_spectral_filename
2026-03-20 04:42:49,289 - isca - DEBUG - 
2026-03-20 04:42:49,289 - isca - DEBUG - 
2026-03-20 04:42:49,289 - isca - WARNING - WARNING from PE    0: socrates_init: lw_hires_spectral_filename is unset, making equal to lw_spectral_filename
2026-03-20 04:42:49,289 - isca - DEBUG - 
2026-03-20 04:42:49,289 - isca - DEBUG - 
2026-03-20 04:42:49,289 - isca - WARNING - WARNING from PE    0: socrates_init: sw_hires_spectral_filename is unset, making equal to sw_spectral_filename
2026-03-20 04:42:49,289 - isca - DEBUG - 
2026-03-20 04:42:49,289 - isca - DEBUG - 
2026-03-20 04:42:49,289 - isca - WARNING - WARNING from PE    0: socrates_init: sw_hires_spectral_filename is unset, making equal to sw_spectral_filename
2026-03-20 04:42:49,289 - isca - DEBUG - 
2026-03-20 04:42:50,369 - isca - DEBUG - NOTE from PE    0: Interpolator: Using input file with no time dimension - ozone_1990_notime_zero.nc
2026-03-20 04:42:50,369 - isca - DEBUG - Initializing src field : ozone_1990
2026-03-20 04:42:50,371 - isca - DEBUG - 
2026-03-20 04:42:50,372 - isca - DEBUG - -----------------------------------
2026-03-20 04:42:50,372 - isca - DEBUG - ____                       _
2026-03-20 04:42:50,372 - isca - DEBUG - / ___|  ___   ___ _ __ __ _| |_ ___  ___
2026-03-20 04:42:50,372 - isca - DEBUG - \___ \ / _ \ / __|  __/ _` | __/ _ \/ __|
2026-03-20 04:42:50,372 - isca - DEBUG - ___) | (_) | (__| | | (_| | ||  __/\__ \
2026-03-20 04:42:50,372 - isca - DEBUG - |____/ \___/ \___|_|  \__,_|\__\___||___/
2026-03-20 04:42:50,372 - isca - DEBUG - 
2026-03-20 04:42:50,372 - isca - DEBUG - Initialised Socrates v17.03
2026-03-20 04:42:50,372 - isca - DEBUG - Stellar constant =    1860.00000000000
2026-03-20 04:42:50,372 - isca - DEBUG - Longwave spectral file =
2026-03-20 04:42:50,372 - isca - DEBUG - /proj/bolinc/users/x_ryabo/socrates_edited_for_isca/spectral_files_for_GCMs/Sun
2026-03-20 04:42:50,372 - isca - DEBUG - /miniSuran_lw.sf WITH           16  bands
2026-03-20 04:42:50,372 - isca - DEBUG - Longwave hires spectral file =
2026-03-20 04:42:50,372 - isca - DEBUG - /proj/bolinc/users/x_ryabo/socrates_edited_for_isca/spectral_files_for_GCMs/Sun
2026-03-20 04:42:50,372 - isca - DEBUG - /miniSuran_lw.sf WITH           16  bands
2026-03-20 04:42:50,372 - isca - DEBUG - Shortwave spectral file =
2026-03-20 04:42:50,372 - isca - DEBUG - /proj/bolinc/users/x_ryabo/socrates_edited_for_isca/spectral_files_for_GCMs/Sun
2026-03-20 04:42:50,372 - isca - DEBUG - /miniSuran_sw.sf WITH           16  bands
2026-03-20 04:42:50,372 - isca - DEBUG - Shortwave hires spectral file =
2026-03-20 04:42:50,372 - isca - DEBUG - /proj/bolinc/users/x_ryabo/socrates_edited_for_isca/spectral_files_for_GCMs/Sun
2026-03-20 04:42:50,372 - isca - DEBUG - /miniSuran_sw.sf WITH           16  bands
2026-03-20 04:42:50,372 - isca - DEBUG - 
2026-03-20 04:42:50,372 - isca - DEBUG - -----------------------------------
2026-03-20 04:42:50,372 - isca - DEBUG - 
2026-03-20 04:43:17,088 - isca - DEBUG - Integration completed through    2 Feb  2   0: 0: 0
2026-03-20 04:43:43,671 - isca - DEBUG - Integration completed through    2 Feb  3   0: 0: 0
2026-03-20 04:44:10,239 - isca - DEBUG - Integration completed through    2 Feb  4   0: 0: 0
2026-03-20 04:44:36,856 - isca - DEBUG - Integration completed through    2 Feb  5   0: 0: 0
2026-03-20 04:45:03,462 - isca - DEBUG - Integration completed through    2 Feb  6   0: 0: 0
2026-03-20 04:45:30,091 - isca - DEBUG - Integration completed through    2 Feb  7   0: 0: 0
2026-03-20 04:45:56,722 - isca - DEBUG - Integration completed through    2 Feb  8   0: 0: 0
2026-03-20 04:46:23,342 - isca - DEBUG - Integration completed through    2 Feb  9   0: 0: 0
2026-03-20 04:46:49,955 - isca - DEBUG - Integration completed through    2 Feb 10   0: 0: 0
2026-03-20 04:47:16,557 - isca - DEBUG - Integration completed through    2 Feb 11   0: 0: 0
2026-03-20 04:47:43,156 - isca - DEBUG - Integration completed through    2 Feb 12   0: 0: 0
2026-03-20 04:48:09,804 - isca - DEBUG - Integration completed through    2 Feb 13   0: 0: 0
2026-03-20 04:48:36,461 - isca - DEBUG - Integration completed through    2 Feb 14   0: 0: 0
2026-03-20 04:49:03,144 - isca - DEBUG - Integration completed through    2 Feb 15   0: 0: 0
2026-03-20 04:49:29,879 - isca - DEBUG - Integration completed through    2 Feb 16   0: 0: 0
2026-03-20 04:49:56,596 - isca - DEBUG - Integration completed through    2 Feb 17   0: 0: 0
2026-03-20 04:50:23,270 - isca - DEBUG - Integration completed through    2 Feb 18   0: 0: 0
2026-03-20 04:50:49,894 - isca - DEBUG - Integration completed through    2 Feb 19   0: 0: 0
2026-03-20 04:51:16,554 - isca - DEBUG - Integration completed through    2 Feb 20   0: 0: 0
2026-03-20 04:51:43,231 - isca - DEBUG - Integration completed through    2 Feb 21   0: 0: 0
2026-03-20 04:52:10,001 - isca - DEBUG - Integration completed through    2 Feb 22   0: 0: 0
2026-03-20 04:52:36,784 - isca - DEBUG - Integration completed through    2 Feb 23   0: 0: 0
2026-03-20 04:53:03,646 - isca - DEBUG - Integration completed through    2 Feb 24   0: 0: 0
2026-03-20 04:53:30,443 - isca - DEBUG - Integration completed through    2 Feb 25   0: 0: 0
2026-03-20 04:53:57,333 - isca - DEBUG - Integration completed through    2 Feb 26   0: 0: 0
2026-03-20 04:54:24,199 - isca - DEBUG - Integration completed through    2 Feb 27   0: 0: 0
2026-03-20 04:54:51,053 - isca - DEBUG - Integration completed through    2 Feb 28   0: 0: 0
2026-03-20 04:55:17,874 - isca - DEBUG - Integration completed through    2 Feb 29   0: 0: 0
2026-03-20 04:55:44,685 - isca - DEBUG - Integration completed through    2 Feb 30   0: 0: 0
2026-03-20 04:56:11,512 - isca - DEBUG - Integration completed through    2 Mar  1   0: 0: 0
2026-03-20 04:56:11,520 - isca - DEBUG - 
2026-03-20 04:56:11,520 - isca - WARNING - WARNING from PE    0: diag_util_mod::opening_file: module/field_name (socrates/soc_toa_sw_down_clr) NOT registered
2026-03-20 04:56:11,520 - isca - DEBUG - 
2026-03-20 04:56:11,520 - isca - DEBUG - 
2026-03-20 04:56:11,520 - isca - WARNING - WARNING from PE    0: diag_util_mod::opening_file: module/field_name (socrates/soc_toa_sw_down_clr) NOT registered
2026-03-20 04:56:11,520 - isca - DEBUG - 
2026-03-20 04:56:11,520 - isca - DEBUG - 
2026-03-20 04:56:11,520 - isca - WARNING - WARNING from PE    0: diag_util_mod::opening_file: module/field_name (cloud_simple/rh_min) NOT registered
2026-03-20 04:56:11,520 - isca - DEBUG - 
2026-03-20 04:56:11,520 - isca - DEBUG - 
2026-03-20 04:56:11,520 - isca - WARNING - WARNING from PE    0: diag_util_mod::opening_file: module/field_name (cloud_simple/rh_min) NOT registered
2026-03-20 04:56:11,520 - isca - DEBUG - 
2026-03-20 04:56:11,532 - isca - DEBUG - NOTE from PE    0: MPP_IO_SET_STACK_SIZE: stack size set to     393216.
2026-03-20 04:56:11,649 - isca - DEBUG - MPP_DOMAINS_STACK high water mark=       49152
2026-03-20 04:56:11,650 - isca - DEBUG - 
2026-03-20 04:56:11,650 - isca - DEBUG - Tabulating mpp_clock statistics across     16 PEs...
2026-03-20 04:56:11,650 - isca - DEBUG - 
2026-03-20 04:56:11,650 - isca - DEBUG - tmin          tmax          tavg          tstd  tfrac grain pemin pemax
2026-03-20 04:56:11,650 - isca - DEBUG - Total runtime                       802.430903    802.434473    802.432779      0.001042  1.000     0     0    15
2026-03-20 04:56:11,650 - isca - DEBUG - MPP_STACK high water mark=           0
2026-03-20 04:56:11,775 - isca - INFO - Run 14 complete
2026-03-20 04:56:12,802 - isca - DEBUG - atmos_monthly.nc combined and copied to data directory
2026-03-20 04:56:16,031 - isca - INFO - Restart archive created at /proj/bolinc/users/x_ryabo/Isca-Ryan_outputs/Earth_1860/restarts/res0014.tar.gz
2026-03-20 04:56:16,042 - isca - INFO - Writing namelist to '/proj/bolinc/users/x_ryabo/Isca-Ryan_outputs/Earth_1860/run0014/input.nml'
2026-03-20 04:56:16,044 - isca - INFO - Writing field_table to '/proj/bolinc/users/x_ryabo/Isca-Ryan_outputs/Earth_1860/run0014/field_table'
2026-03-20 04:56:16,054 - isca - INFO - Writing diag_table to '/proj/bolinc/users/x_ryabo/Isca-Ryan_outputs/Earth_1860/run0014/diag_table'
2026-03-20 04:56:16,403 - isca - INFO - Emptied run directory '/home/x_ryabo/Isca-Ryan_tmp/experiment/Earth_1860/run'
2026-03-20 04:56:16,421 - isca - INFO - Emptied run directory '/home/x_ryabo/Isca-Ryan_tmp/experiment/Earth_1860/run'
2026-03-20 04:56:16,742 - isca - INFO - Writing namelist to '/home/x_ryabo/Isca-Ryan_tmp/experiment/Earth_1860/run/input.nml'
2026-03-20 04:56:16,744 - isca - INFO - Writing field_table to '/home/x_ryabo/Isca-Ryan_tmp/experiment/Earth_1860/run/field_table'
2026-03-20 04:56:16,755 - isca - INFO - Writing diag_table to '/home/x_ryabo/Isca-Ryan_tmp/experiment/Earth_1860/run/diag_table'
2026-03-20 04:56:16,792 - isca - INFO - Using restart file '/proj/bolinc/users/x_ryabo/Isca-Ryan_outputs/Earth_1860/restarts/res0014.tar.gz'
2026-03-20 04:56:17,207 - isca - INFO - Restart /proj/bolinc/users/x_ryabo/Isca-Ryan_outputs/Earth_1860/restarts/res0014.tar.gz extracted to /home/x_ryabo/Isca-Ryan_tmp/experiment/Earth_1860/run/INPUT
2026-03-20 04:56:17,208 - isca - INFO - Beginning run 15
2026-03-20 04:56:17,219 - isca - INFO - process running as 67588
2026-03-20 04:56:17,220 - isca - DEBUG - loadmodules for Isca on NSC cluster Tetralith
2026-03-20 04:56:17,220 - isca - DEBUG - mpiifort
2026-03-20 04:56:17,331 - isca - DEBUG - The following modules were not unloaded:
2026-03-20 04:56:17,331 - isca - DEBUG - (Use "module --force purge" to unload all):
2026-03-20 04:56:17,331 - isca - DEBUG - 
2026-03-20 04:56:17,331 - isca - DEBUG - 1) hpc/.1.10.1
2026-03-20 04:56:17,441 - isca - DEBUG - ***************************************************
2026-03-20 04:56:17,441 - isca - DEBUG - You have loaded a buildenv module
2026-03-20 04:56:17,441 - isca - DEBUG - ***************************************************
2026-03-20 04:56:17,442 - isca - DEBUG - The buldenv-intel module makes available:
2026-03-20 04:56:17,442 - isca - DEBUG - - Compilers: icc, ifort, etc.
2026-03-20 04:56:17,442 - isca - DEBUG - - Mpi library with mpi-wrapped compilers: intel mpi with mpicc, mpifort, etc.
2026-03-20 04:56:17,442 - isca - DEBUG - - Numerical libraries: intel MKL
2026-03-20 04:56:17,442 - isca - DEBUG - 
2026-03-20 04:56:17,442 - isca - DEBUG - It also makes a set of dependency library modules available via
2026-03-20 04:56:17,442 - isca - DEBUG - the regular module command. Just do:
2026-03-20 04:56:17,442 - isca - DEBUG - module avail
2026-03-20 04:56:17,442 - isca - DEBUG - to see what is available.
2026-03-20 04:56:17,442 - isca - DEBUG - 
2026-03-20 04:56:17,442 - isca - DEBUG - NOTE: You shoud never load build environments inside submitted jobs.
2026-03-20 04:56:17,442 - isca - DEBUG - (with the single exception of when using supercomputer time to compile code.)
2026-03-20 04:56:17,442 - isca - DEBUG - 
2026-03-20 04:56:21,298 - isca - DEBUG - NOTE from PE    0: MPP_DOMAINS_SET_STACK_SIZE: stack size set to    32768.
2026-03-20 04:56:21,298 - isca - DEBUG - &MPP_IO_NML
2026-03-20 04:56:21,298 - isca - DEBUG - HEADER_BUFFER_VAL       =       16384,
2026-03-20 04:56:21,298 - isca - DEBUG - GLOBAL_FIELD_ON_ROOT_PE = T,
2026-03-20 04:56:21,298 - isca - DEBUG - IO_CLOCKS_ON    = F,
2026-03-20 04:56:21,298 - isca - DEBUG - SHUFFLE =           0,
2026-03-20 04:56:21,298 - isca - DEBUG - DEFLATE_LEVEL   =          -1
2026-03-20 04:56:21,298 - isca - DEBUG - /
2026-03-20 04:56:21,299 - isca - DEBUG - NOTE from PE    0: MPP_IO_SET_STACK_SIZE: stack size set to     131072.
2026-03-20 04:56:21,300 - isca - DEBUG - NOTE from PE    0: MPP_DOMAINS_SET_STACK_SIZE: stack size set to   600000.
2026-03-20 04:56:21,307 - isca - DEBUG - starting            1  OpenMP threads per MPI-task
2026-03-20 04:56:21,309 - isca - DEBUG - ATMOS MODEL DOMAIN DECOMPOSITION
2026-03-20 04:56:21,309 - isca - DEBUG - X-AXIS =  128
2026-03-20 04:56:21,309 - isca - DEBUG - Y-AXIS =    4   4   4   4   4   4   4   4   4   4   4   4   4   4   4   4
2026-03-20 04:56:21,360 - isca - DEBUG - NOTE from PE    0: cloud_simple: Using SimCloud cloud scheme
2026-03-20 04:56:21,361 - isca - DEBUG - NOTE from PE    0: ls_cloud: Using Sundqvist (1989) cloud fraction diagnostic formula.
2026-03-20 04:56:21,361 - isca - DEBUG - NOTE from PE    0: cloud_cover: The cloud overlap assumption is MAXIMUM-RANDOM
2026-03-20 04:56:21,361 - isca - DEBUG - NOTE from PE    0: idealized_moist_phys: Using Frierson Quasi-Equilibrium convection scheme.
2026-03-20 04:56:21,370 - isca - DEBUG - 
2026-03-20 04:56:21,370 - isca - WARNING - WARNING from PE    0: socrates_init: lw_hires_spectral_filename is unset, making equal to lw_spectral_filename
2026-03-20 04:56:21,370 - isca - DEBUG - 
2026-03-20 04:56:21,370 - isca - DEBUG - 
2026-03-20 04:56:21,370 - isca - WARNING - WARNING from PE    0: socrates_init: lw_hires_spectral_filename is unset, making equal to lw_spectral_filename
2026-03-20 04:56:21,370 - isca - DEBUG - 
2026-03-20 04:56:21,370 - isca - DEBUG - 
2026-03-20 04:56:21,370 - isca - WARNING - WARNING from PE    0: socrates_init: sw_hires_spectral_filename is unset, making equal to sw_spectral_filename
2026-03-20 04:56:21,370 - isca - DEBUG - 
2026-03-20 04:56:21,370 - isca - DEBUG - 
2026-03-20 04:56:21,370 - isca - WARNING - WARNING from PE    0: socrates_init: sw_hires_spectral_filename is unset, making equal to sw_spectral_filename
2026-03-20 04:56:21,370 - isca - DEBUG - 
2026-03-20 04:56:22,455 - isca - DEBUG - NOTE from PE    0: Interpolator: Using input file with no time dimension - ozone_1990_notime_zero.nc
2026-03-20 04:56:22,455 - isca - DEBUG - Initializing src field : ozone_1990
2026-03-20 04:56:22,457 - isca - DEBUG - 
2026-03-20 04:56:22,457 - isca - DEBUG - -----------------------------------
2026-03-20 04:56:22,457 - isca - DEBUG - ____                       _
2026-03-20 04:56:22,457 - isca - DEBUG - / ___|  ___   ___ _ __ __ _| |_ ___  ___
2026-03-20 04:56:22,457 - isca - DEBUG - \___ \ / _ \ / __|  __/ _` | __/ _ \/ __|
2026-03-20 04:56:22,457 - isca - DEBUG - ___) | (_) | (__| | | (_| | ||  __/\__ \
2026-03-20 04:56:22,457 - isca - DEBUG - |____/ \___/ \___|_|  \__,_|\__\___||___/
2026-03-20 04:56:22,457 - isca - DEBUG - 
2026-03-20 04:56:22,457 - isca - DEBUG - Initialised Socrates v17.03
2026-03-20 04:56:22,457 - isca - DEBUG - Stellar constant =    1860.00000000000
2026-03-20 04:56:22,457 - isca - DEBUG - Longwave spectral file =
2026-03-20 04:56:22,457 - isca - DEBUG - /proj/bolinc/users/x_ryabo/socrates_edited_for_isca/spectral_files_for_GCMs/Sun
2026-03-20 04:56:22,457 - isca - DEBUG - /miniSuran_lw.sf WITH           16  bands
2026-03-20 04:56:22,457 - isca - DEBUG - Longwave hires spectral file =
2026-03-20 04:56:22,457 - isca - DEBUG - /proj/bolinc/users/x_ryabo/socrates_edited_for_isca/spectral_files_for_GCMs/Sun
2026-03-20 04:56:22,457 - isca - DEBUG - /miniSuran_lw.sf WITH           16  bands
2026-03-20 04:56:22,457 - isca - DEBUG - Shortwave spectral file =
2026-03-20 04:56:22,457 - isca - DEBUG - /proj/bolinc/users/x_ryabo/socrates_edited_for_isca/spectral_files_for_GCMs/Sun
2026-03-20 04:56:22,457 - isca - DEBUG - /miniSuran_sw.sf WITH           16  bands
2026-03-20 04:56:22,457 - isca - DEBUG - Shortwave hires spectral file =
2026-03-20 04:56:22,457 - isca - DEBUG - /proj/bolinc/users/x_ryabo/socrates_edited_for_isca/spectral_files_for_GCMs/Sun
2026-03-20 04:56:22,458 - isca - DEBUG - /miniSuran_sw.sf WITH           16  bands
2026-03-20 04:56:22,458 - isca - DEBUG - 
2026-03-20 04:56:22,458 - isca - DEBUG - -----------------------------------
2026-03-20 04:56:22,458 - isca - DEBUG - 
2026-03-20 04:56:49,168 - isca - DEBUG - Integration completed through    2 Mar  2   0: 0: 0
2026-03-20 04:57:15,800 - isca - DEBUG - Integration completed through    2 Mar  3   0: 0: 0
2026-03-20 04:57:42,435 - isca - DEBUG - Integration completed through    2 Mar  4   0: 0: 0
2026-03-20 04:58:09,045 - isca - DEBUG - Integration completed through    2 Mar  5   0: 0: 0
2026-03-20 04:58:35,640 - isca - DEBUG - Integration completed through    2 Mar  6   0: 0: 0
2026-03-20 04:59:02,257 - isca - DEBUG - Integration completed through    2 Mar  7   0: 0: 0
2026-03-20 04:59:28,891 - isca - DEBUG - Integration completed through    2 Mar  8   0: 0: 0
2026-03-20 04:59:55,526 - isca - DEBUG - Integration completed through    2 Mar  9   0: 0: 0
2026-03-20 05:00:22,111 - isca - DEBUG - Integration completed through    2 Mar 10   0: 0: 0
2026-03-20 05:00:48,679 - isca - DEBUG - Integration completed through    2 Mar 11   0: 0: 0
2026-03-20 05:01:15,259 - isca - DEBUG - Integration completed through    2 Mar 12   0: 0: 0
2026-03-20 05:01:41,877 - isca - DEBUG - Integration completed through    2 Mar 13   0: 0: 0
2026-03-20 05:02:08,496 - isca - DEBUG - Integration completed through    2 Mar 14   0: 0: 0
2026-03-20 05:02:35,055 - isca - DEBUG - Integration completed through    2 Mar 15   0: 0: 0
2026-03-20 05:03:01,590 - isca - DEBUG - Integration completed through    2 Mar 16   0: 0: 0
2026-03-20 05:03:28,232 - isca - DEBUG - Integration completed through    2 Mar 17   0: 0: 0
2026-03-20 05:03:54,865 - isca - DEBUG - Integration completed through    2 Mar 18   0: 0: 0
2026-03-20 05:04:21,581 - isca - DEBUG - Integration completed through    2 Mar 19   0: 0: 0
2026-03-20 05:04:48,227 - isca - DEBUG - Integration completed through    2 Mar 20   0: 0: 0
2026-03-20 05:05:14,905 - isca - DEBUG - Integration completed through    2 Mar 21   0: 0: 0
2026-03-20 05:05:41,609 - isca - DEBUG - Integration completed through    2 Mar 22   0: 0: 0
2026-03-20 05:06:08,407 - isca - DEBUG - Integration completed through    2 Mar 23   0: 0: 0
2026-03-20 05:06:35,189 - isca - DEBUG - Integration completed through    2 Mar 24   0: 0: 0
2026-03-20 05:07:01,978 - isca - DEBUG - Integration completed through    2 Mar 25   0: 0: 0
2026-03-20 05:07:28,706 - isca - DEBUG - Integration completed through    2 Mar 26   0: 0: 0
2026-03-20 05:07:55,462 - isca - DEBUG - Integration completed through    2 Mar 27   0: 0: 0
2026-03-20 05:08:22,166 - isca - DEBUG - Integration completed through    2 Mar 28   0: 0: 0
2026-03-20 05:08:48,940 - isca - DEBUG - Integration completed through    2 Mar 29   0: 0: 0
2026-03-20 05:09:15,689 - isca - DEBUG - Integration completed through    2 Mar 30   0: 0: 0
2026-03-20 05:09:42,430 - isca - DEBUG - Integration completed through    2 Apr  1   0: 0: 0
2026-03-20 05:09:42,437 - isca - DEBUG - 
2026-03-20 05:09:42,437 - isca - WARNING - WARNING from PE    0: diag_util_mod::opening_file: module/field_name (socrates/soc_toa_sw_down_clr) NOT registered
2026-03-20 05:09:42,438 - isca - DEBUG - 
2026-03-20 05:09:42,438 - isca - DEBUG - 
2026-03-20 05:09:42,438 - isca - WARNING - WARNING from PE    0: diag_util_mod::opening_file: module/field_name (cloud_simple/rh_min) NOT registered
2026-03-20 05:09:42,438 - isca - DEBUG - 
2026-03-20 05:09:42,438 - isca - DEBUG - 
2026-03-20 05:09:42,438 - isca - WARNING - WARNING from PE    0: diag_util_mod::opening_file: module/field_name (socrates/soc_toa_sw_down_clr) NOT registered
2026-03-20 05:09:42,438 - isca - DEBUG - 
2026-03-20 05:09:42,438 - isca - DEBUG - 
2026-03-20 05:09:42,438 - isca - WARNING - WARNING from PE    0: diag_util_mod::opening_file: module/field_name (cloud_simple/rh_min) NOT registered
2026-03-20 05:09:42,438 - isca - DEBUG - 
2026-03-20 05:09:42,449 - isca - DEBUG - NOTE from PE    0: MPP_IO_SET_STACK_SIZE: stack size set to     393216.
2026-03-20 05:09:42,547 - isca - DEBUG - MPP_DOMAINS_STACK high water mark=       49152
2026-03-20 05:09:42,548 - isca - DEBUG - 
2026-03-20 05:09:42,548 - isca - DEBUG - Tabulating mpp_clock statistics across     16 PEs...
2026-03-20 05:09:42,548 - isca - DEBUG - 
2026-03-20 05:09:42,548 - isca - DEBUG - tmin          tmax          tavg          tstd  tfrac grain pemin pemax
2026-03-20 05:09:42,548 - isca - DEBUG - Total runtime                       801.249012    801.253868    801.251162      0.001440  1.000     0     0    15
2026-03-20 05:09:42,548 - isca - DEBUG - MPP_STACK high water mark=           0
2026-03-20 05:09:42,674 - isca - INFO - Run 15 complete
2026-03-20 05:09:43,677 - isca - DEBUG - atmos_monthly.nc combined and copied to data directory
2026-03-20 05:09:46,886 - isca - INFO - Restart archive created at /proj/bolinc/users/x_ryabo/Isca-Ryan_outputs/Earth_1860/restarts/res0015.tar.gz
2026-03-20 05:09:46,898 - isca - INFO - Writing namelist to '/proj/bolinc/users/x_ryabo/Isca-Ryan_outputs/Earth_1860/run0015/input.nml'
2026-03-20 05:09:46,900 - isca - INFO - Writing field_table to '/proj/bolinc/users/x_ryabo/Isca-Ryan_outputs/Earth_1860/run0015/field_table'
2026-03-20 05:09:46,910 - isca - INFO - Writing diag_table to '/proj/bolinc/users/x_ryabo/Isca-Ryan_outputs/Earth_1860/run0015/diag_table'
2026-03-20 05:09:47,271 - isca - INFO - Emptied run directory '/home/x_ryabo/Isca-Ryan_tmp/experiment/Earth_1860/run'
2026-03-20 05:09:47,293 - isca - INFO - Emptied run directory '/home/x_ryabo/Isca-Ryan_tmp/experiment/Earth_1860/run'
2026-03-20 05:09:47,617 - isca - INFO - Writing namelist to '/home/x_ryabo/Isca-Ryan_tmp/experiment/Earth_1860/run/input.nml'
2026-03-20 05:09:47,618 - isca - INFO - Writing field_table to '/home/x_ryabo/Isca-Ryan_tmp/experiment/Earth_1860/run/field_table'
2026-03-20 05:09:47,630 - isca - INFO - Writing diag_table to '/home/x_ryabo/Isca-Ryan_tmp/experiment/Earth_1860/run/diag_table'
2026-03-20 05:09:47,645 - isca - INFO - Using restart file '/proj/bolinc/users/x_ryabo/Isca-Ryan_outputs/Earth_1860/restarts/res0015.tar.gz'
2026-03-20 05:09:48,060 - isca - INFO - Restart /proj/bolinc/users/x_ryabo/Isca-Ryan_outputs/Earth_1860/restarts/res0015.tar.gz extracted to /home/x_ryabo/Isca-Ryan_tmp/experiment/Earth_1860/run/INPUT
2026-03-20 05:09:48,060 - isca - INFO - Beginning run 16
2026-03-20 05:09:48,071 - isca - INFO - process running as 68400
2026-03-20 05:09:48,072 - isca - DEBUG - loadmodules for Isca on NSC cluster Tetralith
2026-03-20 05:09:48,072 - isca - DEBUG - mpiifort
2026-03-20 05:09:48,184 - isca - DEBUG - The following modules were not unloaded:
2026-03-20 05:09:48,184 - isca - DEBUG - (Use "module --force purge" to unload all):
2026-03-20 05:09:48,184 - isca - DEBUG - 
2026-03-20 05:09:48,184 - isca - DEBUG - 1) hpc/.1.10.1
2026-03-20 05:09:48,289 - isca - DEBUG - ***************************************************
2026-03-20 05:09:48,290 - isca - DEBUG - You have loaded a buildenv module
2026-03-20 05:09:48,290 - isca - DEBUG - ***************************************************
2026-03-20 05:09:48,290 - isca - DEBUG - The buldenv-intel module makes available:
2026-03-20 05:09:48,290 - isca - DEBUG - - Compilers: icc, ifort, etc.
2026-03-20 05:09:48,290 - isca - DEBUG - - Mpi library with mpi-wrapped compilers: intel mpi with mpicc, mpifort, etc.
2026-03-20 05:09:48,290 - isca - DEBUG - - Numerical libraries: intel MKL
2026-03-20 05:09:48,290 - isca - DEBUG - 
2026-03-20 05:09:48,290 - isca - DEBUG - It also makes a set of dependency library modules available via
2026-03-20 05:09:48,290 - isca - DEBUG - the regular module command. Just do:
2026-03-20 05:09:48,290 - isca - DEBUG - module avail
2026-03-20 05:09:48,290 - isca - DEBUG - to see what is available.
2026-03-20 05:09:48,290 - isca - DEBUG - 
2026-03-20 05:09:48,290 - isca - DEBUG - NOTE: You shoud never load build environments inside submitted jobs.
2026-03-20 05:09:48,290 - isca - DEBUG - (with the single exception of when using supercomputer time to compile code.)
2026-03-20 05:09:48,290 - isca - DEBUG - 
2026-03-20 05:09:53,298 - isca - DEBUG - NOTE from PE    0: MPP_DOMAINS_SET_STACK_SIZE: stack size set to    32768.
2026-03-20 05:09:53,299 - isca - DEBUG - &MPP_IO_NML
2026-03-20 05:09:53,299 - isca - DEBUG - HEADER_BUFFER_VAL       =       16384,
2026-03-20 05:09:53,299 - isca - DEBUG - GLOBAL_FIELD_ON_ROOT_PE = T,
2026-03-20 05:09:53,299 - isca - DEBUG - IO_CLOCKS_ON    = F,
2026-03-20 05:09:53,299 - isca - DEBUG - SHUFFLE =           0,
2026-03-20 05:09:53,299 - isca - DEBUG - DEFLATE_LEVEL   =          -1
2026-03-20 05:09:53,299 - isca - DEBUG - /
2026-03-20 05:09:53,300 - isca - DEBUG - NOTE from PE    0: MPP_IO_SET_STACK_SIZE: stack size set to     131072.
2026-03-20 05:09:53,301 - isca - DEBUG - NOTE from PE    0: MPP_DOMAINS_SET_STACK_SIZE: stack size set to   600000.
2026-03-20 05:09:53,308 - isca - DEBUG - starting            1  OpenMP threads per MPI-task
2026-03-20 05:09:53,310 - isca - DEBUG - ATMOS MODEL DOMAIN DECOMPOSITION
2026-03-20 05:09:53,310 - isca - DEBUG - X-AXIS =  128
2026-03-20 05:09:53,310 - isca - DEBUG - Y-AXIS =    4   4   4   4   4   4   4   4   4   4   4   4   4   4   4   4
2026-03-20 05:09:53,362 - isca - DEBUG - NOTE from PE    0: cloud_simple: Using SimCloud cloud scheme
2026-03-20 05:09:53,363 - isca - DEBUG - NOTE from PE    0: ls_cloud: Using Sundqvist (1989) cloud fraction diagnostic formula.
2026-03-20 05:09:53,363 - isca - DEBUG - NOTE from PE    0: cloud_cover: The cloud overlap assumption is MAXIMUM-RANDOM
2026-03-20 05:09:53,363 - isca - DEBUG - NOTE from PE    0: idealized_moist_phys: Using Frierson Quasi-Equilibrium convection scheme.
2026-03-20 05:09:53,372 - isca - DEBUG - 
2026-03-20 05:09:53,372 - isca - WARNING - WARNING from PE    0: socrates_init: lw_hires_spectral_filename is unset, making equal to lw_spectral_filename
2026-03-20 05:09:53,372 - isca - DEBUG - 
2026-03-20 05:09:53,372 - isca - DEBUG - 
2026-03-20 05:09:53,372 - isca - WARNING - WARNING from PE    0: socrates_init: lw_hires_spectral_filename is unset, making equal to lw_spectral_filename
2026-03-20 05:09:53,372 - isca - DEBUG - 
2026-03-20 05:09:53,372 - isca - DEBUG - 
2026-03-20 05:09:53,372 - isca - WARNING - WARNING from PE    0: socrates_init: sw_hires_spectral_filename is unset, making equal to sw_spectral_filename
2026-03-20 05:09:53,372 - isca - DEBUG - 
2026-03-20 05:09:53,373 - isca - DEBUG - 
2026-03-20 05:09:53,373 - isca - WARNING - WARNING from PE    0: socrates_init: sw_hires_spectral_filename is unset, making equal to sw_spectral_filename
2026-03-20 05:09:53,373 - isca - DEBUG - 
2026-03-20 05:09:54,482 - isca - DEBUG - NOTE from PE    0: Interpolator: Using input file with no time dimension - ozone_1990_notime_zero.nc
2026-03-20 05:09:54,482 - isca - DEBUG - Initializing src field : ozone_1990
2026-03-20 05:09:54,484 - isca - DEBUG - 
2026-03-20 05:09:54,484 - isca - DEBUG - -----------------------------------
2026-03-20 05:09:54,484 - isca - DEBUG - ____                       _
2026-03-20 05:09:54,484 - isca - DEBUG - / ___|  ___   ___ _ __ __ _| |_ ___  ___
2026-03-20 05:09:54,484 - isca - DEBUG - \___ \ / _ \ / __|  __/ _` | __/ _ \/ __|
2026-03-20 05:09:54,484 - isca - DEBUG - ___) | (_) | (__| | | (_| | ||  __/\__ \
2026-03-20 05:09:54,484 - isca - DEBUG - |____/ \___/ \___|_|  \__,_|\__\___||___/
2026-03-20 05:09:54,484 - isca - DEBUG - 
2026-03-20 05:09:54,484 - isca - DEBUG - Initialised Socrates v17.03
2026-03-20 05:09:54,484 - isca - DEBUG - Stellar constant =    1860.00000000000
2026-03-20 05:09:54,484 - isca - DEBUG - Longwave spectral file =
2026-03-20 05:09:54,484 - isca - DEBUG - /proj/bolinc/users/x_ryabo/socrates_edited_for_isca/spectral_files_for_GCMs/Sun
2026-03-20 05:09:54,484 - isca - DEBUG - /miniSuran_lw.sf WITH           16  bands
2026-03-20 05:09:54,484 - isca - DEBUG - Longwave hires spectral file =
2026-03-20 05:09:54,484 - isca - DEBUG - /proj/bolinc/users/x_ryabo/socrates_edited_for_isca/spectral_files_for_GCMs/Sun
2026-03-20 05:09:54,484 - isca - DEBUG - /miniSuran_lw.sf WITH           16  bands
2026-03-20 05:09:54,484 - isca - DEBUG - Shortwave spectral file =
2026-03-20 05:09:54,485 - isca - DEBUG - /proj/bolinc/users/x_ryabo/socrates_edited_for_isca/spectral_files_for_GCMs/Sun
2026-03-20 05:09:54,485 - isca - DEBUG - /miniSuran_sw.sf WITH           16  bands
2026-03-20 05:09:54,485 - isca - DEBUG - Shortwave hires spectral file =
2026-03-20 05:09:54,485 - isca - DEBUG - /proj/bolinc/users/x_ryabo/socrates_edited_for_isca/spectral_files_for_GCMs/Sun
2026-03-20 05:09:54,485 - isca - DEBUG - /miniSuran_sw.sf WITH           16  bands
2026-03-20 05:09:54,485 - isca - DEBUG - 
2026-03-20 05:09:54,485 - isca - DEBUG - -----------------------------------
2026-03-20 05:09:54,485 - isca - DEBUG - 
2026-03-20 05:10:21,399 - isca - DEBUG - Integration completed through    2 Apr  2   0: 0: 0
2026-03-20 05:10:48,209 - isca - DEBUG - Integration completed through    2 Apr  3   0: 0: 0
2026-03-20 05:11:14,974 - isca - DEBUG - Integration completed through    2 Apr  4   0: 0: 0
2026-03-20 05:11:41,752 - isca - DEBUG - Integration completed through    2 Apr  5   0: 0: 0
2026-03-20 05:12:08,522 - isca - DEBUG - Integration completed through    2 Apr  6   0: 0: 0
2026-03-20 05:12:35,316 - isca - DEBUG - Integration completed through    2 Apr  7   0: 0: 0
2026-03-20 05:13:02,110 - isca - DEBUG - Integration completed through    2 Apr  8   0: 0: 0
2026-03-20 05:13:28,912 - isca - DEBUG - Integration completed through    2 Apr  9   0: 0: 0
2026-03-20 05:13:55,784 - isca - DEBUG - Integration completed through    2 Apr 10   0: 0: 0
2026-03-20 05:14:22,614 - isca - DEBUG - Integration completed through    2 Apr 11   0: 0: 0
2026-03-20 05:14:49,417 - isca - DEBUG - Integration completed through    2 Apr 12   0: 0: 0
2026-03-20 05:15:16,216 - isca - DEBUG - Integration completed through    2 Apr 13   0: 0: 0
2026-03-20 05:15:43,040 - isca - DEBUG - Integration completed through    2 Apr 14   0: 0: 0
2026-03-20 05:16:09,932 - isca - DEBUG - Integration completed through    2 Apr 15   0: 0: 0
2026-03-20 05:16:36,861 - isca - DEBUG - Integration completed through    2 Apr 16   0: 0: 0
2026-03-20 05:17:03,755 - isca - DEBUG - Integration completed through    2 Apr 17   0: 0: 0
2026-03-20 05:17:30,684 - isca - DEBUG - Integration completed through    2 Apr 18   0: 0: 0
2026-03-20 05:17:57,516 - isca - DEBUG - Integration completed through    2 Apr 19   0: 0: 0
2026-03-20 05:18:24,377 - isca - DEBUG - Integration completed through    2 Apr 20   0: 0: 0
2026-03-20 05:18:51,264 - isca - DEBUG - Integration completed through    2 Apr 21   0: 0: 0
2026-03-20 05:19:18,164 - isca - DEBUG - Integration completed through    2 Apr 22   0: 0: 0
2026-03-20 05:19:44,963 - isca - DEBUG - Integration completed through    2 Apr 23   0: 0: 0
2026-03-20 05:20:11,748 - isca - DEBUG - Integration completed through    2 Apr 24   0: 0: 0
2026-03-20 05:20:38,569 - isca - DEBUG - Integration completed through    2 Apr 25   0: 0: 0
2026-03-20 05:21:05,305 - isca - DEBUG - Integration completed through    2 Apr 26   0: 0: 0
2026-03-20 05:21:31,990 - isca - DEBUG - Integration completed through    2 Apr 27   0: 0: 0
2026-03-20 05:21:58,609 - isca - DEBUG - Integration completed through    2 Apr 28   0: 0: 0
2026-03-20 05:22:25,230 - isca - DEBUG - Integration completed through    2 Apr 29   0: 0: 0
2026-03-20 05:22:51,947 - isca - DEBUG - Integration completed through    2 Apr 30   0: 0: 0
2026-03-20 05:23:18,743 - isca - DEBUG - Integration completed through    2 May  1   0: 0: 0
2026-03-20 05:23:18,751 - isca - DEBUG - 
2026-03-20 05:23:18,751 - isca - WARNING - WARNING from PE    0: diag_util_mod::opening_file: module/field_name (socrates/soc_toa_sw_down_clr) NOT registered
2026-03-20 05:23:18,751 - isca - DEBUG - 
2026-03-20 05:23:18,751 - isca - DEBUG - 
2026-03-20 05:23:18,751 - isca - WARNING - WARNING from PE    0: diag_util_mod::opening_file: module/field_name (cloud_simple/rh_min) NOT registered
2026-03-20 05:23:18,751 - isca - DEBUG - 
2026-03-20 05:23:18,751 - isca - DEBUG - 
2026-03-20 05:23:18,751 - isca - WARNING - WARNING from PE    0: diag_util_mod::opening_file: module/field_name (socrates/soc_toa_sw_down_clr) NOT registered
2026-03-20 05:23:18,751 - isca - DEBUG - 
2026-03-20 05:23:18,751 - isca - DEBUG - 
2026-03-20 05:23:18,751 - isca - WARNING - WARNING from PE    0: diag_util_mod::opening_file: module/field_name (cloud_simple/rh_min) NOT registered
2026-03-20 05:23:18,752 - isca - DEBUG - 
2026-03-20 05:23:18,762 - isca - DEBUG - NOTE from PE    0: MPP_IO_SET_STACK_SIZE: stack size set to     393216.
2026-03-20 05:23:18,969 - isca - DEBUG - MPP_DOMAINS_STACK high water mark=       49152
2026-03-20 05:23:18,969 - isca - DEBUG - 
2026-03-20 05:23:18,969 - isca - DEBUG - Tabulating mpp_clock statistics across     16 PEs...
2026-03-20 05:23:18,969 - isca - DEBUG - 
2026-03-20 05:23:18,969 - isca - DEBUG - tmin          tmax          tavg          tstd  tfrac grain pemin pemax
2026-03-20 05:23:18,969 - isca - DEBUG - Total runtime                       805.668926    805.673552    805.671158      0.001123  1.000     0     0    15
2026-03-20 05:23:18,970 - isca - DEBUG - MPP_STACK high water mark=           0
2026-03-20 05:23:19,093 - isca - INFO - Run 16 complete
2026-03-20 05:23:19,996 - isca - DEBUG - atmos_monthly.nc combined and copied to data directory
2026-03-20 05:23:23,216 - isca - INFO - Restart archive created at /proj/bolinc/users/x_ryabo/Isca-Ryan_outputs/Earth_1860/restarts/res0016.tar.gz
2026-03-20 05:23:23,227 - isca - INFO - Writing namelist to '/proj/bolinc/users/x_ryabo/Isca-Ryan_outputs/Earth_1860/run0016/input.nml'
2026-03-20 05:23:23,229 - isca - INFO - Writing field_table to '/proj/bolinc/users/x_ryabo/Isca-Ryan_outputs/Earth_1860/run0016/field_table'
2026-03-20 05:23:23,239 - isca - INFO - Writing diag_table to '/proj/bolinc/users/x_ryabo/Isca-Ryan_outputs/Earth_1860/run0016/diag_table'
2026-03-20 05:23:23,586 - isca - INFO - Emptied run directory '/home/x_ryabo/Isca-Ryan_tmp/experiment/Earth_1860/run'
2026-03-20 05:23:23,604 - isca - INFO - Emptied run directory '/home/x_ryabo/Isca-Ryan_tmp/experiment/Earth_1860/run'
2026-03-20 05:23:23,924 - isca - INFO - Writing namelist to '/home/x_ryabo/Isca-Ryan_tmp/experiment/Earth_1860/run/input.nml'
2026-03-20 05:23:23,926 - isca - INFO - Writing field_table to '/home/x_ryabo/Isca-Ryan_tmp/experiment/Earth_1860/run/field_table'
2026-03-20 05:23:23,938 - isca - INFO - Writing diag_table to '/home/x_ryabo/Isca-Ryan_tmp/experiment/Earth_1860/run/diag_table'
2026-03-20 05:23:23,951 - isca - INFO - Using restart file '/proj/bolinc/users/x_ryabo/Isca-Ryan_outputs/Earth_1860/restarts/res0016.tar.gz'
2026-03-20 05:23:24,363 - isca - INFO - Restart /proj/bolinc/users/x_ryabo/Isca-Ryan_outputs/Earth_1860/restarts/res0016.tar.gz extracted to /home/x_ryabo/Isca-Ryan_tmp/experiment/Earth_1860/run/INPUT
2026-03-20 05:23:24,364 - isca - INFO - Beginning run 17
2026-03-20 05:23:24,380 - isca - INFO - process running as 69199
2026-03-20 05:23:24,380 - isca - DEBUG - loadmodules for Isca on NSC cluster Tetralith
2026-03-20 05:23:24,380 - isca - DEBUG - mpiifort
2026-03-20 05:23:24,489 - isca - DEBUG - The following modules were not unloaded:
2026-03-20 05:23:24,489 - isca - DEBUG - (Use "module --force purge" to unload all):
2026-03-20 05:23:24,489 - isca - DEBUG - 
2026-03-20 05:23:24,489 - isca - DEBUG - 1) hpc/.1.10.1
2026-03-20 05:23:24,592 - isca - DEBUG - ***************************************************
2026-03-20 05:23:24,592 - isca - DEBUG - You have loaded a buildenv module
2026-03-20 05:23:24,592 - isca - DEBUG - ***************************************************
2026-03-20 05:23:24,592 - isca - DEBUG - The buldenv-intel module makes available:
2026-03-20 05:23:24,592 - isca - DEBUG - - Compilers: icc, ifort, etc.
2026-03-20 05:23:24,592 - isca - DEBUG - - Mpi library with mpi-wrapped compilers: intel mpi with mpicc, mpifort, etc.
2026-03-20 05:23:24,592 - isca - DEBUG - - Numerical libraries: intel MKL
2026-03-20 05:23:24,592 - isca - DEBUG - 
2026-03-20 05:23:24,592 - isca - DEBUG - It also makes a set of dependency library modules available via
2026-03-20 05:23:24,593 - isca - DEBUG - the regular module command. Just do:
2026-03-20 05:23:24,593 - isca - DEBUG - module avail
2026-03-20 05:23:24,593 - isca - DEBUG - to see what is available.
2026-03-20 05:23:24,593 - isca - DEBUG - 
2026-03-20 05:23:24,593 - isca - DEBUG - NOTE: You shoud never load build environments inside submitted jobs.
2026-03-20 05:23:24,593 - isca - DEBUG - (with the single exception of when using supercomputer time to compile code.)
2026-03-20 05:23:24,593 - isca - DEBUG - 
2026-03-20 05:23:25,817 - isca - DEBUG - NOTE from PE    0: MPP_DOMAINS_SET_STACK_SIZE: stack size set to    32768.
2026-03-20 05:23:25,817 - isca - DEBUG - &MPP_IO_NML
2026-03-20 05:23:25,817 - isca - DEBUG - HEADER_BUFFER_VAL       =       16384,
2026-03-20 05:23:25,817 - isca - DEBUG - GLOBAL_FIELD_ON_ROOT_PE = T,
2026-03-20 05:23:25,817 - isca - DEBUG - IO_CLOCKS_ON    = F,
2026-03-20 05:23:25,817 - isca - DEBUG - SHUFFLE =           0,
2026-03-20 05:23:25,817 - isca - DEBUG - DEFLATE_LEVEL   =          -1
2026-03-20 05:23:25,817 - isca - DEBUG - /
2026-03-20 05:23:25,819 - isca - DEBUG - NOTE from PE    0: MPP_IO_SET_STACK_SIZE: stack size set to     131072.
2026-03-20 05:23:25,820 - isca - DEBUG - NOTE from PE    0: MPP_DOMAINS_SET_STACK_SIZE: stack size set to   600000.
2026-03-20 05:23:25,827 - isca - DEBUG - starting            1  OpenMP threads per MPI-task
2026-03-20 05:23:25,829 - isca - DEBUG - ATMOS MODEL DOMAIN DECOMPOSITION
2026-03-20 05:23:25,829 - isca - DEBUG - X-AXIS =  128
2026-03-20 05:23:25,829 - isca - DEBUG - Y-AXIS =    4   4   4   4   4   4   4   4   4   4   4   4   4   4   4   4
2026-03-20 05:23:25,878 - isca - DEBUG - NOTE from PE    0: cloud_simple: Using SimCloud cloud scheme
2026-03-20 05:23:25,879 - isca - DEBUG - NOTE from PE    0: ls_cloud: Using Sundqvist (1989) cloud fraction diagnostic formula.
2026-03-20 05:23:25,880 - isca - DEBUG - NOTE from PE    0: cloud_cover: The cloud overlap assumption is MAXIMUM-RANDOM
2026-03-20 05:23:25,880 - isca - DEBUG - NOTE from PE    0: idealized_moist_phys: Using Frierson Quasi-Equilibrium convection scheme.
2026-03-20 05:23:25,888 - isca - DEBUG - 
2026-03-20 05:23:25,888 - isca - WARNING - WARNING from PE    0: socrates_init: lw_hires_spectral_filename is unset, making equal to lw_spectral_filename
2026-03-20 05:23:25,888 - isca - DEBUG - 
2026-03-20 05:23:25,888 - isca - DEBUG - 
2026-03-20 05:23:25,888 - isca - WARNING - WARNING from PE    0: socrates_init: lw_hires_spectral_filename is unset, making equal to lw_spectral_filename
2026-03-20 05:23:25,888 - isca - DEBUG - 
2026-03-20 05:23:25,888 - isca - DEBUG - 
2026-03-20 05:23:25,889 - isca - WARNING - WARNING from PE    0: socrates_init: sw_hires_spectral_filename is unset, making equal to sw_spectral_filename
2026-03-20 05:23:25,889 - isca - DEBUG - 
2026-03-20 05:23:25,889 - isca - DEBUG - 
2026-03-20 05:23:25,889 - isca - WARNING - WARNING from PE    0: socrates_init: sw_hires_spectral_filename is unset, making equal to sw_spectral_filename
2026-03-20 05:23:25,889 - isca - DEBUG - 
2026-03-20 05:23:27,015 - isca - DEBUG - NOTE from PE    0: Interpolator: Using input file with no time dimension - ozone_1990_notime_zero.nc
2026-03-20 05:23:27,015 - isca - DEBUG - Initializing src field : ozone_1990
2026-03-20 05:23:27,017 - isca - DEBUG - 
2026-03-20 05:23:27,017 - isca - DEBUG - -----------------------------------
2026-03-20 05:23:27,017 - isca - DEBUG - ____                       _
2026-03-20 05:23:27,017 - isca - DEBUG - / ___|  ___   ___ _ __ __ _| |_ ___  ___
2026-03-20 05:23:27,017 - isca - DEBUG - \___ \ / _ \ / __|  __/ _` | __/ _ \/ __|
2026-03-20 05:23:27,017 - isca - DEBUG - ___) | (_) | (__| | | (_| | ||  __/\__ \
2026-03-20 05:23:27,017 - isca - DEBUG - |____/ \___/ \___|_|  \__,_|\__\___||___/
2026-03-20 05:23:27,017 - isca - DEBUG - 
2026-03-20 05:23:27,017 - isca - DEBUG - Initialised Socrates v17.03
2026-03-20 05:23:27,017 - isca - DEBUG - Stellar constant =    1860.00000000000
2026-03-20 05:23:27,017 - isca - DEBUG - Longwave spectral file =
2026-03-20 05:23:27,017 - isca - DEBUG - /proj/bolinc/users/x_ryabo/socrates_edited_for_isca/spectral_files_for_GCMs/Sun
2026-03-20 05:23:27,017 - isca - DEBUG - /miniSuran_lw.sf WITH           16  bands
2026-03-20 05:23:27,017 - isca - DEBUG - Longwave hires spectral file =
2026-03-20 05:23:27,017 - isca - DEBUG - /proj/bolinc/users/x_ryabo/socrates_edited_for_isca/spectral_files_for_GCMs/Sun
2026-03-20 05:23:27,017 - isca - DEBUG - /miniSuran_lw.sf WITH           16  bands
2026-03-20 05:23:27,017 - isca - DEBUG - Shortwave spectral file =
2026-03-20 05:23:27,017 - isca - DEBUG - /proj/bolinc/users/x_ryabo/socrates_edited_for_isca/spectral_files_for_GCMs/Sun
2026-03-20 05:23:27,017 - isca - DEBUG - /miniSuran_sw.sf WITH           16  bands
2026-03-20 05:23:27,017 - isca - DEBUG - Shortwave hires spectral file =
2026-03-20 05:23:27,017 - isca - DEBUG - /proj/bolinc/users/x_ryabo/socrates_edited_for_isca/spectral_files_for_GCMs/Sun
2026-03-20 05:23:27,017 - isca - DEBUG - /miniSuran_sw.sf WITH           16  bands
2026-03-20 05:23:27,017 - isca - DEBUG - 
2026-03-20 05:23:27,017 - isca - DEBUG - -----------------------------------
2026-03-20 05:23:27,017 - isca - DEBUG - 
2026-03-20 05:23:53,863 - isca - DEBUG - Integration completed through    2 May  2   0: 0: 0
2026-03-20 05:24:20,615 - isca - DEBUG - Integration completed through    2 May  3   0: 0: 0
2026-03-20 05:24:47,437 - isca - DEBUG - Integration completed through    2 May  4   0: 0: 0
2026-03-20 05:25:14,230 - isca - DEBUG - Integration completed through    2 May  5   0: 0: 0
2026-03-20 05:25:40,986 - isca - DEBUG - Integration completed through    2 May  6   0: 0: 0
2026-03-20 05:26:07,741 - isca - DEBUG - Integration completed through    2 May  7   0: 0: 0
2026-03-20 05:26:34,459 - isca - DEBUG - Integration completed through    2 May  8   0: 0: 0
2026-03-20 05:27:01,164 - isca - DEBUG - Integration completed through    2 May  9   0: 0: 0
2026-03-20 05:27:27,882 - isca - DEBUG - Integration completed through    2 May 10   0: 0: 0
2026-03-20 05:27:54,649 - isca - DEBUG - Integration completed through    2 May 11   0: 0: 0
2026-03-20 05:28:21,380 - isca - DEBUG - Integration completed through    2 May 12   0: 0: 0
2026-03-20 05:28:48,117 - isca - DEBUG - Integration completed through    2 May 13   0: 0: 0
2026-03-20 05:29:14,867 - isca - DEBUG - Integration completed through    2 May 14   0: 0: 0
2026-03-20 05:29:41,718 - isca - DEBUG - Integration completed through    2 May 15   0: 0: 0
2026-03-20 05:30:08,474 - isca - DEBUG - Integration completed through    2 May 16   0: 0: 0
2026-03-20 05:30:35,204 - isca - DEBUG - Integration completed through    2 May 17   0: 0: 0
2026-03-20 05:31:01,944 - isca - DEBUG - Integration completed through    2 May 18   0: 0: 0
2026-03-20 05:31:28,645 - isca - DEBUG - Integration completed through    2 May 19   0: 0: 0
2026-03-20 05:31:55,360 - isca - DEBUG - Integration completed through    2 May 20   0: 0: 0
2026-03-20 05:32:22,098 - isca - DEBUG - Integration completed through    2 May 21   0: 0: 0
2026-03-20 05:32:48,870 - isca - DEBUG - Integration completed through    2 May 22   0: 0: 0
2026-03-20 05:33:15,617 - isca - DEBUG - Integration completed through    2 May 23   0: 0: 0
2026-03-20 05:33:42,405 - isca - DEBUG - Integration completed through    2 May 24   0: 0: 0
2026-03-20 05:34:09,216 - isca - DEBUG - Integration completed through    2 May 25   0: 0: 0
2026-03-20 05:34:36,066 - isca - DEBUG - Integration completed through    2 May 26   0: 0: 0
2026-03-20 05:35:02,859 - isca - DEBUG - Integration completed through    2 May 27   0: 0: 0
2026-03-20 05:35:29,694 - isca - DEBUG - Integration completed through    2 May 28   0: 0: 0
2026-03-20 05:35:56,506 - isca - DEBUG - Integration completed through    2 May 29   0: 0: 0
2026-03-20 05:36:23,300 - isca - DEBUG - Integration completed through    2 May 30   0: 0: 0
2026-03-20 05:36:50,103 - isca - DEBUG - Integration completed through    2 Jun  1   0: 0: 0
2026-03-20 05:36:50,110 - isca - DEBUG - 
2026-03-20 05:36:50,111 - isca - WARNING - WARNING from PE    0: diag_util_mod::opening_file: module/field_name (socrates/soc_toa_sw_down_clr) NOT registered
2026-03-20 05:36:50,111 - isca - DEBUG - 
2026-03-20 05:36:50,111 - isca - DEBUG - 
2026-03-20 05:36:50,111 - isca - WARNING - WARNING from PE    0: diag_util_mod::opening_file: module/field_name (cloud_simple/rh_min) NOT registered
2026-03-20 05:36:50,111 - isca - DEBUG - 
2026-03-20 05:36:50,111 - isca - DEBUG - 
2026-03-20 05:36:50,111 - isca - WARNING - WARNING from PE    0: diag_util_mod::opening_file: module/field_name (socrates/soc_toa_sw_down_clr) NOT registered
2026-03-20 05:36:50,111 - isca - DEBUG - 
2026-03-20 05:36:50,111 - isca - DEBUG - 
2026-03-20 05:36:50,111 - isca - WARNING - WARNING from PE    0: diag_util_mod::opening_file: module/field_name (cloud_simple/rh_min) NOT registered
2026-03-20 05:36:50,111 - isca - DEBUG - 
2026-03-20 05:36:50,121 - isca - DEBUG - NOTE from PE    0: MPP_IO_SET_STACK_SIZE: stack size set to     393216.
2026-03-20 05:36:50,216 - isca - DEBUG - MPP_DOMAINS_STACK high water mark=       49152
2026-03-20 05:36:50,216 - isca - DEBUG - 
2026-03-20 05:36:50,216 - isca - DEBUG - Tabulating mpp_clock statistics across     16 PEs...
2026-03-20 05:36:50,216 - isca - DEBUG - 
2026-03-20 05:36:50,216 - isca - DEBUG - tmin          tmax          tavg          tstd  tfrac grain pemin pemax
2026-03-20 05:36:50,217 - isca - DEBUG - Total runtime                       804.397824    804.401195    804.399364      0.000935  1.000     0     0    15
2026-03-20 05:36:50,217 - isca - DEBUG - MPP_STACK high water mark=           0
2026-03-20 05:36:50,343 - isca - INFO - Run 17 complete
2026-03-20 05:36:51,272 - isca - DEBUG - atmos_monthly.nc combined and copied to data directory
2026-03-20 05:36:54,492 - isca - INFO - Restart archive created at /proj/bolinc/users/x_ryabo/Isca-Ryan_outputs/Earth_1860/restarts/res0017.tar.gz
2026-03-20 05:36:54,504 - isca - INFO - Writing namelist to '/proj/bolinc/users/x_ryabo/Isca-Ryan_outputs/Earth_1860/run0017/input.nml'
2026-03-20 05:36:54,506 - isca - INFO - Writing field_table to '/proj/bolinc/users/x_ryabo/Isca-Ryan_outputs/Earth_1860/run0017/field_table'
2026-03-20 05:36:54,550 - isca - INFO - Writing diag_table to '/proj/bolinc/users/x_ryabo/Isca-Ryan_outputs/Earth_1860/run0017/diag_table'
2026-03-20 05:36:54,963 - isca - INFO - Emptied run directory '/home/x_ryabo/Isca-Ryan_tmp/experiment/Earth_1860/run'
2026-03-20 05:36:54,981 - isca - INFO - Emptied run directory '/home/x_ryabo/Isca-Ryan_tmp/experiment/Earth_1860/run'
2026-03-20 05:36:55,300 - isca - INFO - Writing namelist to '/home/x_ryabo/Isca-Ryan_tmp/experiment/Earth_1860/run/input.nml'
2026-03-20 05:36:55,302 - isca - INFO - Writing field_table to '/home/x_ryabo/Isca-Ryan_tmp/experiment/Earth_1860/run/field_table'
2026-03-20 05:36:55,317 - isca - INFO - Writing diag_table to '/home/x_ryabo/Isca-Ryan_tmp/experiment/Earth_1860/run/diag_table'
2026-03-20 05:36:55,329 - isca - INFO - Using restart file '/proj/bolinc/users/x_ryabo/Isca-Ryan_outputs/Earth_1860/restarts/res0017.tar.gz'
2026-03-20 05:36:55,741 - isca - INFO - Restart /proj/bolinc/users/x_ryabo/Isca-Ryan_outputs/Earth_1860/restarts/res0017.tar.gz extracted to /home/x_ryabo/Isca-Ryan_tmp/experiment/Earth_1860/run/INPUT
2026-03-20 05:36:55,741 - isca - INFO - Beginning run 18
2026-03-20 05:36:55,753 - isca - INFO - process running as 70047
2026-03-20 05:36:55,753 - isca - DEBUG - loadmodules for Isca on NSC cluster Tetralith
2026-03-20 05:36:55,753 - isca - DEBUG - mpiifort
2026-03-20 05:36:55,866 - isca - DEBUG - The following modules were not unloaded:
2026-03-20 05:36:55,867 - isca - DEBUG - (Use "module --force purge" to unload all):
2026-03-20 05:36:55,867 - isca - DEBUG - 
2026-03-20 05:36:55,867 - isca - DEBUG - 1) hpc/.1.10.1
2026-03-20 05:36:55,971 - isca - DEBUG - ***************************************************
2026-03-20 05:36:55,971 - isca - DEBUG - You have loaded a buildenv module
2026-03-20 05:36:55,971 - isca - DEBUG - ***************************************************
2026-03-20 05:36:55,971 - isca - DEBUG - The buldenv-intel module makes available:
2026-03-20 05:36:55,971 - isca - DEBUG - - Compilers: icc, ifort, etc.
2026-03-20 05:36:55,971 - isca - DEBUG - - Mpi library with mpi-wrapped compilers: intel mpi with mpicc, mpifort, etc.
2026-03-20 05:36:55,971 - isca - DEBUG - - Numerical libraries: intel MKL
2026-03-20 05:36:55,971 - isca - DEBUG - 
2026-03-20 05:36:55,971 - isca - DEBUG - It also makes a set of dependency library modules available via
2026-03-20 05:36:55,971 - isca - DEBUG - the regular module command. Just do:
2026-03-20 05:36:55,971 - isca - DEBUG - module avail
2026-03-20 05:36:55,971 - isca - DEBUG - to see what is available.
2026-03-20 05:36:55,971 - isca - DEBUG - 
2026-03-20 05:36:55,971 - isca - DEBUG - NOTE: You shoud never load build environments inside submitted jobs.
2026-03-20 05:36:55,971 - isca - DEBUG - (with the single exception of when using supercomputer time to compile code.)
2026-03-20 05:36:55,971 - isca - DEBUG - 
2026-03-20 05:36:57,175 - isca - DEBUG - NOTE from PE    0: MPP_DOMAINS_SET_STACK_SIZE: stack size set to    32768.
2026-03-20 05:36:57,175 - isca - DEBUG - &MPP_IO_NML
2026-03-20 05:36:57,175 - isca - DEBUG - HEADER_BUFFER_VAL       =       16384,
2026-03-20 05:36:57,175 - isca - DEBUG - GLOBAL_FIELD_ON_ROOT_PE = T,
2026-03-20 05:36:57,175 - isca - DEBUG - IO_CLOCKS_ON    = F,
2026-03-20 05:36:57,175 - isca - DEBUG - SHUFFLE =           0,
2026-03-20 05:36:57,175 - isca - DEBUG - DEFLATE_LEVEL   =          -1
2026-03-20 05:36:57,175 - isca - DEBUG - /
2026-03-20 05:36:57,176 - isca - DEBUG - NOTE from PE    0: MPP_IO_SET_STACK_SIZE: stack size set to     131072.
2026-03-20 05:36:57,177 - isca - DEBUG - NOTE from PE    0: MPP_DOMAINS_SET_STACK_SIZE: stack size set to   600000.
2026-03-20 05:36:57,184 - isca - DEBUG - starting            1  OpenMP threads per MPI-task
2026-03-20 05:36:57,186 - isca - DEBUG - ATMOS MODEL DOMAIN DECOMPOSITION
2026-03-20 05:36:57,186 - isca - DEBUG - X-AXIS =  128
2026-03-20 05:36:57,186 - isca - DEBUG - Y-AXIS =    4   4   4   4   4   4   4   4   4   4   4   4   4   4   4   4
2026-03-20 05:36:57,238 - isca - DEBUG - NOTE from PE    0: cloud_simple: Using SimCloud cloud scheme
2026-03-20 05:36:57,239 - isca - DEBUG - NOTE from PE    0: ls_cloud: Using Sundqvist (1989) cloud fraction diagnostic formula.
2026-03-20 05:36:57,239 - isca - DEBUG - NOTE from PE    0: cloud_cover: The cloud overlap assumption is MAXIMUM-RANDOM
2026-03-20 05:36:57,240 - isca - DEBUG - NOTE from PE    0: idealized_moist_phys: Using Frierson Quasi-Equilibrium convection scheme.
2026-03-20 05:36:57,248 - isca - DEBUG - 
2026-03-20 05:36:57,248 - isca - WARNING - WARNING from PE    0: socrates_init: lw_hires_spectral_filename is unset, making equal to lw_spectral_filename
2026-03-20 05:36:57,248 - isca - DEBUG - 
2026-03-20 05:36:57,248 - isca - DEBUG - 
2026-03-20 05:36:57,248 - isca - WARNING - WARNING from PE    0: socrates_init: lw_hires_spectral_filename is unset, making equal to lw_spectral_filename
2026-03-20 05:36:57,249 - isca - DEBUG - 
2026-03-20 05:36:57,249 - isca - DEBUG - 
2026-03-20 05:36:57,249 - isca - WARNING - WARNING from PE    0: socrates_init: sw_hires_spectral_filename is unset, making equal to sw_spectral_filename
2026-03-20 05:36:57,249 - isca - DEBUG - 
2026-03-20 05:36:57,249 - isca - DEBUG - 
2026-03-20 05:36:57,249 - isca - WARNING - WARNING from PE    0: socrates_init: sw_hires_spectral_filename is unset, making equal to sw_spectral_filename
2026-03-20 05:36:57,249 - isca - DEBUG - 
2026-03-20 05:36:58,355 - isca - DEBUG - NOTE from PE    0: Interpolator: Using input file with no time dimension - ozone_1990_notime_zero.nc
2026-03-20 05:36:58,355 - isca - DEBUG - Initializing src field : ozone_1990
2026-03-20 05:36:58,357 - isca - DEBUG - 
2026-03-20 05:36:58,357 - isca - DEBUG - -----------------------------------
2026-03-20 05:36:58,357 - isca - DEBUG - ____                       _
2026-03-20 05:36:58,357 - isca - DEBUG - / ___|  ___   ___ _ __ __ _| |_ ___  ___
2026-03-20 05:36:58,357 - isca - DEBUG - \___ \ / _ \ / __|  __/ _` | __/ _ \/ __|
2026-03-20 05:36:58,357 - isca - DEBUG - ___) | (_) | (__| | | (_| | ||  __/\__ \
2026-03-20 05:36:58,357 - isca - DEBUG - |____/ \___/ \___|_|  \__,_|\__\___||___/
2026-03-20 05:36:58,357 - isca - DEBUG - 
2026-03-20 05:36:58,357 - isca - DEBUG - Initialised Socrates v17.03
2026-03-20 05:36:58,357 - isca - DEBUG - Stellar constant =    1860.00000000000
2026-03-20 05:36:58,357 - isca - DEBUG - Longwave spectral file =
2026-03-20 05:36:58,357 - isca - DEBUG - /proj/bolinc/users/x_ryabo/socrates_edited_for_isca/spectral_files_for_GCMs/Sun
2026-03-20 05:36:58,357 - isca - DEBUG - /miniSuran_lw.sf WITH           16  bands
2026-03-20 05:36:58,357 - isca - DEBUG - Longwave hires spectral file =
2026-03-20 05:36:58,357 - isca - DEBUG - /proj/bolinc/users/x_ryabo/socrates_edited_for_isca/spectral_files_for_GCMs/Sun
2026-03-20 05:36:58,357 - isca - DEBUG - /miniSuran_lw.sf WITH           16  bands
2026-03-20 05:36:58,357 - isca - DEBUG - Shortwave spectral file =
2026-03-20 05:36:58,357 - isca - DEBUG - /proj/bolinc/users/x_ryabo/socrates_edited_for_isca/spectral_files_for_GCMs/Sun
2026-03-20 05:36:58,357 - isca - DEBUG - /miniSuran_sw.sf WITH           16  bands
2026-03-20 05:36:58,357 - isca - DEBUG - Shortwave hires spectral file =
2026-03-20 05:36:58,357 - isca - DEBUG - /proj/bolinc/users/x_ryabo/socrates_edited_for_isca/spectral_files_for_GCMs/Sun
2026-03-20 05:36:58,357 - isca - DEBUG - /miniSuran_sw.sf WITH           16  bands
2026-03-20 05:36:58,357 - isca - DEBUG - 
2026-03-20 05:36:58,357 - isca - DEBUG - -----------------------------------
2026-03-20 05:36:58,357 - isca - DEBUG - 
2026-03-20 05:37:25,262 - isca - DEBUG - Integration completed through    2 Jun  2   0: 0: 0
2026-03-20 05:37:52,029 - isca - DEBUG - Integration completed through    2 Jun  3   0: 0: 0
2026-03-20 05:38:18,757 - isca - DEBUG - Integration completed through    2 Jun  4   0: 0: 0
2026-03-20 05:38:45,471 - isca - DEBUG - Integration completed through    2 Jun  5   0: 0: 0
2026-03-20 05:39:12,265 - isca - DEBUG - Integration completed through    2 Jun  6   0: 0: 0
2026-03-20 05:39:39,037 - isca - DEBUG - Integration completed through    2 Jun  7   0: 0: 0
2026-03-20 05:40:05,857 - isca - DEBUG - Integration completed through    2 Jun  8   0: 0: 0
2026-03-20 05:40:32,641 - isca - DEBUG - Integration completed through    2 Jun  9   0: 0: 0
2026-03-20 05:40:59,435 - isca - DEBUG - Integration completed through    2 Jun 10   0: 0: 0
2026-03-20 05:41:26,170 - isca - DEBUG - Integration completed through    2 Jun 11   0: 0: 0
2026-03-20 05:41:52,916 - isca - DEBUG - Integration completed through    2 Jun 12   0: 0: 0
2026-03-20 05:42:19,697 - isca - DEBUG - Integration completed through    2 Jun 13   0: 0: 0
2026-03-20 05:42:46,479 - isca - DEBUG - Integration completed through    2 Jun 14   0: 0: 0
2026-03-20 05:43:13,285 - isca - DEBUG - Integration completed through    2 Jun 15   0: 0: 0
2026-03-20 05:43:40,025 - isca - DEBUG - Integration completed through    2 Jun 16   0: 0: 0
2026-03-20 05:44:06,873 - isca - DEBUG - Integration completed through    2 Jun 17   0: 0: 0
2026-03-20 05:44:33,712 - isca - DEBUG - Integration completed through    2 Jun 18   0: 0: 0
2026-03-20 05:45:00,551 - isca - DEBUG - Integration completed through    2 Jun 19   0: 0: 0
2026-03-20 05:45:27,276 - isca - DEBUG - Integration completed through    2 Jun 20   0: 0: 0
2026-03-20 05:45:53,982 - isca - DEBUG - Integration completed through    2 Jun 21   0: 0: 0
2026-03-20 05:46:20,705 - isca - DEBUG - Integration completed through    2 Jun 22   0: 0: 0
2026-03-20 05:46:47,450 - isca - DEBUG - Integration completed through    2 Jun 23   0: 0: 0
2026-03-20 05:47:14,267 - isca - DEBUG - Integration completed through    2 Jun 24   0: 0: 0
2026-03-20 05:47:41,050 - isca - DEBUG - Integration completed through    2 Jun 25   0: 0: 0
2026-03-20 05:48:07,828 - isca - DEBUG - Integration completed through    2 Jun 26   0: 0: 0
2026-03-20 05:48:34,525 - isca - DEBUG - Integration completed through    2 Jun 27   0: 0: 0
2026-03-20 05:49:01,220 - isca - DEBUG - Integration completed through    2 Jun 28   0: 0: 0
2026-03-20 05:49:27,955 - isca - DEBUG - Integration completed through    2 Jun 29   0: 0: 0
2026-03-20 05:49:54,752 - isca - DEBUG - Integration completed through    2 Jun 30   0: 0: 0
2026-03-20 05:50:21,590 - isca - DEBUG - Integration completed through    2 Jul  1   0: 0: 0
2026-03-20 05:50:21,598 - isca - DEBUG - 
2026-03-20 05:50:21,598 - isca - WARNING - WARNING from PE    0: diag_util_mod::opening_file: module/field_name (socrates/soc_toa_sw_down_clr) NOT registered
2026-03-20 05:50:21,598 - isca - DEBUG - 
2026-03-20 05:50:21,598 - isca - DEBUG - 
2026-03-20 05:50:21,598 - isca - WARNING - WARNING from PE    0: diag_util_mod::opening_file: module/field_name (cloud_simple/rh_min) NOT registered
2026-03-20 05:50:21,598 - isca - DEBUG - 
2026-03-20 05:50:21,598 - isca - DEBUG - 
2026-03-20 05:50:21,598 - isca - WARNING - WARNING from PE    0: diag_util_mod::opening_file: module/field_name (socrates/soc_toa_sw_down_clr) NOT registered
2026-03-20 05:50:21,598 - isca - DEBUG - 
2026-03-20 05:50:21,598 - isca - DEBUG - 
2026-03-20 05:50:21,598 - isca - WARNING - WARNING from PE    0: diag_util_mod::opening_file: module/field_name (cloud_simple/rh_min) NOT registered
2026-03-20 05:50:21,598 - isca - DEBUG - 
2026-03-20 05:50:21,608 - isca - DEBUG - NOTE from PE    0: MPP_IO_SET_STACK_SIZE: stack size set to     393216.
2026-03-20 05:50:21,707 - isca - DEBUG - MPP_DOMAINS_STACK high water mark=       49152
2026-03-20 05:50:21,707 - isca - DEBUG - 
2026-03-20 05:50:21,708 - isca - DEBUG - Tabulating mpp_clock statistics across     16 PEs...
2026-03-20 05:50:21,708 - isca - DEBUG - 
2026-03-20 05:50:21,708 - isca - DEBUG - tmin          tmax          tavg          tstd  tfrac grain pemin pemax
2026-03-20 05:50:21,708 - isca - DEBUG - Total runtime                       804.531134    804.536095    804.533186      0.001142  1.000     0     0    15
2026-03-20 05:50:21,708 - isca - DEBUG - MPP_STACK high water mark=           0
2026-03-20 05:50:21,868 - isca - INFO - Run 18 complete
2026-03-20 05:50:22,833 - isca - DEBUG - atmos_monthly.nc combined and copied to data directory
2026-03-20 05:50:26,035 - isca - INFO - Restart archive created at /proj/bolinc/users/x_ryabo/Isca-Ryan_outputs/Earth_1860/restarts/res0018.tar.gz
2026-03-20 05:50:26,047 - isca - INFO - Writing namelist to '/proj/bolinc/users/x_ryabo/Isca-Ryan_outputs/Earth_1860/run0018/input.nml'
2026-03-20 05:50:26,049 - isca - INFO - Writing field_table to '/proj/bolinc/users/x_ryabo/Isca-Ryan_outputs/Earth_1860/run0018/field_table'
2026-03-20 05:50:26,059 - isca - INFO - Writing diag_table to '/proj/bolinc/users/x_ryabo/Isca-Ryan_outputs/Earth_1860/run0018/diag_table'
2026-03-20 05:50:26,403 - isca - INFO - Emptied run directory '/home/x_ryabo/Isca-Ryan_tmp/experiment/Earth_1860/run'
2026-03-20 05:50:26,422 - isca - INFO - Emptied run directory '/home/x_ryabo/Isca-Ryan_tmp/experiment/Earth_1860/run'
2026-03-20 05:50:26,742 - isca - INFO - Writing namelist to '/home/x_ryabo/Isca-Ryan_tmp/experiment/Earth_1860/run/input.nml'
2026-03-20 05:50:26,744 - isca - INFO - Writing field_table to '/home/x_ryabo/Isca-Ryan_tmp/experiment/Earth_1860/run/field_table'
2026-03-20 05:50:26,756 - isca - INFO - Writing diag_table to '/home/x_ryabo/Isca-Ryan_tmp/experiment/Earth_1860/run/diag_table'
2026-03-20 05:50:26,771 - isca - INFO - Using restart file '/proj/bolinc/users/x_ryabo/Isca-Ryan_outputs/Earth_1860/restarts/res0018.tar.gz'
2026-03-20 05:50:27,203 - isca - INFO - Restart /proj/bolinc/users/x_ryabo/Isca-Ryan_outputs/Earth_1860/restarts/res0018.tar.gz extracted to /home/x_ryabo/Isca-Ryan_tmp/experiment/Earth_1860/run/INPUT
2026-03-20 05:50:27,204 - isca - INFO - Beginning run 19
2026-03-20 05:50:27,219 - isca - INFO - process running as 70867
2026-03-20 05:50:27,219 - isca - DEBUG - loadmodules for Isca on NSC cluster Tetralith
2026-03-20 05:50:27,219 - isca - DEBUG - mpiifort
2026-03-20 05:50:27,329 - isca - DEBUG - The following modules were not unloaded:
2026-03-20 05:50:27,329 - isca - DEBUG - (Use "module --force purge" to unload all):
2026-03-20 05:50:27,329 - isca - DEBUG - 
2026-03-20 05:50:27,329 - isca - DEBUG - 1) hpc/.1.10.1
2026-03-20 05:50:27,434 - isca - DEBUG - ***************************************************
2026-03-20 05:50:27,435 - isca - DEBUG - You have loaded a buildenv module
2026-03-20 05:50:27,435 - isca - DEBUG - ***************************************************
2026-03-20 05:50:27,435 - isca - DEBUG - The buldenv-intel module makes available:
2026-03-20 05:50:27,435 - isca - DEBUG - - Compilers: icc, ifort, etc.
2026-03-20 05:50:27,435 - isca - DEBUG - - Mpi library with mpi-wrapped compilers: intel mpi with mpicc, mpifort, etc.
2026-03-20 05:50:27,435 - isca - DEBUG - - Numerical libraries: intel MKL
2026-03-20 05:50:27,435 - isca - DEBUG - 
2026-03-20 05:50:27,435 - isca - DEBUG - It also makes a set of dependency library modules available via
2026-03-20 05:50:27,435 - isca - DEBUG - the regular module command. Just do:
2026-03-20 05:50:27,435 - isca - DEBUG - module avail
2026-03-20 05:50:27,435 - isca - DEBUG - to see what is available.
2026-03-20 05:50:27,435 - isca - DEBUG - 
2026-03-20 05:50:27,435 - isca - DEBUG - NOTE: You shoud never load build environments inside submitted jobs.
2026-03-20 05:50:27,435 - isca - DEBUG - (with the single exception of when using supercomputer time to compile code.)
2026-03-20 05:50:27,435 - isca - DEBUG - 
2026-03-20 05:50:28,654 - isca - DEBUG - NOTE from PE    0: MPP_DOMAINS_SET_STACK_SIZE: stack size set to    32768.
2026-03-20 05:50:28,654 - isca - DEBUG - &MPP_IO_NML
2026-03-20 05:50:28,654 - isca - DEBUG - HEADER_BUFFER_VAL       =       16384,
2026-03-20 05:50:28,654 - isca - DEBUG - GLOBAL_FIELD_ON_ROOT_PE = T,
2026-03-20 05:50:28,654 - isca - DEBUG - IO_CLOCKS_ON    = F,
2026-03-20 05:50:28,654 - isca - DEBUG - SHUFFLE =           0,
2026-03-20 05:50:28,654 - isca - DEBUG - DEFLATE_LEVEL   =          -1
2026-03-20 05:50:28,654 - isca - DEBUG - /
2026-03-20 05:50:28,656 - isca - DEBUG - NOTE from PE    0: MPP_IO_SET_STACK_SIZE: stack size set to     131072.
2026-03-20 05:50:28,657 - isca - DEBUG - NOTE from PE    0: MPP_DOMAINS_SET_STACK_SIZE: stack size set to   600000.
2026-03-20 05:50:28,664 - isca - DEBUG - starting            1  OpenMP threads per MPI-task
2026-03-20 05:50:28,665 - isca - DEBUG - ATMOS MODEL DOMAIN DECOMPOSITION
2026-03-20 05:50:28,665 - isca - DEBUG - X-AXIS =  128
2026-03-20 05:50:28,665 - isca - DEBUG - Y-AXIS =    4   4   4   4   4   4   4   4   4   4   4   4   4   4   4   4
2026-03-20 05:50:28,718 - isca - DEBUG - NOTE from PE    0: cloud_simple: Using SimCloud cloud scheme
2026-03-20 05:50:28,719 - isca - DEBUG - NOTE from PE    0: ls_cloud: Using Sundqvist (1989) cloud fraction diagnostic formula.
2026-03-20 05:50:28,719 - isca - DEBUG - NOTE from PE    0: cloud_cover: The cloud overlap assumption is MAXIMUM-RANDOM
2026-03-20 05:50:28,719 - isca - DEBUG - NOTE from PE    0: idealized_moist_phys: Using Frierson Quasi-Equilibrium convection scheme.
2026-03-20 05:50:28,728 - isca - DEBUG - 
2026-03-20 05:50:28,728 - isca - WARNING - WARNING from PE    0: socrates_init: lw_hires_spectral_filename is unset, making equal to lw_spectral_filename
2026-03-20 05:50:28,728 - isca - DEBUG - 
2026-03-20 05:50:28,728 - isca - DEBUG - 
2026-03-20 05:50:28,728 - isca - WARNING - WARNING from PE    0: socrates_init: lw_hires_spectral_filename is unset, making equal to lw_spectral_filename
2026-03-20 05:50:28,728 - isca - DEBUG - 
2026-03-20 05:50:28,728 - isca - DEBUG - 
2026-03-20 05:50:28,728 - isca - WARNING - WARNING from PE    0: socrates_init: sw_hires_spectral_filename is unset, making equal to sw_spectral_filename
2026-03-20 05:50:28,729 - isca - DEBUG - 
2026-03-20 05:50:28,729 - isca - DEBUG - 
2026-03-20 05:50:28,729 - isca - WARNING - WARNING from PE    0: socrates_init: sw_hires_spectral_filename is unset, making equal to sw_spectral_filename
2026-03-20 05:50:28,729 - isca - DEBUG - 
2026-03-20 05:50:29,857 - isca - DEBUG - NOTE from PE    0: Interpolator: Using input file with no time dimension - ozone_1990_notime_zero.nc
2026-03-20 05:50:29,858 - isca - DEBUG - Initializing src field : ozone_1990
2026-03-20 05:50:29,860 - isca - DEBUG - 
2026-03-20 05:50:29,860 - isca - DEBUG - -----------------------------------
2026-03-20 05:50:29,860 - isca - DEBUG - ____                       _
2026-03-20 05:50:29,860 - isca - DEBUG - / ___|  ___   ___ _ __ __ _| |_ ___  ___
2026-03-20 05:50:29,860 - isca - DEBUG - \___ \ / _ \ / __|  __/ _` | __/ _ \/ __|
2026-03-20 05:50:29,860 - isca - DEBUG - ___) | (_) | (__| | | (_| | ||  __/\__ \
2026-03-20 05:50:29,860 - isca - DEBUG - |____/ \___/ \___|_|  \__,_|\__\___||___/
2026-03-20 05:50:29,860 - isca - DEBUG - 
2026-03-20 05:50:29,860 - isca - DEBUG - Initialised Socrates v17.03
2026-03-20 05:50:29,860 - isca - DEBUG - Stellar constant =    1860.00000000000
2026-03-20 05:50:29,860 - isca - DEBUG - Longwave spectral file =
2026-03-20 05:50:29,860 - isca - DEBUG - /proj/bolinc/users/x_ryabo/socrates_edited_for_isca/spectral_files_for_GCMs/Sun
2026-03-20 05:50:29,860 - isca - DEBUG - /miniSuran_lw.sf WITH           16  bands
2026-03-20 05:50:29,860 - isca - DEBUG - Longwave hires spectral file =
2026-03-20 05:50:29,860 - isca - DEBUG - /proj/bolinc/users/x_ryabo/socrates_edited_for_isca/spectral_files_for_GCMs/Sun
2026-03-20 05:50:29,860 - isca - DEBUG - /miniSuran_lw.sf WITH           16  bands
2026-03-20 05:50:29,860 - isca - DEBUG - Shortwave spectral file =
2026-03-20 05:50:29,860 - isca - DEBUG - /proj/bolinc/users/x_ryabo/socrates_edited_for_isca/spectral_files_for_GCMs/Sun
2026-03-20 05:50:29,860 - isca - DEBUG - /miniSuran_sw.sf WITH           16  bands
2026-03-20 05:50:29,860 - isca - DEBUG - Shortwave hires spectral file =
2026-03-20 05:50:29,860 - isca - DEBUG - /proj/bolinc/users/x_ryabo/socrates_edited_for_isca/spectral_files_for_GCMs/Sun
2026-03-20 05:50:29,860 - isca - DEBUG - /miniSuran_sw.sf WITH           16  bands
2026-03-20 05:50:29,860 - isca - DEBUG - 
2026-03-20 05:50:29,860 - isca - DEBUG - -----------------------------------
2026-03-20 05:50:29,860 - isca - DEBUG - 
2026-03-20 05:50:57,020 - isca - DEBUG - Integration completed through    2 Jul  2   0: 0: 0
2026-03-20 05:51:24,046 - isca - DEBUG - Integration completed through    2 Jul  3   0: 0: 0
2026-03-20 05:51:51,126 - isca - DEBUG - Integration completed through    2 Jul  4   0: 0: 0
2026-03-20 05:52:18,192 - isca - DEBUG - Integration completed through    2 Jul  5   0: 0: 0
2026-03-20 05:52:45,334 - isca - DEBUG - Integration completed through    2 Jul  6   0: 0: 0
2026-03-20 05:53:12,415 - isca - DEBUG - Integration completed through    2 Jul  7   0: 0: 0
2026-03-20 05:53:39,557 - isca - DEBUG - Integration completed through    2 Jul  8   0: 0: 0
2026-03-20 05:54:06,648 - isca - DEBUG - Integration completed through    2 Jul  9   0: 0: 0
2026-03-20 05:54:33,746 - isca - DEBUG - Integration completed through    2 Jul 10   0: 0: 0
2026-03-20 05:55:00,811 - isca - DEBUG - Integration completed through    2 Jul 11   0: 0: 0
2026-03-20 05:55:27,907 - isca - DEBUG - Integration completed through    2 Jul 12   0: 0: 0
2026-03-20 05:55:54,982 - isca - DEBUG - Integration completed through    2 Jul 13   0: 0: 0
2026-03-20 05:56:22,063 - isca - DEBUG - Integration completed through    2 Jul 14   0: 0: 0
2026-03-20 05:56:49,161 - isca - DEBUG - Integration completed through    2 Jul 15   0: 0: 0
2026-03-20 05:57:16,207 - isca - DEBUG - Integration completed through    2 Jul 16   0: 0: 0
2026-03-20 05:57:43,220 - isca - DEBUG - Integration completed through    2 Jul 17   0: 0: 0
2026-03-20 05:58:10,227 - isca - DEBUG - Integration completed through    2 Jul 18   0: 0: 0
2026-03-20 05:58:37,265 - isca - DEBUG - Integration completed through    2 Jul 19   0: 0: 0
2026-03-20 05:59:04,329 - isca - DEBUG - Integration completed through    2 Jul 20   0: 0: 0
2026-03-20 05:59:31,418 - isca - DEBUG - Integration completed through    2 Jul 21   0: 0: 0
2026-03-20 05:59:58,464 - isca - DEBUG - Integration completed through    2 Jul 22   0: 0: 0
2026-03-20 06:00:25,517 - isca - DEBUG - Integration completed through    2 Jul 23   0: 0: 0
2026-03-20 06:00:52,649 - isca - DEBUG - Integration completed through    2 Jul 24   0: 0: 0
2026-03-20 06:01:19,744 - isca - DEBUG - Integration completed through    2 Jul 25   0: 0: 0
2026-03-20 06:01:46,834 - isca - DEBUG - Integration completed through    2 Jul 26   0: 0: 0
2026-03-20 06:02:13,929 - isca - DEBUG - Integration completed through    2 Jul 27   0: 0: 0
2026-03-20 06:02:41,000 - isca - DEBUG - Integration completed through    2 Jul 28   0: 0: 0
2026-03-20 06:03:08,143 - isca - DEBUG - Integration completed through    2 Jul 29   0: 0: 0
2026-03-20 06:03:35,262 - isca - DEBUG - Integration completed through    2 Jul 30   0: 0: 0
2026-03-20 06:04:02,591 - isca - DEBUG - Integration completed through    2 Aug  1   0: 0: 0
2026-03-20 06:04:02,599 - isca - DEBUG - 
2026-03-20 06:04:02,599 - isca - WARNING - WARNING from PE    0: diag_util_mod::opening_file: module/field_name (socrates/soc_toa_sw_down_clr) NOT registered
2026-03-20 06:04:02,599 - isca - DEBUG - 
2026-03-20 06:04:02,599 - isca - DEBUG - 
2026-03-20 06:04:02,599 - isca - WARNING - WARNING from PE    0: diag_util_mod::opening_file: module/field_name (socrates/soc_toa_sw_down_clr) NOT registered
2026-03-20 06:04:02,599 - isca - DEBUG - 
2026-03-20 06:04:02,599 - isca - DEBUG - 
2026-03-20 06:04:02,599 - isca - WARNING - WARNING from PE    0: diag_util_mod::opening_file: module/field_name (cloud_simple/rh_min) NOT registered
2026-03-20 06:04:02,599 - isca - DEBUG - 
2026-03-20 06:04:02,599 - isca - DEBUG - 
2026-03-20 06:04:02,599 - isca - WARNING - WARNING from PE    0: diag_util_mod::opening_file: module/field_name (cloud_simple/rh_min) NOT registered
2026-03-20 06:04:02,600 - isca - DEBUG - 
2026-03-20 06:04:02,610 - isca - DEBUG - NOTE from PE    0: MPP_IO_SET_STACK_SIZE: stack size set to     393216.
2026-03-20 06:04:02,738 - isca - DEBUG - MPP_DOMAINS_STACK high water mark=       49152
2026-03-20 06:04:02,738 - isca - DEBUG - 
2026-03-20 06:04:02,738 - isca - DEBUG - Tabulating mpp_clock statistics across     16 PEs...
2026-03-20 06:04:02,738 - isca - DEBUG - 
2026-03-20 06:04:02,738 - isca - DEBUG - tmin          tmax          tavg          tstd  tfrac grain pemin pemax
2026-03-20 06:04:02,739 - isca - DEBUG - Total runtime                       814.082786    814.086776    814.084844      0.001167  1.000     0     0    15
2026-03-20 06:04:02,739 - isca - DEBUG - MPP_STACK high water mark=           0
2026-03-20 06:04:02,865 - isca - INFO - Run 19 complete
2026-03-20 06:04:03,873 - isca - DEBUG - atmos_monthly.nc combined and copied to data directory
2026-03-20 06:04:07,091 - isca - INFO - Restart archive created at /proj/bolinc/users/x_ryabo/Isca-Ryan_outputs/Earth_1860/restarts/res0019.tar.gz
2026-03-20 06:04:07,103 - isca - INFO - Writing namelist to '/proj/bolinc/users/x_ryabo/Isca-Ryan_outputs/Earth_1860/run0019/input.nml'
2026-03-20 06:04:07,105 - isca - INFO - Writing field_table to '/proj/bolinc/users/x_ryabo/Isca-Ryan_outputs/Earth_1860/run0019/field_table'
2026-03-20 06:04:07,115 - isca - INFO - Writing diag_table to '/proj/bolinc/users/x_ryabo/Isca-Ryan_outputs/Earth_1860/run0019/diag_table'
2026-03-20 06:04:07,514 - isca - INFO - Emptied run directory '/home/x_ryabo/Isca-Ryan_tmp/experiment/Earth_1860/run'
2026-03-20 06:04:07,532 - isca - INFO - Emptied run directory '/home/x_ryabo/Isca-Ryan_tmp/experiment/Earth_1860/run'
2026-03-20 06:04:07,852 - isca - INFO - Writing namelist to '/home/x_ryabo/Isca-Ryan_tmp/experiment/Earth_1860/run/input.nml'
2026-03-20 06:04:07,854 - isca - INFO - Writing field_table to '/home/x_ryabo/Isca-Ryan_tmp/experiment/Earth_1860/run/field_table'
2026-03-20 06:04:07,866 - isca - INFO - Writing diag_table to '/home/x_ryabo/Isca-Ryan_tmp/experiment/Earth_1860/run/diag_table'
2026-03-20 06:04:07,878 - isca - INFO - Using restart file '/proj/bolinc/users/x_ryabo/Isca-Ryan_outputs/Earth_1860/restarts/res0019.tar.gz'
2026-03-20 06:04:08,288 - isca - INFO - Restart /proj/bolinc/users/x_ryabo/Isca-Ryan_outputs/Earth_1860/restarts/res0019.tar.gz extracted to /home/x_ryabo/Isca-Ryan_tmp/experiment/Earth_1860/run/INPUT
2026-03-20 06:04:08,289 - isca - INFO - Beginning run 20
2026-03-20 06:04:08,300 - isca - INFO - process running as 71815
2026-03-20 06:04:08,300 - isca - DEBUG - loadmodules for Isca on NSC cluster Tetralith
2026-03-20 06:04:08,300 - isca - DEBUG - mpiifort
2026-03-20 06:04:08,413 - isca - DEBUG - The following modules were not unloaded:
2026-03-20 06:04:08,413 - isca - DEBUG - (Use "module --force purge" to unload all):
2026-03-20 06:04:08,413 - isca - DEBUG - 
2026-03-20 06:04:08,413 - isca - DEBUG - 1) hpc/.1.10.1
2026-03-20 06:04:08,518 - isca - DEBUG - ***************************************************
2026-03-20 06:04:08,518 - isca - DEBUG - You have loaded a buildenv module
2026-03-20 06:04:08,518 - isca - DEBUG - ***************************************************
2026-03-20 06:04:08,518 - isca - DEBUG - The buldenv-intel module makes available:
2026-03-20 06:04:08,518 - isca - DEBUG - - Compilers: icc, ifort, etc.
2026-03-20 06:04:08,518 - isca - DEBUG - - Mpi library with mpi-wrapped compilers: intel mpi with mpicc, mpifort, etc.
2026-03-20 06:04:08,518 - isca - DEBUG - - Numerical libraries: intel MKL
2026-03-20 06:04:08,518 - isca - DEBUG - 
2026-03-20 06:04:08,518 - isca - DEBUG - It also makes a set of dependency library modules available via
2026-03-20 06:04:08,519 - isca - DEBUG - the regular module command. Just do:
2026-03-20 06:04:08,519 - isca - DEBUG - module avail
2026-03-20 06:04:08,519 - isca - DEBUG - to see what is available.
2026-03-20 06:04:08,519 - isca - DEBUG - 
2026-03-20 06:04:08,519 - isca - DEBUG - NOTE: You shoud never load build environments inside submitted jobs.
2026-03-20 06:04:08,519 - isca - DEBUG - (with the single exception of when using supercomputer time to compile code.)
2026-03-20 06:04:08,519 - isca - DEBUG - 
2026-03-20 06:04:09,710 - isca - DEBUG - NOTE from PE    0: MPP_DOMAINS_SET_STACK_SIZE: stack size set to    32768.
2026-03-20 06:04:09,711 - isca - DEBUG - &MPP_IO_NML
2026-03-20 06:04:09,711 - isca - DEBUG - HEADER_BUFFER_VAL       =       16384,
2026-03-20 06:04:09,711 - isca - DEBUG - GLOBAL_FIELD_ON_ROOT_PE = T,
2026-03-20 06:04:09,711 - isca - DEBUG - IO_CLOCKS_ON    = F,
2026-03-20 06:04:09,711 - isca - DEBUG - SHUFFLE =           0,
2026-03-20 06:04:09,711 - isca - DEBUG - DEFLATE_LEVEL   =          -1
2026-03-20 06:04:09,711 - isca - DEBUG - /
2026-03-20 06:04:09,712 - isca - DEBUG - NOTE from PE    0: MPP_IO_SET_STACK_SIZE: stack size set to     131072.
2026-03-20 06:04:09,713 - isca - DEBUG - NOTE from PE    0: MPP_DOMAINS_SET_STACK_SIZE: stack size set to   600000.
2026-03-20 06:04:09,721 - isca - DEBUG - starting            1  OpenMP threads per MPI-task
2026-03-20 06:04:09,723 - isca - DEBUG - ATMOS MODEL DOMAIN DECOMPOSITION
2026-03-20 06:04:09,723 - isca - DEBUG - X-AXIS =  128
2026-03-20 06:04:09,723 - isca - DEBUG - Y-AXIS =    4   4   4   4   4   4   4   4   4   4   4   4   4   4   4   4
2026-03-20 06:04:09,773 - isca - DEBUG - NOTE from PE    0: cloud_simple: Using SimCloud cloud scheme
2026-03-20 06:04:09,774 - isca - DEBUG - NOTE from PE    0: ls_cloud: Using Sundqvist (1989) cloud fraction diagnostic formula.
2026-03-20 06:04:09,775 - isca - DEBUG - NOTE from PE    0: cloud_cover: The cloud overlap assumption is MAXIMUM-RANDOM
2026-03-20 06:04:09,775 - isca - DEBUG - NOTE from PE    0: idealized_moist_phys: Using Frierson Quasi-Equilibrium convection scheme.
2026-03-20 06:04:09,785 - isca - DEBUG - 
2026-03-20 06:04:09,785 - isca - WARNING - WARNING from PE    0: socrates_init: lw_hires_spectral_filename is unset, making equal to lw_spectral_filename
2026-03-20 06:04:09,785 - isca - DEBUG - 
2026-03-20 06:04:09,785 - isca - DEBUG - 
2026-03-20 06:04:09,785 - isca - WARNING - WARNING from PE    0: socrates_init: lw_hires_spectral_filename is unset, making equal to lw_spectral_filename
2026-03-20 06:04:09,786 - isca - DEBUG - 
2026-03-20 06:04:09,786 - isca - DEBUG - 
2026-03-20 06:04:09,786 - isca - WARNING - WARNING from PE    0: socrates_init: sw_hires_spectral_filename is unset, making equal to sw_spectral_filename
2026-03-20 06:04:09,786 - isca - DEBUG - 
2026-03-20 06:04:09,786 - isca - DEBUG - 
2026-03-20 06:04:09,786 - isca - WARNING - WARNING from PE    0: socrates_init: sw_hires_spectral_filename is unset, making equal to sw_spectral_filename
2026-03-20 06:04:09,786 - isca - DEBUG - 
2026-03-20 06:04:11,136 - isca - DEBUG - NOTE from PE    0: Interpolator: Using input file with no time dimension - ozone_1990_notime_zero.nc
2026-03-20 06:04:11,136 - isca - DEBUG - Initializing src field : ozone_1990
2026-03-20 06:04:11,138 - isca - DEBUG - 
2026-03-20 06:04:11,139 - isca - DEBUG - -----------------------------------
2026-03-20 06:04:11,139 - isca - DEBUG - ____                       _
2026-03-20 06:04:11,139 - isca - DEBUG - / ___|  ___   ___ _ __ __ _| |_ ___  ___
2026-03-20 06:04:11,139 - isca - DEBUG - \___ \ / _ \ / __|  __/ _` | __/ _ \/ __|
2026-03-20 06:04:11,139 - isca - DEBUG - ___) | (_) | (__| | | (_| | ||  __/\__ \
2026-03-20 06:04:11,139 - isca - DEBUG - |____/ \___/ \___|_|  \__,_|\__\___||___/
2026-03-20 06:04:11,139 - isca - DEBUG - 
2026-03-20 06:04:11,139 - isca - DEBUG - Initialised Socrates v17.03
2026-03-20 06:04:11,139 - isca - DEBUG - Stellar constant =    1860.00000000000
2026-03-20 06:04:11,139 - isca - DEBUG - Longwave spectral file =
2026-03-20 06:04:11,139 - isca - DEBUG - /proj/bolinc/users/x_ryabo/socrates_edited_for_isca/spectral_files_for_GCMs/Sun
2026-03-20 06:04:11,139 - isca - DEBUG - /miniSuran_lw.sf WITH           16  bands
2026-03-20 06:04:11,139 - isca - DEBUG - Longwave hires spectral file =
2026-03-20 06:04:11,139 - isca - DEBUG - /proj/bolinc/users/x_ryabo/socrates_edited_for_isca/spectral_files_for_GCMs/Sun
2026-03-20 06:04:11,139 - isca - DEBUG - /miniSuran_lw.sf WITH           16  bands
2026-03-20 06:04:11,139 - isca - DEBUG - Shortwave spectral file =
2026-03-20 06:04:11,139 - isca - DEBUG - /proj/bolinc/users/x_ryabo/socrates_edited_for_isca/spectral_files_for_GCMs/Sun
2026-03-20 06:04:11,139 - isca - DEBUG - /miniSuran_sw.sf WITH           16  bands
2026-03-20 06:04:11,139 - isca - DEBUG - Shortwave hires spectral file =
2026-03-20 06:04:11,139 - isca - DEBUG - /proj/bolinc/users/x_ryabo/socrates_edited_for_isca/spectral_files_for_GCMs/Sun
2026-03-20 06:04:11,139 - isca - DEBUG - /miniSuran_sw.sf WITH           16  bands
2026-03-20 06:04:11,139 - isca - DEBUG - 
2026-03-20 06:04:11,139 - isca - DEBUG - -----------------------------------
2026-03-20 06:04:11,139 - isca - DEBUG - 
2026-03-20 06:04:38,182 - isca - DEBUG - Integration completed through    2 Aug  2   0: 0: 0
2026-03-20 06:05:05,164 - isca - DEBUG - Integration completed through    2 Aug  3   0: 0: 0
2026-03-20 06:05:32,093 - isca - DEBUG - Integration completed through    2 Aug  4   0: 0: 0
2026-03-20 06:05:59,031 - isca - DEBUG - Integration completed through    2 Aug  5   0: 0: 0
2026-03-20 06:06:26,142 - isca - DEBUG - Integration completed through    2 Aug  6   0: 0: 0
2026-03-20 06:06:53,137 - isca - DEBUG - Integration completed through    2 Aug  7   0: 0: 0
2026-03-20 06:07:20,080 - isca - DEBUG - Integration completed through    2 Aug  8   0: 0: 0
2026-03-20 06:07:47,019 - isca - DEBUG - Integration completed through    2 Aug  9   0: 0: 0
2026-03-20 06:08:13,917 - isca - DEBUG - Integration completed through    2 Aug 10   0: 0: 0
2026-03-20 06:08:40,855 - isca - DEBUG - Integration completed through    2 Aug 11   0: 0: 0
2026-03-20 06:09:07,733 - isca - DEBUG - Integration completed through    2 Aug 12   0: 0: 0
2026-03-20 06:09:34,611 - isca - DEBUG - Integration completed through    2 Aug 13   0: 0: 0
2026-03-20 06:10:01,477 - isca - DEBUG - Integration completed through    2 Aug 14   0: 0: 0
2026-03-20 06:10:28,363 - isca - DEBUG - Integration completed through    2 Aug 15   0: 0: 0
2026-03-20 06:10:55,219 - isca - DEBUG - Integration completed through    2 Aug 16   0: 0: 0
2026-03-20 06:11:22,051 - isca - DEBUG - Integration completed through    2 Aug 17   0: 0: 0
2026-03-20 06:11:48,921 - isca - DEBUG - Integration completed through    2 Aug 18   0: 0: 0
2026-03-20 06:12:15,815 - isca - DEBUG - Integration completed through    2 Aug 19   0: 0: 0
2026-03-20 06:12:42,645 - isca - DEBUG - Integration completed through    2 Aug 20   0: 0: 0
2026-03-20 06:13:09,514 - isca - DEBUG - Integration completed through    2 Aug 21   0: 0: 0
2026-03-20 06:13:36,370 - isca - DEBUG - Integration completed through    2 Aug 22   0: 0: 0
2026-03-20 06:14:03,248 - isca - DEBUG - Integration completed through    2 Aug 23   0: 0: 0
2026-03-20 06:14:30,192 - isca - DEBUG - Integration completed through    2 Aug 24   0: 0: 0
2026-03-20 06:14:57,102 - isca - DEBUG - Integration completed through    2 Aug 25   0: 0: 0
2026-03-20 06:15:23,972 - isca - DEBUG - Integration completed through    2 Aug 26   0: 0: 0
2026-03-20 06:15:50,900 - isca - DEBUG - Integration completed through    2 Aug 27   0: 0: 0
2026-03-20 06:16:17,918 - isca - DEBUG - Integration completed through    2 Aug 28   0: 0: 0
2026-03-20 06:16:44,872 - isca - DEBUG - Integration completed through    2 Aug 29   0: 0: 0
2026-03-20 06:17:11,838 - isca - DEBUG - Integration completed through    2 Aug 30   0: 0: 0
2026-03-20 06:17:38,764 - isca - DEBUG - Integration completed through    2 Sep  1   0: 0: 0
2026-03-20 06:17:38,770 - isca - DEBUG - 
2026-03-20 06:17:38,770 - isca - WARNING - WARNING from PE    0: diag_util_mod::opening_file: module/field_name (socrates/soc_toa_sw_down_clr) NOT registered
2026-03-20 06:17:38,770 - isca - DEBUG - 
2026-03-20 06:17:38,770 - isca - DEBUG - 
2026-03-20 06:17:38,770 - isca - WARNING - WARNING from PE    0: diag_util_mod::opening_file: module/field_name (cloud_simple/rh_min) NOT registered
2026-03-20 06:17:38,770 - isca - DEBUG - 
2026-03-20 06:17:38,770 - isca - DEBUG - 
2026-03-20 06:17:38,770 - isca - WARNING - WARNING from PE    0: diag_util_mod::opening_file: module/field_name (socrates/soc_toa_sw_down_clr) NOT registered
2026-03-20 06:17:38,770 - isca - DEBUG - 
2026-03-20 06:17:38,771 - isca - DEBUG - 
2026-03-20 06:17:38,771 - isca - WARNING - WARNING from PE    0: diag_util_mod::opening_file: module/field_name (cloud_simple/rh_min) NOT registered
2026-03-20 06:17:38,771 - isca - DEBUG - 
2026-03-20 06:17:38,781 - isca - DEBUG - NOTE from PE    0: MPP_IO_SET_STACK_SIZE: stack size set to     393216.
2026-03-20 06:17:38,881 - isca - DEBUG - MPP_DOMAINS_STACK high water mark=       49152
2026-03-20 06:17:38,881 - isca - DEBUG - 
2026-03-20 06:17:38,881 - isca - DEBUG - Tabulating mpp_clock statistics across     16 PEs...
2026-03-20 06:17:38,881 - isca - DEBUG - 
2026-03-20 06:17:38,881 - isca - DEBUG - tmin          tmax          tavg          tstd  tfrac grain pemin pemax
2026-03-20 06:17:38,881 - isca - DEBUG - Total runtime                       809.169531    809.174037    809.171789      0.001312  1.000     0     0    15
2026-03-20 06:17:38,882 - isca - DEBUG - MPP_STACK high water mark=           0
2026-03-20 06:17:39,036 - isca - INFO - Run 20 complete
2026-03-20 06:17:39,944 - isca - DEBUG - atmos_monthly.nc combined and copied to data directory
2026-03-20 06:17:43,144 - isca - INFO - Restart archive created at /proj/bolinc/users/x_ryabo/Isca-Ryan_outputs/Earth_1860/restarts/res0020.tar.gz
2026-03-20 06:17:43,157 - isca - INFO - Writing namelist to '/proj/bolinc/users/x_ryabo/Isca-Ryan_outputs/Earth_1860/run0020/input.nml'
2026-03-20 06:17:43,159 - isca - INFO - Writing field_table to '/proj/bolinc/users/x_ryabo/Isca-Ryan_outputs/Earth_1860/run0020/field_table'
2026-03-20 06:17:43,171 - isca - INFO - Writing diag_table to '/proj/bolinc/users/x_ryabo/Isca-Ryan_outputs/Earth_1860/run0020/diag_table'
2026-03-20 06:17:43,523 - isca - INFO - Emptied run directory '/home/x_ryabo/Isca-Ryan_tmp/experiment/Earth_1860/run'
2026-03-20 06:17:43,546 - isca - INFO - Emptied run directory '/home/x_ryabo/Isca-Ryan_tmp/experiment/Earth_1860/run'
2026-03-20 06:17:43,876 - isca - INFO - Writing namelist to '/home/x_ryabo/Isca-Ryan_tmp/experiment/Earth_1860/run/input.nml'
2026-03-20 06:17:43,878 - isca - INFO - Writing field_table to '/home/x_ryabo/Isca-Ryan_tmp/experiment/Earth_1860/run/field_table'
2026-03-20 06:17:43,890 - isca - INFO - Writing diag_table to '/home/x_ryabo/Isca-Ryan_tmp/experiment/Earth_1860/run/diag_table'
2026-03-20 06:17:43,906 - isca - INFO - Using restart file '/proj/bolinc/users/x_ryabo/Isca-Ryan_outputs/Earth_1860/restarts/res0020.tar.gz'
2026-03-20 06:17:44,318 - isca - INFO - Restart /proj/bolinc/users/x_ryabo/Isca-Ryan_outputs/Earth_1860/restarts/res0020.tar.gz extracted to /home/x_ryabo/Isca-Ryan_tmp/experiment/Earth_1860/run/INPUT
2026-03-20 06:17:44,318 - isca - INFO - Beginning run 21
2026-03-20 06:17:44,329 - isca - INFO - process running as 72699
2026-03-20 06:17:44,329 - isca - DEBUG - loadmodules for Isca on NSC cluster Tetralith
2026-03-20 06:17:44,330 - isca - DEBUG - mpiifort
2026-03-20 06:17:44,441 - isca - DEBUG - The following modules were not unloaded:
2026-03-20 06:17:44,441 - isca - DEBUG - (Use "module --force purge" to unload all):
2026-03-20 06:17:44,441 - isca - DEBUG - 
2026-03-20 06:17:44,441 - isca - DEBUG - 1) hpc/.1.10.1
2026-03-20 06:17:44,545 - isca - DEBUG - ***************************************************
2026-03-20 06:17:44,546 - isca - DEBUG - You have loaded a buildenv module
2026-03-20 06:17:44,546 - isca - DEBUG - ***************************************************
2026-03-20 06:17:44,546 - isca - DEBUG - The buldenv-intel module makes available:
2026-03-20 06:17:44,546 - isca - DEBUG - - Compilers: icc, ifort, etc.
2026-03-20 06:17:44,546 - isca - DEBUG - - Mpi library with mpi-wrapped compilers: intel mpi with mpicc, mpifort, etc.
2026-03-20 06:17:44,546 - isca - DEBUG - - Numerical libraries: intel MKL
2026-03-20 06:17:44,546 - isca - DEBUG - 
2026-03-20 06:17:44,546 - isca - DEBUG - It also makes a set of dependency library modules available via
2026-03-20 06:17:44,546 - isca - DEBUG - the regular module command. Just do:
2026-03-20 06:17:44,546 - isca - DEBUG - module avail
2026-03-20 06:17:44,546 - isca - DEBUG - to see what is available.
2026-03-20 06:17:44,546 - isca - DEBUG - 
2026-03-20 06:17:44,546 - isca - DEBUG - NOTE: You shoud never load build environments inside submitted jobs.
2026-03-20 06:17:44,546 - isca - DEBUG - (with the single exception of when using supercomputer time to compile code.)
2026-03-20 06:17:44,546 - isca - DEBUG - 
2026-03-20 06:17:45,745 - isca - DEBUG - NOTE from PE    0: MPP_DOMAINS_SET_STACK_SIZE: stack size set to    32768.
2026-03-20 06:17:45,745 - isca - DEBUG - &MPP_IO_NML
2026-03-20 06:17:45,745 - isca - DEBUG - HEADER_BUFFER_VAL       =       16384,
2026-03-20 06:17:45,745 - isca - DEBUG - GLOBAL_FIELD_ON_ROOT_PE = T,
2026-03-20 06:17:45,745 - isca - DEBUG - IO_CLOCKS_ON    = F,
2026-03-20 06:17:45,745 - isca - DEBUG - SHUFFLE =           0,
2026-03-20 06:17:45,745 - isca - DEBUG - DEFLATE_LEVEL   =          -1
2026-03-20 06:17:45,745 - isca - DEBUG - /
2026-03-20 06:17:45,746 - isca - DEBUG - NOTE from PE    0: MPP_IO_SET_STACK_SIZE: stack size set to     131072.
2026-03-20 06:17:45,747 - isca - DEBUG - NOTE from PE    0: MPP_DOMAINS_SET_STACK_SIZE: stack size set to   600000.
2026-03-20 06:17:45,754 - isca - DEBUG - starting            1  OpenMP threads per MPI-task
2026-03-20 06:17:45,756 - isca - DEBUG - ATMOS MODEL DOMAIN DECOMPOSITION
2026-03-20 06:17:45,756 - isca - DEBUG - X-AXIS =  128
2026-03-20 06:17:45,756 - isca - DEBUG - Y-AXIS =    4   4   4   4   4   4   4   4   4   4   4   4   4   4   4   4
2026-03-20 06:17:45,807 - isca - DEBUG - NOTE from PE    0: cloud_simple: Using SimCloud cloud scheme
2026-03-20 06:17:45,808 - isca - DEBUG - NOTE from PE    0: ls_cloud: Using Sundqvist (1989) cloud fraction diagnostic formula.
2026-03-20 06:17:45,808 - isca - DEBUG - NOTE from PE    0: cloud_cover: The cloud overlap assumption is MAXIMUM-RANDOM
2026-03-20 06:17:45,809 - isca - DEBUG - NOTE from PE    0: idealized_moist_phys: Using Frierson Quasi-Equilibrium convection scheme.
2026-03-20 06:17:45,817 - isca - DEBUG - 
2026-03-20 06:17:45,817 - isca - WARNING - WARNING from PE    0: socrates_init: lw_hires_spectral_filename is unset, making equal to lw_spectral_filename
2026-03-20 06:17:45,817 - isca - DEBUG - 
2026-03-20 06:17:45,817 - isca - DEBUG - 
2026-03-20 06:17:45,817 - isca - WARNING - WARNING from PE    0: socrates_init: lw_hires_spectral_filename is unset, making equal to lw_spectral_filename
2026-03-20 06:17:45,817 - isca - DEBUG - 
2026-03-20 06:17:45,817 - isca - DEBUG - 
2026-03-20 06:17:45,817 - isca - WARNING - WARNING from PE    0: socrates_init: sw_hires_spectral_filename is unset, making equal to sw_spectral_filename
2026-03-20 06:17:45,817 - isca - DEBUG - 
2026-03-20 06:17:45,817 - isca - DEBUG - 
2026-03-20 06:17:45,817 - isca - WARNING - WARNING from PE    0: socrates_init: sw_hires_spectral_filename is unset, making equal to sw_spectral_filename
2026-03-20 06:17:45,817 - isca - DEBUG - 
2026-03-20 06:17:46,937 - isca - DEBUG - NOTE from PE    0: Interpolator: Using input file with no time dimension - ozone_1990_notime_zero.nc
2026-03-20 06:17:46,937 - isca - DEBUG - Initializing src field : ozone_1990
2026-03-20 06:17:46,938 - isca - DEBUG - 
2026-03-20 06:17:46,938 - isca - DEBUG - -----------------------------------
2026-03-20 06:17:46,939 - isca - DEBUG - ____                       _
2026-03-20 06:17:46,939 - isca - DEBUG - / ___|  ___   ___ _ __ __ _| |_ ___  ___
2026-03-20 06:17:46,939 - isca - DEBUG - \___ \ / _ \ / __|  __/ _` | __/ _ \/ __|
2026-03-20 06:17:46,939 - isca - DEBUG - ___) | (_) | (__| | | (_| | ||  __/\__ \
2026-03-20 06:17:46,939 - isca - DEBUG - |____/ \___/ \___|_|  \__,_|\__\___||___/
2026-03-20 06:17:46,939 - isca - DEBUG - 
2026-03-20 06:17:46,939 - isca - DEBUG - Initialised Socrates v17.03
2026-03-20 06:17:46,939 - isca - DEBUG - Stellar constant =    1860.00000000000
2026-03-20 06:17:46,939 - isca - DEBUG - Longwave spectral file =
2026-03-20 06:17:46,939 - isca - DEBUG - /proj/bolinc/users/x_ryabo/socrates_edited_for_isca/spectral_files_for_GCMs/Sun
2026-03-20 06:17:46,939 - isca - DEBUG - /miniSuran_lw.sf WITH           16  bands
2026-03-20 06:17:46,939 - isca - DEBUG - Longwave hires spectral file =
2026-03-20 06:17:46,939 - isca - DEBUG - /proj/bolinc/users/x_ryabo/socrates_edited_for_isca/spectral_files_for_GCMs/Sun
2026-03-20 06:17:46,939 - isca - DEBUG - /miniSuran_lw.sf WITH           16  bands
2026-03-20 06:17:46,939 - isca - DEBUG - Shortwave spectral file =
2026-03-20 06:17:46,939 - isca - DEBUG - /proj/bolinc/users/x_ryabo/socrates_edited_for_isca/spectral_files_for_GCMs/Sun
2026-03-20 06:17:46,939 - isca - DEBUG - /miniSuran_sw.sf WITH           16  bands
2026-03-20 06:17:46,939 - isca - DEBUG - Shortwave hires spectral file =
2026-03-20 06:17:46,939 - isca - DEBUG - /proj/bolinc/users/x_ryabo/socrates_edited_for_isca/spectral_files_for_GCMs/Sun
2026-03-20 06:17:46,939 - isca - DEBUG - /miniSuran_sw.sf WITH           16  bands
2026-03-20 06:17:46,939 - isca - DEBUG - 
2026-03-20 06:17:46,939 - isca - DEBUG - -----------------------------------
2026-03-20 06:17:46,939 - isca - DEBUG - 
2026-03-20 06:18:14,474 - isca - DEBUG - Integration completed through    2 Sep  2   0: 0: 0
2026-03-20 06:18:42,021 - isca - DEBUG - Integration completed through    2 Sep  3   0: 0: 0
2026-03-20 06:19:09,621 - isca - DEBUG - Integration completed through    2 Sep  4   0: 0: 0
2026-03-20 06:19:37,116 - isca - DEBUG - Integration completed through    2 Sep  5   0: 0: 0
2026-03-20 06:20:04,563 - isca - DEBUG - Integration completed through    2 Sep  6   0: 0: 0
2026-03-20 06:20:32,033 - isca - DEBUG - Integration completed through    2 Sep  7   0: 0: 0
2026-03-20 06:20:59,541 - isca - DEBUG - Integration completed through    2 Sep  8   0: 0: 0
2026-03-20 06:21:27,113 - isca - DEBUG - Integration completed through    2 Sep  9   0: 0: 0
2026-03-20 06:21:54,683 - isca - DEBUG - Integration completed through    2 Sep 10   0: 0: 0
2026-03-20 06:22:22,238 - isca - DEBUG - Integration completed through    2 Sep 11   0: 0: 0
2026-03-20 06:22:49,782 - isca - DEBUG - Integration completed through    2 Sep 12   0: 0: 0
2026-03-20 06:23:17,215 - isca - DEBUG - Integration completed through    2 Sep 13   0: 0: 0
2026-03-20 06:23:44,677 - isca - DEBUG - Integration completed through    2 Sep 14   0: 0: 0
2026-03-20 06:24:12,166 - isca - DEBUG - Integration completed through    2 Sep 15   0: 0: 0
2026-03-20 06:24:39,603 - isca - DEBUG - Integration completed through    2 Sep 16   0: 0: 0
2026-03-20 06:25:07,088 - isca - DEBUG - Integration completed through    2 Sep 17   0: 0: 0
2026-03-20 06:25:34,602 - isca - DEBUG - Integration completed through    2 Sep 18   0: 0: 0
2026-03-20 06:26:02,087 - isca - DEBUG - Integration completed through    2 Sep 19   0: 0: 0
2026-03-20 06:26:29,538 - isca - DEBUG - Integration completed through    2 Sep 20   0: 0: 0
2026-03-20 06:26:57,017 - isca - DEBUG - Integration completed through    2 Sep 21   0: 0: 0
2026-03-20 06:27:24,506 - isca - DEBUG - Integration completed through    2 Sep 22   0: 0: 0
2026-03-20 06:27:52,011 - isca - DEBUG - Integration completed through    2 Sep 23   0: 0: 0
2026-03-20 06:28:19,511 - isca - DEBUG - Integration completed through    2 Sep 24   0: 0: 0
2026-03-20 06:28:46,993 - isca - DEBUG - Integration completed through    2 Sep 25   0: 0: 0
2026-03-20 06:29:14,418 - isca - DEBUG - Integration completed through    2 Sep 26   0: 0: 0
2026-03-20 06:29:41,752 - isca - DEBUG - Integration completed through    2 Sep 27   0: 0: 0
2026-03-20 06:30:09,063 - isca - DEBUG - Integration completed through    2 Sep 28   0: 0: 0
2026-03-20 06:30:36,478 - isca - DEBUG - Integration completed through    2 Sep 29   0: 0: 0
2026-03-20 06:31:03,948 - isca - DEBUG - Integration completed through    2 Sep 30   0: 0: 0
2026-03-20 06:31:31,438 - isca - DEBUG - Integration completed through    2 Oct  1   0: 0: 0
2026-03-20 06:31:31,443 - isca - DEBUG - 
2026-03-20 06:31:31,444 - isca - WARNING - WARNING from PE    0: diag_util_mod::opening_file: module/field_name (socrates/soc_toa_sw_down_clr) NOT registered
2026-03-20 06:31:31,444 - isca - DEBUG - 
2026-03-20 06:31:31,444 - isca - DEBUG - 
2026-03-20 06:31:31,444 - isca - WARNING - WARNING from PE    0: diag_util_mod::opening_file: module/field_name (cloud_simple/rh_min) NOT registered
2026-03-20 06:31:31,444 - isca - DEBUG - 
2026-03-20 06:31:31,444 - isca - DEBUG - 
2026-03-20 06:31:31,444 - isca - WARNING - WARNING from PE    0: diag_util_mod::opening_file: module/field_name (socrates/soc_toa_sw_down_clr) NOT registered
2026-03-20 06:31:31,444 - isca - DEBUG - 
2026-03-20 06:31:31,444 - isca - DEBUG - 
2026-03-20 06:31:31,444 - isca - WARNING - WARNING from PE    0: diag_util_mod::opening_file: module/field_name (cloud_simple/rh_min) NOT registered
2026-03-20 06:31:31,444 - isca - DEBUG - 
2026-03-20 06:31:31,455 - isca - DEBUG - NOTE from PE    0: MPP_IO_SET_STACK_SIZE: stack size set to     393216.
2026-03-20 06:31:31,638 - isca - DEBUG - MPP_DOMAINS_STACK high water mark=       49152
2026-03-20 06:31:31,638 - isca - DEBUG - 
2026-03-20 06:31:31,638 - isca - DEBUG - Tabulating mpp_clock statistics across     16 PEs...
2026-03-20 06:31:31,638 - isca - DEBUG - 
2026-03-20 06:31:31,638 - isca - DEBUG - tmin          tmax          tavg          tstd  tfrac grain pemin pemax
2026-03-20 06:31:31,639 - isca - DEBUG - Total runtime                       825.891121    825.896922    825.894531      0.001557  1.000     0     0    15
2026-03-20 06:31:31,639 - isca - DEBUG - MPP_STACK high water mark=           0
2026-03-20 06:31:31,817 - isca - INFO - Run 21 complete
2026-03-20 06:31:32,789 - isca - DEBUG - atmos_monthly.nc combined and copied to data directory
2026-03-20 06:31:35,994 - isca - INFO - Restart archive created at /proj/bolinc/users/x_ryabo/Isca-Ryan_outputs/Earth_1860/restarts/res0021.tar.gz
2026-03-20 06:31:36,006 - isca - INFO - Writing namelist to '/proj/bolinc/users/x_ryabo/Isca-Ryan_outputs/Earth_1860/run0021/input.nml'
2026-03-20 06:31:36,008 - isca - INFO - Writing field_table to '/proj/bolinc/users/x_ryabo/Isca-Ryan_outputs/Earth_1860/run0021/field_table'
2026-03-20 06:31:36,018 - isca - INFO - Writing diag_table to '/proj/bolinc/users/x_ryabo/Isca-Ryan_outputs/Earth_1860/run0021/diag_table'
2026-03-20 06:31:36,369 - isca - INFO - Emptied run directory '/home/x_ryabo/Isca-Ryan_tmp/experiment/Earth_1860/run'
2026-03-20 06:31:36,387 - isca - INFO - Emptied run directory '/home/x_ryabo/Isca-Ryan_tmp/experiment/Earth_1860/run'
2026-03-20 06:31:36,708 - isca - INFO - Writing namelist to '/home/x_ryabo/Isca-Ryan_tmp/experiment/Earth_1860/run/input.nml'
2026-03-20 06:31:36,710 - isca - INFO - Writing field_table to '/home/x_ryabo/Isca-Ryan_tmp/experiment/Earth_1860/run/field_table'
2026-03-20 06:31:36,722 - isca - INFO - Writing diag_table to '/home/x_ryabo/Isca-Ryan_tmp/experiment/Earth_1860/run/diag_table'
2026-03-20 06:31:36,735 - isca - INFO - Using restart file '/proj/bolinc/users/x_ryabo/Isca-Ryan_outputs/Earth_1860/restarts/res0021.tar.gz'
2026-03-20 06:31:37,144 - isca - INFO - Restart /proj/bolinc/users/x_ryabo/Isca-Ryan_outputs/Earth_1860/restarts/res0021.tar.gz extracted to /home/x_ryabo/Isca-Ryan_tmp/experiment/Earth_1860/run/INPUT
2026-03-20 06:31:37,144 - isca - INFO - Beginning run 22
2026-03-20 06:31:37,159 - isca - INFO - process running as 73530
2026-03-20 06:31:37,159 - isca - DEBUG - loadmodules for Isca on NSC cluster Tetralith
2026-03-20 06:31:37,159 - isca - DEBUG - mpiifort
2026-03-20 06:31:37,269 - isca - DEBUG - The following modules were not unloaded:
2026-03-20 06:31:37,269 - isca - DEBUG - (Use "module --force purge" to unload all):
2026-03-20 06:31:37,269 - isca - DEBUG - 
2026-03-20 06:31:37,269 - isca - DEBUG - 1) hpc/.1.10.1
2026-03-20 06:31:37,373 - isca - DEBUG - ***************************************************
2026-03-20 06:31:37,373 - isca - DEBUG - You have loaded a buildenv module
2026-03-20 06:31:37,373 - isca - DEBUG - ***************************************************
2026-03-20 06:31:37,373 - isca - DEBUG - The buldenv-intel module makes available:
2026-03-20 06:31:37,373 - isca - DEBUG - - Compilers: icc, ifort, etc.
2026-03-20 06:31:37,373 - isca - DEBUG - - Mpi library with mpi-wrapped compilers: intel mpi with mpicc, mpifort, etc.
2026-03-20 06:31:37,373 - isca - DEBUG - - Numerical libraries: intel MKL
2026-03-20 06:31:37,373 - isca - DEBUG - 
2026-03-20 06:31:37,373 - isca - DEBUG - It also makes a set of dependency library modules available via
2026-03-20 06:31:37,373 - isca - DEBUG - the regular module command. Just do:
2026-03-20 06:31:37,373 - isca - DEBUG - module avail
2026-03-20 06:31:37,373 - isca - DEBUG - to see what is available.
2026-03-20 06:31:37,373 - isca - DEBUG - 
2026-03-20 06:31:37,373 - isca - DEBUG - NOTE: You shoud never load build environments inside submitted jobs.
2026-03-20 06:31:37,373 - isca - DEBUG - (with the single exception of when using supercomputer time to compile code.)
2026-03-20 06:31:37,373 - isca - DEBUG - 
2026-03-20 06:31:38,562 - isca - DEBUG - NOTE from PE    0: MPP_DOMAINS_SET_STACK_SIZE: stack size set to    32768.
2026-03-20 06:31:38,562 - isca - DEBUG - &MPP_IO_NML
2026-03-20 06:31:38,562 - isca - DEBUG - HEADER_BUFFER_VAL       =       16384,
2026-03-20 06:31:38,562 - isca - DEBUG - GLOBAL_FIELD_ON_ROOT_PE = T,
2026-03-20 06:31:38,562 - isca - DEBUG - IO_CLOCKS_ON    = F,
2026-03-20 06:31:38,563 - isca - DEBUG - SHUFFLE =           0,
2026-03-20 06:31:38,563 - isca - DEBUG - DEFLATE_LEVEL   =          -1
2026-03-20 06:31:38,563 - isca - DEBUG - /
2026-03-20 06:31:38,564 - isca - DEBUG - NOTE from PE    0: MPP_IO_SET_STACK_SIZE: stack size set to     131072.
2026-03-20 06:31:38,565 - isca - DEBUG - NOTE from PE    0: MPP_DOMAINS_SET_STACK_SIZE: stack size set to   600000.
2026-03-20 06:31:38,572 - isca - DEBUG - starting            1  OpenMP threads per MPI-task
2026-03-20 06:31:38,574 - isca - DEBUG - ATMOS MODEL DOMAIN DECOMPOSITION
2026-03-20 06:31:38,574 - isca - DEBUG - X-AXIS =  128
2026-03-20 06:31:38,574 - isca - DEBUG - Y-AXIS =    4   4   4   4   4   4   4   4   4   4   4   4   4   4   4   4
2026-03-20 06:31:38,623 - isca - DEBUG - NOTE from PE    0: cloud_simple: Using SimCloud cloud scheme
2026-03-20 06:31:38,624 - isca - DEBUG - NOTE from PE    0: ls_cloud: Using Sundqvist (1989) cloud fraction diagnostic formula.
2026-03-20 06:31:38,624 - isca - DEBUG - NOTE from PE    0: cloud_cover: The cloud overlap assumption is MAXIMUM-RANDOM
2026-03-20 06:31:38,625 - isca - DEBUG - NOTE from PE    0: idealized_moist_phys: Using Frierson Quasi-Equilibrium convection scheme.
2026-03-20 06:31:38,633 - isca - DEBUG - 
2026-03-20 06:31:38,633 - isca - WARNING - WARNING from PE    0: socrates_init: lw_hires_spectral_filename is unset, making equal to lw_spectral_filename
2026-03-20 06:31:38,633 - isca - DEBUG - 
2026-03-20 06:31:38,633 - isca - DEBUG - 
2026-03-20 06:31:38,633 - isca - WARNING - WARNING from PE    0: socrates_init: lw_hires_spectral_filename is unset, making equal to lw_spectral_filename
2026-03-20 06:31:38,633 - isca - DEBUG - 
2026-03-20 06:31:38,633 - isca - DEBUG - 
2026-03-20 06:31:38,633 - isca - WARNING - WARNING from PE    0: socrates_init: sw_hires_spectral_filename is unset, making equal to sw_spectral_filename
2026-03-20 06:31:38,633 - isca - DEBUG - 
2026-03-20 06:31:38,633 - isca - DEBUG - 
2026-03-20 06:31:38,633 - isca - WARNING - WARNING from PE    0: socrates_init: sw_hires_spectral_filename is unset, making equal to sw_spectral_filename
2026-03-20 06:31:38,633 - isca - DEBUG - 
2026-03-20 06:31:39,748 - isca - DEBUG - NOTE from PE    0: Interpolator: Using input file with no time dimension - ozone_1990_notime_zero.nc
2026-03-20 06:31:39,748 - isca - DEBUG - Initializing src field : ozone_1990
2026-03-20 06:31:39,750 - isca - DEBUG - 
2026-03-20 06:31:39,750 - isca - DEBUG - -----------------------------------
2026-03-20 06:31:39,750 - isca - DEBUG - ____                       _
2026-03-20 06:31:39,750 - isca - DEBUG - / ___|  ___   ___ _ __ __ _| |_ ___  ___
2026-03-20 06:31:39,750 - isca - DEBUG - \___ \ / _ \ / __|  __/ _` | __/ _ \/ __|
2026-03-20 06:31:39,750 - isca - DEBUG - ___) | (_) | (__| | | (_| | ||  __/\__ \
2026-03-20 06:31:39,750 - isca - DEBUG - |____/ \___/ \___|_|  \__,_|\__\___||___/
2026-03-20 06:31:39,750 - isca - DEBUG - 
2026-03-20 06:31:39,751 - isca - DEBUG - Initialised Socrates v17.03
2026-03-20 06:31:39,751 - isca - DEBUG - Stellar constant =    1860.00000000000
2026-03-20 06:31:39,751 - isca - DEBUG - Longwave spectral file =
2026-03-20 06:31:39,751 - isca - DEBUG - /proj/bolinc/users/x_ryabo/socrates_edited_for_isca/spectral_files_for_GCMs/Sun
2026-03-20 06:31:39,751 - isca - DEBUG - /miniSuran_lw.sf WITH           16  bands
2026-03-20 06:31:39,751 - isca - DEBUG - Longwave hires spectral file =
2026-03-20 06:31:39,751 - isca - DEBUG - /proj/bolinc/users/x_ryabo/socrates_edited_for_isca/spectral_files_for_GCMs/Sun
2026-03-20 06:31:39,751 - isca - DEBUG - /miniSuran_lw.sf WITH           16  bands
2026-03-20 06:31:39,751 - isca - DEBUG - Shortwave spectral file =
2026-03-20 06:31:39,751 - isca - DEBUG - /proj/bolinc/users/x_ryabo/socrates_edited_for_isca/spectral_files_for_GCMs/Sun
2026-03-20 06:31:39,751 - isca - DEBUG - /miniSuran_sw.sf WITH           16  bands
2026-03-20 06:31:39,751 - isca - DEBUG - Shortwave hires spectral file =
2026-03-20 06:31:39,751 - isca - DEBUG - /proj/bolinc/users/x_ryabo/socrates_edited_for_isca/spectral_files_for_GCMs/Sun
2026-03-20 06:31:39,751 - isca - DEBUG - /miniSuran_sw.sf WITH           16  bands
2026-03-20 06:31:39,751 - isca - DEBUG - 
2026-03-20 06:31:39,751 - isca - DEBUG - -----------------------------------
2026-03-20 06:31:39,751 - isca - DEBUG - 
2026-03-20 06:32:07,085 - isca - DEBUG - Integration completed through    2 Oct  2   0: 0: 0
2026-03-20 06:32:34,273 - isca - DEBUG - Integration completed through    2 Oct  3   0: 0: 0
2026-03-20 06:33:01,434 - isca - DEBUG - Integration completed through    2 Oct  4   0: 0: 0
2026-03-20 06:33:28,605 - isca - DEBUG - Integration completed through    2 Oct  5   0: 0: 0
2026-03-20 06:33:55,783 - isca - DEBUG - Integration completed through    2 Oct  6   0: 0: 0
2026-03-20 06:34:22,944 - isca - DEBUG - Integration completed through    2 Oct  7   0: 0: 0
2026-03-20 06:34:50,156 - isca - DEBUG - Integration completed through    2 Oct  8   0: 0: 0
2026-03-20 06:35:17,346 - isca - DEBUG - Integration completed through    2 Oct  9   0: 0: 0
2026-03-20 06:35:44,587 - isca - DEBUG - Integration completed through    2 Oct 10   0: 0: 0
2026-03-20 06:36:11,763 - isca - DEBUG - Integration completed through    2 Oct 11   0: 0: 0
2026-03-20 06:36:39,010 - isca - DEBUG - Integration completed through    2 Oct 12   0: 0: 0
2026-03-20 06:37:06,221 - isca - DEBUG - Integration completed through    2 Oct 13   0: 0: 0
2026-03-20 06:37:33,485 - isca - DEBUG - Integration completed through    2 Oct 14   0: 0: 0
2026-03-20 06:38:00,728 - isca - DEBUG - Integration completed through    2 Oct 15   0: 0: 0
2026-03-20 06:38:28,003 - isca - DEBUG - Integration completed through    2 Oct 16   0: 0: 0
2026-03-20 06:38:55,292 - isca - DEBUG - Integration completed through    2 Oct 17   0: 0: 0
2026-03-20 06:39:22,522 - isca - DEBUG - Integration completed through    2 Oct 18   0: 0: 0
2026-03-20 06:39:49,825 - isca - DEBUG - Integration completed through    2 Oct 19   0: 0: 0
2026-03-20 06:40:17,006 - isca - DEBUG - Integration completed through    2 Oct 20   0: 0: 0
2026-03-20 06:40:44,233 - isca - DEBUG - Integration completed through    2 Oct 21   0: 0: 0
2026-03-20 06:41:11,364 - isca - DEBUG - Integration completed through    2 Oct 22   0: 0: 0
2026-03-20 06:41:38,650 - isca - DEBUG - Integration completed through    2 Oct 23   0: 0: 0
2026-03-20 06:42:05,919 - isca - DEBUG - Integration completed through    2 Oct 24   0: 0: 0
2026-03-20 06:42:33,202 - isca - DEBUG - Integration completed through    2 Oct 25   0: 0: 0
2026-03-20 06:43:00,552 - isca - DEBUG - Integration completed through    2 Oct 26   0: 0: 0
2026-03-20 06:43:27,838 - isca - DEBUG - Integration completed through    2 Oct 27   0: 0: 0
2026-03-20 06:43:55,065 - isca - DEBUG - Integration completed through    2 Oct 28   0: 0: 0
2026-03-20 06:44:22,239 - isca - DEBUG - Integration completed through    2 Oct 29   0: 0: 0
2026-03-20 06:44:49,490 - isca - DEBUG - Integration completed through    2 Oct 30   0: 0: 0
2026-03-20 06:45:16,702 - isca - DEBUG - Integration completed through    2 Nov  1   0: 0: 0
2026-03-20 06:45:16,710 - isca - DEBUG - 
2026-03-20 06:45:16,710 - isca - WARNING - WARNING from PE    0: diag_util_mod::opening_file: module/field_name (socrates/soc_toa_sw_down_clr) NOT registered
2026-03-20 06:45:16,710 - isca - DEBUG - 
2026-03-20 06:45:16,710 - isca - DEBUG - 
2026-03-20 06:45:16,710 - isca - WARNING - WARNING from PE    0: diag_util_mod::opening_file: module/field_name (socrates/soc_toa_sw_down_clr) NOT registered
2026-03-20 06:45:16,710 - isca - DEBUG - 
2026-03-20 06:45:16,710 - isca - DEBUG - 
2026-03-20 06:45:16,710 - isca - WARNING - WARNING from PE    0: diag_util_mod::opening_file: module/field_name (cloud_simple/rh_min) NOT registered
2026-03-20 06:45:16,710 - isca - DEBUG - 
2026-03-20 06:45:16,710 - isca - DEBUG - 
2026-03-20 06:45:16,710 - isca - WARNING - WARNING from PE    0: diag_util_mod::opening_file: module/field_name (cloud_simple/rh_min) NOT registered
2026-03-20 06:45:16,711 - isca - DEBUG - 
2026-03-20 06:45:16,721 - isca - DEBUG - NOTE from PE    0: MPP_IO_SET_STACK_SIZE: stack size set to     393216.
2026-03-20 06:45:16,842 - isca - DEBUG - MPP_DOMAINS_STACK high water mark=       49152
2026-03-20 06:45:16,842 - isca - DEBUG - 
2026-03-20 06:45:16,842 - isca - DEBUG - Tabulating mpp_clock statistics across     16 PEs...
2026-03-20 06:45:16,842 - isca - DEBUG - 
2026-03-20 06:45:16,842 - isca - DEBUG - tmin          tmax          tavg          tstd  tfrac grain pemin pemax
2026-03-20 06:45:16,842 - isca - DEBUG - Total runtime                       818.279421    818.283066    818.280697      0.001058  1.000     0     0    15
2026-03-20 06:45:16,842 - isca - DEBUG - MPP_STACK high water mark=           0
2026-03-20 06:45:17,003 - isca - INFO - Run 22 complete
2026-03-20 06:45:17,879 - isca - DEBUG - atmos_monthly.nc combined and copied to data directory
2026-03-20 06:45:21,078 - isca - INFO - Restart archive created at /proj/bolinc/users/x_ryabo/Isca-Ryan_outputs/Earth_1860/restarts/res0022.tar.gz
2026-03-20 06:45:21,108 - isca - INFO - Writing namelist to '/proj/bolinc/users/x_ryabo/Isca-Ryan_outputs/Earth_1860/run0022/input.nml'
2026-03-20 06:45:21,109 - isca - INFO - Writing field_table to '/proj/bolinc/users/x_ryabo/Isca-Ryan_outputs/Earth_1860/run0022/field_table'
2026-03-20 06:45:21,120 - isca - INFO - Writing diag_table to '/proj/bolinc/users/x_ryabo/Isca-Ryan_outputs/Earth_1860/run0022/diag_table'
2026-03-20 06:45:21,473 - isca - INFO - Emptied run directory '/home/x_ryabo/Isca-Ryan_tmp/experiment/Earth_1860/run'
2026-03-20 06:45:21,492 - isca - INFO - Emptied run directory '/home/x_ryabo/Isca-Ryan_tmp/experiment/Earth_1860/run'
2026-03-20 06:45:21,816 - isca - INFO - Writing namelist to '/home/x_ryabo/Isca-Ryan_tmp/experiment/Earth_1860/run/input.nml'
2026-03-20 06:45:21,818 - isca - INFO - Writing field_table to '/home/x_ryabo/Isca-Ryan_tmp/experiment/Earth_1860/run/field_table'
2026-03-20 06:45:21,835 - isca - INFO - Writing diag_table to '/home/x_ryabo/Isca-Ryan_tmp/experiment/Earth_1860/run/diag_table'
2026-03-20 06:45:21,848 - isca - INFO - Using restart file '/proj/bolinc/users/x_ryabo/Isca-Ryan_outputs/Earth_1860/restarts/res0022.tar.gz'
2026-03-20 06:45:22,258 - isca - INFO - Restart /proj/bolinc/users/x_ryabo/Isca-Ryan_outputs/Earth_1860/restarts/res0022.tar.gz extracted to /home/x_ryabo/Isca-Ryan_tmp/experiment/Earth_1860/run/INPUT
2026-03-20 06:45:22,259 - isca - INFO - Beginning run 23
2026-03-20 06:45:22,270 - isca - INFO - process running as 74335
2026-03-20 06:45:22,270 - isca - DEBUG - loadmodules for Isca on NSC cluster Tetralith
2026-03-20 06:45:22,270 - isca - DEBUG - mpiifort
2026-03-20 06:45:22,383 - isca - DEBUG - The following modules were not unloaded:
2026-03-20 06:45:22,384 - isca - DEBUG - (Use "module --force purge" to unload all):
2026-03-20 06:45:22,384 - isca - DEBUG - 
2026-03-20 06:45:22,384 - isca - DEBUG - 1) hpc/.1.10.1
2026-03-20 06:45:22,487 - isca - DEBUG - ***************************************************
2026-03-20 06:45:22,487 - isca - DEBUG - You have loaded a buildenv module
2026-03-20 06:45:22,487 - isca - DEBUG - ***************************************************
2026-03-20 06:45:22,487 - isca - DEBUG - The buldenv-intel module makes available:
2026-03-20 06:45:22,487 - isca - DEBUG - - Compilers: icc, ifort, etc.
2026-03-20 06:45:22,487 - isca - DEBUG - - Mpi library with mpi-wrapped compilers: intel mpi with mpicc, mpifort, etc.
2026-03-20 06:45:22,487 - isca - DEBUG - - Numerical libraries: intel MKL
2026-03-20 06:45:22,487 - isca - DEBUG - 
2026-03-20 06:45:22,487 - isca - DEBUG - It also makes a set of dependency library modules available via
2026-03-20 06:45:22,488 - isca - DEBUG - the regular module command. Just do:
2026-03-20 06:45:22,488 - isca - DEBUG - module avail
2026-03-20 06:45:22,488 - isca - DEBUG - to see what is available.
2026-03-20 06:45:22,488 - isca - DEBUG - 
2026-03-20 06:45:22,488 - isca - DEBUG - NOTE: You shoud never load build environments inside submitted jobs.
2026-03-20 06:45:22,488 - isca - DEBUG - (with the single exception of when using supercomputer time to compile code.)
2026-03-20 06:45:22,488 - isca - DEBUG - 
2026-03-20 06:45:23,691 - isca - DEBUG - NOTE from PE    0: MPP_DOMAINS_SET_STACK_SIZE: stack size set to    32768.
2026-03-20 06:45:23,691 - isca - DEBUG - &MPP_IO_NML
2026-03-20 06:45:23,692 - isca - DEBUG - HEADER_BUFFER_VAL       =       16384,
2026-03-20 06:45:23,692 - isca - DEBUG - GLOBAL_FIELD_ON_ROOT_PE = T,
2026-03-20 06:45:23,692 - isca - DEBUG - IO_CLOCKS_ON    = F,
2026-03-20 06:45:23,692 - isca - DEBUG - SHUFFLE =           0,
2026-03-20 06:45:23,692 - isca - DEBUG - DEFLATE_LEVEL   =          -1
2026-03-20 06:45:23,692 - isca - DEBUG - /
2026-03-20 06:45:23,693 - isca - DEBUG - NOTE from PE    0: MPP_IO_SET_STACK_SIZE: stack size set to     131072.
2026-03-20 06:45:23,694 - isca - DEBUG - NOTE from PE    0: MPP_DOMAINS_SET_STACK_SIZE: stack size set to   600000.
2026-03-20 06:45:23,701 - isca - DEBUG - starting            1  OpenMP threads per MPI-task
2026-03-20 06:45:23,703 - isca - DEBUG - ATMOS MODEL DOMAIN DECOMPOSITION
2026-03-20 06:45:23,703 - isca - DEBUG - X-AXIS =  128
2026-03-20 06:45:23,703 - isca - DEBUG - Y-AXIS =    4   4   4   4   4   4   4   4   4   4   4   4   4   4   4   4
2026-03-20 06:45:23,755 - isca - DEBUG - NOTE from PE    0: cloud_simple: Using SimCloud cloud scheme
2026-03-20 06:45:23,756 - isca - DEBUG - NOTE from PE    0: ls_cloud: Using Sundqvist (1989) cloud fraction diagnostic formula.
2026-03-20 06:45:23,757 - isca - DEBUG - NOTE from PE    0: cloud_cover: The cloud overlap assumption is MAXIMUM-RANDOM
2026-03-20 06:45:23,757 - isca - DEBUG - NOTE from PE    0: idealized_moist_phys: Using Frierson Quasi-Equilibrium convection scheme.
2026-03-20 06:45:23,766 - isca - DEBUG - 
2026-03-20 06:45:23,766 - isca - WARNING - WARNING from PE    0: socrates_init: lw_hires_spectral_filename is unset, making equal to lw_spectral_filename
2026-03-20 06:45:23,766 - isca - DEBUG - 
2026-03-20 06:45:23,766 - isca - DEBUG - 
2026-03-20 06:45:23,766 - isca - WARNING - WARNING from PE    0: socrates_init: lw_hires_spectral_filename is unset, making equal to lw_spectral_filename
2026-03-20 06:45:23,766 - isca - DEBUG - 
2026-03-20 06:45:23,766 - isca - DEBUG - 
2026-03-20 06:45:23,766 - isca - WARNING - WARNING from PE    0: socrates_init: sw_hires_spectral_filename is unset, making equal to sw_spectral_filename
2026-03-20 06:45:23,766 - isca - DEBUG - 
2026-03-20 06:45:23,766 - isca - DEBUG - 
2026-03-20 06:45:23,766 - isca - WARNING - WARNING from PE    0: socrates_init: sw_hires_spectral_filename is unset, making equal to sw_spectral_filename
2026-03-20 06:45:23,766 - isca - DEBUG - 
2026-03-20 06:45:24,878 - isca - DEBUG - NOTE from PE    0: Interpolator: Using input file with no time dimension - ozone_1990_notime_zero.nc
2026-03-20 06:45:24,878 - isca - DEBUG - Initializing src field : ozone_1990
2026-03-20 06:45:24,880 - isca - DEBUG - 
2026-03-20 06:45:24,880 - isca - DEBUG - -----------------------------------
2026-03-20 06:45:24,880 - isca - DEBUG - ____                       _
2026-03-20 06:45:24,880 - isca - DEBUG - / ___|  ___   ___ _ __ __ _| |_ ___  ___
2026-03-20 06:45:24,880 - isca - DEBUG - \___ \ / _ \ / __|  __/ _` | __/ _ \/ __|
2026-03-20 06:45:24,880 - isca - DEBUG - ___) | (_) | (__| | | (_| | ||  __/\__ \
2026-03-20 06:45:24,880 - isca - DEBUG - |____/ \___/ \___|_|  \__,_|\__\___||___/
2026-03-20 06:45:24,880 - isca - DEBUG - 
2026-03-20 06:45:24,880 - isca - DEBUG - Initialised Socrates v17.03
2026-03-20 06:45:24,880 - isca - DEBUG - Stellar constant =    1860.00000000000
2026-03-20 06:45:24,880 - isca - DEBUG - Longwave spectral file =
2026-03-20 06:45:24,880 - isca - DEBUG - /proj/bolinc/users/x_ryabo/socrates_edited_for_isca/spectral_files_for_GCMs/Sun
2026-03-20 06:45:24,880 - isca - DEBUG - /miniSuran_lw.sf WITH           16  bands
2026-03-20 06:45:24,880 - isca - DEBUG - Longwave hires spectral file =
2026-03-20 06:45:24,880 - isca - DEBUG - /proj/bolinc/users/x_ryabo/socrates_edited_for_isca/spectral_files_for_GCMs/Sun
2026-03-20 06:45:24,880 - isca - DEBUG - /miniSuran_lw.sf WITH           16  bands
2026-03-20 06:45:24,880 - isca - DEBUG - Shortwave spectral file =
2026-03-20 06:45:24,880 - isca - DEBUG - /proj/bolinc/users/x_ryabo/socrates_edited_for_isca/spectral_files_for_GCMs/Sun
2026-03-20 06:45:24,880 - isca - DEBUG - /miniSuran_sw.sf WITH           16  bands
2026-03-20 06:45:24,880 - isca - DEBUG - Shortwave hires spectral file =
2026-03-20 06:45:24,880 - isca - DEBUG - /proj/bolinc/users/x_ryabo/socrates_edited_for_isca/spectral_files_for_GCMs/Sun
2026-03-20 06:45:24,880 - isca - DEBUG - /miniSuran_sw.sf WITH           16  bands
2026-03-20 06:45:24,880 - isca - DEBUG - 
2026-03-20 06:45:24,880 - isca - DEBUG - -----------------------------------
2026-03-20 06:45:24,881 - isca - DEBUG - 
2026-03-20 06:45:51,958 - isca - DEBUG - Integration completed through    2 Nov  2   0: 0: 0
2026-03-20 06:46:18,885 - isca - DEBUG - Integration completed through    2 Nov  3   0: 0: 0
2026-03-20 06:46:45,815 - isca - DEBUG - Integration completed through    2 Nov  4   0: 0: 0
2026-03-20 06:47:12,732 - isca - DEBUG - Integration completed through    2 Nov  5   0: 0: 0
2026-03-20 06:47:39,734 - isca - DEBUG - Integration completed through    2 Nov  6   0: 0: 0
2026-03-20 06:48:06,652 - isca - DEBUG - Integration completed through    2 Nov  7   0: 0: 0
2026-03-20 06:48:33,587 - isca - DEBUG - Integration completed through    2 Nov  8   0: 0: 0
2026-03-20 06:49:00,569 - isca - DEBUG - Integration completed through    2 Nov  9   0: 0: 0
2026-03-20 06:49:27,502 - isca - DEBUG - Integration completed through    2 Nov 10   0: 0: 0
2026-03-20 06:49:54,406 - isca - DEBUG - Integration completed through    2 Nov 11   0: 0: 0
2026-03-20 06:50:21,292 - isca - DEBUG - Integration completed through    2 Nov 12   0: 0: 0
2026-03-20 06:50:48,246 - isca - DEBUG - Integration completed through    2 Nov 13   0: 0: 0
2026-03-20 06:51:15,218 - isca - DEBUG - Integration completed through    2 Nov 14   0: 0: 0
2026-03-20 06:51:42,155 - isca - DEBUG - Integration completed through    2 Nov 15   0: 0: 0
2026-03-20 06:52:09,052 - isca - DEBUG - Integration completed through    2 Nov 16   0: 0: 0
2026-03-20 06:52:35,932 - isca - DEBUG - Integration completed through    2 Nov 17   0: 0: 0
2026-03-20 06:53:02,853 - isca - DEBUG - Integration completed through    2 Nov 18   0: 0: 0
2026-03-20 06:53:29,820 - isca - DEBUG - Integration completed through    2 Nov 19   0: 0: 0
2026-03-20 06:53:56,783 - isca - DEBUG - Integration completed through    2 Nov 20   0: 0: 0
2026-03-20 06:54:23,748 - isca - DEBUG - Integration completed through    2 Nov 21   0: 0: 0
2026-03-20 06:54:50,691 - isca - DEBUG - Integration completed through    2 Nov 22   0: 0: 0
2026-03-20 06:55:17,652 - isca - DEBUG - Integration completed through    2 Nov 23   0: 0: 0
2026-03-20 06:55:44,876 - isca - DEBUG - Integration completed through    2 Nov 24   0: 0: 0
2026-03-20 06:56:12,086 - isca - DEBUG - Integration completed through    2 Nov 25   0: 0: 0
2026-03-20 06:56:39,205 - isca - DEBUG - Integration completed through    2 Nov 26   0: 0: 0
2026-03-20 06:57:06,386 - isca - DEBUG - Integration completed through    2 Nov 27   0: 0: 0
2026-03-20 06:57:33,592 - isca - DEBUG - Integration completed through    2 Nov 28   0: 0: 0
2026-03-20 06:58:00,936 - isca - DEBUG - Integration completed through    2 Nov 29   0: 0: 0
2026-03-20 06:58:28,302 - isca - DEBUG - Integration completed through    2 Nov 30   0: 0: 0
2026-03-20 06:58:55,662 - isca - DEBUG - Integration completed through    2 Dec  1   0: 0: 0
2026-03-20 06:58:55,670 - isca - DEBUG - 
2026-03-20 06:58:55,671 - isca - WARNING - WARNING from PE    0: diag_util_mod::opening_file: module/field_name (socrates/soc_toa_sw_down_clr) NOT registered
2026-03-20 06:58:55,671 - isca - DEBUG - 
2026-03-20 06:58:55,671 - isca - DEBUG - 
2026-03-20 06:58:55,671 - isca - WARNING - WARNING from PE    0: diag_util_mod::opening_file: module/field_name (cloud_simple/rh_min) NOT registered
2026-03-20 06:58:55,671 - isca - DEBUG - 
2026-03-20 06:58:55,671 - isca - DEBUG - 
2026-03-20 06:58:55,671 - isca - WARNING - WARNING from PE    0: diag_util_mod::opening_file: module/field_name (socrates/soc_toa_sw_down_clr) NOT registered
2026-03-20 06:58:55,671 - isca - DEBUG - 
2026-03-20 06:58:55,671 - isca - DEBUG - 
2026-03-20 06:58:55,671 - isca - WARNING - WARNING from PE    0: diag_util_mod::opening_file: module/field_name (cloud_simple/rh_min) NOT registered
2026-03-20 06:58:55,671 - isca - DEBUG - 
2026-03-20 06:58:55,681 - isca - DEBUG - NOTE from PE    0: MPP_IO_SET_STACK_SIZE: stack size set to     393216.
2026-03-20 06:58:55,783 - isca - DEBUG - MPP_DOMAINS_STACK high water mark=       49152
2026-03-20 06:58:55,783 - isca - DEBUG - 
2026-03-20 06:58:55,783 - isca - DEBUG - Tabulating mpp_clock statistics across     16 PEs...
2026-03-20 06:58:55,783 - isca - DEBUG - 
2026-03-20 06:58:55,783 - isca - DEBUG - tmin          tmax          tavg          tstd  tfrac grain pemin pemax
2026-03-20 06:58:55,783 - isca - DEBUG - Total runtime                       812.089343    812.094677    812.092236      0.001218  1.000     0     0    15
2026-03-20 06:58:55,784 - isca - DEBUG - MPP_STACK high water mark=           0
2026-03-20 06:58:55,929 - isca - INFO - Run 23 complete
2026-03-20 06:58:57,066 - isca - DEBUG - atmos_monthly.nc combined and copied to data directory
2026-03-20 06:59:00,280 - isca - INFO - Restart archive created at /proj/bolinc/users/x_ryabo/Isca-Ryan_outputs/Earth_1860/restarts/res0023.tar.gz
2026-03-20 06:59:00,291 - isca - INFO - Writing namelist to '/proj/bolinc/users/x_ryabo/Isca-Ryan_outputs/Earth_1860/run0023/input.nml'
2026-03-20 06:59:00,293 - isca - INFO - Writing field_table to '/proj/bolinc/users/x_ryabo/Isca-Ryan_outputs/Earth_1860/run0023/field_table'
2026-03-20 06:59:00,304 - isca - INFO - Writing diag_table to '/proj/bolinc/users/x_ryabo/Isca-Ryan_outputs/Earth_1860/run0023/diag_table'
2026-03-20 06:59:00,675 - isca - INFO - Emptied run directory '/home/x_ryabo/Isca-Ryan_tmp/experiment/Earth_1860/run'
2026-03-20 06:59:00,698 - isca - INFO - Emptied run directory '/home/x_ryabo/Isca-Ryan_tmp/experiment/Earth_1860/run'
2026-03-20 06:59:01,019 - isca - INFO - Writing namelist to '/home/x_ryabo/Isca-Ryan_tmp/experiment/Earth_1860/run/input.nml'
2026-03-20 06:59:01,021 - isca - INFO - Writing field_table to '/home/x_ryabo/Isca-Ryan_tmp/experiment/Earth_1860/run/field_table'
2026-03-20 06:59:01,033 - isca - INFO - Writing diag_table to '/home/x_ryabo/Isca-Ryan_tmp/experiment/Earth_1860/run/diag_table'
2026-03-20 06:59:01,046 - isca - INFO - Using restart file '/proj/bolinc/users/x_ryabo/Isca-Ryan_outputs/Earth_1860/restarts/res0023.tar.gz'
2026-03-20 06:59:01,461 - isca - INFO - Restart /proj/bolinc/users/x_ryabo/Isca-Ryan_outputs/Earth_1860/restarts/res0023.tar.gz extracted to /home/x_ryabo/Isca-Ryan_tmp/experiment/Earth_1860/run/INPUT
2026-03-20 06:59:01,462 - isca - INFO - Beginning run 24
2026-03-20 06:59:01,478 - isca - INFO - process running as 75250
2026-03-20 06:59:01,479 - isca - DEBUG - loadmodules for Isca on NSC cluster Tetralith
2026-03-20 06:59:01,479 - isca - DEBUG - mpiifort
2026-03-20 06:59:01,590 - isca - DEBUG - The following modules were not unloaded:
2026-03-20 06:59:01,590 - isca - DEBUG - (Use "module --force purge" to unload all):
2026-03-20 06:59:01,590 - isca - DEBUG - 
2026-03-20 06:59:01,590 - isca - DEBUG - 1) hpc/.1.10.1
2026-03-20 06:59:01,693 - isca - DEBUG - ***************************************************
2026-03-20 06:59:01,693 - isca - DEBUG - You have loaded a buildenv module
2026-03-20 06:59:01,693 - isca - DEBUG - ***************************************************
2026-03-20 06:59:01,693 - isca - DEBUG - The buldenv-intel module makes available:
2026-03-20 06:59:01,693 - isca - DEBUG - - Compilers: icc, ifort, etc.
2026-03-20 06:59:01,693 - isca - DEBUG - - Mpi library with mpi-wrapped compilers: intel mpi with mpicc, mpifort, etc.
2026-03-20 06:59:01,693 - isca - DEBUG - - Numerical libraries: intel MKL
2026-03-20 06:59:01,693 - isca - DEBUG - 
2026-03-20 06:59:01,693 - isca - DEBUG - It also makes a set of dependency library modules available via
2026-03-20 06:59:01,693 - isca - DEBUG - the regular module command. Just do:
2026-03-20 06:59:01,693 - isca - DEBUG - module avail
2026-03-20 06:59:01,693 - isca - DEBUG - to see what is available.
2026-03-20 06:59:01,693 - isca - DEBUG - 
2026-03-20 06:59:01,693 - isca - DEBUG - NOTE: You shoud never load build environments inside submitted jobs.
2026-03-20 06:59:01,693 - isca - DEBUG - (with the single exception of when using supercomputer time to compile code.)
2026-03-20 06:59:01,693 - isca - DEBUG - 
2026-03-20 06:59:03,298 - isca - DEBUG - NOTE from PE    0: MPP_DOMAINS_SET_STACK_SIZE: stack size set to    32768.
2026-03-20 06:59:03,299 - isca - DEBUG - &MPP_IO_NML
2026-03-20 06:59:03,299 - isca - DEBUG - HEADER_BUFFER_VAL       =       16384,
2026-03-20 06:59:03,299 - isca - DEBUG - GLOBAL_FIELD_ON_ROOT_PE = T,
2026-03-20 06:59:03,299 - isca - DEBUG - IO_CLOCKS_ON    = F,
2026-03-20 06:59:03,299 - isca - DEBUG - SHUFFLE =           0,
2026-03-20 06:59:03,299 - isca - DEBUG - DEFLATE_LEVEL   =          -1
2026-03-20 06:59:03,299 - isca - DEBUG - /
2026-03-20 06:59:03,300 - isca - DEBUG - NOTE from PE    0: MPP_IO_SET_STACK_SIZE: stack size set to     131072.
2026-03-20 06:59:03,301 - isca - DEBUG - NOTE from PE    0: MPP_DOMAINS_SET_STACK_SIZE: stack size set to   600000.
2026-03-20 06:59:03,309 - isca - DEBUG - starting            1  OpenMP threads per MPI-task
2026-03-20 06:59:03,310 - isca - DEBUG - ATMOS MODEL DOMAIN DECOMPOSITION
2026-03-20 06:59:03,310 - isca - DEBUG - X-AXIS =  128
2026-03-20 06:59:03,310 - isca - DEBUG - Y-AXIS =    4   4   4   4   4   4   4   4   4   4   4   4   4   4   4   4
2026-03-20 06:59:03,363 - isca - DEBUG - NOTE from PE    0: cloud_simple: Using SimCloud cloud scheme
2026-03-20 06:59:03,364 - isca - DEBUG - NOTE from PE    0: ls_cloud: Using Sundqvist (1989) cloud fraction diagnostic formula.
2026-03-20 06:59:03,365 - isca - DEBUG - NOTE from PE    0: cloud_cover: The cloud overlap assumption is MAXIMUM-RANDOM
2026-03-20 06:59:03,365 - isca - DEBUG - NOTE from PE    0: idealized_moist_phys: Using Frierson Quasi-Equilibrium convection scheme.
2026-03-20 06:59:03,373 - isca - DEBUG - 
2026-03-20 06:59:03,374 - isca - WARNING - WARNING from PE    0: socrates_init: lw_hires_spectral_filename is unset, making equal to lw_spectral_filename
2026-03-20 06:59:03,374 - isca - DEBUG - 
2026-03-20 06:59:03,374 - isca - DEBUG - 
2026-03-20 06:59:03,374 - isca - WARNING - WARNING from PE    0: socrates_init: lw_hires_spectral_filename is unset, making equal to lw_spectral_filename
2026-03-20 06:59:03,374 - isca - DEBUG - 
2026-03-20 06:59:03,374 - isca - DEBUG - 
2026-03-20 06:59:03,374 - isca - WARNING - WARNING from PE    0: socrates_init: sw_hires_spectral_filename is unset, making equal to sw_spectral_filename
2026-03-20 06:59:03,374 - isca - DEBUG - 
2026-03-20 06:59:03,374 - isca - DEBUG - 
2026-03-20 06:59:03,374 - isca - WARNING - WARNING from PE    0: socrates_init: sw_hires_spectral_filename is unset, making equal to sw_spectral_filename
2026-03-20 06:59:03,374 - isca - DEBUG - 
2026-03-20 06:59:04,468 - isca - DEBUG - NOTE from PE    0: Interpolator: Using input file with no time dimension - ozone_1990_notime_zero.nc
2026-03-20 06:59:04,468 - isca - DEBUG - Initializing src field : ozone_1990
2026-03-20 06:59:04,470 - isca - DEBUG - 
2026-03-20 06:59:04,470 - isca - DEBUG - -----------------------------------
2026-03-20 06:59:04,470 - isca - DEBUG - ____                       _
2026-03-20 06:59:04,470 - isca - DEBUG - / ___|  ___   ___ _ __ __ _| |_ ___  ___
2026-03-20 06:59:04,470 - isca - DEBUG - \___ \ / _ \ / __|  __/ _` | __/ _ \/ __|
2026-03-20 06:59:04,470 - isca - DEBUG - ___) | (_) | (__| | | (_| | ||  __/\__ \
2026-03-20 06:59:04,470 - isca - DEBUG - |____/ \___/ \___|_|  \__,_|\__\___||___/
2026-03-20 06:59:04,470 - isca - DEBUG - 
2026-03-20 06:59:04,470 - isca - DEBUG - Initialised Socrates v17.03
2026-03-20 06:59:04,470 - isca - DEBUG - Stellar constant =    1860.00000000000
2026-03-20 06:59:04,470 - isca - DEBUG - Longwave spectral file =
2026-03-20 06:59:04,470 - isca - DEBUG - /proj/bolinc/users/x_ryabo/socrates_edited_for_isca/spectral_files_for_GCMs/Sun
2026-03-20 06:59:04,470 - isca - DEBUG - /miniSuran_lw.sf WITH           16  bands
2026-03-20 06:59:04,470 - isca - DEBUG - Longwave hires spectral file =
2026-03-20 06:59:04,470 - isca - DEBUG - /proj/bolinc/users/x_ryabo/socrates_edited_for_isca/spectral_files_for_GCMs/Sun
2026-03-20 06:59:04,470 - isca - DEBUG - /miniSuran_lw.sf WITH           16  bands
2026-03-20 06:59:04,470 - isca - DEBUG - Shortwave spectral file =
2026-03-20 06:59:04,470 - isca - DEBUG - /proj/bolinc/users/x_ryabo/socrates_edited_for_isca/spectral_files_for_GCMs/Sun
2026-03-20 06:59:04,470 - isca - DEBUG - /miniSuran_sw.sf WITH           16  bands
2026-03-20 06:59:04,470 - isca - DEBUG - Shortwave hires spectral file =
2026-03-20 06:59:04,470 - isca - DEBUG - /proj/bolinc/users/x_ryabo/socrates_edited_for_isca/spectral_files_for_GCMs/Sun
2026-03-20 06:59:04,470 - isca - DEBUG - /miniSuran_sw.sf WITH           16  bands
2026-03-20 06:59:04,470 - isca - DEBUG - 
2026-03-20 06:59:04,470 - isca - DEBUG - -----------------------------------
2026-03-20 06:59:04,471 - isca - DEBUG - 
2026-03-20 06:59:32,129 - isca - DEBUG - Integration completed through    2 Dec  2   0: 0: 0
2026-03-20 06:59:59,664 - isca - DEBUG - Integration completed through    2 Dec  3   0: 0: 0
2026-03-20 07:00:27,212 - isca - DEBUG - Integration completed through    2 Dec  4   0: 0: 0
2026-03-20 07:00:54,536 - isca - DEBUG - Integration completed through    2 Dec  5   0: 0: 0
2026-03-20 07:01:21,796 - isca - DEBUG - Integration completed through    2 Dec  6   0: 0: 0
2026-03-20 07:01:49,093 - isca - DEBUG - Integration completed through    2 Dec  7   0: 0: 0
2026-03-20 07:02:16,513 - isca - DEBUG - Integration completed through    2 Dec  8   0: 0: 0
2026-03-20 07:02:43,871 - isca - DEBUG - Integration completed through    2 Dec  9   0: 0: 0
2026-03-20 07:03:11,318 - isca - DEBUG - Integration completed through    2 Dec 10   0: 0: 0
2026-03-20 07:03:38,699 - isca - DEBUG - Integration completed through    2 Dec 11   0: 0: 0
2026-03-20 07:04:06,032 - isca - DEBUG - Integration completed through    2 Dec 12   0: 0: 0
2026-03-20 07:04:33,378 - isca - DEBUG - Integration completed through    2 Dec 13   0: 0: 0
2026-03-20 07:05:00,724 - isca - DEBUG - Integration completed through    2 Dec 14   0: 0: 0
2026-03-20 07:05:28,046 - isca - DEBUG - Integration completed through    2 Dec 15   0: 0: 0
2026-03-20 07:05:55,374 - isca - DEBUG - Integration completed through    2 Dec 16   0: 0: 0
2026-03-20 07:06:22,820 - isca - DEBUG - Integration completed through    2 Dec 17   0: 0: 0
2026-03-20 07:06:50,161 - isca - DEBUG - Integration completed through    2 Dec 18   0: 0: 0
2026-03-20 07:07:17,427 - isca - DEBUG - Integration completed through    2 Dec 19   0: 0: 0
2026-03-20 07:07:44,781 - isca - DEBUG - Integration completed through    2 Dec 20   0: 0: 0
2026-03-20 07:08:12,142 - isca - DEBUG - Integration completed through    2 Dec 21   0: 0: 0
2026-03-20 07:08:39,490 - isca - DEBUG - Integration completed through    2 Dec 22   0: 0: 0
2026-03-20 07:09:06,869 - isca - DEBUG - Integration completed through    2 Dec 23   0: 0: 0
2026-03-20 07:09:34,244 - isca - DEBUG - Integration completed through    2 Dec 24   0: 0: 0
2026-03-20 07:10:01,602 - isca - DEBUG - Integration completed through    2 Dec 25   0: 0: 0
2026-03-20 07:10:28,931 - isca - DEBUG - Integration completed through    2 Dec 26   0: 0: 0
2026-03-20 07:10:56,286 - isca - DEBUG - Integration completed through    2 Dec 27   0: 0: 0
2026-03-20 07:11:23,674 - isca - DEBUG - Integration completed through    2 Dec 28   0: 0: 0
2026-03-20 07:11:51,074 - isca - DEBUG - Integration completed through    2 Dec 29   0: 0: 0
2026-03-20 07:12:18,442 - isca - DEBUG - Integration completed through    2 Dec 30   0: 0: 0
2026-03-20 07:12:45,770 - isca - DEBUG - Integration completed through    3 Jan  1   0: 0: 0
2026-03-20 07:12:45,779 - isca - DEBUG - 
2026-03-20 07:12:45,779 - isca - WARNING - WARNING from PE    0: diag_util_mod::opening_file: module/field_name (socrates/soc_toa_sw_down_clr) NOT registered
2026-03-20 07:12:45,779 - isca - DEBUG - 
2026-03-20 07:12:45,779 - isca - DEBUG - 
2026-03-20 07:12:45,779 - isca - WARNING - WARNING from PE    0: diag_util_mod::opening_file: module/field_name (cloud_simple/rh_min) NOT registered
2026-03-20 07:12:45,779 - isca - DEBUG - 
2026-03-20 07:12:45,779 - isca - DEBUG - 
2026-03-20 07:12:45,779 - isca - WARNING - WARNING from PE    0: diag_util_mod::opening_file: module/field_name (socrates/soc_toa_sw_down_clr) NOT registered
2026-03-20 07:12:45,779 - isca - DEBUG - 
2026-03-20 07:12:45,779 - isca - DEBUG - 
2026-03-20 07:12:45,779 - isca - WARNING - WARNING from PE    0: diag_util_mod::opening_file: module/field_name (cloud_simple/rh_min) NOT registered
2026-03-20 07:12:45,779 - isca - DEBUG - 
2026-03-20 07:12:45,789 - isca - DEBUG - NOTE from PE    0: MPP_IO_SET_STACK_SIZE: stack size set to     393216.
2026-03-20 07:12:45,939 - isca - DEBUG - MPP_DOMAINS_STACK high water mark=       49152
2026-03-20 07:12:45,939 - isca - DEBUG - 
2026-03-20 07:12:45,939 - isca - DEBUG - Tabulating mpp_clock statistics across     16 PEs...
2026-03-20 07:12:45,939 - isca - DEBUG - 
2026-03-20 07:12:45,939 - isca - DEBUG - tmin          tmax          tavg          tstd  tfrac grain pemin pemax
2026-03-20 07:12:45,940 - isca - DEBUG - Total runtime                       822.639478    822.644643    822.641564      0.001339  1.000     0     0    15
2026-03-20 07:12:45,940 - isca - DEBUG - MPP_STACK high water mark=           0
2026-03-20 07:12:46,051 - isca - INFO - Run 24 complete
2026-03-20 07:12:48,303 - isca - DEBUG - atmos_monthly.nc combined and copied to data directory
2026-03-20 07:12:51,493 - isca - INFO - Restart archive created at /proj/bolinc/users/x_ryabo/Isca-Ryan_outputs/Earth_1860/restarts/res0024.tar.gz
2026-03-20 07:12:51,505 - isca - INFO - Writing namelist to '/proj/bolinc/users/x_ryabo/Isca-Ryan_outputs/Earth_1860/run0024/input.nml'
2026-03-20 07:12:51,507 - isca - INFO - Writing field_table to '/proj/bolinc/users/x_ryabo/Isca-Ryan_outputs/Earth_1860/run0024/field_table'
2026-03-20 07:12:51,517 - isca - INFO - Writing diag_table to '/proj/bolinc/users/x_ryabo/Isca-Ryan_outputs/Earth_1860/run0024/diag_table'
2026-03-20 07:12:51,875 - isca - INFO - Emptied run directory '/home/x_ryabo/Isca-Ryan_tmp/experiment/Earth_1860/run'
2026-03-20 07:12:51,894 - isca - INFO - Emptied run directory '/home/x_ryabo/Isca-Ryan_tmp/experiment/Earth_1860/run'
2026-03-20 07:12:52,222 - isca - INFO - Writing namelist to '/home/x_ryabo/Isca-Ryan_tmp/experiment/Earth_1860/run/input.nml'
2026-03-20 07:12:52,224 - isca - INFO - Writing field_table to '/home/x_ryabo/Isca-Ryan_tmp/experiment/Earth_1860/run/field_table'
2026-03-20 07:12:52,235 - isca - INFO - Writing diag_table to '/home/x_ryabo/Isca-Ryan_tmp/experiment/Earth_1860/run/diag_table'
2026-03-20 07:12:52,249 - isca - INFO - Using restart file '/proj/bolinc/users/x_ryabo/Isca-Ryan_outputs/Earth_1860/restarts/res0024.tar.gz'
2026-03-20 07:12:52,661 - isca - INFO - Restart /proj/bolinc/users/x_ryabo/Isca-Ryan_outputs/Earth_1860/restarts/res0024.tar.gz extracted to /home/x_ryabo/Isca-Ryan_tmp/experiment/Earth_1860/run/INPUT
2026-03-20 07:12:52,662 - isca - INFO - Beginning run 25
2026-03-20 07:12:52,673 - isca - INFO - process running as 76155
2026-03-20 07:12:52,674 - isca - DEBUG - loadmodules for Isca on NSC cluster Tetralith
2026-03-20 07:12:52,674 - isca - DEBUG - mpiifort
2026-03-20 07:12:52,787 - isca - DEBUG - The following modules were not unloaded:
2026-03-20 07:12:52,787 - isca - DEBUG - (Use "module --force purge" to unload all):
2026-03-20 07:12:52,787 - isca - DEBUG - 
2026-03-20 07:12:52,788 - isca - DEBUG - 1) hpc/.1.10.1
2026-03-20 07:12:52,892 - isca - DEBUG - ***************************************************
2026-03-20 07:12:52,892 - isca - DEBUG - You have loaded a buildenv module
2026-03-20 07:12:52,892 - isca - DEBUG - ***************************************************
2026-03-20 07:12:52,892 - isca - DEBUG - The buldenv-intel module makes available:
2026-03-20 07:12:52,892 - isca - DEBUG - - Compilers: icc, ifort, etc.
2026-03-20 07:12:52,892 - isca - DEBUG - - Mpi library with mpi-wrapped compilers: intel mpi with mpicc, mpifort, etc.
2026-03-20 07:12:52,892 - isca - DEBUG - - Numerical libraries: intel MKL
2026-03-20 07:12:52,892 - isca - DEBUG - 
2026-03-20 07:12:52,892 - isca - DEBUG - It also makes a set of dependency library modules available via
2026-03-20 07:12:52,892 - isca - DEBUG - the regular module command. Just do:
2026-03-20 07:12:52,892 - isca - DEBUG - module avail
2026-03-20 07:12:52,892 - isca - DEBUG - to see what is available.
2026-03-20 07:12:52,892 - isca - DEBUG - 
2026-03-20 07:12:52,892 - isca - DEBUG - NOTE: You shoud never load build environments inside submitted jobs.
2026-03-20 07:12:52,892 - isca - DEBUG - (with the single exception of when using supercomputer time to compile code.)
2026-03-20 07:12:52,892 - isca - DEBUG - 
2026-03-20 07:12:54,095 - isca - DEBUG - NOTE from PE    0: MPP_DOMAINS_SET_STACK_SIZE: stack size set to    32768.
2026-03-20 07:12:54,096 - isca - DEBUG - &MPP_IO_NML
2026-03-20 07:12:54,096 - isca - DEBUG - HEADER_BUFFER_VAL       =       16384,
2026-03-20 07:12:54,096 - isca - DEBUG - GLOBAL_FIELD_ON_ROOT_PE = T,
2026-03-20 07:12:54,096 - isca - DEBUG - IO_CLOCKS_ON    = F,
2026-03-20 07:12:54,096 - isca - DEBUG - SHUFFLE =           0,
2026-03-20 07:12:54,096 - isca - DEBUG - DEFLATE_LEVEL   =          -1
2026-03-20 07:12:54,096 - isca - DEBUG - /
2026-03-20 07:12:54,097 - isca - DEBUG - NOTE from PE    0: MPP_IO_SET_STACK_SIZE: stack size set to     131072.
2026-03-20 07:12:54,098 - isca - DEBUG - NOTE from PE    0: MPP_DOMAINS_SET_STACK_SIZE: stack size set to   600000.
2026-03-20 07:12:54,105 - isca - DEBUG - starting            1  OpenMP threads per MPI-task
2026-03-20 07:12:54,106 - isca - DEBUG - ATMOS MODEL DOMAIN DECOMPOSITION
2026-03-20 07:12:54,107 - isca - DEBUG - X-AXIS =  128
2026-03-20 07:12:54,107 - isca - DEBUG - Y-AXIS =    4   4   4   4   4   4   4   4   4   4   4   4   4   4   4   4
2026-03-20 07:12:54,159 - isca - DEBUG - NOTE from PE    0: cloud_simple: Using SimCloud cloud scheme
2026-03-20 07:12:54,160 - isca - DEBUG - NOTE from PE    0: ls_cloud: Using Sundqvist (1989) cloud fraction diagnostic formula.
2026-03-20 07:12:54,161 - isca - DEBUG - NOTE from PE    0: cloud_cover: The cloud overlap assumption is MAXIMUM-RANDOM
2026-03-20 07:12:54,161 - isca - DEBUG - NOTE from PE    0: idealized_moist_phys: Using Frierson Quasi-Equilibrium convection scheme.
2026-03-20 07:12:54,169 - isca - DEBUG - 
2026-03-20 07:12:54,169 - isca - WARNING - WARNING from PE    0: socrates_init: lw_hires_spectral_filename is unset, making equal to lw_spectral_filename
2026-03-20 07:12:54,169 - isca - DEBUG - 
2026-03-20 07:12:54,169 - isca - DEBUG - 
2026-03-20 07:12:54,169 - isca - WARNING - WARNING from PE    0: socrates_init: lw_hires_spectral_filename is unset, making equal to lw_spectral_filename
2026-03-20 07:12:54,169 - isca - DEBUG - 
2026-03-20 07:12:54,169 - isca - DEBUG - 
2026-03-20 07:12:54,169 - isca - WARNING - WARNING from PE    0: socrates_init: sw_hires_spectral_filename is unset, making equal to sw_spectral_filename
2026-03-20 07:12:54,169 - isca - DEBUG - 
2026-03-20 07:12:54,170 - isca - DEBUG - 
2026-03-20 07:12:54,170 - isca - WARNING - WARNING from PE    0: socrates_init: sw_hires_spectral_filename is unset, making equal to sw_spectral_filename
2026-03-20 07:12:54,170 - isca - DEBUG - 
2026-03-20 07:12:55,248 - isca - DEBUG - NOTE from PE    0: Interpolator: Using input file with no time dimension - ozone_1990_notime_zero.nc
2026-03-20 07:12:55,249 - isca - DEBUG - Initializing src field : ozone_1990
2026-03-20 07:12:55,250 - isca - DEBUG - 
2026-03-20 07:12:55,251 - isca - DEBUG - -----------------------------------
2026-03-20 07:12:55,251 - isca - DEBUG - ____                       _
2026-03-20 07:12:55,251 - isca - DEBUG - / ___|  ___   ___ _ __ __ _| |_ ___  ___
2026-03-20 07:12:55,251 - isca - DEBUG - \___ \ / _ \ / __|  __/ _` | __/ _ \/ __|
2026-03-20 07:12:55,251 - isca - DEBUG - ___) | (_) | (__| | | (_| | ||  __/\__ \
2026-03-20 07:12:55,251 - isca - DEBUG - |____/ \___/ \___|_|  \__,_|\__\___||___/
2026-03-20 07:12:55,251 - isca - DEBUG - 
2026-03-20 07:12:55,251 - isca - DEBUG - Initialised Socrates v17.03
2026-03-20 07:12:55,251 - isca - DEBUG - Stellar constant =    1860.00000000000
2026-03-20 07:12:55,251 - isca - DEBUG - Longwave spectral file =
2026-03-20 07:12:55,251 - isca - DEBUG - /proj/bolinc/users/x_ryabo/socrates_edited_for_isca/spectral_files_for_GCMs/Sun
2026-03-20 07:12:55,251 - isca - DEBUG - /miniSuran_lw.sf WITH           16  bands
2026-03-20 07:12:55,251 - isca - DEBUG - Longwave hires spectral file =
2026-03-20 07:12:55,251 - isca - DEBUG - /proj/bolinc/users/x_ryabo/socrates_edited_for_isca/spectral_files_for_GCMs/Sun
2026-03-20 07:12:55,251 - isca - DEBUG - /miniSuran_lw.sf WITH           16  bands
2026-03-20 07:12:55,251 - isca - DEBUG - Shortwave spectral file =
2026-03-20 07:12:55,251 - isca - DEBUG - /proj/bolinc/users/x_ryabo/socrates_edited_for_isca/spectral_files_for_GCMs/Sun
2026-03-20 07:12:55,251 - isca - DEBUG - /miniSuran_sw.sf WITH           16  bands
2026-03-20 07:12:55,251 - isca - DEBUG - Shortwave hires spectral file =
2026-03-20 07:12:55,251 - isca - DEBUG - /proj/bolinc/users/x_ryabo/socrates_edited_for_isca/spectral_files_for_GCMs/Sun
2026-03-20 07:12:55,251 - isca - DEBUG - /miniSuran_sw.sf WITH           16  bands
2026-03-20 07:12:55,251 - isca - DEBUG - 
2026-03-20 07:12:55,251 - isca - DEBUG - -----------------------------------
2026-03-20 07:12:55,251 - isca - DEBUG - 
2026-03-20 07:13:22,522 - isca - DEBUG - Integration completed through    3 Jan  2   0: 0: 0
2026-03-20 07:13:49,802 - isca - DEBUG - Integration completed through    3 Jan  3   0: 0: 0
2026-03-20 07:14:17,108 - isca - DEBUG - Integration completed through    3 Jan  4   0: 0: 0
2026-03-20 07:14:44,304 - isca - DEBUG - Integration completed through    3 Jan  5   0: 0: 0
2026-03-20 07:15:11,605 - isca - DEBUG - Integration completed through    3 Jan  6   0: 0: 0
2026-03-20 07:15:38,876 - isca - DEBUG - Integration completed through    3 Jan  7   0: 0: 0
2026-03-20 07:16:06,132 - isca - DEBUG - Integration completed through    3 Jan  8   0: 0: 0
2026-03-20 07:16:33,366 - isca - DEBUG - Integration completed through    3 Jan  9   0: 0: 0
2026-03-20 07:17:00,702 - isca - DEBUG - Integration completed through    3 Jan 10   0: 0: 0
2026-03-20 07:17:28,068 - isca - DEBUG - Integration completed through    3 Jan 11   0: 0: 0
2026-03-20 07:17:55,371 - isca - DEBUG - Integration completed through    3 Jan 12   0: 0: 0
2026-03-20 07:18:22,710 - isca - DEBUG - Integration completed through    3 Jan 13   0: 0: 0
2026-03-20 07:18:49,995 - isca - DEBUG - Integration completed through    3 Jan 14   0: 0: 0
2026-03-20 07:19:17,363 - isca - DEBUG - Integration completed through    3 Jan 15   0: 0: 0
2026-03-20 07:19:44,761 - isca - DEBUG - Integration completed through    3 Jan 16   0: 0: 0
2026-03-20 07:20:12,118 - isca - DEBUG - Integration completed through    3 Jan 17   0: 0: 0
2026-03-20 07:20:39,527 - isca - DEBUG - Integration completed through    3 Jan 18   0: 0: 0
2026-03-20 07:21:06,973 - isca - DEBUG - Integration completed through    3 Jan 19   0: 0: 0
2026-03-20 07:21:34,326 - isca - DEBUG - Integration completed through    3 Jan 20   0: 0: 0
2026-03-20 07:22:01,695 - isca - DEBUG - Integration completed through    3 Jan 21   0: 0: 0
2026-03-20 07:22:29,064 - isca - DEBUG - Integration completed through    3 Jan 22   0: 0: 0
2026-03-20 07:22:56,424 - isca - DEBUG - Integration completed through    3 Jan 23   0: 0: 0
2026-03-20 07:23:23,720 - isca - DEBUG - Integration completed through    3 Jan 24   0: 0: 0
2026-03-20 07:23:51,049 - isca - DEBUG - Integration completed through    3 Jan 25   0: 0: 0
2026-03-20 07:24:18,444 - isca - DEBUG - Integration completed through    3 Jan 26   0: 0: 0
2026-03-20 07:24:45,753 - isca - DEBUG - Integration completed through    3 Jan 27   0: 0: 0
2026-03-20 07:25:13,109 - isca - DEBUG - Integration completed through    3 Jan 28   0: 0: 0
2026-03-20 07:25:40,393 - isca - DEBUG - Integration completed through    3 Jan 29   0: 0: 0
2026-03-20 07:26:07,649 - isca - DEBUG - Integration completed through    3 Jan 30   0: 0: 0
2026-03-20 07:26:34,912 - isca - DEBUG - Integration completed through    3 Feb  1   0: 0: 0
2026-03-20 07:26:34,920 - isca - DEBUG - 
2026-03-20 07:26:34,920 - isca - WARNING - WARNING from PE    0: diag_util_mod::opening_file: module/field_name (socrates/soc_toa_sw_down_clr) NOT registered
2026-03-20 07:26:34,920 - isca - DEBUG - 
2026-03-20 07:26:34,920 - isca - DEBUG - 
2026-03-20 07:26:34,920 - isca - WARNING - WARNING from PE    0: diag_util_mod::opening_file: module/field_name (socrates/soc_toa_sw_down_clr) NOT registered
2026-03-20 07:26:34,920 - isca - DEBUG - 
2026-03-20 07:26:34,920 - isca - DEBUG - 
2026-03-20 07:26:34,920 - isca - WARNING - WARNING from PE    0: diag_util_mod::opening_file: module/field_name (cloud_simple/rh_min) NOT registered
2026-03-20 07:26:34,920 - isca - DEBUG - 
2026-03-20 07:26:34,920 - isca - DEBUG - 
2026-03-20 07:26:34,920 - isca - WARNING - WARNING from PE    0: diag_util_mod::opening_file: module/field_name (cloud_simple/rh_min) NOT registered
2026-03-20 07:26:34,920 - isca - DEBUG - 
2026-03-20 07:26:34,931 - isca - DEBUG - NOTE from PE    0: MPP_IO_SET_STACK_SIZE: stack size set to     393216.
2026-03-20 07:26:35,060 - isca - DEBUG - MPP_DOMAINS_STACK high water mark=       49152
2026-03-20 07:26:35,060 - isca - DEBUG - 
2026-03-20 07:26:35,060 - isca - DEBUG - Tabulating mpp_clock statistics across     16 PEs...
2026-03-20 07:26:35,060 - isca - DEBUG - 
2026-03-20 07:26:35,060 - isca - DEBUG - tmin          tmax          tavg          tstd  tfrac grain pemin pemax
2026-03-20 07:26:35,060 - isca - DEBUG - Total runtime                       820.963613    820.968224    820.965386      0.001389  1.000     0     0    15
2026-03-20 07:26:35,061 - isca - DEBUG - MPP_STACK high water mark=           0
2026-03-20 07:26:35,234 - isca - INFO - Run 25 complete
2026-03-20 07:26:36,138 - isca - DEBUG - atmos_monthly.nc combined and copied to data directory
2026-03-20 07:26:39,330 - isca - INFO - Restart archive created at /proj/bolinc/users/x_ryabo/Isca-Ryan_outputs/Earth_1860/restarts/res0025.tar.gz
2026-03-20 07:26:39,343 - isca - INFO - Writing namelist to '/proj/bolinc/users/x_ryabo/Isca-Ryan_outputs/Earth_1860/run0025/input.nml'
2026-03-20 07:26:39,345 - isca - INFO - Writing field_table to '/proj/bolinc/users/x_ryabo/Isca-Ryan_outputs/Earth_1860/run0025/field_table'
2026-03-20 07:26:39,356 - isca - INFO - Writing diag_table to '/proj/bolinc/users/x_ryabo/Isca-Ryan_outputs/Earth_1860/run0025/diag_table'
2026-03-20 07:26:39,717 - isca - INFO - Emptied run directory '/home/x_ryabo/Isca-Ryan_tmp/experiment/Earth_1860/run'
2026-03-20 07:26:39,745 - isca - INFO - Emptied run directory '/home/x_ryabo/Isca-Ryan_tmp/experiment/Earth_1860/run'
2026-03-20 07:26:40,074 - isca - INFO - Writing namelist to '/home/x_ryabo/Isca-Ryan_tmp/experiment/Earth_1860/run/input.nml'
2026-03-20 07:26:40,076 - isca - INFO - Writing field_table to '/home/x_ryabo/Isca-Ryan_tmp/experiment/Earth_1860/run/field_table'
2026-03-20 07:26:40,088 - isca - INFO - Writing diag_table to '/home/x_ryabo/Isca-Ryan_tmp/experiment/Earth_1860/run/diag_table'
2026-03-20 07:26:40,104 - isca - INFO - Using restart file '/proj/bolinc/users/x_ryabo/Isca-Ryan_outputs/Earth_1860/restarts/res0025.tar.gz'
2026-03-20 07:26:40,515 - isca - INFO - Restart /proj/bolinc/users/x_ryabo/Isca-Ryan_outputs/Earth_1860/restarts/res0025.tar.gz extracted to /home/x_ryabo/Isca-Ryan_tmp/experiment/Earth_1860/run/INPUT
2026-03-20 07:26:40,516 - isca - INFO - Beginning run 26
2026-03-20 07:26:40,529 - isca - INFO - process running as 76986
2026-03-20 07:26:40,529 - isca - DEBUG - loadmodules for Isca on NSC cluster Tetralith
2026-03-20 07:26:40,529 - isca - DEBUG - mpiifort
2026-03-20 07:26:40,643 - isca - DEBUG - The following modules were not unloaded:
2026-03-20 07:26:40,643 - isca - DEBUG - (Use "module --force purge" to unload all):
2026-03-20 07:26:40,643 - isca - DEBUG - 
2026-03-20 07:26:40,643 - isca - DEBUG - 1) hpc/.1.10.1
2026-03-20 07:26:40,746 - isca - DEBUG - ***************************************************
2026-03-20 07:26:40,746 - isca - DEBUG - You have loaded a buildenv module
2026-03-20 07:26:40,746 - isca - DEBUG - ***************************************************
2026-03-20 07:26:40,747 - isca - DEBUG - The buldenv-intel module makes available:
2026-03-20 07:26:40,747 - isca - DEBUG - - Compilers: icc, ifort, etc.
2026-03-20 07:26:40,747 - isca - DEBUG - - Mpi library with mpi-wrapped compilers: intel mpi with mpicc, mpifort, etc.
2026-03-20 07:26:40,747 - isca - DEBUG - - Numerical libraries: intel MKL
2026-03-20 07:26:40,747 - isca - DEBUG - 
2026-03-20 07:26:40,747 - isca - DEBUG - It also makes a set of dependency library modules available via
2026-03-20 07:26:40,747 - isca - DEBUG - the regular module command. Just do:
2026-03-20 07:26:40,747 - isca - DEBUG - module avail
2026-03-20 07:26:40,747 - isca - DEBUG - to see what is available.
2026-03-20 07:26:40,747 - isca - DEBUG - 
2026-03-20 07:26:40,747 - isca - DEBUG - NOTE: You shoud never load build environments inside submitted jobs.
2026-03-20 07:26:40,747 - isca - DEBUG - (with the single exception of when using supercomputer time to compile code.)
2026-03-20 07:26:40,747 - isca - DEBUG - 
2026-03-20 07:26:41,940 - isca - DEBUG - NOTE from PE    0: MPP_DOMAINS_SET_STACK_SIZE: stack size set to    32768.
2026-03-20 07:26:41,940 - isca - DEBUG - &MPP_IO_NML
2026-03-20 07:26:41,941 - isca - DEBUG - HEADER_BUFFER_VAL       =       16384,
2026-03-20 07:26:41,941 - isca - DEBUG - GLOBAL_FIELD_ON_ROOT_PE = T,
2026-03-20 07:26:41,941 - isca - DEBUG - IO_CLOCKS_ON    = F,
2026-03-20 07:26:41,941 - isca - DEBUG - SHUFFLE =           0,
2026-03-20 07:26:41,941 - isca - DEBUG - DEFLATE_LEVEL   =          -1
2026-03-20 07:26:41,941 - isca - DEBUG - /
2026-03-20 07:26:41,942 - isca - DEBUG - NOTE from PE    0: MPP_IO_SET_STACK_SIZE: stack size set to     131072.
2026-03-20 07:26:41,943 - isca - DEBUG - NOTE from PE    0: MPP_DOMAINS_SET_STACK_SIZE: stack size set to   600000.
2026-03-20 07:26:41,950 - isca - DEBUG - starting            1  OpenMP threads per MPI-task
2026-03-20 07:26:41,952 - isca - DEBUG - ATMOS MODEL DOMAIN DECOMPOSITION
2026-03-20 07:26:41,952 - isca - DEBUG - X-AXIS =  128
2026-03-20 07:26:41,952 - isca - DEBUG - Y-AXIS =    4   4   4   4   4   4   4   4   4   4   4   4   4   4   4   4
2026-03-20 07:26:42,004 - isca - DEBUG - NOTE from PE    0: cloud_simple: Using SimCloud cloud scheme
2026-03-20 07:26:42,005 - isca - DEBUG - NOTE from PE    0: ls_cloud: Using Sundqvist (1989) cloud fraction diagnostic formula.
2026-03-20 07:26:42,005 - isca - DEBUG - NOTE from PE    0: cloud_cover: The cloud overlap assumption is MAXIMUM-RANDOM
2026-03-20 07:26:42,005 - isca - DEBUG - NOTE from PE    0: idealized_moist_phys: Using Frierson Quasi-Equilibrium convection scheme.
2026-03-20 07:26:42,013 - isca - DEBUG - 
2026-03-20 07:26:42,013 - isca - WARNING - WARNING from PE    0: socrates_init: lw_hires_spectral_filename is unset, making equal to lw_spectral_filename
2026-03-20 07:26:42,014 - isca - DEBUG - 
2026-03-20 07:26:42,014 - isca - DEBUG - 
2026-03-20 07:26:42,014 - isca - WARNING - WARNING from PE    0: socrates_init: lw_hires_spectral_filename is unset, making equal to lw_spectral_filename
2026-03-20 07:26:42,014 - isca - DEBUG - 
2026-03-20 07:26:42,014 - isca - DEBUG - 
2026-03-20 07:26:42,014 - isca - WARNING - WARNING from PE    0: socrates_init: sw_hires_spectral_filename is unset, making equal to sw_spectral_filename
2026-03-20 07:26:42,014 - isca - DEBUG - 
2026-03-20 07:26:42,014 - isca - DEBUG - 
2026-03-20 07:26:42,014 - isca - WARNING - WARNING from PE    0: socrates_init: sw_hires_spectral_filename is unset, making equal to sw_spectral_filename
2026-03-20 07:26:42,014 - isca - DEBUG - 
2026-03-20 07:26:43,115 - isca - DEBUG - NOTE from PE    0: Interpolator: Using input file with no time dimension - ozone_1990_notime_zero.nc
2026-03-20 07:26:43,115 - isca - DEBUG - Initializing src field : ozone_1990
2026-03-20 07:26:43,118 - isca - DEBUG - 
2026-03-20 07:26:43,118 - isca - DEBUG - -----------------------------------
2026-03-20 07:26:43,118 - isca - DEBUG - ____                       _
2026-03-20 07:26:43,118 - isca - DEBUG - / ___|  ___   ___ _ __ __ _| |_ ___  ___
2026-03-20 07:26:43,118 - isca - DEBUG - \___ \ / _ \ / __|  __/ _` | __/ _ \/ __|
2026-03-20 07:26:43,118 - isca - DEBUG - ___) | (_) | (__| | | (_| | ||  __/\__ \
2026-03-20 07:26:43,118 - isca - DEBUG - |____/ \___/ \___|_|  \__,_|\__\___||___/
2026-03-20 07:26:43,118 - isca - DEBUG - 
2026-03-20 07:26:43,118 - isca - DEBUG - Initialised Socrates v17.03
2026-03-20 07:26:43,118 - isca - DEBUG - Stellar constant =    1860.00000000000
2026-03-20 07:26:43,118 - isca - DEBUG - Longwave spectral file =
2026-03-20 07:26:43,118 - isca - DEBUG - /proj/bolinc/users/x_ryabo/socrates_edited_for_isca/spectral_files_for_GCMs/Sun
2026-03-20 07:26:43,118 - isca - DEBUG - /miniSuran_lw.sf WITH           16  bands
2026-03-20 07:26:43,118 - isca - DEBUG - Longwave hires spectral file =
2026-03-20 07:26:43,118 - isca - DEBUG - /proj/bolinc/users/x_ryabo/socrates_edited_for_isca/spectral_files_for_GCMs/Sun
2026-03-20 07:26:43,118 - isca - DEBUG - /miniSuran_lw.sf WITH           16  bands
2026-03-20 07:26:43,118 - isca - DEBUG - Shortwave spectral file =
2026-03-20 07:26:43,118 - isca - DEBUG - /proj/bolinc/users/x_ryabo/socrates_edited_for_isca/spectral_files_for_GCMs/Sun
2026-03-20 07:26:43,118 - isca - DEBUG - /miniSuran_sw.sf WITH           16  bands
2026-03-20 07:26:43,118 - isca - DEBUG - Shortwave hires spectral file =
2026-03-20 07:26:43,118 - isca - DEBUG - /proj/bolinc/users/x_ryabo/socrates_edited_for_isca/spectral_files_for_GCMs/Sun
2026-03-20 07:26:43,118 - isca - DEBUG - /miniSuran_sw.sf WITH           16  bands
2026-03-20 07:26:43,118 - isca - DEBUG - 
2026-03-20 07:26:43,118 - isca - DEBUG - -----------------------------------
2026-03-20 07:26:43,118 - isca - DEBUG - 
2026-03-20 07:27:10,583 - isca - DEBUG - Integration completed through    3 Feb  2   0: 0: 0
2026-03-20 07:27:37,876 - isca - DEBUG - Integration completed through    3 Feb  3   0: 0: 0
2026-03-20 07:28:05,215 - isca - DEBUG - Integration completed through    3 Feb  4   0: 0: 0
2026-03-20 07:28:32,518 - isca - DEBUG - Integration completed through    3 Feb  5   0: 0: 0
2026-03-20 07:28:59,856 - isca - DEBUG - Integration completed through    3 Feb  6   0: 0: 0
2026-03-20 07:29:27,175 - isca - DEBUG - Integration completed through    3 Feb  7   0: 0: 0
2026-03-20 07:29:54,552 - isca - DEBUG - Integration completed through    3 Feb  8   0: 0: 0
2026-03-20 07:30:21,935 - isca - DEBUG - Integration completed through    3 Feb  9   0: 0: 0
2026-03-20 07:30:49,347 - isca - DEBUG - Integration completed through    3 Feb 10   0: 0: 0
2026-03-20 07:31:16,743 - isca - DEBUG - Integration completed through    3 Feb 11   0: 0: 0
2026-03-20 07:31:44,117 - isca - DEBUG - Integration completed through    3 Feb 12   0: 0: 0
2026-03-20 07:32:11,485 - isca - DEBUG - Integration completed through    3 Feb 13   0: 0: 0
2026-03-20 07:32:38,892 - isca - DEBUG - Integration completed through    3 Feb 14   0: 0: 0
2026-03-20 07:33:06,361 - isca - DEBUG - Integration completed through    3 Feb 15   0: 0: 0
2026-03-20 07:33:33,778 - isca - DEBUG - Integration completed through    3 Feb 16   0: 0: 0
2026-03-20 07:34:01,121 - isca - DEBUG - Integration completed through    3 Feb 17   0: 0: 0
2026-03-20 07:34:28,489 - isca - DEBUG - Integration completed through    3 Feb 18   0: 0: 0
2026-03-20 07:34:56,012 - isca - DEBUG - Integration completed through    3 Feb 19   0: 0: 0
2026-03-20 07:35:23,349 - isca - DEBUG - Integration completed through    3 Feb 20   0: 0: 0
2026-03-20 07:35:50,686 - isca - DEBUG - Integration completed through    3 Feb 21   0: 0: 0
2026-03-20 07:36:18,041 - isca - DEBUG - Integration completed through    3 Feb 22   0: 0: 0
2026-03-20 07:36:45,464 - isca - DEBUG - Integration completed through    3 Feb 23   0: 0: 0
2026-03-20 07:37:12,847 - isca - DEBUG - Integration completed through    3 Feb 24   0: 0: 0
2026-03-20 07:37:40,253 - isca - DEBUG - Integration completed through    3 Feb 25   0: 0: 0
2026-03-20 07:38:07,694 - isca - DEBUG - Integration completed through    3 Feb 26   0: 0: 0
2026-03-20 07:38:35,063 - isca - DEBUG - Integration completed through    3 Feb 27   0: 0: 0
2026-03-20 07:39:02,442 - isca - DEBUG - Integration completed through    3 Feb 28   0: 0: 0
2026-03-20 07:39:29,874 - isca - DEBUG - Integration completed through    3 Feb 29   0: 0: 0
2026-03-20 07:39:57,335 - isca - DEBUG - Integration completed through    3 Feb 30   0: 0: 0
2026-03-20 07:40:24,683 - isca - DEBUG - Integration completed through    3 Mar  1   0: 0: 0
2026-03-20 07:40:24,691 - isca - DEBUG - 
2026-03-20 07:40:24,692 - isca - WARNING - WARNING from PE    0: diag_util_mod::opening_file: module/field_name (socrates/soc_toa_sw_down_clr) NOT registered
2026-03-20 07:40:24,692 - isca - DEBUG - 
2026-03-20 07:40:24,692 - isca - DEBUG - 
2026-03-20 07:40:24,692 - isca - WARNING - WARNING from PE    0: diag_util_mod::opening_file: module/field_name (cloud_simple/rh_min) NOT registered
2026-03-20 07:40:24,692 - isca - DEBUG - 
2026-03-20 07:40:24,692 - isca - DEBUG - 
2026-03-20 07:40:24,692 - isca - WARNING - WARNING from PE    0: diag_util_mod::opening_file: module/field_name (socrates/soc_toa_sw_down_clr) NOT registered
2026-03-20 07:40:24,692 - isca - DEBUG - 
2026-03-20 07:40:24,692 - isca - DEBUG - 
2026-03-20 07:40:24,692 - isca - WARNING - WARNING from PE    0: diag_util_mod::opening_file: module/field_name (cloud_simple/rh_min) NOT registered
2026-03-20 07:40:24,692 - isca - DEBUG - 
2026-03-20 07:40:24,701 - isca - DEBUG - NOTE from PE    0: MPP_IO_SET_STACK_SIZE: stack size set to     393216.
2026-03-20 07:40:24,841 - isca - DEBUG - MPP_DOMAINS_STACK high water mark=       49152
2026-03-20 07:40:24,842 - isca - DEBUG - 
2026-03-20 07:40:24,842 - isca - DEBUG - Tabulating mpp_clock statistics across     16 PEs...
2026-03-20 07:40:24,842 - isca - DEBUG - 
2026-03-20 07:40:24,842 - isca - DEBUG - tmin          tmax          tavg          tstd  tfrac grain pemin pemax
2026-03-20 07:40:24,842 - isca - DEBUG - Total runtime                       822.898834    822.903892    822.901903      0.001305  1.000     0     0    15
2026-03-20 07:40:24,842 - isca - DEBUG - MPP_STACK high water mark=           0
2026-03-20 07:40:24,999 - isca - INFO - Run 26 complete
2026-03-20 07:40:25,874 - isca - DEBUG - atmos_monthly.nc combined and copied to data directory
2026-03-20 07:40:29,076 - isca - INFO - Restart archive created at /proj/bolinc/users/x_ryabo/Isca-Ryan_outputs/Earth_1860/restarts/res0026.tar.gz
2026-03-20 07:40:29,088 - isca - INFO - Writing namelist to '/proj/bolinc/users/x_ryabo/Isca-Ryan_outputs/Earth_1860/run0026/input.nml'
2026-03-20 07:40:29,090 - isca - INFO - Writing field_table to '/proj/bolinc/users/x_ryabo/Isca-Ryan_outputs/Earth_1860/run0026/field_table'
2026-03-20 07:40:29,100 - isca - INFO - Writing diag_table to '/proj/bolinc/users/x_ryabo/Isca-Ryan_outputs/Earth_1860/run0026/diag_table'
2026-03-20 07:40:29,451 - isca - INFO - Emptied run directory '/home/x_ryabo/Isca-Ryan_tmp/experiment/Earth_1860/run'
2026-03-20 07:40:29,470 - isca - INFO - Emptied run directory '/home/x_ryabo/Isca-Ryan_tmp/experiment/Earth_1860/run'
2026-03-20 07:40:29,792 - isca - INFO - Writing namelist to '/home/x_ryabo/Isca-Ryan_tmp/experiment/Earth_1860/run/input.nml'
2026-03-20 07:40:29,794 - isca - INFO - Writing field_table to '/home/x_ryabo/Isca-Ryan_tmp/experiment/Earth_1860/run/field_table'
2026-03-20 07:40:29,806 - isca - INFO - Writing diag_table to '/home/x_ryabo/Isca-Ryan_tmp/experiment/Earth_1860/run/diag_table'
2026-03-20 07:40:29,819 - isca - INFO - Using restart file '/proj/bolinc/users/x_ryabo/Isca-Ryan_outputs/Earth_1860/restarts/res0026.tar.gz'
2026-03-20 07:40:30,230 - isca - INFO - Restart /proj/bolinc/users/x_ryabo/Isca-Ryan_outputs/Earth_1860/restarts/res0026.tar.gz extracted to /home/x_ryabo/Isca-Ryan_tmp/experiment/Earth_1860/run/INPUT
2026-03-20 07:40:30,230 - isca - INFO - Beginning run 27
2026-03-20 07:40:30,246 - isca - DEBUG - loadmodules for Isca on NSC cluster Tetralith
2026-03-20 07:40:30,246 - isca - INFO - process running as 77791
2026-03-20 07:40:30,246 - isca - DEBUG - mpiifort
2026-03-20 07:40:30,355 - isca - DEBUG - The following modules were not unloaded:
2026-03-20 07:40:30,355 - isca - DEBUG - (Use "module --force purge" to unload all):
2026-03-20 07:40:30,355 - isca - DEBUG - 
2026-03-20 07:40:30,356 - isca - DEBUG - 1) hpc/.1.10.1
2026-03-20 07:40:30,458 - isca - DEBUG - ***************************************************
2026-03-20 07:40:30,458 - isca - DEBUG - You have loaded a buildenv module
2026-03-20 07:40:30,458 - isca - DEBUG - ***************************************************
2026-03-20 07:40:30,459 - isca - DEBUG - The buldenv-intel module makes available:
2026-03-20 07:40:30,459 - isca - DEBUG - - Compilers: icc, ifort, etc.
2026-03-20 07:40:30,459 - isca - DEBUG - - Mpi library with mpi-wrapped compilers: intel mpi with mpicc, mpifort, etc.
2026-03-20 07:40:30,459 - isca - DEBUG - - Numerical libraries: intel MKL
2026-03-20 07:40:30,459 - isca - DEBUG - 
2026-03-20 07:40:30,459 - isca - DEBUG - It also makes a set of dependency library modules available via
2026-03-20 07:40:30,459 - isca - DEBUG - the regular module command. Just do:
2026-03-20 07:40:30,459 - isca - DEBUG - module avail
2026-03-20 07:40:30,459 - isca - DEBUG - to see what is available.
2026-03-20 07:40:30,459 - isca - DEBUG - 
2026-03-20 07:40:30,459 - isca - DEBUG - NOTE: You shoud never load build environments inside submitted jobs.
2026-03-20 07:40:30,459 - isca - DEBUG - (with the single exception of when using supercomputer time to compile code.)
2026-03-20 07:40:30,459 - isca - DEBUG - 
2026-03-20 07:40:31,654 - isca - DEBUG - NOTE from PE    0: MPP_DOMAINS_SET_STACK_SIZE: stack size set to    32768.
2026-03-20 07:40:31,654 - isca - DEBUG - &MPP_IO_NML
2026-03-20 07:40:31,654 - isca - DEBUG - HEADER_BUFFER_VAL       =       16384,
2026-03-20 07:40:31,654 - isca - DEBUG - GLOBAL_FIELD_ON_ROOT_PE = T,
2026-03-20 07:40:31,654 - isca - DEBUG - IO_CLOCKS_ON    = F,
2026-03-20 07:40:31,654 - isca - DEBUG - SHUFFLE =           0,
2026-03-20 07:40:31,654 - isca - DEBUG - DEFLATE_LEVEL   =          -1
2026-03-20 07:40:31,654 - isca - DEBUG - /
2026-03-20 07:40:31,655 - isca - DEBUG - NOTE from PE    0: MPP_IO_SET_STACK_SIZE: stack size set to     131072.
2026-03-20 07:40:31,656 - isca - DEBUG - NOTE from PE    0: MPP_DOMAINS_SET_STACK_SIZE: stack size set to   600000.
2026-03-20 07:40:31,664 - isca - DEBUG - starting            1  OpenMP threads per MPI-task
2026-03-20 07:40:31,666 - isca - DEBUG - ATMOS MODEL DOMAIN DECOMPOSITION
2026-03-20 07:40:31,666 - isca - DEBUG - X-AXIS =  128
2026-03-20 07:40:31,666 - isca - DEBUG - Y-AXIS =    4   4   4   4   4   4   4   4   4   4   4   4   4   4   4   4
2026-03-20 07:40:31,715 - isca - DEBUG - NOTE from PE    0: cloud_simple: Using SimCloud cloud scheme
2026-03-20 07:40:31,716 - isca - DEBUG - NOTE from PE    0: ls_cloud: Using Sundqvist (1989) cloud fraction diagnostic formula.
2026-03-20 07:40:31,717 - isca - DEBUG - NOTE from PE    0: cloud_cover: The cloud overlap assumption is MAXIMUM-RANDOM
2026-03-20 07:40:31,717 - isca - DEBUG - NOTE from PE    0: idealized_moist_phys: Using Frierson Quasi-Equilibrium convection scheme.
2026-03-20 07:40:31,725 - isca - DEBUG - 
2026-03-20 07:40:31,726 - isca - WARNING - WARNING from PE    0: socrates_init: lw_hires_spectral_filename is unset, making equal to lw_spectral_filename
2026-03-20 07:40:31,726 - isca - DEBUG - 
2026-03-20 07:40:31,726 - isca - DEBUG - 
2026-03-20 07:40:31,726 - isca - WARNING - WARNING from PE    0: socrates_init: lw_hires_spectral_filename is unset, making equal to lw_spectral_filename
2026-03-20 07:40:31,726 - isca - DEBUG - 
2026-03-20 07:40:31,726 - isca - DEBUG - 
2026-03-20 07:40:31,726 - isca - WARNING - WARNING from PE    0: socrates_init: sw_hires_spectral_filename is unset, making equal to sw_spectral_filename
2026-03-20 07:40:31,726 - isca - DEBUG - 
2026-03-20 07:40:31,726 - isca - DEBUG - 
2026-03-20 07:40:31,726 - isca - WARNING - WARNING from PE    0: socrates_init: sw_hires_spectral_filename is unset, making equal to sw_spectral_filename
2026-03-20 07:40:31,726 - isca - DEBUG - 
2026-03-20 07:40:32,866 - isca - DEBUG - NOTE from PE    0: Interpolator: Using input file with no time dimension - ozone_1990_notime_zero.nc
2026-03-20 07:40:32,866 - isca - DEBUG - Initializing src field : ozone_1990
2026-03-20 07:40:32,868 - isca - DEBUG - 
2026-03-20 07:40:32,868 - isca - DEBUG - -----------------------------------
2026-03-20 07:40:32,868 - isca - DEBUG - ____                       _
2026-03-20 07:40:32,868 - isca - DEBUG - / ___|  ___   ___ _ __ __ _| |_ ___  ___
2026-03-20 07:40:32,868 - isca - DEBUG - \___ \ / _ \ / __|  __/ _` | __/ _ \/ __|
2026-03-20 07:40:32,868 - isca - DEBUG - ___) | (_) | (__| | | (_| | ||  __/\__ \
2026-03-20 07:40:32,868 - isca - DEBUG - |____/ \___/ \___|_|  \__,_|\__\___||___/
2026-03-20 07:40:32,868 - isca - DEBUG - 
2026-03-20 07:40:32,868 - isca - DEBUG - Initialised Socrates v17.03
2026-03-20 07:40:32,868 - isca - DEBUG - Stellar constant =    1860.00000000000
2026-03-20 07:40:32,868 - isca - DEBUG - Longwave spectral file =
2026-03-20 07:40:32,868 - isca - DEBUG - /proj/bolinc/users/x_ryabo/socrates_edited_for_isca/spectral_files_for_GCMs/Sun
2026-03-20 07:40:32,868 - isca - DEBUG - /miniSuran_lw.sf WITH           16  bands
2026-03-20 07:40:32,868 - isca - DEBUG - Longwave hires spectral file =
2026-03-20 07:40:32,868 - isca - DEBUG - /proj/bolinc/users/x_ryabo/socrates_edited_for_isca/spectral_files_for_GCMs/Sun
2026-03-20 07:40:32,868 - isca - DEBUG - /miniSuran_lw.sf WITH           16  bands
2026-03-20 07:40:32,868 - isca - DEBUG - Shortwave spectral file =
2026-03-20 07:40:32,868 - isca - DEBUG - /proj/bolinc/users/x_ryabo/socrates_edited_for_isca/spectral_files_for_GCMs/Sun
2026-03-20 07:40:32,868 - isca - DEBUG - /miniSuran_sw.sf WITH           16  bands
2026-03-20 07:40:32,868 - isca - DEBUG - Shortwave hires spectral file =
2026-03-20 07:40:32,868 - isca - DEBUG - /proj/bolinc/users/x_ryabo/socrates_edited_for_isca/spectral_files_for_GCMs/Sun
2026-03-20 07:40:32,868 - isca - DEBUG - /miniSuran_sw.sf WITH           16  bands
2026-03-20 07:40:32,868 - isca - DEBUG - 
2026-03-20 07:40:32,868 - isca - DEBUG - -----------------------------------
2026-03-20 07:40:32,869 - isca - DEBUG - 
2026-03-20 07:41:00,557 - isca - DEBUG - Integration completed through    3 Mar  2   0: 0: 0
2026-03-20 07:41:28,161 - isca - DEBUG - Integration completed through    3 Mar  3   0: 0: 0
2026-03-20 07:41:55,799 - isca - DEBUG - Integration completed through    3 Mar  4   0: 0: 0
2026-03-20 07:42:23,470 - isca - DEBUG - Integration completed through    3 Mar  5   0: 0: 0
2026-03-20 07:42:51,111 - isca - DEBUG - Integration completed through    3 Mar  6   0: 0: 0
2026-03-20 07:43:18,763 - isca - DEBUG - Integration completed through    3 Mar  7   0: 0: 0
2026-03-20 07:43:46,462 - isca - DEBUG - Integration completed through    3 Mar  8   0: 0: 0
2026-03-20 07:44:14,146 - isca - DEBUG - Integration completed through    3 Mar  9   0: 0: 0
2026-03-20 07:44:41,775 - isca - DEBUG - Integration completed through    3 Mar 10   0: 0: 0
2026-03-20 07:45:09,465 - isca - DEBUG - Integration completed through    3 Mar 11   0: 0: 0
2026-03-20 07:45:37,116 - isca - DEBUG - Integration completed through    3 Mar 12   0: 0: 0
2026-03-20 07:46:04,783 - isca - DEBUG - Integration completed through    3 Mar 13   0: 0: 0
2026-03-20 07:46:32,509 - isca - DEBUG - Integration completed through    3 Mar 14   0: 0: 0
2026-03-20 07:47:00,238 - isca - DEBUG - Integration completed through    3 Mar 15   0: 0: 0
2026-03-20 07:47:27,922 - isca - DEBUG - Integration completed through    3 Mar 16   0: 0: 0
2026-03-20 07:47:55,585 - isca - DEBUG - Integration completed through    3 Mar 17   0: 0: 0
2026-03-20 07:48:23,353 - isca - DEBUG - Integration completed through    3 Mar 18   0: 0: 0
2026-03-20 07:48:51,037 - isca - DEBUG - Integration completed through    3 Mar 19   0: 0: 0
2026-03-20 07:49:18,761 - isca - DEBUG - Integration completed through    3 Mar 20   0: 0: 0
2026-03-20 07:49:46,531 - isca - DEBUG - Integration completed through    3 Mar 21   0: 0: 0
2026-03-20 07:50:14,315 - isca - DEBUG - Integration completed through    3 Mar 22   0: 0: 0
2026-03-20 07:50:42,111 - isca - DEBUG - Integration completed through    3 Mar 23   0: 0: 0
2026-03-20 07:51:09,928 - isca - DEBUG - Integration completed through    3 Mar 24   0: 0: 0
2026-03-20 07:51:37,752 - isca - DEBUG - Integration completed through    3 Mar 25   0: 0: 0
2026-03-20 07:52:05,525 - isca - DEBUG - Integration completed through    3 Mar 26   0: 0: 0
2026-03-20 07:52:33,347 - isca - DEBUG - Integration completed through    3 Mar 27   0: 0: 0
2026-03-20 07:53:01,083 - isca - DEBUG - Integration completed through    3 Mar 28   0: 0: 0
2026-03-20 07:53:29,017 - isca - DEBUG - Integration completed through    3 Mar 29   0: 0: 0
2026-03-20 07:53:56,828 - isca - DEBUG - Integration completed through    3 Mar 30   0: 0: 0
2026-03-20 07:54:24,544 - isca - DEBUG - Integration completed through    3 Apr  1   0: 0: 0
2026-03-20 07:54:24,552 - isca - DEBUG - 
2026-03-20 07:54:24,552 - isca - WARNING - WARNING from PE    0: diag_util_mod::opening_file: module/field_name (socrates/soc_toa_sw_down_clr) NOT registered
2026-03-20 07:54:24,552 - isca - DEBUG - 
2026-03-20 07:54:24,552 - isca - DEBUG - 
2026-03-20 07:54:24,552 - isca - WARNING - WARNING from PE    0: diag_util_mod::opening_file: module/field_name (cloud_simple/rh_min) NOT registered
2026-03-20 07:54:24,552 - isca - DEBUG - 
2026-03-20 07:54:24,552 - isca - DEBUG - 
2026-03-20 07:54:24,552 - isca - WARNING - WARNING from PE    0: diag_util_mod::opening_file: module/field_name (socrates/soc_toa_sw_down_clr) NOT registered
2026-03-20 07:54:24,552 - isca - DEBUG - 
2026-03-20 07:54:24,552 - isca - DEBUG - 
2026-03-20 07:54:24,552 - isca - WARNING - WARNING from PE    0: diag_util_mod::opening_file: module/field_name (cloud_simple/rh_min) NOT registered
2026-03-20 07:54:24,552 - isca - DEBUG - 
2026-03-20 07:54:24,562 - isca - DEBUG - NOTE from PE    0: MPP_IO_SET_STACK_SIZE: stack size set to     393216.
2026-03-20 07:54:24,659 - isca - DEBUG - MPP_DOMAINS_STACK high water mark=       49152
2026-03-20 07:54:24,659 - isca - DEBUG - 
2026-03-20 07:54:24,659 - isca - DEBUG - Tabulating mpp_clock statistics across     16 PEs...
2026-03-20 07:54:24,659 - isca - DEBUG - 
2026-03-20 07:54:24,659 - isca - DEBUG - tmin          tmax          tavg          tstd  tfrac grain pemin pemax
2026-03-20 07:54:24,659 - isca - DEBUG - Total runtime                       833.003387    833.007727    833.005867      0.001142  1.000     0     0    15
2026-03-20 07:54:24,660 - isca - DEBUG - MPP_STACK high water mark=           0
2026-03-20 07:54:24,805 - isca - INFO - Run 27 complete
2026-03-20 07:54:25,876 - isca - DEBUG - atmos_monthly.nc combined and copied to data directory
2026-03-20 07:54:29,061 - isca - INFO - Restart archive created at /proj/bolinc/users/x_ryabo/Isca-Ryan_outputs/Earth_1860/restarts/res0027.tar.gz
2026-03-20 07:54:29,073 - isca - INFO - Writing namelist to '/proj/bolinc/users/x_ryabo/Isca-Ryan_outputs/Earth_1860/run0027/input.nml'
2026-03-20 07:54:29,076 - isca - INFO - Writing field_table to '/proj/bolinc/users/x_ryabo/Isca-Ryan_outputs/Earth_1860/run0027/field_table'
2026-03-20 07:54:29,087 - isca - INFO - Writing diag_table to '/proj/bolinc/users/x_ryabo/Isca-Ryan_outputs/Earth_1860/run0027/diag_table'
2026-03-20 07:54:29,446 - isca - INFO - Emptied run directory '/home/x_ryabo/Isca-Ryan_tmp/experiment/Earth_1860/run'
2026-03-20 07:54:29,466 - isca - INFO - Emptied run directory '/home/x_ryabo/Isca-Ryan_tmp/experiment/Earth_1860/run'
2026-03-20 07:54:29,795 - isca - INFO - Writing namelist to '/home/x_ryabo/Isca-Ryan_tmp/experiment/Earth_1860/run/input.nml'
2026-03-20 07:54:29,797 - isca - INFO - Writing field_table to '/home/x_ryabo/Isca-Ryan_tmp/experiment/Earth_1860/run/field_table'
2026-03-20 07:54:29,812 - isca - INFO - Writing diag_table to '/home/x_ryabo/Isca-Ryan_tmp/experiment/Earth_1860/run/diag_table'
2026-03-20 07:54:29,825 - isca - INFO - Using restart file '/proj/bolinc/users/x_ryabo/Isca-Ryan_outputs/Earth_1860/restarts/res0027.tar.gz'
2026-03-20 07:54:30,239 - isca - INFO - Restart /proj/bolinc/users/x_ryabo/Isca-Ryan_outputs/Earth_1860/restarts/res0027.tar.gz extracted to /home/x_ryabo/Isca-Ryan_tmp/experiment/Earth_1860/run/INPUT
2026-03-20 07:54:30,240 - isca - INFO - Beginning run 28
2026-03-20 07:54:30,251 - isca - INFO - process running as 78619
2026-03-20 07:54:30,252 - isca - DEBUG - loadmodules for Isca on NSC cluster Tetralith
2026-03-20 07:54:30,252 - isca - DEBUG - mpiifort
2026-03-20 07:54:30,363 - isca - DEBUG - The following modules were not unloaded:
2026-03-20 07:54:30,363 - isca - DEBUG - (Use "module --force purge" to unload all):
2026-03-20 07:54:30,363 - isca - DEBUG - 
2026-03-20 07:54:30,363 - isca - DEBUG - 1) hpc/.1.10.1
2026-03-20 07:54:30,466 - isca - DEBUG - ***************************************************
2026-03-20 07:54:30,466 - isca - DEBUG - You have loaded a buildenv module
2026-03-20 07:54:30,466 - isca - DEBUG - ***************************************************
2026-03-20 07:54:30,466 - isca - DEBUG - The buldenv-intel module makes available:
2026-03-20 07:54:30,466 - isca - DEBUG - - Compilers: icc, ifort, etc.
2026-03-20 07:54:30,466 - isca - DEBUG - - Mpi library with mpi-wrapped compilers: intel mpi with mpicc, mpifort, etc.
2026-03-20 07:54:30,466 - isca - DEBUG - - Numerical libraries: intel MKL
2026-03-20 07:54:30,466 - isca - DEBUG - 
2026-03-20 07:54:30,466 - isca - DEBUG - It also makes a set of dependency library modules available via
2026-03-20 07:54:30,466 - isca - DEBUG - the regular module command. Just do:
2026-03-20 07:54:30,466 - isca - DEBUG - module avail
2026-03-20 07:54:30,466 - isca - DEBUG - to see what is available.
2026-03-20 07:54:30,466 - isca - DEBUG - 
2026-03-20 07:54:30,466 - isca - DEBUG - NOTE: You shoud never load build environments inside submitted jobs.
2026-03-20 07:54:30,466 - isca - DEBUG - (with the single exception of when using supercomputer time to compile code.)
2026-03-20 07:54:30,466 - isca - DEBUG - 
2026-03-20 07:54:35,202 - isca - DEBUG - NOTE from PE    0: MPP_DOMAINS_SET_STACK_SIZE: stack size set to    32768.
2026-03-20 07:54:35,202 - isca - DEBUG - &MPP_IO_NML
2026-03-20 07:54:35,202 - isca - DEBUG - HEADER_BUFFER_VAL       =       16384,
2026-03-20 07:54:35,202 - isca - DEBUG - GLOBAL_FIELD_ON_ROOT_PE = T,
2026-03-20 07:54:35,202 - isca - DEBUG - IO_CLOCKS_ON    = F,
2026-03-20 07:54:35,202 - isca - DEBUG - SHUFFLE =           0,
2026-03-20 07:54:35,202 - isca - DEBUG - DEFLATE_LEVEL   =          -1
2026-03-20 07:54:35,202 - isca - DEBUG - /
2026-03-20 07:54:35,203 - isca - DEBUG - NOTE from PE    0: MPP_IO_SET_STACK_SIZE: stack size set to     131072.
2026-03-20 07:54:35,204 - isca - DEBUG - NOTE from PE    0: MPP_DOMAINS_SET_STACK_SIZE: stack size set to   600000.
2026-03-20 07:54:35,212 - isca - DEBUG - starting            1  OpenMP threads per MPI-task
2026-03-20 07:54:35,214 - isca - DEBUG - ATMOS MODEL DOMAIN DECOMPOSITION
2026-03-20 07:54:35,214 - isca - DEBUG - X-AXIS =  128
2026-03-20 07:54:35,214 - isca - DEBUG - Y-AXIS =    4   4   4   4   4   4   4   4   4   4   4   4   4   4   4   4
2026-03-20 07:54:35,267 - isca - DEBUG - NOTE from PE    0: cloud_simple: Using SimCloud cloud scheme
2026-03-20 07:54:35,268 - isca - DEBUG - NOTE from PE    0: ls_cloud: Using Sundqvist (1989) cloud fraction diagnostic formula.
2026-03-20 07:54:35,268 - isca - DEBUG - NOTE from PE    0: cloud_cover: The cloud overlap assumption is MAXIMUM-RANDOM
2026-03-20 07:54:35,268 - isca - DEBUG - NOTE from PE    0: idealized_moist_phys: Using Frierson Quasi-Equilibrium convection scheme.
2026-03-20 07:54:35,277 - isca - DEBUG - 
2026-03-20 07:54:35,277 - isca - WARNING - WARNING from PE    0: socrates_init: lw_hires_spectral_filename is unset, making equal to lw_spectral_filename
2026-03-20 07:54:35,277 - isca - DEBUG - 
2026-03-20 07:54:35,277 - isca - DEBUG - 
2026-03-20 07:54:35,277 - isca - WARNING - WARNING from PE    0: socrates_init: lw_hires_spectral_filename is unset, making equal to lw_spectral_filename
2026-03-20 07:54:35,277 - isca - DEBUG - 
2026-03-20 07:54:35,277 - isca - DEBUG - 
2026-03-20 07:54:35,278 - isca - WARNING - WARNING from PE    0: socrates_init: sw_hires_spectral_filename is unset, making equal to sw_spectral_filename
2026-03-20 07:54:35,278 - isca - DEBUG - 
2026-03-20 07:54:35,278 - isca - DEBUG - 
2026-03-20 07:54:35,278 - isca - WARNING - WARNING from PE    0: socrates_init: sw_hires_spectral_filename is unset, making equal to sw_spectral_filename
2026-03-20 07:54:35,278 - isca - DEBUG - 
2026-03-20 07:54:36,455 - isca - DEBUG - NOTE from PE    0: Interpolator: Using input file with no time dimension - ozone_1990_notime_zero.nc
2026-03-20 07:54:36,455 - isca - DEBUG - Initializing src field : ozone_1990
2026-03-20 07:54:36,457 - isca - DEBUG - 
2026-03-20 07:54:36,457 - isca - DEBUG - -----------------------------------
2026-03-20 07:54:36,457 - isca - DEBUG - ____                       _
2026-03-20 07:54:36,457 - isca - DEBUG - / ___|  ___   ___ _ __ __ _| |_ ___  ___
2026-03-20 07:54:36,457 - isca - DEBUG - \___ \ / _ \ / __|  __/ _` | __/ _ \/ __|
2026-03-20 07:54:36,457 - isca - DEBUG - ___) | (_) | (__| | | (_| | ||  __/\__ \
2026-03-20 07:54:36,457 - isca - DEBUG - |____/ \___/ \___|_|  \__,_|\__\___||___/
2026-03-20 07:54:36,457 - isca - DEBUG - 
2026-03-20 07:54:36,457 - isca - DEBUG - Initialised Socrates v17.03
2026-03-20 07:54:36,457 - isca - DEBUG - Stellar constant =    1860.00000000000
2026-03-20 07:54:36,457 - isca - DEBUG - Longwave spectral file =
2026-03-20 07:54:36,457 - isca - DEBUG - /proj/bolinc/users/x_ryabo/socrates_edited_for_isca/spectral_files_for_GCMs/Sun
2026-03-20 07:54:36,457 - isca - DEBUG - /miniSuran_lw.sf WITH           16  bands
2026-03-20 07:54:36,457 - isca - DEBUG - Longwave hires spectral file =
2026-03-20 07:54:36,458 - isca - DEBUG - /proj/bolinc/users/x_ryabo/socrates_edited_for_isca/spectral_files_for_GCMs/Sun
2026-03-20 07:54:36,458 - isca - DEBUG - /miniSuran_lw.sf WITH           16  bands
2026-03-20 07:54:36,458 - isca - DEBUG - Shortwave spectral file =
2026-03-20 07:54:36,458 - isca - DEBUG - /proj/bolinc/users/x_ryabo/socrates_edited_for_isca/spectral_files_for_GCMs/Sun
2026-03-20 07:54:36,458 - isca - DEBUG - /miniSuran_sw.sf WITH           16  bands
2026-03-20 07:54:36,458 - isca - DEBUG - Shortwave hires spectral file =
2026-03-20 07:54:36,458 - isca - DEBUG - /proj/bolinc/users/x_ryabo/socrates_edited_for_isca/spectral_files_for_GCMs/Sun
2026-03-20 07:54:36,458 - isca - DEBUG - /miniSuran_sw.sf WITH           16  bands
2026-03-20 07:54:36,458 - isca - DEBUG - 
2026-03-20 07:54:36,458 - isca - DEBUG - -----------------------------------
2026-03-20 07:54:36,458 - isca - DEBUG - 
2026-03-20 07:55:04,157 - isca - DEBUG - Integration completed through    3 Apr  2   0: 0: 0
2026-03-20 07:55:31,837 - isca - DEBUG - Integration completed through    3 Apr  3   0: 0: 0
2026-03-20 07:55:59,536 - isca - DEBUG - Integration completed through    3 Apr  4   0: 0: 0
2026-03-20 07:56:27,268 - isca - DEBUG - Integration completed through    3 Apr  5   0: 0: 0
2026-03-20 07:56:54,885 - isca - DEBUG - Integration completed through    3 Apr  6   0: 0: 0
2026-03-20 07:57:22,546 - isca - DEBUG - Integration completed through    3 Apr  7   0: 0: 0
2026-03-20 07:57:50,166 - isca - DEBUG - Integration completed through    3 Apr  8   0: 0: 0
2026-03-20 07:58:17,783 - isca - DEBUG - Integration completed through    3 Apr  9   0: 0: 0
2026-03-20 07:58:45,374 - isca - DEBUG - Integration completed through    3 Apr 10   0: 0: 0
2026-03-20 07:59:13,008 - isca - DEBUG - Integration completed through    3 Apr 11   0: 0: 0
2026-03-20 07:59:40,605 - isca - DEBUG - Integration completed through    3 Apr 12   0: 0: 0
2026-03-20 08:00:08,318 - isca - DEBUG - Integration completed through    3 Apr 13   0: 0: 0
2026-03-20 08:00:35,976 - isca - DEBUG - Integration completed through    3 Apr 14   0: 0: 0
2026-03-20 08:01:03,588 - isca - DEBUG - Integration completed through    3 Apr 15   0: 0: 0
2026-03-20 08:01:31,194 - isca - DEBUG - Integration completed through    3 Apr 16   0: 0: 0
2026-03-20 08:01:58,803 - isca - DEBUG - Integration completed through    3 Apr 17   0: 0: 0
2026-03-20 08:02:26,415 - isca - DEBUG - Integration completed through    3 Apr 18   0: 0: 0
2026-03-20 08:02:54,068 - isca - DEBUG - Integration completed through    3 Apr 19   0: 0: 0
2026-03-20 08:03:21,680 - isca - DEBUG - Integration completed through    3 Apr 20   0: 0: 0
2026-03-20 08:03:49,368 - isca - DEBUG - Integration completed through    3 Apr 21   0: 0: 0
2026-03-20 08:04:17,018 - isca - DEBUG - Integration completed through    3 Apr 22   0: 0: 0
2026-03-20 08:04:44,614 - isca - DEBUG - Integration completed through    3 Apr 23   0: 0: 0
2026-03-20 08:05:12,231 - isca - DEBUG - Integration completed through    3 Apr 24   0: 0: 0
2026-03-20 08:05:39,829 - isca - DEBUG - Integration completed through    3 Apr 25   0: 0: 0
2026-03-20 08:06:07,448 - isca - DEBUG - Integration completed through    3 Apr 26   0: 0: 0
2026-03-20 08:06:35,042 - isca - DEBUG - Integration completed through    3 Apr 27   0: 0: 0
2026-03-20 08:07:02,664 - isca - DEBUG - Integration completed through    3 Apr 28   0: 0: 0
2026-03-20 08:07:30,293 - isca - DEBUG - Integration completed through    3 Apr 29   0: 0: 0
2026-03-20 08:07:57,923 - isca - DEBUG - Integration completed through    3 Apr 30   0: 0: 0
2026-03-20 08:08:25,487 - isca - DEBUG - Integration completed through    3 May  1   0: 0: 0
2026-03-20 08:08:25,555 - isca - DEBUG - 
2026-03-20 08:08:25,555 - isca - WARNING - WARNING from PE    0: diag_util_mod::opening_file: module/field_name (socrates/soc_toa_sw_down_clr) NOT registered
2026-03-20 08:08:25,555 - isca - DEBUG - 
2026-03-20 08:08:25,555 - isca - DEBUG - 
2026-03-20 08:08:25,555 - isca - WARNING - WARNING from PE    0: diag_util_mod::opening_file: module/field_name (cloud_simple/rh_min) NOT registered
2026-03-20 08:08:25,555 - isca - DEBUG - 
2026-03-20 08:08:25,555 - isca - DEBUG - 
2026-03-20 08:08:25,555 - isca - WARNING - WARNING from PE    0: diag_util_mod::opening_file: module/field_name (socrates/soc_toa_sw_down_clr) NOT registered
2026-03-20 08:08:25,555 - isca - DEBUG - 
2026-03-20 08:08:25,556 - isca - DEBUG - 
2026-03-20 08:08:25,556 - isca - WARNING - WARNING from PE    0: diag_util_mod::opening_file: module/field_name (cloud_simple/rh_min) NOT registered
2026-03-20 08:08:25,556 - isca - DEBUG - 
2026-03-20 08:08:25,565 - isca - DEBUG - NOTE from PE    0: MPP_IO_SET_STACK_SIZE: stack size set to     393216.
2026-03-20 08:08:25,683 - isca - DEBUG - MPP_DOMAINS_STACK high water mark=       49152
2026-03-20 08:08:25,683 - isca - DEBUG - 
2026-03-20 08:08:25,684 - isca - DEBUG - Tabulating mpp_clock statistics across     16 PEs...
2026-03-20 08:08:25,684 - isca - DEBUG - 
2026-03-20 08:08:25,684 - isca - DEBUG - tmin          tmax          tavg          tstd  tfrac grain pemin pemax
2026-03-20 08:08:25,684 - isca - DEBUG - Total runtime                       830.479759    830.484192    830.482194      0.001411  1.000     0     0    15
2026-03-20 08:08:25,684 - isca - DEBUG - MPP_STACK high water mark=           0
2026-03-20 08:08:25,865 - isca - INFO - Run 28 complete
2026-03-20 08:08:26,974 - isca - DEBUG - atmos_monthly.nc combined and copied to data directory
2026-03-20 08:08:30,173 - isca - INFO - Restart archive created at /proj/bolinc/users/x_ryabo/Isca-Ryan_outputs/Earth_1860/restarts/res0028.tar.gz
2026-03-20 08:08:30,186 - isca - INFO - Writing namelist to '/proj/bolinc/users/x_ryabo/Isca-Ryan_outputs/Earth_1860/run0028/input.nml'
2026-03-20 08:08:30,188 - isca - INFO - Writing field_table to '/proj/bolinc/users/x_ryabo/Isca-Ryan_outputs/Earth_1860/run0028/field_table'
2026-03-20 08:08:30,199 - isca - INFO - Writing diag_table to '/proj/bolinc/users/x_ryabo/Isca-Ryan_outputs/Earth_1860/run0028/diag_table'
2026-03-20 08:08:30,591 - isca - INFO - Emptied run directory '/home/x_ryabo/Isca-Ryan_tmp/experiment/Earth_1860/run'
2026-03-20 08:08:30,609 - isca - INFO - Emptied run directory '/home/x_ryabo/Isca-Ryan_tmp/experiment/Earth_1860/run'
2026-03-20 08:08:30,939 - isca - INFO - Writing namelist to '/home/x_ryabo/Isca-Ryan_tmp/experiment/Earth_1860/run/input.nml'
2026-03-20 08:08:30,940 - isca - INFO - Writing field_table to '/home/x_ryabo/Isca-Ryan_tmp/experiment/Earth_1860/run/field_table'
2026-03-20 08:08:30,953 - isca - INFO - Writing diag_table to '/home/x_ryabo/Isca-Ryan_tmp/experiment/Earth_1860/run/diag_table'
2026-03-20 08:08:30,967 - isca - INFO - Using restart file '/proj/bolinc/users/x_ryabo/Isca-Ryan_outputs/Earth_1860/restarts/res0028.tar.gz'
2026-03-20 08:08:31,380 - isca - INFO - Restart /proj/bolinc/users/x_ryabo/Isca-Ryan_outputs/Earth_1860/restarts/res0028.tar.gz extracted to /home/x_ryabo/Isca-Ryan_tmp/experiment/Earth_1860/run/INPUT
2026-03-20 08:08:31,381 - isca - INFO - Beginning run 29
2026-03-20 08:08:31,397 - isca - INFO - process running as 79601
2026-03-20 08:08:31,397 - isca - DEBUG - loadmodules for Isca on NSC cluster Tetralith
2026-03-20 08:08:31,397 - isca - DEBUG - mpiifort
2026-03-20 08:08:31,506 - isca - DEBUG - The following modules were not unloaded:
2026-03-20 08:08:31,506 - isca - DEBUG - (Use "module --force purge" to unload all):
2026-03-20 08:08:31,506 - isca - DEBUG - 
2026-03-20 08:08:31,506 - isca - DEBUG - 1) hpc/.1.10.1
2026-03-20 08:08:31,608 - isca - DEBUG - ***************************************************
2026-03-20 08:08:31,608 - isca - DEBUG - You have loaded a buildenv module
2026-03-20 08:08:31,608 - isca - DEBUG - ***************************************************
2026-03-20 08:08:31,608 - isca - DEBUG - The buldenv-intel module makes available:
2026-03-20 08:08:31,608 - isca - DEBUG - - Compilers: icc, ifort, etc.
2026-03-20 08:08:31,608 - isca - DEBUG - - Mpi library with mpi-wrapped compilers: intel mpi with mpicc, mpifort, etc.
2026-03-20 08:08:31,608 - isca - DEBUG - - Numerical libraries: intel MKL
2026-03-20 08:08:31,608 - isca - DEBUG - 
2026-03-20 08:08:31,608 - isca - DEBUG - It also makes a set of dependency library modules available via
2026-03-20 08:08:31,608 - isca - DEBUG - the regular module command. Just do:
2026-03-20 08:08:31,608 - isca - DEBUG - module avail
2026-03-20 08:08:31,608 - isca - DEBUG - to see what is available.
2026-03-20 08:08:31,608 - isca - DEBUG - 
2026-03-20 08:08:31,608 - isca - DEBUG - NOTE: You shoud never load build environments inside submitted jobs.
2026-03-20 08:08:31,608 - isca - DEBUG - (with the single exception of when using supercomputer time to compile code.)
2026-03-20 08:08:31,608 - isca - DEBUG - 
2026-03-20 08:08:32,814 - isca - DEBUG - NOTE from PE    0: MPP_DOMAINS_SET_STACK_SIZE: stack size set to    32768.
2026-03-20 08:08:32,814 - isca - DEBUG - &MPP_IO_NML
2026-03-20 08:08:32,815 - isca - DEBUG - HEADER_BUFFER_VAL       =       16384,
2026-03-20 08:08:32,815 - isca - DEBUG - GLOBAL_FIELD_ON_ROOT_PE = T,
2026-03-20 08:08:32,815 - isca - DEBUG - IO_CLOCKS_ON    = F,
2026-03-20 08:08:32,815 - isca - DEBUG - SHUFFLE =           0,
2026-03-20 08:08:32,815 - isca - DEBUG - DEFLATE_LEVEL   =          -1
2026-03-20 08:08:32,815 - isca - DEBUG - /
2026-03-20 08:08:32,816 - isca - DEBUG - NOTE from PE    0: MPP_IO_SET_STACK_SIZE: stack size set to     131072.
2026-03-20 08:08:32,817 - isca - DEBUG - NOTE from PE    0: MPP_DOMAINS_SET_STACK_SIZE: stack size set to   600000.
2026-03-20 08:08:32,824 - isca - DEBUG - starting            1  OpenMP threads per MPI-task
2026-03-20 08:08:32,826 - isca - DEBUG - ATMOS MODEL DOMAIN DECOMPOSITION
2026-03-20 08:08:32,826 - isca - DEBUG - X-AXIS =  128
2026-03-20 08:08:32,826 - isca - DEBUG - Y-AXIS =    4   4   4   4   4   4   4   4   4   4   4   4   4   4   4   4
2026-03-20 08:08:32,876 - isca - DEBUG - NOTE from PE    0: cloud_simple: Using SimCloud cloud scheme
2026-03-20 08:08:32,878 - isca - DEBUG - NOTE from PE    0: ls_cloud: Using Sundqvist (1989) cloud fraction diagnostic formula.
2026-03-20 08:08:32,878 - isca - DEBUG - NOTE from PE    0: cloud_cover: The cloud overlap assumption is MAXIMUM-RANDOM
2026-03-20 08:08:32,878 - isca - DEBUG - NOTE from PE    0: idealized_moist_phys: Using Frierson Quasi-Equilibrium convection scheme.
2026-03-20 08:08:32,886 - isca - DEBUG - 
2026-03-20 08:08:32,887 - isca - WARNING - WARNING from PE    0: socrates_init: lw_hires_spectral_filename is unset, making equal to lw_spectral_filename
2026-03-20 08:08:32,887 - isca - DEBUG - 
2026-03-20 08:08:32,887 - isca - DEBUG - 
2026-03-20 08:08:32,887 - isca - WARNING - WARNING from PE    0: socrates_init: lw_hires_spectral_filename is unset, making equal to lw_spectral_filename
2026-03-20 08:08:32,887 - isca - DEBUG - 
2026-03-20 08:08:32,887 - isca - DEBUG - 
2026-03-20 08:08:32,887 - isca - WARNING - WARNING from PE    0: socrates_init: sw_hires_spectral_filename is unset, making equal to sw_spectral_filename
2026-03-20 08:08:32,887 - isca - DEBUG - 
2026-03-20 08:08:32,887 - isca - DEBUG - 
2026-03-20 08:08:32,887 - isca - WARNING - WARNING from PE    0: socrates_init: sw_hires_spectral_filename is unset, making equal to sw_spectral_filename
2026-03-20 08:08:32,887 - isca - DEBUG - 
2026-03-20 08:08:33,995 - isca - DEBUG - NOTE from PE    0: Interpolator: Using input file with no time dimension - ozone_1990_notime_zero.nc
2026-03-20 08:08:33,995 - isca - DEBUG - Initializing src field : ozone_1990
2026-03-20 08:08:33,997 - isca - DEBUG - 
2026-03-20 08:08:33,997 - isca - DEBUG - -----------------------------------
2026-03-20 08:08:33,997 - isca - DEBUG - ____                       _
2026-03-20 08:08:33,997 - isca - DEBUG - / ___|  ___   ___ _ __ __ _| |_ ___  ___
2026-03-20 08:08:33,997 - isca - DEBUG - \___ \ / _ \ / __|  __/ _` | __/ _ \/ __|
2026-03-20 08:08:33,997 - isca - DEBUG - ___) | (_) | (__| | | (_| | ||  __/\__ \
2026-03-20 08:08:33,997 - isca - DEBUG - |____/ \___/ \___|_|  \__,_|\__\___||___/
2026-03-20 08:08:33,997 - isca - DEBUG - 
2026-03-20 08:08:33,997 - isca - DEBUG - Initialised Socrates v17.03
2026-03-20 08:08:33,997 - isca - DEBUG - Stellar constant =    1860.00000000000
2026-03-20 08:08:33,997 - isca - DEBUG - Longwave spectral file =
2026-03-20 08:08:33,997 - isca - DEBUG - /proj/bolinc/users/x_ryabo/socrates_edited_for_isca/spectral_files_for_GCMs/Sun
2026-03-20 08:08:33,997 - isca - DEBUG - /miniSuran_lw.sf WITH           16  bands
2026-03-20 08:08:33,997 - isca - DEBUG - Longwave hires spectral file =
2026-03-20 08:08:33,997 - isca - DEBUG - /proj/bolinc/users/x_ryabo/socrates_edited_for_isca/spectral_files_for_GCMs/Sun
2026-03-20 08:08:33,997 - isca - DEBUG - /miniSuran_lw.sf WITH           16  bands
2026-03-20 08:08:33,997 - isca - DEBUG - Shortwave spectral file =
2026-03-20 08:08:33,997 - isca - DEBUG - /proj/bolinc/users/x_ryabo/socrates_edited_for_isca/spectral_files_for_GCMs/Sun
2026-03-20 08:08:33,997 - isca - DEBUG - /miniSuran_sw.sf WITH           16  bands
2026-03-20 08:08:33,997 - isca - DEBUG - Shortwave hires spectral file =
2026-03-20 08:08:33,997 - isca - DEBUG - /proj/bolinc/users/x_ryabo/socrates_edited_for_isca/spectral_files_for_GCMs/Sun
2026-03-20 08:08:33,998 - isca - DEBUG - /miniSuran_sw.sf WITH           16  bands
2026-03-20 08:08:33,998 - isca - DEBUG - 
2026-03-20 08:08:33,998 - isca - DEBUG - -----------------------------------
2026-03-20 08:08:33,998 - isca - DEBUG - 
2026-03-20 08:09:01,590 - isca - DEBUG - Integration completed through    3 May  2   0: 0: 0
2026-03-20 08:09:29,068 - isca - DEBUG - Integration completed through    3 May  3   0: 0: 0
2026-03-20 08:09:56,575 - isca - DEBUG - Integration completed through    3 May  4   0: 0: 0
2026-03-20 08:10:24,122 - isca - DEBUG - Integration completed through    3 May  5   0: 0: 0
2026-03-20 08:10:51,670 - isca - DEBUG - Integration completed through    3 May  6   0: 0: 0
2026-03-20 08:11:19,152 - isca - DEBUG - Integration completed through    3 May  7   0: 0: 0
2026-03-20 08:11:46,681 - isca - DEBUG - Integration completed through    3 May  8   0: 0: 0
2026-03-20 08:12:14,155 - isca - DEBUG - Integration completed through    3 May  9   0: 0: 0
2026-03-20 08:12:41,601 - isca - DEBUG - Integration completed through    3 May 10   0: 0: 0
2026-03-20 08:13:09,119 - isca - DEBUG - Integration completed through    3 May 11   0: 0: 0
2026-03-20 08:13:36,698 - isca - DEBUG - Integration completed through    3 May 12   0: 0: 0
2026-03-20 08:14:04,279 - isca - DEBUG - Integration completed through    3 May 13   0: 0: 0
2026-03-20 08:14:31,768 - isca - DEBUG - Integration completed through    3 May 14   0: 0: 0
2026-03-20 08:14:59,272 - isca - DEBUG - Integration completed through    3 May 15   0: 0: 0
2026-03-20 08:15:26,785 - isca - DEBUG - Integration completed through    3 May 16   0: 0: 0
2026-03-20 08:15:54,335 - isca - DEBUG - Integration completed through    3 May 17   0: 0: 0
2026-03-20 08:16:21,841 - isca - DEBUG - Integration completed through    3 May 18   0: 0: 0
2026-03-20 08:16:49,428 - isca - DEBUG - Integration completed through    3 May 19   0: 0: 0
2026-03-20 08:17:16,925 - isca - DEBUG - Integration completed through    3 May 20   0: 0: 0
2026-03-20 08:17:44,487 - isca - DEBUG - Integration completed through    3 May 21   0: 0: 0
2026-03-20 08:18:12,018 - isca - DEBUG - Integration completed through    3 May 22   0: 0: 0
2026-03-20 08:18:39,494 - isca - DEBUG - Integration completed through    3 May 23   0: 0: 0
2026-03-20 08:19:07,002 - isca - DEBUG - Integration completed through    3 May 24   0: 0: 0
2026-03-20 08:19:34,551 - isca - DEBUG - Integration completed through    3 May 25   0: 0: 0
2026-03-20 08:20:02,125 - isca - DEBUG - Integration completed through    3 May 26   0: 0: 0
2026-03-20 08:20:29,693 - isca - DEBUG - Integration completed through    3 May 27   0: 0: 0
2026-03-20 08:20:57,259 - isca - DEBUG - Integration completed through    3 May 28   0: 0: 0
2026-03-20 08:21:24,786 - isca - DEBUG - Integration completed through    3 May 29   0: 0: 0
2026-03-20 08:21:52,322 - isca - DEBUG - Integration completed through    3 May 30   0: 0: 0
2026-03-20 08:22:19,902 - isca - DEBUG - Integration completed through    3 Jun  1   0: 0: 0
2026-03-20 08:22:19,910 - isca - DEBUG - 
2026-03-20 08:22:19,910 - isca - WARNING - WARNING from PE    0: diag_util_mod::opening_file: module/field_name (socrates/soc_toa_sw_down_clr) NOT registered
2026-03-20 08:22:19,910 - isca - DEBUG - 
2026-03-20 08:22:19,910 - isca - DEBUG - 
2026-03-20 08:22:19,910 - isca - WARNING - WARNING from PE    0: diag_util_mod::opening_file: module/field_name (cloud_simple/rh_min) NOT registered
2026-03-20 08:22:19,910 - isca - DEBUG - 
2026-03-20 08:22:19,910 - isca - DEBUG - 
2026-03-20 08:22:19,910 - isca - WARNING - WARNING from PE    0: diag_util_mod::opening_file: module/field_name (socrates/soc_toa_sw_down_clr) NOT registered
2026-03-20 08:22:19,910 - isca - DEBUG - 
2026-03-20 08:22:19,910 - isca - DEBUG - 
2026-03-20 08:22:19,910 - isca - WARNING - WARNING from PE    0: diag_util_mod::opening_file: module/field_name (cloud_simple/rh_min) NOT registered
2026-03-20 08:22:19,910 - isca - DEBUG - 
2026-03-20 08:22:19,920 - isca - DEBUG - NOTE from PE    0: MPP_IO_SET_STACK_SIZE: stack size set to     393216.
2026-03-20 08:22:20,064 - isca - DEBUG - MPP_DOMAINS_STACK high water mark=       49152
2026-03-20 08:22:20,065 - isca - DEBUG - 
2026-03-20 08:22:20,065 - isca - DEBUG - Tabulating mpp_clock statistics across     16 PEs...
2026-03-20 08:22:20,065 - isca - DEBUG - 
2026-03-20 08:22:20,065 - isca - DEBUG - tmin          tmax          tavg          tstd  tfrac grain pemin pemax
2026-03-20 08:22:20,065 - isca - DEBUG - Total runtime                       827.249396    827.253787    827.251536      0.001366  1.000     0     0    15
2026-03-20 08:22:20,065 - isca - DEBUG - MPP_STACK high water mark=           0
2026-03-20 08:22:20,168 - isca - INFO - Run 29 complete
2026-03-20 08:22:21,233 - isca - DEBUG - atmos_monthly.nc combined and copied to data directory
2026-03-20 08:22:24,447 - isca - INFO - Restart archive created at /proj/bolinc/users/x_ryabo/Isca-Ryan_outputs/Earth_1860/restarts/res0029.tar.gz
2026-03-20 08:22:24,509 - isca - INFO - Writing namelist to '/proj/bolinc/users/x_ryabo/Isca-Ryan_outputs/Earth_1860/run0029/input.nml'
2026-03-20 08:22:24,511 - isca - INFO - Writing field_table to '/proj/bolinc/users/x_ryabo/Isca-Ryan_outputs/Earth_1860/run0029/field_table'
2026-03-20 08:22:24,522 - isca - INFO - Writing diag_table to '/proj/bolinc/users/x_ryabo/Isca-Ryan_outputs/Earth_1860/run0029/diag_table'
2026-03-20 08:22:24,878 - isca - INFO - Emptied run directory '/home/x_ryabo/Isca-Ryan_tmp/experiment/Earth_1860/run'
2026-03-20 08:22:24,898 - isca - INFO - Emptied run directory '/home/x_ryabo/Isca-Ryan_tmp/experiment/Earth_1860/run'
2026-03-20 08:22:25,222 - isca - INFO - Writing namelist to '/home/x_ryabo/Isca-Ryan_tmp/experiment/Earth_1860/run/input.nml'
2026-03-20 08:22:25,224 - isca - INFO - Writing field_table to '/home/x_ryabo/Isca-Ryan_tmp/experiment/Earth_1860/run/field_table'
2026-03-20 08:22:25,236 - isca - INFO - Writing diag_table to '/home/x_ryabo/Isca-Ryan_tmp/experiment/Earth_1860/run/diag_table'
2026-03-20 08:22:25,249 - isca - INFO - Using restart file '/proj/bolinc/users/x_ryabo/Isca-Ryan_outputs/Earth_1860/restarts/res0029.tar.gz'
2026-03-20 08:22:25,774 - isca - INFO - Restart /proj/bolinc/users/x_ryabo/Isca-Ryan_outputs/Earth_1860/restarts/res0029.tar.gz extracted to /home/x_ryabo/Isca-Ryan_tmp/experiment/Earth_1860/run/INPUT
2026-03-20 08:22:25,774 - isca - INFO - Beginning run 30
2026-03-20 08:22:25,786 - isca - INFO - process running as 80521
2026-03-20 08:22:25,786 - isca - DEBUG - loadmodules for Isca on NSC cluster Tetralith
2026-03-20 08:22:25,786 - isca - DEBUG - mpiifort
2026-03-20 08:22:25,899 - isca - DEBUG - The following modules were not unloaded:
2026-03-20 08:22:25,899 - isca - DEBUG - (Use "module --force purge" to unload all):
2026-03-20 08:22:25,899 - isca - DEBUG - 
2026-03-20 08:22:25,899 - isca - DEBUG - 1) hpc/.1.10.1
2026-03-20 08:22:26,000 - isca - DEBUG - ***************************************************
2026-03-20 08:22:26,000 - isca - DEBUG - You have loaded a buildenv module
2026-03-20 08:22:26,000 - isca - DEBUG - ***************************************************
2026-03-20 08:22:26,000 - isca - DEBUG - The buldenv-intel module makes available:
2026-03-20 08:22:26,000 - isca - DEBUG - - Compilers: icc, ifort, etc.
2026-03-20 08:22:26,000 - isca - DEBUG - - Mpi library with mpi-wrapped compilers: intel mpi with mpicc, mpifort, etc.
2026-03-20 08:22:26,000 - isca - DEBUG - - Numerical libraries: intel MKL
2026-03-20 08:22:26,000 - isca - DEBUG - 
2026-03-20 08:22:26,000 - isca - DEBUG - It also makes a set of dependency library modules available via
2026-03-20 08:22:26,001 - isca - DEBUG - the regular module command. Just do:
2026-03-20 08:22:26,001 - isca - DEBUG - module avail
2026-03-20 08:22:26,001 - isca - DEBUG - to see what is available.
2026-03-20 08:22:26,001 - isca - DEBUG - 
2026-03-20 08:22:26,001 - isca - DEBUG - NOTE: You shoud never load build environments inside submitted jobs.
2026-03-20 08:22:26,001 - isca - DEBUG - (with the single exception of when using supercomputer time to compile code.)
2026-03-20 08:22:26,001 - isca - DEBUG - 
2026-03-20 08:22:27,185 - isca - DEBUG - NOTE from PE    0: MPP_DOMAINS_SET_STACK_SIZE: stack size set to    32768.
2026-03-20 08:22:27,185 - isca - DEBUG - &MPP_IO_NML
2026-03-20 08:22:27,185 - isca - DEBUG - HEADER_BUFFER_VAL       =       16384,
2026-03-20 08:22:27,185 - isca - DEBUG - GLOBAL_FIELD_ON_ROOT_PE = T,
2026-03-20 08:22:27,185 - isca - DEBUG - IO_CLOCKS_ON    = F,
2026-03-20 08:22:27,185 - isca - DEBUG - SHUFFLE =           0,
2026-03-20 08:22:27,185 - isca - DEBUG - DEFLATE_LEVEL   =          -1
2026-03-20 08:22:27,185 - isca - DEBUG - /
2026-03-20 08:22:27,187 - isca - DEBUG - NOTE from PE    0: MPP_IO_SET_STACK_SIZE: stack size set to     131072.
2026-03-20 08:22:27,188 - isca - DEBUG - NOTE from PE    0: MPP_DOMAINS_SET_STACK_SIZE: stack size set to   600000.
2026-03-20 08:22:27,195 - isca - DEBUG - starting            1  OpenMP threads per MPI-task
2026-03-20 08:22:27,196 - isca - DEBUG - ATMOS MODEL DOMAIN DECOMPOSITION
2026-03-20 08:22:27,196 - isca - DEBUG - X-AXIS =  128
2026-03-20 08:22:27,196 - isca - DEBUG - Y-AXIS =    4   4   4   4   4   4   4   4   4   4   4   4   4   4   4   4
2026-03-20 08:22:27,246 - isca - DEBUG - NOTE from PE    0: cloud_simple: Using SimCloud cloud scheme
2026-03-20 08:22:27,247 - isca - DEBUG - NOTE from PE    0: ls_cloud: Using Sundqvist (1989) cloud fraction diagnostic formula.
2026-03-20 08:22:27,247 - isca - DEBUG - NOTE from PE    0: cloud_cover: The cloud overlap assumption is MAXIMUM-RANDOM
2026-03-20 08:22:27,247 - isca - DEBUG - NOTE from PE    0: idealized_moist_phys: Using Frierson Quasi-Equilibrium convection scheme.
2026-03-20 08:22:27,255 - isca - DEBUG - 
2026-03-20 08:22:27,256 - isca - WARNING - WARNING from PE    0: socrates_init: lw_hires_spectral_filename is unset, making equal to lw_spectral_filename
2026-03-20 08:22:27,256 - isca - DEBUG - 
2026-03-20 08:22:27,256 - isca - DEBUG - 
2026-03-20 08:22:27,256 - isca - WARNING - WARNING from PE    0: socrates_init: lw_hires_spectral_filename is unset, making equal to lw_spectral_filename
2026-03-20 08:22:27,256 - isca - DEBUG - 
2026-03-20 08:22:27,256 - isca - DEBUG - 
2026-03-20 08:22:27,256 - isca - WARNING - WARNING from PE    0: socrates_init: sw_hires_spectral_filename is unset, making equal to sw_spectral_filename
2026-03-20 08:22:27,256 - isca - DEBUG - 
2026-03-20 08:22:27,256 - isca - DEBUG - 
2026-03-20 08:22:27,256 - isca - WARNING - WARNING from PE    0: socrates_init: sw_hires_spectral_filename is unset, making equal to sw_spectral_filename
2026-03-20 08:22:27,256 - isca - DEBUG - 
2026-03-20 08:22:28,338 - isca - DEBUG - NOTE from PE    0: Interpolator: Using input file with no time dimension - ozone_1990_notime_zero.nc
2026-03-20 08:22:28,338 - isca - DEBUG - Initializing src field : ozone_1990
2026-03-20 08:22:28,340 - isca - DEBUG - 
2026-03-20 08:22:28,340 - isca - DEBUG - -----------------------------------
2026-03-20 08:22:28,340 - isca - DEBUG - ____                       _
2026-03-20 08:22:28,340 - isca - DEBUG - / ___|  ___   ___ _ __ __ _| |_ ___  ___
2026-03-20 08:22:28,340 - isca - DEBUG - \___ \ / _ \ / __|  __/ _` | __/ _ \/ __|
2026-03-20 08:22:28,340 - isca - DEBUG - ___) | (_) | (__| | | (_| | ||  __/\__ \
2026-03-20 08:22:28,340 - isca - DEBUG - |____/ \___/ \___|_|  \__,_|\__\___||___/
2026-03-20 08:22:28,340 - isca - DEBUG - 
2026-03-20 08:22:28,340 - isca - DEBUG - Initialised Socrates v17.03
2026-03-20 08:22:28,340 - isca - DEBUG - Stellar constant =    1860.00000000000
2026-03-20 08:22:28,340 - isca - DEBUG - Longwave spectral file =
2026-03-20 08:22:28,340 - isca - DEBUG - /proj/bolinc/users/x_ryabo/socrates_edited_for_isca/spectral_files_for_GCMs/Sun
2026-03-20 08:22:28,340 - isca - DEBUG - /miniSuran_lw.sf WITH           16  bands
2026-03-20 08:22:28,341 - isca - DEBUG - Longwave hires spectral file =
2026-03-20 08:22:28,341 - isca - DEBUG - /proj/bolinc/users/x_ryabo/socrates_edited_for_isca/spectral_files_for_GCMs/Sun
2026-03-20 08:22:28,341 - isca - DEBUG - /miniSuran_lw.sf WITH           16  bands
2026-03-20 08:22:28,341 - isca - DEBUG - Shortwave spectral file =
2026-03-20 08:22:28,341 - isca - DEBUG - /proj/bolinc/users/x_ryabo/socrates_edited_for_isca/spectral_files_for_GCMs/Sun
2026-03-20 08:22:28,341 - isca - DEBUG - /miniSuran_sw.sf WITH           16  bands
2026-03-20 08:22:28,341 - isca - DEBUG - Shortwave hires spectral file =
2026-03-20 08:22:28,341 - isca - DEBUG - /proj/bolinc/users/x_ryabo/socrates_edited_for_isca/spectral_files_for_GCMs/Sun
2026-03-20 08:22:28,341 - isca - DEBUG - /miniSuran_sw.sf WITH           16  bands
2026-03-20 08:22:28,341 - isca - DEBUG - 
2026-03-20 08:22:28,341 - isca - DEBUG - -----------------------------------
2026-03-20 08:22:28,341 - isca - DEBUG - 
2026-03-20 08:22:55,992 - isca - DEBUG - Integration completed through    3 Jun  2   0: 0: 0
2026-03-20 08:23:23,519 - isca - DEBUG - Integration completed through    3 Jun  3   0: 0: 0
2026-03-20 08:23:51,049 - isca - DEBUG - Integration completed through    3 Jun  4   0: 0: 0
2026-03-20 08:24:18,651 - isca - DEBUG - Integration completed through    3 Jun  5   0: 0: 0
2026-03-20 08:24:46,156 - isca - DEBUG - Integration completed through    3 Jun  6   0: 0: 0
2026-03-20 08:25:13,606 - isca - DEBUG - Integration completed through    3 Jun  7   0: 0: 0
2026-03-20 08:25:41,056 - isca - DEBUG - Integration completed through    3 Jun  8   0: 0: 0
2026-03-20 08:26:08,510 - isca - DEBUG - Integration completed through    3 Jun  9   0: 0: 0
2026-03-20 08:26:35,997 - isca - DEBUG - Integration completed through    3 Jun 10   0: 0: 0
2026-03-20 08:27:03,518 - isca - DEBUG - Integration completed through    3 Jun 11   0: 0: 0
2026-03-20 08:27:31,093 - isca - DEBUG - Integration completed through    3 Jun 12   0: 0: 0
2026-03-20 08:27:58,661 - isca - DEBUG - Integration completed through    3 Jun 13   0: 0: 0
2026-03-20 08:28:26,184 - isca - DEBUG - Integration completed through    3 Jun 14   0: 0: 0
2026-03-20 08:28:53,697 - isca - DEBUG - Integration completed through    3 Jun 15   0: 0: 0
2026-03-20 08:29:21,186 - isca - DEBUG - Integration completed through    3 Jun 16   0: 0: 0
2026-03-20 08:29:48,719 - isca - DEBUG - Integration completed through    3 Jun 17   0: 0: 0
2026-03-20 08:30:16,253 - isca - DEBUG - Integration completed through    3 Jun 18   0: 0: 0
2026-03-20 08:30:43,821 - isca - DEBUG - Integration completed through    3 Jun 19   0: 0: 0
2026-03-20 08:31:11,345 - isca - DEBUG - Integration completed through    3 Jun 20   0: 0: 0
2026-03-20 08:31:38,821 - isca - DEBUG - Integration completed through    3 Jun 21   0: 0: 0
2026-03-20 08:32:06,378 - isca - DEBUG - Integration completed through    3 Jun 22   0: 0: 0
2026-03-20 08:32:33,963 - isca - DEBUG - Integration completed through    3 Jun 23   0: 0: 0
2026-03-20 08:33:01,483 - isca - DEBUG - Integration completed through    3 Jun 24   0: 0: 0
2026-03-20 08:33:29,002 - isca - DEBUG - Integration completed through    3 Jun 25   0: 0: 0
2026-03-20 08:33:56,580 - isca - DEBUG - Integration completed through    3 Jun 26   0: 0: 0
2026-03-20 08:34:24,228 - isca - DEBUG - Integration completed through    3 Jun 27   0: 0: 0
2026-03-20 08:34:51,911 - isca - DEBUG - Integration completed through    3 Jun 28   0: 0: 0
2026-03-20 08:35:19,483 - isca - DEBUG - Integration completed through    3 Jun 29   0: 0: 0
2026-03-20 08:35:47,071 - isca - DEBUG - Integration completed through    3 Jun 30   0: 0: 0
2026-03-20 08:36:14,658 - isca - DEBUG - Integration completed through    3 Jul  1   0: 0: 0
2026-03-20 08:36:14,664 - isca - DEBUG - 
2026-03-20 08:36:14,664 - isca - WARNING - WARNING from PE    0: diag_util_mod::opening_file: module/field_name (socrates/soc_toa_sw_down_clr) NOT registered
2026-03-20 08:36:14,664 - isca - DEBUG - 
2026-03-20 08:36:14,664 - isca - DEBUG - 
2026-03-20 08:36:14,664 - isca - WARNING - WARNING from PE    0: diag_util_mod::opening_file: module/field_name (cloud_simple/rh_min) NOT registered
2026-03-20 08:36:14,664 - isca - DEBUG - 
2026-03-20 08:36:14,664 - isca - DEBUG - 
2026-03-20 08:36:14,664 - isca - WARNING - WARNING from PE    0: diag_util_mod::opening_file: module/field_name (socrates/soc_toa_sw_down_clr) NOT registered
2026-03-20 08:36:14,664 - isca - DEBUG - 
2026-03-20 08:36:14,664 - isca - DEBUG - 
2026-03-20 08:36:14,664 - isca - WARNING - WARNING from PE    0: diag_util_mod::opening_file: module/field_name (cloud_simple/rh_min) NOT registered
2026-03-20 08:36:14,665 - isca - DEBUG - 
2026-03-20 08:36:14,675 - isca - DEBUG - NOTE from PE    0: MPP_IO_SET_STACK_SIZE: stack size set to     393216.
2026-03-20 08:36:14,771 - isca - DEBUG - MPP_DOMAINS_STACK high water mark=       49152
2026-03-20 08:36:14,772 - isca - DEBUG - 
2026-03-20 08:36:14,772 - isca - DEBUG - Tabulating mpp_clock statistics across     16 PEs...
2026-03-20 08:36:14,772 - isca - DEBUG - 
2026-03-20 08:36:14,772 - isca - DEBUG - tmin          tmax          tavg          tstd  tfrac grain pemin pemax
2026-03-20 08:36:14,773 - isca - DEBUG - Total runtime                       827.586135    827.590609    827.588145      0.001339  1.000     0     0    15
2026-03-20 08:36:14,773 - isca - DEBUG - MPP_STACK high water mark=           0
2026-03-20 08:36:14,893 - isca - INFO - Run 30 complete
2026-03-20 08:36:15,983 - isca - DEBUG - atmos_monthly.nc combined and copied to data directory
2026-03-20 08:36:19,180 - isca - INFO - Restart archive created at /proj/bolinc/users/x_ryabo/Isca-Ryan_outputs/Earth_1860/restarts/res0030.tar.gz
2026-03-20 08:36:19,193 - isca - INFO - Writing namelist to '/proj/bolinc/users/x_ryabo/Isca-Ryan_outputs/Earth_1860/run0030/input.nml'
2026-03-20 08:36:19,194 - isca - INFO - Writing field_table to '/proj/bolinc/users/x_ryabo/Isca-Ryan_outputs/Earth_1860/run0030/field_table'
2026-03-20 08:36:19,205 - isca - INFO - Writing diag_table to '/proj/bolinc/users/x_ryabo/Isca-Ryan_outputs/Earth_1860/run0030/diag_table'
2026-03-20 08:36:19,557 - isca - INFO - Emptied run directory '/home/x_ryabo/Isca-Ryan_tmp/experiment/Earth_1860/run'
2026-03-20 08:36:19,580 - isca - INFO - Emptied run directory '/home/x_ryabo/Isca-Ryan_tmp/experiment/Earth_1860/run'
2026-03-20 08:36:19,908 - isca - INFO - Writing namelist to '/home/x_ryabo/Isca-Ryan_tmp/experiment/Earth_1860/run/input.nml'
2026-03-20 08:36:19,910 - isca - INFO - Writing field_table to '/home/x_ryabo/Isca-Ryan_tmp/experiment/Earth_1860/run/field_table'
2026-03-20 08:36:19,922 - isca - INFO - Writing diag_table to '/home/x_ryabo/Isca-Ryan_tmp/experiment/Earth_1860/run/diag_table'
2026-03-20 08:36:19,957 - isca - INFO - Using restart file '/proj/bolinc/users/x_ryabo/Isca-Ryan_outputs/Earth_1860/restarts/res0030.tar.gz'
2026-03-20 08:36:20,368 - isca - INFO - Restart /proj/bolinc/users/x_ryabo/Isca-Ryan_outputs/Earth_1860/restarts/res0030.tar.gz extracted to /home/x_ryabo/Isca-Ryan_tmp/experiment/Earth_1860/run/INPUT
2026-03-20 08:36:20,369 - isca - INFO - Beginning run 31
2026-03-20 08:36:20,380 - isca - INFO - process running as 81346
2026-03-20 08:36:20,381 - isca - DEBUG - loadmodules for Isca on NSC cluster Tetralith
2026-03-20 08:36:20,381 - isca - DEBUG - mpiifort
2026-03-20 08:36:20,492 - isca - DEBUG - The following modules were not unloaded:
2026-03-20 08:36:20,493 - isca - DEBUG - (Use "module --force purge" to unload all):
2026-03-20 08:36:20,493 - isca - DEBUG - 
2026-03-20 08:36:20,493 - isca - DEBUG - 1) hpc/.1.10.1
2026-03-20 08:36:20,595 - isca - DEBUG - ***************************************************
2026-03-20 08:36:20,595 - isca - DEBUG - You have loaded a buildenv module
2026-03-20 08:36:20,595 - isca - DEBUG - ***************************************************
2026-03-20 08:36:20,595 - isca - DEBUG - The buldenv-intel module makes available:
2026-03-20 08:36:20,595 - isca - DEBUG - - Compilers: icc, ifort, etc.
2026-03-20 08:36:20,595 - isca - DEBUG - - Mpi library with mpi-wrapped compilers: intel mpi with mpicc, mpifort, etc.
2026-03-20 08:36:20,595 - isca - DEBUG - - Numerical libraries: intel MKL
2026-03-20 08:36:20,595 - isca - DEBUG - 
2026-03-20 08:36:20,595 - isca - DEBUG - It also makes a set of dependency library modules available via
2026-03-20 08:36:20,596 - isca - DEBUG - the regular module command. Just do:
2026-03-20 08:36:20,596 - isca - DEBUG - module avail
2026-03-20 08:36:20,596 - isca - DEBUG - to see what is available.
2026-03-20 08:36:20,596 - isca - DEBUG - 
2026-03-20 08:36:20,596 - isca - DEBUG - NOTE: You shoud never load build environments inside submitted jobs.
2026-03-20 08:36:20,596 - isca - DEBUG - (with the single exception of when using supercomputer time to compile code.)
2026-03-20 08:36:20,596 - isca - DEBUG - 
2026-03-20 08:36:21,802 - isca - DEBUG - NOTE from PE    0: MPP_DOMAINS_SET_STACK_SIZE: stack size set to    32768.
2026-03-20 08:36:21,803 - isca - DEBUG - &MPP_IO_NML
2026-03-20 08:36:21,803 - isca - DEBUG - HEADER_BUFFER_VAL       =       16384,
2026-03-20 08:36:21,803 - isca - DEBUG - GLOBAL_FIELD_ON_ROOT_PE = T,
2026-03-20 08:36:21,803 - isca - DEBUG - IO_CLOCKS_ON    = F,
2026-03-20 08:36:21,803 - isca - DEBUG - SHUFFLE =           0,
2026-03-20 08:36:21,803 - isca - DEBUG - DEFLATE_LEVEL   =          -1
2026-03-20 08:36:21,803 - isca - DEBUG - /
2026-03-20 08:36:21,804 - isca - DEBUG - NOTE from PE    0: MPP_IO_SET_STACK_SIZE: stack size set to     131072.
2026-03-20 08:36:21,805 - isca - DEBUG - NOTE from PE    0: MPP_DOMAINS_SET_STACK_SIZE: stack size set to   600000.
2026-03-20 08:36:21,812 - isca - DEBUG - starting            1  OpenMP threads per MPI-task
2026-03-20 08:36:21,814 - isca - DEBUG - ATMOS MODEL DOMAIN DECOMPOSITION
2026-03-20 08:36:21,814 - isca - DEBUG - X-AXIS =  128
2026-03-20 08:36:21,814 - isca - DEBUG - Y-AXIS =    4   4   4   4   4   4   4   4   4   4   4   4   4   4   4   4
2026-03-20 08:36:21,868 - isca - DEBUG - NOTE from PE    0: cloud_simple: Using SimCloud cloud scheme
2026-03-20 08:36:21,869 - isca - DEBUG - NOTE from PE    0: ls_cloud: Using Sundqvist (1989) cloud fraction diagnostic formula.
2026-03-20 08:36:21,869 - isca - DEBUG - NOTE from PE    0: cloud_cover: The cloud overlap assumption is MAXIMUM-RANDOM
2026-03-20 08:36:21,869 - isca - DEBUG - NOTE from PE    0: idealized_moist_phys: Using Frierson Quasi-Equilibrium convection scheme.
2026-03-20 08:36:21,878 - isca - DEBUG - 
2026-03-20 08:36:21,878 - isca - WARNING - WARNING from PE    0: socrates_init: lw_hires_spectral_filename is unset, making equal to lw_spectral_filename
2026-03-20 08:36:21,878 - isca - DEBUG - 
2026-03-20 08:36:21,878 - isca - DEBUG - 
2026-03-20 08:36:21,878 - isca - WARNING - WARNING from PE    0: socrates_init: sw_hires_spectral_filename is unset, making equal to sw_spectral_filename
2026-03-20 08:36:21,878 - isca - DEBUG - 
2026-03-20 08:36:21,878 - isca - DEBUG - 
2026-03-20 08:36:21,878 - isca - WARNING - WARNING from PE    0: socrates_init: lw_hires_spectral_filename is unset, making equal to lw_spectral_filename
2026-03-20 08:36:21,878 - isca - DEBUG - 
2026-03-20 08:36:21,878 - isca - DEBUG - 
2026-03-20 08:36:21,878 - isca - WARNING - WARNING from PE    0: socrates_init: sw_hires_spectral_filename is unset, making equal to sw_spectral_filename
2026-03-20 08:36:21,878 - isca - DEBUG - 
2026-03-20 08:36:23,016 - isca - DEBUG - NOTE from PE    0: Interpolator: Using input file with no time dimension - ozone_1990_notime_zero.nc
2026-03-20 08:36:23,016 - isca - DEBUG - Initializing src field : ozone_1990
2026-03-20 08:36:23,018 - isca - DEBUG - 
2026-03-20 08:36:23,018 - isca - DEBUG - -----------------------------------
2026-03-20 08:36:23,018 - isca - DEBUG - ____                       _
2026-03-20 08:36:23,018 - isca - DEBUG - / ___|  ___   ___ _ __ __ _| |_ ___  ___
2026-03-20 08:36:23,018 - isca - DEBUG - \___ \ / _ \ / __|  __/ _` | __/ _ \/ __|
2026-03-20 08:36:23,018 - isca - DEBUG - ___) | (_) | (__| | | (_| | ||  __/\__ \
2026-03-20 08:36:23,018 - isca - DEBUG - |____/ \___/ \___|_|  \__,_|\__\___||___/
2026-03-20 08:36:23,018 - isca - DEBUG - 
2026-03-20 08:36:23,018 - isca - DEBUG - Initialised Socrates v17.03
2026-03-20 08:36:23,018 - isca - DEBUG - Stellar constant =    1860.00000000000
2026-03-20 08:36:23,018 - isca - DEBUG - Longwave spectral file =
2026-03-20 08:36:23,018 - isca - DEBUG - /proj/bolinc/users/x_ryabo/socrates_edited_for_isca/spectral_files_for_GCMs/Sun
2026-03-20 08:36:23,018 - isca - DEBUG - /miniSuran_lw.sf WITH           16  bands
2026-03-20 08:36:23,018 - isca - DEBUG - Longwave hires spectral file =
2026-03-20 08:36:23,018 - isca - DEBUG - /proj/bolinc/users/x_ryabo/socrates_edited_for_isca/spectral_files_for_GCMs/Sun
2026-03-20 08:36:23,018 - isca - DEBUG - /miniSuran_lw.sf WITH           16  bands
2026-03-20 08:36:23,018 - isca - DEBUG - Shortwave spectral file =
2026-03-20 08:36:23,018 - isca - DEBUG - /proj/bolinc/users/x_ryabo/socrates_edited_for_isca/spectral_files_for_GCMs/Sun
2026-03-20 08:36:23,018 - isca - DEBUG - /miniSuran_sw.sf WITH           16  bands
2026-03-20 08:36:23,018 - isca - DEBUG - Shortwave hires spectral file =
2026-03-20 08:36:23,018 - isca - DEBUG - /proj/bolinc/users/x_ryabo/socrates_edited_for_isca/spectral_files_for_GCMs/Sun
2026-03-20 08:36:23,018 - isca - DEBUG - /miniSuran_sw.sf WITH           16  bands
2026-03-20 08:36:23,018 - isca - DEBUG - 
2026-03-20 08:36:23,018 - isca - DEBUG - -----------------------------------
2026-03-20 08:36:23,018 - isca - DEBUG - 
2026-03-20 08:36:51,214 - isca - DEBUG - Integration completed through    3 Jul  2   0: 0: 0
2026-03-20 08:37:19,437 - isca - DEBUG - Integration completed through    3 Jul  3   0: 0: 0
2026-03-20 08:37:47,576 - isca - DEBUG - Integration completed through    3 Jul  4   0: 0: 0
2026-03-20 08:38:15,719 - isca - DEBUG - Integration completed through    3 Jul  5   0: 0: 0
2026-03-20 08:38:43,761 - isca - DEBUG - Integration completed through    3 Jul  6   0: 0: 0
2026-03-20 08:39:11,842 - isca - DEBUG - Integration completed through    3 Jul  7   0: 0: 0
2026-03-20 08:39:39,966 - isca - DEBUG - Integration completed through    3 Jul  8   0: 0: 0
2026-03-20 08:40:08,091 - isca - DEBUG - Integration completed through    3 Jul  9   0: 0: 0
2026-03-20 08:40:36,308 - isca - DEBUG - Integration completed through    3 Jul 10   0: 0: 0
2026-03-20 08:41:04,467 - isca - DEBUG - Integration completed through    3 Jul 11   0: 0: 0
2026-03-20 08:41:32,614 - isca - DEBUG - Integration completed through    3 Jul 12   0: 0: 0
2026-03-20 08:42:00,736 - isca - DEBUG - Integration completed through    3 Jul 13   0: 0: 0
2026-03-20 08:42:28,867 - isca - DEBUG - Integration completed through    3 Jul 14   0: 0: 0
2026-03-20 08:42:56,969 - isca - DEBUG - Integration completed through    3 Jul 15   0: 0: 0
2026-03-20 08:43:25,118 - isca - DEBUG - Integration completed through    3 Jul 16   0: 0: 0
2026-03-20 08:43:53,293 - isca - DEBUG - Integration completed through    3 Jul 17   0: 0: 0
2026-03-20 08:44:21,448 - isca - DEBUG - Integration completed through    3 Jul 18   0: 0: 0
2026-03-20 08:44:49,639 - isca - DEBUG - Integration completed through    3 Jul 19   0: 0: 0
2026-03-20 08:45:17,870 - isca - DEBUG - Integration completed through    3 Jul 20   0: 0: 0
2026-03-20 08:45:45,988 - isca - DEBUG - Integration completed through    3 Jul 21   0: 0: 0
2026-03-20 08:46:14,213 - isca - DEBUG - Integration completed through    3 Jul 22   0: 0: 0
2026-03-20 08:46:42,397 - isca - DEBUG - Integration completed through    3 Jul 23   0: 0: 0
2026-03-20 08:47:10,594 - isca - DEBUG - Integration completed through    3 Jul 24   0: 0: 0
2026-03-20 08:47:38,773 - isca - DEBUG - Integration completed through    3 Jul 25   0: 0: 0
2026-03-20 08:48:06,965 - isca - DEBUG - Integration completed through    3 Jul 26   0: 0: 0
2026-03-20 08:48:35,233 - isca - DEBUG - Integration completed through    3 Jul 27   0: 0: 0
2026-03-20 08:49:03,427 - isca - DEBUG - Integration completed through    3 Jul 28   0: 0: 0
2026-03-20 08:49:31,690 - isca - DEBUG - Integration completed through    3 Jul 29   0: 0: 0
2026-03-20 08:49:59,899 - isca - DEBUG - Integration completed through    3 Jul 30   0: 0: 0
2026-03-20 08:50:28,101 - isca - DEBUG - Integration completed through    3 Aug  1   0: 0: 0
2026-03-20 08:50:28,109 - isca - DEBUG - 
2026-03-20 08:50:28,109 - isca - WARNING - WARNING from PE    0: diag_util_mod::opening_file: module/field_name (socrates/soc_toa_sw_down_clr) NOT registered
2026-03-20 08:50:28,109 - isca - DEBUG - 
2026-03-20 08:50:28,109 - isca - DEBUG - 
2026-03-20 08:50:28,109 - isca - WARNING - WARNING from PE    0: diag_util_mod::opening_file: module/field_name (cloud_simple/rh_min) NOT registered
2026-03-20 08:50:28,109 - isca - DEBUG - 
2026-03-20 08:50:28,109 - isca - DEBUG - 
2026-03-20 08:50:28,109 - isca - WARNING - WARNING from PE    0: diag_util_mod::opening_file: module/field_name (socrates/soc_toa_sw_down_clr) NOT registered
2026-03-20 08:50:28,109 - isca - DEBUG - 
2026-03-20 08:50:28,109 - isca - DEBUG - 
2026-03-20 08:50:28,109 - isca - WARNING - WARNING from PE    0: diag_util_mod::opening_file: module/field_name (cloud_simple/rh_min) NOT registered
2026-03-20 08:50:28,109 - isca - DEBUG - 
2026-03-20 08:50:28,119 - isca - DEBUG - NOTE from PE    0: MPP_IO_SET_STACK_SIZE: stack size set to     393216.
2026-03-20 08:50:28,216 - isca - DEBUG - MPP_DOMAINS_STACK high water mark=       49152
2026-03-20 08:50:28,216 - isca - DEBUG - 
2026-03-20 08:50:28,216 - isca - DEBUG - Tabulating mpp_clock statistics across     16 PEs...
2026-03-20 08:50:28,216 - isca - DEBUG - 
2026-03-20 08:50:28,216 - isca - DEBUG - tmin          tmax          tavg          tstd  tfrac grain pemin pemax
2026-03-20 08:50:28,216 - isca - DEBUG - Total runtime                       846.410899    846.416897    846.414175      0.001627  1.000     0     0    15
2026-03-20 08:50:28,216 - isca - DEBUG - MPP_STACK high water mark=           0
2026-03-20 08:50:28,386 - isca - INFO - Run 31 complete
2026-03-20 08:50:29,268 - isca - DEBUG - atmos_monthly.nc combined and copied to data directory
2026-03-20 08:50:32,477 - isca - INFO - Restart archive created at /proj/bolinc/users/x_ryabo/Isca-Ryan_outputs/Earth_1860/restarts/res0031.tar.gz
2026-03-20 08:50:32,488 - isca - INFO - Writing namelist to '/proj/bolinc/users/x_ryabo/Isca-Ryan_outputs/Earth_1860/run0031/input.nml'
2026-03-20 08:50:32,490 - isca - INFO - Writing field_table to '/proj/bolinc/users/x_ryabo/Isca-Ryan_outputs/Earth_1860/run0031/field_table'
2026-03-20 08:50:32,501 - isca - INFO - Writing diag_table to '/proj/bolinc/users/x_ryabo/Isca-Ryan_outputs/Earth_1860/run0031/diag_table'
2026-03-20 08:50:32,867 - isca - INFO - Emptied run directory '/home/x_ryabo/Isca-Ryan_tmp/experiment/Earth_1860/run'
2026-03-20 08:50:32,887 - isca - INFO - Emptied run directory '/home/x_ryabo/Isca-Ryan_tmp/experiment/Earth_1860/run'
2026-03-20 08:50:33,215 - isca - INFO - Writing namelist to '/home/x_ryabo/Isca-Ryan_tmp/experiment/Earth_1860/run/input.nml'
2026-03-20 08:50:33,217 - isca - INFO - Writing field_table to '/home/x_ryabo/Isca-Ryan_tmp/experiment/Earth_1860/run/field_table'
2026-03-20 08:50:33,229 - isca - INFO - Writing diag_table to '/home/x_ryabo/Isca-Ryan_tmp/experiment/Earth_1860/run/diag_table'
2026-03-20 08:50:33,243 - isca - INFO - Using restart file '/proj/bolinc/users/x_ryabo/Isca-Ryan_outputs/Earth_1860/restarts/res0031.tar.gz'
2026-03-20 08:50:33,657 - isca - INFO - Restart /proj/bolinc/users/x_ryabo/Isca-Ryan_outputs/Earth_1860/restarts/res0031.tar.gz extracted to /home/x_ryabo/Isca-Ryan_tmp/experiment/Earth_1860/run/INPUT
2026-03-20 08:50:33,657 - isca - INFO - Beginning run 32
2026-03-20 08:50:33,678 - isca - INFO - process running as 82251
2026-03-20 08:50:33,678 - isca - DEBUG - loadmodules for Isca on NSC cluster Tetralith
2026-03-20 08:50:33,678 - isca - DEBUG - mpiifort
2026-03-20 08:50:33,780 - isca - DEBUG - The following modules were not unloaded:
2026-03-20 08:50:33,781 - isca - DEBUG - (Use "module --force purge" to unload all):
2026-03-20 08:50:33,781 - isca - DEBUG - 
2026-03-20 08:50:33,781 - isca - DEBUG - 1) hpc/.1.10.1
2026-03-20 08:50:33,883 - isca - DEBUG - ***************************************************
2026-03-20 08:50:33,883 - isca - DEBUG - You have loaded a buildenv module
2026-03-20 08:50:33,883 - isca - DEBUG - ***************************************************
2026-03-20 08:50:33,883 - isca - DEBUG - The buldenv-intel module makes available:
2026-03-20 08:50:33,883 - isca - DEBUG - - Compilers: icc, ifort, etc.
2026-03-20 08:50:33,883 - isca - DEBUG - - Mpi library with mpi-wrapped compilers: intel mpi with mpicc, mpifort, etc.
2026-03-20 08:50:33,883 - isca - DEBUG - - Numerical libraries: intel MKL
2026-03-20 08:50:33,883 - isca - DEBUG - 
2026-03-20 08:50:33,883 - isca - DEBUG - It also makes a set of dependency library modules available via
2026-03-20 08:50:33,883 - isca - DEBUG - the regular module command. Just do:
2026-03-20 08:50:33,883 - isca - DEBUG - module avail
2026-03-20 08:50:33,883 - isca - DEBUG - to see what is available.
2026-03-20 08:50:33,883 - isca - DEBUG - 
2026-03-20 08:50:33,883 - isca - DEBUG - NOTE: You shoud never load build environments inside submitted jobs.
2026-03-20 08:50:33,883 - isca - DEBUG - (with the single exception of when using supercomputer time to compile code.)
2026-03-20 08:50:33,883 - isca - DEBUG - 
2026-03-20 08:50:37,625 - isca - DEBUG - NOTE from PE    0: MPP_DOMAINS_SET_STACK_SIZE: stack size set to    32768.
2026-03-20 08:50:37,625 - isca - DEBUG - &MPP_IO_NML
2026-03-20 08:50:37,625 - isca - DEBUG - HEADER_BUFFER_VAL       =       16384,
2026-03-20 08:50:37,625 - isca - DEBUG - GLOBAL_FIELD_ON_ROOT_PE = T,
2026-03-20 08:50:37,625 - isca - DEBUG - IO_CLOCKS_ON    = F,
2026-03-20 08:50:37,625 - isca - DEBUG - SHUFFLE =           0,
2026-03-20 08:50:37,625 - isca - DEBUG - DEFLATE_LEVEL   =          -1
2026-03-20 08:50:37,625 - isca - DEBUG - /
2026-03-20 08:50:37,626 - isca - DEBUG - NOTE from PE    0: MPP_IO_SET_STACK_SIZE: stack size set to     131072.
2026-03-20 08:50:37,627 - isca - DEBUG - NOTE from PE    0: MPP_DOMAINS_SET_STACK_SIZE: stack size set to   600000.
2026-03-20 08:50:37,634 - isca - DEBUG - starting            1  OpenMP threads per MPI-task
2026-03-20 08:50:37,636 - isca - DEBUG - ATMOS MODEL DOMAIN DECOMPOSITION
2026-03-20 08:50:37,636 - isca - DEBUG - X-AXIS =  128
2026-03-20 08:50:37,636 - isca - DEBUG - Y-AXIS =    4   4   4   4   4   4   4   4   4   4   4   4   4   4   4   4
2026-03-20 08:50:37,689 - isca - DEBUG - NOTE from PE    0: cloud_simple: Using SimCloud cloud scheme
2026-03-20 08:50:37,690 - isca - DEBUG - NOTE from PE    0: ls_cloud: Using Sundqvist (1989) cloud fraction diagnostic formula.
2026-03-20 08:50:37,691 - isca - DEBUG - NOTE from PE    0: cloud_cover: The cloud overlap assumption is MAXIMUM-RANDOM
2026-03-20 08:50:37,691 - isca - DEBUG - NOTE from PE    0: idealized_moist_phys: Using Frierson Quasi-Equilibrium convection scheme.
2026-03-20 08:50:37,700 - isca - DEBUG - 
2026-03-20 08:50:37,700 - isca - WARNING - WARNING from PE    0: socrates_init: lw_hires_spectral_filename is unset, making equal to lw_spectral_filename
2026-03-20 08:50:37,700 - isca - DEBUG - 
2026-03-20 08:50:37,700 - isca - DEBUG - 
2026-03-20 08:50:37,700 - isca - WARNING - WARNING from PE    0: socrates_init: lw_hires_spectral_filename is unset, making equal to lw_spectral_filename
2026-03-20 08:50:37,700 - isca - DEBUG - 
2026-03-20 08:50:37,700 - isca - DEBUG - 
2026-03-20 08:50:37,700 - isca - WARNING - WARNING from PE    0: socrates_init: sw_hires_spectral_filename is unset, making equal to sw_spectral_filename
2026-03-20 08:50:37,700 - isca - DEBUG - 
2026-03-20 08:50:37,700 - isca - DEBUG - 
2026-03-20 08:50:37,700 - isca - WARNING - WARNING from PE    0: socrates_init: sw_hires_spectral_filename is unset, making equal to sw_spectral_filename
2026-03-20 08:50:37,700 - isca - DEBUG - 
2026-03-20 08:50:38,836 - isca - DEBUG - NOTE from PE    0: Interpolator: Using input file with no time dimension - ozone_1990_notime_zero.nc
2026-03-20 08:50:38,836 - isca - DEBUG - Initializing src field : ozone_1990
2026-03-20 08:50:38,838 - isca - DEBUG - 
2026-03-20 08:50:38,838 - isca - DEBUG - -----------------------------------
2026-03-20 08:50:38,838 - isca - DEBUG - ____                       _
2026-03-20 08:50:38,838 - isca - DEBUG - / ___|  ___   ___ _ __ __ _| |_ ___  ___
2026-03-20 08:50:38,838 - isca - DEBUG - \___ \ / _ \ / __|  __/ _` | __/ _ \/ __|
2026-03-20 08:50:38,838 - isca - DEBUG - ___) | (_) | (__| | | (_| | ||  __/\__ \
2026-03-20 08:50:38,838 - isca - DEBUG - |____/ \___/ \___|_|  \__,_|\__\___||___/
2026-03-20 08:50:38,838 - isca - DEBUG - 
2026-03-20 08:50:38,838 - isca - DEBUG - Initialised Socrates v17.03
2026-03-20 08:50:38,838 - isca - DEBUG - Stellar constant =    1860.00000000000
2026-03-20 08:50:38,838 - isca - DEBUG - Longwave spectral file =
2026-03-20 08:50:38,838 - isca - DEBUG - /proj/bolinc/users/x_ryabo/socrates_edited_for_isca/spectral_files_for_GCMs/Sun
2026-03-20 08:50:38,838 - isca - DEBUG - /miniSuran_lw.sf WITH           16  bands
2026-03-20 08:50:38,838 - isca - DEBUG - Longwave hires spectral file =
2026-03-20 08:50:38,838 - isca - DEBUG - /proj/bolinc/users/x_ryabo/socrates_edited_for_isca/spectral_files_for_GCMs/Sun
2026-03-20 08:50:38,838 - isca - DEBUG - /miniSuran_lw.sf WITH           16  bands
2026-03-20 08:50:38,838 - isca - DEBUG - Shortwave spectral file =
2026-03-20 08:50:38,838 - isca - DEBUG - /proj/bolinc/users/x_ryabo/socrates_edited_for_isca/spectral_files_for_GCMs/Sun
2026-03-20 08:50:38,838 - isca - DEBUG - /miniSuran_sw.sf WITH           16  bands
2026-03-20 08:50:38,838 - isca - DEBUG - Shortwave hires spectral file =
2026-03-20 08:50:38,838 - isca - DEBUG - /proj/bolinc/users/x_ryabo/socrates_edited_for_isca/spectral_files_for_GCMs/Sun
2026-03-20 08:50:38,838 - isca - DEBUG - /miniSuran_sw.sf WITH           16  bands
2026-03-20 08:50:38,838 - isca - DEBUG - 
2026-03-20 08:50:38,839 - isca - DEBUG - -----------------------------------
2026-03-20 08:50:38,839 - isca - DEBUG - 
2026-03-20 08:51:06,900 - isca - DEBUG - Integration completed through    3 Aug  2   0: 0: 0
2026-03-20 08:51:34,840 - isca - DEBUG - Integration completed through    3 Aug  3   0: 0: 0
2026-03-20 08:52:02,805 - isca - DEBUG - Integration completed through    3 Aug  4   0: 0: 0
2026-03-20 08:52:30,748 - isca - DEBUG - Integration completed through    3 Aug  5   0: 0: 0
2026-03-20 08:52:58,778 - isca - DEBUG - Integration completed through    3 Aug  6   0: 0: 0
2026-03-20 08:53:26,829 - isca - DEBUG - Integration completed through    3 Aug  7   0: 0: 0
2026-03-20 08:53:55,036 - isca - DEBUG - Integration completed through    3 Aug  8   0: 0: 0
2026-03-20 08:54:23,124 - isca - DEBUG - Integration completed through    3 Aug  9   0: 0: 0
2026-03-20 08:54:51,115 - isca - DEBUG - Integration completed through    3 Aug 10   0: 0: 0
2026-03-20 08:55:19,166 - isca - DEBUG - Integration completed through    3 Aug 11   0: 0: 0
2026-03-20 08:55:47,290 - isca - DEBUG - Integration completed through    3 Aug 12   0: 0: 0
2026-03-20 08:56:15,400 - isca - DEBUG - Integration completed through    3 Aug 13   0: 0: 0
2026-03-20 08:56:43,524 - isca - DEBUG - Integration completed through    3 Aug 14   0: 0: 0
2026-03-20 08:57:11,676 - isca - DEBUG - Integration completed through    3 Aug 15   0: 0: 0
2026-03-20 08:57:39,773 - isca - DEBUG - Integration completed through    3 Aug 16   0: 0: 0
2026-03-20 08:58:07,821 - isca - DEBUG - Integration completed through    3 Aug 17   0: 0: 0
2026-03-20 08:58:35,901 - isca - DEBUG - Integration completed through    3 Aug 18   0: 0: 0
2026-03-20 08:59:04,025 - isca - DEBUG - Integration completed through    3 Aug 19   0: 0: 0
2026-03-20 08:59:32,114 - isca - DEBUG - Integration completed through    3 Aug 20   0: 0: 0
2026-03-20 09:00:00,275 - isca - DEBUG - Integration completed through    3 Aug 21   0: 0: 0
2026-03-20 09:00:28,399 - isca - DEBUG - Integration completed through    3 Aug 22   0: 0: 0
2026-03-20 09:00:56,457 - isca - DEBUG - Integration completed through    3 Aug 23   0: 0: 0
2026-03-20 09:01:24,617 - isca - DEBUG - Integration completed through    3 Aug 24   0: 0: 0
2026-03-20 09:01:52,704 - isca - DEBUG - Integration completed through    3 Aug 25   0: 0: 0
2026-03-20 09:02:20,778 - isca - DEBUG - Integration completed through    3 Aug 26   0: 0: 0
2026-03-20 09:02:48,934 - isca - DEBUG - Integration completed through    3 Aug 27   0: 0: 0
2026-03-20 09:03:17,112 - isca - DEBUG - Integration completed through    3 Aug 28   0: 0: 0
2026-03-20 09:03:45,286 - isca - DEBUG - Integration completed through    3 Aug 29   0: 0: 0
2026-03-20 09:04:13,457 - isca - DEBUG - Integration completed through    3 Aug 30   0: 0: 0
2026-03-20 09:04:41,694 - isca - DEBUG - Integration completed through    3 Sep  1   0: 0: 0
2026-03-20 09:04:41,805 - isca - DEBUG - 
2026-03-20 09:04:41,805 - isca - WARNING - WARNING from PE    0: diag_util_mod::opening_file: module/field_name (socrates/soc_toa_sw_down_clr) NOT registered
2026-03-20 09:04:41,806 - isca - DEBUG - 
2026-03-20 09:04:41,806 - isca - DEBUG - 
2026-03-20 09:04:41,806 - isca - WARNING - WARNING from PE    0: diag_util_mod::opening_file: module/field_name (socrates/soc_toa_sw_down_clr) NOT registered
2026-03-20 09:04:41,806 - isca - DEBUG - 
2026-03-20 09:04:41,806 - isca - DEBUG - 
2026-03-20 09:04:41,806 - isca - WARNING - WARNING from PE    0: diag_util_mod::opening_file: module/field_name (cloud_simple/rh_min) NOT registered
2026-03-20 09:04:41,806 - isca - DEBUG - 
2026-03-20 09:04:41,806 - isca - DEBUG - 
2026-03-20 09:04:41,806 - isca - WARNING - WARNING from PE    0: diag_util_mod::opening_file: module/field_name (cloud_simple/rh_min) NOT registered
2026-03-20 09:04:41,806 - isca - DEBUG - 
2026-03-20 09:04:41,816 - isca - DEBUG - NOTE from PE    0: MPP_IO_SET_STACK_SIZE: stack size set to     393216.
2026-03-20 09:04:41,914 - isca - DEBUG - MPP_DOMAINS_STACK high water mark=       49152
2026-03-20 09:04:41,914 - isca - DEBUG - 
2026-03-20 09:04:41,914 - isca - DEBUG - Tabulating mpp_clock statistics across     16 PEs...
2026-03-20 09:04:41,914 - isca - DEBUG - 
2026-03-20 09:04:41,914 - isca - DEBUG - tmin          tmax          tavg          tstd  tfrac grain pemin pemax
2026-03-20 09:04:41,915 - isca - DEBUG - Total runtime                       844.286736    844.293652    844.290481      0.001445  1.000     0     0    15
2026-03-20 09:04:41,915 - isca - DEBUG - MPP_STACK high water mark=           0
2026-03-20 09:04:42,005 - isca - INFO - Run 32 complete
2026-03-20 09:04:42,926 - isca - DEBUG - atmos_monthly.nc combined and copied to data directory
2026-03-20 09:04:46,139 - isca - INFO - Restart archive created at /proj/bolinc/users/x_ryabo/Isca-Ryan_outputs/Earth_1860/restarts/res0032.tar.gz
2026-03-20 09:04:46,153 - isca - INFO - Writing namelist to '/proj/bolinc/users/x_ryabo/Isca-Ryan_outputs/Earth_1860/run0032/input.nml'
2026-03-20 09:04:46,155 - isca - INFO - Writing field_table to '/proj/bolinc/users/x_ryabo/Isca-Ryan_outputs/Earth_1860/run0032/field_table'
2026-03-20 09:04:46,165 - isca - INFO - Writing diag_table to '/proj/bolinc/users/x_ryabo/Isca-Ryan_outputs/Earth_1860/run0032/diag_table'
2026-03-20 09:04:46,534 - isca - INFO - Emptied run directory '/home/x_ryabo/Isca-Ryan_tmp/experiment/Earth_1860/run'
2026-03-20 09:04:46,553 - isca - INFO - Emptied run directory '/home/x_ryabo/Isca-Ryan_tmp/experiment/Earth_1860/run'
2026-03-20 09:04:46,925 - isca - INFO - Writing namelist to '/home/x_ryabo/Isca-Ryan_tmp/experiment/Earth_1860/run/input.nml'
2026-03-20 09:04:46,927 - isca - INFO - Writing field_table to '/home/x_ryabo/Isca-Ryan_tmp/experiment/Earth_1860/run/field_table'
2026-03-20 09:04:46,942 - isca - INFO - Writing diag_table to '/home/x_ryabo/Isca-Ryan_tmp/experiment/Earth_1860/run/diag_table'
2026-03-20 09:04:46,955 - isca - INFO - Using restart file '/proj/bolinc/users/x_ryabo/Isca-Ryan_outputs/Earth_1860/restarts/res0032.tar.gz'
2026-03-20 09:04:47,368 - isca - INFO - Restart /proj/bolinc/users/x_ryabo/Isca-Ryan_outputs/Earth_1860/restarts/res0032.tar.gz extracted to /home/x_ryabo/Isca-Ryan_tmp/experiment/Earth_1860/run/INPUT
2026-03-20 09:04:47,368 - isca - INFO - Beginning run 33
2026-03-20 09:04:47,379 - isca - INFO - process running as 83095
2026-03-20 09:04:47,380 - isca - DEBUG - loadmodules for Isca on NSC cluster Tetralith
2026-03-20 09:04:47,380 - isca - DEBUG - mpiifort
2026-03-20 09:04:47,491 - isca - DEBUG - The following modules were not unloaded:
2026-03-20 09:04:47,491 - isca - DEBUG - (Use "module --force purge" to unload all):
2026-03-20 09:04:47,491 - isca - DEBUG - 
2026-03-20 09:04:47,491 - isca - DEBUG - 1) hpc/.1.10.1
2026-03-20 09:04:47,592 - isca - DEBUG - ***************************************************
2026-03-20 09:04:47,592 - isca - DEBUG - You have loaded a buildenv module
2026-03-20 09:04:47,592 - isca - DEBUG - ***************************************************
2026-03-20 09:04:47,592 - isca - DEBUG - The buldenv-intel module makes available:
2026-03-20 09:04:47,592 - isca - DEBUG - - Compilers: icc, ifort, etc.
2026-03-20 09:04:47,592 - isca - DEBUG - - Mpi library with mpi-wrapped compilers: intel mpi with mpicc, mpifort, etc.
2026-03-20 09:04:47,592 - isca - DEBUG - - Numerical libraries: intel MKL
2026-03-20 09:04:47,592 - isca - DEBUG - 
2026-03-20 09:04:47,593 - isca - DEBUG - It also makes a set of dependency library modules available via
2026-03-20 09:04:47,593 - isca - DEBUG - the regular module command. Just do:
2026-03-20 09:04:47,593 - isca - DEBUG - module avail
2026-03-20 09:04:47,593 - isca - DEBUG - to see what is available.
2026-03-20 09:04:47,593 - isca - DEBUG - 
2026-03-20 09:04:47,593 - isca - DEBUG - NOTE: You shoud never load build environments inside submitted jobs.
2026-03-20 09:04:47,593 - isca - DEBUG - (with the single exception of when using supercomputer time to compile code.)
2026-03-20 09:04:47,593 - isca - DEBUG - 
2026-03-20 09:04:48,791 - isca - DEBUG - NOTE from PE    0: MPP_DOMAINS_SET_STACK_SIZE: stack size set to    32768.
2026-03-20 09:04:48,791 - isca - DEBUG - &MPP_IO_NML
2026-03-20 09:04:48,791 - isca - DEBUG - HEADER_BUFFER_VAL       =       16384,
2026-03-20 09:04:48,791 - isca - DEBUG - GLOBAL_FIELD_ON_ROOT_PE = T,
2026-03-20 09:04:48,791 - isca - DEBUG - IO_CLOCKS_ON    = F,
2026-03-20 09:04:48,791 - isca - DEBUG - SHUFFLE =           0,
2026-03-20 09:04:48,791 - isca - DEBUG - DEFLATE_LEVEL   =          -1
2026-03-20 09:04:48,791 - isca - DEBUG - /
2026-03-20 09:04:48,793 - isca - DEBUG - NOTE from PE    0: MPP_IO_SET_STACK_SIZE: stack size set to     131072.
2026-03-20 09:04:48,793 - isca - DEBUG - NOTE from PE    0: MPP_DOMAINS_SET_STACK_SIZE: stack size set to   600000.
2026-03-20 09:04:48,801 - isca - DEBUG - starting            1  OpenMP threads per MPI-task
2026-03-20 09:04:48,802 - isca - DEBUG - ATMOS MODEL DOMAIN DECOMPOSITION
2026-03-20 09:04:48,802 - isca - DEBUG - X-AXIS =  128
2026-03-20 09:04:48,802 - isca - DEBUG - Y-AXIS =    4   4   4   4   4   4   4   4   4   4   4   4   4   4   4   4
2026-03-20 09:04:48,854 - isca - DEBUG - NOTE from PE    0: cloud_simple: Using SimCloud cloud scheme
2026-03-20 09:04:48,856 - isca - DEBUG - NOTE from PE    0: ls_cloud: Using Sundqvist (1989) cloud fraction diagnostic formula.
2026-03-20 09:04:48,856 - isca - DEBUG - NOTE from PE    0: cloud_cover: The cloud overlap assumption is MAXIMUM-RANDOM
2026-03-20 09:04:48,856 - isca - DEBUG - NOTE from PE    0: idealized_moist_phys: Using Frierson Quasi-Equilibrium convection scheme.
2026-03-20 09:04:48,864 - isca - DEBUG - 
2026-03-20 09:04:48,864 - isca - WARNING - WARNING from PE    0: socrates_init: lw_hires_spectral_filename is unset, making equal to lw_spectral_filename
2026-03-20 09:04:48,865 - isca - DEBUG - 
2026-03-20 09:04:48,865 - isca - DEBUG - 
2026-03-20 09:04:48,865 - isca - WARNING - WARNING from PE    0: socrates_init: lw_hires_spectral_filename is unset, making equal to lw_spectral_filename
2026-03-20 09:04:48,865 - isca - DEBUG - 
2026-03-20 09:04:48,865 - isca - DEBUG - 
2026-03-20 09:04:48,865 - isca - WARNING - WARNING from PE    0: socrates_init: sw_hires_spectral_filename is unset, making equal to sw_spectral_filename
2026-03-20 09:04:48,865 - isca - DEBUG - 
2026-03-20 09:04:48,865 - isca - DEBUG - 
2026-03-20 09:04:48,865 - isca - WARNING - WARNING from PE    0: socrates_init: sw_hires_spectral_filename is unset, making equal to sw_spectral_filename
2026-03-20 09:04:48,865 - isca - DEBUG - 
2026-03-20 09:04:49,973 - isca - DEBUG - NOTE from PE    0: Interpolator: Using input file with no time dimension - ozone_1990_notime_zero.nc
2026-03-20 09:04:49,973 - isca - DEBUG - Initializing src field : ozone_1990
2026-03-20 09:04:49,975 - isca - DEBUG - 
2026-03-20 09:04:49,975 - isca - DEBUG - -----------------------------------
2026-03-20 09:04:49,975 - isca - DEBUG - ____                       _
2026-03-20 09:04:49,975 - isca - DEBUG - / ___|  ___   ___ _ __ __ _| |_ ___  ___
2026-03-20 09:04:49,975 - isca - DEBUG - \___ \ / _ \ / __|  __/ _` | __/ _ \/ __|
2026-03-20 09:04:49,975 - isca - DEBUG - ___) | (_) | (__| | | (_| | ||  __/\__ \
2026-03-20 09:04:49,975 - isca - DEBUG - |____/ \___/ \___|_|  \__,_|\__\___||___/
2026-03-20 09:04:49,975 - isca - DEBUG - 
2026-03-20 09:04:49,975 - isca - DEBUG - Initialised Socrates v17.03
2026-03-20 09:04:49,975 - isca - DEBUG - Stellar constant =    1860.00000000000
2026-03-20 09:04:49,975 - isca - DEBUG - Longwave spectral file =
2026-03-20 09:04:49,975 - isca - DEBUG - /proj/bolinc/users/x_ryabo/socrates_edited_for_isca/spectral_files_for_GCMs/Sun
2026-03-20 09:04:49,975 - isca - DEBUG - /miniSuran_lw.sf WITH           16  bands
2026-03-20 09:04:49,975 - isca - DEBUG - Longwave hires spectral file =
2026-03-20 09:04:49,976 - isca - DEBUG - /proj/bolinc/users/x_ryabo/socrates_edited_for_isca/spectral_files_for_GCMs/Sun
2026-03-20 09:04:49,976 - isca - DEBUG - /miniSuran_lw.sf WITH           16  bands
2026-03-20 09:04:49,976 - isca - DEBUG - Shortwave spectral file =
2026-03-20 09:04:49,976 - isca - DEBUG - /proj/bolinc/users/x_ryabo/socrates_edited_for_isca/spectral_files_for_GCMs/Sun
2026-03-20 09:04:49,976 - isca - DEBUG - /miniSuran_sw.sf WITH           16  bands
2026-03-20 09:04:49,976 - isca - DEBUG - Shortwave hires spectral file =
2026-03-20 09:04:49,976 - isca - DEBUG - /proj/bolinc/users/x_ryabo/socrates_edited_for_isca/spectral_files_for_GCMs/Sun
2026-03-20 09:04:49,976 - isca - DEBUG - /miniSuran_sw.sf WITH           16  bands
2026-03-20 09:04:49,976 - isca - DEBUG - 
2026-03-20 09:04:49,976 - isca - DEBUG - -----------------------------------
2026-03-20 09:04:49,976 - isca - DEBUG - 
2026-03-20 09:05:17,824 - isca - DEBUG - Integration completed through    3 Sep  2   0: 0: 0
2026-03-20 09:05:45,602 - isca - DEBUG - Integration completed through    3 Sep  3   0: 0: 0
2026-03-20 09:06:13,403 - isca - DEBUG - Integration completed through    3 Sep  4   0: 0: 0
2026-03-20 09:06:41,219 - isca - DEBUG - Integration completed through    3 Sep  5   0: 0: 0
2026-03-20 09:07:09,095 - isca - DEBUG - Integration completed through    3 Sep  6   0: 0: 0
2026-03-20 09:07:36,875 - isca - DEBUG - Integration completed through    3 Sep  7   0: 0: 0
2026-03-20 09:08:04,600 - isca - DEBUG - Integration completed through    3 Sep  8   0: 0: 0
2026-03-20 09:08:32,320 - isca - DEBUG - Integration completed through    3 Sep  9   0: 0: 0
2026-03-20 09:09:00,070 - isca - DEBUG - Integration completed through    3 Sep 10   0: 0: 0
2026-03-20 09:09:27,804 - isca - DEBUG - Integration completed through    3 Sep 11   0: 0: 0
2026-03-20 09:09:55,510 - isca - DEBUG - Integration completed through    3 Sep 12   0: 0: 0
2026-03-20 09:10:23,198 - isca - DEBUG - Integration completed through    3 Sep 13   0: 0: 0
2026-03-20 09:10:50,931 - isca - DEBUG - Integration completed through    3 Sep 14   0: 0: 0
2026-03-20 09:11:18,696 - isca - DEBUG - Integration completed through    3 Sep 15   0: 0: 0
2026-03-20 09:11:46,483 - isca - DEBUG - Integration completed through    3 Sep 16   0: 0: 0
2026-03-20 09:12:14,217 - isca - DEBUG - Integration completed through    3 Sep 17   0: 0: 0
2026-03-20 09:12:41,983 - isca - DEBUG - Integration completed through    3 Sep 18   0: 0: 0
2026-03-20 09:13:09,764 - isca - DEBUG - Integration completed through    3 Sep 19   0: 0: 0
2026-03-20 09:13:37,474 - isca - DEBUG - Integration completed through    3 Sep 20   0: 0: 0
2026-03-20 09:14:05,196 - isca - DEBUG - Integration completed through    3 Sep 21   0: 0: 0
2026-03-20 09:14:33,018 - isca - DEBUG - Integration completed through    3 Sep 22   0: 0: 0
2026-03-20 09:15:00,823 - isca - DEBUG - Integration completed through    3 Sep 23   0: 0: 0
2026-03-20 09:15:28,526 - isca - DEBUG - Integration completed through    3 Sep 24   0: 0: 0
2026-03-20 09:15:56,286 - isca - DEBUG - Integration completed through    3 Sep 25   0: 0: 0
2026-03-20 09:16:23,985 - isca - DEBUG - Integration completed through    3 Sep 26   0: 0: 0
2026-03-20 09:16:51,679 - isca - DEBUG - Integration completed through    3 Sep 27   0: 0: 0
2026-03-20 09:17:19,390 - isca - DEBUG - Integration completed through    3 Sep 28   0: 0: 0
2026-03-20 09:17:47,093 - isca - DEBUG - Integration completed through    3 Sep 29   0: 0: 0
2026-03-20 09:18:14,840 - isca - DEBUG - Integration completed through    3 Sep 30   0: 0: 0
2026-03-20 09:18:42,578 - isca - DEBUG - Integration completed through    3 Oct  1   0: 0: 0
2026-03-20 09:18:42,583 - isca - DEBUG - 
2026-03-20 09:18:42,583 - isca - WARNING - WARNING from PE    0: diag_util_mod::opening_file: module/field_name (socrates/soc_toa_sw_down_clr) NOT registered
2026-03-20 09:18:42,583 - isca - DEBUG - 
2026-03-20 09:18:42,583 - isca - DEBUG - 
2026-03-20 09:18:42,584 - isca - WARNING - WARNING from PE    0: diag_util_mod::opening_file: module/field_name (cloud_simple/rh_min) NOT registered
2026-03-20 09:18:42,584 - isca - DEBUG - 
2026-03-20 09:18:42,584 - isca - DEBUG - 
2026-03-20 09:18:42,584 - isca - WARNING - WARNING from PE    0: diag_util_mod::opening_file: module/field_name (socrates/soc_toa_sw_down_clr) NOT registered
2026-03-20 09:18:42,584 - isca - DEBUG - 
2026-03-20 09:18:42,584 - isca - DEBUG - 
2026-03-20 09:18:42,584 - isca - WARNING - WARNING from PE    0: diag_util_mod::opening_file: module/field_name (cloud_simple/rh_min) NOT registered
2026-03-20 09:18:42,584 - isca - DEBUG - 
2026-03-20 09:18:42,594 - isca - DEBUG - NOTE from PE    0: MPP_IO_SET_STACK_SIZE: stack size set to     393216.
2026-03-20 09:18:42,690 - isca - DEBUG - MPP_DOMAINS_STACK high water mark=       49152
2026-03-20 09:18:42,691 - isca - DEBUG - 
2026-03-20 09:18:42,691 - isca - DEBUG - Tabulating mpp_clock statistics across     16 PEs...
2026-03-20 09:18:42,691 - isca - DEBUG - 
2026-03-20 09:18:42,691 - isca - DEBUG - tmin          tmax          tavg          tstd  tfrac grain pemin pemax
2026-03-20 09:18:42,691 - isca - DEBUG - Total runtime                       833.898447    833.903421    833.901068      0.001477  1.000     0     0    15
2026-03-20 09:18:42,691 - isca - DEBUG - MPP_STACK high water mark=           0
2026-03-20 09:18:42,782 - isca - INFO - Run 33 complete
2026-03-20 09:18:43,682 - isca - DEBUG - atmos_monthly.nc combined and copied to data directory
2026-03-20 09:18:46,903 - isca - INFO - Restart archive created at /proj/bolinc/users/x_ryabo/Isca-Ryan_outputs/Earth_1860/restarts/res0033.tar.gz
2026-03-20 09:18:46,916 - isca - INFO - Writing namelist to '/proj/bolinc/users/x_ryabo/Isca-Ryan_outputs/Earth_1860/run0033/input.nml'
2026-03-20 09:18:46,918 - isca - INFO - Writing field_table to '/proj/bolinc/users/x_ryabo/Isca-Ryan_outputs/Earth_1860/run0033/field_table'
2026-03-20 09:18:46,928 - isca - INFO - Writing diag_table to '/proj/bolinc/users/x_ryabo/Isca-Ryan_outputs/Earth_1860/run0033/diag_table'
2026-03-20 09:18:47,296 - isca - INFO - Emptied run directory '/home/x_ryabo/Isca-Ryan_tmp/experiment/Earth_1860/run'
2026-03-20 09:18:47,316 - isca - INFO - Emptied run directory '/home/x_ryabo/Isca-Ryan_tmp/experiment/Earth_1860/run'
2026-03-20 09:18:47,642 - isca - INFO - Writing namelist to '/home/x_ryabo/Isca-Ryan_tmp/experiment/Earth_1860/run/input.nml'
2026-03-20 09:18:47,644 - isca - INFO - Writing field_table to '/home/x_ryabo/Isca-Ryan_tmp/experiment/Earth_1860/run/field_table'
2026-03-20 09:18:47,656 - isca - INFO - Writing diag_table to '/home/x_ryabo/Isca-Ryan_tmp/experiment/Earth_1860/run/diag_table'
2026-03-20 09:18:47,670 - isca - INFO - Using restart file '/proj/bolinc/users/x_ryabo/Isca-Ryan_outputs/Earth_1860/restarts/res0033.tar.gz'
2026-03-20 09:18:48,083 - isca - INFO - Restart /proj/bolinc/users/x_ryabo/Isca-Ryan_outputs/Earth_1860/restarts/res0033.tar.gz extracted to /home/x_ryabo/Isca-Ryan_tmp/experiment/Earth_1860/run/INPUT
2026-03-20 09:18:48,084 - isca - INFO - Beginning run 34
2026-03-20 09:18:48,100 - isca - INFO - process running as 84011
2026-03-20 09:18:48,100 - isca - DEBUG - loadmodules for Isca on NSC cluster Tetralith
2026-03-20 09:18:48,100 - isca - DEBUG - mpiifort
2026-03-20 09:18:48,208 - isca - DEBUG - The following modules were not unloaded:
2026-03-20 09:18:48,208 - isca - DEBUG - (Use "module --force purge" to unload all):
2026-03-20 09:18:48,208 - isca - DEBUG - 
2026-03-20 09:18:48,208 - isca - DEBUG - 1) hpc/.1.10.1
2026-03-20 09:18:48,310 - isca - DEBUG - ***************************************************
2026-03-20 09:18:48,310 - isca - DEBUG - You have loaded a buildenv module
2026-03-20 09:18:48,310 - isca - DEBUG - ***************************************************
2026-03-20 09:18:48,310 - isca - DEBUG - The buldenv-intel module makes available:
2026-03-20 09:18:48,310 - isca - DEBUG - - Compilers: icc, ifort, etc.
2026-03-20 09:18:48,310 - isca - DEBUG - - Mpi library with mpi-wrapped compilers: intel mpi with mpicc, mpifort, etc.
2026-03-20 09:18:48,310 - isca - DEBUG - - Numerical libraries: intel MKL
2026-03-20 09:18:48,310 - isca - DEBUG - 
2026-03-20 09:18:48,310 - isca - DEBUG - It also makes a set of dependency library modules available via
2026-03-20 09:18:48,310 - isca - DEBUG - the regular module command. Just do:
2026-03-20 09:18:48,310 - isca - DEBUG - module avail
2026-03-20 09:18:48,310 - isca - DEBUG - to see what is available.
2026-03-20 09:18:48,310 - isca - DEBUG - 
2026-03-20 09:18:48,310 - isca - DEBUG - NOTE: You shoud never load build environments inside submitted jobs.
2026-03-20 09:18:48,310 - isca - DEBUG - (with the single exception of when using supercomputer time to compile code.)
2026-03-20 09:18:48,310 - isca - DEBUG - 
2026-03-20 09:18:49,516 - isca - DEBUG - NOTE from PE    0: MPP_DOMAINS_SET_STACK_SIZE: stack size set to    32768.
2026-03-20 09:18:49,517 - isca - DEBUG - &MPP_IO_NML
2026-03-20 09:18:49,517 - isca - DEBUG - HEADER_BUFFER_VAL       =       16384,
2026-03-20 09:18:49,517 - isca - DEBUG - GLOBAL_FIELD_ON_ROOT_PE = T,
2026-03-20 09:18:49,517 - isca - DEBUG - IO_CLOCKS_ON    = F,
2026-03-20 09:18:49,517 - isca - DEBUG - SHUFFLE =           0,
2026-03-20 09:18:49,517 - isca - DEBUG - DEFLATE_LEVEL   =          -1
2026-03-20 09:18:49,517 - isca - DEBUG - /
2026-03-20 09:18:49,518 - isca - DEBUG - NOTE from PE    0: MPP_IO_SET_STACK_SIZE: stack size set to     131072.
2026-03-20 09:18:49,519 - isca - DEBUG - NOTE from PE    0: MPP_DOMAINS_SET_STACK_SIZE: stack size set to   600000.
2026-03-20 09:18:49,527 - isca - DEBUG - starting            1  OpenMP threads per MPI-task
2026-03-20 09:18:49,529 - isca - DEBUG - ATMOS MODEL DOMAIN DECOMPOSITION
2026-03-20 09:18:49,529 - isca - DEBUG - X-AXIS =  128
2026-03-20 09:18:49,530 - isca - DEBUG - Y-AXIS =    4   4   4   4   4   4   4   4   4   4   4   4   4   4   4   4
2026-03-20 09:18:49,581 - isca - DEBUG - NOTE from PE    0: cloud_simple: Using SimCloud cloud scheme
2026-03-20 09:18:49,582 - isca - DEBUG - NOTE from PE    0: ls_cloud: Using Sundqvist (1989) cloud fraction diagnostic formula.
2026-03-20 09:18:49,582 - isca - DEBUG - NOTE from PE    0: cloud_cover: The cloud overlap assumption is MAXIMUM-RANDOM
2026-03-20 09:18:49,583 - isca - DEBUG - NOTE from PE    0: idealized_moist_phys: Using Frierson Quasi-Equilibrium convection scheme.
2026-03-20 09:18:49,592 - isca - DEBUG - 
2026-03-20 09:18:49,593 - isca - WARNING - WARNING from PE    0: socrates_init: lw_hires_spectral_filename is unset, making equal to lw_spectral_filename
2026-03-20 09:18:49,593 - isca - DEBUG - 
2026-03-20 09:18:49,593 - isca - DEBUG - 
2026-03-20 09:18:49,593 - isca - WARNING - WARNING from PE    0: socrates_init: lw_hires_spectral_filename is unset, making equal to lw_spectral_filename
2026-03-20 09:18:49,593 - isca - DEBUG - 
2026-03-20 09:18:49,593 - isca - DEBUG - 
2026-03-20 09:18:49,593 - isca - WARNING - WARNING from PE    0: socrates_init: sw_hires_spectral_filename is unset, making equal to sw_spectral_filename
2026-03-20 09:18:49,593 - isca - DEBUG - 
2026-03-20 09:18:49,593 - isca - DEBUG - 
2026-03-20 09:18:49,593 - isca - WARNING - WARNING from PE    0: socrates_init: sw_hires_spectral_filename is unset, making equal to sw_spectral_filename
2026-03-20 09:18:49,593 - isca - DEBUG - 
2026-03-20 09:18:50,868 - isca - DEBUG - NOTE from PE    0: Interpolator: Using input file with no time dimension - ozone_1990_notime_zero.nc
2026-03-20 09:18:50,868 - isca - DEBUG - Initializing src field : ozone_1990
2026-03-20 09:18:50,871 - isca - DEBUG - 
2026-03-20 09:18:50,871 - isca - DEBUG - -----------------------------------
2026-03-20 09:18:50,871 - isca - DEBUG - ____                       _
2026-03-20 09:18:50,871 - isca - DEBUG - / ___|  ___   ___ _ __ __ _| |_ ___  ___
2026-03-20 09:18:50,871 - isca - DEBUG - \___ \ / _ \ / __|  __/ _` | __/ _ \/ __|
2026-03-20 09:18:50,871 - isca - DEBUG - ___) | (_) | (__| | | (_| | ||  __/\__ \
2026-03-20 09:18:50,871 - isca - DEBUG - |____/ \___/ \___|_|  \__,_|\__\___||___/
2026-03-20 09:18:50,871 - isca - DEBUG - 
2026-03-20 09:18:50,871 - isca - DEBUG - Initialised Socrates v17.03
2026-03-20 09:18:50,871 - isca - DEBUG - Stellar constant =    1860.00000000000
2026-03-20 09:18:50,871 - isca - DEBUG - Longwave spectral file =
2026-03-20 09:18:50,871 - isca - DEBUG - /proj/bolinc/users/x_ryabo/socrates_edited_for_isca/spectral_files_for_GCMs/Sun
2026-03-20 09:18:50,871 - isca - DEBUG - /miniSuran_lw.sf WITH           16  bands
2026-03-20 09:18:50,871 - isca - DEBUG - Longwave hires spectral file =
2026-03-20 09:18:50,871 - isca - DEBUG - /proj/bolinc/users/x_ryabo/socrates_edited_for_isca/spectral_files_for_GCMs/Sun
2026-03-20 09:18:50,871 - isca - DEBUG - /miniSuran_lw.sf WITH           16  bands
2026-03-20 09:18:50,871 - isca - DEBUG - Shortwave spectral file =
2026-03-20 09:18:50,871 - isca - DEBUG - /proj/bolinc/users/x_ryabo/socrates_edited_for_isca/spectral_files_for_GCMs/Sun
2026-03-20 09:18:50,871 - isca - DEBUG - /miniSuran_sw.sf WITH           16  bands
2026-03-20 09:18:50,871 - isca - DEBUG - Shortwave hires spectral file =
2026-03-20 09:18:50,871 - isca - DEBUG - /proj/bolinc/users/x_ryabo/socrates_edited_for_isca/spectral_files_for_GCMs/Sun
2026-03-20 09:18:50,871 - isca - DEBUG - /miniSuran_sw.sf WITH           16  bands
2026-03-20 09:18:50,871 - isca - DEBUG - 
2026-03-20 09:18:50,871 - isca - DEBUG - -----------------------------------
2026-03-20 09:18:50,871 - isca - DEBUG - 
2026-03-20 09:19:19,073 - isca - DEBUG - Integration completed through    3 Oct  2   0: 0: 0
2026-03-20 09:19:47,213 - isca - DEBUG - Integration completed through    3 Oct  3   0: 0: 0
2026-03-20 09:20:15,330 - isca - DEBUG - Integration completed through    3 Oct  4   0: 0: 0
2026-03-20 09:20:43,301 - isca - DEBUG - Integration completed through    3 Oct  5   0: 0: 0
2026-03-20 09:21:11,260 - isca - DEBUG - Integration completed through    3 Oct  6   0: 0: 0
2026-03-20 09:21:39,287 - isca - DEBUG - Integration completed through    3 Oct  7   0: 0: 0
2026-03-20 09:22:07,244 - isca - DEBUG - Integration completed through    3 Oct  8   0: 0: 0
2026-03-20 09:22:35,214 - isca - DEBUG - Integration completed through    3 Oct  9   0: 0: 0
2026-03-20 09:23:03,175 - isca - DEBUG - Integration completed through    3 Oct 10   0: 0: 0
2026-03-20 09:23:31,141 - isca - DEBUG - Integration completed through    3 Oct 11   0: 0: 0
2026-03-20 09:23:59,177 - isca - DEBUG - Integration completed through    3 Oct 12   0: 0: 0
2026-03-20 09:24:27,135 - isca - DEBUG - Integration completed through    3 Oct 13   0: 0: 0
2026-03-20 09:24:55,201 - isca - DEBUG - Integration completed through    3 Oct 14   0: 0: 0
2026-03-20 09:25:23,357 - isca - DEBUG - Integration completed through    3 Oct 15   0: 0: 0
2026-03-20 09:25:51,445 - isca - DEBUG - Integration completed through    3 Oct 16   0: 0: 0
2026-03-20 09:26:19,545 - isca - DEBUG - Integration completed through    3 Oct 17   0: 0: 0
2026-03-20 09:26:47,568 - isca - DEBUG - Integration completed through    3 Oct 18   0: 0: 0
2026-03-20 09:27:15,661 - isca - DEBUG - Integration completed through    3 Oct 19   0: 0: 0
2026-03-20 09:27:43,662 - isca - DEBUG - Integration completed through    3 Oct 20   0: 0: 0
2026-03-20 09:28:11,712 - isca - DEBUG - Integration completed through    3 Oct 21   0: 0: 0
2026-03-20 09:28:39,720 - isca - DEBUG - Integration completed through    3 Oct 22   0: 0: 0
2026-03-20 09:29:07,755 - isca - DEBUG - Integration completed through    3 Oct 23   0: 0: 0
2026-03-20 09:29:35,792 - isca - DEBUG - Integration completed through    3 Oct 24   0: 0: 0
2026-03-20 09:30:03,839 - isca - DEBUG - Integration completed through    3 Oct 25   0: 0: 0
2026-03-20 09:30:31,775 - isca - DEBUG - Integration completed through    3 Oct 26   0: 0: 0
2026-03-20 09:30:59,738 - isca - DEBUG - Integration completed through    3 Oct 27   0: 0: 0
2026-03-20 09:31:27,652 - isca - DEBUG - Integration completed through    3 Oct 28   0: 0: 0
2026-03-20 09:31:55,718 - isca - DEBUG - Integration completed through    3 Oct 29   0: 0: 0
2026-03-20 09:32:23,764 - isca - DEBUG - Integration completed through    3 Oct 30   0: 0: 0
2026-03-20 09:32:51,748 - isca - DEBUG - Integration completed through    3 Nov  1   0: 0: 0
2026-03-20 09:32:51,753 - isca - DEBUG - 
2026-03-20 09:32:51,753 - isca - WARNING - WARNING from PE    0: diag_util_mod::opening_file: module/field_name (socrates/soc_toa_sw_down_clr) NOT registered
2026-03-20 09:32:51,753 - isca - DEBUG - 
2026-03-20 09:32:51,753 - isca - DEBUG - 
2026-03-20 09:32:51,753 - isca - WARNING - WARNING from PE    0: diag_util_mod::opening_file: module/field_name (cloud_simple/rh_min) NOT registered
2026-03-20 09:32:51,753 - isca - DEBUG - 
2026-03-20 09:32:51,753 - isca - DEBUG - 
2026-03-20 09:32:51,753 - isca - WARNING - WARNING from PE    0: diag_util_mod::opening_file: module/field_name (socrates/soc_toa_sw_down_clr) NOT registered
2026-03-20 09:32:51,754 - isca - DEBUG - 
2026-03-20 09:32:51,754 - isca - DEBUG - 
2026-03-20 09:32:51,754 - isca - WARNING - WARNING from PE    0: diag_util_mod::opening_file: module/field_name (cloud_simple/rh_min) NOT registered
2026-03-20 09:32:51,754 - isca - DEBUG - 
2026-03-20 09:32:51,764 - isca - DEBUG - NOTE from PE    0: MPP_IO_SET_STACK_SIZE: stack size set to     393216.
2026-03-20 09:32:51,862 - isca - DEBUG - MPP_DOMAINS_STACK high water mark=       49152
2026-03-20 09:32:51,862 - isca - DEBUG - 
2026-03-20 09:32:51,862 - isca - DEBUG - Tabulating mpp_clock statistics across     16 PEs...
2026-03-20 09:32:51,862 - isca - DEBUG - 
2026-03-20 09:32:51,862 - isca - DEBUG - tmin          tmax          tavg          tstd  tfrac grain pemin pemax
2026-03-20 09:32:51,863 - isca - DEBUG - Total runtime                       842.344476    842.349935    842.346904      0.001509  1.000     0     0    15
2026-03-20 09:32:51,863 - isca - DEBUG - MPP_STACK high water mark=           0
2026-03-20 09:32:51,966 - isca - INFO - Run 34 complete
2026-03-20 09:32:52,874 - isca - DEBUG - atmos_monthly.nc combined and copied to data directory
2026-03-20 09:32:56,086 - isca - INFO - Restart archive created at /proj/bolinc/users/x_ryabo/Isca-Ryan_outputs/Earth_1860/restarts/res0034.tar.gz
2026-03-20 09:32:56,098 - isca - INFO - Writing namelist to '/proj/bolinc/users/x_ryabo/Isca-Ryan_outputs/Earth_1860/run0034/input.nml'
2026-03-20 09:32:56,100 - isca - INFO - Writing field_table to '/proj/bolinc/users/x_ryabo/Isca-Ryan_outputs/Earth_1860/run0034/field_table'
2026-03-20 09:32:56,111 - isca - INFO - Writing diag_table to '/proj/bolinc/users/x_ryabo/Isca-Ryan_outputs/Earth_1860/run0034/diag_table'
2026-03-20 09:32:56,474 - isca - INFO - Emptied run directory '/home/x_ryabo/Isca-Ryan_tmp/experiment/Earth_1860/run'
2026-03-20 09:32:56,494 - isca - INFO - Emptied run directory '/home/x_ryabo/Isca-Ryan_tmp/experiment/Earth_1860/run'
2026-03-20 09:32:56,821 - isca - INFO - Writing namelist to '/home/x_ryabo/Isca-Ryan_tmp/experiment/Earth_1860/run/input.nml'
2026-03-20 09:32:56,823 - isca - INFO - Writing field_table to '/home/x_ryabo/Isca-Ryan_tmp/experiment/Earth_1860/run/field_table'
2026-03-20 09:32:56,835 - isca - INFO - Writing diag_table to '/home/x_ryabo/Isca-Ryan_tmp/experiment/Earth_1860/run/diag_table'
2026-03-20 09:32:56,848 - isca - INFO - Using restart file '/proj/bolinc/users/x_ryabo/Isca-Ryan_outputs/Earth_1860/restarts/res0034.tar.gz'
2026-03-20 09:32:57,260 - isca - INFO - Restart /proj/bolinc/users/x_ryabo/Isca-Ryan_outputs/Earth_1860/restarts/res0034.tar.gz extracted to /home/x_ryabo/Isca-Ryan_tmp/experiment/Earth_1860/run/INPUT
2026-03-20 09:32:57,260 - isca - INFO - Beginning run 35
2026-03-20 09:32:57,271 - isca - INFO - process running as 85600
2026-03-20 09:32:57,272 - isca - DEBUG - loadmodules for Isca on NSC cluster Tetralith
2026-03-20 09:32:57,272 - isca - DEBUG - mpiifort
2026-03-20 09:32:57,384 - isca - DEBUG - The following modules were not unloaded:
2026-03-20 09:32:57,384 - isca - DEBUG - (Use "module --force purge" to unload all):
2026-03-20 09:32:57,384 - isca - DEBUG - 
2026-03-20 09:32:57,384 - isca - DEBUG - 1) hpc/.1.10.1
2026-03-20 09:32:57,486 - isca - DEBUG - ***************************************************
2026-03-20 09:32:57,486 - isca - DEBUG - You have loaded a buildenv module
2026-03-20 09:32:57,486 - isca - DEBUG - ***************************************************
2026-03-20 09:32:57,486 - isca - DEBUG - The buldenv-intel module makes available:
2026-03-20 09:32:57,486 - isca - DEBUG - - Compilers: icc, ifort, etc.
2026-03-20 09:32:57,486 - isca - DEBUG - - Mpi library with mpi-wrapped compilers: intel mpi with mpicc, mpifort, etc.
2026-03-20 09:32:57,486 - isca - DEBUG - - Numerical libraries: intel MKL
2026-03-20 09:32:57,486 - isca - DEBUG - 
2026-03-20 09:32:57,486 - isca - DEBUG - It also makes a set of dependency library modules available via
2026-03-20 09:32:57,486 - isca - DEBUG - the regular module command. Just do:
2026-03-20 09:32:57,486 - isca - DEBUG - module avail
2026-03-20 09:32:57,486 - isca - DEBUG - to see what is available.
2026-03-20 09:32:57,486 - isca - DEBUG - 
2026-03-20 09:32:57,486 - isca - DEBUG - NOTE: You shoud never load build environments inside submitted jobs.
2026-03-20 09:32:57,486 - isca - DEBUG - (with the single exception of when using supercomputer time to compile code.)
2026-03-20 09:32:57,486 - isca - DEBUG - 
2026-03-20 09:32:58,902 - isca - DEBUG - NOTE from PE    0: MPP_DOMAINS_SET_STACK_SIZE: stack size set to    32768.
2026-03-20 09:32:58,902 - isca - DEBUG - &MPP_IO_NML
2026-03-20 09:32:58,902 - isca - DEBUG - HEADER_BUFFER_VAL       =       16384,
2026-03-20 09:32:58,902 - isca - DEBUG - GLOBAL_FIELD_ON_ROOT_PE = T,
2026-03-20 09:32:58,902 - isca - DEBUG - IO_CLOCKS_ON    = F,
2026-03-20 09:32:58,902 - isca - DEBUG - SHUFFLE =           0,
2026-03-20 09:32:58,902 - isca - DEBUG - DEFLATE_LEVEL   =          -1
2026-03-20 09:32:58,902 - isca - DEBUG - /
2026-03-20 09:32:58,903 - isca - DEBUG - NOTE from PE    0: MPP_IO_SET_STACK_SIZE: stack size set to     131072.
2026-03-20 09:32:58,904 - isca - DEBUG - NOTE from PE    0: MPP_DOMAINS_SET_STACK_SIZE: stack size set to   600000.
2026-03-20 09:32:58,911 - isca - DEBUG - starting            1  OpenMP threads per MPI-task
2026-03-20 09:32:58,913 - isca - DEBUG - ATMOS MODEL DOMAIN DECOMPOSITION
2026-03-20 09:32:58,913 - isca - DEBUG - X-AXIS =  128
2026-03-20 09:32:58,913 - isca - DEBUG - Y-AXIS =    4   4   4   4   4   4   4   4   4   4   4   4   4   4   4   4
2026-03-20 09:32:58,965 - isca - DEBUG - NOTE from PE    0: cloud_simple: Using SimCloud cloud scheme
2026-03-20 09:32:58,966 - isca - DEBUG - NOTE from PE    0: ls_cloud: Using Sundqvist (1989) cloud fraction diagnostic formula.
2026-03-20 09:32:58,966 - isca - DEBUG - NOTE from PE    0: cloud_cover: The cloud overlap assumption is MAXIMUM-RANDOM
2026-03-20 09:32:58,966 - isca - DEBUG - NOTE from PE    0: idealized_moist_phys: Using Frierson Quasi-Equilibrium convection scheme.
2026-03-20 09:32:58,975 - isca - DEBUG - 
2026-03-20 09:32:58,975 - isca - WARNING - WARNING from PE    0: socrates_init: lw_hires_spectral_filename is unset, making equal to lw_spectral_filename
2026-03-20 09:32:58,975 - isca - DEBUG - 
2026-03-20 09:32:58,975 - isca - DEBUG - 
2026-03-20 09:32:58,975 - isca - WARNING - WARNING from PE    0: socrates_init: lw_hires_spectral_filename is unset, making equal to lw_spectral_filename
2026-03-20 09:32:58,975 - isca - DEBUG - 
2026-03-20 09:32:58,975 - isca - DEBUG - 
2026-03-20 09:32:58,975 - isca - WARNING - WARNING from PE    0: socrates_init: sw_hires_spectral_filename is unset, making equal to sw_spectral_filename
2026-03-20 09:32:58,975 - isca - DEBUG - 
2026-03-20 09:32:58,975 - isca - DEBUG - 
2026-03-20 09:32:58,975 - isca - WARNING - WARNING from PE    0: socrates_init: sw_hires_spectral_filename is unset, making equal to sw_spectral_filename
2026-03-20 09:32:58,975 - isca - DEBUG - 
2026-03-20 09:33:00,110 - isca - DEBUG - NOTE from PE    0: Interpolator: Using input file with no time dimension - ozone_1990_notime_zero.nc
2026-03-20 09:33:00,110 - isca - DEBUG - Initializing src field : ozone_1990
2026-03-20 09:33:00,112 - isca - DEBUG - 
2026-03-20 09:33:00,112 - isca - DEBUG - -----------------------------------
2026-03-20 09:33:00,112 - isca - DEBUG - ____                       _
2026-03-20 09:33:00,112 - isca - DEBUG - / ___|  ___   ___ _ __ __ _| |_ ___  ___
2026-03-20 09:33:00,112 - isca - DEBUG - \___ \ / _ \ / __|  __/ _` | __/ _ \/ __|
2026-03-20 09:33:00,112 - isca - DEBUG - ___) | (_) | (__| | | (_| | ||  __/\__ \
2026-03-20 09:33:00,112 - isca - DEBUG - |____/ \___/ \___|_|  \__,_|\__\___||___/
2026-03-20 09:33:00,112 - isca - DEBUG - 
2026-03-20 09:33:00,112 - isca - DEBUG - Initialised Socrates v17.03
2026-03-20 09:33:00,112 - isca - DEBUG - Stellar constant =    1860.00000000000
2026-03-20 09:33:00,112 - isca - DEBUG - Longwave spectral file =
2026-03-20 09:33:00,112 - isca - DEBUG - /proj/bolinc/users/x_ryabo/socrates_edited_for_isca/spectral_files_for_GCMs/Sun
2026-03-20 09:33:00,112 - isca - DEBUG - /miniSuran_lw.sf WITH           16  bands
2026-03-20 09:33:00,112 - isca - DEBUG - Longwave hires spectral file =
2026-03-20 09:33:00,112 - isca - DEBUG - /proj/bolinc/users/x_ryabo/socrates_edited_for_isca/spectral_files_for_GCMs/Sun
2026-03-20 09:33:00,112 - isca - DEBUG - /miniSuran_lw.sf WITH           16  bands
2026-03-20 09:33:00,112 - isca - DEBUG - Shortwave spectral file =
2026-03-20 09:33:00,113 - isca - DEBUG - /proj/bolinc/users/x_ryabo/socrates_edited_for_isca/spectral_files_for_GCMs/Sun
2026-03-20 09:33:00,113 - isca - DEBUG - /miniSuran_sw.sf WITH           16  bands
2026-03-20 09:33:00,113 - isca - DEBUG - Shortwave hires spectral file =
2026-03-20 09:33:00,113 - isca - DEBUG - /proj/bolinc/users/x_ryabo/socrates_edited_for_isca/spectral_files_for_GCMs/Sun
2026-03-20 09:33:00,113 - isca - DEBUG - /miniSuran_sw.sf WITH           16  bands
2026-03-20 09:33:00,113 - isca - DEBUG - 
2026-03-20 09:33:00,113 - isca - DEBUG - -----------------------------------
2026-03-20 09:33:00,113 - isca - DEBUG - 
2026-03-20 09:33:27,814 - isca - DEBUG - Integration completed through    3 Nov  2   0: 0: 0
2026-03-20 09:33:55,516 - isca - DEBUG - Integration completed through    3 Nov  3   0: 0: 0
2026-03-20 09:34:23,144 - isca - DEBUG - Integration completed through    3 Nov  4   0: 0: 0
2026-03-20 09:34:50,768 - isca - DEBUG - Integration completed through    3 Nov  5   0: 0: 0
2026-03-20 09:35:18,373 - isca - DEBUG - Integration completed through    3 Nov  6   0: 0: 0
2026-03-20 09:35:46,020 - isca - DEBUG - Integration completed through    3 Nov  7   0: 0: 0
2026-03-20 09:36:13,885 - isca - DEBUG - Integration completed through    3 Nov  8   0: 0: 0
2026-03-20 09:36:41,527 - isca - DEBUG - Integration completed through    3 Nov  9   0: 0: 0
2026-03-20 09:37:09,108 - isca - DEBUG - Integration completed through    3 Nov 10   0: 0: 0
2026-03-20 09:37:36,782 - isca - DEBUG - Integration completed through    3 Nov 11   0: 0: 0
2026-03-20 09:38:04,559 - isca - DEBUG - Integration completed through    3 Nov 12   0: 0: 0
2026-03-20 09:38:32,276 - isca - DEBUG - Integration completed through    3 Nov 13   0: 0: 0
2026-03-20 09:38:59,916 - isca - DEBUG - Integration completed through    3 Nov 14   0: 0: 0
2026-03-20 09:39:27,503 - isca - DEBUG - Integration completed through    3 Nov 15   0: 0: 0
2026-03-20 09:39:55,122 - isca - DEBUG - Integration completed through    3 Nov 16   0: 0: 0
2026-03-20 09:40:22,709 - isca - DEBUG - Integration completed through    3 Nov 17   0: 0: 0
2026-03-20 09:40:50,317 - isca - DEBUG - Integration completed through    3 Nov 18   0: 0: 0
2026-03-20 09:41:17,860 - isca - DEBUG - Integration completed through    3 Nov 19   0: 0: 0
2026-03-20 09:41:45,389 - isca - DEBUG - Integration completed through    3 Nov 20   0: 0: 0
2026-03-20 09:42:12,998 - isca - DEBUG - Integration completed through    3 Nov 21   0: 0: 0
2026-03-20 09:42:40,583 - isca - DEBUG - Integration completed through    3 Nov 22   0: 0: 0
2026-03-20 09:43:08,216 - isca - DEBUG - Integration completed through    3 Nov 23   0: 0: 0
2026-03-20 09:43:35,839 - isca - DEBUG - Integration completed through    3 Nov 24   0: 0: 0
2026-03-20 09:44:03,511 - isca - DEBUG - Integration completed through    3 Nov 25   0: 0: 0
2026-03-20 09:44:31,132 - isca - DEBUG - Integration completed through    3 Nov 26   0: 0: 0
2026-03-20 09:44:58,804 - isca - DEBUG - Integration completed through    3 Nov 27   0: 0: 0
2026-03-20 09:45:26,515 - isca - DEBUG - Integration completed through    3 Nov 28   0: 0: 0
2026-03-20 09:45:54,143 - isca - DEBUG - Integration completed through    3 Nov 29   0: 0: 0
2026-03-20 09:46:21,733 - isca - DEBUG - Integration completed through    3 Nov 30   0: 0: 0
2026-03-20 09:46:49,259 - isca - DEBUG - Integration completed through    3 Dec  1   0: 0: 0
2026-03-20 09:46:49,265 - isca - DEBUG - 
2026-03-20 09:46:49,265 - isca - WARNING - WARNING from PE    0: diag_util_mod::opening_file: module/field_name (socrates/soc_toa_sw_down_clr) NOT registered
2026-03-20 09:46:49,265 - isca - DEBUG - 
2026-03-20 09:46:49,265 - isca - DEBUG - 
2026-03-20 09:46:49,265 - isca - WARNING - WARNING from PE    0: diag_util_mod::opening_file: module/field_name (cloud_simple/rh_min) NOT registered
2026-03-20 09:46:49,265 - isca - DEBUG - 
2026-03-20 09:46:49,265 - isca - DEBUG - 
2026-03-20 09:46:49,265 - isca - WARNING - WARNING from PE    0: diag_util_mod::opening_file: module/field_name (socrates/soc_toa_sw_down_clr) NOT registered
2026-03-20 09:46:49,265 - isca - DEBUG - 
2026-03-20 09:46:49,265 - isca - DEBUG - 
2026-03-20 09:46:49,265 - isca - WARNING - WARNING from PE    0: diag_util_mod::opening_file: module/field_name (cloud_simple/rh_min) NOT registered
2026-03-20 09:46:49,265 - isca - DEBUG - 
2026-03-20 09:46:49,275 - isca - DEBUG - NOTE from PE    0: MPP_IO_SET_STACK_SIZE: stack size set to     393216.
2026-03-20 09:46:49,372 - isca - DEBUG - MPP_DOMAINS_STACK high water mark=       49152
2026-03-20 09:46:49,372 - isca - DEBUG - 
2026-03-20 09:46:49,372 - isca - DEBUG - Tabulating mpp_clock statistics across     16 PEs...
2026-03-20 09:46:49,373 - isca - DEBUG - 
2026-03-20 09:46:49,373 - isca - DEBUG - tmin          tmax          tavg          tstd  tfrac grain pemin pemax
2026-03-20 09:46:49,373 - isca - DEBUG - Total runtime                       830.468408    830.473141    830.471574      0.001417  1.000     0     0    15
2026-03-20 09:46:49,373 - isca - DEBUG - MPP_STACK high water mark=           0
2026-03-20 09:46:49,534 - isca - INFO - Run 35 complete
2026-03-20 09:46:50,545 - isca - DEBUG - atmos_monthly.nc combined and copied to data directory
2026-03-20 09:46:53,747 - isca - INFO - Restart archive created at /proj/bolinc/users/x_ryabo/Isca-Ryan_outputs/Earth_1860/restarts/res0035.tar.gz
2026-03-20 09:46:53,759 - isca - INFO - Writing namelist to '/proj/bolinc/users/x_ryabo/Isca-Ryan_outputs/Earth_1860/run0035/input.nml'
2026-03-20 09:46:53,761 - isca - INFO - Writing field_table to '/proj/bolinc/users/x_ryabo/Isca-Ryan_outputs/Earth_1860/run0035/field_table'
2026-03-20 09:46:53,771 - isca - INFO - Writing diag_table to '/proj/bolinc/users/x_ryabo/Isca-Ryan_outputs/Earth_1860/run0035/diag_table'
2026-03-20 09:46:54,126 - isca - INFO - Emptied run directory '/home/x_ryabo/Isca-Ryan_tmp/experiment/Earth_1860/run'
2026-03-20 09:46:54,150 - isca - INFO - Emptied run directory '/home/x_ryabo/Isca-Ryan_tmp/experiment/Earth_1860/run'
2026-03-20 09:46:54,478 - isca - INFO - Writing namelist to '/home/x_ryabo/Isca-Ryan_tmp/experiment/Earth_1860/run/input.nml'
2026-03-20 09:46:54,480 - isca - INFO - Writing field_table to '/home/x_ryabo/Isca-Ryan_tmp/experiment/Earth_1860/run/field_table'
2026-03-20 09:46:54,493 - isca - INFO - Writing diag_table to '/home/x_ryabo/Isca-Ryan_tmp/experiment/Earth_1860/run/diag_table'
2026-03-20 09:46:54,508 - isca - INFO - Using restart file '/proj/bolinc/users/x_ryabo/Isca-Ryan_outputs/Earth_1860/restarts/res0035.tar.gz'
2026-03-20 09:46:54,921 - isca - INFO - Restart /proj/bolinc/users/x_ryabo/Isca-Ryan_outputs/Earth_1860/restarts/res0035.tar.gz extracted to /home/x_ryabo/Isca-Ryan_tmp/experiment/Earth_1860/run/INPUT
2026-03-20 09:46:54,922 - isca - INFO - Beginning run 36
2026-03-20 09:46:54,934 - isca - INFO - process running as 87186
2026-03-20 09:46:54,934 - isca - DEBUG - loadmodules for Isca on NSC cluster Tetralith
2026-03-20 09:46:54,934 - isca - DEBUG - mpiifort
2026-03-20 09:46:55,048 - isca - DEBUG - The following modules were not unloaded:
2026-03-20 09:46:55,048 - isca - DEBUG - (Use "module --force purge" to unload all):
2026-03-20 09:46:55,048 - isca - DEBUG - 
2026-03-20 09:46:55,049 - isca - DEBUG - 1) hpc/.1.10.1
2026-03-20 09:46:55,150 - isca - DEBUG - ***************************************************
2026-03-20 09:46:55,150 - isca - DEBUG - You have loaded a buildenv module
2026-03-20 09:46:55,150 - isca - DEBUG - ***************************************************
2026-03-20 09:46:55,150 - isca - DEBUG - The buldenv-intel module makes available:
2026-03-20 09:46:55,150 - isca - DEBUG - - Compilers: icc, ifort, etc.
2026-03-20 09:46:55,150 - isca - DEBUG - - Mpi library with mpi-wrapped compilers: intel mpi with mpicc, mpifort, etc.
2026-03-20 09:46:55,150 - isca - DEBUG - - Numerical libraries: intel MKL
2026-03-20 09:46:55,150 - isca - DEBUG - 
2026-03-20 09:46:55,150 - isca - DEBUG - It also makes a set of dependency library modules available via
2026-03-20 09:46:55,150 - isca - DEBUG - the regular module command. Just do:
2026-03-20 09:46:55,150 - isca - DEBUG - module avail
2026-03-20 09:46:55,150 - isca - DEBUG - to see what is available.
2026-03-20 09:46:55,150 - isca - DEBUG - 
2026-03-20 09:46:55,150 - isca - DEBUG - NOTE: You shoud never load build environments inside submitted jobs.
2026-03-20 09:46:55,150 - isca - DEBUG - (with the single exception of when using supercomputer time to compile code.)
2026-03-20 09:46:55,150 - isca - DEBUG - 
2026-03-20 09:46:56,338 - isca - DEBUG - NOTE from PE    0: MPP_DOMAINS_SET_STACK_SIZE: stack size set to    32768.
2026-03-20 09:46:56,339 - isca - DEBUG - &MPP_IO_NML
2026-03-20 09:46:56,339 - isca - DEBUG - HEADER_BUFFER_VAL       =       16384,
2026-03-20 09:46:56,339 - isca - DEBUG - GLOBAL_FIELD_ON_ROOT_PE = T,
2026-03-20 09:46:56,339 - isca - DEBUG - IO_CLOCKS_ON    = F,
2026-03-20 09:46:56,339 - isca - DEBUG - SHUFFLE =           0,
2026-03-20 09:46:56,339 - isca - DEBUG - DEFLATE_LEVEL   =          -1
2026-03-20 09:46:56,339 - isca - DEBUG - /
2026-03-20 09:46:56,340 - isca - DEBUG - NOTE from PE    0: MPP_IO_SET_STACK_SIZE: stack size set to     131072.
2026-03-20 09:46:56,341 - isca - DEBUG - NOTE from PE    0: MPP_DOMAINS_SET_STACK_SIZE: stack size set to   600000.
2026-03-20 09:46:56,348 - isca - DEBUG - starting            1  OpenMP threads per MPI-task
2026-03-20 09:46:56,350 - isca - DEBUG - ATMOS MODEL DOMAIN DECOMPOSITION
2026-03-20 09:46:56,350 - isca - DEBUG - X-AXIS =  128
2026-03-20 09:46:56,350 - isca - DEBUG - Y-AXIS =    4   4   4   4   4   4   4   4   4   4   4   4   4   4   4   4
2026-03-20 09:46:56,400 - isca - DEBUG - NOTE from PE    0: cloud_simple: Using SimCloud cloud scheme
2026-03-20 09:46:56,401 - isca - DEBUG - NOTE from PE    0: ls_cloud: Using Sundqvist (1989) cloud fraction diagnostic formula.
2026-03-20 09:46:56,402 - isca - DEBUG - NOTE from PE    0: cloud_cover: The cloud overlap assumption is MAXIMUM-RANDOM
2026-03-20 09:46:56,402 - isca - DEBUG - NOTE from PE    0: idealized_moist_phys: Using Frierson Quasi-Equilibrium convection scheme.
2026-03-20 09:46:56,410 - isca - DEBUG - 
2026-03-20 09:46:56,410 - isca - WARNING - WARNING from PE    0: socrates_init: lw_hires_spectral_filename is unset, making equal to lw_spectral_filename
2026-03-20 09:46:56,410 - isca - DEBUG - 
2026-03-20 09:46:56,410 - isca - DEBUG - 
2026-03-20 09:46:56,410 - isca - WARNING - WARNING from PE    0: socrates_init: lw_hires_spectral_filename is unset, making equal to lw_spectral_filename
2026-03-20 09:46:56,410 - isca - DEBUG - 
2026-03-20 09:46:56,410 - isca - DEBUG - 
2026-03-20 09:46:56,410 - isca - WARNING - WARNING from PE    0: socrates_init: sw_hires_spectral_filename is unset, making equal to sw_spectral_filename
2026-03-20 09:46:56,410 - isca - DEBUG - 
2026-03-20 09:46:56,410 - isca - DEBUG - 
2026-03-20 09:46:56,410 - isca - WARNING - WARNING from PE    0: socrates_init: sw_hires_spectral_filename is unset, making equal to sw_spectral_filename
2026-03-20 09:46:56,410 - isca - DEBUG - 
2026-03-20 09:46:57,497 - isca - DEBUG - NOTE from PE    0: Interpolator: Using input file with no time dimension - ozone_1990_notime_zero.nc
2026-03-20 09:46:57,497 - isca - DEBUG - Initializing src field : ozone_1990
2026-03-20 09:46:57,499 - isca - DEBUG - 
2026-03-20 09:46:57,499 - isca - DEBUG - -----------------------------------
2026-03-20 09:46:57,499 - isca - DEBUG - ____                       _
2026-03-20 09:46:57,499 - isca - DEBUG - / ___|  ___   ___ _ __ __ _| |_ ___  ___
2026-03-20 09:46:57,499 - isca - DEBUG - \___ \ / _ \ / __|  __/ _` | __/ _ \/ __|
2026-03-20 09:46:57,499 - isca - DEBUG - ___) | (_) | (__| | | (_| | ||  __/\__ \
2026-03-20 09:46:57,499 - isca - DEBUG - |____/ \___/ \___|_|  \__,_|\__\___||___/
2026-03-20 09:46:57,499 - isca - DEBUG - 
2026-03-20 09:46:57,499 - isca - DEBUG - Initialised Socrates v17.03
2026-03-20 09:46:57,499 - isca - DEBUG - Stellar constant =    1860.00000000000
2026-03-20 09:46:57,499 - isca - DEBUG - Longwave spectral file =
2026-03-20 09:46:57,499 - isca - DEBUG - /proj/bolinc/users/x_ryabo/socrates_edited_for_isca/spectral_files_for_GCMs/Sun
2026-03-20 09:46:57,499 - isca - DEBUG - /miniSuran_lw.sf WITH           16  bands
2026-03-20 09:46:57,499 - isca - DEBUG - Longwave hires spectral file =
2026-03-20 09:46:57,499 - isca - DEBUG - /proj/bolinc/users/x_ryabo/socrates_edited_for_isca/spectral_files_for_GCMs/Sun
2026-03-20 09:46:57,499 - isca - DEBUG - /miniSuran_lw.sf WITH           16  bands
2026-03-20 09:46:57,499 - isca - DEBUG - Shortwave spectral file =
2026-03-20 09:46:57,499 - isca - DEBUG - /proj/bolinc/users/x_ryabo/socrates_edited_for_isca/spectral_files_for_GCMs/Sun
2026-03-20 09:46:57,499 - isca - DEBUG - /miniSuran_sw.sf WITH           16  bands
2026-03-20 09:46:57,499 - isca - DEBUG - Shortwave hires spectral file =
2026-03-20 09:46:57,499 - isca - DEBUG - /proj/bolinc/users/x_ryabo/socrates_edited_for_isca/spectral_files_for_GCMs/Sun
2026-03-20 09:46:57,500 - isca - DEBUG - /miniSuran_sw.sf WITH           16  bands
2026-03-20 09:46:57,500 - isca - DEBUG - 
2026-03-20 09:46:57,500 - isca - DEBUG - -----------------------------------
2026-03-20 09:46:57,500 - isca - DEBUG - 
2026-03-20 09:47:25,393 - isca - DEBUG - Integration completed through    3 Dec  2   0: 0: 0
2026-03-20 09:47:53,200 - isca - DEBUG - Integration completed through    3 Dec  3   0: 0: 0
2026-03-20 09:48:21,084 - isca - DEBUG - Integration completed through    3 Dec  4   0: 0: 0
2026-03-20 09:48:48,919 - isca - DEBUG - Integration completed through    3 Dec  5   0: 0: 0
2026-03-20 09:49:16,856 - isca - DEBUG - Integration completed through    3 Dec  6   0: 0: 0
2026-03-20 09:49:44,883 - isca - DEBUG - Integration completed through    3 Dec  7   0: 0: 0
2026-03-20 09:50:12,815 - isca - DEBUG - Integration completed through    3 Dec  8   0: 0: 0
2026-03-20 09:50:40,793 - isca - DEBUG - Integration completed through    3 Dec  9   0: 0: 0
2026-03-20 09:51:08,582 - isca - DEBUG - Integration completed through    3 Dec 10   0: 0: 0
2026-03-20 09:51:36,373 - isca - DEBUG - Integration completed through    3 Dec 11   0: 0: 0
2026-03-20 09:52:04,114 - isca - DEBUG - Integration completed through    3 Dec 12   0: 0: 0
2026-03-20 09:52:31,885 - isca - DEBUG - Integration completed through    3 Dec 13   0: 0: 0
2026-03-20 09:52:59,762 - isca - DEBUG - Integration completed through    3 Dec 14   0: 0: 0
2026-03-20 09:53:27,645 - isca - DEBUG - Integration completed through    3 Dec 15   0: 0: 0
2026-03-20 09:53:55,630 - isca - DEBUG - Integration completed through    3 Dec 16   0: 0: 0
2026-03-20 09:54:23,615 - isca - DEBUG - Integration completed through    3 Dec 17   0: 0: 0
2026-03-20 09:54:51,498 - isca - DEBUG - Integration completed through    3 Dec 18   0: 0: 0
2026-03-20 09:55:19,343 - isca - DEBUG - Integration completed through    3 Dec 19   0: 0: 0
2026-03-20 09:55:47,228 - isca - DEBUG - Integration completed through    3 Dec 20   0: 0: 0
2026-03-20 09:56:15,129 - isca - DEBUG - Integration completed through    3 Dec 21   0: 0: 0
2026-03-20 09:56:43,007 - isca - DEBUG - Integration completed through    3 Dec 22   0: 0: 0
2026-03-20 09:57:10,894 - isca - DEBUG - Integration completed through    3 Dec 23   0: 0: 0
2026-03-20 09:57:38,770 - isca - DEBUG - Integration completed through    3 Dec 24   0: 0: 0
2026-03-20 09:58:06,709 - isca - DEBUG - Integration completed through    3 Dec 25   0: 0: 0
2026-03-20 09:58:34,771 - isca - DEBUG - Integration completed through    3 Dec 26   0: 0: 0
2026-03-20 09:59:02,873 - isca - DEBUG - Integration completed through    3 Dec 27   0: 0: 0
2026-03-20 09:59:30,860 - isca - DEBUG - Integration completed through    3 Dec 28   0: 0: 0
2026-03-20 09:59:58,795 - isca - DEBUG - Integration completed through    3 Dec 29   0: 0: 0
2026-03-20 10:00:26,773 - isca - DEBUG - Integration completed through    3 Dec 30   0: 0: 0
2026-03-20 10:00:54,747 - isca - DEBUG - Integration completed through    4 Jan  1   0: 0: 0
2026-03-20 10:00:54,754 - isca - DEBUG - 
2026-03-20 10:00:54,755 - isca - WARNING - WARNING from PE    0: diag_util_mod::opening_file: module/field_name (socrates/soc_toa_sw_down_clr) NOT registered
2026-03-20 10:00:54,755 - isca - DEBUG - 
2026-03-20 10:00:54,755 - isca - DEBUG - 
2026-03-20 10:00:54,755 - isca - WARNING - WARNING from PE    0: diag_util_mod::opening_file: module/field_name (cloud_simple/rh_min) NOT registered
2026-03-20 10:00:54,755 - isca - DEBUG - 
2026-03-20 10:00:54,755 - isca - DEBUG - 
2026-03-20 10:00:54,755 - isca - WARNING - WARNING from PE    0: diag_util_mod::opening_file: module/field_name (socrates/soc_toa_sw_down_clr) NOT registered
2026-03-20 10:00:54,755 - isca - DEBUG - 
2026-03-20 10:00:54,755 - isca - DEBUG - 
2026-03-20 10:00:54,755 - isca - WARNING - WARNING from PE    0: diag_util_mod::opening_file: module/field_name (cloud_simple/rh_min) NOT registered
2026-03-20 10:00:54,755 - isca - DEBUG - 
2026-03-20 10:00:54,765 - isca - DEBUG - NOTE from PE    0: MPP_IO_SET_STACK_SIZE: stack size set to     393216.
2026-03-20 10:00:54,891 - isca - DEBUG - MPP_DOMAINS_STACK high water mark=       49152
2026-03-20 10:00:54,891 - isca - DEBUG - 
2026-03-20 10:00:54,891 - isca - DEBUG - Tabulating mpp_clock statistics across     16 PEs...
2026-03-20 10:00:54,891 - isca - DEBUG - 
2026-03-20 10:00:54,891 - isca - DEBUG - tmin          tmax          tavg          tstd  tfrac grain pemin pemax
2026-03-20 10:00:54,892 - isca - DEBUG - Total runtime                       838.550380    838.555186    838.552208      0.001320  1.000     0     0    15
2026-03-20 10:00:54,892 - isca - DEBUG - MPP_STACK high water mark=           0
2026-03-20 10:00:55,030 - isca - INFO - Run 36 complete
2026-03-20 10:00:55,942 - isca - DEBUG - atmos_monthly.nc combined and copied to data directory
2026-03-20 10:00:59,181 - isca - INFO - Restart archive created at /proj/bolinc/users/x_ryabo/Isca-Ryan_outputs/Earth_1860/restarts/res0036.tar.gz
2026-03-20 10:00:59,193 - isca - INFO - Writing namelist to '/proj/bolinc/users/x_ryabo/Isca-Ryan_outputs/Earth_1860/run0036/input.nml'
2026-03-20 10:00:59,195 - isca - INFO - Writing field_table to '/proj/bolinc/users/x_ryabo/Isca-Ryan_outputs/Earth_1860/run0036/field_table'
2026-03-20 10:00:59,206 - isca - INFO - Writing diag_table to '/proj/bolinc/users/x_ryabo/Isca-Ryan_outputs/Earth_1860/run0036/diag_table'
2026-03-20 10:00:59,556 - isca - INFO - Emptied run directory '/home/x_ryabo/Isca-Ryan_tmp/experiment/Earth_1860/run'
2026-03-20 10:00:59,576 - isca - INFO - Emptied run directory '/home/x_ryabo/Isca-Ryan_tmp/experiment/Earth_1860/run'
2026-03-20 10:00:59,901 - isca - INFO - Writing namelist to '/home/x_ryabo/Isca-Ryan_tmp/experiment/Earth_1860/run/input.nml'
2026-03-20 10:00:59,903 - isca - INFO - Writing field_table to '/home/x_ryabo/Isca-Ryan_tmp/experiment/Earth_1860/run/field_table'
2026-03-20 10:00:59,916 - isca - INFO - Writing diag_table to '/home/x_ryabo/Isca-Ryan_tmp/experiment/Earth_1860/run/diag_table'
2026-03-20 10:00:59,928 - isca - INFO - Using restart file '/proj/bolinc/users/x_ryabo/Isca-Ryan_outputs/Earth_1860/restarts/res0036.tar.gz'
2026-03-20 10:01:00,346 - isca - INFO - Restart /proj/bolinc/users/x_ryabo/Isca-Ryan_outputs/Earth_1860/restarts/res0036.tar.gz extracted to /home/x_ryabo/Isca-Ryan_tmp/experiment/Earth_1860/run/INPUT
2026-03-20 10:01:00,347 - isca - INFO - Beginning run 37
2026-03-20 10:01:00,363 - isca - INFO - process running as 88023
2026-03-20 10:01:00,363 - isca - DEBUG - loadmodules for Isca on NSC cluster Tetralith
2026-03-20 10:01:00,363 - isca - DEBUG - mpiifort
2026-03-20 10:01:00,470 - isca - DEBUG - The following modules were not unloaded:
2026-03-20 10:01:00,470 - isca - DEBUG - (Use "module --force purge" to unload all):
2026-03-20 10:01:00,470 - isca - DEBUG - 
2026-03-20 10:01:00,470 - isca - DEBUG - 1) hpc/.1.10.1
2026-03-20 10:01:00,571 - isca - DEBUG - ***************************************************
2026-03-20 10:01:00,571 - isca - DEBUG - You have loaded a buildenv module
2026-03-20 10:01:00,571 - isca - DEBUG - ***************************************************
2026-03-20 10:01:00,571 - isca - DEBUG - The buldenv-intel module makes available:
2026-03-20 10:01:00,571 - isca - DEBUG - - Compilers: icc, ifort, etc.
2026-03-20 10:01:00,571 - isca - DEBUG - - Mpi library with mpi-wrapped compilers: intel mpi with mpicc, mpifort, etc.
2026-03-20 10:01:00,571 - isca - DEBUG - - Numerical libraries: intel MKL
2026-03-20 10:01:00,571 - isca - DEBUG - 
2026-03-20 10:01:00,571 - isca - DEBUG - It also makes a set of dependency library modules available via
2026-03-20 10:01:00,571 - isca - DEBUG - the regular module command. Just do:
2026-03-20 10:01:00,571 - isca - DEBUG - module avail
2026-03-20 10:01:00,571 - isca - DEBUG - to see what is available.
2026-03-20 10:01:00,571 - isca - DEBUG - 
2026-03-20 10:01:00,571 - isca - DEBUG - NOTE: You shoud never load build environments inside submitted jobs.
2026-03-20 10:01:00,571 - isca - DEBUG - (with the single exception of when using supercomputer time to compile code.)
2026-03-20 10:01:00,571 - isca - DEBUG - 
2026-03-20 10:01:01,778 - isca - DEBUG - NOTE from PE    0: MPP_DOMAINS_SET_STACK_SIZE: stack size set to    32768.
2026-03-20 10:01:01,778 - isca - DEBUG - &MPP_IO_NML
2026-03-20 10:01:01,778 - isca - DEBUG - HEADER_BUFFER_VAL       =       16384,
2026-03-20 10:01:01,778 - isca - DEBUG - GLOBAL_FIELD_ON_ROOT_PE = T,
2026-03-20 10:01:01,778 - isca - DEBUG - IO_CLOCKS_ON    = F,
2026-03-20 10:01:01,778 - isca - DEBUG - SHUFFLE =           0,
2026-03-20 10:01:01,778 - isca - DEBUG - DEFLATE_LEVEL   =          -1
2026-03-20 10:01:01,778 - isca - DEBUG - /
2026-03-20 10:01:01,780 - isca - DEBUG - NOTE from PE    0: MPP_IO_SET_STACK_SIZE: stack size set to     131072.
2026-03-20 10:01:01,781 - isca - DEBUG - NOTE from PE    0: MPP_DOMAINS_SET_STACK_SIZE: stack size set to   600000.
2026-03-20 10:01:01,788 - isca - DEBUG - starting            1  OpenMP threads per MPI-task
2026-03-20 10:01:01,789 - isca - DEBUG - ATMOS MODEL DOMAIN DECOMPOSITION
2026-03-20 10:01:01,789 - isca - DEBUG - X-AXIS =  128
2026-03-20 10:01:01,790 - isca - DEBUG - Y-AXIS =    4   4   4   4   4   4   4   4   4   4   4   4   4   4   4   4
2026-03-20 10:01:01,842 - isca - DEBUG - NOTE from PE    0: cloud_simple: Using SimCloud cloud scheme
2026-03-20 10:01:01,843 - isca - DEBUG - NOTE from PE    0: ls_cloud: Using Sundqvist (1989) cloud fraction diagnostic formula.
2026-03-20 10:01:01,843 - isca - DEBUG - NOTE from PE    0: cloud_cover: The cloud overlap assumption is MAXIMUM-RANDOM
2026-03-20 10:01:01,843 - isca - DEBUG - NOTE from PE    0: idealized_moist_phys: Using Frierson Quasi-Equilibrium convection scheme.
2026-03-20 10:01:01,851 - isca - DEBUG - 
2026-03-20 10:01:01,852 - isca - WARNING - WARNING from PE    0: socrates_init: lw_hires_spectral_filename is unset, making equal to lw_spectral_filename
2026-03-20 10:01:01,852 - isca - DEBUG - 
2026-03-20 10:01:01,852 - isca - DEBUG - 
2026-03-20 10:01:01,852 - isca - WARNING - WARNING from PE    0: socrates_init: lw_hires_spectral_filename is unset, making equal to lw_spectral_filename
2026-03-20 10:01:01,852 - isca - DEBUG - 
2026-03-20 10:01:01,852 - isca - DEBUG - 
2026-03-20 10:01:01,852 - isca - WARNING - WARNING from PE    0: socrates_init: sw_hires_spectral_filename is unset, making equal to sw_spectral_filename
2026-03-20 10:01:01,852 - isca - DEBUG - 
2026-03-20 10:01:01,852 - isca - DEBUG - 
2026-03-20 10:01:01,852 - isca - WARNING - WARNING from PE    0: socrates_init: sw_hires_spectral_filename is unset, making equal to sw_spectral_filename
2026-03-20 10:01:01,852 - isca - DEBUG - 
2026-03-20 10:01:03,387 - isca - DEBUG - NOTE from PE    0: Interpolator: Using input file with no time dimension - ozone_1990_notime_zero.nc
2026-03-20 10:01:03,425 - isca - DEBUG - Initializing src field : ozone_1990
2026-03-20 10:01:03,425 - isca - DEBUG - 
2026-03-20 10:01:03,425 - isca - DEBUG - -----------------------------------
2026-03-20 10:01:03,425 - isca - DEBUG - ____                       _
2026-03-20 10:01:03,425 - isca - DEBUG - / ___|  ___   ___ _ __ __ _| |_ ___  ___
2026-03-20 10:01:03,425 - isca - DEBUG - \___ \ / _ \ / __|  __/ _` | __/ _ \/ __|
2026-03-20 10:01:03,425 - isca - DEBUG - ___) | (_) | (__| | | (_| | ||  __/\__ \
2026-03-20 10:01:03,425 - isca - DEBUG - |____/ \___/ \___|_|  \__,_|\__\___||___/
2026-03-20 10:01:03,425 - isca - DEBUG - 
2026-03-20 10:01:03,425 - isca - DEBUG - Initialised Socrates v17.03
2026-03-20 10:01:03,425 - isca - DEBUG - Stellar constant =    1860.00000000000
2026-03-20 10:01:03,425 - isca - DEBUG - Longwave spectral file =
2026-03-20 10:01:03,425 - isca - DEBUG - /proj/bolinc/users/x_ryabo/socrates_edited_for_isca/spectral_files_for_GCMs/Sun
2026-03-20 10:01:03,425 - isca - DEBUG - /miniSuran_lw.sf WITH           16  bands
2026-03-20 10:01:03,425 - isca - DEBUG - Longwave hires spectral file =
2026-03-20 10:01:03,425 - isca - DEBUG - /proj/bolinc/users/x_ryabo/socrates_edited_for_isca/spectral_files_for_GCMs/Sun
2026-03-20 10:01:03,425 - isca - DEBUG - /miniSuran_lw.sf WITH           16  bands
2026-03-20 10:01:03,425 - isca - DEBUG - Shortwave spectral file =
2026-03-20 10:01:03,426 - isca - DEBUG - /proj/bolinc/users/x_ryabo/socrates_edited_for_isca/spectral_files_for_GCMs/Sun
2026-03-20 10:01:03,426 - isca - DEBUG - /miniSuran_sw.sf WITH           16  bands
2026-03-20 10:01:03,426 - isca - DEBUG - Shortwave hires spectral file =
2026-03-20 10:01:03,426 - isca - DEBUG - /proj/bolinc/users/x_ryabo/socrates_edited_for_isca/spectral_files_for_GCMs/Sun
2026-03-20 10:01:03,426 - isca - DEBUG - /miniSuran_sw.sf WITH           16  bands
2026-03-20 10:01:03,426 - isca - DEBUG - 
2026-03-20 10:01:03,426 - isca - DEBUG - -----------------------------------
2026-03-20 10:01:03,426 - isca - DEBUG - 
2026-03-20 10:01:31,154 - isca - DEBUG - Integration completed through    4 Jan  2   0: 0: 0
2026-03-20 10:01:58,788 - isca - DEBUG - Integration completed through    4 Jan  3   0: 0: 0
2026-03-20 10:02:26,491 - isca - DEBUG - Integration completed through    4 Jan  4   0: 0: 0
2026-03-20 10:02:54,141 - isca - DEBUG - Integration completed through    4 Jan  5   0: 0: 0
2026-03-20 10:03:21,859 - isca - DEBUG - Integration completed through    4 Jan  6   0: 0: 0
2026-03-20 10:03:49,592 - isca - DEBUG - Integration completed through    4 Jan  7   0: 0: 0
2026-03-20 10:04:17,235 - isca - DEBUG - Integration completed through    4 Jan  8   0: 0: 0
2026-03-20 10:04:44,831 - isca - DEBUG - Integration completed through    4 Jan  9   0: 0: 0
2026-03-20 10:05:12,459 - isca - DEBUG - Integration completed through    4 Jan 10   0: 0: 0
2026-03-20 10:05:40,016 - isca - DEBUG - Integration completed through    4 Jan 11   0: 0: 0
2026-03-20 10:06:07,676 - isca - DEBUG - Integration completed through    4 Jan 12   0: 0: 0
2026-03-20 10:06:35,328 - isca - DEBUG - Integration completed through    4 Jan 13   0: 0: 0
2026-03-20 10:07:02,942 - isca - DEBUG - Integration completed through    4 Jan 14   0: 0: 0
2026-03-20 10:07:30,515 - isca - DEBUG - Integration completed through    4 Jan 15   0: 0: 0
2026-03-20 10:07:58,102 - isca - DEBUG - Integration completed through    4 Jan 16   0: 0: 0
2026-03-20 10:08:25,681 - isca - DEBUG - Integration completed through    4 Jan 17   0: 0: 0
2026-03-20 10:08:53,271 - isca - DEBUG - Integration completed through    4 Jan 18   0: 0: 0
2026-03-20 10:09:20,831 - isca - DEBUG - Integration completed through    4 Jan 19   0: 0: 0
2026-03-20 10:09:48,410 - isca - DEBUG - Integration completed through    4 Jan 20   0: 0: 0
2026-03-20 10:10:16,058 - isca - DEBUG - Integration completed through    4 Jan 21   0: 0: 0
2026-03-20 10:10:43,596 - isca - DEBUG - Integration completed through    4 Jan 22   0: 0: 0
2026-03-20 10:11:11,146 - isca - DEBUG - Integration completed through    4 Jan 23   0: 0: 0
2026-03-20 10:11:38,698 - isca - DEBUG - Integration completed through    4 Jan 24   0: 0: 0
2026-03-20 10:12:06,241 - isca - DEBUG - Integration completed through    4 Jan 25   0: 0: 0
2026-03-20 10:12:33,739 - isca - DEBUG - Integration completed through    4 Jan 26   0: 0: 0
2026-03-20 10:13:01,281 - isca - DEBUG - Integration completed through    4 Jan 27   0: 0: 0
2026-03-20 10:13:28,770 - isca - DEBUG - Integration completed through    4 Jan 28   0: 0: 0
2026-03-20 10:13:56,268 - isca - DEBUG - Integration completed through    4 Jan 29   0: 0: 0
2026-03-20 10:14:23,816 - isca - DEBUG - Integration completed through    4 Jan 30   0: 0: 0
2026-03-20 10:14:51,343 - isca - DEBUG - Integration completed through    4 Feb  1   0: 0: 0
2026-03-20 10:14:51,419 - isca - DEBUG - 
2026-03-20 10:14:51,419 - isca - WARNING - WARNING from PE    0: diag_util_mod::opening_file: module/field_name (socrates/soc_toa_sw_down_clr) NOT registered
2026-03-20 10:14:51,419 - isca - DEBUG - 
2026-03-20 10:14:51,419 - isca - DEBUG - 
2026-03-20 10:14:51,419 - isca - WARNING - WARNING from PE    0: diag_util_mod::opening_file: module/field_name (cloud_simple/rh_min) NOT registered
2026-03-20 10:14:51,419 - isca - DEBUG - 
2026-03-20 10:14:51,419 - isca - DEBUG - 
2026-03-20 10:14:51,419 - isca - WARNING - WARNING from PE    0: diag_util_mod::opening_file: module/field_name (socrates/soc_toa_sw_down_clr) NOT registered
2026-03-20 10:14:51,419 - isca - DEBUG - 
2026-03-20 10:14:51,419 - isca - DEBUG - 
2026-03-20 10:14:51,419 - isca - WARNING - WARNING from PE    0: diag_util_mod::opening_file: module/field_name (cloud_simple/rh_min) NOT registered
2026-03-20 10:14:51,419 - isca - DEBUG - 
2026-03-20 10:14:51,429 - isca - DEBUG - NOTE from PE    0: MPP_IO_SET_STACK_SIZE: stack size set to     393216.
2026-03-20 10:14:51,547 - isca - DEBUG - MPP_DOMAINS_STACK high water mark=       49152
2026-03-20 10:14:51,547 - isca - DEBUG - 
2026-03-20 10:14:51,547 - isca - DEBUG - Tabulating mpp_clock statistics across     16 PEs...
2026-03-20 10:14:51,548 - isca - DEBUG - 
2026-03-20 10:14:51,548 - isca - DEBUG - tmin          tmax          tavg          tstd  tfrac grain pemin pemax
2026-03-20 10:14:51,548 - isca - DEBUG - Total runtime                       829.767413    829.772860    829.770700      0.001616  1.000     0     0    15
2026-03-20 10:14:51,548 - isca - DEBUG - MPP_STACK high water mark=           0
2026-03-20 10:14:51,699 - isca - INFO - Run 37 complete
2026-03-20 10:14:52,728 - isca - DEBUG - atmos_monthly.nc combined and copied to data directory
2026-03-20 10:14:55,948 - isca - INFO - Restart archive created at /proj/bolinc/users/x_ryabo/Isca-Ryan_outputs/Earth_1860/restarts/res0037.tar.gz
2026-03-20 10:14:55,961 - isca - INFO - Writing namelist to '/proj/bolinc/users/x_ryabo/Isca-Ryan_outputs/Earth_1860/run0037/input.nml'
2026-03-20 10:14:55,963 - isca - INFO - Writing field_table to '/proj/bolinc/users/x_ryabo/Isca-Ryan_outputs/Earth_1860/run0037/field_table'
2026-03-20 10:14:55,973 - isca - INFO - Writing diag_table to '/proj/bolinc/users/x_ryabo/Isca-Ryan_outputs/Earth_1860/run0037/diag_table'
2026-03-20 10:14:56,339 - isca - INFO - Emptied run directory '/home/x_ryabo/Isca-Ryan_tmp/experiment/Earth_1860/run'
2026-03-20 10:14:56,361 - isca - INFO - Emptied run directory '/home/x_ryabo/Isca-Ryan_tmp/experiment/Earth_1860/run'
2026-03-20 10:14:56,684 - isca - INFO - Writing namelist to '/home/x_ryabo/Isca-Ryan_tmp/experiment/Earth_1860/run/input.nml'
2026-03-20 10:14:56,686 - isca - INFO - Writing field_table to '/home/x_ryabo/Isca-Ryan_tmp/experiment/Earth_1860/run/field_table'
2026-03-20 10:14:56,702 - isca - INFO - Writing diag_table to '/home/x_ryabo/Isca-Ryan_tmp/experiment/Earth_1860/run/diag_table'
2026-03-20 10:14:56,716 - isca - INFO - Using restart file '/proj/bolinc/users/x_ryabo/Isca-Ryan_outputs/Earth_1860/restarts/res0037.tar.gz'
2026-03-20 10:14:57,127 - isca - INFO - Restart /proj/bolinc/users/x_ryabo/Isca-Ryan_outputs/Earth_1860/restarts/res0037.tar.gz extracted to /home/x_ryabo/Isca-Ryan_tmp/experiment/Earth_1860/run/INPUT
2026-03-20 10:14:57,128 - isca - INFO - Beginning run 38
2026-03-20 10:14:57,140 - isca - INFO - process running as 89040
2026-03-20 10:14:57,140 - isca - DEBUG - loadmodules for Isca on NSC cluster Tetralith
2026-03-20 10:14:57,140 - isca - DEBUG - mpiifort
2026-03-20 10:14:57,252 - isca - DEBUG - The following modules were not unloaded:
2026-03-20 10:14:57,252 - isca - DEBUG - (Use "module --force purge" to unload all):
2026-03-20 10:14:57,252 - isca - DEBUG - 
2026-03-20 10:14:57,252 - isca - DEBUG - 1) hpc/.1.10.1
2026-03-20 10:14:57,355 - isca - DEBUG - ***************************************************
2026-03-20 10:14:57,355 - isca - DEBUG - You have loaded a buildenv module
2026-03-20 10:14:57,355 - isca - DEBUG - ***************************************************
2026-03-20 10:14:57,355 - isca - DEBUG - The buldenv-intel module makes available:
2026-03-20 10:14:57,355 - isca - DEBUG - - Compilers: icc, ifort, etc.
2026-03-20 10:14:57,355 - isca - DEBUG - - Mpi library with mpi-wrapped compilers: intel mpi with mpicc, mpifort, etc.
2026-03-20 10:14:57,355 - isca - DEBUG - - Numerical libraries: intel MKL
2026-03-20 10:14:57,355 - isca - DEBUG - 
2026-03-20 10:14:57,356 - isca - DEBUG - It also makes a set of dependency library modules available via
2026-03-20 10:14:57,356 - isca - DEBUG - the regular module command. Just do:
2026-03-20 10:14:57,356 - isca - DEBUG - module avail
2026-03-20 10:14:57,356 - isca - DEBUG - to see what is available.
2026-03-20 10:14:57,356 - isca - DEBUG - 
2026-03-20 10:14:57,356 - isca - DEBUG - NOTE: You shoud never load build environments inside submitted jobs.
2026-03-20 10:14:57,356 - isca - DEBUG - (with the single exception of when using supercomputer time to compile code.)
2026-03-20 10:14:57,356 - isca - DEBUG - 
2026-03-20 10:14:58,554 - isca - DEBUG - NOTE from PE    0: MPP_DOMAINS_SET_STACK_SIZE: stack size set to    32768.
2026-03-20 10:14:58,555 - isca - DEBUG - &MPP_IO_NML
2026-03-20 10:14:58,555 - isca - DEBUG - HEADER_BUFFER_VAL       =       16384,
2026-03-20 10:14:58,555 - isca - DEBUG - GLOBAL_FIELD_ON_ROOT_PE = T,
2026-03-20 10:14:58,555 - isca - DEBUG - IO_CLOCKS_ON    = F,
2026-03-20 10:14:58,555 - isca - DEBUG - SHUFFLE =           0,
2026-03-20 10:14:58,555 - isca - DEBUG - DEFLATE_LEVEL   =          -1
2026-03-20 10:14:58,555 - isca - DEBUG - /
2026-03-20 10:14:58,556 - isca - DEBUG - NOTE from PE    0: MPP_IO_SET_STACK_SIZE: stack size set to     131072.
2026-03-20 10:14:58,557 - isca - DEBUG - NOTE from PE    0: MPP_DOMAINS_SET_STACK_SIZE: stack size set to   600000.
2026-03-20 10:14:58,565 - isca - DEBUG - starting            1  OpenMP threads per MPI-task
2026-03-20 10:14:58,566 - isca - DEBUG - ATMOS MODEL DOMAIN DECOMPOSITION
2026-03-20 10:14:58,567 - isca - DEBUG - X-AXIS =  128
2026-03-20 10:14:58,567 - isca - DEBUG - Y-AXIS =    4   4   4   4   4   4   4   4   4   4   4   4   4   4   4   4
2026-03-20 10:14:58,615 - isca - DEBUG - NOTE from PE    0: cloud_simple: Using SimCloud cloud scheme
2026-03-20 10:14:58,616 - isca - DEBUG - NOTE from PE    0: ls_cloud: Using Sundqvist (1989) cloud fraction diagnostic formula.
2026-03-20 10:14:58,616 - isca - DEBUG - NOTE from PE    0: cloud_cover: The cloud overlap assumption is MAXIMUM-RANDOM
2026-03-20 10:14:58,616 - isca - DEBUG - NOTE from PE    0: idealized_moist_phys: Using Frierson Quasi-Equilibrium convection scheme.
2026-03-20 10:14:58,625 - isca - DEBUG - 
2026-03-20 10:14:58,625 - isca - WARNING - WARNING from PE    0: socrates_init: lw_hires_spectral_filename is unset, making equal to lw_spectral_filename
2026-03-20 10:14:58,625 - isca - DEBUG - 
2026-03-20 10:14:58,625 - isca - DEBUG - 
2026-03-20 10:14:58,625 - isca - WARNING - WARNING from PE    0: socrates_init: lw_hires_spectral_filename is unset, making equal to lw_spectral_filename
2026-03-20 10:14:58,625 - isca - DEBUG - 
2026-03-20 10:14:58,625 - isca - DEBUG - 
2026-03-20 10:14:58,625 - isca - WARNING - WARNING from PE    0: socrates_init: sw_hires_spectral_filename is unset, making equal to sw_spectral_filename
2026-03-20 10:14:58,626 - isca - DEBUG - 
2026-03-20 10:14:58,626 - isca - DEBUG - 
2026-03-20 10:14:58,626 - isca - WARNING - WARNING from PE    0: socrates_init: sw_hires_spectral_filename is unset, making equal to sw_spectral_filename
2026-03-20 10:14:58,626 - isca - DEBUG - 
2026-03-20 10:14:59,708 - isca - DEBUG - NOTE from PE    0: Interpolator: Using input file with no time dimension - ozone_1990_notime_zero.nc
2026-03-20 10:14:59,708 - isca - DEBUG - Initializing src field : ozone_1990
2026-03-20 10:14:59,710 - isca - DEBUG - 
2026-03-20 10:14:59,710 - isca - DEBUG - -----------------------------------
2026-03-20 10:14:59,710 - isca - DEBUG - ____                       _
2026-03-20 10:14:59,710 - isca - DEBUG - / ___|  ___   ___ _ __ __ _| |_ ___  ___
2026-03-20 10:14:59,710 - isca - DEBUG - \___ \ / _ \ / __|  __/ _` | __/ _ \/ __|
2026-03-20 10:14:59,710 - isca - DEBUG - ___) | (_) | (__| | | (_| | ||  __/\__ \
2026-03-20 10:14:59,710 - isca - DEBUG - |____/ \___/ \___|_|  \__,_|\__\___||___/
2026-03-20 10:14:59,710 - isca - DEBUG - 
2026-03-20 10:14:59,710 - isca - DEBUG - Initialised Socrates v17.03
2026-03-20 10:14:59,710 - isca - DEBUG - Stellar constant =    1860.00000000000
2026-03-20 10:14:59,710 - isca - DEBUG - Longwave spectral file =
2026-03-20 10:14:59,710 - isca - DEBUG - /proj/bolinc/users/x_ryabo/socrates_edited_for_isca/spectral_files_for_GCMs/Sun
2026-03-20 10:14:59,710 - isca - DEBUG - /miniSuran_lw.sf WITH           16  bands
2026-03-20 10:14:59,710 - isca - DEBUG - Longwave hires spectral file =
2026-03-20 10:14:59,710 - isca - DEBUG - /proj/bolinc/users/x_ryabo/socrates_edited_for_isca/spectral_files_for_GCMs/Sun
2026-03-20 10:14:59,710 - isca - DEBUG - /miniSuran_lw.sf WITH           16  bands
2026-03-20 10:14:59,710 - isca - DEBUG - Shortwave spectral file =
2026-03-20 10:14:59,710 - isca - DEBUG - /proj/bolinc/users/x_ryabo/socrates_edited_for_isca/spectral_files_for_GCMs/Sun
2026-03-20 10:14:59,710 - isca - DEBUG - /miniSuran_sw.sf WITH           16  bands
2026-03-20 10:14:59,710 - isca - DEBUG - Shortwave hires spectral file =
2026-03-20 10:14:59,710 - isca - DEBUG - /proj/bolinc/users/x_ryabo/socrates_edited_for_isca/spectral_files_for_GCMs/Sun
2026-03-20 10:14:59,710 - isca - DEBUG - /miniSuran_sw.sf WITH           16  bands
2026-03-20 10:14:59,710 - isca - DEBUG - 
2026-03-20 10:14:59,710 - isca - DEBUG - -----------------------------------
2026-03-20 10:14:59,710 - isca - DEBUG - 
2026-03-20 10:15:27,410 - isca - DEBUG - Integration completed through    4 Feb  2   0: 0: 0
2026-03-20 10:15:54,976 - isca - DEBUG - Integration completed through    4 Feb  3   0: 0: 0
2026-03-20 10:16:22,506 - isca - DEBUG - Integration completed through    4 Feb  4   0: 0: 0
2026-03-20 10:16:50,036 - isca - DEBUG - Integration completed through    4 Feb  5   0: 0: 0
2026-03-20 10:17:17,604 - isca - DEBUG - Integration completed through    4 Feb  6   0: 0: 0
2026-03-20 10:17:45,150 - isca - DEBUG - Integration completed through    4 Feb  7   0: 0: 0
2026-03-20 10:18:12,768 - isca - DEBUG - Integration completed through    4 Feb  8   0: 0: 0
2026-03-20 10:18:40,342 - isca - DEBUG - Integration completed through    4 Feb  9   0: 0: 0
2026-03-20 10:19:07,902 - isca - DEBUG - Integration completed through    4 Feb 10   0: 0: 0
2026-03-20 10:19:35,492 - isca - DEBUG - Integration completed through    4 Feb 11   0: 0: 0
2026-03-20 10:20:03,060 - isca - DEBUG - Integration completed through    4 Feb 12   0: 0: 0
2026-03-20 10:20:30,650 - isca - DEBUG - Integration completed through    4 Feb 13   0: 0: 0
2026-03-20 10:20:58,257 - isca - DEBUG - Integration completed through    4 Feb 14   0: 0: 0
2026-03-20 10:21:25,805 - isca - DEBUG - Integration completed through    4 Feb 15   0: 0: 0
2026-03-20 10:21:53,313 - isca - DEBUG - Integration completed through    4 Feb 16   0: 0: 0
2026-03-20 10:22:20,836 - isca - DEBUG - Integration completed through    4 Feb 17   0: 0: 0
2026-03-20 10:22:48,336 - isca - DEBUG - Integration completed through    4 Feb 18   0: 0: 0
2026-03-20 10:23:15,859 - isca - DEBUG - Integration completed through    4 Feb 19   0: 0: 0
2026-03-20 10:23:43,306 - isca - DEBUG - Integration completed through    4 Feb 20   0: 0: 0
2026-03-20 10:24:10,793 - isca - DEBUG - Integration completed through    4 Feb 21   0: 0: 0
2026-03-20 10:24:38,224 - isca - DEBUG - Integration completed through    4 Feb 22   0: 0: 0
2026-03-20 10:25:05,769 - isca - DEBUG - Integration completed through    4 Feb 23   0: 0: 0
2026-03-20 10:25:33,281 - isca - DEBUG - Integration completed through    4 Feb 24   0: 0: 0
2026-03-20 10:26:00,767 - isca - DEBUG - Integration completed through    4 Feb 25   0: 0: 0
2026-03-20 10:26:28,229 - isca - DEBUG - Integration completed through    4 Feb 26   0: 0: 0
2026-03-20 10:26:55,685 - isca - DEBUG - Integration completed through    4 Feb 27   0: 0: 0
2026-03-20 10:27:23,138 - isca - DEBUG - Integration completed through    4 Feb 28   0: 0: 0
2026-03-20 10:27:50,601 - isca - DEBUG - Integration completed through    4 Feb 29   0: 0: 0
2026-03-20 10:28:18,087 - isca - DEBUG - Integration completed through    4 Feb 30   0: 0: 0
2026-03-20 10:28:45,548 - isca - DEBUG - Integration completed through    4 Mar  1   0: 0: 0
2026-03-20 10:28:45,556 - isca - DEBUG - 
2026-03-20 10:28:45,557 - isca - WARNING - WARNING from PE    0: diag_util_mod::opening_file: module/field_name (socrates/soc_toa_sw_down_clr) NOT registered
2026-03-20 10:28:45,557 - isca - DEBUG - 
2026-03-20 10:28:45,557 - isca - DEBUG - 
2026-03-20 10:28:45,557 - isca - WARNING - WARNING from PE    0: diag_util_mod::opening_file: module/field_name (cloud_simple/rh_min) NOT registered
2026-03-20 10:28:45,557 - isca - DEBUG - 
2026-03-20 10:28:45,557 - isca - DEBUG - 
2026-03-20 10:28:45,557 - isca - WARNING - WARNING from PE    0: diag_util_mod::opening_file: module/field_name (socrates/soc_toa_sw_down_clr) NOT registered
2026-03-20 10:28:45,557 - isca - DEBUG - 
2026-03-20 10:28:45,557 - isca - DEBUG - 
2026-03-20 10:28:45,557 - isca - WARNING - WARNING from PE    0: diag_util_mod::opening_file: module/field_name (cloud_simple/rh_min) NOT registered
2026-03-20 10:28:45,557 - isca - DEBUG - 
2026-03-20 10:28:45,567 - isca - DEBUG - NOTE from PE    0: MPP_IO_SET_STACK_SIZE: stack size set to     393216.
2026-03-20 10:28:45,663 - isca - DEBUG - MPP_DOMAINS_STACK high water mark=       49152
2026-03-20 10:28:45,663 - isca - DEBUG - 
2026-03-20 10:28:45,663 - isca - DEBUG - Tabulating mpp_clock statistics across     16 PEs...
2026-03-20 10:28:45,664 - isca - DEBUG - 
2026-03-20 10:28:45,664 - isca - DEBUG - tmin          tmax          tavg          tstd  tfrac grain pemin pemax
2026-03-20 10:28:45,664 - isca - DEBUG - Total runtime                       827.106393    827.110111    827.108235      0.001045  1.000     0     0    15
2026-03-20 10:28:45,664 - isca - DEBUG - MPP_STACK high water mark=           0
2026-03-20 10:28:45,838 - isca - INFO - Run 38 complete
2026-03-20 10:28:46,715 - isca - DEBUG - atmos_monthly.nc combined and copied to data directory
2026-03-20 10:28:49,949 - isca - INFO - Restart archive created at /proj/bolinc/users/x_ryabo/Isca-Ryan_outputs/Earth_1860/restarts/res0038.tar.gz
2026-03-20 10:28:49,961 - isca - INFO - Writing namelist to '/proj/bolinc/users/x_ryabo/Isca-Ryan_outputs/Earth_1860/run0038/input.nml'
2026-03-20 10:28:49,964 - isca - INFO - Writing field_table to '/proj/bolinc/users/x_ryabo/Isca-Ryan_outputs/Earth_1860/run0038/field_table'
2026-03-20 10:28:49,975 - isca - INFO - Writing diag_table to '/proj/bolinc/users/x_ryabo/Isca-Ryan_outputs/Earth_1860/run0038/diag_table'
2026-03-20 10:28:50,327 - isca - INFO - Emptied run directory '/home/x_ryabo/Isca-Ryan_tmp/experiment/Earth_1860/run'
2026-03-20 10:28:50,350 - isca - INFO - Emptied run directory '/home/x_ryabo/Isca-Ryan_tmp/experiment/Earth_1860/run'
2026-03-20 10:28:50,676 - isca - INFO - Writing namelist to '/home/x_ryabo/Isca-Ryan_tmp/experiment/Earth_1860/run/input.nml'
2026-03-20 10:28:50,678 - isca - INFO - Writing field_table to '/home/x_ryabo/Isca-Ryan_tmp/experiment/Earth_1860/run/field_table'
2026-03-20 10:28:50,690 - isca - INFO - Writing diag_table to '/home/x_ryabo/Isca-Ryan_tmp/experiment/Earth_1860/run/diag_table'
2026-03-20 10:28:50,704 - isca - INFO - Using restart file '/proj/bolinc/users/x_ryabo/Isca-Ryan_outputs/Earth_1860/restarts/res0038.tar.gz'
2026-03-20 10:28:51,116 - isca - INFO - Restart /proj/bolinc/users/x_ryabo/Isca-Ryan_outputs/Earth_1860/restarts/res0038.tar.gz extracted to /home/x_ryabo/Isca-Ryan_tmp/experiment/Earth_1860/run/INPUT
2026-03-20 10:28:51,117 - isca - INFO - Beginning run 39
2026-03-20 10:28:51,132 - isca - INFO - process running as 89861
2026-03-20 10:28:51,133 - isca - DEBUG - loadmodules for Isca on NSC cluster Tetralith
2026-03-20 10:28:51,133 - isca - DEBUG - mpiifort
2026-03-20 10:28:51,241 - isca - DEBUG - The following modules were not unloaded:
2026-03-20 10:28:51,241 - isca - DEBUG - (Use "module --force purge" to unload all):
2026-03-20 10:28:51,241 - isca - DEBUG - 
2026-03-20 10:28:51,241 - isca - DEBUG - 1) hpc/.1.10.1
2026-03-20 10:28:51,343 - isca - DEBUG - ***************************************************
2026-03-20 10:28:51,343 - isca - DEBUG - You have loaded a buildenv module
2026-03-20 10:28:51,344 - isca - DEBUG - ***************************************************
2026-03-20 10:28:51,344 - isca - DEBUG - The buldenv-intel module makes available:
2026-03-20 10:28:51,344 - isca - DEBUG - - Compilers: icc, ifort, etc.
2026-03-20 10:28:51,344 - isca - DEBUG - - Mpi library with mpi-wrapped compilers: intel mpi with mpicc, mpifort, etc.
2026-03-20 10:28:51,344 - isca - DEBUG - - Numerical libraries: intel MKL
2026-03-20 10:28:51,344 - isca - DEBUG - 
2026-03-20 10:28:51,344 - isca - DEBUG - It also makes a set of dependency library modules available via
2026-03-20 10:28:51,344 - isca - DEBUG - the regular module command. Just do:
2026-03-20 10:28:51,344 - isca - DEBUG - module avail
2026-03-20 10:28:51,344 - isca - DEBUG - to see what is available.
2026-03-20 10:28:51,344 - isca - DEBUG - 
2026-03-20 10:28:51,344 - isca - DEBUG - NOTE: You shoud never load build environments inside submitted jobs.
2026-03-20 10:28:51,344 - isca - DEBUG - (with the single exception of when using supercomputer time to compile code.)
2026-03-20 10:28:51,344 - isca - DEBUG - 
2026-03-20 10:28:54,192 - isca - DEBUG - NOTE from PE    0: MPP_DOMAINS_SET_STACK_SIZE: stack size set to    32768.
2026-03-20 10:28:54,192 - isca - DEBUG - &MPP_IO_NML
2026-03-20 10:28:54,192 - isca - DEBUG - HEADER_BUFFER_VAL       =       16384,
2026-03-20 10:28:54,192 - isca - DEBUG - GLOBAL_FIELD_ON_ROOT_PE = T,
2026-03-20 10:28:54,192 - isca - DEBUG - IO_CLOCKS_ON    = F,
2026-03-20 10:28:54,192 - isca - DEBUG - SHUFFLE =           0,
2026-03-20 10:28:54,192 - isca - DEBUG - DEFLATE_LEVEL   =          -1
2026-03-20 10:28:54,192 - isca - DEBUG - /
2026-03-20 10:28:54,193 - isca - DEBUG - NOTE from PE    0: MPP_IO_SET_STACK_SIZE: stack size set to     131072.
2026-03-20 10:28:54,194 - isca - DEBUG - NOTE from PE    0: MPP_DOMAINS_SET_STACK_SIZE: stack size set to   600000.
2026-03-20 10:28:54,201 - isca - DEBUG - starting            1  OpenMP threads per MPI-task
2026-03-20 10:28:54,203 - isca - DEBUG - ATMOS MODEL DOMAIN DECOMPOSITION
2026-03-20 10:28:54,203 - isca - DEBUG - X-AXIS =  128
2026-03-20 10:28:54,203 - isca - DEBUG - Y-AXIS =    4   4   4   4   4   4   4   4   4   4   4   4   4   4   4   4
2026-03-20 10:28:54,259 - isca - DEBUG - NOTE from PE    0: cloud_simple: Using SimCloud cloud scheme
2026-03-20 10:28:54,260 - isca - DEBUG - NOTE from PE    0: ls_cloud: Using Sundqvist (1989) cloud fraction diagnostic formula.
2026-03-20 10:28:54,260 - isca - DEBUG - NOTE from PE    0: cloud_cover: The cloud overlap assumption is MAXIMUM-RANDOM
2026-03-20 10:28:54,260 - isca - DEBUG - NOTE from PE    0: idealized_moist_phys: Using Frierson Quasi-Equilibrium convection scheme.
2026-03-20 10:28:54,268 - isca - DEBUG - 
2026-03-20 10:28:54,269 - isca - WARNING - WARNING from PE    0: socrates_init: lw_hires_spectral_filename is unset, making equal to lw_spectral_filename
2026-03-20 10:28:54,269 - isca - DEBUG - 
2026-03-20 10:28:54,269 - isca - DEBUG - 
2026-03-20 10:28:54,269 - isca - WARNING - WARNING from PE    0: socrates_init: lw_hires_spectral_filename is unset, making equal to lw_spectral_filename
2026-03-20 10:28:54,269 - isca - DEBUG - 
2026-03-20 10:28:54,269 - isca - DEBUG - 
2026-03-20 10:28:54,269 - isca - WARNING - WARNING from PE    0: socrates_init: sw_hires_spectral_filename is unset, making equal to sw_spectral_filename
2026-03-20 10:28:54,269 - isca - DEBUG - 
2026-03-20 10:28:54,269 - isca - DEBUG - 
2026-03-20 10:28:54,269 - isca - WARNING - WARNING from PE    0: socrates_init: sw_hires_spectral_filename is unset, making equal to sw_spectral_filename
2026-03-20 10:28:54,269 - isca - DEBUG - 
2026-03-20 10:28:55,409 - isca - DEBUG - NOTE from PE    0: Interpolator: Using input file with no time dimension - ozone_1990_notime_zero.nc
2026-03-20 10:28:55,409 - isca - DEBUG - Initializing src field : ozone_1990
2026-03-20 10:28:55,411 - isca - DEBUG - 
2026-03-20 10:28:55,411 - isca - DEBUG - -----------------------------------
2026-03-20 10:28:55,411 - isca - DEBUG - ____                       _
2026-03-20 10:28:55,412 - isca - DEBUG - / ___|  ___   ___ _ __ __ _| |_ ___  ___
2026-03-20 10:28:55,412 - isca - DEBUG - \___ \ / _ \ / __|  __/ _` | __/ _ \/ __|
2026-03-20 10:28:55,412 - isca - DEBUG - ___) | (_) | (__| | | (_| | ||  __/\__ \
2026-03-20 10:28:55,412 - isca - DEBUG - |____/ \___/ \___|_|  \__,_|\__\___||___/
2026-03-20 10:28:55,412 - isca - DEBUG - 
2026-03-20 10:28:55,412 - isca - DEBUG - Initialised Socrates v17.03
2026-03-20 10:28:55,412 - isca - DEBUG - Stellar constant =    1860.00000000000
2026-03-20 10:28:55,412 - isca - DEBUG - Longwave spectral file =
2026-03-20 10:28:55,412 - isca - DEBUG - /proj/bolinc/users/x_ryabo/socrates_edited_for_isca/spectral_files_for_GCMs/Sun
2026-03-20 10:28:55,412 - isca - DEBUG - /miniSuran_lw.sf WITH           16  bands
2026-03-20 10:28:55,412 - isca - DEBUG - Longwave hires spectral file =
2026-03-20 10:28:55,412 - isca - DEBUG - /proj/bolinc/users/x_ryabo/socrates_edited_for_isca/spectral_files_for_GCMs/Sun
2026-03-20 10:28:55,412 - isca - DEBUG - /miniSuran_lw.sf WITH           16  bands
2026-03-20 10:28:55,412 - isca - DEBUG - Shortwave spectral file =
2026-03-20 10:28:55,412 - isca - DEBUG - /proj/bolinc/users/x_ryabo/socrates_edited_for_isca/spectral_files_for_GCMs/Sun
2026-03-20 10:28:55,412 - isca - DEBUG - /miniSuran_sw.sf WITH           16  bands
2026-03-20 10:28:55,412 - isca - DEBUG - Shortwave hires spectral file =
2026-03-20 10:28:55,412 - isca - DEBUG - /proj/bolinc/users/x_ryabo/socrates_edited_for_isca/spectral_files_for_GCMs/Sun
2026-03-20 10:28:55,412 - isca - DEBUG - /miniSuran_sw.sf WITH           16  bands
2026-03-20 10:28:55,412 - isca - DEBUG - 
2026-03-20 10:28:55,412 - isca - DEBUG - -----------------------------------
2026-03-20 10:28:55,412 - isca - DEBUG - 
2026-03-20 10:29:22,948 - isca - DEBUG - Integration completed through    4 Mar  2   0: 0: 0
2026-03-20 10:29:50,361 - isca - DEBUG - Integration completed through    4 Mar  3   0: 0: 0
2026-03-20 10:30:17,812 - isca - DEBUG - Integration completed through    4 Mar  4   0: 0: 0
2026-03-20 10:30:45,249 - isca - DEBUG - Integration completed through    4 Mar  5   0: 0: 0
2026-03-20 10:31:12,703 - isca - DEBUG - Integration completed through    4 Mar  6   0: 0: 0
2026-03-20 10:31:40,149 - isca - DEBUG - Integration completed through    4 Mar  7   0: 0: 0
2026-03-20 10:32:07,521 - isca - DEBUG - Integration completed through    4 Mar  8   0: 0: 0
2026-03-20 10:32:34,952 - isca - DEBUG - Integration completed through    4 Mar  9   0: 0: 0
2026-03-20 10:33:02,353 - isca - DEBUG - Integration completed through    4 Mar 10   0: 0: 0
2026-03-20 10:33:29,860 - isca - DEBUG - Integration completed through    4 Mar 11   0: 0: 0
2026-03-20 10:33:57,313 - isca - DEBUG - Integration completed through    4 Mar 12   0: 0: 0
2026-03-20 10:34:24,685 - isca - DEBUG - Integration completed through    4 Mar 13   0: 0: 0
2026-03-20 10:34:52,070 - isca - DEBUG - Integration completed through    4 Mar 14   0: 0: 0
2026-03-20 10:35:19,453 - isca - DEBUG - Integration completed through    4 Mar 15   0: 0: 0
2026-03-20 10:35:46,845 - isca - DEBUG - Integration completed through    4 Mar 16   0: 0: 0
2026-03-20 10:36:14,247 - isca - DEBUG - Integration completed through    4 Mar 17   0: 0: 0
2026-03-20 10:36:41,595 - isca - DEBUG - Integration completed through    4 Mar 18   0: 0: 0
2026-03-20 10:37:09,014 - isca - DEBUG - Integration completed through    4 Mar 19   0: 0: 0
2026-03-20 10:37:36,387 - isca - DEBUG - Integration completed through    4 Mar 20   0: 0: 0
2026-03-20 10:38:03,814 - isca - DEBUG - Integration completed through    4 Mar 21   0: 0: 0
2026-03-20 10:38:31,174 - isca - DEBUG - Integration completed through    4 Mar 22   0: 0: 0
2026-03-20 10:38:58,553 - isca - DEBUG - Integration completed through    4 Mar 23   0: 0: 0
2026-03-20 10:39:25,986 - isca - DEBUG - Integration completed through    4 Mar 24   0: 0: 0
2026-03-20 10:39:53,417 - isca - DEBUG - Integration completed through    4 Mar 25   0: 0: 0
2026-03-20 10:40:20,867 - isca - DEBUG - Integration completed through    4 Mar 26   0: 0: 0
2026-03-20 10:40:48,272 - isca - DEBUG - Integration completed through    4 Mar 27   0: 0: 0
2026-03-20 10:41:15,695 - isca - DEBUG - Integration completed through    4 Mar 28   0: 0: 0
2026-03-20 10:41:43,158 - isca - DEBUG - Integration completed through    4 Mar 29   0: 0: 0
2026-03-20 10:42:10,637 - isca - DEBUG - Integration completed through    4 Mar 30   0: 0: 0
2026-03-20 10:42:38,005 - isca - DEBUG - Integration completed through    4 Apr  1   0: 0: 0
2026-03-20 10:42:38,012 - isca - DEBUG - 
2026-03-20 10:42:38,012 - isca - WARNING - WARNING from PE    0: diag_util_mod::opening_file: module/field_name (socrates/soc_toa_sw_down_clr) NOT registered
2026-03-20 10:42:38,012 - isca - DEBUG - 
2026-03-20 10:42:38,012 - isca - DEBUG - 
2026-03-20 10:42:38,012 - isca - WARNING - WARNING from PE    0: diag_util_mod::opening_file: module/field_name (cloud_simple/rh_min) NOT registered
2026-03-20 10:42:38,012 - isca - DEBUG - 
2026-03-20 10:42:38,012 - isca - DEBUG - 
2026-03-20 10:42:38,012 - isca - WARNING - WARNING from PE    0: diag_util_mod::opening_file: module/field_name (socrates/soc_toa_sw_down_clr) NOT registered
2026-03-20 10:42:38,013 - isca - DEBUG - 
2026-03-20 10:42:38,013 - isca - DEBUG - 
2026-03-20 10:42:38,013 - isca - WARNING - WARNING from PE    0: diag_util_mod::opening_file: module/field_name (cloud_simple/rh_min) NOT registered
2026-03-20 10:42:38,013 - isca - DEBUG - 
2026-03-20 10:42:38,023 - isca - DEBUG - NOTE from PE    0: MPP_IO_SET_STACK_SIZE: stack size set to     393216.
2026-03-20 10:42:38,116 - isca - DEBUG - MPP_DOMAINS_STACK high water mark=       49152
2026-03-20 10:42:38,116 - isca - DEBUG - 
2026-03-20 10:42:38,116 - isca - DEBUG - Tabulating mpp_clock statistics across     16 PEs...
2026-03-20 10:42:38,116 - isca - DEBUG - 
2026-03-20 10:42:38,116 - isca - DEBUG - tmin          tmax          tavg          tstd  tfrac grain pemin pemax
2026-03-20 10:42:38,116 - isca - DEBUG - Total runtime                       823.922099    823.926947    823.924891      0.001232  1.000     0     0    15
2026-03-20 10:42:38,117 - isca - DEBUG - MPP_STACK high water mark=           0
2026-03-20 10:42:38,230 - isca - INFO - Run 39 complete
2026-03-20 10:42:39,333 - isca - DEBUG - atmos_monthly.nc combined and copied to data directory
2026-03-20 10:42:42,554 - isca - INFO - Restart archive created at /proj/bolinc/users/x_ryabo/Isca-Ryan_outputs/Earth_1860/restarts/res0039.tar.gz
2026-03-20 10:42:42,566 - isca - INFO - Writing namelist to '/proj/bolinc/users/x_ryabo/Isca-Ryan_outputs/Earth_1860/run0039/input.nml'
2026-03-20 10:42:42,568 - isca - INFO - Writing field_table to '/proj/bolinc/users/x_ryabo/Isca-Ryan_outputs/Earth_1860/run0039/field_table'
2026-03-20 10:42:42,579 - isca - INFO - Writing diag_table to '/proj/bolinc/users/x_ryabo/Isca-Ryan_outputs/Earth_1860/run0039/diag_table'
2026-03-20 10:42:42,931 - isca - INFO - Emptied run directory '/home/x_ryabo/Isca-Ryan_tmp/experiment/Earth_1860/run'
2026-03-20 10:42:42,951 - isca - INFO - Emptied run directory '/home/x_ryabo/Isca-Ryan_tmp/experiment/Earth_1860/run'
2026-03-20 10:42:43,275 - isca - INFO - Writing namelist to '/home/x_ryabo/Isca-Ryan_tmp/experiment/Earth_1860/run/input.nml'
2026-03-20 10:42:43,277 - isca - INFO - Writing field_table to '/home/x_ryabo/Isca-Ryan_tmp/experiment/Earth_1860/run/field_table'
2026-03-20 10:42:43,289 - isca - INFO - Writing diag_table to '/home/x_ryabo/Isca-Ryan_tmp/experiment/Earth_1860/run/diag_table'
2026-03-20 10:42:43,302 - isca - INFO - Using restart file '/proj/bolinc/users/x_ryabo/Isca-Ryan_outputs/Earth_1860/restarts/res0039.tar.gz'
2026-03-20 10:42:43,712 - isca - INFO - Restart /proj/bolinc/users/x_ryabo/Isca-Ryan_outputs/Earth_1860/restarts/res0039.tar.gz extracted to /home/x_ryabo/Isca-Ryan_tmp/experiment/Earth_1860/run/INPUT
2026-03-20 10:42:43,713 - isca - INFO - Beginning run 40
2026-03-20 10:42:43,725 - isca - INFO - process running as 90669
2026-03-20 10:42:43,725 - isca - DEBUG - loadmodules for Isca on NSC cluster Tetralith
2026-03-20 10:42:43,725 - isca - DEBUG - mpiifort
2026-03-20 10:42:43,838 - isca - DEBUG - The following modules were not unloaded:
2026-03-20 10:42:43,838 - isca - DEBUG - (Use "module --force purge" to unload all):
2026-03-20 10:42:43,838 - isca - DEBUG - 
2026-03-20 10:42:43,838 - isca - DEBUG - 1) hpc/.1.10.1
2026-03-20 10:42:43,939 - isca - DEBUG - ***************************************************
2026-03-20 10:42:43,939 - isca - DEBUG - You have loaded a buildenv module
2026-03-20 10:42:43,939 - isca - DEBUG - ***************************************************
2026-03-20 10:42:43,939 - isca - DEBUG - The buldenv-intel module makes available:
2026-03-20 10:42:43,939 - isca - DEBUG - - Compilers: icc, ifort, etc.
2026-03-20 10:42:43,939 - isca - DEBUG - - Mpi library with mpi-wrapped compilers: intel mpi with mpicc, mpifort, etc.
2026-03-20 10:42:43,939 - isca - DEBUG - - Numerical libraries: intel MKL
2026-03-20 10:42:43,939 - isca - DEBUG - 
2026-03-20 10:42:43,939 - isca - DEBUG - It also makes a set of dependency library modules available via
2026-03-20 10:42:43,939 - isca - DEBUG - the regular module command. Just do:
2026-03-20 10:42:43,939 - isca - DEBUG - module avail
2026-03-20 10:42:43,939 - isca - DEBUG - to see what is available.
2026-03-20 10:42:43,940 - isca - DEBUG - 
2026-03-20 10:42:43,940 - isca - DEBUG - NOTE: You shoud never load build environments inside submitted jobs.
2026-03-20 10:42:43,940 - isca - DEBUG - (with the single exception of when using supercomputer time to compile code.)
2026-03-20 10:42:43,940 - isca - DEBUG - 
2026-03-20 10:42:48,435 - isca - DEBUG - NOTE from PE    0: MPP_DOMAINS_SET_STACK_SIZE: stack size set to    32768.
2026-03-20 10:42:48,435 - isca - DEBUG - &MPP_IO_NML
2026-03-20 10:42:48,436 - isca - DEBUG - HEADER_BUFFER_VAL       =       16384,
2026-03-20 10:42:48,436 - isca - DEBUG - GLOBAL_FIELD_ON_ROOT_PE = T,
2026-03-20 10:42:48,436 - isca - DEBUG - IO_CLOCKS_ON    = F,
2026-03-20 10:42:48,436 - isca - DEBUG - SHUFFLE =           0,
2026-03-20 10:42:48,436 - isca - DEBUG - DEFLATE_LEVEL   =          -1
2026-03-20 10:42:48,436 - isca - DEBUG - /
2026-03-20 10:42:48,437 - isca - DEBUG - NOTE from PE    0: MPP_IO_SET_STACK_SIZE: stack size set to     131072.
2026-03-20 10:42:48,438 - isca - DEBUG - NOTE from PE    0: MPP_DOMAINS_SET_STACK_SIZE: stack size set to   600000.
2026-03-20 10:42:48,445 - isca - DEBUG - starting            1  OpenMP threads per MPI-task
2026-03-20 10:42:48,446 - isca - DEBUG - ATMOS MODEL DOMAIN DECOMPOSITION
2026-03-20 10:42:48,447 - isca - DEBUG - X-AXIS =  128
2026-03-20 10:42:48,447 - isca - DEBUG - Y-AXIS =    4   4   4   4   4   4   4   4   4   4   4   4   4   4   4   4
2026-03-20 10:42:48,503 - isca - DEBUG - NOTE from PE    0: cloud_simple: Using SimCloud cloud scheme
2026-03-20 10:42:48,504 - isca - DEBUG - NOTE from PE    0: ls_cloud: Using Sundqvist (1989) cloud fraction diagnostic formula.
2026-03-20 10:42:48,504 - isca - DEBUG - NOTE from PE    0: cloud_cover: The cloud overlap assumption is MAXIMUM-RANDOM
2026-03-20 10:42:48,504 - isca - DEBUG - NOTE from PE    0: idealized_moist_phys: Using Frierson Quasi-Equilibrium convection scheme.
2026-03-20 10:42:48,513 - isca - DEBUG - 
2026-03-20 10:42:48,513 - isca - WARNING - WARNING from PE    0: socrates_init: lw_hires_spectral_filename is unset, making equal to lw_spectral_filename
2026-03-20 10:42:48,513 - isca - DEBUG - 
2026-03-20 10:42:48,513 - isca - DEBUG - 
2026-03-20 10:42:48,513 - isca - WARNING - WARNING from PE    0: socrates_init: lw_hires_spectral_filename is unset, making equal to lw_spectral_filename
2026-03-20 10:42:48,513 - isca - DEBUG - 
2026-03-20 10:42:48,513 - isca - DEBUG - 
2026-03-20 10:42:48,513 - isca - WARNING - WARNING from PE    0: socrates_init: sw_hires_spectral_filename is unset, making equal to sw_spectral_filename
2026-03-20 10:42:48,513 - isca - DEBUG - 
2026-03-20 10:42:48,513 - isca - DEBUG - 
2026-03-20 10:42:48,513 - isca - WARNING - WARNING from PE    0: socrates_init: sw_hires_spectral_filename is unset, making equal to sw_spectral_filename
2026-03-20 10:42:48,513 - isca - DEBUG - 
2026-03-20 10:42:49,611 - isca - DEBUG - NOTE from PE    0: Interpolator: Using input file with no time dimension - ozone_1990_notime_zero.nc
2026-03-20 10:42:49,611 - isca - DEBUG - Initializing src field : ozone_1990
2026-03-20 10:42:49,613 - isca - DEBUG - 
2026-03-20 10:42:49,613 - isca - DEBUG - -----------------------------------
2026-03-20 10:42:49,613 - isca - DEBUG - ____                       _
2026-03-20 10:42:49,613 - isca - DEBUG - / ___|  ___   ___ _ __ __ _| |_ ___  ___
2026-03-20 10:42:49,613 - isca - DEBUG - \___ \ / _ \ / __|  __/ _` | __/ _ \/ __|
2026-03-20 10:42:49,613 - isca - DEBUG - ___) | (_) | (__| | | (_| | ||  __/\__ \
2026-03-20 10:42:49,613 - isca - DEBUG - |____/ \___/ \___|_|  \__,_|\__\___||___/
2026-03-20 10:42:49,613 - isca - DEBUG - 
2026-03-20 10:42:49,613 - isca - DEBUG - Initialised Socrates v17.03
2026-03-20 10:42:49,613 - isca - DEBUG - Stellar constant =    1860.00000000000
2026-03-20 10:42:49,613 - isca - DEBUG - Longwave spectral file =
2026-03-20 10:42:49,613 - isca - DEBUG - /proj/bolinc/users/x_ryabo/socrates_edited_for_isca/spectral_files_for_GCMs/Sun
2026-03-20 10:42:49,613 - isca - DEBUG - /miniSuran_lw.sf WITH           16  bands
2026-03-20 10:42:49,613 - isca - DEBUG - Longwave hires spectral file =
2026-03-20 10:42:49,613 - isca - DEBUG - /proj/bolinc/users/x_ryabo/socrates_edited_for_isca/spectral_files_for_GCMs/Sun
2026-03-20 10:42:49,613 - isca - DEBUG - /miniSuran_lw.sf WITH           16  bands
2026-03-20 10:42:49,613 - isca - DEBUG - Shortwave spectral file =
2026-03-20 10:42:49,613 - isca - DEBUG - /proj/bolinc/users/x_ryabo/socrates_edited_for_isca/spectral_files_for_GCMs/Sun
2026-03-20 10:42:49,613 - isca - DEBUG - /miniSuran_sw.sf WITH           16  bands
2026-03-20 10:42:49,613 - isca - DEBUG - Shortwave hires spectral file =
2026-03-20 10:42:49,613 - isca - DEBUG - /proj/bolinc/users/x_ryabo/socrates_edited_for_isca/spectral_files_for_GCMs/Sun
2026-03-20 10:42:49,613 - isca - DEBUG - /miniSuran_sw.sf WITH           16  bands
2026-03-20 10:42:49,613 - isca - DEBUG - 
2026-03-20 10:42:49,613 - isca - DEBUG - -----------------------------------
2026-03-20 10:42:49,613 - isca - DEBUG - 
2026-03-20 10:43:17,241 - isca - DEBUG - Integration completed through    4 Apr  2   0: 0: 0
2026-03-20 10:43:44,778 - isca - DEBUG - Integration completed through    4 Apr  3   0: 0: 0
2026-03-20 10:44:12,344 - isca - DEBUG - Integration completed through    4 Apr  4   0: 0: 0
2026-03-20 10:44:39,952 - isca - DEBUG - Integration completed through    4 Apr  5   0: 0: 0
2026-03-20 10:45:07,528 - isca - DEBUG - Integration completed through    4 Apr  6   0: 0: 0
2026-03-20 10:45:35,119 - isca - DEBUG - Integration completed through    4 Apr  7   0: 0: 0
2026-03-20 10:46:02,681 - isca - DEBUG - Integration completed through    4 Apr  8   0: 0: 0
2026-03-20 10:46:30,190 - isca - DEBUG - Integration completed through    4 Apr  9   0: 0: 0
2026-03-20 10:46:57,705 - isca - DEBUG - Integration completed through    4 Apr 10   0: 0: 0
2026-03-20 10:47:25,295 - isca - DEBUG - Integration completed through    4 Apr 11   0: 0: 0
2026-03-20 10:47:52,921 - isca - DEBUG - Integration completed through    4 Apr 12   0: 0: 0
2026-03-20 10:48:20,526 - isca - DEBUG - Integration completed through    4 Apr 13   0: 0: 0
2026-03-20 10:48:48,085 - isca - DEBUG - Integration completed through    4 Apr 14   0: 0: 0
2026-03-20 10:49:15,636 - isca - DEBUG - Integration completed through    4 Apr 15   0: 0: 0
2026-03-20 10:49:43,226 - isca - DEBUG - Integration completed through    4 Apr 16   0: 0: 0
2026-03-20 10:50:10,907 - isca - DEBUG - Integration completed through    4 Apr 17   0: 0: 0
2026-03-20 10:50:38,523 - isca - DEBUG - Integration completed through    4 Apr 18   0: 0: 0
2026-03-20 10:51:06,170 - isca - DEBUG - Integration completed through    4 Apr 19   0: 0: 0
2026-03-20 10:51:33,691 - isca - DEBUG - Integration completed through    4 Apr 20   0: 0: 0
2026-03-20 10:52:01,243 - isca - DEBUG - Integration completed through    4 Apr 21   0: 0: 0
2026-03-20 10:52:28,859 - isca - DEBUG - Integration completed through    4 Apr 22   0: 0: 0
2026-03-20 10:52:56,453 - isca - DEBUG - Integration completed through    4 Apr 23   0: 0: 0
2026-03-20 10:53:24,053 - isca - DEBUG - Integration completed through    4 Apr 24   0: 0: 0
2026-03-20 10:53:51,617 - isca - DEBUG - Integration completed through    4 Apr 25   0: 0: 0
2026-03-20 10:54:19,131 - isca - DEBUG - Integration completed through    4 Apr 26   0: 0: 0
2026-03-20 10:54:46,688 - isca - DEBUG - Integration completed through    4 Apr 27   0: 0: 0
2026-03-20 10:55:14,194 - isca - DEBUG - Integration completed through    4 Apr 28   0: 0: 0
2026-03-20 10:55:41,714 - isca - DEBUG - Integration completed through    4 Apr 29   0: 0: 0
2026-03-20 10:56:09,355 - isca - DEBUG - Integration completed through    4 Apr 30   0: 0: 0
2026-03-20 10:56:36,964 - isca - DEBUG - Integration completed through    4 May  1   0: 0: 0
2026-03-20 10:56:36,972 - isca - DEBUG - 
2026-03-20 10:56:36,972 - isca - WARNING - WARNING from PE    0: diag_util_mod::opening_file: module/field_name (socrates/soc_toa_sw_down_clr) NOT registered
2026-03-20 10:56:36,972 - isca - DEBUG - 
2026-03-20 10:56:36,972 - isca - DEBUG - 
2026-03-20 10:56:36,972 - isca - WARNING - WARNING from PE    0: diag_util_mod::opening_file: module/field_name (socrates/soc_toa_sw_down_clr) NOT registered
2026-03-20 10:56:36,972 - isca - DEBUG - 
2026-03-20 10:56:36,972 - isca - DEBUG - 
2026-03-20 10:56:36,972 - isca - WARNING - WARNING from PE    0: diag_util_mod::opening_file: module/field_name (cloud_simple/rh_min) NOT registered
2026-03-20 10:56:36,972 - isca - DEBUG - 
2026-03-20 10:56:36,972 - isca - WARNING - WARNING from PE    0: diag_util_mod::opening_file: module/field_name (cloud_simple/rh_min) NOT registered
2026-03-20 10:56:36,972 - isca - DEBUG - 
2026-03-20 10:56:36,972 - isca - DEBUG - 
2026-03-20 10:56:36,983 - isca - DEBUG - NOTE from PE    0: MPP_IO_SET_STACK_SIZE: stack size set to     393216.
2026-03-20 10:56:37,092 - isca - DEBUG - MPP_DOMAINS_STACK high water mark=       49152
2026-03-20 10:56:37,092 - isca - DEBUG - 
2026-03-20 10:56:37,092 - isca - DEBUG - Tabulating mpp_clock statistics across     16 PEs...
2026-03-20 10:56:37,092 - isca - DEBUG - 
2026-03-20 10:56:37,092 - isca - DEBUG - tmin          tmax          tavg          tstd  tfrac grain pemin pemax
2026-03-20 10:56:37,093 - isca - DEBUG - Total runtime                       828.655968    828.661174    828.657611      0.001364  1.000     0     0    15
2026-03-20 10:56:37,093 - isca - DEBUG - MPP_STACK high water mark=           0
2026-03-20 10:56:37,235 - isca - INFO - Run 40 complete
2026-03-20 10:56:38,412 - isca - DEBUG - atmos_monthly.nc combined and copied to data directory
2026-03-20 10:56:41,647 - isca - INFO - Restart archive created at /proj/bolinc/users/x_ryabo/Isca-Ryan_outputs/Earth_1860/restarts/res0040.tar.gz
2026-03-20 10:56:41,660 - isca - INFO - Writing namelist to '/proj/bolinc/users/x_ryabo/Isca-Ryan_outputs/Earth_1860/run0040/input.nml'
2026-03-20 10:56:41,662 - isca - INFO - Writing field_table to '/proj/bolinc/users/x_ryabo/Isca-Ryan_outputs/Earth_1860/run0040/field_table'
2026-03-20 10:56:41,673 - isca - INFO - Writing diag_table to '/proj/bolinc/users/x_ryabo/Isca-Ryan_outputs/Earth_1860/run0040/diag_table'
2026-03-20 10:56:42,040 - isca - INFO - Emptied run directory '/home/x_ryabo/Isca-Ryan_tmp/experiment/Earth_1860/run'
2026-03-20 10:56:42,069 - isca - INFO - Emptied run directory '/home/x_ryabo/Isca-Ryan_tmp/experiment/Earth_1860/run'
2026-03-20 10:56:42,397 - isca - INFO - Writing namelist to '/home/x_ryabo/Isca-Ryan_tmp/experiment/Earth_1860/run/input.nml'
2026-03-20 10:56:42,399 - isca - INFO - Writing field_table to '/home/x_ryabo/Isca-Ryan_tmp/experiment/Earth_1860/run/field_table'
2026-03-20 10:56:42,411 - isca - INFO - Writing diag_table to '/home/x_ryabo/Isca-Ryan_tmp/experiment/Earth_1860/run/diag_table'
2026-03-20 10:56:42,429 - isca - INFO - Using restart file '/proj/bolinc/users/x_ryabo/Isca-Ryan_outputs/Earth_1860/restarts/res0040.tar.gz'
2026-03-20 10:56:42,839 - isca - INFO - Restart /proj/bolinc/users/x_ryabo/Isca-Ryan_outputs/Earth_1860/restarts/res0040.tar.gz extracted to /home/x_ryabo/Isca-Ryan_tmp/experiment/Earth_1860/run/INPUT
2026-03-20 10:56:42,839 - isca - INFO - Beginning run 41
2026-03-20 10:56:42,851 - isca - INFO - process running as 91500
2026-03-20 10:56:42,851 - isca - DEBUG - loadmodules for Isca on NSC cluster Tetralith
2026-03-20 10:56:42,851 - isca - DEBUG - mpiifort
2026-03-20 10:56:42,962 - isca - DEBUG - The following modules were not unloaded:
2026-03-20 10:56:42,962 - isca - DEBUG - (Use "module --force purge" to unload all):
2026-03-20 10:56:42,962 - isca - DEBUG - 
2026-03-20 10:56:42,962 - isca - DEBUG - 1) hpc/.1.10.1
2026-03-20 10:56:43,065 - isca - DEBUG - ***************************************************
2026-03-20 10:56:43,065 - isca - DEBUG - You have loaded a buildenv module
2026-03-20 10:56:43,065 - isca - DEBUG - ***************************************************
2026-03-20 10:56:43,065 - isca - DEBUG - The buldenv-intel module makes available:
2026-03-20 10:56:43,065 - isca - DEBUG - - Compilers: icc, ifort, etc.
2026-03-20 10:56:43,065 - isca - DEBUG - - Mpi library with mpi-wrapped compilers: intel mpi with mpicc, mpifort, etc.
2026-03-20 10:56:43,065 - isca - DEBUG - - Numerical libraries: intel MKL
2026-03-20 10:56:43,065 - isca - DEBUG - 
2026-03-20 10:56:43,065 - isca - DEBUG - It also makes a set of dependency library modules available via
2026-03-20 10:56:43,065 - isca - DEBUG - the regular module command. Just do:
2026-03-20 10:56:43,065 - isca - DEBUG - module avail
2026-03-20 10:56:43,065 - isca - DEBUG - to see what is available.
2026-03-20 10:56:43,065 - isca - DEBUG - 
2026-03-20 10:56:43,065 - isca - DEBUG - NOTE: You shoud never load build environments inside submitted jobs.
2026-03-20 10:56:43,065 - isca - DEBUG - (with the single exception of when using supercomputer time to compile code.)
2026-03-20 10:56:43,065 - isca - DEBUG - 
2026-03-20 10:56:44,999 - isca - DEBUG - NOTE from PE    0: MPP_DOMAINS_SET_STACK_SIZE: stack size set to    32768.
2026-03-20 10:56:44,999 - isca - DEBUG - &MPP_IO_NML
2026-03-20 10:56:44,999 - isca - DEBUG - HEADER_BUFFER_VAL       =       16384,
2026-03-20 10:56:44,999 - isca - DEBUG - GLOBAL_FIELD_ON_ROOT_PE = T,
2026-03-20 10:56:44,999 - isca - DEBUG - IO_CLOCKS_ON    = F,
2026-03-20 10:56:44,999 - isca - DEBUG - SHUFFLE =           0,
2026-03-20 10:56:44,999 - isca - DEBUG - DEFLATE_LEVEL   =          -1
2026-03-20 10:56:44,999 - isca - DEBUG - /
2026-03-20 10:56:45,001 - isca - DEBUG - NOTE from PE    0: MPP_IO_SET_STACK_SIZE: stack size set to     131072.
2026-03-20 10:56:45,001 - isca - DEBUG - NOTE from PE    0: MPP_DOMAINS_SET_STACK_SIZE: stack size set to   600000.
2026-03-20 10:56:45,008 - isca - DEBUG - starting            1  OpenMP threads per MPI-task
2026-03-20 10:56:45,010 - isca - DEBUG - ATMOS MODEL DOMAIN DECOMPOSITION
2026-03-20 10:56:45,010 - isca - DEBUG - X-AXIS =  128
2026-03-20 10:56:45,010 - isca - DEBUG - Y-AXIS =    4   4   4   4   4   4   4   4   4   4   4   4   4   4   4   4
2026-03-20 10:56:45,063 - isca - DEBUG - NOTE from PE    0: cloud_simple: Using SimCloud cloud scheme
2026-03-20 10:56:45,064 - isca - DEBUG - NOTE from PE    0: ls_cloud: Using Sundqvist (1989) cloud fraction diagnostic formula.
2026-03-20 10:56:45,064 - isca - DEBUG - NOTE from PE    0: cloud_cover: The cloud overlap assumption is MAXIMUM-RANDOM
2026-03-20 10:56:45,065 - isca - DEBUG - NOTE from PE    0: idealized_moist_phys: Using Frierson Quasi-Equilibrium convection scheme.
2026-03-20 10:56:45,073 - isca - DEBUG - 
2026-03-20 10:56:45,073 - isca - WARNING - WARNING from PE    0: socrates_init: lw_hires_spectral_filename is unset, making equal to lw_spectral_filename
2026-03-20 10:56:45,074 - isca - DEBUG - 
2026-03-20 10:56:45,074 - isca - DEBUG - 
2026-03-20 10:56:45,074 - isca - WARNING - WARNING from PE    0: socrates_init: lw_hires_spectral_filename is unset, making equal to lw_spectral_filename
2026-03-20 10:56:45,074 - isca - DEBUG - 
2026-03-20 10:56:45,074 - isca - DEBUG - 
2026-03-20 10:56:45,074 - isca - WARNING - WARNING from PE    0: socrates_init: sw_hires_spectral_filename is unset, making equal to sw_spectral_filename
2026-03-20 10:56:45,074 - isca - DEBUG - 
2026-03-20 10:56:45,074 - isca - DEBUG - 
2026-03-20 10:56:45,074 - isca - WARNING - WARNING from PE    0: socrates_init: sw_hires_spectral_filename is unset, making equal to sw_spectral_filename
2026-03-20 10:56:45,074 - isca - DEBUG - 
2026-03-20 10:56:46,160 - isca - DEBUG - NOTE from PE    0: Interpolator: Using input file with no time dimension - ozone_1990_notime_zero.nc
2026-03-20 10:56:46,160 - isca - DEBUG - Initializing src field : ozone_1990
2026-03-20 10:56:46,162 - isca - DEBUG - 
2026-03-20 10:56:46,162 - isca - DEBUG - -----------------------------------
2026-03-20 10:56:46,162 - isca - DEBUG - ____                       _
2026-03-20 10:56:46,162 - isca - DEBUG - / ___|  ___   ___ _ __ __ _| |_ ___  ___
2026-03-20 10:56:46,162 - isca - DEBUG - \___ \ / _ \ / __|  __/ _` | __/ _ \/ __|
2026-03-20 10:56:46,162 - isca - DEBUG - ___) | (_) | (__| | | (_| | ||  __/\__ \
2026-03-20 10:56:46,162 - isca - DEBUG - |____/ \___/ \___|_|  \__,_|\__\___||___/
2026-03-20 10:56:46,162 - isca - DEBUG - 
2026-03-20 10:56:46,162 - isca - DEBUG - Initialised Socrates v17.03
2026-03-20 10:56:46,162 - isca - DEBUG - Stellar constant =    1860.00000000000
2026-03-20 10:56:46,162 - isca - DEBUG - Longwave spectral file =
2026-03-20 10:56:46,162 - isca - DEBUG - /proj/bolinc/users/x_ryabo/socrates_edited_for_isca/spectral_files_for_GCMs/Sun
2026-03-20 10:56:46,162 - isca - DEBUG - /miniSuran_lw.sf WITH           16  bands
2026-03-20 10:56:46,162 - isca - DEBUG - Longwave hires spectral file =
2026-03-20 10:56:46,162 - isca - DEBUG - /proj/bolinc/users/x_ryabo/socrates_edited_for_isca/spectral_files_for_GCMs/Sun
2026-03-20 10:56:46,162 - isca - DEBUG - /miniSuran_lw.sf WITH           16  bands
2026-03-20 10:56:46,162 - isca - DEBUG - Shortwave spectral file =
2026-03-20 10:56:46,162 - isca - DEBUG - /proj/bolinc/users/x_ryabo/socrates_edited_for_isca/spectral_files_for_GCMs/Sun
2026-03-20 10:56:46,162 - isca - DEBUG - /miniSuran_sw.sf WITH           16  bands
2026-03-20 10:56:46,162 - isca - DEBUG - Shortwave hires spectral file =
2026-03-20 10:56:46,162 - isca - DEBUG - /proj/bolinc/users/x_ryabo/socrates_edited_for_isca/spectral_files_for_GCMs/Sun
2026-03-20 10:56:46,162 - isca - DEBUG - /miniSuran_sw.sf WITH           16  bands
2026-03-20 10:56:46,163 - isca - DEBUG - 
2026-03-20 10:56:46,163 - isca - DEBUG - -----------------------------------
2026-03-20 10:56:46,163 - isca - DEBUG - 
2026-03-20 10:57:13,674 - isca - DEBUG - Integration completed through    4 May  2   0: 0: 0
2026-03-20 10:57:41,062 - isca - DEBUG - Integration completed through    4 May  3   0: 0: 0
2026-03-20 10:58:08,354 - isca - DEBUG - Integration completed through    4 May  4   0: 0: 0
2026-03-20 10:58:35,724 - isca - DEBUG - Integration completed through    4 May  5   0: 0: 0
2026-03-20 10:59:03,143 - isca - DEBUG - Integration completed through    4 May  6   0: 0: 0
2026-03-20 10:59:30,577 - isca - DEBUG - Integration completed through    4 May  7   0: 0: 0
2026-03-20 10:59:57,998 - isca - DEBUG - Integration completed through    4 May  8   0: 0: 0
2026-03-20 11:00:25,376 - isca - DEBUG - Integration completed through    4 May  9   0: 0: 0
2026-03-20 11:00:52,770 - isca - DEBUG - Integration completed through    4 May 10   0: 0: 0
2026-03-20 11:01:20,212 - isca - DEBUG - Integration completed through    4 May 11   0: 0: 0
2026-03-20 11:01:47,687 - isca - DEBUG - Integration completed through    4 May 12   0: 0: 0
2026-03-20 11:02:15,099 - isca - DEBUG - Integration completed through    4 May 13   0: 0: 0
2026-03-20 11:02:42,496 - isca - DEBUG - Integration completed through    4 May 14   0: 0: 0
2026-03-20 11:03:09,878 - isca - DEBUG - Integration completed through    4 May 15   0: 0: 0
2026-03-20 11:03:37,863 - isca - DEBUG - Integration completed through    4 May 16   0: 0: 0
2026-03-20 11:04:05,656 - isca - DEBUG - Integration completed through    4 May 17   0: 0: 0
2026-03-20 11:04:33,268 - isca - DEBUG - Integration completed through    4 May 18   0: 0: 0
2026-03-20 11:05:00,953 - isca - DEBUG - Integration completed through    4 May 19   0: 0: 0
2026-03-20 11:05:28,865 - isca - DEBUG - Integration completed through    4 May 20   0: 0: 0
2026-03-20 11:05:57,040 - isca - DEBUG - Integration completed through    4 May 21   0: 0: 0
2026-03-20 11:06:25,101 - isca - DEBUG - Integration completed through    4 May 22   0: 0: 0
2026-03-20 11:06:53,241 - isca - DEBUG - Integration completed through    4 May 23   0: 0: 0
2026-03-20 11:07:21,427 - isca - DEBUG - Integration completed through    4 May 24   0: 0: 0
2026-03-20 11:07:49,650 - isca - DEBUG - Integration completed through    4 May 25   0: 0: 0
2026-03-20 11:08:17,857 - isca - DEBUG - Integration completed through    4 May 26   0: 0: 0
2026-03-20 11:08:46,146 - isca - DEBUG - Integration completed through    4 May 27   0: 0: 0
2026-03-20 11:09:14,324 - isca - DEBUG - Integration completed through    4 May 28   0: 0: 0
2026-03-20 11:09:42,538 - isca - DEBUG - Integration completed through    4 May 29   0: 0: 0
2026-03-20 11:10:10,705 - isca - DEBUG - Integration completed through    4 May 30   0: 0: 0
2026-03-20 11:10:38,837 - isca - DEBUG - Integration completed through    4 Jun  1   0: 0: 0
2026-03-20 11:10:38,896 - isca - DEBUG - 
2026-03-20 11:10:38,896 - isca - WARNING - WARNING from PE    0: diag_util_mod::opening_file: module/field_name (socrates/soc_toa_sw_down_clr) NOT registered
2026-03-20 11:10:38,896 - isca - DEBUG - 
2026-03-20 11:10:38,896 - isca - DEBUG - 
2026-03-20 11:10:38,896 - isca - WARNING - WARNING from PE    0: diag_util_mod::opening_file: module/field_name (socrates/soc_toa_sw_down_clr) NOT registered
2026-03-20 11:10:38,896 - isca - DEBUG - 
2026-03-20 11:10:38,896 - isca - DEBUG - 
2026-03-20 11:10:38,896 - isca - WARNING - WARNING from PE    0: diag_util_mod::opening_file: module/field_name (cloud_simple/rh_min) NOT registered
2026-03-20 11:10:38,896 - isca - DEBUG - 
2026-03-20 11:10:38,896 - isca - DEBUG - 
2026-03-20 11:10:38,897 - isca - WARNING - WARNING from PE    0: diag_util_mod::opening_file: module/field_name (cloud_simple/rh_min) NOT registered
2026-03-20 11:10:38,897 - isca - DEBUG - 
2026-03-20 11:10:38,907 - isca - DEBUG - NOTE from PE    0: MPP_IO_SET_STACK_SIZE: stack size set to     393216.
2026-03-20 11:10:39,044 - isca - DEBUG - MPP_DOMAINS_STACK high water mark=       49152
2026-03-20 11:10:39,044 - isca - DEBUG - 
2026-03-20 11:10:39,044 - isca - DEBUG - Tabulating mpp_clock statistics across     16 PEs...
2026-03-20 11:10:39,044 - isca - DEBUG - 
2026-03-20 11:10:39,044 - isca - DEBUG - tmin          tmax          tavg          tstd  tfrac grain pemin pemax
2026-03-20 11:10:39,045 - isca - DEBUG - Total runtime                       834.044379    834.047883    834.045982      0.001116  1.000     0     0    15
2026-03-20 11:10:39,045 - isca - DEBUG - MPP_STACK high water mark=           0
2026-03-20 11:10:39,146 - isca - INFO - Run 41 complete
2026-03-20 11:10:40,471 - isca - DEBUG - atmos_monthly.nc combined and copied to data directory
2026-03-20 11:10:43,694 - isca - INFO - Restart archive created at /proj/bolinc/users/x_ryabo/Isca-Ryan_outputs/Earth_1860/restarts/res0041.tar.gz
2026-03-20 11:10:43,707 - isca - INFO - Writing namelist to '/proj/bolinc/users/x_ryabo/Isca-Ryan_outputs/Earth_1860/run0041/input.nml'
2026-03-20 11:10:43,710 - isca - INFO - Writing field_table to '/proj/bolinc/users/x_ryabo/Isca-Ryan_outputs/Earth_1860/run0041/field_table'
2026-03-20 11:10:43,724 - isca - INFO - Writing diag_table to '/proj/bolinc/users/x_ryabo/Isca-Ryan_outputs/Earth_1860/run0041/diag_table'
2026-03-20 11:10:45,499 - isca - INFO - Emptied run directory '/home/x_ryabo/Isca-Ryan_tmp/experiment/Earth_1860/run'
2026-03-20 11:10:45,519 - isca - INFO - Emptied run directory '/home/x_ryabo/Isca-Ryan_tmp/experiment/Earth_1860/run'
2026-03-20 11:10:45,886 - isca - INFO - Writing namelist to '/home/x_ryabo/Isca-Ryan_tmp/experiment/Earth_1860/run/input.nml'
2026-03-20 11:10:45,888 - isca - INFO - Writing field_table to '/home/x_ryabo/Isca-Ryan_tmp/experiment/Earth_1860/run/field_table'
2026-03-20 11:10:45,902 - isca - INFO - Writing diag_table to '/home/x_ryabo/Isca-Ryan_tmp/experiment/Earth_1860/run/diag_table'
2026-03-20 11:10:45,916 - isca - INFO - Using restart file '/proj/bolinc/users/x_ryabo/Isca-Ryan_outputs/Earth_1860/restarts/res0041.tar.gz'
2026-03-20 11:10:46,329 - isca - INFO - Restart /proj/bolinc/users/x_ryabo/Isca-Ryan_outputs/Earth_1860/restarts/res0041.tar.gz extracted to /home/x_ryabo/Isca-Ryan_tmp/experiment/Earth_1860/run/INPUT
2026-03-20 11:10:46,330 - isca - INFO - Beginning run 42
2026-03-20 11:10:46,346 - isca - INFO - process running as 95706
2026-03-20 11:10:46,346 - isca - DEBUG - loadmodules for Isca on NSC cluster Tetralith
2026-03-20 11:10:46,346 - isca - DEBUG - mpiifort
2026-03-20 11:10:46,482 - isca - DEBUG - The following modules were not unloaded:
2026-03-20 11:10:46,482 - isca - DEBUG - (Use "module --force purge" to unload all):
2026-03-20 11:10:46,482 - isca - DEBUG - 
2026-03-20 11:10:46,482 - isca - DEBUG - 1) hpc/.1.10.1
2026-03-20 11:10:46,589 - isca - DEBUG - ***************************************************
2026-03-20 11:10:46,589 - isca - DEBUG - You have loaded a buildenv module
2026-03-20 11:10:46,589 - isca - DEBUG - ***************************************************
2026-03-20 11:10:46,589 - isca - DEBUG - The buldenv-intel module makes available:
2026-03-20 11:10:46,589 - isca - DEBUG - - Compilers: icc, ifort, etc.
2026-03-20 11:10:46,589 - isca - DEBUG - - Mpi library with mpi-wrapped compilers: intel mpi with mpicc, mpifort, etc.
2026-03-20 11:10:46,589 - isca - DEBUG - - Numerical libraries: intel MKL
2026-03-20 11:10:46,589 - isca - DEBUG - 
2026-03-20 11:10:46,589 - isca - DEBUG - It also makes a set of dependency library modules available via
2026-03-20 11:10:46,589 - isca - DEBUG - the regular module command. Just do:
2026-03-20 11:10:46,589 - isca - DEBUG - module avail
2026-03-20 11:10:46,589 - isca - DEBUG - to see what is available.
2026-03-20 11:10:46,589 - isca - DEBUG - 
2026-03-20 11:10:46,589 - isca - DEBUG - NOTE: You shoud never load build environments inside submitted jobs.
2026-03-20 11:10:46,589 - isca - DEBUG - (with the single exception of when using supercomputer time to compile code.)
2026-03-20 11:10:46,589 - isca - DEBUG - 
2026-03-20 11:10:47,915 - isca - DEBUG - NOTE from PE    0: MPP_DOMAINS_SET_STACK_SIZE: stack size set to    32768.
2026-03-20 11:10:47,915 - isca - DEBUG - &MPP_IO_NML
2026-03-20 11:10:47,915 - isca - DEBUG - HEADER_BUFFER_VAL       =       16384,
2026-03-20 11:10:47,915 - isca - DEBUG - GLOBAL_FIELD_ON_ROOT_PE = T,
2026-03-20 11:10:47,915 - isca - DEBUG - IO_CLOCKS_ON    = F,
2026-03-20 11:10:47,915 - isca - DEBUG - SHUFFLE =           0,
2026-03-20 11:10:47,915 - isca - DEBUG - DEFLATE_LEVEL   =          -1
2026-03-20 11:10:47,915 - isca - DEBUG - /
2026-03-20 11:10:47,917 - isca - DEBUG - NOTE from PE    0: MPP_IO_SET_STACK_SIZE: stack size set to     131072.
2026-03-20 11:10:47,918 - isca - DEBUG - NOTE from PE    0: MPP_DOMAINS_SET_STACK_SIZE: stack size set to   600000.
2026-03-20 11:10:47,926 - isca - DEBUG - starting            1  OpenMP threads per MPI-task
2026-03-20 11:10:47,928 - isca - DEBUG - ATMOS MODEL DOMAIN DECOMPOSITION
2026-03-20 11:10:47,928 - isca - DEBUG - X-AXIS =  128
2026-03-20 11:10:47,928 - isca - DEBUG - Y-AXIS =    4   4   4   4   4   4   4   4   4   4   4   4   4   4   4   4
2026-03-20 11:10:47,977 - isca - DEBUG - NOTE from PE    0: cloud_simple: Using SimCloud cloud scheme
2026-03-20 11:10:47,978 - isca - DEBUG - NOTE from PE    0: ls_cloud: Using Sundqvist (1989) cloud fraction diagnostic formula.
2026-03-20 11:10:47,979 - isca - DEBUG - NOTE from PE    0: cloud_cover: The cloud overlap assumption is MAXIMUM-RANDOM
2026-03-20 11:10:47,979 - isca - DEBUG - NOTE from PE    0: idealized_moist_phys: Using Frierson Quasi-Equilibrium convection scheme.
2026-03-20 11:10:47,988 - isca - DEBUG - 
2026-03-20 11:10:47,988 - isca - WARNING - WARNING from PE    0: socrates_init: lw_hires_spectral_filename is unset, making equal to lw_spectral_filename
2026-03-20 11:10:47,988 - isca - DEBUG - 
2026-03-20 11:10:47,988 - isca - DEBUG - 
2026-03-20 11:10:47,988 - isca - WARNING - WARNING from PE    0: socrates_init: sw_hires_spectral_filename is unset, making equal to sw_spectral_filename
2026-03-20 11:10:47,988 - isca - DEBUG - 
2026-03-20 11:10:47,988 - isca - DEBUG - 
2026-03-20 11:10:47,988 - isca - WARNING - WARNING from PE    0: socrates_init: lw_hires_spectral_filename is unset, making equal to lw_spectral_filename
2026-03-20 11:10:47,988 - isca - DEBUG - 
2026-03-20 11:10:47,988 - isca - DEBUG - 
2026-03-20 11:10:47,988 - isca - WARNING - WARNING from PE    0: socrates_init: sw_hires_spectral_filename is unset, making equal to sw_spectral_filename
2026-03-20 11:10:47,988 - isca - DEBUG - 
2026-03-20 11:10:49,203 - isca - DEBUG - NOTE from PE    0: Interpolator: Using input file with no time dimension - ozone_1990_notime_zero.nc
2026-03-20 11:10:49,203 - isca - DEBUG - Initializing src field : ozone_1990
2026-03-20 11:10:49,204 - isca - DEBUG - 
2026-03-20 11:10:49,204 - isca - DEBUG - -----------------------------------
2026-03-20 11:10:49,204 - isca - DEBUG - ____                       _
2026-03-20 11:10:49,205 - isca - DEBUG - / ___|  ___   ___ _ __ __ _| |_ ___  ___
2026-03-20 11:10:49,205 - isca - DEBUG - \___ \ / _ \ / __|  __/ _` | __/ _ \/ __|
2026-03-20 11:10:49,205 - isca - DEBUG - ___) | (_) | (__| | | (_| | ||  __/\__ \
2026-03-20 11:10:49,205 - isca - DEBUG - |____/ \___/ \___|_|  \__,_|\__\___||___/
2026-03-20 11:10:49,205 - isca - DEBUG - 
2026-03-20 11:10:49,205 - isca - DEBUG - Initialised Socrates v17.03
2026-03-20 11:10:49,205 - isca - DEBUG - Stellar constant =    1860.00000000000
2026-03-20 11:10:49,205 - isca - DEBUG - Longwave spectral file =
2026-03-20 11:10:49,205 - isca - DEBUG - /proj/bolinc/users/x_ryabo/socrates_edited_for_isca/spectral_files_for_GCMs/Sun
2026-03-20 11:10:49,205 - isca - DEBUG - /miniSuran_lw.sf WITH           16  bands
2026-03-20 11:10:49,205 - isca - DEBUG - Longwave hires spectral file =
2026-03-20 11:10:49,205 - isca - DEBUG - /proj/bolinc/users/x_ryabo/socrates_edited_for_isca/spectral_files_for_GCMs/Sun
2026-03-20 11:10:49,205 - isca - DEBUG - /miniSuran_lw.sf WITH           16  bands
2026-03-20 11:10:49,205 - isca - DEBUG - Shortwave spectral file =
2026-03-20 11:10:49,205 - isca - DEBUG - /proj/bolinc/users/x_ryabo/socrates_edited_for_isca/spectral_files_for_GCMs/Sun
2026-03-20 11:10:49,205 - isca - DEBUG - /miniSuran_sw.sf WITH           16  bands
2026-03-20 11:10:49,205 - isca - DEBUG - Shortwave hires spectral file =
2026-03-20 11:10:49,205 - isca - DEBUG - /proj/bolinc/users/x_ryabo/socrates_edited_for_isca/spectral_files_for_GCMs/Sun
2026-03-20 11:10:49,205 - isca - DEBUG - /miniSuran_sw.sf WITH           16  bands
2026-03-20 11:10:49,205 - isca - DEBUG - 
2026-03-20 11:10:49,205 - isca - DEBUG - -----------------------------------
2026-03-20 11:10:49,205 - isca - DEBUG - 
2026-03-20 11:11:17,892 - isca - DEBUG - Integration completed through    4 Jun  2   0: 0: 0
2026-03-20 11:11:46,406 - isca - DEBUG - Integration completed through    4 Jun  3   0: 0: 0
2026-03-20 11:12:14,840 - isca - DEBUG - Integration completed through    4 Jun  4   0: 0: 0
2026-03-20 11:12:43,259 - isca - DEBUG - Integration completed through    4 Jun  5   0: 0: 0
2026-03-20 11:13:11,744 - isca - DEBUG - Integration completed through    4 Jun  6   0: 0: 0
2026-03-20 11:13:40,364 - isca - DEBUG - Integration completed through    4 Jun  7   0: 0: 0
2026-03-20 11:14:08,685 - isca - DEBUG - Integration completed through    4 Jun  8   0: 0: 0
2026-03-20 11:14:37,064 - isca - DEBUG - Integration completed through    4 Jun  9   0: 0: 0
2026-03-20 11:15:05,449 - isca - DEBUG - Integration completed through    4 Jun 10   0: 0: 0
2026-03-20 11:15:33,814 - isca - DEBUG - Integration completed through    4 Jun 11   0: 0: 0
2026-03-20 11:16:02,139 - isca - DEBUG - Integration completed through    4 Jun 12   0: 0: 0
2026-03-20 11:16:30,517 - isca - DEBUG - Integration completed through    4 Jun 13   0: 0: 0
2026-03-20 11:16:58,975 - isca - DEBUG - Integration completed through    4 Jun 14   0: 0: 0
2026-03-20 11:17:27,507 - isca - DEBUG - Integration completed through    4 Jun 15   0: 0: 0
2026-03-20 11:17:55,813 - isca - DEBUG - Integration completed through    4 Jun 16   0: 0: 0
2026-03-20 11:18:24,015 - isca - DEBUG - Integration completed through    4 Jun 17   0: 0: 0
2026-03-20 11:18:52,273 - isca - DEBUG - Integration completed through    4 Jun 18   0: 0: 0
2026-03-20 11:19:20,550 - isca - DEBUG - Integration completed through    4 Jun 19   0: 0: 0
2026-03-20 11:19:48,893 - isca - DEBUG - Integration completed through    4 Jun 20   0: 0: 0
2026-03-20 11:20:17,283 - isca - DEBUG - Integration completed through    4 Jun 21   0: 0: 0
2026-03-20 11:20:45,667 - isca - DEBUG - Integration completed through    4 Jun 22   0: 0: 0
2026-03-20 11:21:13,934 - isca - DEBUG - Integration completed through    4 Jun 23   0: 0: 0
2026-03-20 11:21:42,279 - isca - DEBUG - Integration completed through    4 Jun 24   0: 0: 0
2026-03-20 11:22:10,607 - isca - DEBUG - Integration completed through    4 Jun 25   0: 0: 0
2026-03-20 11:22:38,855 - isca - DEBUG - Integration completed through    4 Jun 26   0: 0: 0
2026-03-20 11:23:07,240 - isca - DEBUG - Integration completed through    4 Jun 27   0: 0: 0
2026-03-20 11:23:35,468 - isca - DEBUG - Integration completed through    4 Jun 28   0: 0: 0
2026-03-20 11:24:03,893 - isca - DEBUG - Integration completed through    4 Jun 29   0: 0: 0
2026-03-20 11:24:32,343 - isca - DEBUG - Integration completed through    4 Jun 30   0: 0: 0
2026-03-20 11:25:00,836 - isca - DEBUG - Integration completed through    4 Jul  1   0: 0: 0
2026-03-20 11:25:00,843 - isca - DEBUG - 
2026-03-20 11:25:00,843 - isca - WARNING - WARNING from PE    0: diag_util_mod::opening_file: module/field_name (socrates/soc_toa_sw_down_clr) NOT registered
2026-03-20 11:25:00,843 - isca - DEBUG - 
2026-03-20 11:25:00,843 - isca - DEBUG - 
2026-03-20 11:25:00,843 - isca - WARNING - WARNING from PE    0: diag_util_mod::opening_file: module/field_name (socrates/soc_toa_sw_down_clr) NOT registered
2026-03-20 11:25:00,844 - isca - DEBUG - 
2026-03-20 11:25:00,844 - isca - DEBUG - 
2026-03-20 11:25:00,844 - isca - WARNING - WARNING from PE    0: diag_util_mod::opening_file: module/field_name (cloud_simple/rh_min) NOT registered
2026-03-20 11:25:00,844 - isca - DEBUG - 
2026-03-20 11:25:00,844 - isca - DEBUG - 
2026-03-20 11:25:00,844 - isca - WARNING - WARNING from PE    0: diag_util_mod::opening_file: module/field_name (cloud_simple/rh_min) NOT registered
2026-03-20 11:25:00,844 - isca - DEBUG - 
2026-03-20 11:25:00,855 - isca - DEBUG - NOTE from PE    0: MPP_IO_SET_STACK_SIZE: stack size set to     393216.
2026-03-20 11:25:00,961 - isca - DEBUG - MPP_DOMAINS_STACK high water mark=       49152
2026-03-20 11:25:00,962 - isca - DEBUG - 
2026-03-20 11:25:00,962 - isca - DEBUG - Tabulating mpp_clock statistics across     16 PEs...
2026-03-20 11:25:00,962 - isca - DEBUG - 
2026-03-20 11:25:00,962 - isca - DEBUG - tmin          tmax          tavg          tstd  tfrac grain pemin pemax
2026-03-20 11:25:00,962 - isca - DEBUG - Total runtime                       853.044586    853.049957    853.047200      0.001501  1.000     0     0    15
2026-03-20 11:25:00,962 - isca - DEBUG - MPP_STACK high water mark=           0
2026-03-20 11:25:01,088 - isca - INFO - Run 42 complete
2026-03-20 11:25:02,031 - isca - DEBUG - atmos_monthly.nc combined and copied to data directory
2026-03-20 11:25:05,272 - isca - INFO - Restart archive created at /proj/bolinc/users/x_ryabo/Isca-Ryan_outputs/Earth_1860/restarts/res0042.tar.gz
2026-03-20 11:25:05,284 - isca - INFO - Writing namelist to '/proj/bolinc/users/x_ryabo/Isca-Ryan_outputs/Earth_1860/run0042/input.nml'
2026-03-20 11:25:05,286 - isca - INFO - Writing field_table to '/proj/bolinc/users/x_ryabo/Isca-Ryan_outputs/Earth_1860/run0042/field_table'
2026-03-20 11:25:05,297 - isca - INFO - Writing diag_table to '/proj/bolinc/users/x_ryabo/Isca-Ryan_outputs/Earth_1860/run0042/diag_table'
2026-03-20 11:25:05,660 - isca - INFO - Emptied run directory '/home/x_ryabo/Isca-Ryan_tmp/experiment/Earth_1860/run'
2026-03-20 11:25:05,680 - isca - INFO - Emptied run directory '/home/x_ryabo/Isca-Ryan_tmp/experiment/Earth_1860/run'
2026-03-20 11:25:06,009 - isca - INFO - Writing namelist to '/home/x_ryabo/Isca-Ryan_tmp/experiment/Earth_1860/run/input.nml'
2026-03-20 11:25:06,011 - isca - INFO - Writing field_table to '/home/x_ryabo/Isca-Ryan_tmp/experiment/Earth_1860/run/field_table'
2026-03-20 11:25:06,023 - isca - INFO - Writing diag_table to '/home/x_ryabo/Isca-Ryan_tmp/experiment/Earth_1860/run/diag_table'
2026-03-20 11:25:06,036 - isca - INFO - Using restart file '/proj/bolinc/users/x_ryabo/Isca-Ryan_outputs/Earth_1860/restarts/res0042.tar.gz'
2026-03-20 11:25:06,453 - isca - INFO - Restart /proj/bolinc/users/x_ryabo/Isca-Ryan_outputs/Earth_1860/restarts/res0042.tar.gz extracted to /home/x_ryabo/Isca-Ryan_tmp/experiment/Earth_1860/run/INPUT
2026-03-20 11:25:06,454 - isca - INFO - Beginning run 43
2026-03-20 11:25:06,466 - isca - INFO - process running as 96553
2026-03-20 11:25:06,466 - isca - DEBUG - loadmodules for Isca on NSC cluster Tetralith
2026-03-20 11:25:06,466 - isca - DEBUG - mpiifort
2026-03-20 11:25:06,579 - isca - DEBUG - The following modules were not unloaded:
2026-03-20 11:25:06,579 - isca - DEBUG - (Use "module --force purge" to unload all):
2026-03-20 11:25:06,579 - isca - DEBUG - 
2026-03-20 11:25:06,579 - isca - DEBUG - 1) hpc/.1.10.1
2026-03-20 11:25:06,683 - isca - DEBUG - ***************************************************
2026-03-20 11:25:06,683 - isca - DEBUG - You have loaded a buildenv module
2026-03-20 11:25:06,683 - isca - DEBUG - ***************************************************
2026-03-20 11:25:06,683 - isca - DEBUG - The buldenv-intel module makes available:
2026-03-20 11:25:06,683 - isca - DEBUG - - Compilers: icc, ifort, etc.
2026-03-20 11:25:06,683 - isca - DEBUG - - Mpi library with mpi-wrapped compilers: intel mpi with mpicc, mpifort, etc.
2026-03-20 11:25:06,683 - isca - DEBUG - - Numerical libraries: intel MKL
2026-03-20 11:25:06,683 - isca - DEBUG - 
2026-03-20 11:25:06,683 - isca - DEBUG - It also makes a set of dependency library modules available via
2026-03-20 11:25:06,683 - isca - DEBUG - the regular module command. Just do:
2026-03-20 11:25:06,683 - isca - DEBUG - module avail
2026-03-20 11:25:06,683 - isca - DEBUG - to see what is available.
2026-03-20 11:25:06,683 - isca - DEBUG - 
2026-03-20 11:25:06,683 - isca - DEBUG - NOTE: You shoud never load build environments inside submitted jobs.
2026-03-20 11:25:06,683 - isca - DEBUG - (with the single exception of when using supercomputer time to compile code.)
2026-03-20 11:25:06,683 - isca - DEBUG - 
2026-03-20 11:25:08,682 - isca - DEBUG - NOTE from PE    0: MPP_DOMAINS_SET_STACK_SIZE: stack size set to    32768.
2026-03-20 11:25:08,682 - isca - DEBUG - &MPP_IO_NML
2026-03-20 11:25:08,682 - isca - DEBUG - HEADER_BUFFER_VAL       =       16384,
2026-03-20 11:25:08,682 - isca - DEBUG - GLOBAL_FIELD_ON_ROOT_PE = T,
2026-03-20 11:25:08,682 - isca - DEBUG - IO_CLOCKS_ON    = F,
2026-03-20 11:25:08,682 - isca - DEBUG - SHUFFLE =           0,
2026-03-20 11:25:08,682 - isca - DEBUG - DEFLATE_LEVEL   =          -1
2026-03-20 11:25:08,683 - isca - DEBUG - /
2026-03-20 11:25:08,684 - isca - DEBUG - NOTE from PE    0: MPP_IO_SET_STACK_SIZE: stack size set to     131072.
2026-03-20 11:25:08,685 - isca - DEBUG - NOTE from PE    0: MPP_DOMAINS_SET_STACK_SIZE: stack size set to   600000.
2026-03-20 11:25:08,692 - isca - DEBUG - starting            1  OpenMP threads per MPI-task
2026-03-20 11:25:08,694 - isca - DEBUG - ATMOS MODEL DOMAIN DECOMPOSITION
2026-03-20 11:25:08,694 - isca - DEBUG - X-AXIS =  128
2026-03-20 11:25:08,694 - isca - DEBUG - Y-AXIS =    4   4   4   4   4   4   4   4   4   4   4   4   4   4   4   4
2026-03-20 11:25:08,744 - isca - DEBUG - NOTE from PE    0: cloud_simple: Using SimCloud cloud scheme
2026-03-20 11:25:08,745 - isca - DEBUG - NOTE from PE    0: ls_cloud: Using Sundqvist (1989) cloud fraction diagnostic formula.
2026-03-20 11:25:08,745 - isca - DEBUG - NOTE from PE    0: cloud_cover: The cloud overlap assumption is MAXIMUM-RANDOM
2026-03-20 11:25:08,745 - isca - DEBUG - NOTE from PE    0: idealized_moist_phys: Using Frierson Quasi-Equilibrium convection scheme.
2026-03-20 11:25:08,754 - isca - DEBUG - 
2026-03-20 11:25:08,754 - isca - WARNING - WARNING from PE    0: socrates_init: lw_hires_spectral_filename is unset, making equal to lw_spectral_filename
2026-03-20 11:25:08,754 - isca - DEBUG - 
2026-03-20 11:25:08,754 - isca - DEBUG - 
2026-03-20 11:25:08,754 - isca - WARNING - WARNING from PE    0: socrates_init: lw_hires_spectral_filename is unset, making equal to lw_spectral_filename
2026-03-20 11:25:08,754 - isca - DEBUG - 
2026-03-20 11:25:08,754 - isca - DEBUG - 
2026-03-20 11:25:08,754 - isca - WARNING - WARNING from PE    0: socrates_init: sw_hires_spectral_filename is unset, making equal to sw_spectral_filename
2026-03-20 11:25:08,754 - isca - DEBUG - 
2026-03-20 11:25:08,754 - isca - DEBUG - 
2026-03-20 11:25:08,755 - isca - WARNING - WARNING from PE    0: socrates_init: sw_hires_spectral_filename is unset, making equal to sw_spectral_filename
2026-03-20 11:25:08,755 - isca - DEBUG - 
2026-03-20 11:25:09,937 - isca - DEBUG - NOTE from PE    0: Interpolator: Using input file with no time dimension - ozone_1990_notime_zero.nc
2026-03-20 11:25:09,937 - isca - DEBUG - Initializing src field : ozone_1990
2026-03-20 11:25:09,938 - isca - DEBUG - 
2026-03-20 11:25:09,938 - isca - DEBUG - -----------------------------------
2026-03-20 11:25:09,938 - isca - DEBUG - ____                       _
2026-03-20 11:25:09,939 - isca - DEBUG - / ___|  ___   ___ _ __ __ _| |_ ___  ___
2026-03-20 11:25:09,939 - isca - DEBUG - \___ \ / _ \ / __|  __/ _` | __/ _ \/ __|
2026-03-20 11:25:09,939 - isca - DEBUG - ___) | (_) | (__| | | (_| | ||  __/\__ \
2026-03-20 11:25:09,939 - isca - DEBUG - |____/ \___/ \___|_|  \__,_|\__\___||___/
2026-03-20 11:25:09,939 - isca - DEBUG - 
2026-03-20 11:25:09,939 - isca - DEBUG - Initialised Socrates v17.03
2026-03-20 11:25:09,939 - isca - DEBUG - Stellar constant =    1860.00000000000
2026-03-20 11:25:09,939 - isca - DEBUG - Longwave spectral file =
2026-03-20 11:25:09,939 - isca - DEBUG - /proj/bolinc/users/x_ryabo/socrates_edited_for_isca/spectral_files_for_GCMs/Sun
2026-03-20 11:25:09,939 - isca - DEBUG - /miniSuran_lw.sf WITH           16  bands
2026-03-20 11:25:09,939 - isca - DEBUG - Longwave hires spectral file =
2026-03-20 11:25:09,939 - isca - DEBUG - /proj/bolinc/users/x_ryabo/socrates_edited_for_isca/spectral_files_for_GCMs/Sun
2026-03-20 11:25:09,939 - isca - DEBUG - /miniSuran_lw.sf WITH           16  bands
2026-03-20 11:25:09,939 - isca - DEBUG - Shortwave spectral file =
2026-03-20 11:25:09,939 - isca - DEBUG - /proj/bolinc/users/x_ryabo/socrates_edited_for_isca/spectral_files_for_GCMs/Sun
2026-03-20 11:25:09,939 - isca - DEBUG - /miniSuran_sw.sf WITH           16  bands
2026-03-20 11:25:09,939 - isca - DEBUG - Shortwave hires spectral file =
2026-03-20 11:25:09,939 - isca - DEBUG - /proj/bolinc/users/x_ryabo/socrates_edited_for_isca/spectral_files_for_GCMs/Sun
2026-03-20 11:25:09,939 - isca - DEBUG - /miniSuran_sw.sf WITH           16  bands
2026-03-20 11:25:09,939 - isca - DEBUG - 
2026-03-20 11:25:09,939 - isca - DEBUG - -----------------------------------
2026-03-20 11:25:09,939 - isca - DEBUG - 
2026-03-20 11:25:38,778 - isca - DEBUG - Integration completed through    4 Jul  2   0: 0: 0
2026-03-20 11:26:07,235 - isca - DEBUG - Integration completed through    4 Jul  3   0: 0: 0
2026-03-20 11:26:35,540 - isca - DEBUG - Integration completed through    4 Jul  4   0: 0: 0
2026-03-20 11:27:03,850 - isca - DEBUG - Integration completed through    4 Jul  5   0: 0: 0
2026-03-20 11:27:32,124 - isca - DEBUG - Integration completed through    4 Jul  6   0: 0: 0
2026-03-20 11:28:00,442 - isca - DEBUG - Integration completed through    4 Jul  7   0: 0: 0
2026-03-20 11:28:28,884 - isca - DEBUG - Integration completed through    4 Jul  8   0: 0: 0
2026-03-20 11:28:57,340 - isca - DEBUG - Integration completed through    4 Jul  9   0: 0: 0
2026-03-20 11:29:25,771 - isca - DEBUG - Integration completed through    4 Jul 10   0: 0: 0
2026-03-20 11:29:54,149 - isca - DEBUG - Integration completed through    4 Jul 11   0: 0: 0
2026-03-20 11:30:22,558 - isca - DEBUG - Integration completed through    4 Jul 12   0: 0: 0
2026-03-20 11:30:50,889 - isca - DEBUG - Integration completed through    4 Jul 13   0: 0: 0
2026-03-20 11:31:19,224 - isca - DEBUG - Integration completed through    4 Jul 14   0: 0: 0
2026-03-20 11:31:47,485 - isca - DEBUG - Integration completed through    4 Jul 15   0: 0: 0
2026-03-20 11:32:15,773 - isca - DEBUG - Integration completed through    4 Jul 16   0: 0: 0
2026-03-20 11:32:44,048 - isca - DEBUG - Integration completed through    4 Jul 17   0: 0: 0
2026-03-20 11:33:12,418 - isca - DEBUG - Integration completed through    4 Jul 18   0: 0: 0
2026-03-20 11:33:40,775 - isca - DEBUG - Integration completed through    4 Jul 19   0: 0: 0
2026-03-20 11:34:09,220 - isca - DEBUG - Integration completed through    4 Jul 20   0: 0: 0
2026-03-20 11:34:37,086 - isca - DEBUG - Integration completed through    4 Jul 21   0: 0: 0
2026-03-20 11:35:04,750 - isca - DEBUG - Integration completed through    4 Jul 22   0: 0: 0
2026-03-20 11:35:32,409 - isca - DEBUG - Integration completed through    4 Jul 23   0: 0: 0
2026-03-20 11:36:00,028 - isca - DEBUG - Integration completed through    4 Jul 24   0: 0: 0
2026-03-20 11:36:27,695 - isca - DEBUG - Integration completed through    4 Jul 25   0: 0: 0
2026-03-20 11:36:55,329 - isca - DEBUG - Integration completed through    4 Jul 26   0: 0: 0
2026-03-20 11:37:23,036 - isca - DEBUG - Integration completed through    4 Jul 27   0: 0: 0
2026-03-20 11:37:50,735 - isca - DEBUG - Integration completed through    4 Jul 28   0: 0: 0
2026-03-20 11:38:18,527 - isca - DEBUG - Integration completed through    4 Jul 29   0: 0: 0
2026-03-20 11:38:46,205 - isca - DEBUG - Integration completed through    4 Jul 30   0: 0: 0
2026-03-20 11:39:14,049 - isca - DEBUG - Integration completed through    4 Aug  1   0: 0: 0
2026-03-20 11:39:14,054 - isca - DEBUG - 
2026-03-20 11:39:14,055 - isca - WARNING - WARNING from PE    0: diag_util_mod::opening_file: module/field_name (socrates/soc_toa_sw_down_clr) NOT registered
2026-03-20 11:39:14,055 - isca - DEBUG - 
2026-03-20 11:39:14,055 - isca - DEBUG - 
2026-03-20 11:39:14,055 - isca - WARNING - WARNING from PE    0: diag_util_mod::opening_file: module/field_name (cloud_simple/rh_min) NOT registered
2026-03-20 11:39:14,055 - isca - DEBUG - 
2026-03-20 11:39:14,055 - isca - DEBUG - 
2026-03-20 11:39:14,055 - isca - WARNING - WARNING from PE    0: diag_util_mod::opening_file: module/field_name (socrates/soc_toa_sw_down_clr) NOT registered
2026-03-20 11:39:14,055 - isca - DEBUG - 
2026-03-20 11:39:14,055 - isca - DEBUG - 
2026-03-20 11:39:14,055 - isca - WARNING - WARNING from PE    0: diag_util_mod::opening_file: module/field_name (cloud_simple/rh_min) NOT registered
2026-03-20 11:39:14,055 - isca - DEBUG - 
2026-03-20 11:39:14,065 - isca - DEBUG - NOTE from PE    0: MPP_IO_SET_STACK_SIZE: stack size set to     393216.
2026-03-20 11:39:14,183 - isca - DEBUG - MPP_DOMAINS_STACK high water mark=       49152
2026-03-20 11:39:14,184 - isca - DEBUG - 
2026-03-20 11:39:14,184 - isca - DEBUG - Tabulating mpp_clock statistics across     16 PEs...
2026-03-20 11:39:14,184 - isca - DEBUG - 
2026-03-20 11:39:14,184 - isca - DEBUG - tmin          tmax          tavg          tstd  tfrac grain pemin pemax
2026-03-20 11:39:14,184 - isca - DEBUG - Total runtime                       845.501210    845.504715    845.502913      0.001034  1.000     0     0    15
2026-03-20 11:39:14,184 - isca - DEBUG - MPP_STACK high water mark=           0
2026-03-20 11:39:14,284 - isca - INFO - Run 43 complete
2026-03-20 11:39:15,173 - isca - DEBUG - atmos_monthly.nc combined and copied to data directory
2026-03-20 11:39:18,386 - isca - INFO - Restart archive created at /proj/bolinc/users/x_ryabo/Isca-Ryan_outputs/Earth_1860/restarts/res0043.tar.gz
2026-03-20 11:39:18,399 - isca - INFO - Writing namelist to '/proj/bolinc/users/x_ryabo/Isca-Ryan_outputs/Earth_1860/run0043/input.nml'
2026-03-20 11:39:18,401 - isca - INFO - Writing field_table to '/proj/bolinc/users/x_ryabo/Isca-Ryan_outputs/Earth_1860/run0043/field_table'
2026-03-20 11:39:18,412 - isca - INFO - Writing diag_table to '/proj/bolinc/users/x_ryabo/Isca-Ryan_outputs/Earth_1860/run0043/diag_table'
2026-03-20 11:39:18,761 - isca - INFO - Emptied run directory '/home/x_ryabo/Isca-Ryan_tmp/experiment/Earth_1860/run'
2026-03-20 11:39:18,784 - isca - INFO - Emptied run directory '/home/x_ryabo/Isca-Ryan_tmp/experiment/Earth_1860/run'
2026-03-20 11:39:19,111 - isca - INFO - Writing namelist to '/home/x_ryabo/Isca-Ryan_tmp/experiment/Earth_1860/run/input.nml'
2026-03-20 11:39:19,113 - isca - INFO - Writing field_table to '/home/x_ryabo/Isca-Ryan_tmp/experiment/Earth_1860/run/field_table'
2026-03-20 11:39:19,125 - isca - INFO - Writing diag_table to '/home/x_ryabo/Isca-Ryan_tmp/experiment/Earth_1860/run/diag_table'
2026-03-20 11:39:19,152 - isca - INFO - Using restart file '/proj/bolinc/users/x_ryabo/Isca-Ryan_outputs/Earth_1860/restarts/res0043.tar.gz'
2026-03-20 11:39:19,564 - isca - INFO - Restart /proj/bolinc/users/x_ryabo/Isca-Ryan_outputs/Earth_1860/restarts/res0043.tar.gz extracted to /home/x_ryabo/Isca-Ryan_tmp/experiment/Earth_1860/run/INPUT
2026-03-20 11:39:19,565 - isca - INFO - Beginning run 44
2026-03-20 11:39:19,577 - isca - INFO - process running as 97552
2026-03-20 11:39:19,577 - isca - DEBUG - loadmodules for Isca on NSC cluster Tetralith
2026-03-20 11:39:19,577 - isca - DEBUG - mpiifort
2026-03-20 11:39:19,690 - isca - DEBUG - The following modules were not unloaded:
2026-03-20 11:39:19,690 - isca - DEBUG - (Use "module --force purge" to unload all):
2026-03-20 11:39:19,690 - isca - DEBUG - 
2026-03-20 11:39:19,690 - isca - DEBUG - 1) hpc/.1.10.1
2026-03-20 11:39:19,795 - isca - DEBUG - ***************************************************
2026-03-20 11:39:19,795 - isca - DEBUG - You have loaded a buildenv module
2026-03-20 11:39:19,795 - isca - DEBUG - ***************************************************
2026-03-20 11:39:19,795 - isca - DEBUG - The buldenv-intel module makes available:
2026-03-20 11:39:19,795 - isca - DEBUG - - Compilers: icc, ifort, etc.
2026-03-20 11:39:19,795 - isca - DEBUG - - Mpi library with mpi-wrapped compilers: intel mpi with mpicc, mpifort, etc.
2026-03-20 11:39:19,795 - isca - DEBUG - - Numerical libraries: intel MKL
2026-03-20 11:39:19,795 - isca - DEBUG - 
2026-03-20 11:39:19,795 - isca - DEBUG - It also makes a set of dependency library modules available via
2026-03-20 11:39:19,795 - isca - DEBUG - the regular module command. Just do:
2026-03-20 11:39:19,795 - isca - DEBUG - module avail
2026-03-20 11:39:19,795 - isca - DEBUG - to see what is available.
2026-03-20 11:39:19,795 - isca - DEBUG - 
2026-03-20 11:39:19,795 - isca - DEBUG - NOTE: You shoud never load build environments inside submitted jobs.
2026-03-20 11:39:19,795 - isca - DEBUG - (with the single exception of when using supercomputer time to compile code.)
2026-03-20 11:39:19,795 - isca - DEBUG - 
2026-03-20 11:39:22,937 - isca - DEBUG - NOTE from PE    0: MPP_DOMAINS_SET_STACK_SIZE: stack size set to    32768.
2026-03-20 11:39:22,937 - isca - DEBUG - &MPP_IO_NML
2026-03-20 11:39:22,937 - isca - DEBUG - HEADER_BUFFER_VAL       =       16384,
2026-03-20 11:39:22,937 - isca - DEBUG - GLOBAL_FIELD_ON_ROOT_PE = T,
2026-03-20 11:39:22,937 - isca - DEBUG - IO_CLOCKS_ON    = F,
2026-03-20 11:39:22,937 - isca - DEBUG - SHUFFLE =           0,
2026-03-20 11:39:22,937 - isca - DEBUG - DEFLATE_LEVEL   =          -1
2026-03-20 11:39:22,937 - isca - DEBUG - /
2026-03-20 11:39:22,939 - isca - DEBUG - NOTE from PE    0: MPP_IO_SET_STACK_SIZE: stack size set to     131072.
2026-03-20 11:39:22,939 - isca - DEBUG - NOTE from PE    0: MPP_DOMAINS_SET_STACK_SIZE: stack size set to   600000.
2026-03-20 11:39:22,947 - isca - DEBUG - starting            1  OpenMP threads per MPI-task
2026-03-20 11:39:22,949 - isca - DEBUG - ATMOS MODEL DOMAIN DECOMPOSITION
2026-03-20 11:39:22,949 - isca - DEBUG - X-AXIS =  128
2026-03-20 11:39:22,949 - isca - DEBUG - Y-AXIS =    4   4   4   4   4   4   4   4   4   4   4   4   4   4   4   4
2026-03-20 11:39:22,997 - isca - DEBUG - NOTE from PE    0: cloud_simple: Using SimCloud cloud scheme
2026-03-20 11:39:22,998 - isca - DEBUG - NOTE from PE    0: ls_cloud: Using Sundqvist (1989) cloud fraction diagnostic formula.
2026-03-20 11:39:22,998 - isca - DEBUG - NOTE from PE    0: cloud_cover: The cloud overlap assumption is MAXIMUM-RANDOM
2026-03-20 11:39:22,998 - isca - DEBUG - NOTE from PE    0: idealized_moist_phys: Using Frierson Quasi-Equilibrium convection scheme.
2026-03-20 11:39:23,007 - isca - DEBUG - 
2026-03-20 11:39:23,007 - isca - WARNING - WARNING from PE    0: socrates_init: lw_hires_spectral_filename is unset, making equal to lw_spectral_filename
2026-03-20 11:39:23,007 - isca - DEBUG - 
2026-03-20 11:39:23,007 - isca - DEBUG - 
2026-03-20 11:39:23,007 - isca - WARNING - WARNING from PE    0: socrates_init: sw_hires_spectral_filename is unset, making equal to sw_spectral_filename
2026-03-20 11:39:23,007 - isca - DEBUG - 
2026-03-20 11:39:23,007 - isca - DEBUG - 
2026-03-20 11:39:23,007 - isca - WARNING - WARNING from PE    0: socrates_init: lw_hires_spectral_filename is unset, making equal to lw_spectral_filename
2026-03-20 11:39:23,007 - isca - DEBUG - 
2026-03-20 11:39:23,007 - isca - DEBUG - 
2026-03-20 11:39:23,007 - isca - WARNING - WARNING from PE    0: socrates_init: sw_hires_spectral_filename is unset, making equal to sw_spectral_filename
2026-03-20 11:39:23,007 - isca - DEBUG - 
2026-03-20 11:39:24,160 - isca - DEBUG - NOTE from PE    0: Interpolator: Using input file with no time dimension - ozone_1990_notime_zero.nc
2026-03-20 11:39:24,160 - isca - DEBUG - Initializing src field : ozone_1990
2026-03-20 11:39:24,162 - isca - DEBUG - 
2026-03-20 11:39:24,162 - isca - DEBUG - -----------------------------------
2026-03-20 11:39:24,162 - isca - DEBUG - ____                       _
2026-03-20 11:39:24,162 - isca - DEBUG - / ___|  ___   ___ _ __ __ _| |_ ___  ___
2026-03-20 11:39:24,162 - isca - DEBUG - \___ \ / _ \ / __|  __/ _` | __/ _ \/ __|
2026-03-20 11:39:24,162 - isca - DEBUG - ___) | (_) | (__| | | (_| | ||  __/\__ \
2026-03-20 11:39:24,163 - isca - DEBUG - |____/ \___/ \___|_|  \__,_|\__\___||___/
2026-03-20 11:39:24,163 - isca - DEBUG - 
2026-03-20 11:39:24,163 - isca - DEBUG - Initialised Socrates v17.03
2026-03-20 11:39:24,163 - isca - DEBUG - Stellar constant =    1860.00000000000
2026-03-20 11:39:24,163 - isca - DEBUG - Longwave spectral file =
2026-03-20 11:39:24,163 - isca - DEBUG - /proj/bolinc/users/x_ryabo/socrates_edited_for_isca/spectral_files_for_GCMs/Sun
2026-03-20 11:39:24,163 - isca - DEBUG - /miniSuran_lw.sf WITH           16  bands
2026-03-20 11:39:24,163 - isca - DEBUG - Longwave hires spectral file =
2026-03-20 11:39:24,163 - isca - DEBUG - /proj/bolinc/users/x_ryabo/socrates_edited_for_isca/spectral_files_for_GCMs/Sun
2026-03-20 11:39:24,163 - isca - DEBUG - /miniSuran_lw.sf WITH           16  bands
2026-03-20 11:39:24,163 - isca - DEBUG - Shortwave spectral file =
2026-03-20 11:39:24,163 - isca - DEBUG - /proj/bolinc/users/x_ryabo/socrates_edited_for_isca/spectral_files_for_GCMs/Sun
2026-03-20 11:39:24,163 - isca - DEBUG - /miniSuran_sw.sf WITH           16  bands
2026-03-20 11:39:24,163 - isca - DEBUG - Shortwave hires spectral file =
2026-03-20 11:39:24,163 - isca - DEBUG - /proj/bolinc/users/x_ryabo/socrates_edited_for_isca/spectral_files_for_GCMs/Sun
2026-03-20 11:39:24,163 - isca - DEBUG - /miniSuran_sw.sf WITH           16  bands
2026-03-20 11:39:24,163 - isca - DEBUG - 
2026-03-20 11:39:24,163 - isca - DEBUG - -----------------------------------
2026-03-20 11:39:24,163 - isca - DEBUG - 
2026-03-20 11:39:52,053 - isca - DEBUG - Integration completed through    4 Aug  2   0: 0: 0
2026-03-20 11:40:19,815 - isca - DEBUG - Integration completed through    4 Aug  3   0: 0: 0
2026-03-20 11:40:47,566 - isca - DEBUG - Integration completed through    4 Aug  4   0: 0: 0
2026-03-20 11:41:15,308 - isca - DEBUG - Integration completed through    4 Aug  5   0: 0: 0
2026-03-20 11:41:43,014 - isca - DEBUG - Integration completed through    4 Aug  6   0: 0: 0
2026-03-20 11:42:10,710 - isca - DEBUG - Integration completed through    4 Aug  7   0: 0: 0
2026-03-20 11:42:38,415 - isca - DEBUG - Integration completed through    4 Aug  8   0: 0: 0
2026-03-20 11:43:06,068 - isca - DEBUG - Integration completed through    4 Aug  9   0: 0: 0
2026-03-20 11:43:33,719 - isca - DEBUG - Integration completed through    4 Aug 10   0: 0: 0
2026-03-20 11:44:01,383 - isca - DEBUG - Integration completed through    4 Aug 11   0: 0: 0
2026-03-20 11:44:29,113 - isca - DEBUG - Integration completed through    4 Aug 12   0: 0: 0
2026-03-20 11:44:56,681 - isca - DEBUG - Integration completed through    4 Aug 13   0: 0: 0
2026-03-20 11:45:24,308 - isca - DEBUG - Integration completed through    4 Aug 14   0: 0: 0
2026-03-20 11:45:51,864 - isca - DEBUG - Integration completed through    4 Aug 15   0: 0: 0
2026-03-20 11:46:19,472 - isca - DEBUG - Integration completed through    4 Aug 16   0: 0: 0
2026-03-20 11:46:47,087 - isca - DEBUG - Integration completed through    4 Aug 17   0: 0: 0
2026-03-20 11:47:14,677 - isca - DEBUG - Integration completed through    4 Aug 18   0: 0: 0
2026-03-20 11:47:42,183 - isca - DEBUG - Integration completed through    4 Aug 19   0: 0: 0
2026-03-20 11:48:09,771 - isca - DEBUG - Integration completed through    4 Aug 20   0: 0: 0
2026-03-20 11:48:37,623 - isca - DEBUG - Integration completed through    4 Aug 21   0: 0: 0
2026-03-20 11:49:05,428 - isca - DEBUG - Integration completed through    4 Aug 22   0: 0: 0
2026-03-20 11:49:33,289 - isca - DEBUG - Integration completed through    4 Aug 23   0: 0: 0
2026-03-20 11:50:00,785 - isca - DEBUG - Integration completed through    4 Aug 24   0: 0: 0
2026-03-20 11:50:28,254 - isca - DEBUG - Integration completed through    4 Aug 25   0: 0: 0
2026-03-20 11:50:55,764 - isca - DEBUG - Integration completed through    4 Aug 26   0: 0: 0
2026-03-20 11:51:23,601 - isca - DEBUG - Integration completed through    4 Aug 27   0: 0: 0
2026-03-20 11:51:51,539 - isca - DEBUG - Integration completed through    4 Aug 28   0: 0: 0
2026-03-20 11:52:19,384 - isca - DEBUG - Integration completed through    4 Aug 29   0: 0: 0
2026-03-20 11:52:47,139 - isca - DEBUG - Integration completed through    4 Aug 30   0: 0: 0
2026-03-20 11:53:14,744 - isca - DEBUG - Integration completed through    4 Sep  1   0: 0: 0
2026-03-20 11:53:14,751 - isca - DEBUG - 
2026-03-20 11:53:14,751 - isca - WARNING - WARNING from PE    0: diag_util_mod::opening_file: module/field_name (socrates/soc_toa_sw_down_clr) NOT registered
2026-03-20 11:53:14,751 - isca - DEBUG - 
2026-03-20 11:53:14,751 - isca - DEBUG - 
2026-03-20 11:53:14,751 - isca - WARNING - WARNING from PE    0: diag_util_mod::opening_file: module/field_name (cloud_simple/rh_min) NOT registered
2026-03-20 11:53:14,751 - isca - DEBUG - 
2026-03-20 11:53:14,751 - isca - DEBUG - 
2026-03-20 11:53:14,751 - isca - WARNING - WARNING from PE    0: diag_util_mod::opening_file: module/field_name (socrates/soc_toa_sw_down_clr) NOT registered
2026-03-20 11:53:14,752 - isca - DEBUG - 
2026-03-20 11:53:14,752 - isca - DEBUG - 
2026-03-20 11:53:14,752 - isca - WARNING - WARNING from PE    0: diag_util_mod::opening_file: module/field_name (cloud_simple/rh_min) NOT registered
2026-03-20 11:53:14,752 - isca - DEBUG - 
2026-03-20 11:53:14,762 - isca - DEBUG - NOTE from PE    0: MPP_IO_SET_STACK_SIZE: stack size set to     393216.
2026-03-20 11:53:15,475 - isca - DEBUG - MPP_DOMAINS_STACK high water mark=       49152
2026-03-20 11:53:15,475 - isca - DEBUG - 
2026-03-20 11:53:15,476 - isca - DEBUG - Tabulating mpp_clock statistics across     16 PEs...
2026-03-20 11:53:15,476 - isca - DEBUG - 
2026-03-20 11:53:15,476 - isca - DEBUG - tmin          tmax          tavg          tstd  tfrac grain pemin pemax
2026-03-20 11:53:15,476 - isca - DEBUG - Total runtime                       832.537352    832.541983    832.539796      0.001464  1.000     0     0    15
2026-03-20 11:53:15,476 - isca - DEBUG - MPP_STACK high water mark=           0
2026-03-20 11:53:15,592 - isca - INFO - Run 44 complete
2026-03-20 11:53:16,685 - isca - DEBUG - atmos_monthly.nc combined and copied to data directory
2026-03-20 11:53:20,068 - isca - INFO - Restart archive created at /proj/bolinc/users/x_ryabo/Isca-Ryan_outputs/Earth_1860/restarts/res0044.tar.gz
2026-03-20 11:53:20,080 - isca - INFO - Writing namelist to '/proj/bolinc/users/x_ryabo/Isca-Ryan_outputs/Earth_1860/run0044/input.nml'
2026-03-20 11:53:20,082 - isca - INFO - Writing field_table to '/proj/bolinc/users/x_ryabo/Isca-Ryan_outputs/Earth_1860/run0044/field_table'
2026-03-20 11:53:20,093 - isca - INFO - Writing diag_table to '/proj/bolinc/users/x_ryabo/Isca-Ryan_outputs/Earth_1860/run0044/diag_table'
2026-03-20 11:53:20,447 - isca - INFO - Emptied run directory '/home/x_ryabo/Isca-Ryan_tmp/experiment/Earth_1860/run'
2026-03-20 11:53:20,467 - isca - INFO - Emptied run directory '/home/x_ryabo/Isca-Ryan_tmp/experiment/Earth_1860/run'
2026-03-20 11:53:20,793 - isca - INFO - Writing namelist to '/home/x_ryabo/Isca-Ryan_tmp/experiment/Earth_1860/run/input.nml'
2026-03-20 11:53:20,795 - isca - INFO - Writing field_table to '/home/x_ryabo/Isca-Ryan_tmp/experiment/Earth_1860/run/field_table'
2026-03-20 11:53:20,807 - isca - INFO - Writing diag_table to '/home/x_ryabo/Isca-Ryan_tmp/experiment/Earth_1860/run/diag_table'
2026-03-20 11:53:20,821 - isca - INFO - Using restart file '/proj/bolinc/users/x_ryabo/Isca-Ryan_outputs/Earth_1860/restarts/res0044.tar.gz'
2026-03-20 11:53:21,232 - isca - INFO - Restart /proj/bolinc/users/x_ryabo/Isca-Ryan_outputs/Earth_1860/restarts/res0044.tar.gz extracted to /home/x_ryabo/Isca-Ryan_tmp/experiment/Earth_1860/run/INPUT
2026-03-20 11:53:21,232 - isca - INFO - Beginning run 45
2026-03-20 11:53:21,244 - isca - INFO - process running as 98375
2026-03-20 11:53:21,244 - isca - DEBUG - loadmodules for Isca on NSC cluster Tetralith
2026-03-20 11:53:21,244 - isca - DEBUG - mpiifort
2026-03-20 11:53:21,357 - isca - DEBUG - The following modules were not unloaded:
2026-03-20 11:53:21,357 - isca - DEBUG - (Use "module --force purge" to unload all):
2026-03-20 11:53:21,357 - isca - DEBUG - 
2026-03-20 11:53:21,357 - isca - DEBUG - 1) hpc/.1.10.1
2026-03-20 11:53:21,460 - isca - DEBUG - ***************************************************
2026-03-20 11:53:21,460 - isca - DEBUG - You have loaded a buildenv module
2026-03-20 11:53:21,460 - isca - DEBUG - ***************************************************
2026-03-20 11:53:21,460 - isca - DEBUG - The buldenv-intel module makes available:
2026-03-20 11:53:21,460 - isca - DEBUG - - Compilers: icc, ifort, etc.
2026-03-20 11:53:21,460 - isca - DEBUG - - Mpi library with mpi-wrapped compilers: intel mpi with mpicc, mpifort, etc.
2026-03-20 11:53:21,460 - isca - DEBUG - - Numerical libraries: intel MKL
2026-03-20 11:53:21,460 - isca - DEBUG - 
2026-03-20 11:53:21,460 - isca - DEBUG - It also makes a set of dependency library modules available via
2026-03-20 11:53:21,460 - isca - DEBUG - the regular module command. Just do:
2026-03-20 11:53:21,460 - isca - DEBUG - module avail
2026-03-20 11:53:21,460 - isca - DEBUG - to see what is available.
2026-03-20 11:53:21,460 - isca - DEBUG - 
2026-03-20 11:53:21,460 - isca - DEBUG - NOTE: You shoud never load build environments inside submitted jobs.
2026-03-20 11:53:21,460 - isca - DEBUG - (with the single exception of when using supercomputer time to compile code.)
2026-03-20 11:53:21,460 - isca - DEBUG - 
2026-03-20 11:53:27,788 - isca - DEBUG - NOTE from PE    0: MPP_DOMAINS_SET_STACK_SIZE: stack size set to    32768.
2026-03-20 11:53:27,788 - isca - DEBUG - &MPP_IO_NML
2026-03-20 11:53:27,788 - isca - DEBUG - HEADER_BUFFER_VAL       =       16384,
2026-03-20 11:53:27,788 - isca - DEBUG - GLOBAL_FIELD_ON_ROOT_PE = T,
2026-03-20 11:53:27,788 - isca - DEBUG - IO_CLOCKS_ON    = F,
2026-03-20 11:53:27,788 - isca - DEBUG - SHUFFLE =           0,
2026-03-20 11:53:27,788 - isca - DEBUG - DEFLATE_LEVEL   =          -1
2026-03-20 11:53:27,788 - isca - DEBUG - /
2026-03-20 11:53:27,789 - isca - DEBUG - NOTE from PE    0: MPP_IO_SET_STACK_SIZE: stack size set to     131072.
2026-03-20 11:53:27,790 - isca - DEBUG - NOTE from PE    0: MPP_DOMAINS_SET_STACK_SIZE: stack size set to   600000.
2026-03-20 11:53:27,798 - isca - DEBUG - starting            1  OpenMP threads per MPI-task
2026-03-20 11:53:27,799 - isca - DEBUG - ATMOS MODEL DOMAIN DECOMPOSITION
2026-03-20 11:53:27,799 - isca - DEBUG - X-AXIS =  128
2026-03-20 11:53:27,799 - isca - DEBUG - Y-AXIS =    4   4   4   4   4   4   4   4   4   4   4   4   4   4   4   4
2026-03-20 11:53:27,852 - isca - DEBUG - NOTE from PE    0: cloud_simple: Using SimCloud cloud scheme
2026-03-20 11:53:27,853 - isca - DEBUG - NOTE from PE    0: ls_cloud: Using Sundqvist (1989) cloud fraction diagnostic formula.
2026-03-20 11:53:27,853 - isca - DEBUG - NOTE from PE    0: cloud_cover: The cloud overlap assumption is MAXIMUM-RANDOM
2026-03-20 11:53:27,854 - isca - DEBUG - NOTE from PE    0: idealized_moist_phys: Using Frierson Quasi-Equilibrium convection scheme.
2026-03-20 11:53:27,862 - isca - DEBUG - 
2026-03-20 11:53:27,862 - isca - WARNING - WARNING from PE    0: socrates_init: lw_hires_spectral_filename is unset, making equal to lw_spectral_filename
2026-03-20 11:53:27,862 - isca - DEBUG - 
2026-03-20 11:53:27,862 - isca - DEBUG - 
2026-03-20 11:53:27,862 - isca - WARNING - WARNING from PE    0: socrates_init: lw_hires_spectral_filename is unset, making equal to lw_spectral_filename
2026-03-20 11:53:27,863 - isca - DEBUG - 
2026-03-20 11:53:27,863 - isca - DEBUG - 
2026-03-20 11:53:27,863 - isca - WARNING - WARNING from PE    0: socrates_init: sw_hires_spectral_filename is unset, making equal to sw_spectral_filename
2026-03-20 11:53:27,863 - isca - DEBUG - 
2026-03-20 11:53:27,863 - isca - DEBUG - 
2026-03-20 11:53:27,863 - isca - WARNING - WARNING from PE    0: socrates_init: sw_hires_spectral_filename is unset, making equal to sw_spectral_filename
2026-03-20 11:53:27,863 - isca - DEBUG - 
2026-03-20 11:53:28,975 - isca - DEBUG - NOTE from PE    0: Interpolator: Using input file with no time dimension - ozone_1990_notime_zero.nc
2026-03-20 11:53:28,976 - isca - DEBUG - Initializing src field : ozone_1990
2026-03-20 11:53:28,978 - isca - DEBUG - 
2026-03-20 11:53:28,978 - isca - DEBUG - -----------------------------------
2026-03-20 11:53:28,978 - isca - DEBUG - ____                       _
2026-03-20 11:53:28,978 - isca - DEBUG - / ___|  ___   ___ _ __ __ _| |_ ___  ___
2026-03-20 11:53:28,978 - isca - DEBUG - \___ \ / _ \ / __|  __/ _` | __/ _ \/ __|
2026-03-20 11:53:28,978 - isca - DEBUG - ___) | (_) | (__| | | (_| | ||  __/\__ \
2026-03-20 11:53:28,978 - isca - DEBUG - |____/ \___/ \___|_|  \__,_|\__\___||___/
2026-03-20 11:53:28,978 - isca - DEBUG - 
2026-03-20 11:53:28,978 - isca - DEBUG - Initialised Socrates v17.03
2026-03-20 11:53:28,978 - isca - DEBUG - Stellar constant =    1860.00000000000
2026-03-20 11:53:28,978 - isca - DEBUG - Longwave spectral file =
2026-03-20 11:53:28,978 - isca - DEBUG - /proj/bolinc/users/x_ryabo/socrates_edited_for_isca/spectral_files_for_GCMs/Sun
2026-03-20 11:53:28,978 - isca - DEBUG - /miniSuran_lw.sf WITH           16  bands
2026-03-20 11:53:28,978 - isca - DEBUG - Longwave hires spectral file =
2026-03-20 11:53:28,978 - isca - DEBUG - /proj/bolinc/users/x_ryabo/socrates_edited_for_isca/spectral_files_for_GCMs/Sun
2026-03-20 11:53:28,978 - isca - DEBUG - /miniSuran_lw.sf WITH           16  bands
2026-03-20 11:53:28,978 - isca - DEBUG - Shortwave spectral file =
2026-03-20 11:53:28,978 - isca - DEBUG - /proj/bolinc/users/x_ryabo/socrates_edited_for_isca/spectral_files_for_GCMs/Sun
2026-03-20 11:53:28,978 - isca - DEBUG - /miniSuran_sw.sf WITH           16  bands
2026-03-20 11:53:28,978 - isca - DEBUG - Shortwave hires spectral file =
2026-03-20 11:53:28,978 - isca - DEBUG - /proj/bolinc/users/x_ryabo/socrates_edited_for_isca/spectral_files_for_GCMs/Sun
2026-03-20 11:53:28,978 - isca - DEBUG - /miniSuran_sw.sf WITH           16  bands
2026-03-20 11:53:28,978 - isca - DEBUG - 
2026-03-20 11:53:28,978 - isca - DEBUG - -----------------------------------
2026-03-20 11:53:28,978 - isca - DEBUG - 
2026-03-20 11:53:56,406 - isca - DEBUG - Integration completed through    4 Sep  2   0: 0: 0
2026-03-20 11:54:23,949 - isca - DEBUG - Integration completed through    4 Sep  3   0: 0: 0
2026-03-20 11:54:51,494 - isca - DEBUG - Integration completed through    4 Sep  4   0: 0: 0
2026-03-20 11:55:19,128 - isca - DEBUG - Integration completed through    4 Sep  5   0: 0: 0
2026-03-20 11:55:46,757 - isca - DEBUG - Integration completed through    4 Sep  6   0: 0: 0
2026-03-20 11:56:14,044 - isca - DEBUG - Integration completed through    4 Sep  7   0: 0: 0
2026-03-20 11:56:41,322 - isca - DEBUG - Integration completed through    4 Sep  8   0: 0: 0
2026-03-20 11:57:08,617 - isca - DEBUG - Integration completed through    4 Sep  9   0: 0: 0
2026-03-20 11:57:36,258 - isca - DEBUG - Integration completed through    4 Sep 10   0: 0: 0
2026-03-20 11:58:03,859 - isca - DEBUG - Integration completed through    4 Sep 11   0: 0: 0
2026-03-20 11:58:31,379 - isca - DEBUG - Integration completed through    4 Sep 12   0: 0: 0
2026-03-20 11:58:58,796 - isca - DEBUG - Integration completed through    4 Sep 13   0: 0: 0
2026-03-20 11:59:26,027 - isca - DEBUG - Integration completed through    4 Sep 14   0: 0: 0
2026-03-20 11:59:53,338 - isca - DEBUG - Integration completed through    4 Sep 15   0: 0: 0
2026-03-20 12:00:20,740 - isca - DEBUG - Integration completed through    4 Sep 16   0: 0: 0
2026-03-20 12:00:48,268 - isca - DEBUG - Integration completed through    4 Sep 17   0: 0: 0
2026-03-20 12:01:15,855 - isca - DEBUG - Integration completed through    4 Sep 18   0: 0: 0
2026-03-20 12:01:43,446 - isca - DEBUG - Integration completed through    4 Sep 19   0: 0: 0
2026-03-20 12:02:10,802 - isca - DEBUG - Integration completed through    4 Sep 20   0: 0: 0
2026-03-20 12:02:38,099 - isca - DEBUG - Integration completed through    4 Sep 21   0: 0: 0
2026-03-20 12:03:05,358 - isca - DEBUG - Integration completed through    4 Sep 22   0: 0: 0
2026-03-20 12:03:32,855 - isca - DEBUG - Integration completed through    4 Sep 23   0: 0: 0
2026-03-20 12:04:00,313 - isca - DEBUG - Integration completed through    4 Sep 24   0: 0: 0
2026-03-20 12:04:27,876 - isca - DEBUG - Integration completed through    4 Sep 25   0: 0: 0
2026-03-20 12:04:55,408 - isca - DEBUG - Integration completed through    4 Sep 26   0: 0: 0
2026-03-20 12:05:22,741 - isca - DEBUG - Integration completed through    4 Sep 27   0: 0: 0
2026-03-20 12:05:50,025 - isca - DEBUG - Integration completed through    4 Sep 28   0: 0: 0
2026-03-20 12:06:17,387 - isca - DEBUG - Integration completed through    4 Sep 29   0: 0: 0
2026-03-20 12:06:44,973 - isca - DEBUG - Integration completed through    4 Sep 30   0: 0: 0
2026-03-20 12:07:12,538 - isca - DEBUG - Integration completed through    4 Oct  1   0: 0: 0
2026-03-20 12:07:12,641 - isca - DEBUG - 
2026-03-20 12:07:12,641 - isca - WARNING - WARNING from PE    0: diag_util_mod::opening_file: module/field_name (socrates/soc_toa_sw_down_clr) NOT registered
2026-03-20 12:07:12,641 - isca - DEBUG - 
2026-03-20 12:07:12,641 - isca - DEBUG - 
2026-03-20 12:07:12,641 - isca - WARNING - WARNING from PE    0: diag_util_mod::opening_file: module/field_name (cloud_simple/rh_min) NOT registered
2026-03-20 12:07:12,641 - isca - DEBUG - 
2026-03-20 12:07:12,641 - isca - DEBUG - 
2026-03-20 12:07:12,641 - isca - WARNING - WARNING from PE    0: diag_util_mod::opening_file: module/field_name (socrates/soc_toa_sw_down_clr) NOT registered
2026-03-20 12:07:12,641 - isca - DEBUG - 
2026-03-20 12:07:12,641 - isca - DEBUG - 
2026-03-20 12:07:12,641 - isca - WARNING - WARNING from PE    0: diag_util_mod::opening_file: module/field_name (cloud_simple/rh_min) NOT registered
2026-03-20 12:07:12,642 - isca - DEBUG - 
2026-03-20 12:07:12,651 - isca - DEBUG - NOTE from PE    0: MPP_IO_SET_STACK_SIZE: stack size set to     393216.
2026-03-20 12:07:12,751 - isca - DEBUG - MPP_DOMAINS_STACK high water mark=       49152
2026-03-20 12:07:12,751 - isca - DEBUG - 
2026-03-20 12:07:12,751 - isca - DEBUG - Tabulating mpp_clock statistics across     16 PEs...
2026-03-20 12:07:12,751 - isca - DEBUG - 
2026-03-20 12:07:12,751 - isca - DEBUG - tmin          tmax          tavg          tstd  tfrac grain pemin pemax
2026-03-20 12:07:12,751 - isca - DEBUG - Total runtime                       824.927197    824.966325    824.962081      0.009063  1.000     0     0    15
2026-03-20 12:07:12,751 - isca - DEBUG - MPP_STACK high water mark=           0
2026-03-20 12:07:12,848 - isca - INFO - Run 45 complete
2026-03-20 12:07:13,874 - isca - DEBUG - atmos_monthly.nc combined and copied to data directory
2026-03-20 12:07:17,100 - isca - INFO - Restart archive created at /proj/bolinc/users/x_ryabo/Isca-Ryan_outputs/Earth_1860/restarts/res0045.tar.gz
2026-03-20 12:07:17,113 - isca - INFO - Writing namelist to '/proj/bolinc/users/x_ryabo/Isca-Ryan_outputs/Earth_1860/run0045/input.nml'
2026-03-20 12:07:17,115 - isca - INFO - Writing field_table to '/proj/bolinc/users/x_ryabo/Isca-Ryan_outputs/Earth_1860/run0045/field_table'
2026-03-20 12:07:17,125 - isca - INFO - Writing diag_table to '/proj/bolinc/users/x_ryabo/Isca-Ryan_outputs/Earth_1860/run0045/diag_table'
2026-03-20 12:07:17,483 - isca - INFO - Emptied run directory '/home/x_ryabo/Isca-Ryan_tmp/experiment/Earth_1860/run'
2026-03-20 12:07:17,508 - isca - INFO - Emptied run directory '/home/x_ryabo/Isca-Ryan_tmp/experiment/Earth_1860/run'
2026-03-20 12:07:17,834 - isca - INFO - Writing namelist to '/home/x_ryabo/Isca-Ryan_tmp/experiment/Earth_1860/run/input.nml'
2026-03-20 12:07:17,836 - isca - INFO - Writing field_table to '/home/x_ryabo/Isca-Ryan_tmp/experiment/Earth_1860/run/field_table'
2026-03-20 12:07:17,848 - isca - INFO - Writing diag_table to '/home/x_ryabo/Isca-Ryan_tmp/experiment/Earth_1860/run/diag_table'
2026-03-20 12:07:17,866 - isca - INFO - Using restart file '/proj/bolinc/users/x_ryabo/Isca-Ryan_outputs/Earth_1860/restarts/res0045.tar.gz'
2026-03-20 12:07:18,277 - isca - INFO - Restart /proj/bolinc/users/x_ryabo/Isca-Ryan_outputs/Earth_1860/restarts/res0045.tar.gz extracted to /home/x_ryabo/Isca-Ryan_tmp/experiment/Earth_1860/run/INPUT
2026-03-20 12:07:18,278 - isca - INFO - Beginning run 46
2026-03-20 12:07:18,289 - isca - INFO - process running as 99294
2026-03-20 12:07:18,290 - isca - DEBUG - loadmodules for Isca on NSC cluster Tetralith
2026-03-20 12:07:18,290 - isca - DEBUG - mpiifort
2026-03-20 12:07:18,403 - isca - DEBUG - The following modules were not unloaded:
2026-03-20 12:07:18,403 - isca - DEBUG - (Use "module --force purge" to unload all):
2026-03-20 12:07:18,403 - isca - DEBUG - 
2026-03-20 12:07:18,403 - isca - DEBUG - 1) hpc/.1.10.1
2026-03-20 12:07:18,507 - isca - DEBUG - ***************************************************
2026-03-20 12:07:18,507 - isca - DEBUG - You have loaded a buildenv module
2026-03-20 12:07:18,507 - isca - DEBUG - ***************************************************
2026-03-20 12:07:18,507 - isca - DEBUG - The buldenv-intel module makes available:
2026-03-20 12:07:18,507 - isca - DEBUG - - Compilers: icc, ifort, etc.
2026-03-20 12:07:18,507 - isca - DEBUG - - Mpi library with mpi-wrapped compilers: intel mpi with mpicc, mpifort, etc.
2026-03-20 12:07:18,507 - isca - DEBUG - - Numerical libraries: intel MKL
2026-03-20 12:07:18,507 - isca - DEBUG - 
2026-03-20 12:07:18,507 - isca - DEBUG - It also makes a set of dependency library modules available via
2026-03-20 12:07:18,507 - isca - DEBUG - the regular module command. Just do:
2026-03-20 12:07:18,507 - isca - DEBUG - module avail
2026-03-20 12:07:18,507 - isca - DEBUG - to see what is available.
2026-03-20 12:07:18,507 - isca - DEBUG - 
2026-03-20 12:07:18,507 - isca - DEBUG - NOTE: You shoud never load build environments inside submitted jobs.
2026-03-20 12:07:18,507 - isca - DEBUG - (with the single exception of when using supercomputer time to compile code.)
2026-03-20 12:07:18,507 - isca - DEBUG - 
2026-03-20 12:07:19,717 - isca - DEBUG - NOTE from PE    0: MPP_DOMAINS_SET_STACK_SIZE: stack size set to    32768.
2026-03-20 12:07:19,717 - isca - DEBUG - &MPP_IO_NML
2026-03-20 12:07:19,717 - isca - DEBUG - HEADER_BUFFER_VAL       =       16384,
2026-03-20 12:07:19,717 - isca - DEBUG - GLOBAL_FIELD_ON_ROOT_PE = T,
2026-03-20 12:07:19,717 - isca - DEBUG - IO_CLOCKS_ON    = F,
2026-03-20 12:07:19,718 - isca - DEBUG - SHUFFLE =           0,
2026-03-20 12:07:19,718 - isca - DEBUG - DEFLATE_LEVEL   =          -1
2026-03-20 12:07:19,718 - isca - DEBUG - /
2026-03-20 12:07:19,719 - isca - DEBUG - NOTE from PE    0: MPP_IO_SET_STACK_SIZE: stack size set to     131072.
2026-03-20 12:07:19,720 - isca - DEBUG - NOTE from PE    0: MPP_DOMAINS_SET_STACK_SIZE: stack size set to   600000.
2026-03-20 12:07:19,727 - isca - DEBUG - starting            1  OpenMP threads per MPI-task
2026-03-20 12:07:19,729 - isca - DEBUG - ATMOS MODEL DOMAIN DECOMPOSITION
2026-03-20 12:07:19,729 - isca - DEBUG - X-AXIS =  128
2026-03-20 12:07:19,729 - isca - DEBUG - Y-AXIS =    4   4   4   4   4   4   4   4   4   4   4   4   4   4   4   4
2026-03-20 12:07:19,780 - isca - DEBUG - NOTE from PE    0: cloud_simple: Using SimCloud cloud scheme
2026-03-20 12:07:19,781 - isca - DEBUG - NOTE from PE    0: ls_cloud: Using Sundqvist (1989) cloud fraction diagnostic formula.
2026-03-20 12:07:19,781 - isca - DEBUG - NOTE from PE    0: cloud_cover: The cloud overlap assumption is MAXIMUM-RANDOM
2026-03-20 12:07:19,781 - isca - DEBUG - NOTE from PE    0: idealized_moist_phys: Using Frierson Quasi-Equilibrium convection scheme.
2026-03-20 12:07:19,791 - isca - DEBUG - 
2026-03-20 12:07:19,791 - isca - WARNING - WARNING from PE    0: socrates_init: lw_hires_spectral_filename is unset, making equal to lw_spectral_filename
2026-03-20 12:07:19,791 - isca - DEBUG - 
2026-03-20 12:07:19,791 - isca - DEBUG - 
2026-03-20 12:07:19,791 - isca - WARNING - WARNING from PE    0: socrates_init: lw_hires_spectral_filename is unset, making equal to lw_spectral_filename
2026-03-20 12:07:19,791 - isca - DEBUG - 
2026-03-20 12:07:19,791 - isca - DEBUG - 
2026-03-20 12:07:19,791 - isca - WARNING - WARNING from PE    0: socrates_init: sw_hires_spectral_filename is unset, making equal to sw_spectral_filename
2026-03-20 12:07:19,791 - isca - DEBUG - 
2026-03-20 12:07:19,791 - isca - DEBUG - 
2026-03-20 12:07:19,791 - isca - WARNING - WARNING from PE    0: socrates_init: sw_hires_spectral_filename is unset, making equal to sw_spectral_filename
2026-03-20 12:07:19,791 - isca - DEBUG - 
2026-03-20 12:07:20,885 - isca - DEBUG - NOTE from PE    0: Interpolator: Using input file with no time dimension - ozone_1990_notime_zero.nc
2026-03-20 12:07:20,885 - isca - DEBUG - Initializing src field : ozone_1990
2026-03-20 12:07:20,887 - isca - DEBUG - 
2026-03-20 12:07:20,887 - isca - DEBUG - -----------------------------------
2026-03-20 12:07:20,887 - isca - DEBUG - ____                       _
2026-03-20 12:07:20,887 - isca - DEBUG - / ___|  ___   ___ _ __ __ _| |_ ___  ___
2026-03-20 12:07:20,887 - isca - DEBUG - \___ \ / _ \ / __|  __/ _` | __/ _ \/ __|
2026-03-20 12:07:20,887 - isca - DEBUG - ___) | (_) | (__| | | (_| | ||  __/\__ \
2026-03-20 12:07:20,887 - isca - DEBUG - |____/ \___/ \___|_|  \__,_|\__\___||___/
2026-03-20 12:07:20,887 - isca - DEBUG - 
2026-03-20 12:07:20,887 - isca - DEBUG - Initialised Socrates v17.03
2026-03-20 12:07:20,887 - isca - DEBUG - Stellar constant =    1860.00000000000
2026-03-20 12:07:20,887 - isca - DEBUG - Longwave spectral file =
2026-03-20 12:07:20,887 - isca - DEBUG - /proj/bolinc/users/x_ryabo/socrates_edited_for_isca/spectral_files_for_GCMs/Sun
2026-03-20 12:07:20,887 - isca - DEBUG - /miniSuran_lw.sf WITH           16  bands
2026-03-20 12:07:20,887 - isca - DEBUG - Longwave hires spectral file =
2026-03-20 12:07:20,887 - isca - DEBUG - /proj/bolinc/users/x_ryabo/socrates_edited_for_isca/spectral_files_for_GCMs/Sun
2026-03-20 12:07:20,887 - isca - DEBUG - /miniSuran_lw.sf WITH           16  bands
2026-03-20 12:07:20,888 - isca - DEBUG - Shortwave spectral file =
2026-03-20 12:07:20,888 - isca - DEBUG - /proj/bolinc/users/x_ryabo/socrates_edited_for_isca/spectral_files_for_GCMs/Sun
2026-03-20 12:07:20,888 - isca - DEBUG - /miniSuran_sw.sf WITH           16  bands
2026-03-20 12:07:20,888 - isca - DEBUG - Shortwave hires spectral file =
2026-03-20 12:07:20,888 - isca - DEBUG - /proj/bolinc/users/x_ryabo/socrates_edited_for_isca/spectral_files_for_GCMs/Sun
2026-03-20 12:07:20,888 - isca - DEBUG - /miniSuran_sw.sf WITH           16  bands
2026-03-20 12:07:20,888 - isca - DEBUG - 
2026-03-20 12:07:20,888 - isca - DEBUG - -----------------------------------
2026-03-20 12:07:20,888 - isca - DEBUG - 
2026-03-20 12:07:48,696 - isca - DEBUG - Integration completed through    4 Oct  2   0: 0: 0
2026-03-20 12:08:16,194 - isca - DEBUG - Integration completed through    4 Oct  3   0: 0: 0
2026-03-20 12:08:43,699 - isca - DEBUG - Integration completed through    4 Oct  4   0: 0: 0
2026-03-20 12:09:11,214 - isca - DEBUG - Integration completed through    4 Oct  5   0: 0: 0
2026-03-20 12:09:38,917 - isca - DEBUG - Integration completed through    4 Oct  6   0: 0: 0
2026-03-20 12:10:06,687 - isca - DEBUG - Integration completed through    4 Oct  7   0: 0: 0
2026-03-20 12:10:34,508 - isca - DEBUG - Integration completed through    4 Oct  8   0: 0: 0
2026-03-20 12:11:02,257 - isca - DEBUG - Integration completed through    4 Oct  9   0: 0: 0
2026-03-20 12:11:29,752 - isca - DEBUG - Integration completed through    4 Oct 10   0: 0: 0
2026-03-20 12:11:57,241 - isca - DEBUG - Integration completed through    4 Oct 11   0: 0: 0
2026-03-20 12:12:24,876 - isca - DEBUG - Integration completed through    4 Oct 12   0: 0: 0
2026-03-20 12:12:52,667 - isca - DEBUG - Integration completed through    4 Oct 13   0: 0: 0
2026-03-20 12:13:20,456 - isca - DEBUG - Integration completed through    4 Oct 14   0: 0: 0
2026-03-20 12:13:48,306 - isca - DEBUG - Integration completed through    4 Oct 15   0: 0: 0
2026-03-20 12:14:15,888 - isca - DEBUG - Integration completed through    4 Oct 16   0: 0: 0
2026-03-20 12:14:43,392 - isca - DEBUG - Integration completed through    4 Oct 17   0: 0: 0
2026-03-20 12:15:10,864 - isca - DEBUG - Integration completed through    4 Oct 18   0: 0: 0
2026-03-20 12:15:38,738 - isca - DEBUG - Integration completed through    4 Oct 19   0: 0: 0
2026-03-20 12:16:06,579 - isca - DEBUG - Integration completed through    4 Oct 20   0: 0: 0
2026-03-20 12:16:34,329 - isca - DEBUG - Integration completed through    4 Oct 21   0: 0: 0
2026-03-20 12:17:02,021 - isca - DEBUG - Integration completed through    4 Oct 22   0: 0: 0
2026-03-20 12:17:29,481 - isca - DEBUG - Integration completed through    4 Oct 23   0: 0: 0
2026-03-20 12:17:56,889 - isca - DEBUG - Integration completed through    4 Oct 24   0: 0: 0
2026-03-20 12:18:24,313 - isca - DEBUG - Integration completed through    4 Oct 25   0: 0: 0
2026-03-20 12:18:52,157 - isca - DEBUG - Integration completed through    4 Oct 26   0: 0: 0
2026-03-20 12:19:19,951 - isca - DEBUG - Integration completed through    4 Oct 27   0: 0: 0
2026-03-20 12:19:47,745 - isca - DEBUG - Integration completed through    4 Oct 28   0: 0: 0
2026-03-20 12:20:15,447 - isca - DEBUG - Integration completed through    4 Oct 29   0: 0: 0
2026-03-20 12:20:42,940 - isca - DEBUG - Integration completed through    4 Oct 30   0: 0: 0
2026-03-20 12:21:10,377 - isca - DEBUG - Integration completed through    4 Nov  1   0: 0: 0
2026-03-20 12:21:10,384 - isca - DEBUG - 
2026-03-20 12:21:10,385 - isca - WARNING - WARNING from PE    0: diag_util_mod::opening_file: module/field_name (socrates/soc_toa_sw_down_clr) NOT registered
2026-03-20 12:21:10,385 - isca - DEBUG - 
2026-03-20 12:21:10,385 - isca - DEBUG - 
2026-03-20 12:21:10,385 - isca - WARNING - WARNING from PE    0: diag_util_mod::opening_file: module/field_name (cloud_simple/rh_min) NOT registered
2026-03-20 12:21:10,385 - isca - DEBUG - 
2026-03-20 12:21:10,385 - isca - DEBUG - 
2026-03-20 12:21:10,385 - isca - WARNING - WARNING from PE    0: diag_util_mod::opening_file: module/field_name (socrates/soc_toa_sw_down_clr) NOT registered
2026-03-20 12:21:10,385 - isca - DEBUG - 
2026-03-20 12:21:10,385 - isca - DEBUG - 
2026-03-20 12:21:10,385 - isca - WARNING - WARNING from PE    0: diag_util_mod::opening_file: module/field_name (cloud_simple/rh_min) NOT registered
2026-03-20 12:21:10,385 - isca - DEBUG - 
2026-03-20 12:21:10,395 - isca - DEBUG - NOTE from PE    0: MPP_IO_SET_STACK_SIZE: stack size set to     393216.
2026-03-20 12:21:10,491 - isca - DEBUG - MPP_DOMAINS_STACK high water mark=       49152
2026-03-20 12:21:10,492 - isca - DEBUG - 
2026-03-20 12:21:10,492 - isca - DEBUG - Tabulating mpp_clock statistics across     16 PEs...
2026-03-20 12:21:10,492 - isca - DEBUG - 
2026-03-20 12:21:10,492 - isca - DEBUG - tmin          tmax          tavg          tstd  tfrac grain pemin pemax
2026-03-20 12:21:10,492 - isca - DEBUG - Total runtime                       830.772978    830.777188    830.774968      0.001213  1.000     0     0    15
2026-03-20 12:21:10,492 - isca - DEBUG - MPP_STACK high water mark=           0
2026-03-20 12:21:10,595 - isca - INFO - Run 46 complete
2026-03-20 12:21:11,473 - isca - DEBUG - atmos_monthly.nc combined and copied to data directory
2026-03-20 12:21:14,698 - isca - INFO - Restart archive created at /proj/bolinc/users/x_ryabo/Isca-Ryan_outputs/Earth_1860/restarts/res0046.tar.gz
2026-03-20 12:21:14,710 - isca - INFO - Writing namelist to '/proj/bolinc/users/x_ryabo/Isca-Ryan_outputs/Earth_1860/run0046/input.nml'
2026-03-20 12:21:14,712 - isca - INFO - Writing field_table to '/proj/bolinc/users/x_ryabo/Isca-Ryan_outputs/Earth_1860/run0046/field_table'
2026-03-20 12:21:14,723 - isca - INFO - Writing diag_table to '/proj/bolinc/users/x_ryabo/Isca-Ryan_outputs/Earth_1860/run0046/diag_table'
2026-03-20 12:21:15,075 - isca - INFO - Emptied run directory '/home/x_ryabo/Isca-Ryan_tmp/experiment/Earth_1860/run'
2026-03-20 12:21:15,096 - isca - INFO - Emptied run directory '/home/x_ryabo/Isca-Ryan_tmp/experiment/Earth_1860/run'
2026-03-20 12:21:15,421 - isca - INFO - Writing namelist to '/home/x_ryabo/Isca-Ryan_tmp/experiment/Earth_1860/run/input.nml'
2026-03-20 12:21:15,423 - isca - INFO - Writing field_table to '/home/x_ryabo/Isca-Ryan_tmp/experiment/Earth_1860/run/field_table'
2026-03-20 12:21:15,436 - isca - INFO - Writing diag_table to '/home/x_ryabo/Isca-Ryan_tmp/experiment/Earth_1860/run/diag_table'
2026-03-20 12:21:15,449 - isca - INFO - Using restart file '/proj/bolinc/users/x_ryabo/Isca-Ryan_outputs/Earth_1860/restarts/res0046.tar.gz'
2026-03-20 12:21:15,862 - isca - INFO - Restart /proj/bolinc/users/x_ryabo/Isca-Ryan_outputs/Earth_1860/restarts/res0046.tar.gz extracted to /home/x_ryabo/Isca-Ryan_tmp/experiment/Earth_1860/run/INPUT
2026-03-20 12:21:15,863 - isca - INFO - Beginning run 47
2026-03-20 12:21:15,883 - isca - INFO - process running as 100152
2026-03-20 12:21:15,884 - isca - DEBUG - loadmodules for Isca on NSC cluster Tetralith
2026-03-20 12:21:15,884 - isca - DEBUG - mpiifort
2026-03-20 12:21:15,988 - isca - DEBUG - The following modules were not unloaded:
2026-03-20 12:21:15,989 - isca - DEBUG - (Use "module --force purge" to unload all):
2026-03-20 12:21:15,989 - isca - DEBUG - 
2026-03-20 12:21:15,989 - isca - DEBUG - 1) hpc/.1.10.1
2026-03-20 12:21:16,092 - isca - DEBUG - ***************************************************
2026-03-20 12:21:16,092 - isca - DEBUG - You have loaded a buildenv module
2026-03-20 12:21:16,092 - isca - DEBUG - ***************************************************
2026-03-20 12:21:16,092 - isca - DEBUG - The buldenv-intel module makes available:
2026-03-20 12:21:16,092 - isca - DEBUG - - Compilers: icc, ifort, etc.
2026-03-20 12:21:16,093 - isca - DEBUG - - Mpi library with mpi-wrapped compilers: intel mpi with mpicc, mpifort, etc.
2026-03-20 12:21:16,093 - isca - DEBUG - - Numerical libraries: intel MKL
2026-03-20 12:21:16,093 - isca - DEBUG - 
2026-03-20 12:21:16,093 - isca - DEBUG - It also makes a set of dependency library modules available via
2026-03-20 12:21:16,093 - isca - DEBUG - the regular module command. Just do:
2026-03-20 12:21:16,093 - isca - DEBUG - module avail
2026-03-20 12:21:16,093 - isca - DEBUG - to see what is available.
2026-03-20 12:21:16,093 - isca - DEBUG - 
2026-03-20 12:21:16,093 - isca - DEBUG - NOTE: You shoud never load build environments inside submitted jobs.
2026-03-20 12:21:16,093 - isca - DEBUG - (with the single exception of when using supercomputer time to compile code.)
2026-03-20 12:21:16,093 - isca - DEBUG - 
2026-03-20 12:21:17,277 - isca - DEBUG - NOTE from PE    0: MPP_DOMAINS_SET_STACK_SIZE: stack size set to    32768.
2026-03-20 12:21:17,278 - isca - DEBUG - &MPP_IO_NML
2026-03-20 12:21:17,278 - isca - DEBUG - HEADER_BUFFER_VAL       =       16384,
2026-03-20 12:21:17,278 - isca - DEBUG - GLOBAL_FIELD_ON_ROOT_PE = T,
2026-03-20 12:21:17,278 - isca - DEBUG - IO_CLOCKS_ON    = F,
2026-03-20 12:21:17,278 - isca - DEBUG - SHUFFLE =           0,
2026-03-20 12:21:17,278 - isca - DEBUG - DEFLATE_LEVEL   =          -1
2026-03-20 12:21:17,278 - isca - DEBUG - /
2026-03-20 12:21:17,279 - isca - DEBUG - NOTE from PE    0: MPP_IO_SET_STACK_SIZE: stack size set to     131072.
2026-03-20 12:21:17,280 - isca - DEBUG - NOTE from PE    0: MPP_DOMAINS_SET_STACK_SIZE: stack size set to   600000.
2026-03-20 12:21:17,287 - isca - DEBUG - starting            1  OpenMP threads per MPI-task
2026-03-20 12:21:17,289 - isca - DEBUG - ATMOS MODEL DOMAIN DECOMPOSITION
2026-03-20 12:21:17,289 - isca - DEBUG - X-AXIS =  128
2026-03-20 12:21:17,289 - isca - DEBUG - Y-AXIS =    4   4   4   4   4   4   4   4   4   4   4   4   4   4   4   4
2026-03-20 12:21:17,340 - isca - DEBUG - NOTE from PE    0: cloud_simple: Using SimCloud cloud scheme
2026-03-20 12:21:17,341 - isca - DEBUG - NOTE from PE    0: ls_cloud: Using Sundqvist (1989) cloud fraction diagnostic formula.
2026-03-20 12:21:17,341 - isca - DEBUG - NOTE from PE    0: cloud_cover: The cloud overlap assumption is MAXIMUM-RANDOM
2026-03-20 12:21:17,341 - isca - DEBUG - NOTE from PE    0: idealized_moist_phys: Using Frierson Quasi-Equilibrium convection scheme.
2026-03-20 12:21:17,349 - isca - DEBUG - 
2026-03-20 12:21:17,350 - isca - WARNING - WARNING from PE    0: socrates_init: lw_hires_spectral_filename is unset, making equal to lw_spectral_filename
2026-03-20 12:21:17,350 - isca - DEBUG - 
2026-03-20 12:21:17,350 - isca - DEBUG - 
2026-03-20 12:21:17,350 - isca - WARNING - WARNING from PE    0: socrates_init: lw_hires_spectral_filename is unset, making equal to lw_spectral_filename
2026-03-20 12:21:17,350 - isca - DEBUG - 
2026-03-20 12:21:17,350 - isca - DEBUG - 
2026-03-20 12:21:17,350 - isca - WARNING - WARNING from PE    0: socrates_init: sw_hires_spectral_filename is unset, making equal to sw_spectral_filename
2026-03-20 12:21:17,350 - isca - DEBUG - 
2026-03-20 12:21:17,350 - isca - DEBUG - 
2026-03-20 12:21:17,350 - isca - WARNING - WARNING from PE    0: socrates_init: sw_hires_spectral_filename is unset, making equal to sw_spectral_filename
2026-03-20 12:21:17,350 - isca - DEBUG - 
2026-03-20 12:21:18,428 - isca - DEBUG - NOTE from PE    0: Interpolator: Using input file with no time dimension - ozone_1990_notime_zero.nc
2026-03-20 12:21:18,428 - isca - DEBUG - Initializing src field : ozone_1990
2026-03-20 12:21:18,430 - isca - DEBUG - 
2026-03-20 12:21:18,430 - isca - DEBUG - -----------------------------------
2026-03-20 12:21:18,430 - isca - DEBUG - ____                       _
2026-03-20 12:21:18,430 - isca - DEBUG - / ___|  ___   ___ _ __ __ _| |_ ___  ___
2026-03-20 12:21:18,430 - isca - DEBUG - \___ \ / _ \ / __|  __/ _` | __/ _ \/ __|
2026-03-20 12:21:18,431 - isca - DEBUG - ___) | (_) | (__| | | (_| | ||  __/\__ \
2026-03-20 12:21:18,431 - isca - DEBUG - |____/ \___/ \___|_|  \__,_|\__\___||___/
2026-03-20 12:21:18,431 - isca - DEBUG - 
2026-03-20 12:21:18,431 - isca - DEBUG - Initialised Socrates v17.03
2026-03-20 12:21:18,431 - isca - DEBUG - Stellar constant =    1860.00000000000
2026-03-20 12:21:18,431 - isca - DEBUG - Longwave spectral file =
2026-03-20 12:21:18,431 - isca - DEBUG - /proj/bolinc/users/x_ryabo/socrates_edited_for_isca/spectral_files_for_GCMs/Sun
2026-03-20 12:21:18,431 - isca - DEBUG - /miniSuran_lw.sf WITH           16  bands
2026-03-20 12:21:18,431 - isca - DEBUG - Longwave hires spectral file =
2026-03-20 12:21:18,431 - isca - DEBUG - /proj/bolinc/users/x_ryabo/socrates_edited_for_isca/spectral_files_for_GCMs/Sun
2026-03-20 12:21:18,431 - isca - DEBUG - /miniSuran_lw.sf WITH           16  bands
2026-03-20 12:21:18,431 - isca - DEBUG - Shortwave spectral file =
2026-03-20 12:21:18,431 - isca - DEBUG - /proj/bolinc/users/x_ryabo/socrates_edited_for_isca/spectral_files_for_GCMs/Sun
2026-03-20 12:21:18,431 - isca - DEBUG - /miniSuran_sw.sf WITH           16  bands
2026-03-20 12:21:18,431 - isca - DEBUG - Shortwave hires spectral file =
2026-03-20 12:21:18,431 - isca - DEBUG - /proj/bolinc/users/x_ryabo/socrates_edited_for_isca/spectral_files_for_GCMs/Sun
2026-03-20 12:21:18,431 - isca - DEBUG - /miniSuran_sw.sf WITH           16  bands
2026-03-20 12:21:18,431 - isca - DEBUG - 
2026-03-20 12:21:18,431 - isca - DEBUG - -----------------------------------
2026-03-20 12:21:18,431 - isca - DEBUG - 
2026-03-20 12:21:45,947 - isca - DEBUG - Integration completed through    4 Nov  2   0: 0: 0
2026-03-20 12:22:13,487 - isca - DEBUG - Integration completed through    4 Nov  3   0: 0: 0
2026-03-20 12:22:40,965 - isca - DEBUG - Integration completed through    4 Nov  4   0: 0: 0
2026-03-20 12:23:08,471 - isca - DEBUG - Integration completed through    4 Nov  5   0: 0: 0
2026-03-20 12:23:35,864 - isca - DEBUG - Integration completed through    4 Nov  6   0: 0: 0
2026-03-20 12:24:03,284 - isca - DEBUG - Integration completed through    4 Nov  7   0: 0: 0
2026-03-20 12:24:30,700 - isca - DEBUG - Integration completed through    4 Nov  8   0: 0: 0
2026-03-20 12:24:58,374 - isca - DEBUG - Integration completed through    4 Nov  9   0: 0: 0
2026-03-20 12:25:26,082 - isca - DEBUG - Integration completed through    4 Nov 10   0: 0: 0
2026-03-20 12:25:53,777 - isca - DEBUG - Integration completed through    4 Nov 11   0: 0: 0
2026-03-20 12:26:21,454 - isca - DEBUG - Integration completed through    4 Nov 12   0: 0: 0
2026-03-20 12:26:48,744 - isca - DEBUG - Integration completed through    4 Nov 13   0: 0: 0
2026-03-20 12:27:16,006 - isca - DEBUG - Integration completed through    4 Nov 14   0: 0: 0
2026-03-20 12:27:43,279 - isca - DEBUG - Integration completed through    4 Nov 15   0: 0: 0
2026-03-20 12:28:10,741 - isca - DEBUG - Integration completed through    4 Nov 16   0: 0: 0
2026-03-20 12:28:38,293 - isca - DEBUG - Integration completed through    4 Nov 17   0: 0: 0
2026-03-20 12:29:05,820 - isca - DEBUG - Integration completed through    4 Nov 18   0: 0: 0
2026-03-20 12:29:33,404 - isca - DEBUG - Integration completed through    4 Nov 19   0: 0: 0
2026-03-20 12:30:00,725 - isca - DEBUG - Integration completed through    4 Nov 20   0: 0: 0
2026-03-20 12:30:28,078 - isca - DEBUG - Integration completed through    4 Nov 21   0: 0: 0
2026-03-20 12:30:55,408 - isca - DEBUG - Integration completed through    4 Nov 22   0: 0: 0
2026-03-20 12:31:23,034 - isca - DEBUG - Integration completed through    4 Nov 23   0: 0: 0
2026-03-20 12:31:50,637 - isca - DEBUG - Integration completed through    4 Nov 24   0: 0: 0
2026-03-20 12:32:18,186 - isca - DEBUG - Integration completed through    4 Nov 25   0: 0: 0
2026-03-20 12:32:45,594 - isca - DEBUG - Integration completed through    4 Nov 26   0: 0: 0
2026-03-20 12:33:12,835 - isca - DEBUG - Integration completed through    4 Nov 27   0: 0: 0
2026-03-20 12:33:40,132 - isca - DEBUG - Integration completed through    4 Nov 28   0: 0: 0
2026-03-20 12:34:07,487 - isca - DEBUG - Integration completed through    4 Nov 29   0: 0: 0
2026-03-20 12:34:35,031 - isca - DEBUG - Integration completed through    4 Nov 30   0: 0: 0
2026-03-20 12:35:02,502 - isca - DEBUG - Integration completed through    4 Dec  1   0: 0: 0
2026-03-20 12:35:02,511 - isca - DEBUG - 
2026-03-20 12:35:02,512 - isca - WARNING - WARNING from PE    0: diag_util_mod::opening_file: module/field_name (socrates/soc_toa_sw_down_clr) NOT registered
2026-03-20 12:35:02,512 - isca - DEBUG - 
2026-03-20 12:35:02,512 - isca - DEBUG - 
2026-03-20 12:35:02,512 - isca - WARNING - WARNING from PE    0: diag_util_mod::opening_file: module/field_name (cloud_simple/rh_min) NOT registered
2026-03-20 12:35:02,512 - isca - DEBUG - 
2026-03-20 12:35:02,512 - isca - DEBUG - 
2026-03-20 12:35:02,512 - isca - WARNING - WARNING from PE    0: diag_util_mod::opening_file: module/field_name (socrates/soc_toa_sw_down_clr) NOT registered
2026-03-20 12:35:02,512 - isca - DEBUG - 
2026-03-20 12:35:02,512 - isca - DEBUG - 
2026-03-20 12:35:02,512 - isca - WARNING - WARNING from PE    0: diag_util_mod::opening_file: module/field_name (cloud_simple/rh_min) NOT registered
2026-03-20 12:35:02,512 - isca - DEBUG - 
2026-03-20 12:35:02,522 - isca - DEBUG - NOTE from PE    0: MPP_IO_SET_STACK_SIZE: stack size set to     393216.
2026-03-20 12:35:02,712 - isca - DEBUG - MPP_DOMAINS_STACK high water mark=       49152
2026-03-20 12:35:02,712 - isca - DEBUG - 
2026-03-20 12:35:02,712 - isca - DEBUG - Tabulating mpp_clock statistics across     16 PEs...
2026-03-20 12:35:02,712 - isca - DEBUG - 
2026-03-20 12:35:02,712 - isca - DEBUG - tmin          tmax          tavg          tstd  tfrac grain pemin pemax
2026-03-20 12:35:02,712 - isca - DEBUG - Total runtime                       825.432354    825.437968    825.435296      0.001681  1.000     0     0    15
2026-03-20 12:35:02,713 - isca - DEBUG - MPP_STACK high water mark=           0
2026-03-20 12:35:02,873 - isca - INFO - Run 47 complete
2026-03-20 12:35:03,769 - isca - DEBUG - atmos_monthly.nc combined and copied to data directory
2026-03-20 12:35:07,000 - isca - INFO - Restart archive created at /proj/bolinc/users/x_ryabo/Isca-Ryan_outputs/Earth_1860/restarts/res0047.tar.gz
2026-03-20 12:35:07,013 - isca - INFO - Writing namelist to '/proj/bolinc/users/x_ryabo/Isca-Ryan_outputs/Earth_1860/run0047/input.nml'
2026-03-20 12:35:07,015 - isca - INFO - Writing field_table to '/proj/bolinc/users/x_ryabo/Isca-Ryan_outputs/Earth_1860/run0047/field_table'
2026-03-20 12:35:07,025 - isca - INFO - Writing diag_table to '/proj/bolinc/users/x_ryabo/Isca-Ryan_outputs/Earth_1860/run0047/diag_table'
2026-03-20 12:35:07,380 - isca - INFO - Emptied run directory '/home/x_ryabo/Isca-Ryan_tmp/experiment/Earth_1860/run'
2026-03-20 12:35:07,400 - isca - INFO - Emptied run directory '/home/x_ryabo/Isca-Ryan_tmp/experiment/Earth_1860/run'
2026-03-20 12:35:07,725 - isca - INFO - Writing namelist to '/home/x_ryabo/Isca-Ryan_tmp/experiment/Earth_1860/run/input.nml'
2026-03-20 12:35:07,727 - isca - INFO - Writing field_table to '/home/x_ryabo/Isca-Ryan_tmp/experiment/Earth_1860/run/field_table'
2026-03-20 12:35:07,742 - isca - INFO - Writing diag_table to '/home/x_ryabo/Isca-Ryan_tmp/experiment/Earth_1860/run/diag_table'
2026-03-20 12:35:07,756 - isca - INFO - Using restart file '/proj/bolinc/users/x_ryabo/Isca-Ryan_outputs/Earth_1860/restarts/res0047.tar.gz'
2026-03-20 12:35:08,168 - isca - INFO - Restart /proj/bolinc/users/x_ryabo/Isca-Ryan_outputs/Earth_1860/restarts/res0047.tar.gz extracted to /home/x_ryabo/Isca-Ryan_tmp/experiment/Earth_1860/run/INPUT
2026-03-20 12:35:08,169 - isca - INFO - Beginning run 48
2026-03-20 12:35:08,181 - isca - INFO - process running as 100977
2026-03-20 12:35:08,181 - isca - DEBUG - loadmodules for Isca on NSC cluster Tetralith
2026-03-20 12:35:08,181 - isca - DEBUG - mpiifort
2026-03-20 12:35:08,294 - isca - DEBUG - The following modules were not unloaded:
2026-03-20 12:35:08,294 - isca - DEBUG - (Use "module --force purge" to unload all):
2026-03-20 12:35:08,294 - isca - DEBUG - 
2026-03-20 12:35:08,294 - isca - DEBUG - 1) hpc/.1.10.1
2026-03-20 12:35:08,397 - isca - DEBUG - ***************************************************
2026-03-20 12:35:08,398 - isca - DEBUG - You have loaded a buildenv module
2026-03-20 12:35:08,398 - isca - DEBUG - ***************************************************
2026-03-20 12:35:08,398 - isca - DEBUG - The buldenv-intel module makes available:
2026-03-20 12:35:08,398 - isca - DEBUG - - Compilers: icc, ifort, etc.
2026-03-20 12:35:08,398 - isca - DEBUG - - Mpi library with mpi-wrapped compilers: intel mpi with mpicc, mpifort, etc.
2026-03-20 12:35:08,398 - isca - DEBUG - - Numerical libraries: intel MKL
2026-03-20 12:35:08,398 - isca - DEBUG - 
2026-03-20 12:35:08,398 - isca - DEBUG - It also makes a set of dependency library modules available via
2026-03-20 12:35:08,398 - isca - DEBUG - the regular module command. Just do:
2026-03-20 12:35:08,398 - isca - DEBUG - module avail
2026-03-20 12:35:08,398 - isca - DEBUG - to see what is available.
2026-03-20 12:35:08,398 - isca - DEBUG - 
2026-03-20 12:35:08,398 - isca - DEBUG - NOTE: You shoud never load build environments inside submitted jobs.
2026-03-20 12:35:08,398 - isca - DEBUG - (with the single exception of when using supercomputer time to compile code.)
2026-03-20 12:35:08,398 - isca - DEBUG - 
2026-03-20 12:35:13,336 - isca - DEBUG - NOTE from PE    0: MPP_DOMAINS_SET_STACK_SIZE: stack size set to    32768.
2026-03-20 12:35:13,336 - isca - DEBUG - &MPP_IO_NML
2026-03-20 12:35:13,336 - isca - DEBUG - HEADER_BUFFER_VAL       =       16384,
2026-03-20 12:35:13,336 - isca - DEBUG - GLOBAL_FIELD_ON_ROOT_PE = T,
2026-03-20 12:35:13,337 - isca - DEBUG - IO_CLOCKS_ON    = F,
2026-03-20 12:35:13,337 - isca - DEBUG - SHUFFLE =           0,
2026-03-20 12:35:13,337 - isca - DEBUG - DEFLATE_LEVEL   =          -1
2026-03-20 12:35:13,337 - isca - DEBUG - /
2026-03-20 12:35:13,338 - isca - DEBUG - NOTE from PE    0: MPP_IO_SET_STACK_SIZE: stack size set to     131072.
2026-03-20 12:35:13,339 - isca - DEBUG - NOTE from PE    0: MPP_DOMAINS_SET_STACK_SIZE: stack size set to   600000.
2026-03-20 12:35:13,348 - isca - DEBUG - starting            1  OpenMP threads per MPI-task
2026-03-20 12:35:13,350 - isca - DEBUG - ATMOS MODEL DOMAIN DECOMPOSITION
2026-03-20 12:35:13,350 - isca - DEBUG - X-AXIS =  128
2026-03-20 12:35:13,350 - isca - DEBUG - Y-AXIS =    4   4   4   4   4   4   4   4   4   4   4   4   4   4   4   4
2026-03-20 12:35:13,404 - isca - DEBUG - NOTE from PE    0: cloud_simple: Using SimCloud cloud scheme
2026-03-20 12:35:13,405 - isca - DEBUG - NOTE from PE    0: ls_cloud: Using Sundqvist (1989) cloud fraction diagnostic formula.
2026-03-20 12:35:13,406 - isca - DEBUG - NOTE from PE    0: cloud_cover: The cloud overlap assumption is MAXIMUM-RANDOM
2026-03-20 12:35:13,406 - isca - DEBUG - NOTE from PE    0: idealized_moist_phys: Using Frierson Quasi-Equilibrium convection scheme.
2026-03-20 12:35:13,414 - isca - DEBUG - 
2026-03-20 12:35:13,414 - isca - WARNING - WARNING from PE    0: socrates_init: lw_hires_spectral_filename is unset, making equal to lw_spectral_filename
2026-03-20 12:35:13,414 - isca - DEBUG - 
2026-03-20 12:35:13,414 - isca - DEBUG - 
2026-03-20 12:35:13,414 - isca - WARNING - WARNING from PE    0: socrates_init: lw_hires_spectral_filename is unset, making equal to lw_spectral_filename
2026-03-20 12:35:13,414 - isca - DEBUG - 
2026-03-20 12:35:13,414 - isca - DEBUG - 
2026-03-20 12:35:13,414 - isca - WARNING - WARNING from PE    0: socrates_init: sw_hires_spectral_filename is unset, making equal to sw_spectral_filename
2026-03-20 12:35:13,414 - isca - DEBUG - 
2026-03-20 12:35:13,414 - isca - DEBUG - 
2026-03-20 12:35:13,414 - isca - WARNING - WARNING from PE    0: socrates_init: sw_hires_spectral_filename is unset, making equal to sw_spectral_filename
2026-03-20 12:35:13,414 - isca - DEBUG - 
2026-03-20 12:35:14,532 - isca - DEBUG - NOTE from PE    0: Interpolator: Using input file with no time dimension - ozone_1990_notime_zero.nc
2026-03-20 12:35:14,532 - isca - DEBUG - Initializing src field : ozone_1990
2026-03-20 12:35:14,534 - isca - DEBUG - 
2026-03-20 12:35:14,534 - isca - DEBUG - -----------------------------------
2026-03-20 12:35:14,534 - isca - DEBUG - ____                       _
2026-03-20 12:35:14,534 - isca - DEBUG - / ___|  ___   ___ _ __ __ _| |_ ___  ___
2026-03-20 12:35:14,534 - isca - DEBUG - \___ \ / _ \ / __|  __/ _` | __/ _ \/ __|
2026-03-20 12:35:14,534 - isca - DEBUG - ___) | (_) | (__| | | (_| | ||  __/\__ \
2026-03-20 12:35:14,534 - isca - DEBUG - |____/ \___/ \___|_|  \__,_|\__\___||___/
2026-03-20 12:35:14,534 - isca - DEBUG - 
2026-03-20 12:35:14,534 - isca - DEBUG - Initialised Socrates v17.03
2026-03-20 12:35:14,534 - isca - DEBUG - Stellar constant =    1860.00000000000
2026-03-20 12:35:14,534 - isca - DEBUG - Longwave spectral file =
2026-03-20 12:35:14,534 - isca - DEBUG - /proj/bolinc/users/x_ryabo/socrates_edited_for_isca/spectral_files_for_GCMs/Sun
2026-03-20 12:35:14,534 - isca - DEBUG - /miniSuran_lw.sf WITH           16  bands
2026-03-20 12:35:14,534 - isca - DEBUG - Longwave hires spectral file =
2026-03-20 12:35:14,534 - isca - DEBUG - /proj/bolinc/users/x_ryabo/socrates_edited_for_isca/spectral_files_for_GCMs/Sun
2026-03-20 12:35:14,534 - isca - DEBUG - /miniSuran_lw.sf WITH           16  bands
2026-03-20 12:35:14,534 - isca - DEBUG - Shortwave spectral file =
2026-03-20 12:35:14,534 - isca - DEBUG - /proj/bolinc/users/x_ryabo/socrates_edited_for_isca/spectral_files_for_GCMs/Sun
2026-03-20 12:35:14,534 - isca - DEBUG - /miniSuran_sw.sf WITH           16  bands
2026-03-20 12:35:14,534 - isca - DEBUG - Shortwave hires spectral file =
2026-03-20 12:35:14,534 - isca - DEBUG - /proj/bolinc/users/x_ryabo/socrates_edited_for_isca/spectral_files_for_GCMs/Sun
2026-03-20 12:35:14,534 - isca - DEBUG - /miniSuran_sw.sf WITH           16  bands
2026-03-20 12:35:14,534 - isca - DEBUG - 
2026-03-20 12:35:14,535 - isca - DEBUG - -----------------------------------
2026-03-20 12:35:14,535 - isca - DEBUG - 
2026-03-20 12:35:42,025 - isca - DEBUG - Integration completed through    4 Dec  2   0: 0: 0
2026-03-20 12:36:09,366 - isca - DEBUG - Integration completed through    4 Dec  3   0: 0: 0
2026-03-20 12:36:36,749 - isca - DEBUG - Integration completed through    4 Dec  4   0: 0: 0
2026-03-20 12:37:04,274 - isca - DEBUG - Integration completed through    4 Dec  5   0: 0: 0
2026-03-20 12:37:32,071 - isca - DEBUG - Integration completed through    4 Dec  6   0: 0: 0
2026-03-20 12:37:59,778 - isca - DEBUG - Integration completed through    4 Dec  7   0: 0: 0
2026-03-20 12:38:27,444 - isca - DEBUG - Integration completed through    4 Dec  8   0: 0: 0
2026-03-20 12:38:54,956 - isca - DEBUG - Integration completed through    4 Dec  9   0: 0: 0
2026-03-20 12:39:22,345 - isca - DEBUG - Integration completed through    4 Dec 10   0: 0: 0
2026-03-20 12:39:49,740 - isca - DEBUG - Integration completed through    4 Dec 11   0: 0: 0
2026-03-20 12:40:17,367 - isca - DEBUG - Integration completed through    4 Dec 12   0: 0: 0
2026-03-20 12:40:45,010 - isca - DEBUG - Integration completed through    4 Dec 13   0: 0: 0
2026-03-20 12:41:12,685 - isca - DEBUG - Integration completed through    4 Dec 14   0: 0: 0
2026-03-20 12:41:40,304 - isca - DEBUG - Integration completed through    4 Dec 15   0: 0: 0
2026-03-20 12:42:07,790 - isca - DEBUG - Integration completed through    4 Dec 16   0: 0: 0
2026-03-20 12:42:35,263 - isca - DEBUG - Integration completed through    4 Dec 17   0: 0: 0
2026-03-20 12:43:02,842 - isca - DEBUG - Integration completed through    4 Dec 18   0: 0: 0
2026-03-20 12:43:30,506 - isca - DEBUG - Integration completed through    4 Dec 19   0: 0: 0
2026-03-20 12:43:58,207 - isca - DEBUG - Integration completed through    4 Dec 20   0: 0: 0
2026-03-20 12:44:25,821 - isca - DEBUG - Integration completed through    4 Dec 21   0: 0: 0
2026-03-20 12:44:53,379 - isca - DEBUG - Integration completed through    4 Dec 22   0: 0: 0
2026-03-20 12:45:20,804 - isca - DEBUG - Integration completed through    4 Dec 23   0: 0: 0
2026-03-20 12:45:48,144 - isca - DEBUG - Integration completed through    4 Dec 24   0: 0: 0
2026-03-20 12:46:15,665 - isca - DEBUG - Integration completed through    4 Dec 25   0: 0: 0
2026-03-20 12:46:43,278 - isca - DEBUG - Integration completed through    4 Dec 26   0: 0: 0
2026-03-20 12:47:10,959 - isca - DEBUG - Integration completed through    4 Dec 27   0: 0: 0
2026-03-20 12:47:38,649 - isca - DEBUG - Integration completed through    4 Dec 28   0: 0: 0
2026-03-20 12:48:06,159 - isca - DEBUG - Integration completed through    4 Dec 29   0: 0: 0
2026-03-20 12:48:33,771 - isca - DEBUG - Integration completed through    4 Dec 30   0: 0: 0
2026-03-20 12:49:01,200 - isca - DEBUG - Integration completed through    5 Jan  1   0: 0: 0
2026-03-20 12:49:01,209 - isca - DEBUG - 
2026-03-20 12:49:01,209 - isca - WARNING - WARNING from PE    0: diag_util_mod::opening_file: module/field_name (socrates/soc_toa_sw_down_clr) NOT registered
2026-03-20 12:49:01,209 - isca - DEBUG - 
2026-03-20 12:49:01,209 - isca - DEBUG - 
2026-03-20 12:49:01,210 - isca - WARNING - WARNING from PE    0: diag_util_mod::opening_file: module/field_name (cloud_simple/rh_min) NOT registered
2026-03-20 12:49:01,210 - isca - DEBUG - 
2026-03-20 12:49:01,210 - isca - DEBUG - 
2026-03-20 12:49:01,210 - isca - WARNING - WARNING from PE    0: diag_util_mod::opening_file: module/field_name (socrates/soc_toa_sw_down_clr) NOT registered
2026-03-20 12:49:01,210 - isca - DEBUG - 
2026-03-20 12:49:01,210 - isca - DEBUG - 
2026-03-20 12:49:01,210 - isca - WARNING - WARNING from PE    0: diag_util_mod::opening_file: module/field_name (cloud_simple/rh_min) NOT registered
2026-03-20 12:49:01,210 - isca - DEBUG - 
2026-03-20 12:49:01,220 - isca - DEBUG - NOTE from PE    0: MPP_IO_SET_STACK_SIZE: stack size set to     393216.
2026-03-20 12:49:01,320 - isca - DEBUG - MPP_DOMAINS_STACK high water mark=       49152
2026-03-20 12:49:01,320 - isca - DEBUG - 
2026-03-20 12:49:01,320 - isca - DEBUG - Tabulating mpp_clock statistics across     16 PEs...
2026-03-20 12:49:01,320 - isca - DEBUG - 
2026-03-20 12:49:01,320 - isca - DEBUG - tmin          tmax          tavg          tstd  tfrac grain pemin pemax
2026-03-20 12:49:01,320 - isca - DEBUG - Total runtime                       827.982563    827.987651    827.985061      0.001492  1.000     0     0    15
2026-03-20 12:49:01,321 - isca - DEBUG - MPP_STACK high water mark=           0
2026-03-20 12:49:01,487 - isca - INFO - Run 48 complete
2026-03-20 12:49:02,493 - isca - DEBUG - atmos_monthly.nc combined and copied to data directory
2026-03-20 12:49:05,714 - isca - INFO - Restart archive created at /proj/bolinc/users/x_ryabo/Isca-Ryan_outputs/Earth_1860/restarts/res0048.tar.gz
2026-03-20 12:49:05,726 - isca - INFO - Writing namelist to '/proj/bolinc/users/x_ryabo/Isca-Ryan_outputs/Earth_1860/run0048/input.nml'
2026-03-20 12:49:05,728 - isca - INFO - Writing field_table to '/proj/bolinc/users/x_ryabo/Isca-Ryan_outputs/Earth_1860/run0048/field_table'
2026-03-20 12:49:05,739 - isca - INFO - Writing diag_table to '/proj/bolinc/users/x_ryabo/Isca-Ryan_outputs/Earth_1860/run0048/diag_table'
2026-03-20 12:49:06,091 - isca - INFO - Emptied run directory '/home/x_ryabo/Isca-Ryan_tmp/experiment/Earth_1860/run'
2026-03-20 12:49:06,115 - isca - INFO - Emptied run directory '/home/x_ryabo/Isca-Ryan_tmp/experiment/Earth_1860/run'
2026-03-20 12:49:06,450 - isca - INFO - Writing namelist to '/home/x_ryabo/Isca-Ryan_tmp/experiment/Earth_1860/run/input.nml'
2026-03-20 12:49:06,451 - isca - INFO - Writing field_table to '/home/x_ryabo/Isca-Ryan_tmp/experiment/Earth_1860/run/field_table'
2026-03-20 12:49:06,464 - isca - INFO - Writing diag_table to '/home/x_ryabo/Isca-Ryan_tmp/experiment/Earth_1860/run/diag_table'
2026-03-20 12:49:06,509 - isca - INFO - Using restart file '/proj/bolinc/users/x_ryabo/Isca-Ryan_outputs/Earth_1860/restarts/res0048.tar.gz'
2026-03-20 12:49:06,924 - isca - INFO - Restart /proj/bolinc/users/x_ryabo/Isca-Ryan_outputs/Earth_1860/restarts/res0048.tar.gz extracted to /home/x_ryabo/Isca-Ryan_tmp/experiment/Earth_1860/run/INPUT
2026-03-20 12:49:06,924 - isca - INFO - Beginning run 49
2026-03-20 12:49:06,936 - isca - INFO - process running as 101881
2026-03-20 12:49:06,937 - isca - DEBUG - loadmodules for Isca on NSC cluster Tetralith
2026-03-20 12:49:06,937 - isca - DEBUG - mpiifort
2026-03-20 12:49:07,049 - isca - DEBUG - The following modules were not unloaded:
2026-03-20 12:49:07,049 - isca - DEBUG - (Use "module --force purge" to unload all):
2026-03-20 12:49:07,049 - isca - DEBUG - 
2026-03-20 12:49:07,049 - isca - DEBUG - 1) hpc/.1.10.1
2026-03-20 12:49:07,152 - isca - DEBUG - ***************************************************
2026-03-20 12:49:07,152 - isca - DEBUG - You have loaded a buildenv module
2026-03-20 12:49:07,152 - isca - DEBUG - ***************************************************
2026-03-20 12:49:07,152 - isca - DEBUG - The buldenv-intel module makes available:
2026-03-20 12:49:07,152 - isca - DEBUG - - Compilers: icc, ifort, etc.
2026-03-20 12:49:07,152 - isca - DEBUG - - Mpi library with mpi-wrapped compilers: intel mpi with mpicc, mpifort, etc.
2026-03-20 12:49:07,152 - isca - DEBUG - - Numerical libraries: intel MKL
2026-03-20 12:49:07,152 - isca - DEBUG - 
2026-03-20 12:49:07,152 - isca - DEBUG - It also makes a set of dependency library modules available via
2026-03-20 12:49:07,153 - isca - DEBUG - the regular module command. Just do:
2026-03-20 12:49:07,153 - isca - DEBUG - module avail
2026-03-20 12:49:07,153 - isca - DEBUG - to see what is available.
2026-03-20 12:49:07,153 - isca - DEBUG - 
2026-03-20 12:49:07,153 - isca - DEBUG - NOTE: You shoud never load build environments inside submitted jobs.
2026-03-20 12:49:07,153 - isca - DEBUG - (with the single exception of when using supercomputer time to compile code.)
2026-03-20 12:49:07,153 - isca - DEBUG - 
2026-03-20 12:49:08,347 - isca - DEBUG - NOTE from PE    0: MPP_DOMAINS_SET_STACK_SIZE: stack size set to    32768.
2026-03-20 12:49:08,348 - isca - DEBUG - &MPP_IO_NML
2026-03-20 12:49:08,348 - isca - DEBUG - HEADER_BUFFER_VAL       =       16384,
2026-03-20 12:49:08,348 - isca - DEBUG - GLOBAL_FIELD_ON_ROOT_PE = T,
2026-03-20 12:49:08,348 - isca - DEBUG - IO_CLOCKS_ON    = F,
2026-03-20 12:49:08,348 - isca - DEBUG - SHUFFLE =           0,
2026-03-20 12:49:08,348 - isca - DEBUG - DEFLATE_LEVEL   =          -1
2026-03-20 12:49:08,348 - isca - DEBUG - /
2026-03-20 12:49:08,349 - isca - DEBUG - NOTE from PE    0: MPP_IO_SET_STACK_SIZE: stack size set to     131072.
2026-03-20 12:49:08,350 - isca - DEBUG - NOTE from PE    0: MPP_DOMAINS_SET_STACK_SIZE: stack size set to   600000.
2026-03-20 12:49:08,357 - isca - DEBUG - starting            1  OpenMP threads per MPI-task
2026-03-20 12:49:08,359 - isca - DEBUG - ATMOS MODEL DOMAIN DECOMPOSITION
2026-03-20 12:49:08,359 - isca - DEBUG - X-AXIS =  128
2026-03-20 12:49:08,359 - isca - DEBUG - Y-AXIS =    4   4   4   4   4   4   4   4   4   4   4   4   4   4   4   4
2026-03-20 12:49:08,410 - isca - DEBUG - NOTE from PE    0: cloud_simple: Using SimCloud cloud scheme
2026-03-20 12:49:08,411 - isca - DEBUG - NOTE from PE    0: ls_cloud: Using Sundqvist (1989) cloud fraction diagnostic formula.
2026-03-20 12:49:08,412 - isca - DEBUG - NOTE from PE    0: cloud_cover: The cloud overlap assumption is MAXIMUM-RANDOM
2026-03-20 12:49:08,412 - isca - DEBUG - NOTE from PE    0: idealized_moist_phys: Using Frierson Quasi-Equilibrium convection scheme.
2026-03-20 12:49:08,421 - isca - DEBUG - 
2026-03-20 12:49:08,421 - isca - WARNING - WARNING from PE    0: socrates_init: lw_hires_spectral_filename is unset, making equal to lw_spectral_filename
2026-03-20 12:49:08,421 - isca - DEBUG - 
2026-03-20 12:49:08,421 - isca - DEBUG - 
2026-03-20 12:49:08,421 - isca - WARNING - WARNING from PE    0: socrates_init: lw_hires_spectral_filename is unset, making equal to lw_spectral_filename
2026-03-20 12:49:08,421 - isca - DEBUG - 
2026-03-20 12:49:08,421 - isca - DEBUG - 
2026-03-20 12:49:08,421 - isca - WARNING - WARNING from PE    0: socrates_init: sw_hires_spectral_filename is unset, making equal to sw_spectral_filename
2026-03-20 12:49:08,421 - isca - DEBUG - 
2026-03-20 12:49:08,421 - isca - DEBUG - 
2026-03-20 12:49:08,421 - isca - WARNING - WARNING from PE    0: socrates_init: sw_hires_spectral_filename is unset, making equal to sw_spectral_filename
2026-03-20 12:49:08,421 - isca - DEBUG - 
2026-03-20 12:49:09,532 - isca - DEBUG - NOTE from PE    0: Interpolator: Using input file with no time dimension - ozone_1990_notime_zero.nc
2026-03-20 12:49:09,532 - isca - DEBUG - Initializing src field : ozone_1990
2026-03-20 12:49:09,534 - isca - DEBUG - 
2026-03-20 12:49:09,534 - isca - DEBUG - -----------------------------------
2026-03-20 12:49:09,534 - isca - DEBUG - ____                       _
2026-03-20 12:49:09,534 - isca - DEBUG - / ___|  ___   ___ _ __ __ _| |_ ___  ___
2026-03-20 12:49:09,534 - isca - DEBUG - \___ \ / _ \ / __|  __/ _` | __/ _ \/ __|
2026-03-20 12:49:09,534 - isca - DEBUG - ___) | (_) | (__| | | (_| | ||  __/\__ \
2026-03-20 12:49:09,534 - isca - DEBUG - |____/ \___/ \___|_|  \__,_|\__\___||___/
2026-03-20 12:49:09,534 - isca - DEBUG - 
2026-03-20 12:49:09,534 - isca - DEBUG - Initialised Socrates v17.03
2026-03-20 12:49:09,534 - isca - DEBUG - Stellar constant =    1860.00000000000
2026-03-20 12:49:09,534 - isca - DEBUG - Longwave spectral file =
2026-03-20 12:49:09,534 - isca - DEBUG - /proj/bolinc/users/x_ryabo/socrates_edited_for_isca/spectral_files_for_GCMs/Sun
2026-03-20 12:49:09,534 - isca - DEBUG - /miniSuran_lw.sf WITH           16  bands
2026-03-20 12:49:09,534 - isca - DEBUG - Longwave hires spectral file =
2026-03-20 12:49:09,534 - isca - DEBUG - /proj/bolinc/users/x_ryabo/socrates_edited_for_isca/spectral_files_for_GCMs/Sun
2026-03-20 12:49:09,534 - isca - DEBUG - /miniSuran_lw.sf WITH           16  bands
2026-03-20 12:49:09,534 - isca - DEBUG - Shortwave spectral file =
2026-03-20 12:49:09,534 - isca - DEBUG - /proj/bolinc/users/x_ryabo/socrates_edited_for_isca/spectral_files_for_GCMs/Sun
2026-03-20 12:49:09,535 - isca - DEBUG - /miniSuran_sw.sf WITH           16  bands
2026-03-20 12:49:09,535 - isca - DEBUG - Shortwave hires spectral file =
2026-03-20 12:49:09,535 - isca - DEBUG - /proj/bolinc/users/x_ryabo/socrates_edited_for_isca/spectral_files_for_GCMs/Sun
2026-03-20 12:49:09,535 - isca - DEBUG - /miniSuran_sw.sf WITH           16  bands
2026-03-20 12:49:09,535 - isca - DEBUG - 
2026-03-20 12:49:09,535 - isca - DEBUG - -----------------------------------
2026-03-20 12:49:09,535 - isca - DEBUG - 
2026-03-20 12:49:37,286 - isca - DEBUG - Integration completed through    5 Jan  2   0: 0: 0
2026-03-20 12:50:04,999 - isca - DEBUG - Integration completed through    5 Jan  3   0: 0: 0
2026-03-20 12:50:32,665 - isca - DEBUG - Integration completed through    5 Jan  4   0: 0: 0
2026-03-20 12:51:00,160 - isca - DEBUG - Integration completed through    5 Jan  5   0: 0: 0
2026-03-20 12:51:27,577 - isca - DEBUG - Integration completed through    5 Jan  6   0: 0: 0
2026-03-20 12:51:55,046 - isca - DEBUG - Integration completed through    5 Jan  7   0: 0: 0
2026-03-20 12:52:22,733 - isca - DEBUG - Integration completed through    5 Jan  8   0: 0: 0
2026-03-20 12:52:50,512 - isca - DEBUG - Integration completed through    5 Jan  9   0: 0: 0
2026-03-20 12:53:18,283 - isca - DEBUG - Integration completed through    5 Jan 10   0: 0: 0
2026-03-20 12:53:46,009 - isca - DEBUG - Integration completed through    5 Jan 11   0: 0: 0
2026-03-20 12:54:13,457 - isca - DEBUG - Integration completed through    5 Jan 12   0: 0: 0
2026-03-20 12:54:40,794 - isca - DEBUG - Integration completed through    5 Jan 13   0: 0: 0
2026-03-20 12:55:08,285 - isca - DEBUG - Integration completed through    5 Jan 14   0: 0: 0
2026-03-20 12:55:36,060 - isca - DEBUG - Integration completed through    5 Jan 15   0: 0: 0
2026-03-20 12:56:03,939 - isca - DEBUG - Integration completed through    5 Jan 16   0: 0: 0
2026-03-20 12:56:31,680 - isca - DEBUG - Integration completed through    5 Jan 17   0: 0: 0
2026-03-20 12:56:59,212 - isca - DEBUG - Integration completed through    5 Jan 18   0: 0: 0
2026-03-20 12:57:26,610 - isca - DEBUG - Integration completed through    5 Jan 19   0: 0: 0
2026-03-20 12:57:54,030 - isca - DEBUG - Integration completed through    5 Jan 20   0: 0: 0
2026-03-20 12:58:21,688 - isca - DEBUG - Integration completed through    5 Jan 21   0: 0: 0
2026-03-20 12:58:49,509 - isca - DEBUG - Integration completed through    5 Jan 22   0: 0: 0
2026-03-20 12:59:17,357 - isca - DEBUG - Integration completed through    5 Jan 23   0: 0: 0
2026-03-20 12:59:45,159 - isca - DEBUG - Integration completed through    5 Jan 24   0: 0: 0
2026-03-20 13:00:12,676 - isca - DEBUG - Integration completed through    5 Jan 25   0: 0: 0
2026-03-20 13:00:40,148 - isca - DEBUG - Integration completed through    5 Jan 26   0: 0: 0
2026-03-20 13:01:07,664 - isca - DEBUG - Integration completed through    5 Jan 27   0: 0: 0
2026-03-20 13:01:35,365 - isca - DEBUG - Integration completed through    5 Jan 28   0: 0: 0
2026-03-20 13:02:03,110 - isca - DEBUG - Integration completed through    5 Jan 29   0: 0: 0
2026-03-20 13:02:30,794 - isca - DEBUG - Integration completed through    5 Jan 30   0: 0: 0
2026-03-20 13:02:58,301 - isca - DEBUG - Integration completed through    5 Feb  1   0: 0: 0
2026-03-20 13:02:58,412 - isca - DEBUG - 
2026-03-20 13:02:58,412 - isca - WARNING - WARNING from PE    0: diag_util_mod::opening_file: module/field_name (socrates/soc_toa_sw_down_clr) NOT registered
2026-03-20 13:02:58,412 - isca - DEBUG - 
2026-03-20 13:02:58,412 - isca - DEBUG - 
2026-03-20 13:02:58,412 - isca - WARNING - WARNING from PE    0: diag_util_mod::opening_file: module/field_name (cloud_simple/rh_min) NOT registered
2026-03-20 13:02:58,412 - isca - DEBUG - 
2026-03-20 13:02:58,412 - isca - DEBUG - 
2026-03-20 13:02:58,412 - isca - WARNING - WARNING from PE    0: diag_util_mod::opening_file: module/field_name (socrates/soc_toa_sw_down_clr) NOT registered
2026-03-20 13:02:58,412 - isca - DEBUG - 
2026-03-20 13:02:58,412 - isca - DEBUG - 
2026-03-20 13:02:58,412 - isca - WARNING - WARNING from PE    0: diag_util_mod::opening_file: module/field_name (cloud_simple/rh_min) NOT registered
2026-03-20 13:02:58,412 - isca - DEBUG - 
2026-03-20 13:02:58,422 - isca - DEBUG - NOTE from PE    0: MPP_IO_SET_STACK_SIZE: stack size set to     393216.
2026-03-20 13:02:58,636 - isca - DEBUG - MPP_DOMAINS_STACK high water mark=       49152
2026-03-20 13:02:58,636 - isca - DEBUG - 
2026-03-20 13:02:58,636 - isca - DEBUG - Tabulating mpp_clock statistics across     16 PEs...
2026-03-20 13:02:58,636 - isca - DEBUG - 
2026-03-20 13:02:58,636 - isca - DEBUG - tmin          tmax          tavg          tstd  tfrac grain pemin pemax
2026-03-20 13:02:58,637 - isca - DEBUG - Total runtime                       830.286511    830.291117    830.289272      0.001355  1.000     0     0    15
2026-03-20 13:02:58,637 - isca - DEBUG - MPP_STACK high water mark=           0
2026-03-20 13:02:58,719 - isca - INFO - Run 49 complete
2026-03-20 13:02:59,650 - isca - DEBUG - atmos_monthly.nc combined and copied to data directory
2026-03-20 13:03:02,867 - isca - INFO - Restart archive created at /proj/bolinc/users/x_ryabo/Isca-Ryan_outputs/Earth_1860/restarts/res0049.tar.gz
2026-03-20 13:03:02,880 - isca - INFO - Writing namelist to '/proj/bolinc/users/x_ryabo/Isca-Ryan_outputs/Earth_1860/run0049/input.nml'
2026-03-20 13:03:02,882 - isca - INFO - Writing field_table to '/proj/bolinc/users/x_ryabo/Isca-Ryan_outputs/Earth_1860/run0049/field_table'
2026-03-20 13:03:02,893 - isca - INFO - Writing diag_table to '/proj/bolinc/users/x_ryabo/Isca-Ryan_outputs/Earth_1860/run0049/diag_table'
2026-03-20 13:03:03,262 - isca - INFO - Emptied run directory '/home/x_ryabo/Isca-Ryan_tmp/experiment/Earth_1860/run'
2026-03-20 13:03:03,283 - isca - INFO - Emptied run directory '/home/x_ryabo/Isca-Ryan_tmp/experiment/Earth_1860/run'
2026-03-20 13:03:03,609 - isca - INFO - Writing namelist to '/home/x_ryabo/Isca-Ryan_tmp/experiment/Earth_1860/run/input.nml'
2026-03-20 13:03:03,611 - isca - INFO - Writing field_table to '/home/x_ryabo/Isca-Ryan_tmp/experiment/Earth_1860/run/field_table'
2026-03-20 13:03:03,624 - isca - INFO - Writing diag_table to '/home/x_ryabo/Isca-Ryan_tmp/experiment/Earth_1860/run/diag_table'
2026-03-20 13:03:03,637 - isca - INFO - Using restart file '/proj/bolinc/users/x_ryabo/Isca-Ryan_outputs/Earth_1860/restarts/res0049.tar.gz'
2026-03-20 13:03:04,048 - isca - INFO - Restart /proj/bolinc/users/x_ryabo/Isca-Ryan_outputs/Earth_1860/restarts/res0049.tar.gz extracted to /home/x_ryabo/Isca-Ryan_tmp/experiment/Earth_1860/run/INPUT
2026-03-20 13:03:04,049 - isca - INFO - Beginning run 50
2026-03-20 13:03:04,065 - isca - INFO - process running as 102716
2026-03-20 13:03:04,065 - isca - DEBUG - loadmodules for Isca on NSC cluster Tetralith
2026-03-20 13:03:04,065 - isca - DEBUG - mpiifort
2026-03-20 13:03:04,177 - isca - DEBUG - The following modules were not unloaded:
2026-03-20 13:03:04,177 - isca - DEBUG - (Use "module --force purge" to unload all):
2026-03-20 13:03:04,177 - isca - DEBUG - 
2026-03-20 13:03:04,177 - isca - DEBUG - 1) hpc/.1.10.1
2026-03-20 13:03:04,281 - isca - DEBUG - ***************************************************
2026-03-20 13:03:04,281 - isca - DEBUG - You have loaded a buildenv module
2026-03-20 13:03:04,281 - isca - DEBUG - ***************************************************
2026-03-20 13:03:04,281 - isca - DEBUG - The buldenv-intel module makes available:
2026-03-20 13:03:04,282 - isca - DEBUG - - Compilers: icc, ifort, etc.
2026-03-20 13:03:04,282 - isca - DEBUG - - Mpi library with mpi-wrapped compilers: intel mpi with mpicc, mpifort, etc.
2026-03-20 13:03:04,282 - isca - DEBUG - - Numerical libraries: intel MKL
2026-03-20 13:03:04,282 - isca - DEBUG - 
2026-03-20 13:03:04,282 - isca - DEBUG - It also makes a set of dependency library modules available via
2026-03-20 13:03:04,282 - isca - DEBUG - the regular module command. Just do:
2026-03-20 13:03:04,282 - isca - DEBUG - module avail
2026-03-20 13:03:04,282 - isca - DEBUG - to see what is available.
2026-03-20 13:03:04,282 - isca - DEBUG - 
2026-03-20 13:03:04,282 - isca - DEBUG - NOTE: You shoud never load build environments inside submitted jobs.
2026-03-20 13:03:04,282 - isca - DEBUG - (with the single exception of when using supercomputer time to compile code.)
2026-03-20 13:03:04,282 - isca - DEBUG - 
2026-03-20 13:03:10,583 - isca - DEBUG - NOTE from PE    0: MPP_DOMAINS_SET_STACK_SIZE: stack size set to    32768.
2026-03-20 13:03:10,584 - isca - DEBUG - &MPP_IO_NML
2026-03-20 13:03:10,584 - isca - DEBUG - HEADER_BUFFER_VAL       =       16384,
2026-03-20 13:03:10,584 - isca - DEBUG - GLOBAL_FIELD_ON_ROOT_PE = T,
2026-03-20 13:03:10,584 - isca - DEBUG - IO_CLOCKS_ON    = F,
2026-03-20 13:03:10,584 - isca - DEBUG - SHUFFLE =           0,
2026-03-20 13:03:10,584 - isca - DEBUG - DEFLATE_LEVEL   =          -1
2026-03-20 13:03:10,584 - isca - DEBUG - /
2026-03-20 13:03:10,585 - isca - DEBUG - NOTE from PE    0: MPP_IO_SET_STACK_SIZE: stack size set to     131072.
2026-03-20 13:03:10,586 - isca - DEBUG - NOTE from PE    0: MPP_DOMAINS_SET_STACK_SIZE: stack size set to   600000.
2026-03-20 13:03:10,595 - isca - DEBUG - starting            1  OpenMP threads per MPI-task
2026-03-20 13:03:10,597 - isca - DEBUG - ATMOS MODEL DOMAIN DECOMPOSITION
2026-03-20 13:03:10,597 - isca - DEBUG - X-AXIS =  128
2026-03-20 13:03:10,597 - isca - DEBUG - Y-AXIS =    4   4   4   4   4   4   4   4   4   4   4   4   4   4   4   4
2026-03-20 13:03:10,646 - isca - DEBUG - NOTE from PE    0: cloud_simple: Using SimCloud cloud scheme
2026-03-20 13:03:10,647 - isca - DEBUG - NOTE from PE    0: ls_cloud: Using Sundqvist (1989) cloud fraction diagnostic formula.
2026-03-20 13:03:10,648 - isca - DEBUG - NOTE from PE    0: cloud_cover: The cloud overlap assumption is MAXIMUM-RANDOM
2026-03-20 13:03:10,648 - isca - DEBUG - NOTE from PE    0: idealized_moist_phys: Using Frierson Quasi-Equilibrium convection scheme.
2026-03-20 13:03:10,656 - isca - DEBUG - 
2026-03-20 13:03:10,656 - isca - WARNING - WARNING from PE    0: socrates_init: lw_hires_spectral_filename is unset, making equal to lw_spectral_filename
2026-03-20 13:03:10,657 - isca - DEBUG - 
2026-03-20 13:03:10,657 - isca - DEBUG - 
2026-03-20 13:03:10,657 - isca - WARNING - WARNING from PE    0: socrates_init: lw_hires_spectral_filename is unset, making equal to lw_spectral_filename
2026-03-20 13:03:10,657 - isca - DEBUG - 
2026-03-20 13:03:10,657 - isca - DEBUG - 
2026-03-20 13:03:10,657 - isca - WARNING - WARNING from PE    0: socrates_init: sw_hires_spectral_filename is unset, making equal to sw_spectral_filename
2026-03-20 13:03:10,657 - isca - DEBUG - 
2026-03-20 13:03:10,657 - isca - DEBUG - 
2026-03-20 13:03:10,657 - isca - WARNING - WARNING from PE    0: socrates_init: sw_hires_spectral_filename is unset, making equal to sw_spectral_filename
2026-03-20 13:03:10,657 - isca - DEBUG - 
2026-03-20 13:03:11,739 - isca - DEBUG - NOTE from PE    0: Interpolator: Using input file with no time dimension - ozone_1990_notime_zero.nc
2026-03-20 13:03:11,739 - isca - DEBUG - Initializing src field : ozone_1990
2026-03-20 13:03:11,740 - isca - DEBUG - 
2026-03-20 13:03:11,740 - isca - DEBUG - -----------------------------------
2026-03-20 13:03:11,740 - isca - DEBUG - ____                       _
2026-03-20 13:03:11,740 - isca - DEBUG - / ___|  ___   ___ _ __ __ _| |_ ___  ___
2026-03-20 13:03:11,740 - isca - DEBUG - \___ \ / _ \ / __|  __/ _` | __/ _ \/ __|
2026-03-20 13:03:11,740 - isca - DEBUG - ___) | (_) | (__| | | (_| | ||  __/\__ \
2026-03-20 13:03:11,740 - isca - DEBUG - |____/ \___/ \___|_|  \__,_|\__\___||___/
2026-03-20 13:03:11,740 - isca - DEBUG - 
2026-03-20 13:03:11,740 - isca - DEBUG - Initialised Socrates v17.03
2026-03-20 13:03:11,740 - isca - DEBUG - Stellar constant =    1860.00000000000
2026-03-20 13:03:11,740 - isca - DEBUG - Longwave spectral file =
2026-03-20 13:03:11,740 - isca - DEBUG - /proj/bolinc/users/x_ryabo/socrates_edited_for_isca/spectral_files_for_GCMs/Sun
2026-03-20 13:03:11,740 - isca - DEBUG - /miniSuran_lw.sf WITH           16  bands
2026-03-20 13:03:11,741 - isca - DEBUG - Longwave hires spectral file =
2026-03-20 13:03:11,741 - isca - DEBUG - /proj/bolinc/users/x_ryabo/socrates_edited_for_isca/spectral_files_for_GCMs/Sun
2026-03-20 13:03:11,741 - isca - DEBUG - /miniSuran_lw.sf WITH           16  bands
2026-03-20 13:03:11,741 - isca - DEBUG - Shortwave spectral file =
2026-03-20 13:03:11,741 - isca - DEBUG - /proj/bolinc/users/x_ryabo/socrates_edited_for_isca/spectral_files_for_GCMs/Sun
2026-03-20 13:03:11,741 - isca - DEBUG - /miniSuran_sw.sf WITH           16  bands
2026-03-20 13:03:11,741 - isca - DEBUG - Shortwave hires spectral file =
2026-03-20 13:03:11,741 - isca - DEBUG - /proj/bolinc/users/x_ryabo/socrates_edited_for_isca/spectral_files_for_GCMs/Sun
2026-03-20 13:03:11,741 - isca - DEBUG - /miniSuran_sw.sf WITH           16  bands
2026-03-20 13:03:11,741 - isca - DEBUG - 
2026-03-20 13:03:11,741 - isca - DEBUG - -----------------------------------
2026-03-20 13:03:11,741 - isca - DEBUG - 
2026-03-20 13:03:38,989 - isca - DEBUG - Integration completed through    5 Feb  2   0: 0: 0
2026-03-20 13:04:06,285 - isca - DEBUG - Integration completed through    5 Feb  3   0: 0: 0
2026-03-20 13:04:33,792 - isca - DEBUG - Integration completed through    5 Feb  4   0: 0: 0
2026-03-20 13:05:01,348 - isca - DEBUG - Integration completed through    5 Feb  5   0: 0: 0
2026-03-20 13:05:28,950 - isca - DEBUG - Integration completed through    5 Feb  6   0: 0: 0
2026-03-20 13:05:56,506 - isca - DEBUG - Integration completed through    5 Feb  7   0: 0: 0
2026-03-20 13:06:23,710 - isca - DEBUG - Integration completed through    5 Feb  8   0: 0: 0
2026-03-20 13:06:50,855 - isca - DEBUG - Integration completed through    5 Feb  9   0: 0: 0
2026-03-20 13:07:18,132 - isca - DEBUG - Integration completed through    5 Feb 10   0: 0: 0
2026-03-20 13:07:45,626 - isca - DEBUG - Integration completed through    5 Feb 11   0: 0: 0
2026-03-20 13:08:13,222 - isca - DEBUG - Integration completed through    5 Feb 12   0: 0: 0
2026-03-20 13:08:40,672 - isca - DEBUG - Integration completed through    5 Feb 13   0: 0: 0
2026-03-20 13:09:07,969 - isca - DEBUG - Integration completed through    5 Feb 14   0: 0: 0
2026-03-20 13:09:35,203 - isca - DEBUG - Integration completed through    5 Feb 15   0: 0: 0
2026-03-20 13:10:02,605 - isca - DEBUG - Integration completed through    5 Feb 16   0: 0: 0
2026-03-20 13:10:30,137 - isca - DEBUG - Integration completed through    5 Feb 17   0: 0: 0
2026-03-20 13:10:57,760 - isca - DEBUG - Integration completed through    5 Feb 18   0: 0: 0
2026-03-20 13:11:25,412 - isca - DEBUG - Integration completed through    5 Feb 19   0: 0: 0
2026-03-20 13:11:53,058 - isca - DEBUG - Integration completed through    5 Feb 20   0: 0: 0
2026-03-20 13:12:20,493 - isca - DEBUG - Integration completed through    5 Feb 21   0: 0: 0
2026-03-20 13:12:47,856 - isca - DEBUG - Integration completed through    5 Feb 22   0: 0: 0
2026-03-20 13:13:15,284 - isca - DEBUG - Integration completed through    5 Feb 23   0: 0: 0
2026-03-20 13:13:42,995 - isca - DEBUG - Integration completed through    5 Feb 24   0: 0: 0
2026-03-20 13:14:10,789 - isca - DEBUG - Integration completed through    5 Feb 25   0: 0: 0
2026-03-20 13:14:38,534 - isca - DEBUG - Integration completed through    5 Feb 26   0: 0: 0
2026-03-20 13:15:06,240 - isca - DEBUG - Integration completed through    5 Feb 27   0: 0: 0
2026-03-20 13:15:33,776 - isca - DEBUG - Integration completed through    5 Feb 28   0: 0: 0
2026-03-20 13:16:01,230 - isca - DEBUG - Integration completed through    5 Feb 29   0: 0: 0
2026-03-20 13:16:28,717 - isca - DEBUG - Integration completed through    5 Feb 30   0: 0: 0
2026-03-20 13:16:56,428 - isca - DEBUG - Integration completed through    5 Mar  1   0: 0: 0
2026-03-20 13:16:56,435 - isca - DEBUG - 
2026-03-20 13:16:56,435 - isca - WARNING - WARNING from PE    0: diag_util_mod::opening_file: module/field_name (socrates/soc_toa_sw_down_clr) NOT registered
2026-03-20 13:16:56,435 - isca - DEBUG - 
2026-03-20 13:16:56,435 - isca - DEBUG - 
2026-03-20 13:16:56,435 - isca - WARNING - WARNING from PE    0: diag_util_mod::opening_file: module/field_name (cloud_simple/rh_min) NOT registered
2026-03-20 13:16:56,435 - isca - DEBUG - 
2026-03-20 13:16:56,435 - isca - DEBUG - 
2026-03-20 13:16:56,435 - isca - WARNING - WARNING from PE    0: diag_util_mod::opening_file: module/field_name (socrates/soc_toa_sw_down_clr) NOT registered
2026-03-20 13:16:56,435 - isca - DEBUG - 
2026-03-20 13:16:56,435 - isca - DEBUG - 
2026-03-20 13:16:56,436 - isca - WARNING - WARNING from PE    0: diag_util_mod::opening_file: module/field_name (cloud_simple/rh_min) NOT registered
2026-03-20 13:16:56,436 - isca - DEBUG - 
2026-03-20 13:16:56,446 - isca - DEBUG - NOTE from PE    0: MPP_IO_SET_STACK_SIZE: stack size set to     393216.
2026-03-20 13:16:56,547 - isca - DEBUG - MPP_DOMAINS_STACK high water mark=       49152
2026-03-20 13:16:56,547 - isca - DEBUG - 
2026-03-20 13:16:56,547 - isca - DEBUG - Tabulating mpp_clock statistics across     16 PEs...
2026-03-20 13:16:56,547 - isca - DEBUG - 
2026-03-20 13:16:56,547 - isca - DEBUG - tmin          tmax          tavg          tstd  tfrac grain pemin pemax
2026-03-20 13:16:56,547 - isca - DEBUG - Total runtime                       825.961882    825.966923    825.964421      0.001465  1.000     0     0    15
2026-03-20 13:16:56,547 - isca - DEBUG - MPP_STACK high water mark=           0
2026-03-20 13:16:56,646 - isca - INFO - Run 50 complete
2026-03-20 13:16:57,560 - isca - DEBUG - atmos_monthly.nc combined and copied to data directory
2026-03-20 13:17:00,785 - isca - INFO - Restart archive created at /proj/bolinc/users/x_ryabo/Isca-Ryan_outputs/Earth_1860/restarts/res0050.tar.gz
2026-03-20 13:17:00,799 - isca - INFO - Writing namelist to '/proj/bolinc/users/x_ryabo/Isca-Ryan_outputs/Earth_1860/run0050/input.nml'
2026-03-20 13:17:00,801 - isca - INFO - Writing field_table to '/proj/bolinc/users/x_ryabo/Isca-Ryan_outputs/Earth_1860/run0050/field_table'
2026-03-20 13:17:00,812 - isca - INFO - Writing diag_table to '/proj/bolinc/users/x_ryabo/Isca-Ryan_outputs/Earth_1860/run0050/diag_table'
2026-03-20 13:17:01,170 - isca - INFO - Emptied run directory '/home/x_ryabo/Isca-Ryan_tmp/experiment/Earth_1860/run'
2026-03-20 13:17:01,191 - isca - INFO - Emptied run directory '/home/x_ryabo/Isca-Ryan_tmp/experiment/Earth_1860/run'
2026-03-20 13:17:01,518 - isca - INFO - Writing namelist to '/home/x_ryabo/Isca-Ryan_tmp/experiment/Earth_1860/run/input.nml'
2026-03-20 13:17:01,520 - isca - INFO - Writing field_table to '/home/x_ryabo/Isca-Ryan_tmp/experiment/Earth_1860/run/field_table'
2026-03-20 13:17:01,536 - isca - INFO - Writing diag_table to '/home/x_ryabo/Isca-Ryan_tmp/experiment/Earth_1860/run/diag_table'
2026-03-20 13:17:01,553 - isca - INFO - Using restart file '/proj/bolinc/users/x_ryabo/Isca-Ryan_outputs/Earth_1860/restarts/res0050.tar.gz'
2026-03-20 13:17:01,966 - isca - INFO - Restart /proj/bolinc/users/x_ryabo/Isca-Ryan_outputs/Earth_1860/restarts/res0050.tar.gz extracted to /home/x_ryabo/Isca-Ryan_tmp/experiment/Earth_1860/run/INPUT
2026-03-20 13:17:01,966 - isca - INFO - Beginning run 51
2026-03-20 13:17:01,978 - isca - INFO - process running as 103618
2026-03-20 13:17:01,979 - isca - DEBUG - loadmodules for Isca on NSC cluster Tetralith
2026-03-20 13:17:01,979 - isca - DEBUG - mpiifort
2026-03-20 13:17:02,091 - isca - DEBUG - The following modules were not unloaded:
2026-03-20 13:17:02,091 - isca - DEBUG - (Use "module --force purge" to unload all):
2026-03-20 13:17:02,091 - isca - DEBUG - 
2026-03-20 13:17:02,091 - isca - DEBUG - 1) hpc/.1.10.1
2026-03-20 13:17:02,195 - isca - DEBUG - ***************************************************
2026-03-20 13:17:02,196 - isca - DEBUG - You have loaded a buildenv module
2026-03-20 13:17:02,196 - isca - DEBUG - ***************************************************
2026-03-20 13:17:02,196 - isca - DEBUG - The buldenv-intel module makes available:
2026-03-20 13:17:02,196 - isca - DEBUG - - Compilers: icc, ifort, etc.
2026-03-20 13:17:02,196 - isca - DEBUG - - Mpi library with mpi-wrapped compilers: intel mpi with mpicc, mpifort, etc.
2026-03-20 13:17:02,196 - isca - DEBUG - - Numerical libraries: intel MKL
2026-03-20 13:17:02,196 - isca - DEBUG - 
2026-03-20 13:17:02,196 - isca - DEBUG - It also makes a set of dependency library modules available via
2026-03-20 13:17:02,196 - isca - DEBUG - the regular module command. Just do:
2026-03-20 13:17:02,196 - isca - DEBUG - module avail
2026-03-20 13:17:02,196 - isca - DEBUG - to see what is available.
2026-03-20 13:17:02,196 - isca - DEBUG - 
2026-03-20 13:17:02,196 - isca - DEBUG - NOTE: You shoud never load build environments inside submitted jobs.
2026-03-20 13:17:02,196 - isca - DEBUG - (with the single exception of when using supercomputer time to compile code.)
2026-03-20 13:17:02,196 - isca - DEBUG - 
2026-03-20 13:17:03,403 - isca - DEBUG - NOTE from PE    0: MPP_DOMAINS_SET_STACK_SIZE: stack size set to    32768.
2026-03-20 13:17:03,403 - isca - DEBUG - &MPP_IO_NML
2026-03-20 13:17:03,403 - isca - DEBUG - HEADER_BUFFER_VAL       =       16384,
2026-03-20 13:17:03,403 - isca - DEBUG - GLOBAL_FIELD_ON_ROOT_PE = T,
2026-03-20 13:17:03,404 - isca - DEBUG - IO_CLOCKS_ON    = F,
2026-03-20 13:17:03,404 - isca - DEBUG - SHUFFLE =           0,
2026-03-20 13:17:03,404 - isca - DEBUG - DEFLATE_LEVEL   =          -1
2026-03-20 13:17:03,404 - isca - DEBUG - /
2026-03-20 13:17:03,405 - isca - DEBUG - NOTE from PE    0: MPP_IO_SET_STACK_SIZE: stack size set to     131072.
2026-03-20 13:17:03,406 - isca - DEBUG - NOTE from PE    0: MPP_DOMAINS_SET_STACK_SIZE: stack size set to   600000.
2026-03-20 13:17:03,413 - isca - DEBUG - starting            1  OpenMP threads per MPI-task
2026-03-20 13:17:03,414 - isca - DEBUG - ATMOS MODEL DOMAIN DECOMPOSITION
2026-03-20 13:17:03,414 - isca - DEBUG - X-AXIS =  128
2026-03-20 13:17:03,415 - isca - DEBUG - Y-AXIS =    4   4   4   4   4   4   4   4   4   4   4   4   4   4   4   4
2026-03-20 13:17:03,464 - isca - DEBUG - NOTE from PE    0: cloud_simple: Using SimCloud cloud scheme
2026-03-20 13:17:03,465 - isca - DEBUG - NOTE from PE    0: ls_cloud: Using Sundqvist (1989) cloud fraction diagnostic formula.
2026-03-20 13:17:03,466 - isca - DEBUG - NOTE from PE    0: cloud_cover: The cloud overlap assumption is MAXIMUM-RANDOM
2026-03-20 13:17:03,466 - isca - DEBUG - NOTE from PE    0: idealized_moist_phys: Using Frierson Quasi-Equilibrium convection scheme.
2026-03-20 13:17:03,475 - isca - DEBUG - 
2026-03-20 13:17:03,475 - isca - WARNING - WARNING from PE    0: socrates_init: lw_hires_spectral_filename is unset, making equal to lw_spectral_filename
2026-03-20 13:17:03,475 - isca - DEBUG - 
2026-03-20 13:17:03,475 - isca - DEBUG - 
2026-03-20 13:17:03,475 - isca - WARNING - WARNING from PE    0: socrates_init: lw_hires_spectral_filename is unset, making equal to lw_spectral_filename
2026-03-20 13:17:03,475 - isca - DEBUG - 
2026-03-20 13:17:03,475 - isca - DEBUG - 
2026-03-20 13:17:03,475 - isca - WARNING - WARNING from PE    0: socrates_init: sw_hires_spectral_filename is unset, making equal to sw_spectral_filename
2026-03-20 13:17:03,475 - isca - DEBUG - 
2026-03-20 13:17:03,475 - isca - DEBUG - 
2026-03-20 13:17:03,475 - isca - WARNING - WARNING from PE    0: socrates_init: sw_hires_spectral_filename is unset, making equal to sw_spectral_filename
2026-03-20 13:17:03,475 - isca - DEBUG - 
2026-03-20 13:17:04,594 - isca - DEBUG - NOTE from PE    0: Interpolator: Using input file with no time dimension - ozone_1990_notime_zero.nc
2026-03-20 13:17:04,594 - isca - DEBUG - Initializing src field : ozone_1990
2026-03-20 13:17:04,595 - isca - DEBUG - 
2026-03-20 13:17:04,595 - isca - DEBUG - -----------------------------------
2026-03-20 13:17:04,595 - isca - DEBUG - ____                       _
2026-03-20 13:17:04,595 - isca - DEBUG - / ___|  ___   ___ _ __ __ _| |_ ___  ___
2026-03-20 13:17:04,595 - isca - DEBUG - \___ \ / _ \ / __|  __/ _` | __/ _ \/ __|
2026-03-20 13:17:04,595 - isca - DEBUG - ___) | (_) | (__| | | (_| | ||  __/\__ \
2026-03-20 13:17:04,595 - isca - DEBUG - |____/ \___/ \___|_|  \__,_|\__\___||___/
2026-03-20 13:17:04,596 - isca - DEBUG - 
2026-03-20 13:17:04,596 - isca - DEBUG - Initialised Socrates v17.03
2026-03-20 13:17:04,596 - isca - DEBUG - Stellar constant =    1860.00000000000
2026-03-20 13:17:04,596 - isca - DEBUG - Longwave spectral file =
2026-03-20 13:17:04,596 - isca - DEBUG - /proj/bolinc/users/x_ryabo/socrates_edited_for_isca/spectral_files_for_GCMs/Sun
2026-03-20 13:17:04,596 - isca - DEBUG - /miniSuran_lw.sf WITH           16  bands
2026-03-20 13:17:04,596 - isca - DEBUG - Longwave hires spectral file =
2026-03-20 13:17:04,596 - isca - DEBUG - /proj/bolinc/users/x_ryabo/socrates_edited_for_isca/spectral_files_for_GCMs/Sun
2026-03-20 13:17:04,596 - isca - DEBUG - /miniSuran_lw.sf WITH           16  bands
2026-03-20 13:17:04,596 - isca - DEBUG - Shortwave spectral file =
2026-03-20 13:17:04,596 - isca - DEBUG - /proj/bolinc/users/x_ryabo/socrates_edited_for_isca/spectral_files_for_GCMs/Sun
2026-03-20 13:17:04,596 - isca - DEBUG - /miniSuran_sw.sf WITH           16  bands
2026-03-20 13:17:04,596 - isca - DEBUG - Shortwave hires spectral file =
2026-03-20 13:17:04,596 - isca - DEBUG - /proj/bolinc/users/x_ryabo/socrates_edited_for_isca/spectral_files_for_GCMs/Sun
2026-03-20 13:17:04,596 - isca - DEBUG - /miniSuran_sw.sf WITH           16  bands
2026-03-20 13:17:04,596 - isca - DEBUG - 
2026-03-20 13:17:04,596 - isca - DEBUG - -----------------------------------
2026-03-20 13:17:04,596 - isca - DEBUG - 
2026-03-20 13:17:32,541 - isca - DEBUG - Integration completed through    5 Mar  2   0: 0: 0
2026-03-20 13:18:00,415 - isca - DEBUG - Integration completed through    5 Mar  3   0: 0: 0
2026-03-20 13:18:28,183 - isca - DEBUG - Integration completed through    5 Mar  4   0: 0: 0
2026-03-20 13:18:55,677 - isca - DEBUG - Integration completed through    5 Mar  5   0: 0: 0
2026-03-20 13:19:23,227 - isca - DEBUG - Integration completed through    5 Mar  6   0: 0: 0
2026-03-20 13:19:50,869 - isca - DEBUG - Integration completed through    5 Mar  7   0: 0: 0
2026-03-20 13:20:18,603 - isca - DEBUG - Integration completed through    5 Mar  8   0: 0: 0
2026-03-20 13:20:46,287 - isca - DEBUG - Integration completed through    5 Mar  9   0: 0: 0
2026-03-20 13:21:14,055 - isca - DEBUG - Integration completed through    5 Mar 10   0: 0: 0
2026-03-20 13:21:41,595 - isca - DEBUG - Integration completed through    5 Mar 11   0: 0: 0
2026-03-20 13:22:09,031 - isca - DEBUG - Integration completed through    5 Mar 12   0: 0: 0
2026-03-20 13:22:36,516 - isca - DEBUG - Integration completed through    5 Mar 13   0: 0: 0
2026-03-20 13:23:04,230 - isca - DEBUG - Integration completed through    5 Mar 14   0: 0: 0
2026-03-20 13:23:31,940 - isca - DEBUG - Integration completed through    5 Mar 15   0: 0: 0
2026-03-20 13:23:59,784 - isca - DEBUG - Integration completed through    5 Mar 16   0: 0: 0
2026-03-20 13:24:27,454 - isca - DEBUG - Integration completed through    5 Mar 17   0: 0: 0
2026-03-20 13:24:54,916 - isca - DEBUG - Integration completed through    5 Mar 18   0: 0: 0
2026-03-20 13:25:22,420 - isca - DEBUG - Integration completed through    5 Mar 19   0: 0: 0
2026-03-20 13:25:50,097 - isca - DEBUG - Integration completed through    5 Mar 20   0: 0: 0
2026-03-20 13:26:17,986 - isca - DEBUG - Integration completed through    5 Mar 21   0: 0: 0
2026-03-20 13:26:45,774 - isca - DEBUG - Integration completed through    5 Mar 22   0: 0: 0
2026-03-20 13:27:13,518 - isca - DEBUG - Integration completed through    5 Mar 23   0: 0: 0
2026-03-20 13:27:41,129 - isca - DEBUG - Integration completed through    5 Mar 24   0: 0: 0
2026-03-20 13:28:08,533 - isca - DEBUG - Integration completed through    5 Mar 25   0: 0: 0
2026-03-20 13:28:35,946 - isca - DEBUG - Integration completed through    5 Mar 26   0: 0: 0
2026-03-20 13:29:03,406 - isca - DEBUG - Integration completed through    5 Mar 27   0: 0: 0
2026-03-20 13:29:31,028 - isca - DEBUG - Integration completed through    5 Mar 28   0: 0: 0
2026-03-20 13:29:58,722 - isca - DEBUG - Integration completed through    5 Mar 29   0: 0: 0
2026-03-20 13:30:26,363 - isca - DEBUG - Integration completed through    5 Mar 30   0: 0: 0
2026-03-20 13:30:53,868 - isca - DEBUG - Integration completed through    5 Apr  1   0: 0: 0
2026-03-20 13:30:53,876 - isca - DEBUG - 
2026-03-20 13:30:53,876 - isca - WARNING - WARNING from PE    0: diag_util_mod::opening_file: module/field_name (socrates/soc_toa_sw_down_clr) NOT registered
2026-03-20 13:30:53,876 - isca - DEBUG - 
2026-03-20 13:30:53,876 - isca - DEBUG - 
2026-03-20 13:30:53,876 - isca - WARNING - WARNING from PE    0: diag_util_mod::opening_file: module/field_name (cloud_simple/rh_min) NOT registered
2026-03-20 13:30:53,876 - isca - DEBUG - 
2026-03-20 13:30:53,876 - isca - DEBUG - 
2026-03-20 13:30:53,876 - isca - WARNING - WARNING from PE    0: diag_util_mod::opening_file: module/field_name (socrates/soc_toa_sw_down_clr) NOT registered
2026-03-20 13:30:53,876 - isca - DEBUG - 
2026-03-20 13:30:53,876 - isca - DEBUG - 
2026-03-20 13:30:53,876 - isca - WARNING - WARNING from PE    0: diag_util_mod::opening_file: module/field_name (cloud_simple/rh_min) NOT registered
2026-03-20 13:30:53,876 - isca - DEBUG - 
2026-03-20 13:30:53,886 - isca - DEBUG - NOTE from PE    0: MPP_IO_SET_STACK_SIZE: stack size set to     393216.
2026-03-20 13:30:54,043 - isca - DEBUG - MPP_DOMAINS_STACK high water mark=       49152
2026-03-20 13:30:54,043 - isca - DEBUG - 
2026-03-20 13:30:54,043 - isca - DEBUG - Tabulating mpp_clock statistics across     16 PEs...
2026-03-20 13:30:54,043 - isca - DEBUG - 
2026-03-20 13:30:54,043 - isca - DEBUG - tmin          tmax          tavg          tstd  tfrac grain pemin pemax
2026-03-20 13:30:54,043 - isca - DEBUG - Total runtime                       830.637710    830.642632    830.640480      0.001514  1.000     0     0    15
2026-03-20 13:30:54,043 - isca - DEBUG - MPP_STACK high water mark=           0
2026-03-20 13:30:54,152 - isca - INFO - Run 51 complete
2026-03-20 13:30:55,044 - isca - DEBUG - atmos_monthly.nc combined and copied to data directory
2026-03-20 13:30:58,286 - isca - INFO - Restart archive created at /proj/bolinc/users/x_ryabo/Isca-Ryan_outputs/Earth_1860/restarts/res0051.tar.gz
2026-03-20 13:30:58,298 - isca - INFO - Writing namelist to '/proj/bolinc/users/x_ryabo/Isca-Ryan_outputs/Earth_1860/run0051/input.nml'
2026-03-20 13:30:58,300 - isca - INFO - Writing field_table to '/proj/bolinc/users/x_ryabo/Isca-Ryan_outputs/Earth_1860/run0051/field_table'
2026-03-20 13:30:58,312 - isca - INFO - Writing diag_table to '/proj/bolinc/users/x_ryabo/Isca-Ryan_outputs/Earth_1860/run0051/diag_table'
2026-03-20 13:30:58,901 - isca - INFO - Emptied run directory '/home/x_ryabo/Isca-Ryan_tmp/experiment/Earth_1860/run'
2026-03-20 13:30:58,921 - isca - INFO - Emptied run directory '/home/x_ryabo/Isca-Ryan_tmp/experiment/Earth_1860/run'
2026-03-20 13:30:59,249 - isca - INFO - Writing namelist to '/home/x_ryabo/Isca-Ryan_tmp/experiment/Earth_1860/run/input.nml'
2026-03-20 13:30:59,251 - isca - INFO - Writing field_table to '/home/x_ryabo/Isca-Ryan_tmp/experiment/Earth_1860/run/field_table'
2026-03-20 13:30:59,264 - isca - INFO - Writing diag_table to '/home/x_ryabo/Isca-Ryan_tmp/experiment/Earth_1860/run/diag_table'
2026-03-20 13:30:59,278 - isca - INFO - Using restart file '/proj/bolinc/users/x_ryabo/Isca-Ryan_outputs/Earth_1860/restarts/res0051.tar.gz'
2026-03-20 13:30:59,688 - isca - INFO - Restart /proj/bolinc/users/x_ryabo/Isca-Ryan_outputs/Earth_1860/restarts/res0051.tar.gz extracted to /home/x_ryabo/Isca-Ryan_tmp/experiment/Earth_1860/run/INPUT
2026-03-20 13:30:59,688 - isca - INFO - Beginning run 52
2026-03-20 13:30:59,704 - isca - INFO - process running as 104448
2026-03-20 13:30:59,704 - isca - DEBUG - loadmodules for Isca on NSC cluster Tetralith
2026-03-20 13:30:59,704 - isca - DEBUG - mpiifort
2026-03-20 13:30:59,818 - isca - DEBUG - The following modules were not unloaded:
2026-03-20 13:30:59,818 - isca - DEBUG - (Use "module --force purge" to unload all):
2026-03-20 13:30:59,819 - isca - DEBUG - 
2026-03-20 13:30:59,819 - isca - DEBUG - 1) hpc/.1.10.1
2026-03-20 13:30:59,920 - isca - DEBUG - ***************************************************
2026-03-20 13:30:59,920 - isca - DEBUG - You have loaded a buildenv module
2026-03-20 13:30:59,920 - isca - DEBUG - ***************************************************
2026-03-20 13:30:59,920 - isca - DEBUG - The buldenv-intel module makes available:
2026-03-20 13:30:59,920 - isca - DEBUG - - Compilers: icc, ifort, etc.
2026-03-20 13:30:59,920 - isca - DEBUG - - Mpi library with mpi-wrapped compilers: intel mpi with mpicc, mpifort, etc.
2026-03-20 13:30:59,920 - isca - DEBUG - - Numerical libraries: intel MKL
2026-03-20 13:30:59,921 - isca - DEBUG - 
2026-03-20 13:30:59,921 - isca - DEBUG - It also makes a set of dependency library modules available via
2026-03-20 13:30:59,921 - isca - DEBUG - the regular module command. Just do:
2026-03-20 13:30:59,921 - isca - DEBUG - module avail
2026-03-20 13:30:59,921 - isca - DEBUG - to see what is available.
2026-03-20 13:30:59,921 - isca - DEBUG - 
2026-03-20 13:30:59,921 - isca - DEBUG - NOTE: You shoud never load build environments inside submitted jobs.
2026-03-20 13:30:59,921 - isca - DEBUG - (with the single exception of when using supercomputer time to compile code.)
2026-03-20 13:30:59,921 - isca - DEBUG - 
2026-03-20 13:31:01,110 - isca - DEBUG - NOTE from PE    0: MPP_DOMAINS_SET_STACK_SIZE: stack size set to    32768.
2026-03-20 13:31:01,110 - isca - DEBUG - &MPP_IO_NML
2026-03-20 13:31:01,110 - isca - DEBUG - HEADER_BUFFER_VAL       =       16384,
2026-03-20 13:31:01,110 - isca - DEBUG - GLOBAL_FIELD_ON_ROOT_PE = T,
2026-03-20 13:31:01,110 - isca - DEBUG - IO_CLOCKS_ON    = F,
2026-03-20 13:31:01,110 - isca - DEBUG - SHUFFLE =           0,
2026-03-20 13:31:01,110 - isca - DEBUG - DEFLATE_LEVEL   =          -1
2026-03-20 13:31:01,110 - isca - DEBUG - /
2026-03-20 13:31:01,112 - isca - DEBUG - NOTE from PE    0: MPP_IO_SET_STACK_SIZE: stack size set to     131072.
2026-03-20 13:31:01,112 - isca - DEBUG - NOTE from PE    0: MPP_DOMAINS_SET_STACK_SIZE: stack size set to   600000.
2026-03-20 13:31:01,119 - isca - DEBUG - starting            1  OpenMP threads per MPI-task
2026-03-20 13:31:01,121 - isca - DEBUG - ATMOS MODEL DOMAIN DECOMPOSITION
2026-03-20 13:31:01,121 - isca - DEBUG - X-AXIS =  128
2026-03-20 13:31:01,121 - isca - DEBUG - Y-AXIS =    4   4   4   4   4   4   4   4   4   4   4   4   4   4   4   4
2026-03-20 13:31:01,172 - isca - DEBUG - NOTE from PE    0: cloud_simple: Using SimCloud cloud scheme
2026-03-20 13:31:01,173 - isca - DEBUG - NOTE from PE    0: ls_cloud: Using Sundqvist (1989) cloud fraction diagnostic formula.
2026-03-20 13:31:01,173 - isca - DEBUG - NOTE from PE    0: cloud_cover: The cloud overlap assumption is MAXIMUM-RANDOM
2026-03-20 13:31:01,174 - isca - DEBUG - NOTE from PE    0: idealized_moist_phys: Using Frierson Quasi-Equilibrium convection scheme.
2026-03-20 13:31:01,182 - isca - DEBUG - 
2026-03-20 13:31:01,182 - isca - WARNING - WARNING from PE    0: socrates_init: lw_hires_spectral_filename is unset, making equal to lw_spectral_filename
2026-03-20 13:31:01,182 - isca - DEBUG - 
2026-03-20 13:31:01,182 - isca - DEBUG - 
2026-03-20 13:31:01,182 - isca - WARNING - WARNING from PE    0: socrates_init: lw_hires_spectral_filename is unset, making equal to lw_spectral_filename
2026-03-20 13:31:01,182 - isca - DEBUG - 
2026-03-20 13:31:01,182 - isca - DEBUG - 
2026-03-20 13:31:01,182 - isca - WARNING - WARNING from PE    0: socrates_init: sw_hires_spectral_filename is unset, making equal to sw_spectral_filename
2026-03-20 13:31:01,182 - isca - DEBUG - 
2026-03-20 13:31:01,182 - isca - DEBUG - 
2026-03-20 13:31:01,183 - isca - WARNING - WARNING from PE    0: socrates_init: sw_hires_spectral_filename is unset, making equal to sw_spectral_filename
2026-03-20 13:31:01,183 - isca - DEBUG - 
2026-03-20 13:31:02,257 - isca - DEBUG - NOTE from PE    0: Interpolator: Using input file with no time dimension - ozone_1990_notime_zero.nc
2026-03-20 13:31:02,258 - isca - DEBUG - Initializing src field : ozone_1990
2026-03-20 13:31:02,259 - isca - DEBUG - 
2026-03-20 13:31:02,259 - isca - DEBUG - -----------------------------------
2026-03-20 13:31:02,260 - isca - DEBUG - ____                       _
2026-03-20 13:31:02,260 - isca - DEBUG - / ___|  ___   ___ _ __ __ _| |_ ___  ___
2026-03-20 13:31:02,260 - isca - DEBUG - \___ \ / _ \ / __|  __/ _` | __/ _ \/ __|
2026-03-20 13:31:02,260 - isca - DEBUG - ___) | (_) | (__| | | (_| | ||  __/\__ \
2026-03-20 13:31:02,260 - isca - DEBUG - |____/ \___/ \___|_|  \__,_|\__\___||___/
2026-03-20 13:31:02,260 - isca - DEBUG - 
2026-03-20 13:31:02,260 - isca - DEBUG - Initialised Socrates v17.03
2026-03-20 13:31:02,260 - isca - DEBUG - Stellar constant =    1860.00000000000
2026-03-20 13:31:02,260 - isca - DEBUG - Longwave spectral file =
2026-03-20 13:31:02,260 - isca - DEBUG - /proj/bolinc/users/x_ryabo/socrates_edited_for_isca/spectral_files_for_GCMs/Sun
2026-03-20 13:31:02,260 - isca - DEBUG - /miniSuran_lw.sf WITH           16  bands
2026-03-20 13:31:02,260 - isca - DEBUG - Longwave hires spectral file =
2026-03-20 13:31:02,260 - isca - DEBUG - /proj/bolinc/users/x_ryabo/socrates_edited_for_isca/spectral_files_for_GCMs/Sun
2026-03-20 13:31:02,260 - isca - DEBUG - /miniSuran_lw.sf WITH           16  bands
2026-03-20 13:31:02,260 - isca - DEBUG - Shortwave spectral file =
2026-03-20 13:31:02,260 - isca - DEBUG - /proj/bolinc/users/x_ryabo/socrates_edited_for_isca/spectral_files_for_GCMs/Sun
2026-03-20 13:31:02,260 - isca - DEBUG - /miniSuran_sw.sf WITH           16  bands
2026-03-20 13:31:02,260 - isca - DEBUG - Shortwave hires spectral file =
2026-03-20 13:31:02,260 - isca - DEBUG - /proj/bolinc/users/x_ryabo/socrates_edited_for_isca/spectral_files_for_GCMs/Sun
2026-03-20 13:31:02,260 - isca - DEBUG - /miniSuran_sw.sf WITH           16  bands
2026-03-20 13:31:02,260 - isca - DEBUG - 
2026-03-20 13:31:02,260 - isca - DEBUG - -----------------------------------
2026-03-20 13:31:02,260 - isca - DEBUG - 
2026-03-20 13:31:29,845 - isca - DEBUG - Integration completed through    5 Apr  2   0: 0: 0
2026-03-20 13:31:57,369 - isca - DEBUG - Integration completed through    5 Apr  3   0: 0: 0
2026-03-20 13:32:25,108 - isca - DEBUG - Integration completed through    5 Apr  4   0: 0: 0
2026-03-20 13:32:52,818 - isca - DEBUG - Integration completed through    5 Apr  5   0: 0: 0
2026-03-20 13:33:20,647 - isca - DEBUG - Integration completed through    5 Apr  6   0: 0: 0
2026-03-20 13:33:48,357 - isca - DEBUG - Integration completed through    5 Apr  7   0: 0: 0
2026-03-20 13:34:15,959 - isca - DEBUG - Integration completed through    5 Apr  8   0: 0: 0
2026-03-20 13:34:43,581 - isca - DEBUG - Integration completed through    5 Apr  9   0: 0: 0
2026-03-20 13:35:11,325 - isca - DEBUG - Integration completed through    5 Apr 10   0: 0: 0
2026-03-20 13:35:39,107 - isca - DEBUG - Integration completed through    5 Apr 11   0: 0: 0
2026-03-20 13:36:06,819 - isca - DEBUG - Integration completed through    5 Apr 12   0: 0: 0
2026-03-20 13:36:34,588 - isca - DEBUG - Integration completed through    5 Apr 13   0: 0: 0
2026-03-20 13:37:02,198 - isca - DEBUG - Integration completed through    5 Apr 14   0: 0: 0
2026-03-20 13:37:29,711 - isca - DEBUG - Integration completed through    5 Apr 15   0: 0: 0
2026-03-20 13:37:57,164 - isca - DEBUG - Integration completed through    5 Apr 16   0: 0: 0
2026-03-20 13:38:24,848 - isca - DEBUG - Integration completed through    5 Apr 17   0: 0: 0
2026-03-20 13:38:52,636 - isca - DEBUG - Integration completed through    5 Apr 18   0: 0: 0
2026-03-20 13:39:20,422 - isca - DEBUG - Integration completed through    5 Apr 19   0: 0: 0
2026-03-20 13:39:48,079 - isca - DEBUG - Integration completed through    5 Apr 20   0: 0: 0
2026-03-20 13:40:15,567 - isca - DEBUG - Integration completed through    5 Apr 21   0: 0: 0
2026-03-20 13:40:43,013 - isca - DEBUG - Integration completed through    5 Apr 22   0: 0: 0
2026-03-20 13:41:10,478 - isca - DEBUG - Integration completed through    5 Apr 23   0: 0: 0
2026-03-20 13:41:38,169 - isca - DEBUG - Integration completed through    5 Apr 24   0: 0: 0
2026-03-20 13:42:05,917 - isca - DEBUG - Integration completed through    5 Apr 25   0: 0: 0
2026-03-20 13:42:33,639 - isca - DEBUG - Integration completed through    5 Apr 26   0: 0: 0
2026-03-20 13:43:01,243 - isca - DEBUG - Integration completed through    5 Apr 27   0: 0: 0
2026-03-20 13:43:28,685 - isca - DEBUG - Integration completed through    5 Apr 28   0: 0: 0
2026-03-20 13:43:56,151 - isca - DEBUG - Integration completed through    5 Apr 29   0: 0: 0
2026-03-20 13:44:23,743 - isca - DEBUG - Integration completed through    5 Apr 30   0: 0: 0
2026-03-20 13:44:51,586 - isca - DEBUG - Integration completed through    5 May  1   0: 0: 0
2026-03-20 13:44:51,594 - isca - DEBUG - 
2026-03-20 13:44:51,594 - isca - WARNING - WARNING from PE    0: diag_util_mod::opening_file: module/field_name (socrates/soc_toa_sw_down_clr) NOT registered
2026-03-20 13:44:51,594 - isca - DEBUG - 
2026-03-20 13:44:51,594 - isca - DEBUG - 
2026-03-20 13:44:51,594 - isca - WARNING - WARNING from PE    0: diag_util_mod::opening_file: module/field_name (cloud_simple/rh_min) NOT registered
2026-03-20 13:44:51,594 - isca - DEBUG - 
2026-03-20 13:44:51,594 - isca - DEBUG - 
2026-03-20 13:44:51,594 - isca - WARNING - WARNING from PE    0: diag_util_mod::opening_file: module/field_name (socrates/soc_toa_sw_down_clr) NOT registered
2026-03-20 13:44:51,595 - isca - DEBUG - 
2026-03-20 13:44:51,595 - isca - DEBUG - 
2026-03-20 13:44:51,595 - isca - WARNING - WARNING from PE    0: diag_util_mod::opening_file: module/field_name (cloud_simple/rh_min) NOT registered
2026-03-20 13:44:51,595 - isca - DEBUG - 
2026-03-20 13:44:51,605 - isca - DEBUG - NOTE from PE    0: MPP_IO_SET_STACK_SIZE: stack size set to     393216.
2026-03-20 13:44:51,703 - isca - DEBUG - MPP_DOMAINS_STACK high water mark=       49152
2026-03-20 13:44:51,703 - isca - DEBUG - 
2026-03-20 13:44:51,704 - isca - DEBUG - Tabulating mpp_clock statistics across     16 PEs...
2026-03-20 13:44:51,704 - isca - DEBUG - 
2026-03-20 13:44:51,704 - isca - DEBUG - tmin          tmax          tavg          tstd  tfrac grain pemin pemax
2026-03-20 13:44:51,704 - isca - DEBUG - Total runtime                       830.591895    830.597184    830.594068      0.001394  1.000     0     0    15
2026-03-20 13:44:51,704 - isca - DEBUG - MPP_STACK high water mark=           0
2026-03-20 13:44:51,808 - isca - INFO - Run 52 complete
2026-03-20 13:44:52,828 - isca - DEBUG - atmos_monthly.nc combined and copied to data directory
2026-03-20 13:44:56,060 - isca - INFO - Restart archive created at /proj/bolinc/users/x_ryabo/Isca-Ryan_outputs/Earth_1860/restarts/res0052.tar.gz
2026-03-20 13:44:56,072 - isca - INFO - Writing namelist to '/proj/bolinc/users/x_ryabo/Isca-Ryan_outputs/Earth_1860/run0052/input.nml'
2026-03-20 13:44:56,074 - isca - INFO - Writing field_table to '/proj/bolinc/users/x_ryabo/Isca-Ryan_outputs/Earth_1860/run0052/field_table'
2026-03-20 13:44:56,086 - isca - INFO - Writing diag_table to '/proj/bolinc/users/x_ryabo/Isca-Ryan_outputs/Earth_1860/run0052/diag_table'
2026-03-20 13:44:56,442 - isca - INFO - Emptied run directory '/home/x_ryabo/Isca-Ryan_tmp/experiment/Earth_1860/run'
2026-03-20 13:44:56,463 - isca - INFO - Emptied run directory '/home/x_ryabo/Isca-Ryan_tmp/experiment/Earth_1860/run'
2026-03-20 13:44:56,789 - isca - INFO - Writing namelist to '/home/x_ryabo/Isca-Ryan_tmp/experiment/Earth_1860/run/input.nml'
2026-03-20 13:44:56,790 - isca - INFO - Writing field_table to '/home/x_ryabo/Isca-Ryan_tmp/experiment/Earth_1860/run/field_table'
2026-03-20 13:44:56,803 - isca - INFO - Writing diag_table to '/home/x_ryabo/Isca-Ryan_tmp/experiment/Earth_1860/run/diag_table'
2026-03-20 13:44:56,817 - isca - INFO - Using restart file '/proj/bolinc/users/x_ryabo/Isca-Ryan_outputs/Earth_1860/restarts/res0052.tar.gz'
2026-03-20 13:44:57,230 - isca - INFO - Restart /proj/bolinc/users/x_ryabo/Isca-Ryan_outputs/Earth_1860/restarts/res0052.tar.gz extracted to /home/x_ryabo/Isca-Ryan_tmp/experiment/Earth_1860/run/INPUT
2026-03-20 13:44:57,231 - isca - INFO - Beginning run 53
2026-03-20 13:44:57,242 - isca - INFO - process running as 105255
2026-03-20 13:44:57,243 - isca - DEBUG - loadmodules for Isca on NSC cluster Tetralith
2026-03-20 13:44:57,243 - isca - DEBUG - mpiifort
2026-03-20 13:44:57,356 - isca - DEBUG - The following modules were not unloaded:
2026-03-20 13:44:57,356 - isca - DEBUG - (Use "module --force purge" to unload all):
2026-03-20 13:44:57,356 - isca - DEBUG - 
2026-03-20 13:44:57,357 - isca - DEBUG - 1) hpc/.1.10.1
2026-03-20 13:44:57,459 - isca - DEBUG - ***************************************************
2026-03-20 13:44:57,459 - isca - DEBUG - You have loaded a buildenv module
2026-03-20 13:44:57,459 - isca - DEBUG - ***************************************************
2026-03-20 13:44:57,459 - isca - DEBUG - The buldenv-intel module makes available:
2026-03-20 13:44:57,459 - isca - DEBUG - - Compilers: icc, ifort, etc.
2026-03-20 13:44:57,460 - isca - DEBUG - - Mpi library with mpi-wrapped compilers: intel mpi with mpicc, mpifort, etc.
2026-03-20 13:44:57,460 - isca - DEBUG - - Numerical libraries: intel MKL
2026-03-20 13:44:57,460 - isca - DEBUG - 
2026-03-20 13:44:57,460 - isca - DEBUG - It also makes a set of dependency library modules available via
2026-03-20 13:44:57,460 - isca - DEBUG - the regular module command. Just do:
2026-03-20 13:44:57,460 - isca - DEBUG - module avail
2026-03-20 13:44:57,460 - isca - DEBUG - to see what is available.
2026-03-20 13:44:57,460 - isca - DEBUG - 
2026-03-20 13:44:57,460 - isca - DEBUG - NOTE: You shoud never load build environments inside submitted jobs.
2026-03-20 13:44:57,460 - isca - DEBUG - (with the single exception of when using supercomputer time to compile code.)
2026-03-20 13:44:57,460 - isca - DEBUG - 
2026-03-20 13:44:58,785 - isca - DEBUG - NOTE from PE    0: MPP_DOMAINS_SET_STACK_SIZE: stack size set to    32768.
2026-03-20 13:44:58,785 - isca - DEBUG - &MPP_IO_NML
2026-03-20 13:44:58,785 - isca - DEBUG - HEADER_BUFFER_VAL       =       16384,
2026-03-20 13:44:58,785 - isca - DEBUG - GLOBAL_FIELD_ON_ROOT_PE = T,
2026-03-20 13:44:58,785 - isca - DEBUG - IO_CLOCKS_ON    = F,
2026-03-20 13:44:58,785 - isca - DEBUG - SHUFFLE =           0,
2026-03-20 13:44:58,785 - isca - DEBUG - DEFLATE_LEVEL   =          -1
2026-03-20 13:44:58,785 - isca - DEBUG - /
2026-03-20 13:44:58,786 - isca - DEBUG - NOTE from PE    0: MPP_IO_SET_STACK_SIZE: stack size set to     131072.
2026-03-20 13:44:58,787 - isca - DEBUG - NOTE from PE    0: MPP_DOMAINS_SET_STACK_SIZE: stack size set to   600000.
2026-03-20 13:44:58,796 - isca - DEBUG - starting            1  OpenMP threads per MPI-task
2026-03-20 13:44:58,798 - isca - DEBUG - ATMOS MODEL DOMAIN DECOMPOSITION
2026-03-20 13:44:58,798 - isca - DEBUG - X-AXIS =  128
2026-03-20 13:44:58,798 - isca - DEBUG - Y-AXIS =    4   4   4   4   4   4   4   4   4   4   4   4   4   4   4   4
2026-03-20 13:44:58,850 - isca - DEBUG - NOTE from PE    0: cloud_simple: Using SimCloud cloud scheme
2026-03-20 13:44:58,851 - isca - DEBUG - NOTE from PE    0: ls_cloud: Using Sundqvist (1989) cloud fraction diagnostic formula.
2026-03-20 13:44:58,852 - isca - DEBUG - NOTE from PE    0: cloud_cover: The cloud overlap assumption is MAXIMUM-RANDOM
2026-03-20 13:44:58,852 - isca - DEBUG - NOTE from PE    0: idealized_moist_phys: Using Frierson Quasi-Equilibrium convection scheme.
2026-03-20 13:44:58,860 - isca - DEBUG - 
2026-03-20 13:44:58,860 - isca - WARNING - WARNING from PE    0: socrates_init: lw_hires_spectral_filename is unset, making equal to lw_spectral_filename
2026-03-20 13:44:58,860 - isca - DEBUG - 
2026-03-20 13:44:58,860 - isca - DEBUG - 
2026-03-20 13:44:58,860 - isca - WARNING - WARNING from PE    0: socrates_init: lw_hires_spectral_filename is unset, making equal to lw_spectral_filename
2026-03-20 13:44:58,860 - isca - DEBUG - 
2026-03-20 13:44:58,861 - isca - DEBUG - 
2026-03-20 13:44:58,861 - isca - WARNING - WARNING from PE    0: socrates_init: sw_hires_spectral_filename is unset, making equal to sw_spectral_filename
2026-03-20 13:44:58,861 - isca - DEBUG - 
2026-03-20 13:44:58,861 - isca - DEBUG - 
2026-03-20 13:44:58,861 - isca - WARNING - WARNING from PE    0: socrates_init: sw_hires_spectral_filename is unset, making equal to sw_spectral_filename
2026-03-20 13:44:58,861 - isca - DEBUG - 
2026-03-20 13:44:59,975 - isca - DEBUG - NOTE from PE    0: Interpolator: Using input file with no time dimension - ozone_1990_notime_zero.nc
2026-03-20 13:44:59,975 - isca - DEBUG - Initializing src field : ozone_1990
2026-03-20 13:44:59,977 - isca - DEBUG - 
2026-03-20 13:44:59,977 - isca - DEBUG - -----------------------------------
2026-03-20 13:44:59,977 - isca - DEBUG - ____                       _
2026-03-20 13:44:59,977 - isca - DEBUG - / ___|  ___   ___ _ __ __ _| |_ ___  ___
2026-03-20 13:44:59,977 - isca - DEBUG - \___ \ / _ \ / __|  __/ _` | __/ _ \/ __|
2026-03-20 13:44:59,977 - isca - DEBUG - ___) | (_) | (__| | | (_| | ||  __/\__ \
2026-03-20 13:44:59,977 - isca - DEBUG - |____/ \___/ \___|_|  \__,_|\__\___||___/
2026-03-20 13:44:59,977 - isca - DEBUG - 
2026-03-20 13:44:59,978 - isca - DEBUG - Initialised Socrates v17.03
2026-03-20 13:44:59,978 - isca - DEBUG - Stellar constant =    1860.00000000000
2026-03-20 13:44:59,978 - isca - DEBUG - Longwave spectral file =
2026-03-20 13:44:59,978 - isca - DEBUG - /proj/bolinc/users/x_ryabo/socrates_edited_for_isca/spectral_files_for_GCMs/Sun
2026-03-20 13:44:59,978 - isca - DEBUG - /miniSuran_lw.sf WITH           16  bands
2026-03-20 13:44:59,978 - isca - DEBUG - Longwave hires spectral file =
2026-03-20 13:44:59,978 - isca - DEBUG - /proj/bolinc/users/x_ryabo/socrates_edited_for_isca/spectral_files_for_GCMs/Sun
2026-03-20 13:44:59,978 - isca - DEBUG - /miniSuran_lw.sf WITH           16  bands
2026-03-20 13:44:59,978 - isca - DEBUG - Shortwave spectral file =
2026-03-20 13:44:59,978 - isca - DEBUG - /proj/bolinc/users/x_ryabo/socrates_edited_for_isca/spectral_files_for_GCMs/Sun
2026-03-20 13:44:59,978 - isca - DEBUG - /miniSuran_sw.sf WITH           16  bands
2026-03-20 13:44:59,978 - isca - DEBUG - Shortwave hires spectral file =
2026-03-20 13:44:59,978 - isca - DEBUG - /proj/bolinc/users/x_ryabo/socrates_edited_for_isca/spectral_files_for_GCMs/Sun
2026-03-20 13:44:59,978 - isca - DEBUG - /miniSuran_sw.sf WITH           16  bands
2026-03-20 13:44:59,978 - isca - DEBUG - 
2026-03-20 13:44:59,978 - isca - DEBUG - -----------------------------------
2026-03-20 13:44:59,978 - isca - DEBUG - 
2026-03-20 13:45:27,776 - isca - DEBUG - Integration completed through    5 May  2   0: 0: 0
2026-03-20 13:45:55,452 - isca - DEBUG - Integration completed through    5 May  3   0: 0: 0
2026-03-20 13:46:22,940 - isca - DEBUG - Integration completed through    5 May  4   0: 0: 0
2026-03-20 13:46:50,432 - isca - DEBUG - Integration completed through    5 May  5   0: 0: 0
2026-03-20 13:47:17,985 - isca - DEBUG - Integration completed through    5 May  6   0: 0: 0
2026-03-20 13:47:45,825 - isca - DEBUG - Integration completed through    5 May  7   0: 0: 0
2026-03-20 13:48:13,712 - isca - DEBUG - Integration completed through    5 May  8   0: 0: 0
2026-03-20 13:48:41,460 - isca - DEBUG - Integration completed through    5 May  9   0: 0: 0
2026-03-20 13:49:09,102 - isca - DEBUG - Integration completed through    5 May 10   0: 0: 0
2026-03-20 13:49:36,497 - isca - DEBUG - Integration completed through    5 May 11   0: 0: 0
2026-03-20 13:50:03,875 - isca - DEBUG - Integration completed through    5 May 12   0: 0: 0
2026-03-20 13:50:31,388 - isca - DEBUG - Integration completed through    5 May 13   0: 0: 0
2026-03-20 13:50:59,270 - isca - DEBUG - Integration completed through    5 May 14   0: 0: 0
2026-03-20 13:51:27,150 - isca - DEBUG - Integration completed through    5 May 15   0: 0: 0
2026-03-20 13:51:54,908 - isca - DEBUG - Integration completed through    5 May 16   0: 0: 0
2026-03-20 13:52:22,541 - isca - DEBUG - Integration completed through    5 May 17   0: 0: 0
2026-03-20 13:52:49,934 - isca - DEBUG - Integration completed through    5 May 18   0: 0: 0
2026-03-20 13:53:17,411 - isca - DEBUG - Integration completed through    5 May 19   0: 0: 0
2026-03-20 13:53:45,172 - isca - DEBUG - Integration completed through    5 May 20   0: 0: 0
2026-03-20 13:54:08,274 - isca - DEBUG - 
2026-03-20 13:54:08,274 - isca - DEBUG - FATAL from PE    8: lookup_es_0d_0d: saturation vapor pressure table overflow, nbad=      1
2026-03-20 13:54:08,274 - isca - DEBUG - 
2026-03-20 13:54:08,274 - isca - DEBUG - Abort(1) on node 8 (rank 8 in comm 0): application called MPI_Abort(MPI_COMM_WORLD, 1) - process 8
Exception in thread background thread for pid 105255:
Traceback (most recent call last):
  File "/proj/bolinc/users/x_ryabo/micromamba/envs/isca_env/lib/python3.9/threading.py", line 980, in _bootstrap_inner
    self.run()
  File "/proj/bolinc/users/x_ryabo/micromamba/envs/isca_env/lib/python3.9/threading.py", line 917, in run
    self._target(*self._args, **self._kwargs)
  File "/home/x_ryabo/.local/lib/python3.9/site-packages/sh.py", line 1639, in wrap
    fn(*rgs, **kwargs)
  File "/home/x_ryabo/.local/lib/python3.9/site-packages/sh.py", line 2641, in background_thread
    handle_exit_code(exit_code)
  File "/home/x_ryabo/.local/lib/python3.9/site-packages/sh.py", line 2332, in fn
    return self.command.handle_command_exit_code(exit_code)
  File "/home/x_ryabo/.local/lib/python3.9/site-packages/sh.py", line 826, in handle_command_exit_code
    raise exc
sh.ErrorReturnCode_1: 

  RAN: /usr/bin/bash /home/x_ryabo/Isca-Ryan_tmp/experiment/Earth_1860/run/run.sh

  STDOUT:


  STDERR:

2026-03-20 13:54:08,392 - isca - ERROR - Run 53 failed. See log for details.
2026-03-20 13:54:08,392 - isca - ERROR - Error: ErrorReturnCode_1('\n\n  RAN: /usr/bin/bash /home/x_ryabo/Isca-Ryan_tmp/experiment/Earth_1860/run/run.sh\n\n  STDOUT:\n\n\n  STDERR:\n')
Traceback (most recent call last):
  File "/home/x_ryabo/Isca-Ryan/src/extra/python/isca/experiment.py", line 284, in run
    proc.wait()
  File "/home/x_ryabo/.local/lib/python3.9/site-packages/sh.py", line 799, in wait
    self.handle_command_exit_code(exit_code)
  File "/home/x_ryabo/.local/lib/python3.9/site-packages/sh.py", line 826, in handle_command_exit_code
    raise exc
sh.ErrorReturnCode_1: 

  RAN: /usr/bin/bash /home/x_ryabo/Isca-Ryan_tmp/experiment/Earth_1860/run/run.sh

  STDOUT:


  STDERR:


During handling of the above exception, another exception occurred:

Traceback (most recent call last):
  File "/home/x_ryabo/Isca-Ryan/exp/Earth_1860/socrates_aquaplanet_cloud.py", line 448, in <module>
    exp.run(i, num_cores=NCORES, overwrite_data=overwrite)
  File "/home/x_ryabo/Isca-Ryan/src/extra/python/isca/helpers.py", line 22, in _destructive
    return fn(*args, **kwargs)
  File "/home/x_ryabo/Isca-Ryan/src/extra/python/isca/helpers.py", line 38, in _useworkdir
    return fn(*args, **kwargs)
  File "/home/x_ryabo/Isca-Ryan/src/extra/python/isca/experiment.py", line 298, in run
    raise FailedRunError()
isca.experiment.FailedRunError
